epoch,loss,skeleton,smooth,step,val_loss
0,0.28557348251342773,0.2375691682100296,3.406456414722925e-07,9,
0,0.25612854957580566,0.13141672313213348,6.733637292200001e-07,19,
0,0.20105183124542236,0.07961581647396088,9.079309961634863e-07,29,
0,,,,30,0.1906873881816864
1,0.14718791842460632,0.05593910813331604,1.0793004321385524e-06,39,
1,0.10809430480003357,0.02993493340909481,1.2129615925005055e-06,49,
1,0.0645991712808609,0.01723627559840679,1.2633851156351739e-06,59,
1,,,,61,0.05531873181462288
2,0.0398191437125206,0.01250661164522171,1.2926168437843444e-06,69,
2,0.03354247659444809,0.009300775825977325,1.3557122429119772e-06,79,
2,0.0307913888245821,0.007824265398085117,1.3301585113367764e-06,89,
2,,,,92,0.029479537159204483
3,0.02822134643793106,0.006798145826905966,1.4357810869114473e-06,99,
3,0.026667315512895584,0.006160241086035967,1.5347616226790706e-06,109,
3,0.022273223847150803,0.005694401916116476,1.6609328667982481e-06,119,
3,,,,123,0.021796993911266327
4,0.020600080490112305,0.005106453318148851,1.7437793076169328e-06,129,
4,0.018943483009934425,0.004851107019931078,1.8016467038250994e-06,139,
4,0.015284069813787937,0.004339428152889013,1.8632331375556532e-06,149,
4,,,,154,0.01549576036632061
5,0.014990647323429585,0.004158425610512495,1.841301923377614e-06,159,
5,0.012919310480356216,0.0038094993215054274,1.8879553635997581e-06,169,
5,0.011612332426011562,0.003500209888443351,1.9569954474718543e-06,179,
5,,,,185,0.010383703745901585
6,0.009937997907400131,0.003416732419282198,1.9607184640335618e-06,189,
6,0.008659581653773785,0.003162679960951209,1.9814303868770367e-06,199,
6,0.006771155167371035,0.0028941079508513212,1.9271928977104835e-06,209,
6,,,,216,0.0061255102045834064
7,0.006068047601729631,0.0026682002935558558,2.0627114736271324e-06,219,
7,0.0052665406838059425,0.0024817311204969883,2.032605380009045e-06,229,
7,0.004630059935152531,0.00232702842913568,2.092769364026026e-06,239,
7,,,,247,0.00421938207000494
8,0.004128267988562584,0.0021986893843859434,2.0964853320037946e-06,249,
8,0.003820842131972313,0.0020802265498787165,2.060095539491158e-06,259,
8,0.003557706717401743,0.001932761981151998,2.125585979229072e-06,269,
8,,,,278,0.003285715589299798
9,0.0032291621901094913,0.001841248944401741,2.0877566839772044e-06,279,
9,0.0030988561920821667,0.0017075486248359084,2.182092885050224e-06,289,
9,0.00290138041600585,0.0015345904976129532,2.254409992019646e-06,299,
9,0.0025218867231160402,0.0015448746271431446,1.4949835147604063e-08,309,
9,,,,309,0.002740699565038085
10,0.0025981906801462173,0.0014069137396290898,2.22003654926084e-06,319,
10,0.0024660974740982056,0.0013555731857195497,2.2123406324681127e-06,329,
10,0.002491807332262397,0.001329890568740666,2.2065028133511078e-06,339,
10,,,,340,0.0023830432910472155
11,0.002325151115655899,0.0012145249638706446,2.2572025955014396e-06,349,
11,0.00222323602065444,0.0011320817284286022,2.3118807348510018e-06,359,
11,0.0021426156163215637,0.0010487096151337028,2.3294981019716943e-06,369,
11,,,,371,0.002125754486769438
12,0.002061816630885005,0.0010336922714486718,2.2960261958360206e-06,379,
12,0.0019615429919213057,0.000902422412764281,2.342770130780991e-06,389,
12,0.0019409321248531342,0.0009339016978628933,2.3100701582734473e-06,399,
12,,,,402,0.001927076024003327
13,0.0018798514502122998,0.0008900739485397935,2.295203103130916e-06,409,
13,0.0018471966031938791,0.000849900592584163,2.3094028165360214e-06,419,
13,0.0017853750614449382,0.000788808916695416,2.3562897695228457e-06,429,
13,,,,433,0.0017665890045464039
14,0.0016942087095230818,0.0006934951525181532,2.3471952772524673e-06,439,
14,0.001630490878596902,0.0006932661635801196,2.296407046742388e-06,449,
14,0.0016140268417075276,0.0006357128149829805,2.2801455088483635e-06,459,
14,,,,464,0.0016329153440892696
15,0.0015725811244919896,0.0006444674800150096,2.3004813556326553e-06,469,
15,0.0015266247792169452,0.0006169771077111363,2.239589775854256e-06,479,
15,0.0015307418070733547,0.0005858046351931989,2.2188462480698945e-06,489,
15,,,,495,0.0015191755956038833
16,0.0015203225193545222,0.0006052142125554383,2.242390110041015e-06,499,
16,0.0014889863086864352,0.0005502721178345382,2.2295009785011644e-06,509,
16,0.0014259018935263157,0.000507205433677882,2.1702646790799918e-06,519,
16,,,,526,0.001420863438397646
17,0.0014158127596601844,0.0004639095568563789,2.168398623325629e-06,529,
17,0.001378780696541071,0.0004365168570075184,2.1440707769215805e-06,539,
17,0.0013434988213703036,0.00042356146150268614,2.138100853699143e-06,549,
17,,,,557,0.0013348987558856606
18,0.0013259395491331816,0.0004369021044112742,2.0700304048659746e-06,559,
18,0.0013070612912997603,0.00040660888771526515,2.132443114533089e-06,569,
18,0.0012832770589739084,0.00041439273627474904,2.0119566670473432e-06,579,
18,,,,588,0.0012590555706992745
19,0.0012329787714406848,0.00039779357030056417,2.0253967250027927e-06,589,
19,0.0012345436261966825,0.00036670296685770154,2.0404995666467585e-06,599,
19,0.001197965000756085,0.0003221997176297009,1.999783307837788e-06,609,
19,0.0010810941457748413,0.00028358877170830965,1.3207893445610353e-08,619,
19,,,,619,0.0011916582006961107
20,0.001162752159871161,0.0003380161651875824,1.8907063576989458e-06,629,
20,0.0011224925983697176,0.00034100734046660364,1.8224809537059627e-06,639,
20,0.0011736368760466576,0.00033356653875671327,1.8464980939825182e-06,649,
20,,,,650,0.001131411292590201
21,0.0011203084141016006,0.0003059482842218131,1.800997551981709e-06,659,
21,0.0011004154803231359,0.00028515871963463724,1.8196941482528928e-06,669,
21,0.0010705403983592987,0.00027381620020605624,1.7361877553412342e-06,679,
21,,,,681,0.0010772875975817442
22,0.0010432441486045718,0.0002824786934070289,1.6968145928331069e-06,689,
22,0.0010223687859252095,0.00024540701997466385,1.6398838624809287e-06,699,
22,0.001026036567054689,0.0002585943148005754,1.6517677750016446e-06,709,
22,,,,712,0.0010284635936841369
23,0.0010110413422808051,0.00027125710039399564,1.5885176480878727e-06,719,
23,0.0010096838232129812,0.00024891269276849926,1.5742390360173886e-06,729,
23,0.0009840859565883875,0.00024761748500168324,1.5738229421913275e-06,739,
23,,,,743,0.0009842702420428395
24,0.0009418142726644874,0.0002029168972512707,1.4748126204722212e-06,749,
24,0.0009302847902290523,0.00021052952797617763,1.4767186939934618e-06,759,
24,0.0009244781103916466,0.0002046001172857359,1.4254154621085036e-06,769,
24,,,,774,0.0009441570146009326
25,0.0009170681005343795,0.0002079858531942591,1.479035745433066e-06,779,
25,0.0009006564505398273,0.00020534468058031052,1.4160857517708791e-06,789,
25,0.0009059876319952309,0.00021932537492830306,1.3833684988640016e-06,799,
25,,,,805,0.0009076463175006211
26,0.0009116845321841538,0.00023119330580811948,1.4174926263876841e-06,809,
26,0.0009008842171169817,0.00019495922606438398,1.3762528396910056e-06,819,
26,0.000877562677487731,0.00018511488451622427,1.309884623879043e-06,829,
26,,,,836,0.000874306249897927
27,0.0008662258624099195,0.00018827704479917884,1.2878497273050016e-06,839,
27,0.0008592146332375705,0.00016358238644897938,1.2384632555040298e-06,849,
27,0.000840495340526104,0.00015752471517771482,1.2308328223298304e-06,859,
27,,,,867,0.0008437315700575709
28,0.0008418812067247927,0.00018319048103876412,1.2091742291886476e-06,869,
28,0.0008309580152854323,0.00015626283129677176,1.2411587704264093e-06,879,
28,0.0008274337160401046,0.00018403551075607538,1.204905288432201e-06,889,
28,,,,898,0.0008155723917298019
29,0.0007999526569619775,0.00017015941557474434,1.2069617696397472e-06,899,
29,0.0008028650772757828,0.00015414167137350887,1.170127461591619e-06,909,
29,0.0007859030738472939,0.0001414259895682335,1.1380486739653861e-06,919,
29,0.00072915741475299,8.577515109209344e-05,6.518943163058566e-09,929,
29,,,,929,0.0007895650924183428
30,0.0007755595725029707,0.00016254237561952323,1.1426595847296994e-06,939,
30,0.0007529487484134734,0.00016634271014481783,1.0865908279811265e-06,949,
30,0.0007906838436610997,0.00015432212967425585,1.1107960062872735e-06,959,
30,,,,960,0.0007655081572011113
31,0.0007597636431455612,0.00014585031021852046,1.0645934480635333e-06,969,
31,0.0007527890265919268,0.00013392568507697433,1.0708636182243936e-06,979,
31,0.0007343422621488571,0.0001370799873257056,1.0321824674974778e-06,989,
31,,,,991,0.0007432365673594177
32,0.0007174152997322381,0.0001425680093234405,1.0226619906461565e-06,999,
32,0.0007144481060095131,0.0001291873777518049,9.93179924080323e-07,1009,
32,0.0007152946782298386,0.00013032635615672916,9.859824103841675e-07,1019,
32,,,,1022,0.0007225862937048078
33,0.0007130092126317322,0.00014364962407853454,9.876974900180358e-07,1029,
33,0.0007168876472860575,0.00012994997086934745,9.571958798915148e-07,1039,
33,0.0006974195712246001,0.00013466557720676064,9.806576599658001e-07,1049,
33,,,,1053,0.0007033932488411665
34,0.0006747324368916452,0.00011124228331027552,8.907254596124403e-07,1059,
34,0.0006726114079356194,0.00011362859368091449,9.088839760806877e-07,1069,
34,0.0006691415328532457,0.00011781194916693494,9.022940616887354e-07,1079,
34,,,,1084,0.0006855049869045615
35,0.0006681739469058812,0.00011403357348171994,9.248227001990017e-07,1089,
35,0.0006588391261175275,0.0001123902402468957,8.869840826264408e-07,1099,
35,0.0006661191000603139,0.00012710360169876367,9.029330385601497e-07,1109,
35,,,,1115,0.0006687858258374035
36,0.0006734555354341865,0.0001314913824899122,9.23079198855703e-07,1119,
36,0.0006676710327155888,0.00010853965068235993,8.78967455264501e-07,1129,
36,0.0006574807339347899,0.00010887591633945704,8.452037718598149e-07,1139,
36,,,,1146,0.0006531173712573946
37,0.0006459641153924167,0.00011076618829974905,8.435170002485393e-07,1149,
37,0.0006481833988800645,9.681732626631856e-05,7.916186746115272e-07,1159,
37,0.0006337814265862107,9.036063420353457e-05,7.82045901814854e-07,1169,
37,,,,1177,0.0006383939180523157
38,0.000640341779217124,0.000108753600216005,8.025920124055119e-07,1179,
38,0.0006287892465479672,9.145897638518363e-05,7.88193688094907e-07,1189,
38,0.0006334175704978406,0.00011211350647499785,8.241427735811158e-07,1199,
38,,,,1208,0.0006245181430131197
39,0.0006138223106972873,0.00010000005568144843,7.930871674943774e-07,1209,
39,0.0006164964870549738,9.106085781240836e-05,7.575261520287313e-07,1219,
39,0.0006082254112698138,8.559843990951777e-05,7.451145620507305e-07,1229,
39,0.0005713225691579282,4.6116692828945816e-05,3.621448252388859e-09,1239,
39,,,,1239,0.0006114020361565053
40,0.0006023437017574906,9.848557965597138e-05,7.787721756358224e-07,1249,
40,0.000588107097428292,9.904024045681581e-05,7.306912834792456e-07,1259,
40,0.0006160364719107747,9.271539602195844e-05,7.50101094126876e-07,1269,
40,,,,1270,0.0005989709170535207
41,0.0005952870124019682,8.824554970487952e-05,7.163406507970649e-07,1279,
41,0.0005907784798182547,7.9095181718003e-05,7.063616749292123e-07,1289,
41,0.0005792484735138714,8.312705176649615e-05,6.935568421795324e-07,1299,
41,,,,1301,0.0005871662287972867
42,0.0005653977859765291,8.722524216864258e-05,6.968137427065813e-07,1309,
42,0.0005695077124983072,8.003130642464384e-05,6.890473969178856e-07,1319,
42,0.0005672426777891815,8.017263462534174e-05,6.615219945160788e-07,1329,
42,,,,1332,0.000575945305172354
43,0.0005693011917173862,8.666610665386543e-05,6.805021826039592e-07,1339,
43,0.0005741576896980405,8.075949153862894e-05,6.623731110266817e-07,1349,
43,0.0005576540715992451,8.362641528947279e-05,6.801281529078551e-07,1359,
43,,,,1363,0.000565268681384623
44,0.0005455224309116602,7.165017450461164e-05,6.2434492065222e-07,1369,
44,0.00054432253818959,7.07368235453032e-05,6.274221959756687e-07,1379,
44,0.000542511057574302,7.611844193888828e-05,6.449902798522089e-07,1389,
44,,,,1394,0.0005550888017751276
45,0.00054154172539711,7.076834299368784e-05,6.342702931760869e-07,1399,
45,0.0005343482480384409,6.980085890972987e-05,6.168337449707906e-07,1409,
45,0.0005445426795631647,7.861672202125192e-05,6.431492352021451e-07,1419,
45,,,,1425,0.0005453490884974599
46,0.0005505297449417412,8.038245869101956e-05,6.470537528002751e-07,1429,
46,0.0005466824513860047,6.781603588024154e-05,6.217744612513343e-07,1439,
46,0.0005414507468231022,7.137774809962139e-05,6.091698310228821e-07,1449,
46,,,,1456,0.0005359959905035794
47,0.000530100311152637,6.992211274337023e-05,6.030812755852821e-07,1459,
47,0.0005356712499633431,6.298551306826994e-05,5.686018198503007e-07,1469,
47,0.0005242120823822916,5.869937012903392e-05,5.62206821541622e-07,1479,
47,,,,1487,0.0005269866669550538
48,0.0005313971196301281,6.977783050388098e-05,5.864484364792588e-07,1489,
48,0.000519205117598176,5.912479173275642e-05,5.575575983129966e-07,1499,
48,0.0005261778132990003,7.317289419006556e-05,6.153949811960047e-07,1509,
48,,,,1518,0.0005182857275940478
49,0.0005106747266836464,6.43053135718219e-05,5.674224325957766e-07,1519,
49,0.0005122998845763505,5.933755528531037e-05,5.436934884528455e-07,1529,
49,0.0005097369430586696,5.5960455938475206e-05,5.403218779065355e-07,1539,
49,0.0004734000249300152,3.227579509257339e-05,2.5595148223089836e-09,1549,
49,,,,1549,0.000509859761223197
50,0.0005034325877204537,6.334906356642023e-05,5.724869538425992e-07,1559,
50,0.0004927812842652202,6.354032666422427e-05,5.327076451067114e-07,1569,
50,0.0005133434315212071,6.073364056646824e-05,5.528593192138942e-07,1579,
50,,,,1580,0.0005016756476834416
51,0.0004985647392459214,5.842462633154355e-05,5.274113163977745e-07,1589,
51,0.0004941286169923842,5.1206596253905445e-05,5.105752052259049e-07,1599,
51,0.0004867415700573474,5.462070839712396e-05,5.063583898845536e-07,1609,
51,,,,1611,0.0004937004996463656
52,0.0004745881597045809,5.737948231399059e-05,5.144925125932787e-07,1619,
52,0.0004811117541976273,5.2655290346592665e-05,5.189343710298999e-07,1629,
52,0.0004768234502989799,5.3830375691177323e-05,4.846588126383722e-07,1639,
52,,,,1642,0.00048590049846097827
53,0.0004807801451534033,5.659314410877414e-05,5.02866157603421e-07,1649,
53,0.00048452592454850674,5.449023956316523e-05,5.014084081267356e-07,1659,
53,0.0004697053518611938,5.604738908004947e-05,5.08868140514096e-07,1669,
53,,,,1673,0.0004782406613230705
54,0.0004632573400158435,5.070164843345992e-05,4.804358582077839e-07,1679,
54,0.000461936549982056,4.7899302444420755e-05,4.7056059315764287e-07,1689,
54,0.00046068255323916674,5.2423562010517344e-05,4.957097985425207e-07,1699,
54,,,,1704,0.0004706858308054507
55,0.00045876772492192686,4.800000897375867e-05,4.676747096254985e-07,1709,
55,0.00045183076872490346,4.8031371989054605e-05,4.684026180257206e-07,1719,
55,0.0004644729197025299,5.23709568369668e-05,4.913482030133309e-07,1729,
55,,,,1735,0.0004632024501916021
56,0.0004678776313085109,5.350300853024237e-05,4.853557697970245e-07,1739,
56,0.0004645141016226262,4.659853220800869e-05,4.784381530953397e-07,1749,
56,0.00046174105955287814,4.9900467274710536e-05,4.7245353584912664e-07,1759,
56,,,,1766,0.0004557613283395767
57,0.0004506945551838726,4.8652720579411834e-05,4.661324908283859e-07,1769,
57,0.0004561958194244653,4.5010609028395265e-05,4.4537242160913593e-07,1779,
57,0.000448538368800655,4.226539022056386e-05,4.464588414521131e-07,1789,
57,,,,1797,0.0004483445954974741
58,0.00045332955778576434,4.9201316869584844e-05,4.608762651514553e-07,1799,
58,0.0004413734714034945,4.1914579924196005e-05,4.301180354104872e-07,1809,
58,0.000447972328402102,5.1701801567105576e-05,4.903691319668724e-07,1819,
58,,,,1828,0.00044095522025600076
59,0.00043546545202843845,4.564164919429459e-05,4.4121352971160377e-07,1829,
59,0.00043548669782467186,4.2877298255916685e-05,4.2410357536937227e-07,1839,
59,0.000436065427493304,4.096054908586666e-05,4.259326260580565e-07,1849,
59,0.00039642647607252,2.6105853976332583e-05,2.252105613109734e-09,1859,
59,,,,1859,0.00043360606650821865
60,0.00042924514855258167,4.486555917537771e-05,4.5303303863875044e-07,1869,
60,0.0004192165797576308,4.54145047115162e-05,4.222660834329872e-07,1879,
60,0.0004341975727584213,4.3851989175891504e-05,4.4133111032351735e-07,1889,
60,,,,1890,0.0004263107548467815
61,0.0004224627045914531,4.3476229620864615e-05,4.192842482098058e-07,1899,
61,0.0004174226778559387,3.781064151553437e-05,4.038369070258341e-07,1909,
61,0.0004143294063396752,3.9488018956035376e-05,4.0210730389844684e-07,1919,
61,,,,1921,0.0004190665786154568
62,0.00040193236782215536,4.2166611819993705e-05,4.1156346242132713e-07,1929,
62,0.000409643049351871,3.8157824747031555e-05,4.2359175722594955e-07,1939,
62,0.00040512107079848647,3.934712367481552e-05,3.865236521960469e-07,1949,
62,,,,1952,0.0004118525830563158
63,0.0004072340962011367,4.2024734284495935e-05,4.025759778869542e-07,1959,
63,0.00041070481529459357,4.069874921697192e-05,4.1049548826777027e-07,1969,
63,0.00039626177749596536,4.151563553023152e-05,4.13985020486507e-07,1979,
63,,,,1983,0.00040464234189130366
64,0.00039289009873755276,3.966341682826169e-05,3.984510783539008e-07,1989,
64,0.0003914553963113576,3.585463491617702e-05,3.815893876435439e-07,1999,
64,0.00039117352571338415,3.955878855776973e-05,4.079156497027725e-07,2009,
64,,,,2014,0.0003974185383412987
65,0.000387836858863011,3.647196353995241e-05,3.7437510513882444e-07,2019,
65,0.0003804090083576739,3.65133055311162e-05,3.8719778672202665e-07,2029,
65,0.00039390253368765116,3.951305916416459e-05,4.060863432187034e-07,2039,
65,,,,2045,0.00039017893141135573
66,0.00039466412272304296,3.946011929656379e-05,3.930082641545596e-07,2049,
66,0.0003919826995115727,3.573961657821201e-05,3.9724960743114934e-07,2059,
66,0.00038889836287125945,3.877320705214515e-05,3.9155852959993354e-07,2069,
66,,,,2076,0.000382933794753626
67,0.0003788808826357126,3.6722878576256335e-05,3.8983168337836105e-07,2079,
67,0.00038307526847347617,3.5779910831479356e-05,3.765364056107501e-07,2089,
67,0.0003799416299443692,3.35898257617373e-05,3.8394927059925976e-07,2099,
67,,,,2107,0.0003756985242944211
68,0.00038133354973979294,3.7841971789021045e-05,3.872358718126634e-07,2109,
68,0.00036879483377560973,3.333828499307856e-05,3.5771023476627306e-07,2119,
68,0.0003738066297955811,3.9312479202635586e-05,4.166207929756638e-07,2129,
68,,,,2138,0.00036848997115157545
69,0.0003644862154033035,3.5626275348477066e-05,3.711257932081935e-07,2139,
69,0.0003612211439758539,3.4353433875367045e-05,3.5414834087532654e-07,2149,
69,0.000365088926628232,3.262320751673542e-05,3.613416197367769e-07,2159,
69,0.0003254593466408551,2.308745388290845e-05,2.2088813000920027e-09,2169,
69,,,,2169,0.00036130534135736525
70,0.0003598497132770717,3.548718086676672e-05,3.8440106209236546e-07,2179,
70,0.0003481706662569195,3.597335307858884e-05,3.616168271491915e-07,2189,
70,0.0003576056915335357,3.517191726132296e-05,3.7750706383121724e-07,2199,
70,,,,2200,0.00035407335963100195
71,0.00035140520776622,3.540642137522809e-05,3.556278898031451e-07,2209,
71,0.000343227555276826,3.17542944685556e-05,3.4375784707663115e-07,2219,
71,0.000344425265211612,3.2051215384854004e-05,3.4510611612859066e-07,2229,
71,,,,2231,0.00034666855935938656
72,0.00033254834124818444,3.431251025176607e-05,3.552030420905794e-07,2239,
72,0.000340051221428439,3.1550927815260366e-05,3.7216469195300306e-07,2249,
72,0.00033665704540908337,3.264319457230158e-05,3.319170218674117e-07,2259,
72,,,,2262,0.00033911733771674335
73,0.000333630945533514,3.4983186196768656e-05,3.483622776911943e-07,2269,
73,0.00033776633790694177,3.505033964756876e-05,3.595745567963604e-07,2279,
73,0.0003228697751183063,3.474326877039857e-05,3.6476197351476003e-07,2289,
73,,,,2293,0.00033165307831950486
74,0.0003224950924050063,3.438734347582795e-05,3.5286132060718955e-07,2299,
74,0.00031948788091540337,3.1311443308368325e-05,3.3184855396939383e-07,2309,
74,0.00032081195968203247,3.399321940378286e-05,3.5832076150654757e-07,2319,
74,,,,2324,0.0003243546816520393
75,0.0003168836119584739,3.2067426218418404e-05,3.248163125135761e-07,2329,
75,0.0003084625641349703,3.202157313353382e-05,3.4281134730917984e-07,2339,
75,0.000322697771480307,3.394134546397254e-05,3.605249787597131e-07,2349,
75,,,,2355,0.00031716967350803316
76,0.0003206903056707233,3.405147072044201e-05,3.4222580325149465e-07,2359,
76,0.00031670244061388075,3.1929364922689274e-05,3.506160624056065e-07,2369,
76,0.0003145999216940254,3.36722114298027e-05,3.4482849287087447e-07,2379,
76,,,,2386,0.0003100886824540794
77,0.00030758854700252414,3.2071264286059886e-05,3.4770988577292883e-07,2389,
77,0.0003092372789978981,3.209203714504838e-05,3.3707655688886007e-07,2399,
77,0.00031206346466206014,3.03851757053053e-05,3.498250293887395e-07,2409,
77,,,,2417,0.0003031242231372744
78,0.0003086598590016365,3.3194086427101865e-05,3.448498375746567e-07,2419,
78,0.00029683145112358034,3.0820137908449396e-05,3.1734793992654886e-07,2429,
78,0.0002994756796397269,3.429221760598011e-05,3.750962775939115e-07,2439,
78,,,,2448,0.00029628892662003636
79,0.0002939388796221465,3.207720510545187e-05,3.3214249128832307e-07,2449,
79,0.0002907740417867899,3.136158557026647e-05,3.1406975153913663e-07,2459,
79,0.0002932646602857858,2.9749071472906508e-05,3.2609207778477867e-07,2469,
79,0.0002558065752964467,2.3805321688996628e-05,2.217593664255446e-09,2479,
79,,,,2479,0.00028952868888154626
80,0.00029228246421553195,3.133286736556329e-05,3.4414065908094926e-07,2489,
80,0.0002798500354401767,3.1615862098988146e-05,3.2907371405599406e-07,2499,
80,0.0002835576597135514,3.14237768179737e-05,3.41061365816131e-07,2509,
80,,,,2510,0.000282874156255275
81,0.00028597546042874455,3.206623296136968e-05,3.181510521699238e-07,2519,
81,0.0002728772524278611,2.844030132109765e-05,3.084492163907271e-07,2529,
81,0.00027890506316907704,2.9263488613651134e-05,3.1167564884526655e-07,2539,
81,,,,2541,0.0002764123782981187
82,0.0002702188503462821,3.165972520946525e-05,3.229562253181939e-07,2549,
82,0.00027566758217290044,2.9603446819237433e-05,3.404656183647603e-07,2559,
82,0.0002714701113291085,2.9714223273913376e-05,2.9931550216133473e-07,2569,
82,,,,2572,0.00027019332628697157
83,0.0002653616538736969,3.181073043379001e-05,3.1723976690045674e-07,2579,
83,0.0002703377977013588,3.361775816301815e-05,3.280838711816614e-07,2589,
83,0.00025745094171725214,3.1425726774614304e-05,3.3501137863822805e-07,2599,
83,,,,2603,0.00026425745454616845
84,0.00026163956499658525,3.28588648699224e-05,3.2400444638369663e-07,2609,
84,0.0002548611373640597,3.00550655083498e-05,3.016358220975235e-07,2619,
84,0.00025693827774375677,3.2128769817063585e-05,3.251614373311895e-07,2629,
84,,,,2634,0.0002586965274531394
85,0.0002528123732190579,3.0181055990397e-05,2.943812376088317e-07,2639,
85,0.00024931671214289963,3.048610051337164e-05,3.125204557363759e-07,2649,
85,0.00025786191690713167,3.2145744626177475e-05,3.30408937543325e-07,2659,
85,,,,2665,0.0002536707906983793
86,0.0002585451293271035,3.17119738610927e-05,3.116144853265723e-07,2669,
86,0.0002530987258069217,3.0002298444742337e-05,3.1893353025225224e-07,2679,
86,0.0002516245876904577,3.0915507522877306e-05,3.1151927259998047e-07,2689,
86,,,,2696,0.0002491684281267226
87,0.000249769858783111,3.0953910027164966e-05,3.186912067576486e-07,2699,
87,0.00024957931600511074,3.0094557587290183e-05,3.0777809456594696e-07,2709,
87,0.000252800527960062,2.9627819458255544e-05,3.245220909775526e-07,2719,
87,,,,2727,0.0002448990708217025
88,0.00024601086624898016,3.121828194707632e-05,3.15883028179087e-07,2729,
88,0.0002386389533057809,2.9365526643232442e-05,2.855534262380388e-07,2739,
88,0.00023930135648697615,3.1060630135471e-05,3.461910864643869e-07,2749,
88,,,,2758,0.00024054822279140353
89,0.00024032712099142373,2.9785809601889923e-05,3.0420395091823593e-07,2759,
89,0.0002306227688677609,3.078803638345562e-05,2.852344493931014e-07,2769,
89,0.0002361077058594674,2.9256769266794436e-05,2.9946724566798366e-07,2779,
89,0.00020403144299052656,2.398621836618986e-05,2.1265258443037283e-09,2789,
89,,,,2789,0.00023585361486766487
90,0.00023672486713621765,3.053337422898039e-05,3.14635826725862e-07,2799,
90,0.0002244515053462237,3.0764826078666374e-05,3.066196541112731e-07,2809,
90,0.0002260819892399013,2.9262289899634197e-05,3.145487994515861e-07,2819,
90,,,,2820,0.00023068090376909822
91,0.00023137549578677863,2.997554838657379e-05,2.918206121194089e-07,2829,
91,0.00021747974096797407,2.604306791909039e-05,2.8297901621954225e-07,2839,
91,0.00022459034516941756,2.7778483854490332e-05,2.860445817987056e-07,2849,
91,,,,2851,0.00022521459322888404
92,0.00021810477483086288,2.9598570108646527e-05,2.9740994023086387e-07,2859,
92,0.00022466860536951572,2.7404821594245732e-05,3.139208217817213e-07,2869,
92,0.00022007997904438525,2.707958992687054e-05,2.754825914053072e-07,2879,
92,,,,2882,0.00021983511396683753
93,0.00021437143732327968,3.017772723978851e-05,2.948677035874425e-07,2889,
93,0.00021507751080207527,3.143500362057239e-05,3.030036452855711e-07,2899,
93,0.00020859685901086777,2.797346496663522e-05,3.1060818628247944e-07,2909,
93,,,,2913,0.00021474539244081825
94,0.00020998873515054584,3.090659811277874e-05,3.0038913223506825e-07,2919,
94,0.0002059049584204331,2.7523999960976653e-05,2.796391243009566e-07,2929,
94,0.0002066710585495457,2.8988926715101115e-05,2.9937814360891934e-07,2939,
94,,,,2944,0.00020998175023123622
95,0.00020279482123441994,2.8546017347252928e-05,2.711489912599063e-07,2949,
95,0.00019751538638956845,2.8806363843614236e-05,2.880697138607502e-07,2959,
95,0.0002071452181553468,3.0379405870917253e-05,3.0654189231427154e-07,2969,
95,,,,2975,0.00020557398966047913
96,0.00020542442507576197,3.0591236281907186e-05,2.9021643399573804e-07,2979,
96,0.0002030043542617932,2.829834738804493e-05,2.940280694474495e-07,2989,
96,0.00020249266526661813,2.984963975904975e-05,2.860816721295123e-07,2999,
96,,,,3006,0.00020157996914349496
97,0.00020604804740287364,3.061549796257168e-05,2.9747900498477975e-07,3009,
97,0.00020210424554534256,2.9172171707614325e-05,2.8492593173723435e-07,3019,
97,0.00020208116620779037,2.8794745958293788e-05,3.037229419078358e-07,3029,
97,,,,3037,0.00019805128977168351
98,0.0001958997017936781,3.0708470148965716e-05,2.936768339623086e-07,3039,
98,0.00018997125152964145,2.8867580113001168e-05,2.627677133659745e-07,3049,
98,0.00019243598217144608,2.9529115636250935e-05,3.249742803745903e-07,3059,
98,,,,3068,0.00019491216517053545
99,0.00019589817384257913,3.129477408947423e-05,2.822592648499267e-07,3069,
99,0.00018501901649869978,2.904762004618533e-05,2.6392626750748605e-07,3079,
99,0.00018907772027887404,2.7820960895041935e-05,2.795691784740484e-07,3089,
99,0.00016919565678108484,2.3302081899601035e-05,2.0027586256077257e-09,3099,
99,,,,3099,0.00019177368085365742
100,0.00018787325825542212,2.9551743864431046e-05,2.92612639896106e-07,3109,
100,0.00017980721895582974,2.8641990866162814e-05,2.88788953639596e-07,3119,
100,0.00018130188982468098,2.849606426025275e-05,2.9412251478788676e-07,3129,
100,,,,3130,0.00018805950821842998
101,0.00018359771638642997,2.9418783014989458e-05,2.709796831368294e-07,3139,
101,0.00017362376092933118,2.607038004498463e-05,2.619807162318466e-07,3149,
101,0.0001791164104361087,2.7536991183296777e-05,2.664971248123038e-07,3159,
101,,,,3161,0.00018379089306108654
102,0.00017274983110837638,2.8521752028609626e-05,2.7636500021799293e-07,3169,
102,0.0001804166822694242,2.6981171686202288e-05,2.930756011210178e-07,3179,
102,0.00017449414008297026,2.718308496696409e-05,2.5689601557132846e-07,3189,
102,,,,3192,0.00017967871099244803
103,0.0001716696860967204,2.9492666726582684e-05,2.77455967534479e-07,3199,
103,0.0001711937802610919,3.0057146432227455e-05,2.8287908548918494e-07,3209,
103,0.00016729642811696976,2.7637970561045222e-05,2.900436584241106e-07,3219,
103,,,,3223,0.00017597373516764492
104,0.00016976225015241653,3.156093953293748e-05,2.810345165471517e-07,3229,
104,0.00016447737289126962,2.897509875765536e-05,2.633839528698445e-07,3239,
104,0.00016437796875834465,2.855161437764764e-05,2.7844998840009794e-07,3249,
104,,,,3254,0.00017252820543944836
105,0.000161470627062954,2.884842069761362e-05,2.5360634481330635e-07,3259,
105,0.00015723600517958403,2.7249570848653093e-05,2.6921941298496677e-07,3269,
105,0.00016634668281767517,2.968372245959472e-05,2.8749747116307844e-07,3279,
105,,,,3285,0.00016921173664741218
106,0.00016884518845472485,3.0262743166531436e-05,2.7356202281225706e-07,3289,
106,0.0001629979960853234,2.884388050006237e-05,2.7463843821351475e-07,3299,
106,0.00016267425962723792,2.8408074285835028e-05,2.6576336153993907e-07,3309,
106,,,,3316,0.0001658328401390463
107,0.0001694763486739248,3.130941331619397e-05,2.8033653620695986e-07,3319,
107,0.00016093045996967703,2.7403550120652653e-05,2.664743874447595e-07,3329,
107,0.0001610095932846889,2.8825912522734143e-05,2.8697144216494053e-07,3339,
107,,,,3347,0.00016216543735936284
108,0.0001555941707920283,2.9930464734206907e-05,2.7479734399094013e-07,3349,
108,0.00015018349222373217,2.8793938326998614e-05,2.4396572939622274e-07,3359,
108,0.00015443447045981884,2.9450355214066803e-05,3.0745948720323213e-07,3369,
108,,,,3378,0.00015853212971705943
109,0.00015942809113766998,3.3466545573901385e-05,2.64791651716223e-07,3379,
109,0.00014946941519156098,2.7936066544498317e-05,2.463839052779804e-07,3389,
109,0.00015258602797985077,2.737836075539235e-05,2.624323087729863e-07,3399,
109,0.00014033197658136487,2.2256890588323586e-05,1.920323455806283e-09,3409,
109,,,,3409,0.00015538703883066773
110,0.0001513358292868361,2.7868407414644025e-05,2.7619068987405626e-07,3419,
110,0.0001457535254303366,2.7136904463986866e-05,2.73791755489583e-07,3429,
110,0.0001468669215682894,2.8481081244535744e-05,2.760212396424322e-07,3439,
110,,,,3440,0.00015283034008461982
111,0.00014884464326314628,2.7883350412594154e-05,2.5431398853470455e-07,3449,
111,0.00013983584358356893,2.5078232283703983e-05,2.444018605274323e-07,3459,
111,0.00014419648505281657,2.725806007219944e-05,2.498172477771732e-07,3469,
111,,,,3471,0.00015061470912769437
112,0.0001385133946314454,2.7909189157071523e-05,2.592598775663646e-07,3479,
112,0.0001465969835408032,2.752654290816281e-05,2.761551911589777e-07,3489,
112,0.00014009256847202778,2.7901782232220285e-05,2.4121331421156356e-07,3499,
112,,,,3502,0.00014828756684437394
113,0.00014008150901645422,2.7446551030152477e-05,2.625807837830507e-07,3509,
113,0.00013704570301342756,2.9249868020997383e-05,2.6612772785483685e-07,3519,
113,0.00013462814968079329,2.6247831556247547e-05,2.7212141162635817e-07,3529,
113,,,,3533,0.00014553467917721719
114,0.00013984573888592422,3.0572209652746096e-05,2.6476206471670594e-07,3539,
114,0.00013605384447146207,2.7861586204380728e-05,2.500719915587979e-07,3549,
114,0.00013381709868554026,2.7794802008429542e-05,2.6051350232592085e-07,3559,
114,,,,3564,0.0001423340436303988
115,0.0001291644584853202,2.666883301571943e-05,2.3935615445225267e-07,3569,
115,0.00012674475146923214,2.6166966563323513e-05,2.5327298658339714e-07,3579,
115,0.00013442353520076722,2.789658901747316e-05,2.7151142489856284e-07,3589,
115,,,,3595,0.00013870613474864513
116,0.00013826836948283017,2.9890679797972552e-05,2.5885731247399235e-07,3599,
116,0.00013218459207564592,2.7453808797872625e-05,2.5835063865997654e-07,3609,
116,0.00013189703167881817,2.696610135899391e-05,2.4898636752368475e-07,3619,
116,,,,3626,0.00013460771879181266
117,0.00013304807362146676,2.8050342734786682e-05,2.6519069251662586e-07,3629,
117,0.00013112569286022335,2.674099050636869e-05,2.5119837232523423e-07,3639,
117,0.0001294977992074564,2.749956001935061e-05,2.728415893216152e-07,3649,
117,,,,3657,0.00012985621287953109
118,0.00012680985673796386,2.6996864107786678e-05,2.580371472049592e-07,3659,
118,0.00012184897786937654,2.7141197278979234e-05,2.286544003027302e-07,3669,
118,0.00012418456026352942,2.6893621907220222e-05,2.910688294832653e-07,3679,
118,,,,3688,0.00012517209688667208
119,0.00012582646741066128,2.6824718588613905e-05,2.5090020017159986e-07,3689,
119,0.00011986152094323188,2.5603148969821632e-05,2.3260940906766336e-07,3699,
119,0.0001230132329510525,2.5497325623291545e-05,2.478008127582143e-07,3709,
119,0.00011673801054712385,1.8253047528560273e-05,1.9049628541267793e-09,3719,
119,,,,3719,0.0001212752831634134
120,0.000121246041089762,2.4828341338434257e-05,2.6276617859366524e-07,3729,
120,0.00011776228348026052,2.440201205899939e-05,2.609560567634617e-07,3739,
120,0.00011777428881032392,2.5276782253058627e-05,2.614190748317924e-07,3749,
120,,,,3750,0.00011842168896691874
121,0.00011604686733335257,2.419398515485227e-05,2.417748135030706e-07,3759,
121,0.0001113150137825869,2.2146201445139013e-05,2.3047937247611117e-07,3769,
121,0.00011406974226702005,2.3218859496410005e-05,2.367187477148036e-07,3779,
121,,,,3781,0.00011593496310524642
122,0.00010980633669532835,2.2941820134292357e-05,2.4597287051619787e-07,3789,
122,0.00011671093670884147,2.2575424736714922e-05,2.6313469447813986e-07,3799,
122,0.00011317195458104834,2.269336619065143e-05,2.2870969473842706e-07,3809,
122,,,,3812,0.0001136499922722578
123,0.00011372310109436512,2.264258364448324e-05,2.5031201289493765e-07,3819,
123,0.00011189459473825991,2.4077060515992343e-05,2.530377685161511e-07,3829,
123,0.00010877515887841582,2.2092548533692025e-05,2.5766581757125095e-07,3839,
123,,,,3843,0.00011159563291585073
124,0.00010935103637166321,2.2513273506774567e-05,2.528418008296285e-07,3849,
124,0.00010794259287649766,2.1140322132850997e-05,2.3944616600601876e-07,3859,
124,0.00010829865641426295,2.181140189350117e-05,2.4600174697297916e-07,3869,
124,,,,3874,0.00010973057214869186
125,0.00010500647476874292,2.168013270420488e-05,2.2780071162742388e-07,3879,
125,0.00010253269283566624,2.022920671151951e-05,2.3995056608328014e-07,3889,
125,0.00010894639854086563,2.2175985577632673e-05,2.5880316911752743e-07,3899,
125,,,,3905,0.00010803456825669855
126,0.00010951489821309224,2.2628439182881266e-05,2.4677143528606393e-07,3909,
126,0.00010584488336462528,2.08646943065105e-05,2.4430627831861784e-07,3919,
126,0.00010728436609497294,2.1322513930499554e-05,2.3508663105076266e-07,3929,
126,,,,3936,0.00010638260573614389
127,0.00010632335033733398,2.0506728105829097e-05,2.526234368360747e-07,3939,
127,0.00010533984459470958,2.046830195467919e-05,2.3867812615208095e-07,3949,
127,0.00010564443073235452,2.0452185708563775e-05,2.6005312747656717e-07,3959,
127,,,,3967,0.00010474220471223816
128,0.00010505411773920059,2.247053816972766e-05,2.438929698200809e-07,3969,
128,9.924155165208504e-05,1.9782381059485488e-05,2.1608310873943992e-07,3979,
128,0.00010445455700391904,2.066672641376499e-05,2.7605960895016324e-07,3989,
128,,,,3998,0.00010305523028364405
129,0.00010381982428953052,2.0987890820833854e-05,2.398442688900104e-07,3999,
129,9.801331907510757e-05,1.941330083354842e-05,2.2074723915466166e-07,4009,
129,0.00010232950444333255,1.9732871805899777e-05,2.343979872421187e-07,4019,
129,9.921981836669147e-05,1.3893483810534235e-05,1.9186308097829397e-09,4029,
129,,,,4029,0.00010129416477866471
130,0.00010061663488158956,1.8989230738952756e-05,2.507703129595029e-07,4039,
130,9.954824054148048e-05,1.88742924365215e-05,2.4964688805084734e-07,4049,
130,9.880099241854623e-05,1.948245699168183e-05,2.4796312914077134e-07,4059,
130,,,,4060,9.95236259768717e-05
131,9.854380186880007e-05,1.9225170035497285e-05,2.3040118435346812e-07,4069,
131,9.449394565308467e-05,1.822057856770698e-05,2.1750443579549028e-07,4079,
131,9.616222087061033e-05,1.8154436475015245e-05,2.2474752370271744e-07,4089,
131,,,,4091,9.782720007933676e-05
132,9.367807797389105e-05,1.8316424757358618e-05,2.3329258169724199e-07,4099,
132,9.906559716910124e-05,1.7320713595836423e-05,2.504837652850256e-07,4109,
132,9.603379294276237e-05,1.7927226508618332e-05,2.172701840663649e-07,4119,
132,,,,4122,9.630651766201481e-05
133,9.570836846251041e-05,1.8325872588320635e-05,2.3780462754530163e-07,4129,
133,9.541243343846872e-05,1.9122075173072517e-05,2.402904044629395e-07,4139,
133,9.27821165532805e-05,1.7539186956128106e-05,2.439562649669824e-07,4149,
133,,,,4153,9.493181278230622e-05
134,9.530377428745851e-05,1.8431070202495903e-05,2.412983235444699e-07,4159,
134,9.316451905760914e-05,1.7188407582580112e-05,2.2826549184173928e-07,4169,
134,9.323540871264413e-05,1.735711884975899e-05,2.320263234878439e-07,4179,
134,,,,4184,9.366334415972233e-05
135,9.123889321926981e-05,1.788297413440887e-05,2.167500667837885e-07,4189,
135,8.765701204538345e-05,1.6179459635168314e-05,2.2683298084302805e-07,4199,
135,9.376247908221558e-05,1.7756818124325946e-05,2.4659684072503296e-07,4209,
135,,,,4215,9.24751948332414e-05
136,9.367674647364765e-05,1.9031371266464703e-05,2.352509227421251e-07,4219,
136,9.195125312544405e-05,1.799347774067428e-05,2.3129096859975107e-07,4229,
136,9.229641000274569e-05,1.7568416296853684e-05,2.2217174944216822e-07,4239,
136,,,,4246,9.135362779488787e-05
137,9.176318417303264e-05,1.6741878425818868e-05,2.406251837783202e-07,4249,
137,9.07586800167337e-05,1.7158712580567226e-05,2.2673687283258914e-07,4259,
137,9.171239798888564e-05,1.665720446908381e-05,2.4719463453948265e-07,4269,
137,,,,4277,9.028761269291863e-05
138,8.97575228009373e-05,1.923972558870446e-05,2.3058991871494072e-07,4279,
138,8.787785918684676e-05,1.6596217392361723e-05,2.045535296701928e-07,4289,
138,8.99830847629346e-05,1.7646167179918848e-05,2.6031028710349347e-07,4299,
138,,,,4308,8.926347800297663e-05
139,8.993456867756322e-05,1.7764898075256497e-05,2.2925203779777803e-07,4309,
139,8.54168611112982e-05,1.689812052063644e-05,2.1017417850544007e-07,4319,
139,8.987927139969543e-05,1.6926276657613926e-05,2.2235221308619657e-07,4329,
139,8.73749449965544e-05,1.1781246030295733e-05,1.953386563613435e-09,4339,
139,,,,4339,8.826632256386802e-05
140,9.010327630676329e-05,1.6936848624027334e-05,2.3828933137792774e-07,4349,
140,8.640155283501372e-05,1.6598003639956005e-05,2.3810791560663347e-07,4359,
140,8.690824324730784e-05,1.6553287423448637e-05,2.3613414157352963e-07,4369,
140,,,,4370,8.728268585400656e-05
141,8.818344213068485e-05,1.7407523046131246e-05,2.2100664409663295e-07,4379,
141,8.352849545190111e-05,1.6551701264688745e-05,2.0601127914687822e-07,4389,
141,8.529109618393704e-05,1.572413748363033e-05,2.1424669682801323e-07,4399,
141,,,,4401,8.63055101945065e-05
142,8.194868132704869e-05,1.527055246697273e-05,2.2218348760816298e-07,4409,
142,8.734112634556368e-05,1.520323712611571e-05,2.3832055262573704e-07,4419,
142,8.405272819800302e-05,1.533731301606167e-05,2.0695533464731852e-07,4429,
142,,,,4432,8.533809887012467e-05
143,8.485695434501395e-05,1.6373354810639285e-05,2.2560378454272723e-07,4439,
143,8.431927562924102e-05,1.7375183233525604e-05,2.2874213811974187e-07,4449,
143,8.229142986238003e-05,1.5149423234106507e-05,2.3229448231631977e-07,4459,
143,,,,4463,8.439084922429174e-05
144,8.573671220801771e-05,1.666129355726298e-05,2.3075455146681634e-07,4469,
144,8.301527122966945e-05,1.5177904060692526e-05,2.1745881895185448e-07,4479,
144,8.198512659873813e-05,1.5033662748464849e-05,2.1988709875131462e-07,4489,
144,,,,4494,8.346977847395465e-05
145,8.219889423344284e-05,1.704932037682738e-05,2.0702630365576624e-07,4499,
145,7.740181899862364e-05,1.4595054381061345e-05,2.1499202773611614e-07,4509,
145,8.337929466506466e-05,1.609903119970113e-05,2.3528500037173217e-07,4519,
145,,,,4525,8.256262663053349e-05
146,8.367840200662613e-05,1.6023854186641984e-05,2.251356931992632e-07,4529,
146,8.10966594144702e-05,1.4909738638380077e-05,2.2038150859771122e-07,4539,
146,8.153614908223972e-05,1.516693282610504e-05,2.1148689199890214e-07,4549,
146,,,,4556,8.164213795680553e-05
147,8.177595009328797e-05,1.4698071936436463e-05,2.3069499377470493e-07,4559,
147,8.135721873259172e-05,1.557056930323597e-05,2.1641052683207818e-07,4569,
147,8.153043745551258e-05,1.533002250653226e-05,2.3589650766098202e-07,4579,
147,,,,4587,8.068823080975562e-05
148,8.002268441487104e-05,1.6251851775450632e-05,2.188148471304885e-07,4589,
148,7.727492629783228e-05,1.5200587768049445e-05,1.9537596074314934e-07,4599,
148,8.004705159692094e-05,1.601152507646475e-05,2.46059386199704e-07,4609,
148,,,,4618,7.971432205522433e-05
149,8.031607285374776e-05,1.5725821867818013e-05,2.2074880234868033e-07,4619,
149,7.553139585070312e-05,1.4583444681193214e-05,2.026298915325242e-07,4629,
149,7.939693023217842e-05,1.3595133168564644e-05,2.1246145820441598e-07,4639,
149,7.80781265348196e-05,1.0309710887668189e-05,2.0159311997502982e-09,4649,
149,,,,4649,7.875721348682418e-05
150,7.982755050761625e-05,1.4605802789446898e-05,2.2736075777629594e-07,4659,
150,7.705187454121187e-05,1.5626219465048052e-05,2.2849123126889026e-07,4669,
150,7.773420657031238e-05,1.512696599093033e-05,2.2662318599486753e-07,4679,
150,,,,4680,7.784539047861472e-05
151,7.805007771821693e-05,1.5749019439681433e-05,2.1418429696495878e-07,4689,
151,7.423292117891833e-05,1.4858414033369627e-05,1.9703911391388829e-07,4699,
151,7.640328840352595e-05,1.4080072105571162e-05,2.0624045760087029e-07,4709,
151,,,,4711,7.698658009758219e-05
152,7.349791121669114e-05,1.3545736692321952e-05,2.1339103284390148e-07,4719,
152,7.798089791322127e-05,1.3450319784169551e-05,2.2822678147349507e-07,4729,
152,7.549369911430404e-05,1.3812439647153951e-05,1.9927486505366687e-07,4739,
152,,,,4742,7.617408846272156e-05
153,7.504566747229546e-05,1.3972991837363224e-05,2.1551167606048693e-07,4749,
153,7.49473983887583e-05,1.46707998283091e-05,2.1970653563130327e-07,4759,
153,7.37039590603672e-05,1.3620905519928783e-05,2.2323047232930548e-07,4769,
153,,,,4773,7.539775833720341e-05
154,7.670217019040138e-05,1.5233138583425898e-05,2.222939059493001e-07,4779,
154,7.393524720100686e-05,1.4251597349357326e-05,2.0893760677154205e-07,4789,
154,7.333944085985422e-05,1.397123014612589e-05,2.1050622933671548e-07,4799,
154,,,,4804,7.465039379894733e-05
155,7.435444422299042e-05,1.5052985872898716e-05,1.9933310113628977e-07,4809,
155,6.93404654157348e-05,1.3017294804740231e-05,2.0533374822662154e-07,4819,
155,7.490241841878742e-05,1.3786886484012939e-05,2.2627463636126777e-07,4829,
155,,,,4835,7.392997940769419e-05
156,7.550236477982253e-05,1.4053553059056867e-05,2.1706470931803779e-07,4839,
156,7.26650032447651e-05,1.297422841162188e-05,2.1204134270647046e-07,4849,
156,7.306219049496576e-05,1.3645744729728904e-05,2.033415569258068e-07,4859,
156,,,,4866,7.323952013393864e-05
157,7.388830272248015e-05,1.308920491283061e-05,2.2313301428766863e-07,4869,
157,7.322725286940113e-05,1.438755771232536e-05,2.0832202096698893e-07,4879,
157,7.339184958254918e-05,1.4527913663187064e-05,2.265157519332206e-07,4889,
157,,,,4897,7.258319965330884e-05
158,7.158668449847028e-05,1.445147063350305e-05,2.0949565282535332e-07,4899,
158,6.927482172613963e-05,1.4439715414482635e-05,1.8857204509004077e-07,4909,
158,7.242878200486302e-05,1.4082843335927464e-05,2.3429673490227287e-07,4919,
158,,,,4928,7.195925718406215e-05
159,7.25452191545628e-05,1.3715085515286773e-05,2.1431030461371847e-07,4929,
159,6.86442872392945e-05,1.3331184163689613e-05,1.9763957936902443e-07,4939,
159,7.151676254579797e-05,1.2232558219693601e-05,2.0486731955315918e-07,4949,
159,7.050434942357242e-05,9.383828910358716e-06,2.10078288098714e-09,4959,
159,,,,4959,7.135645864764228e-05
160,7.226500747492537e-05,1.3226230294094421e-05,2.185621781336522e-07,4969,
160,6.985397340031341e-05,1.5284445908037014e-05,2.2113947295565595e-07,4979,
160,7.078069029375911e-05,1.3660792319569737e-05,2.1980849851388484e-07,4989,
160,,,,4990,7.075671601342037e-05
161,7.003585051279515e-05,1.4229600310500246e-05,2.0973614311969868e-07,4999,
161,6.70000008540228e-05,1.3634070455736946e-05,1.905976034777268e-07,5009,
161,7.008506509009749e-05,1.3089341337035876e-05,2.0046290671871247e-07,5019,
161,,,,5021,7.014405855443329e-05
162,6.694599142065272e-05,1.2617206266440917e-05,2.069705402618638e-07,5029,
162,7.084062235662714e-05,1.2000666174571961e-05,2.2019953860308306e-07,5039,
162,6.936795398360118e-05,1.2536118447314948e-05,1.9380222227027843e-07,5049,
162,,,,5052,6.951392424525693e-05
163,6.818222027504817e-05,1.245678049599519e-05,2.0790302812656591e-07,5059,
163,6.758415838703513e-05,1.3110698091622908e-05,2.1304737174432375e-07,5069,
163,6.69331566314213e-05,1.1933645509998314e-05,2.16522906271166e-07,5079,
163,,,,5083,6.887505151098594e-05
164,7.014770380919799e-05,1.3711471183341928e-05,2.160493437486366e-07,5089,
164,6.727535946993157e-05,1.365269417874515e-05,2.0286033475258591e-07,5099,
164,6.695048796245828e-05,1.2299176887609065e-05,2.0369456876778713e-07,5109,
164,,,,5114,6.824144657002762e-05
165,6.771737389499322e-05,1.359819907520432e-05,1.938106919396887e-07,5119,
165,6.288085569394752e-05,1.1804705536633264e-05,1.981815387352981e-07,5129,
165,6.844207382528111e-05,1.2438223166100215e-05,2.1959375828828342e-07,5139,
165,,,,5145,6.762524571968243e-05
166,6.917172140674666e-05,1.2707947462331504e-05,2.1150786722046178e-07,5149,
166,6.622600631089881e-05,1.1514178368088324e-05,2.0627885533031076e-07,5159,
166,6.645589019171894e-05,1.2048606549797114e-05,1.9778664750447206e-07,5169,
166,,,,5176,6.703159306198359e-05
167,6.728687731083483e-05,1.1812265256594401e-05,2.182889318191883e-07,5179,
167,6.672074232483283e-05,1.3520897482521832e-05,2.0262096711576305e-07,5189,
167,6.698296056129038e-05,1.301205611525802e-05,2.1953964335352794e-07,5199,
167,,,,5207,6.645703979302198e-05
168,6.56113334116526e-05,1.2812204658985138e-05,2.0291412283768295e-07,5209,
168,6.286065035965294e-05,1.3748581295658369e-05,1.8404769264179777e-07,5219,
168,6.572275015059859e-05,1.2023911949654575e-05,2.2560382717529137e-07,5229,
168,,,,5238,6.58931239740923e-05
169,6.646314432146028e-05,1.2250927284185309e-05,2.0988265703181241e-07,5239,
169,6.337725790217519e-05,1.241637710336363e-05,1.950531327565841e-07,5249,
169,6.52947710477747e-05,1.168000017059967e-05,1.9968038600381988e-07,5259,
169,6.431333895307034e-05,8.477457413391676e-06,2.204078919376684e-09,5269,
169,,,,5269,6.53312454232946e-05
170,6.566778029082343e-05,1.1906961844942998e-05,2.1233562108591286e-07,5279,
170,6.348916940623894e-05,1.3711340216104873e-05,2.1619979406750645e-07,5289,
170,6.486971687991172e-05,1.2452175724320114e-05,2.158434142529586e-07,5299,
170,,,,5300,6.476685666712001e-05
171,6.395413220161572e-05,1.2556333786051255e-05,2.076559439956327e-07,5309,
171,6.110493995947763e-05,1.1731845006579533e-05,1.865956136271052e-07,5319,
171,6.483551987912506e-05,1.1991644896625075e-05,1.9705133524894336e-07,5329,
171,,,,5331,6.420113641070202e-05
172,6.129859684733674e-05,1.163540127890883e-05,2.0289694191433227e-07,5339,
172,6.46260887151584e-05,1.0588968507363461e-05,2.1435191399632458e-07,5349,
172,6.31536531727761e-05,1.110554421757115e-05,1.9050071387027856e-07,5359,
172,,,,5362,6.363870488712564e-05
173,6.256685446714982e-05,1.1576081305975094e-05,2.0275983558804e-07,5369,
173,6.226134428288788e-05,1.257423991773976e-05,2.0868209560376272e-07,5379,
173,6.151799607323483e-05,1.039023572957376e-05,2.1216095547060831e-07,5389,
173,,,,5393,6.308258889475837e-05
174,6.421360740205273e-05,1.2217606126796454e-05,2.1216030177129142e-07,5399,
174,6.146674422780052e-05,1.2530535059340764e-05,1.992296461139631e-07,5409,
174,6.15858516539447e-05,1.0849326827155892e-05,1.9943244922160375e-07,5419,
174,,,,5424,6.253116589505225e-05
175,6.160655902931467e-05,1.210914251714712e-05,1.9051330468755623e-07,5429,
175,5.755735401180573e-05,1.0400275641586632e-05,1.9329128519984806e-07,5439,
175,6.282432150328532e-05,1.1376522706996184e-05,2.1525902127450536e-07,5449,
175,,,,5455,6.197957554832101e-05
176,6.26895489403978e-05,1.1401561096135993e-05,2.082302898998023e-07,5459,
176,6.081696119508706e-05,1.0854470019694418e-05,2.027687031613823e-07,5469,
176,6.092584953876212e-05,1.103834711102536e-05,1.944723493352285e-07,5479,
176,,,,5486,6.142078200355172e-05
177,6.194920570123941e-05,1.1257127880526241e-05,2.1596788712940906e-07,5489,
177,6.109270179877058e-05,1.2664621863223147e-05,1.9912441473479703e-07,5499,
177,6.147654494270682e-05,1.1184379218320828e-05,2.1490686208380794e-07,5509,
177,,,,5517,6.084809865569696e-05
178,6.008933996781707e-05,1.1741434718715027e-05,1.988139359809793e-07,5519,
178,5.787264308310114e-05,1.2346230505499989e-05,1.8181164307407016e-07,5529,
178,6.0663296608254313e-05,1.1190589248144533e-05,2.1972839192585525e-07,5539,
178,,,,5548,6.025968104950152e-05
179,6.0852606111438945e-05,1.0890748853853438e-05,2.0737171269047394e-07,5549,
179,5.863416663487442e-05,1.111283836507937e-05,1.9464390277335042e-07,5559,
179,6.014798054820858e-05,1.138692914537387e-05,1.9649849036795786e-07,5569,
179,5.901096301386133e-05,7.872345122450497e-06,2.325102332889628e-09,5579,
179,,,,5579,5.966228127363138e-05
180,6.013938764226623e-05,1.0455803931108676e-05,2.0843647519086517e-07,5589,
180,5.832760507473722e-05,1.1284131687716581e-05,2.1325244858871883e-07,5599,
180,5.9358368162065744e-05,1.1248916052863933e-05,2.142189998721733e-07,5609,
180,,,,5610,5.907364175072871e-05
181,5.83947949053254e-05,1.0892064892686903e-05,2.0752705154336581e-07,5619,
181,5.651349783875048e-05,1.015902580547845e-05,1.8467933671217907e-07,5629,
181,5.896532456972636e-05,1.044267901306739e-05,1.95510253320208e-07,5639,
181,,,,5641,5.851887181052007e-05
182,5.651681203744374e-05,1.0002381714002695e-05,2.009575297279298e-07,5649,
182,5.9725618484662846e-05,1.045745284500299e-05,2.1036036912391864e-07,5659,
182,5.742430585087277e-05,9.484791917202529e-06,1.890446128527401e-07,5669,
182,,,,5672,5.8015462855109945e-05
183,5.699761095456779e-05,9.602229511074256e-06,1.9980518572992878e-07,5679,
183,5.7047804148169234e-05,1.1298121535219252e-05,2.0631686936667393e-07,5689,
183,5.7108460168819875e-05,9.846075954556e-06,2.0965947555851017e-07,5699,
183,,,,5703,5.755449092248455e-05
184,5.7814206229522824e-05,1.0645425390976015e-05,2.1030979269198724e-07,5709,
184,5.5973468988668174e-05,9.830454473558348e-06,1.9767574599427462e-07,5719,
184,5.662055264110677e-05,9.87875864666421e-06,1.9710712706455524e-07,5729,
184,,,,5734,5.710988261853345e-05
185,5.5800905101932585e-05,9.830254384723958e-06,1.8909804566646926e-07,5739,
185,5.3105875849723816e-05,8.799169336271007e-06,1.90359031648768e-07,5749,
185,5.722802961827256e-05,9.517908438283484e-06,2.1271651462484442e-07,5759,
185,,,,5765,5.664642958436161e-05
186,5.818136560264975e-05,1.0098910024680663e-05,2.0705564907075313e-07,5769,
186,5.589301872532815e-05,1.049389538820833e-05,2.0116661403335456e-07,5779,
186,5.6440192565787584e-05,9.706425771582872e-06,1.928595310118908e-07,5789,
186,,,,5796,5.61414854018949e-05
187,5.8369892940390855e-05,1.0497893526917323e-05,2.1567306873748748e-07,5799,
187,5.631676685879938e-05,1.0711791219364386e-05,1.9747098178868328e-07,5809,
187,5.641011011903174e-05,1.0233549801341724e-05,2.12021106449356e-07,5819,
187,,,,5827,5.560846329899505e-05
188,5.542015060200356e-05,1.026487643684959e-05,1.9642649817797064e-07,5829,
188,5.5136675655376166e-05,9.702919669507537e-06,1.8151760627915792e-07,5839,
188,5.5710803280817345e-05,9.693345418781973e-06,2.1582927445251698e-07,5849,
188,,,,5858,5.509225229616277e-05
189,5.5760065151844174e-05,9.534048331261147e-06,2.0659641108977667e-07,5859,
189,5.577708361670375e-05,1.0430369002278894e-05,1.9590360977872479e-07,5869,
189,5.555024108616635e-05,9.039314136316534e-06,1.950380834614407e-07,5879,
189,5.444953785627149e-05,7.296667263290146e-06,2.465867066092642e-09,5889,
189,,,,5889,5.462044646264985e-05
190,5.6112254242179915e-05,9.887363376037683e-06,2.0653870080877823e-07,5899,
190,5.494474316947162e-05,9.856105862127151e-06,2.11987526199664e-07,5909,
190,5.425220660981722e-05,1.0017631211667322e-05,2.1434009056520154e-07,5919,
190,,,,5920,5.41777590115089e-05
191,5.414009137894027e-05,8.734885341254994e-06,2.088077195594451e-07,5929,
191,5.311047061695717e-05,9.652562766859774e-06,1.8426312919928023e-07,5939,
191,5.388487261370756e-05,9.008089364215266e-06,1.9562931186101196e-07,5949,
191,,,,5951,5.374565444071777e-05
192,5.266748848953284e-05,8.906778930395376e-06,2.005941723837168e-07,5959,
192,5.5533000704599544e-05,9.106756806431804e-06,2.0804948519526079e-07,5969,
192,5.3281954023987055e-05,9.128149031312205e-06,1.8951681113321683e-07,5979,
192,,,,5982,5.3339706937549636e-05
193,5.386427801568061e-05,9.488042451266665e-06,1.9875530199442437e-07,5989,
193,5.290499757393263e-05,9.397602298122365e-06,2.05737450187371e-07,5999,
193,5.288510874379426e-05,8.96323581400793e-06,2.0892993290999584e-07,6009,
193,,,,6013,5.297518509905785e-05
194,5.473841156344861e-05,1.0281145478074905e-05,2.1018746565459878e-07,6019,
194,5.234320997260511e-05,8.418182915193029e-06,1.980187960270996e-07,6029,
194,5.2375813538674265e-05,8.583457201893907e-06,1.9690486396939377e-07,6039,
194,,,,6044,5.2633811719715595e-05
195,5.3792246035300195e-05,1.0311024198017549e-05,1.8933604906123946e-07,6049,
195,4.992438334738836e-05,8.550301572540775e-06,1.8954960978589952e-07,6059,
195,5.329965642886236e-05,9.246880836144555e-06,2.1213293166510994e-07,6069,
195,,,,6075,5.229348607826978e-05
196,5.539451012737118e-05,1.1674579582177103e-05,2.0763820884894812e-07,6079,
196,5.239377424004488e-05,9.876614058157429e-06,2.0154685387296922e-07,6089,
196,5.276033334666863e-05,9.384941222378984e-06,1.930308854980467e-07,6099,
196,,,,6106,5.195088670006953e-05
197,5.424262417363934e-05,1.230245288752485e-05,2.173800197624587e-07,6109,
197,5.296912058838643e-05,9.852528819465078e-06,1.9776963711137796e-07,6119,
197,5.276750380289741e-05,9.163380127574783e-06,2.1138014005828154e-07,6129,
197,,,,6137,5.1619019359350204e-05
198,5.098197652841918e-05,1.1187861673533916e-05,1.9563908892905602e-07,6139,
198,5.12921396875754e-05,9.137832421401981e-06,1.8273388491252263e-07,6149,
198,5.2324099669931456e-05,8.88371141627431e-06,2.1439439024106832e-07,6159,
198,,,,6168,5.1306469686096534e-05
199,5.2017916459590197e-05,8.83225857251091e-06,2.0745127926602436e-07,6169,
199,5.1091865316266194e-05,1.0239669791189954e-05,1.9875540147040738e-07,6179,
199,5.219243394094519e-05,8.677411642565858e-06,1.9534296313850064e-07,6189,
199,5.027882070862688e-05,6.945530458324356e-06,2.614799488043218e-09,6199,
199,,,,6199,5.101714486954734e-05
200,5.169957876205444e-05,9.50126468524104e-06,2.064786457367518e-07,6209,
200,5.1921600970672444e-05,9.367700840812176e-06,2.1248047232802492e-07,6219,
200,5.063286516815424e-05,9.120757567870896e-06,2.1625862700602738e-07,6229,
200,,,,6230,5.0749917136272416e-05
201,5.03273586218711e-05,8.189114851120394e-06,2.1144028039543628e-07,6239,
201,5.017610965296626e-05,9.055554073711392e-06,1.8552398728388653e-07,6249,
201,5.043586133979261e-05,8.323789188580122e-06,1.9700300413205696e-07,6259,
201,,,,6261,5.0492759328335524e-05
202,4.9504509661346674e-05,8.746274943405297e-06,2.0178556781047519e-07,6269,
202,5.1898321544285864e-05,8.322293979290407e-06,2.0737228112466255e-07,6279,
202,4.967410859535448e-05,8.998188604891766e-06,1.913314093826557e-07,6289,
202,,,,6292,5.0227139581693336e-05
203,5.017020885134116e-05,8.989995876618195e-06,1.9939086826070707e-07,6299,
203,4.928454654873349e-05,8.614030775788706e-06,2.068042590508412e-07,6309,
203,4.969596193404868e-05,8.381556654057931e-06,2.0981688919619046e-07,6319,
203,,,,6323,4.994001574232243e-05
204,5.0669859774643555e-05,9.464870345254894e-06,2.1165770647257887e-07,6329,
204,4.9487196520203725e-05,7.887937499617692e-06,1.9997631284240924e-07,6339,
204,4.89518788526766e-05,7.65596269047819e-06,1.9803691486686148e-07,6349,
204,,,,6354,4.963635001331568e-05
205,5.025021164328791e-05,9.922022400132846e-06,1.9082739299847162e-07,6359,
205,4.6752014895901084e-05,7.465281214535935e-06,1.9031178055683995e-07,6369,
205,4.992965841665864e-05,8.610607437731232e-06,2.132522212150434e-07,6379,
205,,,,6385,4.935436663799919e-05
206,5.134364982950501e-05,1.1515704500197899e-05,2.0965656233329355e-07,6389,
206,4.879076368524693e-05,7.969965736265294e-06,2.0317314408657694e-07,6399,
206,4.986224666936323e-05,8.756013812671881e-06,1.9467101708414702e-07,6409,
206,,,,6416,4.9136331654153764e-05
207,5.032342596678063e-05,1.2223094017826952e-05,2.2066345195526083e-07,6419,
207,4.986786734662019e-05,8.525908015144523e-06,1.9944214102451951e-07,6429,
207,4.947511479258537e-05,8.262771189038176e-06,2.1246536618946266e-07,6439,
207,,,,6447,4.8981655709212646e-05
208,4.880556298303418e-05,1.159802468464477e-05,1.96398787011276e-07,6449,
208,4.8123238229891285e-05,8.566969881940167e-06,1.8513222244109784e-07,6459,
208,4.931459261570126e-05,8.225293640862219e-06,2.1482505019321252e-07,6469,
208,,,,6478,4.877855462837033e-05
209,4.947801789967343e-05,8.495442671119235e-06,2.0962993119155726e-07,6479,
209,4.761654054163955e-05,1.0111702067661099e-05,2.0277761336728872e-07,6489,
209,4.912921576760709e-05,8.364608220290393e-06,1.9700759423812997e-07,6499,
209,4.667834218707867e-05,6.29611758995452e-06,2.7714464057027044e-09,6509,
209,,,,6509,4.8367390263592824e-05
210,4.83079238620121e-05,9.328789019491524e-06,2.0796950650492363e-07,6519,
210,4.845595685765147e-05,8.465792234346736e-06,2.1440547470774618e-07,6529,
210,4.759160219691694e-05,8.04846149549121e-06,2.1952457984752982e-07,6539,
210,,,,6540,4.792210893356241e-05
211,4.699824785348028e-05,8.160104698617943e-06,2.1520753534787218e-07,6549,
211,4.659892147174105e-05,7.356517016887665e-06,1.8800967893639609e-07,6559,
211,4.72128922410775e-05,7.924944839032833e-06,1.9933010264594486e-07,6569,
211,,,,6571,4.768129292642698e-05
212,4.655596421798691e-05,8.203058314393274e-06,2.0442914205887064e-07,6579,
212,4.8027868615463376e-05,7.518630354752531e-06,2.079940628618715e-07,6589,
212,4.648373578675091e-05,8.273529601865448e-06,1.9411471896546573e-07,6599,
212,,,,6602,4.77499925182201e-05
213,4.710488428827375e-05,9.047797902894672e-06,2.0139738410307473e-07,6609,
213,4.63584074168466e-05,8.659933882881887e-06,2.0907361886202125e-07,6619,
213,4.690659625339322e-05,7.3517899181752e-06,2.1187177878800867e-07,6629,
213,,,,6633,4.804889977094717e-05
214,4.7654688387410715e-05,8.901736691768747e-06,2.1438182784550008e-07,6639,
214,4.7254587116185576e-05,7.941792318888474e-06,2.0322170257713879e-07,6649,
214,4.588914816849865e-05,6.764791123714531e-06,2.003040151521418e-07,6659,
214,,,,6664,4.726792758447118e-05
215,4.7563124098815024e-05,7.426716365444008e-06,1.9330479972268222e-07,6669,
215,4.418335447553545e-05,7.337298484344501e-06,1.9222160574372538e-07,6679,
215,4.6668905270053074e-05,7.783123692206573e-06,2.1554939166890108e-07,6689,
215,,,,6695,4.635511140804738e-05
216,4.7584911953890696e-05,7.423868282785406e-06,2.127552818365075e-07,6699,
216,4.5560329454019666e-05,7.178830855991691e-06,2.0594001171048149e-07,6709,
216,4.647621972253546e-05,7.695172826061025e-06,1.9729191080841701e-07,6719,
216,,,,6726,4.608984090737067e-05
217,4.650591654353775e-05,8.109253030852415e-06,2.2494523932437005e-07,6729,
217,4.6710109018022195e-05,7.27549286239082e-06,2.0213686013903498e-07,6739,
217,4.6066332288319245e-05,7.2273869591299444e-06,2.147938147345485e-07,6749,
217,,,,6757,4.60038281744346e-05
218,4.6233752073021606e-05,9.551224138704129e-06,1.982604516115316e-07,6759,
218,4.482866279431619e-05,9.04084572539432e-06,1.883377080957871e-07,6769,
218,4.647888636100106e-05,8.00877660367405e-06,2.1649118764344166e-07,6779,
218,,,,6788,4.652930874726735e-05
219,4.71466664748732e-05,8.596219231549185e-06,2.1266038174871937e-07,6789,
219,4.494818495004438e-05,1.1393970453354996e-05,2.0758915297847125e-07,6799,
219,4.684966188506223e-05,8.696889381099027e-06,1.9958768859851261e-07,6809,
219,4.367031579022296e-05,5.7001388995558955e-06,2.9347413388336463e-09,6819,
219,,,,6819,4.7139728849288076e-05
220,4.614695717464201e-05,8.817593879939523e-06,2.105437317823089e-07,6829,
220,4.626525333151221e-05,8.73532462719595e-06,2.1725502108438377e-07,6839,
220,4.432918649399653e-05,6.891447355883429e-06,2.23730125981092e-07,6849,
220,,,,6850,4.545383126242086e-05
221,4.4465054088504985e-05,6.776341706427047e-06,2.195955204342681e-07,6859,
221,4.3853164243046194e-05,6.809009846620029e-06,1.9135940476644464e-07,6869,
221,4.4076463382225484e-05,6.901473625475774e-06,2.023746930035486e-07,6879,
221,,,,6881,4.480280404095538e-05
222,4.383778650662862e-05,7.51834249967942e-06,2.080307979213103e-07,6889,
222,4.474563320400193e-05,6.418206794478465e-06,2.0965522651295032e-07,6899,
222,4.37945309386123e-05,7.386795914499089e-06,1.976589061314371e-07,6909,
222,,,,6912,4.4620679545914754e-05
223,4.369176531326957e-05,6.84096448821947e-06,2.0437705927633942e-07,6919,
223,4.3498595914570615e-05,7.1380759436578956e-06,2.1215417689290916e-07,6929,
223,4.420823825057596e-05,6.277459306147648e-06,2.1483211298800597e-07,6939,
223,,,,6943,4.4351232645567507e-05
224,4.416274532559328e-05,7.670699233131018e-06,2.178967832833223e-07,6949,
224,4.394664938445203e-05,7.120806458260631e-06,2.072886644555183e-07,6959,
224,4.290678407414816e-05,6.796304660383612e-06,2.033485628771814e-07,6969,
224,,,,6974,4.431329944054596e-05
225,4.550030280370265e-05,1.1685145182127599e-05,1.9669444384362578e-07,6979,
225,4.090764923603274e-05,6.599947028007591e-06,1.9487241331717087e-07,6989,
225,4.450985579751432e-05,7.628017101524165e-06,2.1841071884409757e-07,6999,
225,,,,7005,4.459849515114911e-05
226,4.618607272277586e-05,1.3606199900095817e-05,2.1664656912889768e-07,7009,
226,4.342517058830708e-05,7.3596543188614305e-06,2.0945613243839034e-07,7019,
226,4.4145424908492714e-05,7.331223514484009e-06,2.0067088257746946e-07,7029,
226,,,,7036,4.414055001689121e-05
227,4.429960608831607e-05,7.278563316504005e-06,2.2984040981555154e-07,7039,
227,4.491318395594135e-05,7.166259365476435e-06,2.0567409819705063e-07,7049,
227,4.354024713393301e-05,6.718784334225347e-06,2.1818411255480896e-07,7059,
227,,,,7067,4.3410793296061456e-05
228,4.3086060031782836e-05,7.4734416557475924e-06,2.0096504727007414e-07,7069,
228,4.23126075475011e-05,6.829344783909619e-06,1.9216234647956298e-07,7079,
228,4.3362811993574724e-05,7.220518455142155e-06,2.1926904025804106e-07,7089,
228,,,,7098,4.3095969886053354e-05
229,4.368202280602418e-05,6.953866432013456e-06,2.165520669450416e-07,7099,
229,4.17988485423848e-05,7.85327847552253e-06,2.129788896354512e-07,7109,
229,4.311315205995925e-05,6.905757800268475e-06,2.0284309698581637e-07,7119,
229,4.0967097447719425e-05,5.128415978106204e-06,3.1050315651981464e-09,7129,
229,,,,7129,4.2889805627055466e-05
230,4.295613325666636e-05,8.074796824075747e-06,2.1395992177986045e-07,7139,
230,4.238710243953392e-05,6.394533556886017e-06,2.2098409147019993e-07,7149,
230,4.214324144413695e-05,7.774625373713206e-06,2.2873426530622964e-07,7159,
230,,,,7160,4.290312426746823e-05
231,4.21560434915591e-05,8.425901796726976e-06,2.249009725119322e-07,7169,
231,4.1436149331275374e-05,5.942163170402637e-06,1.9528093275766878e-07,7179,
231,4.1574934584787115e-05,6.921123713254929e-06,2.061914017303934e-07,7189,
231,,,,7191,4.3026306229876354e-05
232,4.297520354157314e-05,8.03012153482996e-06,2.1252181170439144e-07,7199,
232,4.25624311901629e-05,6.151579327706713e-06,2.1212228773492825e-07,7209,
232,4.125616032979451e-05,6.298042080743471e-06,2.0199568950829416e-07,7219,
232,,,,7222,4.266365431249142e-05
233,4.166887083556503e-05,6.970360118430108e-06,2.081953169863482e-07,7229,
233,4.1393777792109177e-05,7.057189122861018e-06,2.1604716948786518e-07,7239,
233,4.142210309510119e-05,5.896814400330186e-06,2.1867542443487764e-07,7249,
233,,,,7253,4.2074771045008674e-05
234,4.169658859609626e-05,6.657355697825551e-06,2.224314243903791e-07,7259,
234,4.144636113778688e-05,7.0404707912530284e-06,2.121709457014731e-07,7269,
234,4.0443381294608116e-05,6.125957497715717e-06,2.0725779847907688e-07,7279,
234,,,,7284,4.1658582631498575e-05
235,4.191870539216325e-05,8.287254786409903e-06,2.0083982121832378e-07,7289,
235,3.878131974488497e-05,6.268013294175034e-06,1.9848484100748465e-07,7299,
235,4.198550959699787e-05,6.565424882865045e-06,2.2210895167518174e-07,7309,
235,,,,7315,4.140271994401701e-05
236,4.303210516809486e-05,1.2121467989345547e-05,2.2150749146021553e-07,7319,
236,4.172489570919424e-05,6.085795575927477e-06,2.142805044513807e-07,7329,
236,4.145539060118608e-05,5.914358098380035e-06,2.0498254116319004e-07,7339,
236,,,,7346,4.1178551327902824e-05
237,4.255524618201889e-05,1.1679084309434984e-05,2.3578357399856031e-07,7349,
237,4.204423021292314e-05,6.550093075929908e-06,2.102735834341729e-07,7359,
237,4.0292823541676626e-05,6.163337275211234e-06,2.226742736866072e-07,7369,
237,,,,7377,4.080288272234611e-05
238,4.10154607379809e-05,8.063890163612086e-06,2.0466264061269612e-07,7379,
238,3.908526923623867e-05,5.899911684537074e-06,1.9695534092534217e-07,7389,
238,4.065454049850814e-05,6.523691354232142e-06,2.2318789660857874e-07,7399,
238,,,,7408,4.0512131818104535e-05
239,4.106754931854084e-05,6.438599029934267e-06,2.2145702871512185e-07,7409,
239,3.9370635931845754e-05,6.32667661193409e-06,2.1954632245524408e-07,7419,
239,4.010663178632967e-05,5.617700026050443e-06,2.070464546477524e-07,7429,
239,3.841776924673468e-05,4.672965133067919e-06,3.2781886094568335e-09,7439,
239,,,,7439,4.037248436361551e-05
240,4.074095340911299e-05,6.9910552156216e-06,2.1859177934402396e-07,7449,
240,3.944629497709684e-05,6.231253337318776e-06,2.2590155879242957e-07,7459,
240,3.996905797976069e-05,8.27854728413513e-06,2.35009721905044e-07,7469,
240,,,,7470,4.041749707539566e-05
241,4.002893911092542e-05,8.865876225172542e-06,2.310204649802472e-07,7479,
241,3.858329728245735e-05,5.5812251957831904e-06,2.0023715308070678e-07,7489,
241,3.9443126297555864e-05,6.763645160390297e-06,2.1126227522927365e-07,7499,
241,,,,7501,4.041200736537576e-05
242,4.074703610967845e-05,8.787640581431333e-06,2.1795396776269627e-07,7509,
242,4.035863094031811e-05,6.5342424022674095e-06,2.1594185284357081e-07,7519,
242,3.9483216824010015e-05,5.800542567158118e-06,2.0766593422649748e-07,7529,
242,,,,7532,3.997176463599317e-05
243,4.082954183104448e-05,7.0916103140916675e-06,2.1312355613645195e-07,7539,
243,3.8913629396120086e-05,5.883020548935747e-06,2.2085616535605368e-07,7549,
243,3.9398353692376986e-05,5.863978003617376e-06,2.2364859830759087e-07,7559,
243,,,,7563,3.9319849747698754e-05
244,3.929484955733642e-05,5.686754775524605e-06,2.2816566058736498e-07,7569,
244,3.872088200296275e-05,5.845821306138532e-06,2.179417464276412e-07,7579,
244,3.847312837024219e-05,5.064216111350106e-06,2.1221121926373598e-07,7589,
244,,,,7594,3.9082700823200867e-05
245,3.9309627027250826e-05,6.224187472980702e-06,2.0606144346402289e-07,7599,
245,3.752581324079074e-05,5.7457432376395445e-06,2.0296340608183527e-07,7609,
245,4.015626109321602e-05,5.611503183899913e-06,2.2680623601445404e-07,7619,
245,,,,7625,3.919936716556549e-05
246,4.02245823352132e-05,7.56637382437475e-06,2.273006032282865e-07,7629,
246,3.9299207855947316e-05,6.792591193516273e-06,2.2006128119755886e-07,7639,
246,3.988753815065138e-05,5.7698593991517555e-06,2.1017400797518349e-07,7649,
246,,,,7656,3.921782263205387e-05
247,4.2458672396605834e-05,1.4243040823203046e-05,2.4254336494777817e-07,7659,
247,3.9888196624815464e-05,9.283157851314172e-06,2.157727436724599e-07,7669,
247,3.8995716749923304e-05,7.46669456930249e-06,2.280527553466527e-07,7679,
247,,,,7687,4.1302377212559804e-05
248,4.821410766453482e-05,2.8947270038770512e-05,2.0924359489526978e-07,7689,
248,3.945403659599833e-05,1.1839488252007868e-05,2.025783913950363e-07,7699,
248,3.994727012468502e-05,6.65660627419129e-06,2.2818835532234516e-07,7709,
248,,,,7718,3.95334827771876e-05
249,4.00434473704081e-05,8.927115231927019e-06,2.272055468210965e-07,7719,
249,3.799385376623832e-05,7.272890343301697e-06,2.2686828060614062e-07,7729,
249,3.821768405032344e-05,4.982263362762751e-06,2.123162090583719e-07,7739,
249,3.6263510992284864e-05,4.5236006371851545e-06,3.4535085902120954e-09,7749,
249,,,,7749,3.836501855403185e-05
250,3.83633014280349e-05,5.523309937416343e-06,2.2402500121643243e-07,7759,
250,3.740732427104376e-05,6.36635104456218e-06,2.3206447963275423e-07,7769,
250,3.772855052375235e-05,6.083029347792035e-06,2.422583804673195e-07,7779,
250,,,,7780,4.035839083371684e-05
251,3.846717663691379e-05,5.943819360254565e-06,2.377739463099715e-07,7789,
251,3.6583252949640155e-05,5.515059001481859e-06,2.0606972839232185e-07,7799,
251,3.759091850952245e-05,6.247318651730893e-06,2.1711237252475257e-07,7809,
251,,,,7811,3.787706737057306e-05
252,3.747134906006977e-05,7.0029609560151584e-06,2.2412417877148982e-07,7819,
252,3.7872319808229804e-05,5.6064022828650195e-06,2.2089869844421628e-07,7829,
252,3.77389915229287e-05,6.162270437926054e-06,2.1399721106263314e-07,7839,
252,,,,7842,3.786544766626321e-05
253,3.6574845580616966e-05,5.224525921221357e-06,2.1880229894577496e-07,7849,
253,3.7155226891627535e-05,5.6106036936398596e-06,2.2686137413074903e-07,7859,
253,3.7155528843868524e-05,5.020831395086134e-06,2.2997160442628228e-07,7869,
253,,,,7873,3.734704660018906e-05
254,3.824110171990469e-05,5.663535375788342e-06,2.3470707333217433e-07,7879,
254,3.6939560231985524e-05,5.115092335472582e-06,2.2424545420562936e-07,7889,
254,3.652246596175246e-05,5.348911145119928e-06,2.1782636849820847e-07,7899,
254,,,,7904,3.7630070437444374e-05
255,3.85111452487763e-05,5.52136907572276e-06,2.1205501354870648e-07,7909,
255,3.4789260098477826e-05,4.780220024258597e-06,2.082270071923631e-07,7919,
255,3.7568835978163406e-05,5.149043772689765e-06,2.322861831771661e-07,7929,
255,,,,7935,3.7109868571860716e-05
256,3.844535967800766e-05,7.480665317416424e-06,2.3387933367757796e-07,7939,
256,3.715709681273438e-05,5.024186066293623e-06,2.265451968241905e-07,7949,
256,3.712896432261914e-05,4.985852228855947e-06,2.1617650247662823e-07,7959,
256,,,,7966,3.745423600776121e-05
257,3.887421189574525e-05,1.0486001883691642e-05,2.501337803550996e-07,7969,
257,3.732365439645946e-05,5.978698936814908e-06,2.2231552065932192e-07,7979,
257,3.659600406535901e-05,5.910388608754147e-06,2.3484793132411141e-07,7989,
257,,,,7997,3.687117714434862e-05
258,3.702781395986676e-05,9.068930921785068e-06,2.1479257839018828e-07,7999,
258,3.517408185871318e-05,5.341711585060693e-06,2.090518904651617e-07,8009,
258,3.695664418046363e-05,6.081675110181095e-06,2.3409337757129833e-07,8019,
258,,,,8028,3.62162318197079e-05
259,3.668046338134445e-05,5.896696166018955e-06,2.3356086842341028e-07,8029,
259,3.5516623029252514e-05,6.186111022543628e-06,2.34646563512797e-07,8039,
259,3.6387536965776235e-05,5.128200882609235e-06,2.1797818305913097e-07,8049,
259,3.43719802913256e-05,3.831354661087971e-06,3.6226992516930068e-09,8059,
259,,,,8059,3.6039662518305704e-05
260,3.621031282818876e-05,7.282949809450656e-06,2.3014423788936256e-07,8069,
260,3.722194014699198e-05,5.643605163641041e-06,2.384908270869346e-07,8079,
260,3.567821113392711e-05,6.329643838398624e-06,2.496979618626938e-07,8089,
260,,,,8090,3.650064900284633e-05
261,3.664431642391719e-05,7.333333087444771e-06,2.4508383944521483e-07,8099,
261,3.72675531252753e-05,5.553525170398643e-06,2.1207145550761197e-07,8109,
261,3.586326783988625e-05,5.006096671422711e-06,2.2359601814514463e-07,8119,
261,,,,8121,3.682251553982496e-05
262,3.5722296161111444e-05,5.219427748670569e-06,2.3071454791079304e-07,8129,
262,3.604754601838067e-05,5.243040504865348e-06,2.2593901860545884e-07,8139,
262,3.516827564453706e-05,5.021779998060083e-06,2.2061290394503885e-07,8149,
262,,,,8152,3.5812448913929984e-05
263,3.588261824916117e-05,5.600393251370406e-06,2.2494722884403018e-07,8159,
263,3.510462192934938e-05,5.777761089120759e-06,2.3319580577663146e-07,8169,
263,3.529435343807563e-05,4.765925496030832e-06,2.3639393020857824e-07,8179,
263,,,,8183,3.571184061001986e-05
264,3.562938218237832e-05,5.666603101417422e-06,2.415940798528027e-07,8189,
264,3.473752076388337e-05,5.199352472118335e-06,2.310968341134867e-07,8199,
264,3.4663156839087605e-05,4.7022977014421485e-06,2.2390703691144154e-07,8209,
264,,,,8214,3.527914668666199e-05
265,3.641562580014579e-05,8.409824658883736e-06,2.1843283093403443e-07,8219,
265,3.327146987430751e-05,4.524440100794891e-06,2.139553885172063e-07,8229,
265,3.5457866033539176e-05,4.752162112708902e-06,2.3807226057215303e-07,8239,
265,,,,8245,3.5182154533686116e-05
266,3.708799340529367e-05,9.027090527524706e-06,2.409762203114951e-07,8249,
266,3.456694685155526e-05,4.8244414756482e-06,2.3351270783678046e-07,8259,
266,3.481838939478621e-05,4.372973762656329e-06,2.2241948727241834e-07,8269,
266,,,,8276,3.5036977351410314e-05
267,3.5778160963673145e-05,6.8348012973729055e-06,2.5786494006752037e-07,8279,
267,3.482529427856207e-05,5.546427473746007e-06,2.291594540793085e-07,8289,
267,3.454730176599696e-05,5.002697889722185e-06,2.4164901901713165e-07,8299,
267,,,,8307,3.492767064017244e-05
268,3.5841319913743064e-05,6.8988942985015456e-06,2.205301257163228e-07,8309,
268,3.3892640203703195e-05,5.52736628378625e-06,2.156661764729506e-07,8319,
268,3.509070666041225e-05,5.516548753803363e-06,2.4037544221755525e-07,8329,
268,,,,8338,3.482839383650571e-05
269,3.526494765537791e-05,6.265552656259388e-06,2.403919268090249e-07,8339,
269,3.497501529636793e-05,8.460671779175755e-06,2.4296511469401594e-07,8349,
269,3.7782603612868115e-05,9.61175737757003e-06,2.241906145172834e-07,8359,
269,3.276010465924628e-05,3.983449005318107e-06,3.7907037508944086e-09,8369,
269,,,,8369,3.62036116712261e-05
270,3.483985346974805e-05,5.3773342187923845e-06,2.366906954875958e-07,8379,
270,3.4062111808452755e-05,4.827495104109403e-06,2.4564164391449594e-07,8389,
270,3.405304596526548e-05,5.190689989831299e-06,2.5816285642576986e-07,8399,
270,,,,8400,3.4766846511047333e-05
271,3.44038380717393e-05,4.6428590394498315e-06,2.529467053591361e-07,8409,
271,3.285922866780311e-05,4.103945229871897e-06,2.1912742909080407e-07,8419,
271,3.361335984664038e-05,4.370649094198598e-06,2.3058059639424755e-07,8429,
271,,,,8431,3.409867349546403e-05
272,3.341334740980528e-05,4.624877419701079e-06,2.3827271888876567e-07,8439,
272,3.396439933567308e-05,4.246561275067506e-06,2.320509935316295e-07,8449,
272,3.351889245095663e-05,4.199815066385781e-06,2.2789376430409902e-07,8459,
272,,,,8462,3.351266423123889e-05
273,3.315961657790467e-05,5.412797690951265e-06,2.316952105729797e-07,8469,
273,3.318094240967184e-05,4.282458121451782e-06,2.398866740804806e-07,8479,
273,3.350360566400923e-05,4.594866823026678e-06,2.436286195006687e-07,8489,
273,,,,8493,3.350225233589299e-05
274,3.491481038508937e-05,6.238602509256452e-06,2.492576811619074e-07,8499,
274,3.302423647255637e-05,4.141387307754485e-06,2.384321362569608e-07,8509,
274,3.331871630507521e-05,4.955348686053185e-06,2.30611860274621e-07,8519,
274,,,,8524,3.345665754750371e-05
275,3.576631934265606e-05,7.767918759782333e-06,2.2538318944498315e-07,8529,
275,3.2009273127187043e-05,3.973692855652189e-06,2.200049635803225e-07,8539,
275,3.418675987632014e-05,5.909401352255372e-06,2.444970164106053e-07,8549,
275,,,,8555,3.440690124989487e-05
276,4.1970859456341714e-05,1.5968513253028505e-05,2.486885080088541e-07,8559,
276,3.417926563997753e-05,4.669927420763997e-06,2.408809507414844e-07,8569,
276,3.340832336107269e-05,4.607360551744932e-06,2.2910802499609417e-07,8579,
276,,,,8586,3.4031963878078386e-05
277,3.650011058198288e-05,1.0403257874713745e-05,2.666409670837311e-07,8589,
277,3.467246642685495e-05,7.977886525623035e-06,2.3666144954859192e-07,8599,
277,3.3267489925492555e-05,5.1294969125592615e-06,2.4937301645877596e-07,8609,
277,,,,8617,3.335811197757721e-05
278,3.352219209773466e-05,5.591501576418523e-06,2.2704585944666178e-07,8619,
278,3.238642239011824e-05,4.26380984208663e-06,2.2263965604452096e-07,8629,
278,3.33034731738735e-05,4.41181282440084e-06,2.4732767656132637e-07,8639,
278,,,,8648,3.2918575016083196e-05
279,3.334861321491189e-05,5.2352293096191715e-06,2.4823464173096e-07,8649,
279,3.349290636833757e-05,6.187819508340908e-06,2.5178019313898403e-07,8659,
279,3.367028693901375e-05,5.369513473851839e-06,2.3131275384002947e-07,8669,
279,3.2071053283289075e-05,3.965958512708312e-06,3.962897565656931e-09,8679,
279,,,,8679,3.5525627026800066e-05
280,3.366319288033992e-05,7.928260856715497e-06,2.4392508635173726e-07,8689,
280,3.2529245800105855e-05,5.118308308738051e-06,2.5343283027723373e-07,8699,
280,3.246894993935712e-05,4.49446042694035e-06,2.6688894649851136e-07,8709,
280,,,,8710,3.4276217775186524e-05
281,3.321029362268746e-05,4.890717264061095e-06,2.6120966367670917e-07,8719,
281,3.260727316956036e-05,5.0839248615375254e-06,2.260054401403977e-07,8729,
281,3.2639698474667966e-05,3.999759428552352e-06,2.3811016092167847e-07,8739,
281,,,,8741,3.273928086855449e-05
282,3.20054532494396e-05,4.219133188598789e-06,2.4615607685518626e-07,8749,
282,3.25375804095529e-05,3.937317615054781e-06,2.387106974310882e-07,8759,
282,3.213769741705619e-05,4.31361104347161e-06,2.3563480056054686e-07,8769,
282,,,,8772,3.2992917113006115e-05
283,3.234277755836956e-05,4.692888524004957e-06,2.3883498556642735e-07,8779,
283,3.208792986697517e-05,4.498379439610289e-06,2.471348636845505e-07,8789,
283,3.20432627631817e-05,4.01758506995975e-06,2.514756829441467e-07,8799,
283,,,,8803,3.2027346605900675e-05
284,3.2453164749313146e-05,4.660179456550395e-06,2.573628989921417e-07,8809,
284,3.192318035871722e-05,3.923066742572701e-06,2.46336071541009e-07,8819,
284,3.1912077247397974e-05,4.071552666573552e-06,2.3786617475707317e-07,8829,
284,,,,8834,3.193759766872972e-05
285,3.195451063220389e-05,4.043924491270445e-06,2.3279025640476902e-07,8839,
285,3.119993561995216e-05,3.9592109715158585e-06,2.2689810919018782e-07,8849,
285,3.241145532228984e-05,4.4433181756176054e-06,2.5160616701214167e-07,8859,
285,,,,8865,3.1926938390824944e-05
286,3.448589995969087e-05,9.764735295902938e-06,2.5675819870230043e-07,8869,
286,3.3560787414899096e-05,8.125721251417417e-06,2.4900776907088584e-07,8879,
286,3.229527283110656e-05,5.333161880116677e-06,2.3656184566789307e-07,8889,
286,,,,8896,3.2638574339216575e-05
287,3.6556531995302066e-05,1.5611411072313786e-05,2.758150117188052e-07,8899,
287,3.288821244495921e-05,5.457713996293023e-06,2.444290601033572e-07,8909,
287,3.130486948066391e-05,4.190963409200776e-06,2.5746211917976325e-07,8919,
287,,,,8927,3.2956715585896745e-05
288,3.689743607537821e-05,7.304686278075678e-06,2.3392382786369126e-07,8929,
288,3.2069288863567635e-05,4.8875676839088555e-06,2.3013021177575865e-07,8939,
288,3.170666241203435e-05,4.169936801190488e-06,2.547966744259611e-07,8949,
288,,,,8958,3.1704901630291715e-05
289,3.211966759408824e-05,3.7821894238732057e-06,2.5610094667172234e-07,8959,
289,3.0963106837589294e-05,3.6730532428919105e-06,2.6084114779223455e-07,8969,
289,3.161279164487496e-05,4.162165623711189e-06,2.384309425451647e-07,8979,
289,2.914167635026388e-05,2.5223541797458893e-06,4.129417696674409e-09,8989,
289,,,,8989,3.122004272881895e-05
290,3.1007501092972234e-05,4.032021479360992e-06,2.5166048089886317e-07,8999,
290,3.082790499320254e-05,4.151242592342896e-06,2.617003929117345e-07,9009,
290,3.1121242500375956e-05,4.248147433827398e-06,2.7568768246055697e-07,9019,
290,,,,9020,3.0999355658423156e-05
291,3.117180312983692e-05,3.9434980863006786e-06,2.6962442234435e-07,9029,
291,3.0512203011312522e-05,5.360739578463836e-06,2.3355178768724727e-07,9039,
291,3.1716859666630626e-05,4.7759676817804575e-06,2.4595217951173254e-07,9049,
291,,,,9051,3.1387648050440475e-05
292,3.112197373411618e-05,4.574899776343955e-06,2.546784401147306e-07,9059,
292,3.1841576856095344e-05,5.9851654441445135e-06,2.4600035430921707e-07,9069,
292,3.152156568830833e-05,5.427800715551712e-06,2.4357638039873564e-07,9079,
292,,,,9082,3.1865143682807684e-05
293,3.3707932743709534e-05,6.878469775983831e-06,2.465025374931429e-07,9089,
293,3.1249888706952333e-05,5.479196715896251e-06,2.5468276021456404e-07,9099,
293,3.119645043625496e-05,3.906331130565377e-06,2.5958198079933936e-07,9109,
293,,,,9113,3.157100945827551e-05
294,3.212563751731068e-05,5.741235327150207e-06,2.6583157364257204e-07,9119,
294,3.101352194789797e-05,4.494391760090366e-06,2.5448355245316634e-07,9129,
294,3.0514616810251027e-05,3.6070571240998106e-06,2.450914848850516e-07,9139,
294,,,,9144,3.097124499618076e-05
295,3.159561310894787e-05,9.233767741534393e-06,2.403381245130731e-07,9149,
295,2.941729144367855e-05,4.019893822260201e-06,2.341448634979315e-07,9159,
295,3.0906339816283435e-05,3.93254140362842e-06,2.59197435070746e-07,9169,
295,,,,9175,3.06472611555364e-05
296,3.271161040174775e-05,5.438515017885948e-06,2.650958492722566e-07,9179,
296,3.098878369200975e-05,3.82239204554935e-06,2.572185451299447e-07,9189,
296,3.0733175663044676e-05,3.905328867404023e-06,2.4406753595940245e-07,9199,
296,,,,9206,3.1049556127982214e-05
297,3.379434201633558e-05,6.389042482624063e-06,2.8537246521409543e-07,9209,
297,3.174277662765235e-05,3.857093815895496e-06,2.527065703361586e-07,9219,
297,2.9891491067246534e-05,3.405280267543276e-06,2.661171265572193e-07,9229,
297,,,,9237,3.119454413536005e-05
298,3.482718238956295e-05,6.988987479417119e-06,2.412302819720935e-07,9239,
298,2.9819597330060787e-05,3.3020253340509953e-06,2.3762812872973882e-07,9249,
298,3.0217715902836062e-05,3.536203166731866e-06,2.62733408362692e-07,9259,
298,,,,9268,3.098476372542791e-05
299,3.137409657938406e-05,4.276310392015148e-06,2.642307777023234e-07,9269,
299,2.9770169930998236e-05,4.297412942833034e-06,2.701673338378896e-07,9279,
299,3.0830997275188565e-05,4.499125680013094e-06,2.458895949075668e-07,9289,
299,2.809342731779907e-05,3.285662387497723e-06,4.288815080855102e-09,9299,
299,,,,9299,3.095776992267929e-05
300,3.0440469345194288e-05,5.617465376417385e-06,2.597986110686179e-07,9309,
300,3.070182719966397e-05,5.080395567347296e-06,2.704514940887748e-07,9319,
300,3.053131513297558e-05,5.228620011621388e-06,2.849248801339854e-07,9329,
300,,,,9330,3.0988849175628275e-05
301,3.0391545806196518e-05,5.1669226195372175e-06,2.7825342385767726e-07,9339,
301,2.966154170280788e-05,3.562691972547327e-06,2.4111196239573474e-07,9349,
301,3.0614755814895034e-05,4.140859346080106e-06,2.5429332595194865e-07,9359,
301,,,,9361,3.074979395023547e-05
302,3.0946870538173243e-05,4.374564923637081e-06,2.632178563999332e-07,9369,
302,2.9863422241760418e-05,3.304296797068673e-06,2.5369317313561623e-07,9379,
302,2.9429133064695634e-05,3.4729280287137954e-06,2.521019268897362e-07,9389,
302,,,,9392,3.050035229534842e-05
303,2.9427959816530347e-05,3.522631004670984e-06,2.5466107445026864e-07,9399,
303,2.9223490855656564e-05,3.429389835218899e-06,2.626238710945472e-07,9409,
303,2.9474367693183012e-05,3.473095148365246e-06,2.681874207155488e-07,9419,
303,,,,9423,2.9864799216738902e-05
304,2.9906583222327754e-05,3.599139745347202e-06,2.744639857610309e-07,9429,
304,2.90244170173537e-05,3.0877945391694084e-06,2.632729092510999e-07,9439,
304,2.9173563234508038e-05,3.1658958050684305e-06,2.529171467813285e-07,9449,
304,,,,9454,2.956267235276755e-05
305,2.967176988022402e-05,4.156408067501616e-06,2.48358986709718e-07,9459,
305,2.811434751492925e-05,3.4142501590395113e-06,2.415603432837088e-07,9469,
305,2.9745191568508744e-05,3.7616634926962433e-06,2.6698586452766904e-07,9479,
305,,,,9485,2.9911790988990106e-05
306,3.3024440199369565e-05,8.525900739186909e-06,2.737170348154905e-07,9489,
306,3.0240526029956527e-05,5.175755632080836e-06,2.6563509436527966e-07,9499,
306,2.9599072149721906e-05,4.626272129826248e-06,2.517955692837859e-07,9509,
306,,,,9516,3.052132888115011e-05
307,3.443197419983335e-05,1.1846872439491563e-05,2.958118159313017e-07,9519,
307,3.0592727853218094e-05,6.235054115677485e-06,2.6098922489836696e-07,9529,
307,2.9421424187603407e-05,4.488286322157364e-06,2.746517679952376e-07,9539,
307,,,,9547,2.9870454454794526e-05
308,3.1134892196860164e-05,1.0669145012798253e-05,2.486820562808134e-07,9549,
308,3.052790998481214e-05,5.5480409173469525e-06,2.4549768795623095e-07,9559,
308,3.0445988159044646e-05,4.2729716369649395e-06,2.7075108732788067e-07,9569,
308,,,,9578,2.9732171242358163e-05
309,3.007930536114145e-05,4.023318524559727e-06,2.727479682107514e-07,9579,
309,2.963035694847349e-05,3.951874532504007e-06,2.790519886275433e-07,9589,
309,3.067873331019655e-05,4.704086222773185e-06,2.534403620302328e-07,9599,
309,2.661202597664669e-05,2.346049086554558e-06,4.448085011432568e-09,9609,
309,,,,9609,2.916847006417811e-05
310,2.9076842110953294e-05,3.43952706316486e-06,2.6788751483763917e-07,9619,
310,2.9141090635675937e-05,3.610357452998869e-06,2.794262741190323e-07,9629,
310,2.9030754376435652e-05,4.185335910733556e-06,2.9453784122779325e-07,9639,
310,,,,9640,2.920599035860505e-05
311,2.8838132493547164e-05,3.371721049916232e-06,2.871328774745052e-07,9649,
311,2.8794154786737636e-05,5.301975306792883e-06,2.490340023086901e-07,9659,
311,2.9412665753625333e-05,5.6181497711804695e-06,2.6269728437000595e-07,9669,
311,,,,9671,2.968681656057015e-05
312,2.936515011242591e-05,5.085074917587917e-06,2.720397560551646e-07,9679,
312,2.8699034373858012e-05,3.452590817687451e-06,2.6173958644903905e-07,9689,
312,2.8754566301358864e-05,3.9694687075098045e-06,2.6070486569551576e-07,9699,
312,,,,9702,3.03590131807141e-05
313,2.925972148659639e-05,4.609304141922621e-06,2.62944325868375e-07,9709,
313,2.8453776394599117e-05,3.2651075798639795e-06,2.705815518311283e-07,9719,
313,2.8516977181425318e-05,3.2702960197639186e-06,2.769162392723956e-07,9729,
313,,,,9733,3.0178711313055828e-05
314,2.929446600319352e-05,3.6880571769870585e-06,2.8350868319648725e-07,9739,
314,2.79938722087536e-05,2.841715058821137e-06,2.719896201597294e-07,9749,
314,2.8444963390938938e-05,3.148768882965669e-06,2.607941951282555e-07,9759,
314,,,,9764,2.9093556804582477e-05
315,2.8225746063981205e-05,3.5440582450974034e-06,2.564296721629944e-07,9769,
315,2.7127043722430244e-05,2.750354497038643e-06,2.493740964837343e-07,9779,
315,2.8489301257650368e-05,3.303356834294391e-06,2.7510444056133565e-07,9789,
315,,,,9795,2.8021575417369604e-05
316,2.8890040994156152e-05,4.7517391976725776e-06,2.824479281571257e-07,9799,
316,2.8398382710292935e-05,3.690891162477783e-06,2.742633284924523e-07,9809,
316,2.814350045809988e-05,3.575440814529429e-06,2.5973807282753114e-07,9819,
316,,,,9826,2.811613740050234e-05
317,3.0187080483301543e-05,8.125017302518245e-06,3.0594344480050495e-07,9829,
317,2.8770178687409498e-05,5.321249318512855e-06,2.695795444651594e-07,9839,
317,2.8480142646003515e-05,4.194390385237057e-06,2.8373469262987783e-07,9849,
317,,,,9857,2.9306072974577546e-05
318,3.241958620492369e-05,1.2895280633529183e-05,2.5656237312432495e-07,9859,
318,2.7962982130702585e-05,3.346136281834333e-06,2.5316688834209344e-07,9869,
318,2.817665517795831e-05,3.4074587347276974e-06,2.7874659735971363e-07,9879,
318,,,,9888,2.847803625627421e-05
319,2.8822681997553445e-05,3.315401500003645e-06,2.811956392179127e-07,9889,
319,2.7984240659861825e-05,3.3880678529385477e-06,2.8860594625257363e-07,9899,
319,2.8109840059187263e-05,3.5701013985089958e-06,2.611776039884717e-07,9909,
319,2.5667059162515216e-05,2.3327993403654546e-06,4.604325365420436e-09,9919,
319,,,,9919,2.9776665542158298e-05
320,2.824518014676869e-05,3.479019596852595e-06,2.7642437316899304e-07,9929,
320,2.7730135116144083e-05,3.250860117987031e-06,2.8854668698841124e-07,9939,
320,2.7614467398962006e-05,3.2961013403109973e-06,3.041755007870961e-07,9949,
320,,,,9950,2.90663283522008e-05
321,2.7833222702611238e-05,4.108321718376828e-06,2.960017013720062e-07,9959,
321,2.696764022402931e-05,3.1253268844011473e-06,2.568483807863231e-07,9969,
321,2.7951587981078774e-05,3.4089614473487018e-06,2.7130701596433937e-07,9979,
321,,,,9981,2.8442975235520862e-05
322,2.8152171580586582e-05,3.849053882731823e-06,2.8078866876057873e-07,9989,
322,2.748191764112562e-05,3.1623192171537085e-06,2.6992341872755787e-07,9999,
322,2.739777301030699e-05,3.478591679595411e-06,2.696854437544971e-07,10009,
322,,,,10012,2.7695909011526965e-05
323,2.735283487709239e-05,3.149106987621053e-06,2.714824063332344e-07,10019,
323,2.67623363470193e-05,2.973883965751156e-06,2.7869069185726403e-07,10029,
323,2.774943641270511e-05,3.473424385447288e-06,2.8591765044438944e-07,10039,
323,,,,10043,2.812112870742567e-05
324,2.9741997423116118e-05,1.2948618859809358e-05,2.9244154120533494e-07,10049,
324,2.9360813641687855e-05,6.719115390296793e-06,2.8078730451852607e-07,10059,
324,2.8459109671530314e-05,4.953898042003857e-06,2.685636957266979e-07,10069,
324,,,,10074,2.7970090741291642e-05
325,2.8261363695492037e-05,7.1371468948200345e-06,2.644334529122716e-07,10079,
325,2.7395790311857127e-05,5.45258262718562e-06,2.572170672010543e-07,10089,
325,2.7919317290070467e-05,3.794427584580262e-06,2.8329159817985783e-07,10099,
325,,,,10105,2.7947873604716733e-05
326,2.779955684673041e-05,3.610401563491905e-06,2.912055947490444e-07,10109,
326,2.698860589589458e-05,3.081148634009878e-06,2.8289284159654926e-07,10119,
326,2.64999416685896e-05,2.7732542093872325e-06,2.6788029572344385e-07,10129,
326,,,,10136,2.710652734094765e-05
327,2.817884524120018e-05,3.5334644508111523e-06,3.1572363923260127e-07,10139,
327,2.7628542738966644e-05,3.123836449958617e-06,2.781571595278365e-07,10149,
327,2.659148958628066e-05,2.9820862437190954e-06,2.93007133223e-07,10159,
327,,,,10167,2.799713911372237e-05
328,3.0686103855259717e-05,6.488413873739773e-06,2.643380980771326e-07,10169,
328,2.6933990739053115e-05,4.1248908928537276e-06,2.611390357287746e-07,10179,
328,2.6828043701243587e-05,3.7006793718319386e-06,2.8728481993312016e-07,10189,
328,,,,10198,2.7085619876743294e-05
329,2.733721339609474e-05,3.442795787123032e-06,2.8995066259085434e-07,10199,
329,2.6472398531041108e-05,4.399098088470055e-06,2.9797817546750593e-07,10209,
329,2.6864889150601812e-05,3.5134046356688486e-06,2.6906431571660505e-07,10219,
329,2.4358763766940683e-05,2.2303670448309276e-06,4.767881645051375e-09,10229,
329,,,,10229,2.844783193722833e-05
330,2.6958870876114815e-05,4.61012450614362e-06,2.8498595838755136e-07,10239,
330,2.6723608243628405e-05,3.431780442042509e-06,2.976405824028916e-07,10249,
330,2.6348659957875498e-05,2.987552534250426e-06,3.1384692533720226e-07,10259,
330,,,,10260,2.8283760912017897e-05
331,2.7444595616543666e-05,3.806748054557829e-06,3.0496508429678215e-07,10269,
331,3.115211075055413e-05,3.0628318654635223e-06,2.646955579166388e-07,10279,
331,2.8237836886546575e-05,3.883042609231779e-06,2.799691003474436e-07,10289,
331,,,,10291,3.0097935450612567e-05
332,3.240085061406717e-05,5.27059410160291e-06,2.8988796429985086e-07,10299,
332,2.6809611881617457e-05,3.143723006360233e-06,2.784510684250563e-07,10309,
332,2.6725487259682268e-05,3.371859975231928e-06,2.7849401362800563e-07,10319,
332,,,,10322,2.752902582869865e-05
333,2.812231468851678e-05,3.945529897464439e-06,2.799166622935445e-07,10329,
333,2.5931665732059628e-05,3.3007218007696792e-06,2.8687770736723905e-07,10339,
333,2.670068533916492e-05,2.598465471237432e-06,2.9493074293895916e-07,10349,
333,,,,10353,2.6190176868112758e-05
334,2.6907831852440722e-05,3.9968931559997145e-06,3.0125718808449164e-07,10359,
334,2.62536559603177e-05,2.7534697437658906e-06,2.8948571184628236e-07,10369,
334,2.5890862161759287e-05,2.4671323899383424e-06,2.769081106634985e-07,10379,
334,,,,10384,2.595714249764569e-05
335,2.6789537514559925e-05,7.080657724145567e-06,2.7305873118166346e-07,10389,
335,2.4871627829270437e-05,2.3932307158247568e-06,2.651829618116608e-07,10399,
335,2.6125217118533328e-05,3.0534974939655513e-06,2.9162640657887096e-07,10409,
335,,,,10415,2.6217516278848052e-05
336,2.7844855139846914e-05,9.874411261989735e-06,3.0018040320101136e-07,10419,
336,2.5498240574961528e-05,2.715650680329418e-06,2.9162734449528216e-07,10429,
336,2.531425707275048e-05,2.8463650778576266e-06,2.757687695975619e-07,10439,
336,,,,10446,2.6492347387829795e-05
337,2.8628621294046752e-05,6.247471446840791e-06,3.261306460444757e-07,10449,
337,2.6237119527650066e-05,3.074794676649617e-06,2.870771425023122e-07,10459,
337,2.5508184990030713e-05,3.179930445185164e-06,3.0224862257455243e-07,10469,
337,,,,10477,2.6631099899532273e-05
338,2.8826092602685094e-05,5.513610176421935e-06,2.7242651867709355e-07,10479,
338,2.540176319598686e-05,3.2162877232622122e-06,2.690922258352657e-07,10489,
338,2.5553119485266507e-05,3.2614734664093703e-06,2.955985110020265e-07,10499,
338,,,,10508,2.665430656634271e-05
339,2.69952342932811e-05,3.4583915748953586e-06,2.9890736641391413e-07,10509,
339,2.5581666704965755e-05,3.4551940188976005e-06,3.075138863550819e-07,10519,
339,2.519199188100174e-05,2.8283045594434952e-06,2.770205469460052e-07,10529,
339,2.3503045667894185e-05,2.1247074073471595e-06,4.926025809481871e-09,10539,
339,,,,10539,2.6724843337433413e-05
340,2.6417510525789112e-05,4.189470928395167e-06,2.9356667141655635e-07,10549,
340,2.57784722634824e-05,2.714491984079359e-06,3.068674629957968e-07,10559,
340,2.5723571525304578e-05,3.4062747999996645e-06,3.2390769888479554e-07,10569,
340,,,,10570,2.7097707061329857e-05
341,2.7672158466884866e-05,4.916132184007438e-06,3.139392958928511e-07,10579,
341,2.9011915103183128e-05,4.098794306628406e-06,2.7266938218417636e-07,10589,
341,2.7200043405173346e-05,3.6496767279459164e-06,2.8863661327704904e-07,10599,
341,,,,10601,2.7589472665567882e-05
342,2.8169639335828833e-05,3.945075604860904e-06,2.986890592637792e-07,10609,
342,2.52699446718907e-05,2.9260643259476637e-06,2.8618873670893663e-07,10619,
342,2.4983257389976643e-05,2.7748856155085377e-06,2.871449282793037e-07,10629,
342,,,,10632,2.5534862288623117e-05
343,2.484541619196534e-05,3.0691514893987915e-06,2.88739954612538e-07,10639,
343,2.4617085728095844e-05,3.0517662708007265e-06,2.9531253176173777e-07,10649,
343,2.471686457283795e-05,2.6313180114811985e-06,3.0404544304474257e-07,10659,
343,,,,10663,2.493388092261739e-05
344,2.53100097324932e-05,3.1856900477578165e-06,3.104538848219818e-07,10669,
344,2.4735878469073214e-05,2.6454304133949336e-06,2.9857525873921986e-07,10679,
344,2.484533251845278e-05,2.4157088773790747e-06,2.850258908893011e-07,10689,
344,,,,10694,2.5154549803119153e-05
345,2.5455994546064176e-05,5.642080395773519e-06,2.814162769482209e-07,10699,
345,2.418352414679248e-05,2.8345052669465076e-06,2.735883128934802e-07,10709,
345,2.5075380108319223e-05,3.1630595458409516e-06,3.001898960519611e-07,10719,
345,,,,10725,2.618072358018253e-05
346,3.0124158001854084e-05,1.1058542440878227e-05,3.0952449492360756e-07,10729,
346,2.5965633540181443e-05,3.3745843666110886e-06,3.0070697221162845e-07,10739,
346,2.4358456357731484e-05,3.499055992506328e-06,2.840363322320627e-07,10749,
346,,,,10756,2.6613755835569464e-05
347,2.9280672606546432e-05,1.1613471542659681e-05,3.3674206179057364e-07,10759,
347,2.615588891785592e-05,3.868039129883982e-06,2.9603546636280953e-07,10769,
347,2.5207456928910688e-05,3.0458520541287726e-06,3.1171293812803924e-07,10779,
347,,,,10787,2.6061887183459476e-05
348,2.8501484848675318e-05,6.93761694492423e-06,2.807305179430841e-07,10789,
348,2.4962519091786817e-05,3.1081306133273756e-06,2.7711135430763534e-07,10799,
348,2.464231147314422e-05,2.9621130579471355e-06,3.0423387897826615e-07,10809,
348,,,,10818,2.5597062631277367e-05
349,2.58901509369025e-05,3.4192714792879997e-06,3.079732380228961e-07,10819,
349,2.4634829969727434e-05,2.7038449843530543e-06,3.169226374666323e-07,10829,
349,2.407700776529964e-05,2.742649030551547e-06,2.8517573014141817e-07,10839,
349,2.225215212092735e-05,1.977134843400563e-06,5.080651455102725e-09,10849,
349,,,,10849,2.517335451557301e-05
350,2.4514374672435224e-05,2.7134353786095744e-06,3.024259456196887e-07,10859,
350,2.4042343284236267e-05,2.9321843157958938e-06,3.163231383496168e-07,10869,
350,2.4005767045309767e-05,2.6531843104748987e-06,3.339279146530316e-07,10879,
350,,,,10880,2.4821441911626607e-05
351,2.432545807096176e-05,2.7219812182011083e-06,3.231288019378553e-07,10889,
351,2.3849548597354442e-05,3.0136604891595198e-06,2.814502693126997e-07,10899,
351,2.413682159385644e-05,2.6577934022498084e-06,2.9765632802991604e-07,10909,
351,,,,10911,2.444825258862693e-05
352,2.5094648663070984e-05,3.563108521120739e-06,3.081649424530042e-07,10919,
352,2.4598719392088242e-05,3.873643890983658e-06,2.956385003471951e-07,10929,
352,2.3905224225018173e-05,2.5359074697917094e-06,2.9686287916774745e-07,10939,
352,,,,10942,2.5309504053439014e-05
353,2.526348725950811e-05,3.4034308100672206e-06,2.981965110393503e-07,10949,
353,2.4440956622129306e-05,4.949853973812424e-06,3.041614604626375e-07,10959,
353,2.511035927454941e-05,2.957132664960227e-06,3.1340960049419664e-07,10969,
353,,,,10973,2.780378781608306e-05
354,2.7052603400079533e-05,4.46520471086842e-06,3.201866149993293e-07,10979,
354,2.442849836370442e-05,4.552055997919524e-06,3.08215248878696e-07,10989,
354,2.4618620955152437e-05,2.692465159270796e-06,2.9403705070762953e-07,10999,
354,,,,11004,2.5638511942815967e-05
355,2.6037454517791048e-05,7.275260031747166e-06,2.9087024699947506e-07,11009,
355,2.384620347584132e-05,5.102338946016971e-06,2.8222061132510134e-07,11019,
355,2.5078972612391226e-05,4.368303507362725e-06,3.0892127256265667e-07,11029,
355,,,,11035,2.7975282137049362e-05
356,2.6442545276950113e-05,1.1570191418286413e-05,3.1898326824375545e-07,11039,
356,2.466586920490954e-05,3.0365438306034775e-06,3.1003355616121553e-07,11049,
356,2.3035123376757838e-05,3.349601456648088e-06,2.9274050916683336e-07,11059,
356,,,,11066,2.417508585494943e-05
357,2.48036376433447e-05,5.998985670885304e-06,3.4707525742305734e-07,11069,
357,2.3302434783545323e-05,2.36349183069251e-06,3.052804231629125e-07,11079,
357,2.2957987312111072e-05,2.435011310808477e-06,3.2217423040492577e-07,11089,
357,,,,11097,2.353993295400869e-05
358,2.4072322048596106e-05,5.421339210442966e-06,2.8951524200238055e-07,11099,
358,2.2600461306865327e-05,2.3104278170649195e-06,2.8587308520400256e-07,11109,
358,2.2707550670020282e-05,2.196763261963497e-06,3.141429942843388e-07,11119,
358,,,,11128,2.315624624316115e-05
359,2.335522549401503e-05,2.5509043553029187e-06,3.1734782623971114e-07,11129,
359,2.2487376554636285e-05,2.5092388113989728e-06,3.267757335834176e-07,11139,
359,2.252207741548773e-05,2.671998345249449e-06,2.93947010732154e-07,11149,
359,2.0295918147894554e-05,1.718993758004217e-06,5.25366550263584e-09,11159,
359,,,,11159,2.3403454179060645e-05
360,2.2912747226655483e-05,2.7312214569974458e-06,3.119875486845558e-07,11169,
360,2.328095979464706e-05,3.565937504390604e-06,3.264900669819326e-07,11179,
360,2.293205943715293e-05,3.627611249612528e-06,3.4513519153733796e-07,11189,
360,,,,11190,2.4697805201867595e-05
361,2.3456241251551546e-05,4.516359695116989e-06,3.3303203395007586e-07,11199,
361,2.23663191718515e-05,3.5303758068039315e-06,2.9063411943752726e-07,11209,
361,2.33015507546952e-05,2.9972902666486334e-06,3.072572383189254e-07,11219,
361,,,,11221,2.4710065190447494e-05
362,2.4256392862298526e-05,5.724992661271244e-06,3.179117697982292e-07,11229,
362,2.3185386453405954e-05,3.08443281937798e-06,3.0501070114041795e-07,11239,
362,2.2957374312682077e-05,3.374398829691927e-06,3.070725540510466e-07,11249,
362,,,,11252,2.3269392841029912e-05
363,2.2587373678106815e-05,3.1036081509228097e-06,3.079866814914567e-07,11259,
363,2.218602276116144e-05,2.358131496293936e-06,3.1363668995254557e-07,11269,
363,2.2404537958209403e-05,2.4376533929171273e-06,3.2425208473796374e-07,11279,
363,,,,11283,2.2857308067614213e-05
364,2.2992124286247417e-05,2.446146709189634e-06,3.307862925794325e-07,11289,
364,2.2564350729226135e-05,2.011692913583829e-06,3.176769496349152e-07,11299,
364,2.216528264398221e-05,2.316055542905815e-06,3.0361766789610556e-07,11309,
364,,,,11314,2.2406107746064663e-05
365,2.2153913960210048e-05,2.480174543961766e-06,2.9993771022418514e-07,11319,
365,2.1161245967959985e-05,2.484808192093624e-06,2.918846178090462e-07,11329,
365,2.2150537915877067e-05,2.640828597577638e-06,3.196647639924777e-07,11339,
365,,,,11345,2.2224203348741867e-05
366,2.269616197736468e-05,3.7907793739577755e-06,3.300748403489706e-07,11349,
366,2.2041291231289506e-05,3.7667934975615935e-06,3.2116614079313877e-07,11359,
366,2.1945683329249732e-05,3.0285959837783594e-06,3.029321078429348e-07,11369,
366,,,,11376,2.2153062673169188e-05
367,2.3373742806143127e-05,3.0934897949919105e-06,3.596715600906464e-07,11379,
367,2.1846304662176408e-05,2.7042597139370628e-06,3.158164076921821e-07,11389,
367,2.223902993137017e-05,2.8141616894572508e-06,3.3348922556797334e-07,11399,
367,,,,11407,2.2448404706665315e-05
368,2.4163227863027714e-05,4.04319325753022e-06,2.9989124072926643e-07,11409,
368,2.157729431928601e-05,2.8030856356053846e-06,2.953699436147872e-07,11419,
368,2.1700332581531256e-05,2.7508276616572402e-06,3.2483680456607544e-07,11429,
368,,,,11438,2.2422900656238198e-05
369,2.2608146537095308e-05,3.077654127991991e-06,3.2860305054782657e-07,11439,
369,2.203516305598896e-05,4.678771347244037e-06,3.3808510124799795e-07,11449,
369,2.279728687426541e-05,6.445319741033018e-06,3.0342735612975957e-07,11459,
369,1.9302073269500397e-05,3.339121121825883e-06,5.464140251376648e-09,11469,
369,,,,11469,2.4371482140850276e-05
370,2.419972952338867e-05,9.288875844504219e-06,3.2348117429137346e-07,11479,
370,2.518029032216873e-05,9.013727321871556e-06,3.373402250872459e-07,11489,
370,2.1850530174560845e-05,5.985747066006297e-06,3.5757449268203345e-07,11499,
370,,,,11500,2.3092570700100623e-05
371,2.3345053705270402e-05,7.034531790850451e-06,3.4413682215017616e-07,11509,
371,2.0646828488679603e-05,2.280780336150201e-06,3.018421637079882e-07,11519,
371,2.1674275558325462e-05,2.6039103886432713e-06,3.1820488288758497e-07,11529,
371,,,,11531,2.255028266517911e-05
372,2.1975447452859953e-05,3.420650045882212e-06,3.291845303010632e-07,11539,
372,2.112797119480092e-05,2.1653331714333035e-06,3.1514721854364325e-07,11549,
372,2.125043101841584e-05,2.3993868580873823e-06,3.1857092608333915e-07,11559,
372,,,,11562,2.251773366879206e-05
373,2.1104171537444927e-05,3.2444011139887152e-06,3.1939148925630434e-07,11569,
373,2.0832130758208223e-05,2.337879777769558e-06,3.243300170652219e-07,11579,
373,2.0661982489400543e-05,2.3061422780301655e-06,3.3609947536206164e-07,11589,
373,,,,11593,2.252745980513282e-05
374,2.2539266865351237e-05,2.6373568289272953e-06,3.4309843499613635e-07,11599,
374,2.1306052076397464e-05,2.225893922513933e-06,3.2855029985512374e-07,11609,
374,2.0849054635618813e-05,2.4959460915852105e-06,3.144079130379396e-07,11619,
374,,,,11624,2.2600630472879857e-05
375,2.3198697817861103e-05,2.9415073186100926e-06,3.1055546401148604e-07,11629,
375,1.9836274077533744e-05,2.0558770756906597e-06,3.0274790674411634e-07,11639,
375,2.073750329145696e-05,2.3628963390365243e-06,3.311484420009947e-07,11649,
375,,,,11655,2.2669226382276975e-05
376,2.6469420845387504e-05,3.903030119545292e-06,3.42497031624589e-07,11659,
376,2.0427163690328598e-05,2.4873349957488244e-06,3.331465165956615e-07,11669,
376,2.0066951037733816e-05,2.3509160200774204e-06,3.1391030574923207e-07,11679,
376,,,,11686,2.230866448371671e-05
377,2.6257803256157786e-05,3.7294830690370873e-06,3.7302535815797455e-07,11689,
377,2.1286492483341135e-05,2.9851723866158864e-06,3.268234252118418e-07,11699,
377,2.0621719158953056e-05,2.4326179755007615e-06,3.4550666327959334e-07,11709,
377,,,,11717,2.1930853108642623e-05
378,2.4667237084941007e-05,3.4038025660265703e-06,3.110303907760681e-07,11719,
378,2.0506127839325927e-05,3.382474915269995e-06,3.0614452839472506e-07,11729,
378,2.001963548536878e-05,2.617968675622251e-06,3.370786316736485e-07,11739,
378,,,,11748,2.1624144210363738e-05
379,2.1885007299715653e-05,2.498334197298391e-06,3.4059746667480795e-07,11749,
379,2.0522325939964503e-05,3.1950983157003066e-06,3.507591088691697e-07,11759,
379,1.9893035641871393e-05,2.463325699864072e-06,3.1474928618990816e-07,11769,
379,1.7469605154474266e-05,1.7630135289437021e-06,5.720074192083757e-09,11779,
379,,,,11779,2.1558042135438882e-05
380,2.0264425984350964e-05,2.910918510679039e-06,3.36412767865113e-07,11789,
380,2.026459333137609e-05,2.217264864157187e-06,3.507344104036747e-07,11799,
380,1.9699484255397692e-05,2.5652341264503775e-06,3.7331915336835664e-07,11809,
380,,,,11810,2.1747348000644706e-05
381,2.0676050553447567e-05,2.361085307711619e-06,3.5716027468879474e-07,11819,
381,1.956178675754927e-05,2.4942071377154207e-06,3.143897231439041e-07,11829,
381,2.0365583623060957e-05,2.4586820472904947e-06,3.3047487590920355e-07,11839,
381,,,,11841,2.1700612705899402e-05
382,2.0656787455664016e-05,2.322063210158376e-06,3.4183483421657e-07,11849,
382,2.008700539590791e-05,2.4607206796645187e-06,3.2684468465049576e-07,11859,
382,2.030210816883482e-05,2.610540605019196e-06,3.312401304356172e-07,11869,
382,,,,11872,2.1257052139844745e-05
383,2.021625368797686e-05,3.07562731904909e-06,3.322981569908734e-07,11879,
383,1.9637189325294457e-05,2.6153213639190653e-06,3.366709790952882e-07,11889,
383,1.9478165995678864e-05,2.3368374968413264e-06,3.4928635272990505e-07,11899,
383,,,,11903,2.10025336855324e-05
384,2.1291543816914782e-05,4.000673015980283e-06,3.5674935361384996e-07,11909,
384,2.035213037743233e-05,2.5523606836941326e-06,3.4042258789668267e-07,11919,
384,1.9684341168613173e-05,2.0281513570807874e-06,3.2673602845534333e-07,11929,
384,,,,11934,2.1521032977034338e-05
385,2.2228203306440264e-05,5.2266618695284706e-06,3.2248260595224565e-07,11939,
385,1.9208760932087898e-05,2.582459046607255e-06,3.150973384435929e-07,11949,
385,1.984520349651575e-05,2.965981138913776e-06,3.4396069281683594e-07,11959,
385,,,,11965,2.2149244614411145e-05
386,2.5772838853299618e-05,9.5481318567181e-06,3.566080692962714e-07,11969,
386,2.4501145162503235e-05,8.857228749548085e-06,3.471056970738573e-07,11979,
386,2.01194216060685e-05,5.3744142860523425e-06,3.258138008277456e-07,11989,
386,,,,11996,2.221967042714823e-05
387,2.5986944820033386e-05,7.031657787592849e-06,3.8709990235474834e-07,11999,
387,2.0346775272628292e-05,2.912607214966556e-06,3.3926770015568763e-07,12009,
387,1.996241189772263e-05,2.5353433557029348e-06,3.5909980056203494e-07,12019,
387,,,,12027,2.0439099898794666e-05
388,2.2246738808462396e-05,4.4356920625432394e-06,3.236677059703652e-07,12029,
388,1.8573542547528632e-05,2.042545702352072e-06,3.177991061420471e-07,12039,
388,1.8510010704630986e-05,2.0161201064183842e-06,3.508991994749522e-07,12049,
388,,,,12058,1.9025528672500513e-05
389,1.9207567675039172e-05,2.291472128490568e-06,3.541056798894715e-07,12059,
389,1.859473377407994e-05,1.90861055671121e-06,3.639756016582396e-07,12069,
389,1.8080187146551907e-05,1.883108780020848e-06,3.270170054747723e-07,12079,
389,1.5696206901338883e-05,1.7014052673403057e-06,6.018329390400368e-09,12089,
389,,,,12089,1.9191256797057576e-05
390,1.859075746324379e-05,3.288154857727932e-06,3.50318344999323e-07,12099,
390,1.9200766473659314e-05,2.124563479810604e-06,3.646636059784214e-07,12109,
390,1.8341190298087895e-05,2.3504323962697526e-06,3.89862123029161e-07,12119,
390,,,,12120,1.9288851035526022e-05
391,1.8855205780710094e-05,3.13144823849143e-06,3.713423097906343e-07,12129,
391,1.8890721548814327e-05,2.411709829175379e-06,3.2801204952193075e-07,12139,
391,1.8862581782741472e-05,2.266081537527498e-06,3.434510063016205e-07,12149,
391,,,,12151,1.9491915736580268e-05
392,2.1344209017115645e-05,9.114891327044461e-06,3.5524973895917356e-07,12159,
392,1.9040158804273233e-05,2.2797864858148387e-06,3.389434084510867e-07,12169,
392,1.8917215129476972e-05,2.771243998722639e-06,3.4464619602658786e-07,12179,
392,,,,12182,1.9670014808070846e-05
393,2.029319693974685e-05,3.3091473596869037e-06,3.4578320651235117e-07,12189,
393,1.8776850993162952e-05,2.8960573672520695e-06,3.4964588735419966e-07,12199,
393,1.8114531485480256e-05,2.23026813728211e-06,3.6339775988381007e-07,12209,
393,,,,12213,1.9898770915460773e-05
394,1.9431530745350756e-05,3.498561000014888e-06,3.712817431278381e-07,12219,
394,1.89690417755628e-05,2.5836341137619456e-06,3.5285339095025847e-07,12229,
394,1.9041764971916564e-05,2.2899675968801603e-06,3.398109527097404e-07,12239,
394,,,,12244,2.043222775682807e-05
395,2.0006767954328097e-05,4.308577899791999e-06,3.3475095051471726e-07,12249,
395,1.7674732589512132e-05,2.387847416684963e-06,3.2809825256663316e-07,12259,
395,1.8330407328903675e-05,2.4898897663661046e-06,3.575219977847155e-07,12269,
395,,,,12275,2.009570198424626e-05
396,2.0818779375986196e-05,3.293579311502981e-06,3.706934421643382e-07,12279,
396,1.845592305471655e-05,2.7536000288819196e-06,3.6110222367824463e-07,12289,
396,1.7731890693539754e-05,2.5865708721539704e-06,3.394717396076885e-07,12299,
396,,,,12306,1.95350748981582e-05
397,2.04317821044242e-05,2.726831326071988e-06,4.0336115603167855e-07,12309,
397,1.8267808627570048e-05,2.01019543055736e-06,3.5197419379073835e-07,12319,
397,1.8885277313529514e-05,2.3687364318902837e-06,3.7328766211430775e-07,12329,
397,,,,12337,1.8994413039763458e-05
398,2.026851143455133e-05,3.283461182945757e-06,3.3680495903354313e-07,12339,
398,1.757680183800403e-05,2.934916665253695e-06,3.298726198863733e-07,12349,
398,1.8076640117214993e-05,2.4763282908679685e-06,3.6534888181449787e-07,12359,
398,,,,12368,1.946074735315051e-05
399,1.9724022422451526e-05,2.9324442039069254e-06,3.6816868487221655e-07,12369,
399,1.8109712982550263e-05,2.3471834538213443e-06,3.780560291488655e-07,12379,
399,1.9057606550632045e-05,3.292271230748156e-06,3.394160899006238e-07,12389,
399,1.435280228179181e-05,1.7842978650151053e-06,6.334514690564674e-09,12399,
399,,,,12399,1.862980570876971e-05
400,1.844986945798155e-05,3.1515162390860496e-06,3.641696650902304e-07,12409,
400,1.8068352801492438e-05,2.045442442977219e-06,3.782917019634624e-07,12419,
400,1.7297239537583664e-05,2.1038395061623305e-06,4.064705194650742e-07,12429,
400,,,,12430,1.8068340068566613e-05
401,1.7967435269383714e-05,5.0349317461950704e-06,3.847698906156438e-07,12439,
401,1.7040374586940743e-05,3.1910537927615223e-06,3.4137377724619e-07,12449,
401,1.8625634766067378e-05,2.5275010102632223e-06,3.562989263627969e-07,12459,
401,,,,12461,1.905901444843039e-05
402,1.9404720660531893e-05,5.9291346587997396e-06,3.6858207863588177e-07,12469,
402,1.893609805847518e-05,2.709811951717711e-06,3.508688450892805e-07,12479,
402,1.8424347217660397e-05,2.8560682494571665e-06,3.5746109006140614e-07,12489,
402,,,,12492,1.9846924260491505e-05
403,1.9714625523192808e-05,5.828234407090349e-06,3.5869467751581396e-07,12499,
403,1.809632703952957e-05,3.1596105145581532e-06,3.624558928549959e-07,12509,
403,1.8262313460581936e-05,3.450281383265974e-06,3.773310766064242e-07,12519,
403,,,,12523,1.9564611648092978e-05
404,2.023874912993051e-05,2.871103788493201e-06,3.855778061279125e-07,12529,
404,1.9452761989668943e-05,4.117863227293128e-06,3.637857446392445e-07,12539,
404,1.7999400370172225e-05,2.086940867229714e-06,3.5225838246333296e-07,12549,
404,,,,12554,1.8894008462666534e-05
405,1.8437351172906347e-05,4.525998519966379e-06,3.463480311438616e-07,12559,
405,1.6942527508945204e-05,2.5466670194873586e-06,3.40041850677153e-07,12569,
405,1.742257154546678e-05,2.8975655368412845e-06,3.701735806771467e-07,12579,
405,,,,12585,1.7760747141437605e-05
406,1.8408105461276136e-05,4.554827683023177e-06,3.8384970935112506e-07,12589,
406,1.8546534192864783e-05,2.5184585865645204e-06,3.742179330856743e-07,12599,
406,1.69679187820293e-05,2.5924723559000995e-06,3.5157410138708656e-07,12609,
406,,,,12616,1.840225922933314e-05
407,1.9205061107641086e-05,4.2879155444097705e-06,4.1681948914629174e-07,12619,
407,1.7957911040866747e-05,2.5317547169834143e-06,3.6349243259792274e-07,12629,
407,1.6941910871537402e-05,2.031984649875085e-06,3.8615584685430804e-07,12639,
407,,,,12647,1.7654880139161833e-05
408,1.887069629447069e-05,3.807522034549038e-06,3.482556962808303e-07,12649,
408,1.6852656699484214e-05,2.472298547218088e-06,3.405475865747576e-07,12659,
408,1.7007907445076853e-05,2.4650328214192996e-06,3.7862574231439794e-07,12669,
408,,,,12678,1.8903996533481404e-05
409,1.9185186829417944e-05,2.9040670597169083e-06,3.807896860053006e-07,12679,
409,1.754771074047312e-05,3.5283680972497677e-06,3.906813788034924e-07,12689,
409,1.6516931282239966e-05,2.088414248646586e-06,3.5101714956908836e-07,12699,
409,1.3080785720376298e-05,1.5399722315123654e-06,6.6410339449873845e-09,12709,
409,,,,12709,2.0484591004787944e-05
410,1.7044489140971564e-05,2.6780908228829503e-06,3.7746406178484904e-07,12719,
410,1.7651458620093763e-05,2.104097347910283e-06,3.91053987414125e-07,12729,
410,1.6901069102459587e-05,2.1757637114205863e-06,4.2166794855802436e-07,12739,
410,,,,12740,1.8324844859307632e-05
411,1.730528674670495e-05,2.7382138796383515e-06,3.978495044520969e-07,12749,
411,1.6582085663685575e-05,2.348590896872338e-06,3.542372155607154e-07,12759,
411,1.749142938933801e-05,2.5597071271477034e-06,3.682662281789817e-07,12769,
411,,,,12771,1.9445078578428365e-05
412,1.810924368328415e-05,3.94482731280732e-06,3.8035707916606043e-07,12779,
412,1.7026472050929442e-05,2.443150833641994e-06,3.614493664372276e-07,12789,
412,1.710909782559611e-05,2.925763737948728e-06,3.6961154137316043e-07,12799,
412,,,,12802,1.8151669792132452e-05
413,1.971183155546896e-05,5.392452294472605e-06,3.706058748775831e-07,12809,
413,1.736192098178435e-05,2.797838988044532e-06,3.739917815437366e-07,12819,
413,1.6350066289305687e-05,2.2561678179044975e-06,3.900344154317281e-07,12829,
413,,,,12833,1.769265509210527e-05
414,1.8192315110354684e-05,2.2784622615290573e-06,3.986583010373579e-07,12839,
414,1.7187736375490203e-05,1.978931777557591e-06,3.741559453374066e-07,12849,
414,1.693223020993173e-05,1.7744756632964709e-06,3.634858671830443e-07,12859,
414,,,,12864,1.79674789251294e-05
415,1.752473326632753e-05,5.760804469900904e-06,3.569717819118523e-07,12869,
415,1.7458458387409337e-05,4.269681085133925e-06,3.5137955478603544e-07,12879,
415,1.6940120985964313e-05,2.770869059531833e-06,3.81599960519452e-07,12889,
415,,,,12895,1.7340802514809184e-05
416,1.799110214051325e-05,3.644169510153006e-06,3.9635352777622757e-07,12899,
416,1.6675812730682082e-05,2.709289674385218e-06,3.8654783907077217e-07,12909,
416,1.5775172869325615e-05,1.832427415138227e-06,3.6239441669749795e-07,12919,
416,,,,12926,1.660396264924202e-05
417,1.8122944311471656e-05,2.7567955385165988e-06,4.2906904695882986e-07,12929,
417,1.6482348655699752e-05,1.759358951858303e-06,3.742719627553015e-07,12939,
417,1.652311948419083e-05,2.200219796577585e-06,3.973281081925961e-07,12949,
417,,,,12957,1.7196569388033822e-05
418,1.8493059542379342e-05,3.600237050704891e-06,3.5920376717513136e-07,12959,
418,1.6014508219086565e-05,1.868805156846065e-06,3.5024245903514384e-07,12969,
418,1.5884725144132972e-05,2.259315806441009e-06,3.9014838648654404e-07,12979,
418,,,,12988,1.7424723409931175e-05
419,1.761796374921687e-05,2.1125542843947187e-06,3.9219440850501996e-07,12989,
419,1.7057140212273225e-05,2.8523675155156525e-06,4.016789318939118e-07,12999,
419,1.761174098646734e-05,3.98035717807943e-06,3.606120912991173e-07,13009,
419,1.2212697583890986e-05,1.612824803487456e-06,6.90639678779803e-09,13019,
419,,,,13019,1.778340811142698e-05
420,1.633461215533316e-05,3.25091855302162e-06,3.889522588451655e-07,13029,
420,1.63651548064081e-05,2.0034749468322843e-06,4.020797064185899e-07,13039,
420,1.540645826025866e-05,1.7655100919000688e-06,4.3517144376892247e-07,13049,
420,,,,13050,1.692348814685829e-05
421,1.625929508008994e-05,2.7780024538515136e-06,4.0872933482205553e-07,13059,
421,1.5331030226661824e-05,2.006572685786523e-06,3.655111981970549e-07,13069,
421,1.6436995792901143e-05,1.9781159608101007e-06,3.7858856671846297e-07,13079,
421,,,,13081,1.7357791875838302e-05
422,1.747159330989234e-05,4.809148776985239e-06,3.9113947991609166e-07,13089,
422,1.6093294107122347e-05,2.004781435971381e-06,3.7094633853484993e-07,13099,
422,1.661032365518622e-05,2.2984349925536662e-06,3.7976715816512296e-07,13109,
422,,,,13112,1.7376307368976995e-05
423,1.6023654097807594e-05,3.296865543234162e-06,3.807943755873566e-07,13119,
423,1.621518822503276e-05,2.1387268134276383e-06,3.838917450593726e-07,13129,
423,1.5678693671361543e-05,2.4540763661207166e-06,4.0050741745289997e-07,13139,
423,,,,13143,1.717790655675344e-05
424,1.7761589333531447e-05,5.642984888254432e-06,4.095479937404889e-07,13149,
424,1.7163940356113017e-05,2.865374653993058e-06,3.8319404893627507e-07,13159,
424,1.6047919416450895e-05,2.196015429944964e-06,3.730952471414639e-07,13169,
424,,,,13174,1.7957672753254883e-05
425,1.7012198441079818e-05,6.921505701029673e-06,3.661335767901619e-07,13179,
425,1.5524725313298404e-05,2.3911591142677935e-06,3.6084787780055194e-07,13189,
425,1.6181595128728077e-05,2.763010570561164e-06,3.917683386589488e-07,13199,
425,,,,13205,1.8846623788704164e-05
426,2.45089249801822e-05,3.987951913586585e-06,4.0753502617008053e-07,13209,
426,1.6910938938963227e-05,3.0983899250713876e-06,3.9679810015513794e-07,13219,
426,1.5413688743137754e-05,3.242489128751913e-06,3.717794072599645e-07,13229,
426,,,,13236,1.843349491537083e-05
427,2.2796397388447076e-05,5.306020739226369e-06,4.399657029807713e-07,13239,
427,1.674246959737502e-05,3.109133103862405e-06,3.8356731124622456e-07,13249,
427,1.58688890223857e-05,2.058917289105011e-06,4.068637338150438e-07,13259,
427,,,,13267,1.6599533410044387e-05
428,1.7190486687468365e-05,2.6612242436385714e-06,3.6807625747314887e-07,13269,
428,1.5471439837710932e-05,2.1082860257592984e-06,3.5869177850145206e-07,13279,
428,1.5106650607776828e-05,2.2239617010200163e-06,4.0027725844993256e-07,13289,
428,,,,13298,1.5577230442431755e-05
429,1.5706182239227928e-05,2.0462543943722267e-06,4.0207729057328834e-07,13299,
429,1.5800131222931668e-05,2.717592906265054e-06,4.109397195861675e-07,13309,
429,1.5402070857817307e-05,2.958366849270533e-06,3.6952846471649536e-07,13319,
429,1.1675467249006033e-05,1.547071292407054e-06,7.138311719501189e-09,13329,
429,,,,13329,1.5914782125037163e-05
430,1.5464725947822444e-05,3.079609086853452e-06,3.9886765534902224e-07,13339,
430,1.6188974768738262e-05,2.4341670723515563e-06,4.116095340123138e-07,13349,
430,1.5053798961162101e-05,1.6473826462970464e-06,4.4664787424153474e-07,13359,
430,,,,13360,1.6045009033405222e-05
431,1.561393764859531e-05,2.365703721807222e-06,4.183831663340243e-07,13369,
431,1.4426752386498265e-05,2.0848854092037072e-06,3.7483363257706515e-07,13379,
431,1.533669637865387e-05,1.9086796783085447e-06,3.8780558497819584e-07,13389,
431,,,,13391,1.5657789845135994e-05
432,1.7288928574998863e-05,6.599740572710289e-06,4.0045364357865765e-07,13399,
432,1.5808243915671483e-05,2.2102331058704294e-06,3.792627580878616e-07,13409,
432,1.6093274098238908e-05,2.367795332247624e-06,3.88858325095498e-07,13419,
432,,,,13422,1.5718160284450278e-05
433,1.8896502297138795e-05,9.63625825534109e-06,3.901780587511894e-07,13429,
433,1.5227995390887372e-05,2.1209809801803203e-06,3.927840452888631e-07,13439,
433,1.5552150216535665e-05,1.9773865460592788e-06,4.093966765594814e-07,13449,
433,,,,13453,1.6047226381488144e-05
434,1.6291352949338034e-05,3.0033538678253535e-06,4.1896504399119294e-07,13459,
434,1.616949521121569e-05,2.382635557296453e-06,3.911595456429495e-07,13469,
434,1.5699461073381826e-05,1.7662749769442598e-06,3.815218292402278e-07,13479,
434,,,,13484,1.570700442243833e-05
435,1.5843063010834157e-05,5.011937446397496e-06,3.7391689033938746e-07,13489,
435,1.4730094335391186e-05,1.8452828953741118e-06,3.6881183973491716e-07,13499,
435,1.494740899943281e-05,2.105025714627118e-06,4.0033904724623426e-07,13509,
435,,,,13515,1.5643725419067778e-05
436,1.7022821339196526e-05,9.661918738856912e-06,4.165461007232807e-07,13519,
436,1.582660843268968e-05,2.865958322217921e-06,4.061870413352153e-07,13529,
436,1.481804338254733e-05,2.3606685317645315e-06,3.7991725321262493e-07,13539,
436,,,,13546,1.5286981579265557e-05
437,1.6022235286072828e-05,5.70339352634619e-06,4.491610354762088e-07,13549,
437,1.5374431313830428e-05,2.182301614084281e-06,3.9193824363792373e-07,13559,
437,1.5066298146848567e-05,1.586002326803282e-06,4.156690636136773e-07,13569,
437,,,,13577,1.5208414879452903e-05
438,1.5826040907995775e-05,2.1036507860117126e-06,3.760398499252915e-07,13579,
438,1.4371891666087322e-05,1.7519978428026661e-06,3.6620514265450765e-07,13589,
438,1.618831265659537e-05,2.267541049150168e-06,4.092028689228755e-07,13599,
438,,,,13608,1.5195128980849404e-05
439,1.5248677300405689e-05,1.9628037080110516e-06,4.1057640487451863e-07,13609,
439,1.4592448678740766e-05,1.7204495179612422e-06,4.1920034732356726e-07,13619,
439,1.4906281649018638e-05,1.7720360574458027e-06,3.774318599880644e-07,13629,
439,1.0733710951171815e-05,1.637783384467184e-06,7.330344775624553e-09,13639,
439,,,,13639,1.529992005089298e-05
440,1.524802155472571e-05,2.8201200166222407e-06,4.0719862681726227e-07,13649,
440,1.7601709259906784e-05,3.9567198655277025e-06,4.196267298084422e-07,13659,
440,1.5120436728466302e-05,2.5665169687272282e-06,4.564063260659168e-07,13669,
440,,,,13670,1.761906241881661e-05
441,1.5406385500682518e-05,2.2748536139260978e-06,4.268628401860042e-07,13679,
441,1.5167535821092315e-05,2.999289790750481e-06,3.829533739008184e-07,13689,
441,1.6082545698736794e-05,2.238921751995804e-06,3.9537056295557704e-07,13699,
441,,,,13701,1.7609938367968425e-05
442,1.879299816209823e-05,7.290373559953878e-06,4.0862437344912905e-07,13709,
442,1.5407082173624076e-05,2.6764544145407854e-06,3.8685931258441997e-07,13719,
442,1.5830897609703243e-05,2.61109676102933e-06,3.9669396301178494e-07,13729,
442,,,,13732,1.7326476154266857e-05
443,1.6846937796799466e-05,3.3199817153217737e-06,3.978168763296708e-07,13739,
443,1.506420176156098e-05,2.4132705220836215e-06,4.00129238187219e-07,13749,
443,1.461951069359202e-05,1.8758030364551814e-06,4.1765670744098315e-07,13759,
443,,,,13763,1.6032128769438714e-05
444,1.7238462532986887e-05,2.699076503631659e-06,4.276212735021545e-07,13769,
444,1.5318806617869996e-05,1.8885972394855344e-06,3.9808270457797335e-07,13779,
444,1.5061501471791416e-05,1.7612243254916393e-06,3.8873199059707986e-07,13789,
444,,,,13794,1.612756932445336e-05
445,1.6119636711664498e-05,3.3830117445177166e-06,3.806117092608474e-07,13799,
445,1.4768053915759083e-05,3.0545845675078453e-06,3.760358424642618e-07,13809,
445,1.4550055311701726e-05,1.958913799171569e-06,4.07710643912651e-07,13819,
445,,,,13825,1.553163747303188e-05
446,1.6157411664607935e-05,2.2414440081774956e-06,4.249137930401048e-07,13829,
446,1.4280920368037187e-05,2.3387885903503047e-06,4.1399451333745674e-07,13839,
446,1.4345367162604816e-05,1.8764858396025375e-06,3.8687704773110454e-07,13849,
446,,,,13856,1.5430314306286164e-05
447,1.6023825082811527e-05,2.3244037947733887e-06,4.57916030427441e-07,13859,
447,1.521198919363087e-05,2.3225309178087628e-06,3.9878653979030787e-07,13869,
447,1.4897242181177717e-05,2.02884780264867e-06,4.2260825239281985e-07,13879,
447,,,,13887,1.563864861964248e-05
448,1.6959349522949196e-05,3.060505378016387e-06,3.8349196529452456e-07,13889,
448,1.4854920664220117e-05,2.4097585082927253e-06,3.721763448538695e-07,13899,
448,1.3860897524864413e-05,1.7086953221223666e-06,4.1658972804725636e-07,13909,
448,,,,13918,1.537428943265695e-05
449,1.549216904095374e-05,2.633599024193245e-06,4.1844091924758686e-07,13919,
449,1.579715171828866e-05,3.0354535738297272e-06,4.2628192886695615e-07,13929,
449,1.3955190297565423e-05,2.1321545773389516e-06,3.836560722447757e-07,13939,
449,1.0643651876307558e-05,1.6214000879699597e-06,7.49233475261235e-09,13949,
449,,,,13949,1.5000782696006354e-05
450,1.4796058167121373e-05,3.56744362761674e-06,4.1466458355898794e-07,13959,
450,1.723990135360509e-05,2.338735384910251e-06,4.2700324343059037e-07,13969,
450,1.3925216990173794e-05,1.571820803292212e-06,4.652423513107351e-07,13979,
450,,,,13980,1.51272070070263e-05
451,1.4435113371291663e-05,1.7125383919847081e-06,4.3414854644652223e-07,13989,
451,1.4164017557050101e-05,2.077848193948739e-06,3.8984421735221986e-07,13999,
451,1.418487499904586e-05,1.5223236005112994e-06,4.0202331774708e-07,14009,
451,,,,14011,1.4685744645248633e-05
452,1.4818728232057765e-05,1.6453728903798037e-06,4.146434093854623e-07,14019,
452,1.4292028936324641e-05,2.199428308813367e-06,3.926487579519744e-07,14029,
452,1.435365356883267e-05,1.6425983631052077e-06,4.0367439169131103e-07,14039,
452,,,,14042,1.4483260201814119e-05
453,1.6451838746434078e-05,3.4783975024765823e-06,4.044050285756384e-07,14049,
453,1.4580577044398524e-05,2.7379317089071264e-06,4.067654515438335e-07,14059,
453,1.3758522982243448e-05,1.5320428019549581e-06,4.254925443092361e-07,14069,
453,,,,14073,1.505312593508279e-05
454,1.606753903615754e-05,3.284362946942565e-06,4.355562452929007e-07,14079,
454,1.4751183698535897e-05,2.5395913780812407e-06,4.041147576572257e-07,14089,
454,1.4193916285876185e-05,1.6505981648151646e-06,3.952098097670387e-07,14099,
454,,,,14104,1.542203790450003e-05
455,1.4589720194635447e-05,3.88573107557022e-06,3.8685547565364686e-07,14109,
455,1.3281228348205332e-05,1.8350305026615388e-06,3.8215492281779007e-07,14119,
455,1.4060687135497574e-05,2.20478023038595e-06,4.146090191170515e-07,14129,
455,,,,14135,1.5358111340901814e-05
456,1.6159201550181024e-05,5.039315055910265e-06,4.323225653024565e-07,14139,
456,1.3767076779913623e-05,2.3739323751215125e-06,4.2072593942066305e-07,14149,
456,1.3803401088807732e-05,2.576365204731701e-06,3.9323742839769693e-07,14159,
456,,,,14166,1.5247754163283389e-05
457,1.8519725927035324e-05,6.619075520575279e-06,4.649732261441386e-07,14169,
457,1.408562638971489e-05,2.862448582163779e-06,4.0534143863624195e-07,14179,
457,1.4692973309138324e-05,2.5130311769316904e-06,4.2940277467096166e-07,14189,
457,,,,14197,1.736206468194723e-05
458,2.6031819288618863e-05,7.343601737375138e-06,3.8938307511671155e-07,14199,
458,1.6541405784664676e-05,3.896643647749443e-06,3.7757774862257065e-07,14209,
458,1.4663562069472391e-05,2.3775971840223065e-06,4.237537325479934e-07,14219,
458,,,,14228,1.650217927817721e-05
459,1.6718800907256082e-05,2.642970230226638e-06,4.2514756160016987e-07,14229,
459,1.4827565792074893e-05,3.055073875657399e-06,4.328307454670721e-07,14239,
459,1.3430500985123217e-05,1.9769011032622075e-06,3.8976290284153947e-07,14249,
459,1.0227269740425982e-05,1.260709723283071e-06,7.626824505280183e-09,14259,
459,,,,14259,1.4958574865886476e-05
460,1.3844857676303945e-05,1.6689799622326973e-06,4.2080952766809787e-07,14269,
460,1.3830296666128561e-05,1.6098973674161243e-06,4.3359113988117315e-07,14279,
460,1.3259304978419095e-05,1.5914728237476083e-06,4.7344732934107014e-07,14289,
460,,,,14290,1.4385583199327812e-05
461,1.487215831730282e-05,4.001090019301046e-06,4.409378675518383e-07,14299,
461,1.3065055100014433e-05,1.8754353732219897e-06,3.965160431107506e-07,14309,
461,1.4177632692735642e-05,1.890950102279021e-06,4.0839245230017696e-07,14319,
461,,,,14321,1.4320827176561579e-05
462,1.5254380741680507e-05,4.207814981782576e-06,4.2109084574804e-07,14329,
462,1.3660887816513423e-05,1.6405441556344158e-06,3.9854339206613076e-07,14339,
462,1.415409587934846e-05,1.8974664044435485e-06,4.0963658420878346e-07,14349,
462,,,,14352,1.3828929695591796e-05
463,1.3701835996471345e-05,4.124664883420337e-06,4.103775381736341e-07,14359,
463,1.3642868907481898e-05,1.5121917158467113e-06,4.12835618135432e-07,14369,
463,1.389463068335317e-05,1.901900418488367e-06,4.3106700786665897e-07,14379,
463,,,,14383,1.3953276720712893e-05
464,1.8669063138077036e-05,1.1550145245564636e-05,4.4207183691469254e-07,14389,
464,1.6083404261735268e-05,2.327850324945757e-06,4.0996636130330444e-07,14399,
464,1.3958776435174514e-05,1.9746150883293012e-06,4.0002066725719487e-07,14409,
464,,,,14414,1.4457137694989797e-05
465,1.6020903785829432e-05,6.187653525557835e-06,3.919436153410061e-07,14419,
465,1.328163307334762e-05,2.744153107414604e-06,3.8748206065974955e-07,14429,
465,1.3462141396303196e-05,1.98536417883588e-06,4.2024498725368176e-07,14439,
465,,,,14445,1.4448575711867306e-05
466,1.5100132259249222e-05,1.994747208300396e-06,4.38414389236641e-07,14449,
466,1.317013447987847e-05,1.9372494080016622e-06,4.2640868969101575e-07,14459,
466,1.2804676771338563e-05,1.5218932958305231e-06,3.985668968198297e-07,14469,
466,,,,14476,1.3677320566785056e-05
467,1.4027590623300057e-05,2.2126600924821105e-06,4.7130316715993104e-07,14479,
467,1.3190396202844568e-05,1.9435849480942125e-06,4.108743212327681e-07,14489,
467,1.3185744137444999e-05,1.5482561366297887e-06,4.348812012722192e-07,14499,
467,,,,14507,1.3769355973636266e-05
468,1.4169756468618289e-05,2.4050648335105507e-06,3.9482765146203747e-07,14509,
468,1.2776190487784334e-05,1.7117718016379513e-06,3.824412999620108e-07,14519,
468,1.2814022738893982e-05,1.6762331824793364e-06,4.294795701298426e-07,14529,
468,,,,14538,1.3915413546783384e-05
469,1.4006041055836249e-05,1.6966949942798237e-06,4.3083019818368484e-07,14539,
469,1.334172429778846e-05,1.7128407989730476e-06,4.381176097467687e-07,14549,
469,1.3990902516525239e-05,2.986705112562049e-06,3.947407378745993e-07,14559,
469,9.758494343259372e-06,1.4839732784821535e-06,7.72166952600628e-09,14569,
469,,,,14569,1.5055034964461811e-05
470,1.3927444342698436e-05,2.133038606189075e-06,4.267649842404353e-07,14579,
470,1.3125333680363838e-05,2.1532218852371443e-06,4.384667136037024e-07,14589,
470,1.3453426618070807e-05,1.962916712727747e-06,4.801678414878552e-07,14599,
470,,,,14600,1.4281775293056853e-05
471,2.5202602046192624e-05,5.998969299980672e-06,4.4669781118500396e-07,14609,
471,1.38133364089299e-05,6.3770453380129766e-06,4.01376041736512e-07,14619,
471,1.4223613106878474e-05,2.8520498744910583e-06,4.132945718993142e-07,14629,
471,,,,14631,1.427812094334513e-05
472,1.420933949702885e-05,3.7017882732470753e-06,4.2638038166842307e-07,14639,
472,1.3638773452839814e-05,2.3287420845008455e-06,4.031477658372751e-07,14649,
472,1.3436619155982044e-05,1.5519907492489438e-06,4.1464852529315976e-07,14659,
472,,,,14662,1.3680538359039929e-05
473,1.27613993754494e-05,1.930926600834937e-06,4.1555068719389965e-07,14669,
473,1.2924742804898415e-05,1.6763690382504137e-06,4.179294137429679e-07,14679,
473,1.2683666682278272e-05,1.5037508092063945e-06,4.3687137463166437e-07,14689,
473,,,,14693,1.3369895896175876e-05
474,1.3720420611207373e-05,1.6531529354324448e-06,4.474925958675158e-07,14699,
474,1.3573921933129895e-05,1.5574023564113304e-06,4.1454342181168613e-07,14709,
474,1.319020248047309e-05,2.011111746469396e-06,4.053923419178318e-07,14719,
474,,,,14724,1.3383226360019762e-05
475,1.4532885870721657e-05,3.647863650257932e-06,3.9663359530095477e-07,14729,
475,1.3001569641346578e-05,3.228265995858237e-06,3.926101612705679e-07,14739,
475,1.3395791938819457e-05,3.274772097938694e-06,4.2522381704657164e-07,14749,
475,,,,14755,1.4563878721673973e-05
476,2.0149736883467995e-05,2.9563295811385615e-06,4.449647406090662e-07,14759,
476,1.5506149793509394e-05,3.7749048260593554e-06,4.3282477690809174e-07,14769,
476,1.3247530660009943e-05,2.7586745545704616e-06,4.031877836041531e-07,14779,
476,,,,14786,1.465966306568589e-05
477,1.5913617971818894e-05,7.176517101470381e-06,4.76392216341992e-07,14789,
477,1.4365708011609968e-05,2.5143717721221037e-06,4.1539718154126604e-07,14799,
477,1.3026255146542098e-05,1.8513804889153107e-06,4.394730694912141e-07,14809,
477,,,,14817,1.3886369742976967e-05
478,1.471796895202715e-05,4.180226369498996e-06,3.9952220731720445e-07,14819,
478,1.3007630514039192e-05,2.139214984708815e-06,3.867083648856351e-07,14829,
478,1.2768742635671515e-05,2.4127109554683557e-06,4.34605823329548e-07,14839,
478,,,,14848,1.3991822015668731e-05
479,1.413276550010778e-05,2.6190946300630458e-06,4.3551150952225726e-07,14849,
479,1.3172702892916277e-05,2.70671284852142e-06,4.422602728482161e-07,14859,
479,1.2878072993771639e-05,1.9754586446651956e-06,3.99446633991829e-07,14869,
479,9.418835361429956e-06,1.5684265690651955e-06,7.812086089131753e-09,14879,
479,,,,14879,1.57856811711099e-05
480,1.3487480828189291e-05,2.500907385183382e-06,4.3193878696001775e-07,14889,
480,1.287776558456244e-05,2.192117563026841e-06,4.4327177306513477e-07,14899,
480,1.3019943253311794e-05,2.4033097361098044e-06,4.857124054069573e-07,14909,
480,,,,14910,1.4495662071567494e-05
481,1.264154434466036e-05,2.225847310910467e-06,4.5102339640834543e-07,14919,
481,1.227423308591824e-05,2.327957872694242e-06,4.06195141522403e-07,14929,
481,1.3368412510317285e-05,2.0178463273623493e-06,4.18234435528575e-07,14939,
481,,,,14941,1.495654032623861e-05
482,1.3906299500376917e-05,2.5284552975790575e-06,4.3123387172272487e-07,14949,
482,1.3169997146178503e-05,2.3715399493084988e-06,4.077025153037539e-07,14959,
482,1.351165246887831e-05,1.967634261745843e-06,4.1958182350754214e-07,14969,
482,,,,14972,1.401205372530967e-05
483,1.3262818356452044e-05,2.9448217446770286e-06,4.199648913072451e-07,14979,
483,1.2870728824054822e-05,1.669044991103874e-06,4.228689931551344e-07,14989,
483,1.2459923709684517e-05,1.5077805528562749e-06,4.415022374359978e-07,14999,
483,,,,15003,1.3169333215046208e-05
484,1.3912912436353508e-05,2.0440063508431194e-06,4.5262294179337914e-07,15009,
484,1.3435545952233952e-05,1.8428111161483685e-06,4.1881182255565363e-07,15019,
484,1.2814805813832209e-05,1.5119570662136539e-06,4.098482406789117e-07,15029,
484,,,,15034,1.3801340173813514e-05
485,1.8068583813146688e-05,3.4926401895063464e-06,4.0089477693072695e-07,15039,
485,1.3263992514112033e-05,2.5659385300969006e-06,3.964972563608171e-07,15049,
485,1.2639845408557449e-05,2.7941609914705623e-06,4.3029990592913236e-07,15059,
485,,,,15065,1.583461562404409e-05
486,1.5151566003623884e-05,6.155587016110076e-06,4.493854817155807e-07,15069,
486,1.3016990124015138e-05,4.287497176846955e-06,4.367720123354957e-07,15079,
486,1.2709690963674802e-05,2.6707373308454407e-06,4.076230482041865e-07,15089,
486,,,,15096,1.3343295904633123e-05
487,1.6435256839031354e-05,1.2856963621743489e-05,4.817616741092934e-07,15099,
487,1.3610976566269528e-05,3.2032116905611474e-06,4.204307799682283e-07,15109,
487,1.3078939446131699e-05,2.2450863070844207e-06,4.439856411408982e-07,15119,
487,,,,15127,1.34239262479241e-05
488,1.3359597687667701e-05,3.087170625803992e-06,4.036787402128539e-07,15129,
488,1.2580928341776598e-05,1.696475578683021e-06,3.905803396264673e-07,15139,
488,1.1832772543129977e-05,1.5908241266515688e-06,4.392157961774501e-07,15149,
488,,,,15158,1.313777011091588e-05
489,1.32216537167551e-05,1.8658778344615712e-06,4.40523677980309e-07,15159,
489,1.2303127732593566e-05,1.7755685348674888e-06,4.4734008497471223e-07,15169,
489,1.1694319255184382e-05,1.4916496411387925e-06,4.034334608604695e-07,15179,
489,8.788164450379554e-06,1.1289331496300292e-06,7.877310359560852e-09,15189,
489,,,,15189,1.2963314475200605e-05
490,1.2436170436558314e-05,1.7254591284654452e-06,4.3620147494038974e-07,15199,
490,1.2363212590571493e-05,1.6788775383247412e-06,4.479701942727843e-07,15209,
490,1.2197882824693806e-05,1.5381503999378765e-06,4.915459044241288e-07,15219,
490,,,,15220,1.3122043128532823e-05
491,1.4887489669490606e-05,2.869977606678731e-06,4.5612620169777074e-07,15229,
491,1.1975233974226285e-05,1.744209271237196e-06,4.104367121726682e-07,15239,
491,1.2706870620604604e-05,2.0172001313767396e-06,4.223940663905523e-07,15249,
491,,,,15251,1.3251893506094348e-05
492,1.3151101484254468e-05,2.099289531543036e-06,4.356169824859535e-07,15259,
492,1.2630865967366844e-05,1.6915236074055429e-06,4.118549838949548e-07,15269,
492,1.2963864719495177e-05,1.5578440297758789e-06,4.243145781401836e-07,15279,
492,,,,15282,1.4157642908685375e-05
493,1.3966937331133522e-05,3.3112137316493317e-06,4.246412288466672e-07,15289,
493,1.2497554052970372e-05,2.1210514660197077e-06,4.270383442417369e-07,15299,
493,1.2513520232459996e-05,1.7020129234879278e-06,4.4607745053326653e-07,15309,
493,,,,15313,1.5169121979852207e-05
494,1.4512024790747091e-05,3.0315502499433933e-06,4.5767816914121795e-07,15319,
494,1.2752835573337507e-05,2.0168506580375833e-06,4.2312424852752883e-07,15329,
494,1.276899638469331e-05,2.006126351261628e-06,4.136708469104633e-07,15339,
494,,,,15344,1.4190144611347932e-05
495,1.5327947039622813e-05,2.6314692149753682e-06,4.0481478436049656e-07,15349,
495,1.2005813005089294e-05,1.7482540215496556e-06,4.0061181039163785e-07,15359,
495,1.1998591617157217e-05,1.8168665292250807e-06,4.341924579875922e-07,15369,
495,,,,15375,1.2934534424857702e-05
496,1.6922547729336657e-05,3.718799462149036e-06,4.5445057139659184e-07,15379,
496,1.2570303624670487e-05,3.7142956443858566e-06,4.4152292844046315e-07,15389,
496,1.1915112736460287e-05,1.7226192312591593e-06,4.115154581540992e-07,15399,
496,,,,15406,1.255516144738067e-05
497,1.3025429325352889e-05,1.9152844288328197e-06,4.866257086177939e-07,15409,
497,1.2381134183669928e-05,1.71038868757023e-06,4.2446029624443327e-07,15419,
497,1.1913870366697665e-05,1.567478534525435e-06,4.482411952722032e-07,15429,
497,,,,15437,1.3070175555185415e-05
498,1.4409043615160044e-05,2.1528521756408736e-06,4.081952624801488e-07,15439,
498,1.1893011105712503e-05,1.3725579037782154e-06,3.94182194440873e-07,15449,
498,1.17176696221577e-05,2.0371103346406016e-06,4.439937697497953e-07,15459,
498,,,,15468,1.360834085062379e-05
499,1.369287656416418e-05,2.0607806163752684e-06,4.4532364995575335e-07,15469,
499,1.239298489963403e-05,1.680748823673639e-06,4.512890541263914e-07,15479,
499,1.1801132131949998e-05,2.441383685436449e-06,4.070375894116296e-07,15489,
499,8.606126357335597e-06,1.232238219017745e-06,7.946359126265179e-09,15499,
499,,,,15499,1.2543195225589443e-05
500,1.1585956599446945e-05,1.9037527181353653e-06,4.40448530980575e-07,15509,
500,1.3149232472642325e-05,2.206244971603155e-06,4.5226181555335643e-07,15519,
500,1.1701708899636287e-05,1.7965097640626482e-06,4.965741595697182e-07,15529,
500,,,,15530,1.2803194294974674e-05
501,1.8344853742746636e-05,5.907128524995642e-06,4.6038226741984545e-07,15539,
501,1.3616412616102025e-05,5.76940010432736e-06,4.147857737279992e-07,15549,
501,1.2356350453046616e-05,2.3953996333148098e-06,4.2727270965770003e-07,15559,
501,,,,15561,1.416732538928045e-05
502,1.3409153325483203e-05,2.8808528895751806e-06,4.39969909393767e-07,15569,
502,1.196347420773236e-05,2.0065715489181457e-06,4.154623809426994e-07,15579,
502,1.2659949788940139e-05,1.8882337826653384e-06,4.280378220755665e-07,15589,
502,,,,15592,1.2875813808932435e-05
503,1.3246837625047192e-05,4.218689355184324e-06,4.2833968905142683e-07,15599,
503,1.3061136996839195e-05,3.032559561688686e-06,4.3075485223198484e-07,15609,
503,1.1737073691620026e-05,1.5314481061068363e-06,4.4979168478676e-07,15619,
503,,,,15623,1.3163253242964856e-05
504,1.3714179658563808e-05,4.402586910146056e-06,4.621649623004487e-07,15629,
504,1.2581878763739951e-05,2.7262356070423266e-06,4.2605375938364887e-07,15639,
504,1.201003306050552e-05,1.557195901114028e-06,4.172647720679379e-07,15649,
504,,,,15654,1.2789228094334248e-05
505,1.2415795936249197e-05,4.374069703771966e-06,4.081053930349299e-07,15659,
505,1.136782520916313e-05,1.5766651131343679e-06,4.029959939089167e-07,15669,
505,1.1360224561940413e-05,1.456430595681013e-06,4.3835422047777683e-07,15679,
505,,,,15685,1.2097776561859064e-05
506,1.3395463611232117e-05,3.1628496799385175e-06,4.585261024203646e-07,15689,
506,1.1321141755615827e-05,1.4333364788399194e-06,4.4535187271321774e-07,15699,
506,1.0872381608351134e-05,1.260474959963176e-06,4.1523620097905223e-07,15709,
506,,,,15716,1.1720637303369585e-05
507,1.1915564755327068e-05,1.5330979294958524e-06,4.908645792056632e-07,15719,
507,1.1670487765513826e-05,1.5312479035856086e-06,4.2812851575035893e-07,15729,
507,1.1569879461603705e-05,1.4811903383815661e-06,4.521969856341457e-07,15739,
507,,,,15747,1.1977876965829637e-05
508,1.2688635251834057e-05,1.6278623888865695e-06,4.120152254927234e-07,15749,
508,1.1295580407022499e-05,2.132089093720424e-06,3.976301172770036e-07,15759,
508,1.1281015758868307e-05,1.5902077166174422e-06,4.484704447804688e-07,15769,
508,,,,15778,1.2903142305731308e-05
509,1.299569703405723e-05,1.8262920775669045e-06,4.495261691772612e-07,15779,
509,1.1576513315958437e-05,2.362626901231124e-06,4.549024197331164e-07,15789,
509,1.1060704309784342e-05,1.4199730458130944e-06,4.1060809508053353e-07,15799,
509,8.344053640030324e-06,1.6807928204798372e-06,8.010887952991652e-09,15809,
509,,,,15809,1.3625681276607793e-05
510,1.2328236152825411e-05,2.181461923100869e-06,4.4457260628405493e-07,15819,
510,1.4050888239580672e-05,2.5784308945731027e-06,4.563333391160995e-07,15829,
510,1.1377200280549005e-05,1.940554966495256e-06,5.012519181946118e-07,15839,
510,,,,15840,1.3335947187442798e-05
511,1.394384617015021e-05,2.0499303445831174e-06,4.645362707833556e-07,15849,
511,1.4091097000346053e-05,2.5845081381703494e-06,4.178402548404847e-07,15859,
511,1.1544318113010377e-05,1.7406257484253729e-06,4.3041430330958974e-07,15869,
511,,,,15871,1.2512642570072785e-05
512,1.1873928087879904e-05,1.6330608332282281e-06,4.435557059423445e-07,15879,
512,1.2196818715892732e-05,3.3728374546626583e-06,4.1902140424099343e-07,15889,
512,1.1437696230132133e-05,1.7556927787154564e-06,4.3220333623139595e-07,15899,
512,,,,15902,1.1977265785390045e-05
513,1.1370286301826127e-05,2.4719108751014573e-06,4.3204536837038177e-07,15909,
513,1.1149355486850254e-05,2.137052206307999e-06,4.350164886091079e-07,15919,
513,1.0982741514453664e-05,1.493630520599254e-06,4.5426119754665706e-07,15929,
513,,,,15933,1.1904421626240946e-05
514,1.2161676750110928e-05,3.0282292300398694e-06,4.6643688733638555e-07,15939,
514,1.187062753160717e-05,1.4771966334592435e-06,4.299644160710159e-07,15949,
514,1.1191043086000718e-05,1.5675805116188712e-06,4.2145910583712975e-07,15959,
514,,,,15964,1.2255663932592142e-05
515,1.2242667253303807e-05,2.663844497874379e-06,4.121589256556035e-07,15969,
515,1.1004328371200245e-05,1.4012383644512738e-06,4.069602823619789e-07,15979,
515,1.1770826858992223e-05,1.8644744841367356e-06,4.4236136886866007e-07,15989,
515,,,,15995,1.1790039934567176e-05
516,1.3539951396523975e-05,2.520791895221919e-06,4.632115917502233e-07,15999,
516,1.1038569027732592e-05,1.809385707929323e-06,4.494456788961543e-07,16009,
516,1.0745923646027222e-05,1.757719360284682e-06,4.191231539607543e-07,16019,
516,,,,16026,1.2371842785796616e-05
517,1.2735210475511849e-05,1.7755285171006108e-06,4.954795258527156e-07,16029,
517,1.2014340427413117e-05,1.6949269365795772e-06,4.3182774334127316e-07,16039,
517,1.0953269338642713e-05,1.5319661770263338e-06,4.5608555865328526e-07,16049,
517,,,,16057,1.1861236089316662e-05
518,1.2461865480872802e-05,2.568464651631075e-06,4.159059585617797e-07,16059,
518,1.0825683602888603e-05,2.121561465173727e-06,4.006279255008849e-07,16069,
518,1.1391785847081337e-05,1.7946020989256795e-06,4.527433077328169e-07,16079,
518,,,,16088,1.2626030184037518e-05
519,1.2787681953341234e-05,1.982028152269777e-06,4.5366209633357357e-07,16089,
519,1.1902886399184354e-05,3.6856047245237278e-06,4.588036972563714e-07,16099,
519,1.2206393876112998e-05,3.929400918423198e-06,4.13462686310595e-07,16109,
519,8.218165021389723e-06,1.575020519339887e-06,8.047254418386274e-09,16119,
519,,,,16119,1.4471614122157916e-05
520,1.137284289143281e-05,2.0152851902821567e-06,4.479611561691854e-07,16129,
520,1.1122656360385008e-05,2.754424031081726e-06,4.59704125432836e-07,16139,
520,1.1021638783859089e-05,2.858037305486505e-06,5.058806209490285e-07,16149,
520,,,,16150,1.187967700388981e-05
521,1.302338841924211e-05,3.136462282782304e-06,4.677626748161856e-07,16159,
521,1.141764732892625e-05,2.277026169394958e-06,4.2152782953053247e-07,16169,
521,1.1156033906445373e-05,2.0363720523164375e-06,4.341570161159325e-07,16179,
521,,,,16181,1.2387119568302296e-05
522,1.401088411512319e-05,2.6674854325392516e-06,4.475302830542205e-07,16189,
522,1.2056570085405838e-05,2.1297228158800863e-06,4.2276641920580005e-07,16199,
522,1.1167821867275052e-05,1.8735871663011494e-06,4.359291949640465e-07,16209,
522,,,,16212,1.1744215953513049e-05
523,1.1048031410609838e-05,1.8512912447476992e-06,4.3542991079448257e-07,16219,
523,1.0535399269429035e-05,1.3798284044241882e-06,4.387439958009054e-07,16229,
523,1.0445843145134859e-05,1.439184302398644e-06,4.576896230901184e-07,16239,
523,,,,16243,1.0898144864768256e-05
524,1.1118133443233091e-05,1.4641150301031303e-06,4.7039185346875456e-07,16249,
524,1.0885754818446003e-05,1.2581933788169408e-06,4.338643293522182e-07,16259,
524,1.0601091162243392e-05,1.3442949011732708e-06,4.252568714946392e-07,16269,
524,,,,16274,1.1005061423929874e-05
525,1.2444394087651744e-05,2.225765683760983e-06,4.1579829712645733e-07,16279,
525,1.0360500709793996e-05,1.1680222087306902e-06,4.106183268959285e-07,16289,
525,1.0564248441369273e-05,1.9844198959617643e-06,4.4606323967855133e-07,16299,
525,,,,16305,1.1267538866377436e-05
526,1.2441802937246393e-05,3.3652092952252133e-06,4.6789079988229787e-07,16309,
526,1.0300911526428536e-05,1.5983508774297661e-06,4.542227145520883e-07,16319,
526,1.0268397090840153e-05,1.7681699091554037e-06,4.2253299170624814e-07,16329,
526,,,,16336,1.148825504060369e-05
527,1.1720817383320536e-05,2.195217575717834e-06,4.999201337341219e-07,16339,
527,1.0847495104826521e-05,1.3846572528564138e-06,4.357670206900366e-07,16349,
527,1.0640541404427495e-05,1.7456399064030848e-06,4.603195975505514e-07,16359,
527,,,,16367,1.120304841606412e-05
528,1.1552967407624237e-05,2.6125660497200442e-06,4.1914921666830196e-07,16369,
528,1.1864675798278768e-05,2.478153191987076e-06,4.041580439206882e-07,16379,
528,1.1100815754616633e-05,3.2711225230741547e-06,4.569602936044248e-07,16389,
528,,,,16398,1.211270227940986e-05
529,1.2231836990395095e-05,3.186558387824334e-06,4.5705326101597166e-07,16399,
529,1.105817409552401e-05,2.676115627764375e-06,4.626490124337579e-07,16409,
529,1.1015373274858575e-05,2.8178515094623435e-06,4.1707579612193513e-07,16419,
529,7.580257260997314e-06,1.621650312699785e-06,8.090814240802047e-09,16429,
529,,,,16429,1.1043075573979877e-05
530,1.052059178618947e-05,1.594557033968158e-06,4.523727454852633e-07,16439,
530,1.0757447853393387e-05,1.3985167015562183e-06,4.6357479277503444e-07,16449,
530,9.955822861229535e-06,1.2925816008646507e-06,5.108256004859868e-07,16459,
530,,,,16460,1.0993082469212823e-05
531,1.1177278793184087e-05,1.898826099022699e-06,4.72169148224566e-07,16469,
531,1.0364447007304989e-05,1.7010173678499996e-06,4.252362089118833e-07,16479,
531,1.0617268344503827e-05,1.413493805557664e-06,4.37711776157812e-07,16489,
531,,,,16491,1.1459836969152093e-05
532,1.5166222510742955e-05,7.030085726000834e-06,4.507564597133751e-07,16499,
532,1.0917875442828517e-05,2.4441167170152767e-06,4.2610909645190986e-07,16509,
532,1.0905567251029424e-05,2.0896466139674885e-06,4.404977858030179e-07,16519,
532,,,,16522,1.1318064025545027e-05
533,1.3503332411346491e-05,2.541567482694518e-06,4.392526307128719e-07,16529,
533,1.0734220268204808e-05,1.93565028894227e-06,4.4292823986324947e-07,16539,
533,1.0080936590384226e-05,1.8062306708088727e-06,4.6130446662573377e-07,16549,
533,,,,16553,1.137218623625813e-05
534,1.1904260645678733e-05,3.0452579267148394e-06,4.7451300133616314e-07,16559,
534,1.0730770554800984e-05,1.4144619626677013e-06,4.3757918888331915e-07,16569,
534,1.0159427802136634e-05,1.2531107813629205e-06,4.288413890662923e-07,16579,
534,,,,16584,1.1079782780143432e-05
535,1.203078863909468e-05,3.6659807847172488e-06,4.189496678463911e-07,16589,
535,1.0514100722502917e-05,1.9804788280453067e-06,4.137048676966515e-07,16599,
535,1.071062888513552e-05,1.7053356486940174e-06,4.4974086677029845e-07,16609,
535,,,,16615,1.1747963071684353e-05
536,1.4035387721378356e-05,3.4066604257532163e-06,4.7152323645605065e-07,16619,
536,1.295181573368609e-05,3.144528591292328e-06,4.576985190851701e-07,16629,
536,1.0653746358002536e-05,2.4500843665009597e-06,4.26343461867873e-07,16639,
536,,,,16646,1.2536916983663104e-05
537,1.71489009517245e-05,9.202034561894834e-06,5.042189172854705e-07,16649,
537,1.1213602192583494e-05,2.9861100756534142e-06,4.39185015466137e-07,16659,
537,1.0548557838774286e-05,2.096469643220189e-06,4.632463799225661e-07,16669,
537,,,,16677,1.2275180779397488e-05
538,1.4545134945365135e-05,6.950811894057551e-06,4.22351121187603e-07,16679,
538,1.213568975799717e-05,3.256580384913832e-06,4.067219947501144e-07,16689,
538,1.0615282008075155e-05,2.168917262679315e-06,4.599607166255737e-07,16699,
538,,,,16708,1.1591783732001204e-05
539,1.1690787687257398e-05,3.134496409984422e-06,4.605712149441388e-07,16709,
539,1.1001374332408886e-05,2.0812042293982813e-06,4.657997578760842e-07,16719,
539,9.876114745566156e-06,1.875425027719757e-06,4.1961556007663603e-07,16729,
539,7.161384473874932e-06,9.399988130098791e-07,8.157617692461372e-09,16739,
539,,,,16739,1.0666109119483735e-05
540,9.69321536103962e-06,1.4069312328501837e-06,4.557730903798074e-07,16749,
540,1.0054764970846009e-05,1.6238424223047332e-06,4.6731102543162706e-07,16759,
540,9.402064279129263e-06,1.2637004829230136e-06,5.153568736204761e-07,16769,
540,,,,16770,9.97262031887658e-06
541,9.78745720203733e-06,1.338979700449272e-06,4.758914258218283e-07,16779,
541,9.557997145748232e-06,1.518433577984979e-06,4.2866332705671084e-07,16789,
541,9.88190822681645e-06,1.4327455346574425e-06,4.4164809764879465e-07,16799,
541,,,,16801,1.000539577944437e-05
542,1.0537743037275504e-05,1.6883789157873252e-06,4.549314951418637e-07,16809,
542,9.864653293334413e-06,1.3553385542763863e-06,4.2989233861590037e-07,16819,
542,1.0334705621062312e-05,1.357788164568774e-06,4.443218699634599e-07,16829,
542,,,,16832,1.043861084326636e-05
543,9.603918442735448e-06,1.8832694195225486e-06,4.4255187958697206e-07,16839,
543,1.0048207514046226e-05,1.5729713140899548e-06,4.469369514481514e-07,16849,
543,1.1156218533869833e-05,2.0650984424719354e-06,4.6457691382784105e-07,16859,
543,,,,16863,1.1175181498401798e-05
544,1.749525654304307e-05,6.323550223896746e-06,4.793978973793855e-07,16869,
544,1.4522082892653998e-05,3.4122438137274003e-06,4.411113820879109e-07,16879,
544,1.0653478057065513e-05,1.4934047385395388e-06,4.32088768320682e-07,16889,
544,,,,16894,1.1555796845641453e-05
545,1.1332556823617779e-05,2.2711190013069427e-06,4.2224547769365017e-07,16899,
545,9.672458872955758e-06,2.1869398096896475e-06,4.1634208969298925e-07,16909,
545,9.838574442255776e-06,1.6184030755539425e-06,4.5302735429686436e-07,16919,
545,,,,16925,1.0544769793341402e-05
546,1.0446668966324069e-05,2.2014442038198467e-06,4.7535462499581627e-07,16929,
546,1.0052960533357691e-05,2.229281790278037e-06,4.608615142842609e-07,16939,
546,9.28332065086579e-06,1.3319491927177296e-06,4.296055635677476e-07,16949,
546,,,,16956,1.0406199180579279e-05
547,1.0692503565223888e-05,2.8212434699526057e-06,5.077986315882299e-07,16959,
547,9.792959644983057e-06,2.1109979115863098e-06,4.42374044951066e-07,16969,
547,9.450610377825797e-06,1.339618393103592e-06,4.670878581691795e-07,16979,
547,,,,16987,1.0176522664551158e-05
548,1.1045685823773965e-05,2.8442598249966977e-06,4.258844796822814e-07,16989,
548,9.762718036654405e-06,1.864859427769261e-06,4.1057708699554496e-07,16999,
548,9.330535249318928e-06,1.5544677580692223e-06,4.64733545868512e-07,17009,
548,,,,17018,1.040961615217384e-05
549,1.0555239896348212e-05,1.595558046574297e-06,4.6505965656251647e-07,17019,
549,9.480782864557113e-06,1.996674654947128e-06,4.6993088176350284e-07,17029,
549,9.336155926575884e-06,1.9790484202530934e-06,4.23150936512684e-07,17039,
549,6.871953701192979e-06,1.028193310048664e-06,8.187965860884105e-09,17049,
549,,,,17049,1.0652857781678904e-05
550,1.234971932717599e-05,2.447904762448161e-06,4.6038451273489045e-07,17059,
550,1.0158957593375817e-05,2.4675930490047904e-06,4.711887982011831e-07,17069,
550,9.831726856646128e-06,1.471828682042542e-06,5.200878945288423e-07,17079,
550,,,,17080,1.1417644600442145e-05
551,1.0388099326519296e-05,3.5115306218358455e-06,4.796909820470319e-07,17089,
551,9.838747246249113e-06,2.163083536288468e-06,4.320949642533378e-07,17099,
551,1.0127799214387778e-05,1.806660520742298e-06,4.4546874278239557e-07,17109,
551,,,,17111,1.1817065569630358e-05
552,1.3384673366090283e-05,5.952504125161795e-06,4.587831483604532e-07,17119,
552,1.0960402505588718e-05,3.710747932927916e-06,4.336280028383044e-07,17129,
552,1.0066930371976923e-05,2.1452640339703066e-06,4.482441795516934e-07,17139,
552,,,,17142,1.2441042599675711e-05
553,1.3412524822342675e-05,7.9567334978492e-06,4.460213460788509e-07,17149,
553,9.976834917324595e-06,1.8799328245222569e-06,4.5123084646547795e-07,17159,
553,9.460372893954627e-06,2.2241690658120206e-06,4.6856581548126996e-07,17169,
553,,,,17173,1.1885000276379287e-05
554,1.2107799193472601e-05,2.2442350200435612e-06,4.821005177291227e-07,17179,
554,1.0444627150718588e-05,2.1582166027656058e-06,4.448191077699448e-07,17189,
554,9.712065548228566e-06,1.689972123131156e-06,4.368477561911277e-07,17199,
554,,,,17204,1.0576984095678199e-05
555,9.90625539998291e-06,1.5697954722782015e-06,4.257351235992246e-07,17209,
555,8.886476280167699e-06,1.3880844562663697e-06,4.20184449012595e-07,17219,
555,9.191908247885294e-06,1.518161525382311e-06,4.5790670810674783e-07,17229,
555,,,,17235,1.0330551958759315e-05
556,1.3549871255236212e-05,2.5050771910173353e-06,4.806387323696981e-07,17239,
556,1.2585570402734447e-05,3.5530731565813767e-06,4.657558463350142e-07,17249,
556,9.257261808670592e-06,1.7374195522279479e-06,4.336629899626132e-07,17259,
556,,,,17266,1.1777420695580076e-05
557,1.5079458535183221e-05,3.2624200230202405e-06,5.127869258103601e-07,17269,
557,1.039365179167362e-05,2.2770834675611695e-06,4.4641325303018675e-07,17279,
557,9.760621651366819e-06,1.7734649873091257e-06,4.709182803708245e-07,17289,
557,,,,17297,1.1170306606800295e-05
558,1.2555037756101228e-05,2.800107495204429e-06,4.295677911159146e-07,17299,
558,9.384272743773181e-06,1.8225218809675425e-06,4.1404311446058273e-07,17309,
558,9.910967492032796e-06,2.1857392766833073e-06,4.6904051487217657e-07,17319,
558,,,,17328,1.0518926501390524e-05
559,1.0742162885435391e-05,1.7314022215941804e-06,4.6925211449888593e-07,17329,
559,9.90294665825786e-06,2.993696625708253e-06,4.7360251187456015e-07,17339,
559,1.1343672667862847e-05,4.452739631233271e-06,4.2624191110007814e-07,17349,
559,6.886012670292985e-06,1.6832727851578966e-06,8.253286054582532e-09,17359,
559,,,,17359,1.2099803825549316e-05
560,1.0561202543613035e-05,3.255730916862376e-06,4.6426524136222724e-07,17369,
560,1.0528523489483632e-05,3.2044522413343657e-06,4.755332838612958e-07,17379,
560,9.469111319049262e-06,2.411361947451951e-06,5.243884402261756e-07,17389,
560,,,,17390,1.1241954780416563e-05
561,1.0112968084285967e-05,3.774336164497072e-06,4.835599725083739e-07,17399,
561,8.582136615586933e-06,1.6792930637166137e-06,4.3514319258974865e-07,17409,
561,9.25399308471242e-06,1.4073542615733459e-06,4.4878211724608263e-07,17419,
561,,,,17421,1.0276983630319592e-05
562,1.024522862280719e-05,2.2781864572607446e-06,4.621851985575631e-07,17429,
562,9.105639946938027e-06,1.4442247220358695e-06,4.364416952284955e-07,17439,
562,8.8809365479392e-06,1.1535290695974254e-06,4.5233969103719573e-07,17449,
562,,,,17452,9.965022400137968e-06
563,9.458723070565611e-06,1.7535445522298687e-06,4.4891569928040553e-07,17459,
563,8.712820999789983e-06,1.198640688926389e-06,4.550012135950965e-07,17469,
563,8.517959031451028e-06,1.2969175031685154e-06,4.717299759704474e-07,17479,
563,,,,17483,1.0051150638901163e-05
564,1.1223663932469208e-05,2.3377820070891175e-06,4.863615572503477e-07,17489,
564,1.000163047137903e-05,1.8005760011874372e-06,4.481024973301828e-07,17499,
564,9.021006917464547e-06,1.383431253998424e-06,4.408137499467557e-07,17509,
564,,,,17514,1.0512576409382746e-05
565,1.0138049219676759e-05,2.220500391558744e-06,4.291788400223595e-07,17519,
565,8.701710612513125e-06,1.2911832527606748e-06,4.229468970606831e-07,17529,
565,8.861090464051813e-06,1.4685859923702083e-06,4.616275646185386e-07,17539,
565,,,,17545,1.0049046977655962e-05
566,1.0327544259780552e-05,1.830294422688894e-06,4.847266268370731e-07,17549,
566,8.806471669231541e-06,1.4281945368566085e-06,4.6993332603051385e-07,17559,
566,8.589160643168725e-06,1.5038382343846024e-06,4.371868840280513e-07,17569,
566,,,,17576,9.956443136616144e-06
567,1.0426486369397026e-05,2.275863835166092e-06,5.164213803254825e-07,17579,
567,9.57350948738167e-06,2.3878960746515077e-06,4.4946554567104613e-07,17589,
567,9.622211109672207e-06,2.8681722596957115e-06,4.746215722661873e-07,17599,
567,,,,17607,1.1711459592333995e-05
568,1.6296478861477226e-05,5.0192425078421365e-06,4.330500473770371e-07,17609,
568,1.1240193089179229e-05,2.8294732601352734e-06,4.1783317783483653e-07,17619,
568,9.045789738593157e-06,3.1073327591002453e-06,4.732788170258573e-07,17629,
568,,,,17638,1.1822879059764091e-05
569,1.2034791325277183e-05,4.566772531688912e-06,4.727199041099084e-07,17639,
569,9.556614713801537e-06,3.460777179498109e-06,4.766745007600548e-07,17649,
569,8.438886652584188e-06,1.7245164372070576e-06,4.2861591964538093e-07,17659,
569,6.638506874878658e-06,1.3469059467752231e-06,8.273169704864358e-09,17669,
569,,,,17669,1.0137175195268355e-05
570,8.744282240513712e-06,1.4392795719686546e-06,4.680278777868807e-07,17679,
570,9.651975233282428e-06,2.1105395262566162e-06,4.787142415807466e-07,17689,
570,8.718952813069336e-06,1.8386443798590335e-06,5.288721354190784e-07,17699,
570,,,,17700,1.01976793303038e-05
571,9.17174565984169e-06,2.250787247248809e-06,4.872596832683485e-07,17709,
571,8.012658327061217e-06,1.4982950915509718e-06,4.3817576056426333e-07,17719,
571,9.133918865700252e-06,1.572380710967991e-06,4.527201440396311e-07,17729,
571,,,,17731,1.0295561878592707e-05
572,1.0717967597884126e-05,3.1494171253143577e-06,4.659338230794674e-07,17739,
572,8.73551925906213e-06,1.4078035519560217e-06,4.3980759301121e-07,17749,
572,9.185340786643792e-06,1.608783009032777e-06,4.567511666664359e-07,17759,
572,,,,17762,1.025686833600048e-05
573,1.0472324902366381e-05,2.6913871806755196e-06,4.5195278630671964e-07,17769,
573,8.320758752233814e-06,1.2157133824075572e-06,4.594597555751534e-07,17779,
573,8.365066605620086e-06,1.528148118268291e-06,4.752905340410507e-07,17789,
573,,,,17793,9.71474582911469e-06
574,1.1123259355372284e-05,2.367752585996641e-06,4.907024617750722e-07,17799,
574,9.942516953742597e-06,1.7416689388483064e-06,4.519870344665833e-07,17809,
574,8.516270099789836e-06,1.4245910051613464e-06,4.4508124119602144e-07,17819,
574,,,,17824,1.0043260772363283e-05
575,1.0311618098057806e-05,1.945339136000257e-06,4.3282733486194047e-07,17829,
575,9.58352302404819e-06,1.5574225926684448e-06,4.26153150101527e-07,17839,
575,8.40348639030708e-06,1.407201466463448e-06,4.658616603592236e-07,17849,
575,,,,17855,1.0016842679760884e-05
576,1.0422961167932954e-05,2.03003287424508e-06,4.893797722616e-07,17859,
576,9.171166311716661e-06,1.4396974847841193e-06,4.7435455030608864e-07,17869,
576,8.172284651664086e-06,1.4485750625681248e-06,4.4097916429564066e-07,17879,
576,,,,17886,9.864695130090695e-06
577,1.0271566679875832e-05,1.8943588884212659e-06,5.205317847867263e-07,17889,
577,8.946756679506507e-06,2.2388949219021015e-06,4.5300535589376523e-07,17899,
577,8.673516276758164e-06,2.2031508706277236e-06,4.786440399584535e-07,17909,
577,,,,17917,1.0148199180548545e-05
578,1.1151510079798754e-05,3.757197646336863e-06,4.3671767002706474e-07,17919,
578,8.575677384214941e-06,1.9249337128712796e-06,4.212581643514568e-07,17929,
578,8.697228622622788e-06,4.474484285310609e-06,4.78047581964347e-07,17939,
578,,,,17948,1.1205459486518521e-05
579,1.1397788512113038e-05,3.0568583042622777e-06,4.773462478624424e-07,17949,
579,1.0249689694319386e-05,3.069448212045245e-06,4.810240739061555e-07,17959,
579,8.950142728281207e-06,3.5418565857980866e-06,4.3290359030834225e-07,17969,
579,6.766475507902214e-06,1.484727363276761e-06,8.326015432658096e-09,17979,
579,,,,17979,1.0211962035100441e-05
580,8.945868103182875e-06,2.709240561671322e-06,4.7236008526851947e-07,17989,
580,9.687278179626446e-06,2.2173780962475576e-06,4.831142632610863e-07,17999,
580,8.083803550107405e-06,1.255301185665303e-06,5.341615860743332e-07,18009,
580,,,,18010,9.174921615340281e-06
581,8.380172403121833e-06,1.4925157074685558e-06,4.912278086521837e-07,18019,
581,7.591996109113097e-06,1.2480668374337256e-06,4.4233024709683377e-07,18029,
581,8.20392779132817e-06,1.468361915613059e-06,4.567561973090051e-07,18039,
581,,,,18041,8.816506124276202e-06
582,8.455738679913338e-06,1.2364264421194093e-06,4.7015274162731657e-07,18049,
582,8.304721632157452e-06,1.8114618569597951e-06,4.4367018858793017e-07,18059,
582,8.583782800997142e-06,1.9905835415556794e-06,4.610419068740157e-07,18069,
582,,,,18072,9.292607501265593e-06
583,1.012705160974292e-05,2.134986971213948e-06,4.5605088416778017e-07,18079,
583,8.063444511208218e-06,1.6418715631516534e-06,4.6437733658422076e-07,18089,
583,8.32072055345634e-06,1.5517680367338471e-06,4.791180003849149e-07,18099,
583,,,,18103,1.0550259503361303e-05
584,1.3787259376840666e-05,2.5144495339191053e-06,4.946146532347484e-07,18109,
584,9.253534699382726e-06,2.5505728444841225e-06,4.559211390642304e-07,18119,
584,8.438369150098879e-06,1.5119311456146534e-06,4.492283665058494e-07,18129,
584,,,,18134,1.036944377119653e-05
585,9.370532097818796e-06,2.37400035985047e-06,4.3658923232214875e-07,18139,
585,8.611665180069394e-06,1.1170201332788565e-06,4.2896525087599e-07,18149,
585,8.306568815896753e-06,1.4379157846633461e-06,4.694773849678313e-07,18159,
585,,,,18165,9.751939614943694e-06
586,9.90908665698953e-06,3.9002770790830255e-06,4.936467234983866e-07,18169,
586,7.84644544182811e-06,1.3517350225811242e-06,4.786624003827455e-07,18179,
586,7.93265917309327e-06,1.369124788652698e-06,4.441728833626257e-07,18189,
586,,,,18196,8.7284761320916e-06
587,8.955604243965354e-06,1.942426479217829e-06,5.244338012744265e-07,18199,
587,8.25419101602165e-06,1.3157174407751882e-06,4.562731135138165e-07,18209,
587,8.615616025053896e-06,1.4350080164149404e-06,4.825107566830411e-07,18219,
587,,,,18227,9.528242117085028e-06
588,1.0368160474172328e-05,2.2851595531392377e-06,4.399764179652266e-07,18229,
588,8.716006050235592e-06,2.7771304758061888e-06,4.243394471359352e-07,18239,
588,1.1097807146143168e-05,2.028345988946967e-06,4.822506980417529e-07,18249,
588,,,,18258,1.3227519957581535e-05
589,1.3383051737037022e-05,1.914195081553771e-06,4.812441147805657e-07,18259,
589,1.1369026651664171e-05,3.809099098361912e-06,4.847375976169133e-07,18269,
589,8.924270332499873e-06,2.439734316794784e-06,4.355730425231741e-07,18279,
589,6.275053237914108e-06,1.3779432492810884e-06,8.358616021553189e-09,18289,
589,,,,18289,1.2327897820796352e-05
590,9.401079296367243e-06,3.3238454761885805e-06,4.758305749419378e-07,18299,
590,9.066094207810238e-06,1.3974972716823686e-06,4.865543701271235e-07,18309,
590,7.998981345735956e-06,1.5911031141513376e-06,5.383933512348449e-07,18319,
590,,,,18320,8.925003385229502e-06
591,8.164432074408978e-06,1.3365623772187973e-06,4.95499364205898e-07,18329,
591,7.385182925645495e-06,1.4238966059565428e-06,4.456622946236166e-07,18339,
591,7.70206952438457e-06,1.1759428844015929e-06,4.600109093644278e-07,18349,
591,,,,18351,8.30789576866664e-06
592,8.46076727611944e-06,1.1729268862836761e-06,4.734976926101808e-07,18359,
592,8.068977876973804e-06,1.2053360478603281e-06,4.469169709864218e-07,18369,
592,7.80082518758718e-06,1.268149276256736e-06,4.6515620510945155e-07,18379,
592,,,,18382,8.271133992820978e-06
593,7.5345747063693125e-06,1.3104219078741153e-06,4.592248217250017e-07,18389,
593,7.500472747778986e-06,1.3004521406401182e-06,4.6856635549374914e-07,18399,
593,7.409337740682531e-06,1.0877307659029611e-06,4.822732648790407e-07,18409,
593,,,,18413,9.039496035256889e-06
594,9.348136700282339e-06,2.4419493911409518e-06,4.988666546523746e-07,18419,
594,8.239159797085449e-06,1.9735241494345246e-06,4.5946140403430036e-07,18429,
594,7.851431291783229e-06,1.3345827483135508e-06,4.535150992523995e-07,18439,
594,,,,18444,1.000695465336321e-05
595,1.1586659638851415e-05,5.4630559134238865e-06,4.3975470020996e-07,18449,
595,8.4457669800031e-06,3.71968644685694e-06,4.322372433307464e-07,18459,
595,7.856855518184602e-06,1.7930799458554247e-06,4.734687877316901e-07,18469,
595,,,,18475,9.5100676844595e-06
596,8.65222500578966e-06,2.084018433379242e-06,4.97989276482258e-07,18479,
596,8.05351464805426e-06,2.0438417323020985e-06,4.824813117920712e-07,18489,
596,7.909357918833848e-06,1.8574764908407815e-06,4.483460998017108e-07,18499,
596,,,,18506,9.006619620777201e-06
597,1.0233552529825829e-05,2.414236860204255e-06,5.285328370518982e-07,18509,
597,8.113479452731553e-06,1.4302098634288996e-06,4.595931670792197e-07,18519,
597,8.048699783103075e-06,1.7808051779866219e-06,4.861611273554445e-07,18529,
597,,,,18537,9.39676829148084e-06
598,1.0925988135568332e-05,1.7964429162020679e-06,4.4327828163659433e-07,18539,
598,7.759154868836049e-06,1.6308684962496045e-06,4.2810768263734644e-07,18549,
598,7.213627213786822e-06,1.3668212659467827e-06,4.869073109148303e-07,18559,
598,,,,18568,9.112937732425053e-06
599,9.333042726211715e-06,1.529464725535945e-06,4.849984520660655e-07,18569,
599,7.916037247923668e-06,2.4601358745712787e-06,4.887758677796228e-07,18579,
599,7.860882760724053e-06,1.795716343622189e-06,4.3850985775861773e-07,18589,
599,5.714427516068099e-06,9.077170375348942e-07,8.418181707270378e-09,18599,
599,,,,18599,9.801452506508213e-06
600,8.319255357491784e-06,3.1997726637200685e-06,4.809846245734661e-07,18609,
600,7.96951189840911e-06,2.201315510319546e-06,4.91521745971113e-07,18619,
600,7.425788226100849e-06,1.3286830835568253e-06,5.437628374238557e-07,18629,
600,,,,18630,9.468662938161287e-06
601,7.923170414869674e-06,1.907683554236428e-06,4.995632139070949e-07,18639,
601,7.207512680906802e-06,1.2448018651411985e-06,4.490568414894369e-07,18649,
601,7.791768439346924e-06,1.4010028053235146e-06,4.6422653099398303e-07,18659,
601,,,,18661,8.716450793144759e-06
602,8.742797035665717e-06,4.996826191927539e-06,4.776549644702754e-07,18669,
602,8.013504157133866e-06,2.272760639243643e-06,4.507894857397332e-07,18679,
602,7.715698302490637e-06,2.2820629510533763e-06,4.698439113326458e-07,18689,
602,,,,18692,8.415150659857318e-06
603,1.0407168701931369e-05,1.2305875316087622e-05,4.6265765263342473e-07,18699,
603,7.967743840708863e-06,1.80570987140527e-06,4.732651177619118e-07,18709,
603,9.013446288008709e-06,1.575935698383546e-06,4.850784875998215e-07,18719,
603,,,,18723,9.146481716015842e-06
604,1.5248705494741444e-05,4.991260993847391e-06,5.038352242081601e-07,18729,
604,8.904973583412357e-06,3.123703663732158e-06,4.631952208455914e-07,18739,
604,9.557458724884782e-06,3.1233755635184934e-06,4.5709242613156675e-07,18749,
604,,,,18754,9.435033462068532e-06
605,1.0616646250127815e-05,3.629877710409346e-06,4.4311966007626324e-07,18759,
605,7.884380465839058e-06,1.9289723240945023e-06,4.3489200152180274e-07,18769,
605,7.506343081331579e-06,1.4593952073482797e-06,4.77040543955809e-07,18779,
605,,,,18785,8.386040462937672e-06
606,8.148682354658376e-06,1.4071093801248935e-06,5.023962330596987e-07,18789,
606,7.202711003628792e-06,1.1740387435565935e-06,4.865332243753073e-07,18799,
606,7.0697055889468174e-06,1.1707054454745958e-06,4.520532570495561e-07,18809,
606,,,,18816,8.050403266679496e-06
607,8.643080946058035e-06,2.4607045361335622e-06,5.326122050064441e-07,18819,
607,7.694925443502143e-06,1.4274675095293787e-06,4.6233208195189945e-07,18829,
607,7.366416866716463e-06,1.3174222885936615e-06,4.902012733509764e-07,18839,
607,,,,18847,8.635781341581605e-06
608,9.759392924024723e-06,1.873058863566257e-06,4.468298584470176e-07,18849,
608,8.193075700546615e-06,1.6119886367960135e-06,4.3168404317839304e-07,18859,
608,7.406466920656385e-06,1.3356066119740717e-06,4.912815825264261e-07,18869,
608,,,,18878,9.968721315090079e-06
609,1.0102582564286422e-05,1.5156205108723952e-06,4.890953846370394e-07,18879,
609,8.830951628624462e-06,1.6091222505565383e-06,4.924785343973781e-07,18889,
609,7.640306648681872e-06,1.540552716505772e-06,4.419406423039618e-07,18899,
609,5.349907951313071e-06,8.737181929063809e-07,8.462165190792348e-09,18909,
609,,,,18909,8.662244908919092e-06
610,7.450656084984075e-06,1.4450261005549692e-06,4.852886945627688e-07,18919,
610,7.630529580637813e-06,1.9232568320148857e-06,4.954147811986331e-07,18929,
610,6.795832177886041e-06,1.3128349110047566e-06,5.486757572725764e-07,18939,
610,,,,18940,8.159773642546497e-06
611,7.201631888165139e-06,1.4392587672773516e-06,5.042048769610119e-07,18949,
611,6.858049346192274e-06,1.366621404486068e-06,4.5268387793839793e-07,18959,
611,7.333258508879226e-06,1.2395383919283631e-06,4.6805098463664763e-07,18969,
611,,,,18971,8.805066499917302e-06
612,9.860890713753179e-06,2.3891122964414535e-06,4.816885734726384e-07,18979,
612,7.848766472307034e-06,1.983856463994016e-06,4.5472907572730037e-07,18989,
612,7.3796768447209615e-06,1.5007148022050387e-06,4.7435634087378276e-07,18999,
612,,,,19002,8.863015864335466e-06
613,8.95922403287841e-06,6.4435457716172095e-06,4.662115316023119e-07,19009,
613,7.405230007861974e-06,3.0955177408031886e-06,4.782604037245619e-07,19019,
613,7.0805722316436e-06,1.3419427205008105e-06,4.892536367151479e-07,19029,
613,,,,19033,9.24658070289297e-06
614,1.1290094334981404e-05,3.017479912159615e-06,5.073182478554372e-07,19039,
614,8.32196201372426e-06,2.868829596991418e-06,4.6733757130823506e-07,19049,
614,7.386200195469428e-06,2.1160394680919126e-06,4.621115863301384e-07,19059,
614,,,,19064,8.542763680452481e-06
615,9.318487173004542e-06,7.74588988861069e-06,4.4728392367687775e-07,19069,
615,8.154359420586843e-06,2.247710426672711e-06,4.388935792576376e-07,19079,
615,7.471260687452741e-06,1.590328679412778e-06,4.818448360310867e-07,19089,
615,,,,19095,8.809341125015635e-06
616,8.757356226851698e-06,3.6616618217522046e-06,5.075999638393114e-07,19099,
616,7.982451279531233e-06,1.5826011576791643e-06,4.909874178338214e-07,19109,
616,7.067626938805915e-06,1.3030129366597976e-06,4.561289586035855e-07,19119,
616,,,,19126,8.876801075530238e-06
617,9.63181082624942e-06,1.9509607227519155e-06,5.370059739107091e-07,19129,
617,7.828005436749663e-06,1.7980495385927497e-06,4.6583758717133605e-07,19139,
617,7.4618742473830935e-06,1.427288566446805e-06,4.941847464579041e-07,19149,
617,,,,19157,9.985600627260283e-06
618,1.4811050277785398e-05,2.0714412585221e-06,4.5078280663801706e-07,19159,
618,7.814849595888518e-06,1.6009515775294858e-06,4.3507540681275714e-07,19169,
618,7.171219294832554e-06,1.4618121895182412e-06,4.961314630236302e-07,19179,
618,,,,19188,8.496536793245468e-06
619,8.747080755711067e-06,1.6950710914898082e-06,4.928002681481303e-07,19189,
619,7.459484095306834e-06,1.3531212061934639e-06,4.95927338306501e-07,19199,
619,6.9469542722799815e-06,1.3057182286502211e-06,4.448665720246936e-07,19209,
619,5.02666716784006e-06,7.963071766425855e-07,8.516808591707559e-09,19219,
619,,,,19219,7.59871272748569e-06
620,6.7914520514023025e-06,1.281166419175861e-06,4.898864744973253e-07,19229,
620,7.267346063599689e-06,1.8393815253148205e-06,4.996769575882354e-07,19239,
620,6.759947154932888e-06,1.24787800359627e-06,5.537004312827776e-07,19249,
620,,,,19250,8.6634290710208e-06
621,9.660858268034644e-06,3.754326598937041e-06,5.082818574919656e-07,19259,
621,8.012365469767246e-06,4.533990704658208e-06,4.5654155655938666e-07,19269,
621,8.395962140639313e-06,1.6205949577852152e-06,4.7176300199680554e-07,19279,
621,,,,19281,1.0538409696891904e-05
622,8.505726327712182e-06,3.169606088704313e-06,4.855268684877956e-07,19289,
622,7.967768397065811e-06,1.881979187601246e-06,4.580978725243767e-07,19299,
622,7.234866188809974e-06,1.6536241673748009e-06,4.786458021044382e-07,19309,
622,,,,19312,8.434175470029004e-06
623,7.530147740908433e-06,2.359661266382318e-06,4.6920942509132146e-07,19319,
623,6.640894753218163e-06,1.2902718253826606e-06,4.826866870644153e-07,19329,
623,6.932184078323189e-06,1.4297946790975402e-06,4.924833660879813e-07,19339,
623,,,,19343,8.398758836847264e-06
624,8.374714525416493e-06,1.6702059610906872e-06,5.113064389661304e-07,19349,
624,7.2311154326598626e-06,1.3723382608077372e-06,4.7105086764531734e-07,19359,
624,7.431196991092293e-06,1.6508874978171661e-06,4.6653960339426703e-07,19369,
624,,,,19374,8.685580723977182e-06
625,9.590261470293626e-06,2.130230996044702e-06,4.507844266754546e-07,19379,
625,6.855666015326278e-06,1.3968507346362458e-06,4.415834382598405e-07,19389,
625,7.3885285019059666e-06,1.6478285260745906e-06,4.859266482526436e-07,19399,
625,,,,19405,9.132145351031795e-06
626,1.1522700333443936e-05,3.9269120861717965e-06,5.118026251693664e-07,19409,
626,8.987803994386923e-06,2.9972170523251407e-06,4.956784209753096e-07,19419,
626,6.981340447964612e-06,1.671721520324354e-06,4.601673140314233e-07,19429,
626,,,,19436,8.350261850864626e-06
627,1.148009869211819e-05,7.48818865758949e-06,5.415837449618266e-07,19439,
627,8.57836948853219e-06,3.24297229781223e-06,4.6976683165667055e-07,19449,
627,7.376485882559791e-06,1.936844455485698e-06,4.982652512808272e-07,19459,
627,,,,19467,7.62658828534768e-06
628,8.204152436519507e-06,2.851313638529973e-06,4.538714222235285e-07,19469,
628,6.380368176905904e-06,1.9076760509051383e-06,4.3860683263119427e-07,19479,
628,6.608917828998528e-06,1.5814393918844871e-06,5.007026402381598e-07,19489,
628,,,,19498,7.465300768672023e-06
629,7.699008165218402e-06,1.538680294288497e-06,4.965353923580551e-07,19499,
629,6.815106644353364e-06,1.3595566770163714e-06,4.997777409698756e-07,19509,
629,6.814660991949495e-06,1.28607393889979e-06,4.4807936205870647e-07,19519,
629,4.825967153010424e-06,9.593849199518445e-07,8.562745179574449e-09,19529,
629,,,,19529,7.824702151992824e-06
630,6.709764420520514e-06,1.642795041334466e-06,4.940542908116186e-07,19539,
630,7.341362561419373e-06,2.3396908090944635e-06,5.041914050707419e-07,19549,
630,6.69181781631778e-06,1.4766914091524086e-06,5.58547355922201e-07,19559,
630,,,,19560,8.77375714480877e-06
631,7.693791303609032e-06,2.916525318141794e-06,5.120207333675353e-07,19569,
631,8.950027222454082e-06,3.4392421639495296e-06,4.59719842638151e-07,19579,
631,7.874966286181007e-06,1.5706409612903371e-06,4.7535172598145436e-07,19589,
631,,,,19591,9.478915671934374e-06
632,9.206482900481205e-06,2.3114682790037477e-06,4.890578679805913e-07,19599,
632,8.736271411180496e-06,1.9778578916884726e-06,4.615541797647893e-07,19609,
632,7.743948117422406e-06,2.193755562984734e-06,4.830129114452575e-07,19619,
632,,,,19622,9.182717803923879e-06
633,9.64570699579781e-06,3.194213149981806e-06,4.7255733193196647e-07,19629,
633,7.546404958702624e-06,1.7119257336162264e-06,4.867816301157291e-07,19639,
633,7.134690804377897e-06,1.595905132489861e-06,4.958548629474535e-07,19649,
633,,,,19653,7.86544660513755e-06
634,8.357239494216628e-06,2.05773176276125e-06,5.157472742212121e-07,19659,
634,6.940082130313385e-06,1.3752681979894987e-06,4.7459732854804315e-07,19669,
634,6.815452252340037e-06,1.129785573539266e-06,4.705103151536605e-07,19679,
634,,,,19684,7.41429266781779e-06
635,7.80272330302978e-06,2.3712436814093962e-06,4.545718468307314e-07,19689,
635,6.442549420171417e-06,1.1073742598455283e-06,4.4446557012634e-07,19699,
635,6.535128704854287e-06,1.1755339528463082e-06,4.898462862001907e-07,19709,
635,,,,19715,7.1634899541095365e-06
636,8.227104444813449e-06,1.6910515796553227e-06,5.164657750356128e-07,19719,
636,6.410375135601498e-06,1.461613351239066e-06,5.001634235668462e-07,19729,
636,6.4593828028591815e-06,1.1596060858209967e-06,4.6425927280324686e-07,19739,
636,,,,19746,7.9852043199935e-06
637,1.0870136065932456e-05,2.946077302112826e-06,5.461449177346367e-07,19749,
637,7.600223398185335e-06,1.7747499896358931e-06,4.724604139028088e-07,19759,
637,7.582802027172875e-06,1.883487698250974e-06,5.023370590606646e-07,19769,
637,,,,19777,9.31624981603818e-06
638,1.2843434888054617e-05,3.6117016861680895e-06,4.571918168494449e-07,19779,
638,6.306132945610443e-06,1.3327889973879792e-06,4.4230759499441774e-07,19789,
638,6.449379725381732e-06,1.1615093171712942e-06,5.053724407844129e-07,19799,
638,,,,19808,7.479496161977295e-06
639,7.724953320575878e-06,1.5707428246969357e-06,5.007463528272638e-07,19809,
639,6.710360594297526e-06,1.4120694231678499e-06,5.038506856180902e-07,19819,
639,6.184384346852312e-06,1.4215582950782846e-06,4.5129937120691466e-07,19829,
639,4.563916263577994e-06,8.086407774499094e-07,8.598710188323366e-09,19839,
639,,,,19839,7.624691079399781e-06
640,7.093820840964327e-06,1.2849097856815206e-06,4.983842813999217e-07,19849,
640,6.807591034885263e-06,2.0336456145741977e-06,5.082531515654409e-07,19859,
640,6.3000475165608805e-06,1.6915503238124074e-06,5.63229036742996e-07,19869,
640,,,,19870,7.973604624567088e-06
641,7.3345167947991285e-06,1.6140871821335168e-06,5.164966410120542e-07,19879,
641,6.363172815326834e-06,1.7150408666566364e-06,4.6316313273564447e-07,19889,
641,6.906576345500071e-06,1.7149080804301775e-06,4.79247034945729e-07,19899,
641,,,,19901,7.352394277404528e-06
642,1.5531695680692792e-05,9.078602488443721e-06,4.944322427036241e-07,19909,
642,8.45360045786947e-06,2.987693960676552e-06,4.6544158749384223e-07,19919,
642,6.8108533923805226e-06,1.409762830917316e-06,4.877353489973757e-07,19929,
642,,,,19932,7.496774742321577e-06
643,6.706020485580666e-06,1.8128239389625378e-06,4.7597262664567097e-07,19939,
643,6.4913933783827815e-06,2.414939444861375e-06,4.923169285575568e-07,19949,
643,6.083174412196968e-06,1.2646696632145904e-06,4.994166715732717e-07,19959,
643,,,,19963,7.280998488568002e-06
644,7.5142033892916515e-06,1.1515147662066738e-06,5.198252210902865e-07,19969,
644,6.669779395451769e-06,1.2114481933167554e-06,4.788414003087382e-07,19979,
644,6.332400062092347e-06,9.405565037923225e-07,4.752610038849525e-07,19989,
644,,,,19994,7.016575182205997e-06
645,6.511603260150878e-06,1.3197717407820164e-06,4.582145152198791e-07,19999,
645,6.009179287502775e-06,1.0052774541691178e-06,4.4778244046028703e-07,20009,
645,6.4737259890534915e-06,1.3578226116806036e-06,4.942581881550723e-07,20019,
645,,,,20025,7.462796475010691e-06
646,9.524977031105664e-06,3.3101039207394933e-06,5.211874167798669e-07,20029,
646,8.424286534136627e-06,2.1659950562025188e-06,5.041560484642105e-07,20039,
646,7.156742867664434e-06,2.7068815597885987e-06,4.682945586864662e-07,20049,
646,,,,20056,1.0558139365457464e-05
647,1.9888246242771856e-05,3.2964112506306265e-06,5.507051241693262e-07,20059,
647,1.189889371744357e-05,3.898438080796041e-06,4.759242528962204e-07,20069,
647,7.27569295122521e-06,1.7795613302951097e-06,5.065181198915525e-07,20079,
647,,,,20087,8.54819609230617e-06
648,9.989637874241453e-06,4.946761237079045e-06,4.6060389990998374e-07,20089,
648,7.051800821500365e-06,2.541461981309112e-06,4.4572851720658946e-07,20099,
648,6.610101536352886e-06,3.4285196761629777e-06,5.093781396681152e-07,20109,
648,,,,20118,7.875396477174945e-06
649,8.11311383586144e-06,2.5044407720997697e-06,5.040894848207245e-07,20119,
649,6.875886811030796e-06,2.1244077288429253e-06,5.068406494501687e-07,20129,
649,6.133005172159756e-06,1.1470773415567237e-06,4.5401466763905773e-07,20139,
649,4.599242402036907e-06,1.0267696097798762e-06,8.636684256657645e-09,20149,
649,,,,20149,8.02315025794087e-06
650,6.394874162651831e-06,1.925491005749791e-06,5.019671789341373e-07,20159,
650,7.466572697012452e-06,1.5343888435381814e-06,5.119737807035563e-07,20169,
650,6.014011887600645e-06,1.3030520449319738e-06,5.673471150657861e-07,20179,
650,,,,20180,7.1847421168058645e-06
651,6.987627330090618e-06,1.3492988273355877e-06,5.198209578338719e-07,20189,
651,6.265863248700043e-06,1.6113426681840792e-06,4.658227510390134e-07,20199,
651,6.430599569284823e-06,1.0607103604343138e-06,4.826597432838753e-07,20209,
651,,,,20211,7.16535896572168e-06
652,6.839947218395537e-06,1.6868780221557245e-06,4.969566589352326e-07,20219,
652,7.0143837547220755e-06,1.5955146182022872e-06,4.6848521151332534e-07,20229,
652,6.168915660964558e-06,1.2889947811345337e-06,4.920282208331628e-07,20239,
652,,,,20242,6.9276607064239215e-06
653,6.013538495608373e-06,1.2441795433915104e-06,4.794004553332343e-07,20249,
653,5.856112238689093e-06,1.1843981155834626e-06,4.968050575371308e-07,20259,
653,5.819054422318004e-06,1.0166072570427787e-06,5.029914973420091e-07,20269,
653,,,,20273,7.126548098312924e-06
654,7.29113389752456e-06,1.4171376960803173e-06,5.236580022938142e-07,20279,
654,6.329515144898323e-06,1.3399472891251207e-06,4.826554231840419e-07,20289,
654,6.282894446485443e-06,1.244480245077284e-06,4.797983024218411e-07,20299,
654,,,,20304,8.746934327064082e-06
655,1.2061327652190812e-05,3.2594380172668025e-06,4.6136119635775685e-07,20309,
655,8.739810255065095e-06,3.0211997454898665e-06,4.5065110043651657e-07,20319,
655,6.482185654022032e-06,2.048009491772973e-06,4.980611265636981e-07,20329,
655,,,,20335,8.453372174699325e-06
656,7.851834197936114e-06,3.785641411013785e-06,5.251933998806635e-07,20339,
656,6.741996003256645e-06,3.5326463603269076e-06,5.082928282718058e-07,20349,
656,6.533865416713525e-06,1.9780413822445553e-06,4.7162635041786416e-07,20359,
656,,,,20366,7.412771537929075e-06
657,9.17803481570445e-06,9.090618732443545e-06,5.535305263038026e-07,20369,
657,6.705234227410983e-06,2.254146920677158e-06,4.792873937731201e-07,20379,
657,6.667088655376574e-06,2.4362418571399758e-06,5.101430815557251e-07,20389,
657,,,,20397,7.699573870922904e-06
658,9.011000656755641e-06,4.803751835424919e-06,4.6390394459194795e-07,20399,
658,6.709873559884727e-06,1.3557551028497983e-06,4.491344895996008e-07,20409,
658,7.006647592788795e-06,1.3889998626837041e-06,5.139004315424245e-07,20419,
658,,,,20428,7.560273388662608e-06
659,7.82188362791203e-06,1.3501370403901092e-06,5.074764430901268e-07,20429,
659,6.68553866489674e-06,1.3546441550715826e-06,5.106885510031134e-07,20439,
659,6.654283424722962e-06,1.5650708746761666e-06,4.567641553876456e-07,20449,
659,4.359613285487285e-06,7.745028938188625e-07,8.669761797364117e-09,20459,
659,,,,20459,7.081071998982225e-06
660,5.91101115787751e-06,1.391315436194418e-06,5.063299681751232e-07,20469,
660,6.965130978642264e-06,1.8851566210287274e-06,5.160562182027206e-07,20479,
660,5.614299425360514e-06,9.813026053961948e-07,5.722155833609577e-07,20489,
660,,,,20490,7.024151273071766e-06
661,6.373477390297921e-06,1.2090762311345316e-06,5.239506322141096e-07,20499,
661,6.187187409523176e-06,2.542598622312653e-06,4.6943000597821083e-07,20509,
661,6.284646588028409e-06,1.282050561712822e-06,4.861965976488136e-07,20519,
661,,,,20521,8.101455932774115e-06
662,1.0345968803449068e-05,2.1657722300005844e-06,5.007605068385601e-07,20529,
662,7.4968002081732266e-06,4.762248863698915e-06,4.7210815523612837e-07,20539,
662,7.086689947755076e-06,1.3234759990154998e-06,4.963688411407929e-07,20549,
662,,,,20552,9.402535397384781e-06
663,7.863927748985589e-06,2.076158807540196e-06,4.8199336788457e-07,20559,
663,6.322797162283678e-06,2.0262066300347215e-06,5.009882215745165e-07,20569,
663,6.693971499771578e-06,1.1794495549111161e-06,5.060018679614586e-07,20579,
663,,,,20583,8.05137005954748e-06
664,1.2466320185922086e-05,6.1949876908329315e-06,5.284555300022475e-07,20589,
664,7.02369698046823e-06,2.0002837572974386e-06,4.859325031247863e-07,20599,
664,7.533658845204627e-06,1.7501427009847248e-06,4.827281827601837e-07,20609,
664,,,,20614,7.413058938254835e-06
665,7.534952601417899e-06,3.3183230243594153e-06,4.6499062023031e-07,20619,
665,5.929943199589616e-06,1.3488238437275868e-06,4.5246028435030894e-07,20629,
665,6.001396741339704e-06,1.1952101885981392e-06,5.008469656786474e-07,20639,
665,,,,20645,7.028297204669798e-06
666,8.01798978500301e-06,1.8583353948997683e-06,5.290889930620324e-07,20649,
666,5.85089355809032e-06,1.1351619377819588e-06,5.1176601800762e-07,20659,
666,5.484729172167135e-06,1.2270814977455302e-06,4.7457405116801965e-07,20669,
666,,,,20676,6.422168553399388e-06
667,7.5429416028782725e-06,2.472296046107658e-06,5.570601047111268e-07,20679,
667,6.256691904127365e-06,1.201292320729408e-06,4.817567855752714e-07,20689,
667,5.894239166082116e-06,1.1646183111224673e-06,5.13549423430959e-07,20699,
667,,,,20707,6.786375706724357e-06
668,9.004009370983113e-06,3.702557705764775e-06,4.669408042445866e-07,20709,
668,5.9526419136091135e-06,1.3550975381804164e-06,4.525828956047917e-07,20719,
668,5.630144642054802e-06,1.0761145858850796e-06,5.185822260500572e-07,20729,
668,,,,20738,6.804312306485372e-06
669,7.0569885792792775e-06,1.983432866836665e-06,5.117267392051872e-07,20739,
669,5.808686182717793e-06,1.1242743767070351e-06,5.146151806911803e-07,20749,
669,5.515928023669403e-06,1.2055205615979503e-06,4.600717034008994e-07,20759,
669,4.100088517589029e-06,7.608012424498156e-07,8.704954090887895e-09,20769,
669,,,,20769,6.4533787735854276e-06
670,5.704074283130467e-06,1.0303493809260544e-06,5.106915068608942e-07,20779,
670,5.687580141966464e-06,1.2237368309797603e-06,5.202710440244118e-07,20789,
670,5.415462055680109e-06,1.1562647159735207e-06,5.771823907707585e-07,20799,
670,,,,20800,6.494259196188068e-06
671,7.400659342238214e-06,2.6019442884717137e-06,5.28002033206576e-07,20809,
671,6.524370292027015e-06,1.53962571403099e-06,4.7283401727327146e-07,20819,
671,6.992043381615076e-06,1.8384619124844903e-06,4.901714873994933e-07,20829,
671,,,,20831,7.5013626883446705e-06
672,7.298616765183397e-06,4.431793968251441e-06,5.048609637015034e-07,20839,
672,7.098089099599747e-06,1.3268693237478146e-06,4.7541854542032524e-07,20849,
672,7.1489748734165914e-06,1.50857317748887e-06,5.008034804632189e-07,20859,
672,,,,20862,7.807918336766306e-06
673,6.619200121349422e-06,4.239299869368551e-06,4.852940378441417e-07,20869,
673,5.884541678824462e-06,2.149114152416587e-06,5.056929239799501e-07,20879,
673,5.692183094652137e-06,1.2908985809190199e-06,5.088921852802741e-07,20889,
673,,,,20893,7.568122327938909e-06
674,8.13535189081449e-06,4.806329798157094e-06,5.317988325259648e-07,20899,
674,6.61833200865658e-06,1.304447437178169e-06,4.893036589237454e-07,20909,
674,5.931584837526316e-06,1.0892183581745485e-06,4.868111318501178e-07,20919,
674,,,,20924,7.264281066454714e-06
675,1.005245758278761e-05,4.263904429535614e-06,4.687557861871028e-07,20929,
675,6.203259999892907e-06,1.2319757161094458e-06,4.555620307655772e-07,20939,
675,5.673171472153626e-06,1.151631067841663e-06,5.046125579610816e-07,20949,
675,,,,20955,6.0370989558578e-06
676,6.903811481606681e-06,2.8619358545256546e-06,5.333769763637974e-07,20959,
676,5.643284112011315e-06,1.0638385674610618e-06,5.158003091310093e-07,20969,
676,5.198705821385374e-06,9.963714546756819e-07,4.78391029901104e-07,20979,
676,,,,20986,6.121306796558201e-06
677,7.023056696198182e-06,2.7800292627944145e-06,5.609666686723358e-07,20989,
677,6.366013622027822e-06,1.296546884077543e-06,4.85061548261001e-07,20999,
677,5.76065849600127e-06,1.0596940001050825e-06,5.173733370611444e-07,21009,
677,,,,21017,6.181099251989508e-06
678,7.068563263601391e-06,1.5330248288591974e-06,4.69807474701156e-07,21019,
678,5.824497748108115e-06,1.3881201539334143e-06,4.559917385904555e-07,21029,
678,5.7931906667363364e-06,1.239406515196606e-06,5.225392101237958e-07,21039,
678,,,,21048,6.457150902861031e-06
679,6.697304343106225e-06,1.0622599120324594e-06,5.151827053850866e-07,21049,
679,5.909067112952471e-06,2.118037173204357e-06,5.180970106266614e-07,21059,
679,6.135910098237218e-06,1.9218578017898835e-06,4.6246779561442963e-07,21069,
679,4.183783858024981e-06,9.840688335316372e-07,8.741911194931618e-09,21079,
679,,,,21079,8.688243724463973e-06
680,6.525505341414828e-06,2.4639743969601113e-06,5.137038670000038e-07,21089,
680,6.919930910953553e-06,2.9296484171936754e-06,5.231624413681857e-07,21099,
680,5.72817089050659e-06,1.3288516811371665e-06,5.799681161988701e-07,21109,
680,,,,21110,8.373478522116784e-06
681,6.441144705604529e-06,1.564538592901954e-06,5.305150239109935e-07,21119,
681,5.491244792210637e-06,1.6607906445642584e-06,4.7520234147668816e-07,21129,
681,5.756527116318466e-06,1.1548910379133304e-06,4.923338110529585e-07,21139,
681,,,,21141,6.422900696634315e-06
682,6.580182798643364e-06,1.2318283779677586e-06,5.074087425782636e-07,21149,
682,5.8684017858468e-06,1.8369900089965085e-06,4.782551741300267e-07,21159,
682,5.412024620454758e-06,1.041990458361397e-06,5.041238182457164e-07,21169,
682,,,,21172,6.729303549946053e-06
683,6.705919076921418e-06,2.0414763639564626e-06,4.883778501607594e-07,21179,
683,5.484066150529543e-06,1.5570789173580124e-06,5.092873607281945e-07,21189,
683,5.840227458975278e-06,1.180043796011887e-06,5.11705991357303e-07,21199,
683,,,,21203,8.46847160573816e-06
684,9.57719203142915e-06,4.096557859156746e-06,5.342496365301486e-07,21209,
684,7.141152764233993e-06,4.035205165564548e-06,4.923237497678201e-07,21219,
684,5.836124273628229e-06,1.4676512591904611e-06,4.906938784188242e-07,21229,
684,,,,21234,8.497655471728649e-06
685,9.413346560904756e-06,3.9669293983024545e-06,4.703931892890978e-07,21239,
685,6.93934089213144e-06,2.612366870380356e-06,4.5790213221152953e-07,21249,
685,5.991912075842265e-06,2.9094560431985883e-06,5.081384983895987e-07,21259,
685,,,,21265,7.404249117826112e-06
686,9.114551176025998e-06,1.5932982933009043e-05,5.372268674364022e-07,21269,
686,7.520478902733885e-06,2.400430048510316e-06,5.191719196773192e-07,21279,
686,5.701707777916454e-06,1.5425302990479395e-06,4.810914333575056e-07,21289,
686,,,,21296,6.516075700346846e-06
687,7.936976544442587e-06,4.215993158140918e-06,5.640040399157442e-07,21299,
687,5.9786407291539945e-06,1.4922169384590234e-06,4.87536340187944e-07,21309,
687,5.434823378891451e-06,1.069555764843244e-06,5.201226827011851e-07,21319,
687,,,,21327,6.005527211527806e-06
688,6.467894763773074e-06,1.9182227788405726e-06,4.726217639472452e-07,21329,
688,5.028709892940242e-06,1.1470519893919118e-06,4.5847994556424965e-07,21339,
688,5.088893431093311e-06,1.0200428732787259e-06,5.261336468720401e-07,21349,
688,,,,21358,5.920725925534498e-06
689,6.1252389969013166e-06,9.91387082649453e-07,5.180615403332922e-07,21359,
689,5.275984676700318e-06,1.0576681006568833e-06,5.207913318372448e-07,21369,
689,4.889176580036292e-06,9.571663213137072e-07,4.648918832117488e-07,21379,
689,3.842766545858467e-06,7.795113674546883e-07,8.775090876156355e-09,21389,
689,,,,21389,5.764598881796701e-06
690,5.137623247719603e-06,1.1283266303507844e-06,5.174007355890353e-07,21399,
690,5.474890258483356e-06,1.379315563099226e-06,5.266718403618142e-07,21409,
690,4.940156031807419e-06,1.0259752798447153e-06,5.84375811740756e-07,21419,
690,,,,21420,6.1511254898505285e-06
691,5.443512236524839e-06,1.0301573638571426e-06,5.341647693057894e-07,21429,
691,5.321481694409158e-06,1.3445633157971315e-06,4.781656457453209e-07,21439,
691,5.679786681866972e-06,1.120761567108275e-06,4.955670647177612e-07,21449,
691,,,,21451,6.7428031798044685e-06
692,6.889415999467019e-06,1.2042585240124026e-06,5.107642095936171e-07,21459,
692,6.356511221383698e-06,1.6217636584769934e-06,4.812735028281168e-07,21469,
692,5.57524344912963e-06,1.3803069123241585e-06,5.07431479945808e-07,21479,
692,,,,21482,7.213988283183426e-06
693,1.9833560145343654e-05,5.169018095330102e-06,4.913580937682127e-07,21489,
693,7.5941338764096145e-06,3.8481634874187876e-06,5.131654461365542e-07,21499,
693,6.911183845659252e-06,2.2704341517965076e-06,5.146160333424632e-07,21509,
693,,,,21513,9.852220500761177e-06
694,8.136668839142658e-06,2.4617277176730568e-06,5.372900204747566e-07,21519,
694,6.235132332221838e-06,1.3404060155153275e-06,4.954388259648113e-07,21529,
694,5.50315280634095e-06,1.1253081311224378e-06,4.937425615025859e-07,21539,
694,,,,21544,6.956930519663729e-06
695,6.079586000851123e-06,1.348663658973237e-06,4.738652421565348e-07,21549,
695,5.328759471012745e-06,9.778785852176952e-07,4.601602086040657e-07,21559,
695,5.296287781675346e-06,1.1309590490782284e-06,5.108233267492324e-07,21569,
695,,,,21575,6.694012881780509e-06
696,7.0870205490791705e-06,2.131658220605459e-06,5.404415901466564e-07,21579,
696,5.5032774071150925e-06,1.2042482921970077e-06,5.222502750257263e-07,21589,
696,4.930361228616675e-06,9.22228934996383e-07,4.840396741201403e-07,21599,
696,,,,21606,6.06348203291418e-06
697,7.082659521984169e-06,1.9654644347610883e-06,5.678660386365664e-07,21609,
697,5.741699169448111e-06,1.3243469538792851e-06,4.897987082586042e-07,21619,
697,5.21210313308984e-06,1.070478333531355e-06,5.239075449026132e-07,21629,
697,,,,21637,6.385835604305612e-06
698,7.960193215694744e-06,1.950329988176236e-06,4.752851054945495e-07,21639,
698,4.8470783440279774e-06,1.1920941460630274e-06,4.615947659658559e-07,21649,
698,4.938466190651525e-06,9.695008884591516e-07,5.298766154737677e-07,21659,
698,,,,21668,5.860759756615153e-06
699,6.0620354815910105e-06,1.2652294572035316e-06,5.21228230354609e-07,21669,
699,5.185609097679844e-06,1.3819484365740209e-06,5.238657081463316e-07,21679,
699,4.898544375464553e-06,1.3927214013165212e-06,4.6743656412218115e-07,21689,
699,3.6822327729169047e-06,7.573981406494568e-07,8.819506902568719e-09,21699,
699,,,,21699,5.905646958126454e-06
700,5.69153326068772e-06,2.1487517187779304e-06,5.207231765780307e-07,21709,
700,7.022024874459021e-06,3.6058772820979357e-06,5.301351393427467e-07,21719,
700,6.0259953897912055e-06,2.1862258563487558e-06,5.880169169358851e-07,21729,
700,,,,21730,8.53377059684135e-06
701,1.0714940799516626e-05,8.863193215802312e-06,5.370878852772876e-07,21739,
701,6.91028481014655e-06,4.065253506269073e-06,4.811384428649035e-07,21749,
701,7.150394139898708e-06,3.1232382298185257e-06,4.980383891961537e-07,21759,
701,,,,21761,1.3521043001674116e-05
702,1.319722559856018e-05,5.4023871598474216e-06,5.136432719154982e-07,21769,
702,1.0506331818760373e-05,3.753681085072458e-06,4.829024078389921e-07,21779,
702,6.155289611342596e-06,1.6450330804218538e-06,5.103707962916815e-07,21789,
702,,,,21792,7.986312994034961e-06
703,7.104473752406193e-06,4.141927092859987e-06,4.934481125928869e-07,21799,
703,5.985611551295733e-06,2.2244410047278507e-06,5.161144258636341e-07,21809,
703,5.431453246274032e-06,1.122823846344545e-06,5.157762075214123e-07,21819,
703,,,,21823,6.367834885168122e-06
704,6.646538622590015e-06,1.669438688622904e-06,5.408424499364628e-07,21829,
704,5.5004456953611225e-06,1.397327650920488e-06,4.974982630301383e-07,21839,
704,5.247608896752354e-06,1.2217030871397583e-06,4.960245973961719e-07,21849,
704,,,,21854,5.979463821859099e-06
705,5.595902621280402e-06,1.2530691719803144e-06,4.764517314015393e-07,21859,
705,4.9351469897374045e-06,1.3240297676020418e-06,4.616318562966626e-07,21869,
705,5.219865670369472e-06,1.8445807654643431e-06,5.134205594004015e-07,21879,
705,,,,21885,6.1899172578705475e-06
706,6.2056337810645346e-06,1.8412358713248977e-06,5.4369775170926e-07,21889,
706,4.847996933676768e-06,1.197830897581298e-06,5.251563948149851e-07,21899,
706,5.238818630459718e-06,1.4963710555093712e-06,4.86546412048483e-07,21909,
706,,,,21916,6.2223562053986825e-06
707,7.375972927547991e-06,3.2310003916791175e-06,5.707264563170611e-07,21919,
707,5.417629381554434e-06,1.2865621101809666e-06,4.920735818814137e-07,21929,
707,5.391874765336979e-06,1.0389935596322175e-06,5.258746114122914e-07,21939,
707,,,,21947,6.056951860955451e-06
708,7.326373633986805e-06,4.044389697810402e-06,4.77774790397234e-07,21949,
708,5.240245172899449e-06,1.6860876712598838e-06,4.6383553353734897e-07,21959,
708,4.842182079300983e-06,1.0277503861289006e-06,5.326442078512628e-07,21969,
708,,,,21978,5.932280146225821e-06
709,6.09547714702785e-06,1.956163714567083e-06,5.235636990619241e-07,21979,
709,5.45618877367815e-06,1.7456588921049843e-06,5.264621449896367e-07,21989,
709,5.021706328989239e-06,1.43672502872505e-06,4.693115158715955e-07,21999,
709,3.6220419588062214e-06,6.651371222687885e-07,8.835332465650936e-09,22009,
709,,,,22009,5.9350468291086145e-06
710,4.80814378533978e-06,1.1707097655744292e-06,5.234476248006104e-07,22019,
710,5.64905758437817e-06,1.4025974905962357e-06,5.324868084244372e-07,22029,
710,4.9850573304865975e-06,1.1343730648150085e-06,5.914873213441751e-07,22039,
710,,,,22040,6.253577339521144e-06
711,5.264851097308565e-06,1.1993084854111657e-06,5.398339339990343e-07,22049,
711,4.866843937634258e-06,1.2418468031683005e-06,4.828035571335931e-07,22059,
711,5.748513558501145e-06,1.5269706636900082e-06,5.013993131797179e-07,22069,
711,,,,22071,6.505415058200015e-06
712,6.766428668925073e-06,2.441596507196664e-06,5.164839080862293e-07,22079,
712,5.375370164983906e-06,1.5111417042135145e-06,4.861181537307857e-07,22089,
712,6.431766905734548e-06,1.8183981183028664e-06,5.143988914824149e-07,22099,
712,,,,22102,6.5978865677607246e-06
713,1.4328499673865736e-05,6.043804205546621e-06,4.962527668794792e-07,22109,
713,6.052339358575409e-06,2.479813247191487e-06,5.200238319957862e-07,22119,
713,6.429453151213238e-06,2.3918958049762296e-06,5.185610234548221e-07,22129,
713,,,,22133,7.687790457566734e-06
714,7.381710020126775e-06,2.177082933485508e-06,5.440891186481167e-07,22139,
714,5.512294137588469e-06,1.7074777360903681e-06,5.00935357194976e-07,22149,
714,5.2144259825581685e-06,1.2128208481954061e-06,4.998203735340212e-07,22159,
714,,,,22164,6.263491286517819e-06
715,5.4653951337968465e-06,2.189690121667809e-06,4.795560357706563e-07,22169,
715,5.223827429290395e-06,1.3364794995140983e-06,4.643457032216247e-07,22179,
715,4.945078671880765e-06,1.113694111154473e-06,5.170384724806354e-07,22189,
715,,,,22195,5.8484156397753395e-06
716,5.649433205690002e-06,1.1018672694262932e-06,5.474047952702676e-07,22199,
716,4.695842108048964e-06,1.381218226015335e-06,5.285115207698254e-07,22209,
716,4.946714852849254e-06,8.870293868312729e-07,4.898571432931931e-07,22219,
716,,,,22226,6.0869842855026945e-06
717,8.737441021366976e-06,1.5140894902287982e-06,5.746298370468139e-07,22229,
717,5.198911367187975e-06,1.457976736674027e-06,4.94974187859043e-07,22239,
717,4.95610538564506e-06,1.15352884222375e-06,5.29336205090658e-07,22249,
717,,,,22257,6.257540462684119e-06
718,8.98477628652472e-06,1.949350235008751e-06,4.804634272659314e-07,22259,
718,4.85487726109568e-06,1.9142266864946578e-06,4.664478581162257e-07,22269,
718,5.17488570039859e-06,1.3341937119548675e-06,5.359707415664161e-07,22279,
718,,,,22288,6.805982593505178e-06
719,6.935345027159201e-06,1.2013019841106143e-06,5.270609904073353e-07,22289,
719,5.27466227140394e-06,1.763934051268734e-06,5.290489184517355e-07,22299,
719,5.188109298615018e-06,1.7640473970459425e-06,4.7144507675511704e-07,22309,
719,3.76631464860111e-06,7.423658416882972e-07,8.871057666226534e-09,22319,
719,,,,22319,7.038577678031288e-06
720,5.577272986556636e-06,1.9810183857771335e-06,5.263440812086628e-07,22329,
720,6.122818376752548e-06,2.8957151698705275e-06,5.355653343031008e-07,22339,
720,5.1222355068603065e-06,1.2184362958578276e-06,5.946887995378347e-07,22349,
720,,,,22350,6.949696853553178e-06
721,5.806983608636074e-06,1.588428517607099e-06,5.423541438176471e-07,22359,
721,5.415485702542355e-06,2.381648073424003e-06,4.849254082728294e-07,22369,
721,5.311655968398554e-06,1.4960442058509216e-06,5.035824983679049e-07,22379,
721,,,,22381,6.793049124098616e-06
722,9.738506378198508e-06,3.157598939651507e-06,5.189148737372307e-07,22389,
722,5.5175000852614176e-06,1.5315330301746144e-06,4.883679025624588e-07,22399,
722,5.262698778096819e-06,1.1757468882933608e-06,5.167260610505764e-07,22409,
722,,,,22412,6.466610557254171e-06
723,7.1534968810738064e-06,2.4137784748745617e-06,4.987663828615041e-07,22419,
723,5.155329290573718e-06,1.4219302784113097e-06,5.22635502875346e-07,22429,
723,4.801812337973388e-06,1.0340507969885948e-06,5.210634412833315e-07,22439,
723,,,,22443,5.6224835134344175e-06
724,6.068534275982529e-06,2.3790951217961265e-06,5.477313038682041e-07,22449,
724,5.041625172452768e-06,1.0685218967410037e-06,5.034994501329493e-07,22459,
724,4.774544777319534e-06,1.0228467317574541e-06,5.027536644774955e-07,22469,
724,,,,22474,5.4735219237045385e-06
725,6.9162174440862145e-06,3.685326873892336e-06,4.822235268875374e-07,22479,
725,5.403878276410978e-06,1.1592491091505508e-06,4.66605570181855e-07,22489,
725,5.063326170784421e-06,9.947515309249866e-07,5.196793608774897e-07,22499,
725,,,,22505,5.4482243285747245e-06
726,5.984210019960301e-06,2.277069825140643e-06,5.506799425347708e-07,22509,
726,5.184575456951279e-06,1.6758616538936622e-06,5.314617510521202e-07,22519,
726,4.745839305542177e-06,9.412248687112879e-07,4.923965661873808e-07,22529,
726,,,,22536,5.802648956887424e-06
727,7.080369869072456e-06,1.9016151782125235e-06,5.770960456175089e-07,22539,
727,5.966546723357169e-06,1.932817667693598e-06,4.971260523234378e-07,22549,
727,5.4604765864496585e-06,1.391105911352497e-06,5.319027422956424e-07,22559,
727,,,,22567,6.816009772592224e-06
728,1.0126384950126521e-05,2.0224401851010043e-06,4.828876285500883e-07,22569,
728,5.303747911966639e-06,2.3578475065733073e-06,4.6881510229468404e-07,22579,
728,5.375745331548387e-06,1.3027928389419685e-06,5.387586838878633e-07,22589,
728,,,,22598,6.766061687812908e-06
729,6.97286441209144e-06,1.5050376305225655e-06,5.297812890603382e-07,22599,
729,5.336411049938761e-06,1.8742474594546366e-06,5.30945669652283e-07,22609,
729,5.645315468427725e-06,1.2672693401327706e-06,4.7328600771834317e-07,22619,
729,3.6720955449709436e-06,8.986075386019365e-07,8.885281843618031e-09,22629,
729,,,,22629,6.035256774339359e-06
730,7.583627393614734e-06,1.4716466694153496e-06,5.282702773001802e-07,22639,
730,7.090197868819814e-06,1.2278771919227438e-06,5.381530741033203e-07,22649,
730,5.024026904720813e-06,1.5136077990973718e-06,5.970132406218909e-07,22659,
730,,,,22660,6.271407983149402e-06
731,5.746954229834955e-06,1.4671113603981212e-06,5.44752197129128e-07,22669,
731,5.568897449848009e-06,3.07398818222282e-06,4.865137270826381e-07,22679,
731,5.04743820783915e-06,1.6592636029599817e-06,5.053881295680185e-07,22689,
731,,,,22691,6.593034868274117e-06
732,6.8717822614416946e-06,3.1079362088348716e-06,5.203264663578011e-07,22699,
732,6.583384674740955e-06,1.474180066907138e-06,4.908340542897349e-07,22709,
732,5.242053248366574e-06,1.96641940419795e-06,5.191684522287687e-07,22719,
732,,,,22722,5.9956314544251654e-06
733,6.605881026189309e-06,2.0415316157595953e-06,4.994220716980635e-07,22729,
733,4.861188244831283e-06,1.0610154959067586e-06,5.253177732811309e-07,22739,
733,5.117105047247605e-06,1.1880073316206108e-06,5.230247666077048e-07,22749,
733,,,,22753,6.936808404134354e-06
734,7.841220394766424e-06,1.794188619896886e-06,5.489792442858743e-07,22759,
734,5.278816388454288e-06,1.2448278994270368e-06,5.053130962551222e-07,22769,
734,4.79048139823135e-06,1.0916102155533736e-06,5.050988534094358e-07,22779,
734,,,,22784,5.87779504712671e-06
735,5.079982656752691e-06,1.1094903129560407e-06,4.833029834117042e-07,22789,
735,4.42549935542047e-06,1.0439025572850369e-06,4.6784526830379036e-07,22799,
735,4.857537533098366e-06,9.42242081691802e-07,5.214921543483797e-07,22809,
735,,,,22815,5.606108516076347e-06
736,6.847821623523487e-06,1.404527779413911e-06,5.526552513401839e-07,22819,
736,4.775021807290614e-06,1.1144037443955312e-06,5.336069079930894e-07,22829,
736,4.770894520333968e-06,1.3476301319315098e-06,4.9414353497923e-07,22839,
736,,,,22846,5.847002285008784e-06
737,8.706075277586933e-06,4.0331651689484715e-06,5.795481570203265e-07,22849,
737,5.644079010380665e-06,1.3271959460325888e-06,4.987866759620374e-07,22859,
737,6.489636234618956e-06,2.1567580006376375e-06,5.338304163160501e-07,22869,
737,,,,22877,6.576458872586954e-06
738,8.058991625148337e-06,3.4186189168394776e-06,4.845107355322398e-07,22879,
738,5.526104814634891e-06,1.6896810848265886e-06,4.7021498517096916e-07,22889,
738,5.212550149735762e-06,1.5102693851076765e-06,5.406553782449919e-07,22899,
738,,,,22908,6.48070181341609e-06
739,6.703964572807308e-06,2.287837105541257e-06,5.309583457346889e-07,22909,
739,5.752278866566485e-06,2.26908878175891e-06,5.326358518686902e-07,22919,
739,6.266781838348834e-06,2.2024653389962623e-06,4.744452724025905e-07,22929,
739,3.5048735753662186e-06,9.549539754516445e-07,8.8847214030352e-09,22939,
739,,,,22939,5.95113715462503e-06
740,4.979920049663633e-06,1.1137589126519742e-06,5.304976298248221e-07,22949,
740,5.188559953239746e-06,1.1920172937607276e-06,5.398761118158291e-07,22959,
740,4.528641511569731e-06,9.468728308092977e-07,5.992087608319707e-07,22969,
740,,,,22970,6.129792382125743e-06
741,4.909957169729751e-06,1.0204703357885592e-06,5.468494350679975e-07,22979,
741,4.971085218130611e-06,1.8081096868627355e-06,4.884485633738223e-07,22989,
741,4.846916908718413e-06,1.0697846164475777e-06,5.073699753666006e-07,22999,
741,,,,23001,6.310920980467927e-06
742,6.359913641063031e-06,2.1197981823206646e-06,5.232437274571566e-07,23009,
742,6.042102995706955e-06,1.9175056422682246e-06,4.930447516926506e-07,23019,
742,4.973356681148289e-06,1.0544852102611912e-06,5.220296657171275e-07,23029,
742,,,,23032,7.443014055752428e-06
743,8.308751603181008e-06,2.2553331291419454e-06,5.011431767343311e-07,23039,
743,5.047731519880472e-06,1.4632189504482085e-06,5.279279093883815e-07,23049,
743,4.8976889956975356e-06,1.0494158004803467e-06,5.247118224360747e-07,23059,
743,,,,23063,6.104973635956412e-06
744,5.41513418284012e-06,1.4247784747567493e-06,5.517339900507068e-07,23069,
744,4.8385586524091195e-06,1.0502704981263378e-06,5.078277354186866e-07,23079,
744,4.556771273200866e-06,9.737526625031023e-07,5.071900091024872e-07,23089,
744,,,,23094,4.900087787973462e-06
745,6.107510216679657e-06,2.003824192797765e-06,4.859558089265192e-07,23099,
745,5.02639022670337e-06,1.0901911764449324e-06,4.697725728419755e-07,23109,
745,4.667233497457346e-06,1.7864333585748682e-06,5.236154265730875e-07,23119,
745,,,,23125,5.330748990672873e-06
746,1.06729139588424e-05,3.7625516142725246e-06,5.561183797908598e-07,23129,
746,5.201115527597722e-06,1.1676356734824367e-06,5.359762553780456e-07,23139,
746,4.63657397631323e-06,2.0816332835238427e-06,4.962670345776132e-07,23149,
746,,,,23156,6.234181910258485e-06
747,8.879528650140855e-06,5.108399818709586e-06,5.818158683723595e-07,23159,
747,5.191462605580455e-06,1.1946043514399207e-06,5.010987251807819e-07,23169,
747,4.9921386562346015e-06,1.796889591787476e-06,5.36353013558255e-07,23179,
747,,,,23187,5.550396963371895e-06
748,6.501331881736405e-06,2.6315854029235197e-06,4.86295277823956e-07,23189,
748,4.691610229201615e-06,1.6469092543047736e-06,4.729370743916661e-07,23199,
748,4.504154276219197e-06,9.680605899120565e-07,5.439147230390518e-07,23209,
748,,,,23218,6.451190529332962e-06
749,6.5988920141535345e-06,1.4906330534358858e-06,5.337101356417406e-07,23219,
749,5.089719707029872e-06,1.8490084130462492e-06,5.3595607596435e-07,23229,
749,4.691822141467128e-06,1.567191816320701e-06,4.770554369315505e-07,23239,
749,3.7048903323011473e-06,9.912786254062667e-07,8.929294637027851e-09,23249,
749,,,,23249,6.0269244386290666e-06
750,8.090026312856935e-06,7.152135367505252e-06,5.338050073078193e-07,23259,
750,7.401807579299202e-06,2.935092652478488e-06,5.428210556601698e-07,23269,
750,6.558439963555429e-06,1.5715071413069381e-06,6.020932232786436e-07,23279,
750,,,,23280,1.078029799828073e-05
751,6.595052127522649e-06,3.267314696131507e-06,5.481686002895003e-07,23289,
751,5.5072628128982615e-06,2.7886396765097743e-06,4.899921464129875e-07,23299,
751,5.220560979068978e-06,2.262395355501212e-06,5.091798129797098e-07,23309,
751,,,,23311,6.309942364168819e-06
752,6.159355052659521e-06,1.6253831063295365e-06,5.246463956609659e-07,23319,
752,5.448680440167664e-06,2.0325630885054125e-06,4.943178737448761e-07,23329,
752,5.026967301091645e-06,1.2191748055556673e-06,5.240226528258063e-07,23339,
752,,,,23342,5.729184522351716e-06
753,5.378999958338682e-06,1.5017816394902184e-06,5.027769702792284e-07,23349,
753,4.631971478374908e-06,1.2057254252795246e-06,5.301715191308176e-07,23359,
753,4.830537818634184e-06,1.331942485194304e-06,5.265744675853057e-07,23369,
753,,,,23373,5.439811957330676e-06
754,5.716113264497835e-06,1.1733804967661854e-06,5.538858545151015e-07,23379,
754,4.67119070890476e-06,9.62266653914412e-07,5.096354698252981e-07,23389,
754,4.430459284776589e-06,8.109153100122057e-07,5.095445771985396e-07,23399,
754,,,,23404,5.568469077843474e-06
755,5.063686330686323e-06,1.0356487791796098e-06,4.872024987889745e-07,23409,
755,4.3058153096353635e-06,9.185365570374415e-07,4.709052916496148e-07,23419,
755,4.534857907856349e-06,9.233398827745987e-07,5.258814326225547e-07,23429,
755,,,,23435,5.146544935996644e-06
756,5.577208867180161e-06,1.1970900004598661e-06,5.577664410338912e-07,23439,
756,4.544868261291413e-06,1.1585608490349841e-06,5.374526494961174e-07,23449,
756,4.317653747420991e-06,8.587298339080007e-07,4.984894417248142e-07,23459,
756,,,,23466,5.4311776693793945e-06
757,6.953484444238711e-06,1.1059288453907357e-06,5.839828531861713e-07,23469,
757,5.0542130338726565e-06,1.5882399111433187e-06,5.022109235142125e-07,23479,
757,4.580251243169187e-06,1.2849804988945834e-06,5.382082122196152e-07,23489,
757,,,,23497,6.059304269001586e-06
758,8.049057214520872e-06,1.9449714727670653e-06,4.881466111328336e-07,23499,
758,4.598831310431706e-06,1.237457354363869e-06,4.7485420395787514e-07,23509,
758,4.857074600295164e-06,1.3810562222715816e-06,5.461732257572294e-07,23519,
758,,,,23528,5.824948857480194e-06
759,6.042186214472167e-06,1.4957053053876734e-06,5.365229753806489e-07,23529,
759,4.909943072561873e-06,1.1234524208703078e-06,5.37258813437802e-07,23539,
759,4.6577224566135556e-06,1.440458049728477e-06,4.785429155163001e-07,23549,
759,3.344762490087305e-06,8.194821248252993e-07,8.961175801402987e-09,23559,
759,,,,23559,5.1261445150885265e-06
760,4.950732090946985e-06,1.567946924296848e-06,5.359192982723471e-07,23569,
760,6.169220796437003e-06,1.8166853124057525e-06,5.444993007586163e-07,23579,
760,4.684316081693396e-06,1.0000131851484184e-06,6.045503369023209e-07,23589,
760,,,,23590,6.524895070469938e-06
761,6.9569555307680275e-06,1.8488111663828022e-06,5.514115741789283e-07,23599,
761,6.078227215766674e-06,4.611255917552626e-06,4.925689722767856e-07,23609,
761,4.866754807153484e-06,1.151746687355626e-06,5.121259505358466e-07,23619,
761,,,,23621,6.567657692357898e-06
762,5.469915777212009e-06,1.3789440345135517e-06,5.273075203149347e-07,23629,
762,4.93718107463792e-06,2.074640860882937e-06,4.968708253727527e-07,23639,
762,4.7375287977047265e-06,1.1265273087701644e-06,5.268119593893061e-07,23649,
762,,,,23652,5.774666533397976e-06
763,6.462948931584833e-06,3.538200644470635e-06,5.052590381637856e-07,23659,
763,4.23660094384104e-06,9.260010642719863e-07,5.327586904968484e-07,23669,
763,4.4978901314607356e-06,9.551973789712065e-07,5.281999619910493e-07,23679,
763,,,,23683,5.471013082569698e-06
764,6.223568561836146e-06,3.020936446773703e-06,5.567313223764359e-07,23689,
764,4.7777821237104945e-06,1.040546862896008e-06,5.115048224979546e-07,23699,
764,4.5527631300501525e-06,8.776831350587599e-07,5.11687630933011e-07,23709,
764,,,,23714,5.662395778927021e-06
765,6.546018994413316e-06,2.6395534860057523e-06,4.891415414931544e-07,23719,
765,4.324401288613444e-06,1.2685638921539066e-06,4.725026769847318e-07,23729,
765,4.931705007038545e-06,1.1242228765695472e-06,5.281262929202057e-07,23739,
765,,,,23745,6.53178540233057e-06
766,8.744256774662063e-06,2.073419864245807e-06,5.597805738943862e-07,23749,
766,4.901166903437115e-06,2.020740566877066e-06,5.393356445893005e-07,23759,
766,5.096836503071245e-06,1.2556045021483442e-06,5.002139573662134e-07,23769,
766,,,,23776,7.486536105716368e-06
767,1.0735956493590493e-05,2.127353127434617e-06,5.856574034623918e-07,23779,
767,6.820828730269568e-06,2.621959310999955e-06,5.041154622631439e-07,23789,
767,5.552956281462684e-06,2.1088355879328446e-06,5.398371172304905e-07,23799,
767,,,,23807,6.5133904172398616e-06
768,6.6662255449045915e-06,3.36374296239228e-06,4.896671157439414e-07,23809,
768,5.174178113520611e-06,1.902946678455919e-06,4.7654114609940734e-07,23819,
768,4.773082764586434e-06,1.1788355323005817e-06,5.481820721797703e-07,23829,
768,,,,23838,5.182097083888948e-06
769,5.417067313828738e-06,1.8846449165721424e-06,5.369472546590259e-07,23839,
769,4.883283509116154e-06,1.5382338460767642e-06,5.386519319472427e-07,23849,
769,4.406146217661444e-06,1.2722422297883895e-06,4.798445729647938e-07,23859,
769,3.2492835089215077e-06,7.826924388609768e-07,8.960679309666375e-09,23869,
769,,,,23869,4.996431016479619e-06
770,4.583897862175945e-06,1.2417104926498723e-06,5.371753104554955e-07,23879,
770,6.776033387723146e-06,1.0157132237509359e-06,5.467245500767604e-07,23889,
770,4.150754193688044e-06,9.406335266248789e-07,6.066662763259956e-07,23899,
770,,,,23900,4.774888111569453e-06
771,4.6059099076956045e-06,8.954479540079774e-07,5.530434918910032e-07,23909,
771,4.301431999920169e-06,1.1171574669788242e-06,4.938628421768954e-07,23919,
771,4.229664227750618e-06,9.365356277157844e-07,5.134158413966361e-07,23929,
771,,,,23931,4.664959305955563e-06
772,5.112350663694087e-06,1.477831460761081e-06,5.29334158727579e-07,23939,
772,4.876074854109902e-06,3.1432221021532314e-06,4.983579628969892e-07,23949,
772,4.525184976955643e-06,1.2766289501087158e-06,5.285175461722247e-07,23959,
772,,,,23962,5.726846666220808e-06
773,8.021722351259086e-06,2.407446800134494e-06,5.07282379658136e-07,23969,
773,4.786453246197198e-06,4.141507361055119e-06,5.345394811229198e-07,23979,
773,4.711699148174375e-06,1.3256220654511708e-06,5.297138727655692e-07,23989,
773,,,,23993,6.83550115354592e-06
774,6.501041298179189e-06,4.72305418952601e-06,5.583520987784141e-07,23999,
774,5.08331686432939e-06,1.6391485360145452e-06,5.131869897923025e-07,24009,
774,4.60586124972906e-06,1.110233483814227e-06,5.130883096171601e-07,24019,
774,,,,24024,5.747769591835095e-06
775,8.307586540468037e-06,7.611467481183354e-06,4.909428525934345e-07,24029,
775,5.1859437917300966e-06,1.8143073248211294e-06,4.7332366648333846e-07,24039,
775,5.0373305384709965e-06,1.449198975933541e-06,5.290333433549677e-07,24049,
775,,,,24055,5.148581294633914e-06
776,5.151342975295847e-06,1.5376068631667295e-06,5.618296086140617e-07,24059,
776,4.482498297875281e-06,9.12948905806843e-07,5.408787728811149e-07,24069,
776,3.9883339013613295e-06,8.577900985073939e-07,5.010854806641873e-07,24079,
776,,,,24086,4.594964593707118e-06
777,6.277479315031087e-06,3.054570470339968e-06,5.869902111044212e-07,24089,
777,5.887164206797024e-06,1.682770744082518e-06,5.047945705882739e-07,24099,
777,4.795268068846781e-06,1.096554342439049e-06,5.409274876910786e-07,24109,
777,,,,24117,5.6866970226110425e-06
778,7.235778866743203e-06,3.015877837242442e-06,4.905980404146248e-07,24119,
778,4.925975190417375e-06,1.250497348337376e-06,4.773007162839349e-07,24129,
778,4.53829034086084e-06,1.2025562909911969e-06,5.495577966030396e-07,24139,
778,,,,24148,5.856363259226782e-06
779,6.062561624275986e-06,1.4275624380388763e-06,5.390614887801348e-07,24149,
779,5.088922080176417e-06,1.3767461268798797e-06,5.404688181442907e-07,24159,
779,4.633329808712006e-06,1.6453465150334523e-06,4.807654931937577e-07,24169,
779,3.4231163681397447e-06,8.849930281940033e-07,8.969236908740186e-09,24179,
779,,,,24179,5.335885816748487e-06
780,4.6537052185158245e-06,1.1285860637144651e-06,5.392668072090601e-07,24189,
780,4.609733878169209e-06,1.1724771411536494e-06,5.47955949059542e-07,24199,
780,4.0622639971843455e-06,1.0295128731740988e-06,6.0933609802305e-07,24209,
780,,,,24210,4.485917543206597e-06
781,5.05611797052552e-06,1.5678108411520952e-06,5.547126988858508e-07,24219,
781,4.0234522202808876e-06,1.1291474493191345e-06,4.952104291078285e-07,24229,
781,4.153755071456544e-06,8.405446578763076e-07,5.155140456736262e-07,24239,
781,,,,24241,4.187773356534308e-06
782,5.500803126778919e-06,1.8447129832566134e-06,5.309155994837056e-07,24249,
782,4.227121735311812e-06,1.3330738966033095e-06,5.000985083825071e-07,24259,
782,4.417195668793283e-06,8.658925594318134e-07,5.309349262461183e-07,24269,
782,,,,24272,4.447458650247427e-06
783,5.946654709987342e-06,3.066762701564585e-06,5.083031169306196e-07,24279,
783,4.458593139133882e-06,9.808670711208833e-07,5.373598241931177e-07,24289,
783,4.598718533088686e-06,8.444730497103592e-07,5.311513291417214e-07,24299,
783,,,,24303,4.736738901556237e-06
784,1.2321546819293872e-05,8.038455234782305e-06,5.613485996036616e-07,24309,
784,6.153639333206229e-06,1.531094198981009e-06,5.157489226803591e-07,24319,
784,5.490135208674474e-06,1.143126951319573e-06,5.145026307218359e-07,24329,
784,,,,24334,5.894008609175216e-06
785,7.019307304290123e-06,3.339246177347377e-06,4.926652650283359e-07,24339,
785,4.9359759941580705e-06,1.9253127447882434e-06,4.7454963691961893e-07,24349,
785,4.305364655010635e-06,1.025993356051913e-06,5.307137485033309e-07,24359,
785,,,,24365,5.434693775896449e-06
786,7.943564014567528e-06,6.278441560425563e-06,5.634847752844507e-07,24369,
786,4.327071110310499e-06,1.181251377602166e-06,5.424284950095171e-07,24379,
786,4.4835996959591284e-06,1.7283000488532707e-06,5.027659426559694e-07,24389,
786,,,,24396,5.527067060029367e-06
787,6.9560023803205695e-06,2.095336867569131e-06,5.891926093681832e-07,24399,
787,4.9105824473372195e-06,1.3069302440271713e-06,5.061353931523627e-07,24409,
787,4.241508122504456e-06,1.1428281823100406e-06,5.428966005638358e-07,24419,
787,,,,24427,5.137923380971188e-06
788,6.3901643443387e-06,2.006009935939801e-06,4.92133096940961e-07,24429,
788,3.949603069486329e-06,1.5453696278200368e-06,4.791963306161051e-07,24439,
788,4.134742539463332e-06,1.1399458799132844e-06,5.514397685146832e-07,24449,
788,,,,24458,4.452095708984416e-06
789,4.616892056219513e-06,1.5802663710928755e-06,5.40408677807136e-07,24459,
789,4.478623395698378e-06,1.6336367707481259e-06,5.417368242888188e-07,24469,
789,4.863117283093743e-06,1.2462899121601367e-06,4.820180379283556e-07,24479,
789,3.1716965622763382e-06,1.008873596219928e-06,8.988250144170706e-09,24489,
789,,,,24489,4.666087534133112e-06
790,4.652713869290892e-06,1.445862153559574e-06,5.406793661677511e-07,24499,
790,5.101298029330792e-06,1.006694901661831e-06,5.496317498909775e-07,24509,
790,4.315032583690481e-06,1.2279848533580662e-06,6.107903800511849e-07,24519,
790,,,,24520,5.4506435844814405e-06
791,4.815576630790019e-06,1.4749036836292362e-06,5.558706561714644e-07,24529,
791,4.244503088557394e-06,1.2954594694747357e-06,4.967466225025419e-07,24539,
791,4.39484801972867e-06,1.1531003565323772e-06,5.172399255570781e-07,24549,
791,,,,24551,4.622076176019618e-06
792,6.315713108051568e-06,1.2620815823538578e-06,5.327798930920835e-07,24559,
792,4.900995918433182e-06,1.5161112969508395e-06,5.015774036110088e-07,24569,
792,4.477850325201871e-06,1.7286346292166854e-06,5.323539085111406e-07,24579,
792,,,,24582,5.413717190094758e-06
793,1.0141633538296446e-05,3.927289526473032e-06,5.083948622086609e-07,24589,
793,4.958713361702394e-06,1.7777632592697046e-06,5.382823928812286e-07,24599,
793,4.911873929813737e-06,1.3865444543625927e-06,5.31706859874248e-07,24609,
793,,,,24613,7.4528661571093835e-06
794,7.173257472459227e-06,2.030079485848546e-06,5.627326800095034e-07,24619,
794,5.3813673730473965e-06,2.0421227873157477e-06,5.157452278581331e-07,24629,
794,4.970968348061433e-06,2.2496303699881537e-06,5.16024613261834e-07,24639,
794,,,,24644,8.039185559027828e-06
795,6.575424322363688e-06,3.3950659599213395e-06,4.935862989441375e-07,24649,
795,4.756405360240024e-06,1.569062646922248e-06,4.755511326948181e-07,24659,
795,4.544363491731929e-06,9.755075325301732e-07,5.317721729625191e-07,24669,
795,,,,24675,5.709037850465393e-06
796,4.964600975654321e-06,1.7340653357678093e-06,5.645960072797607e-07,24679,
796,4.398059900267981e-06,9.811279824134544e-07,5.43908072359045e-07,24689,
796,4.008656105725095e-06,8.760154628362216e-07,5.037855430600757e-07,24699,
796,,,,24706,4.728470685222419e-06
797,5.962033810646972e-06,1.9153926587023307e-06,5.90041281611775e-07,24709,
797,4.3328996071068104e-06,1.0127922678293544e-06,5.074369937574374e-07,24719,
797,3.885136266035261e-06,8.082101885520387e-07,5.44011811598466e-07,24729,
797,,,,24737,4.690275545726763e-06
798,5.845251962455222e-06,1.6135212490553386e-06,4.93058905703947e-07,24739,
798,3.700459956235136e-06,1.0689489045034861e-06,4.801141813004506e-07,24749,
798,3.762781034311047e-06,8.416295145252661e-07,5.530121711672109e-07,24759,
798,,,,24768,4.4590551624423824e-06
799,4.619377705239458e-06,8.683271630616218e-07,5.420131401479011e-07,24769,
799,3.9157416722446214e-06,8.66785853759211e-07,5.430320584309811e-07,24779,
799,4.007716142950812e-06,9.92069089988945e-07,4.833118509850465e-07,24789,
799,2.9429004371195333e-06,5.903891633352032e-07,8.994318179134098e-09,24799,
799,,,,24799,4.210240149404854e-06
800,3.952881797886221e-06,9.78370735538192e-07,5.419735202849552e-07,24809,
800,4.700453700934304e-06,8.814429861558892e-07,5.511655558620987e-07,24819,
800,3.741375167010119e-06,8.182278179447167e-07,6.129693588263763e-07,24829,
800,,,,24830,4.005875780421775e-06
801,4.442350473254919e-06,1.0571334314590786e-06,5.578668833550182e-07,24839,
801,4.004922175226966e-06,1.0069029485748615e-06,4.978711558578652e-07,24849,
801,3.9049632505339105e-06,8.445945240964647e-07,5.184359679333284e-07,24859,
801,,,,24861,4.039118721266277e-06
802,7.661565177841112e-06,2.2530327896674862e-06,5.341189535101876e-07,24869,
802,5.250801677902928e-06,1.5704059705967666e-06,5.022863547310408e-07,24879,
802,5.6869976106099784e-06,1.994206058952841e-06,5.334415504876233e-07,24889,
802,,,,24892,6.239722551981686e-06
803,1.132024590333458e-05,4.146550963923801e-06,5.128365501150256e-07,24899,
803,5.5888467613840476e-06,1.7296664509558468e-06,5.40132589321729e-07,24909,
803,5.526714176085079e-06,2.017384986174875e-06,5.330714998308395e-07,24919,
803,,,,24923,9.956285794032738e-06
804,6.6294046519033145e-06,3.313389015602297e-06,5.636605919789872e-07,24929,
804,5.270283509162255e-06,1.5387739722427796e-06,5.172717010282213e-07,24939,
804,4.948712103214348e-06,1.310806283072452e-06,5.170009558241873e-07,24949,
804,,,,24954,5.581429832091089e-06
805,6.2752988014835864e-06,6.8619892772403546e-06,4.941457518725656e-07,24959,
805,4.102227194380248e-06,1.1050477723983931e-06,4.767368295688357e-07,24969,
805,4.5892115849710535e-06,1.1691280406012083e-06,5.335302262210462e-07,24979,
805,,,,24985,6.1342152548604645e-06
806,5.908611001359532e-06,7.711328180448618e-06,5.670422638104355e-07,24989,
806,4.8155484364542644e-06,1.787086034710228e-06,5.449238642540877e-07,24999,
806,4.715087925433181e-06,1.0011783615482273e-06,5.052526717008732e-07,25009,
806,,,,25016,6.536291039083153e-06
807,6.4786127040861174e-06,2.4840251171553973e-06,5.919475256632722e-07,25019,
807,4.5551146286015864e-06,1.0845502629308612e-06,5.092774699733127e-07,25029,
807,4.2479746298340615e-06,9.792049695533933e-07,5.451841502690513e-07,25039,
807,,,,25047,5.001980753149837e-06
808,5.951173534413101e-06,1.8514152770876535e-06,4.93843799631577e-07,25049,
808,3.960285539506003e-06,1.1032678912670235e-06,4.809476195077877e-07,25059,
808,3.841127181658521e-06,9.525592190584575e-07,5.541734822145372e-07,25069,
808,,,,25078,4.593264293362154e-06
809,4.7253124648705125e-06,1.3358211390368524e-06,5.428221356851282e-07,25079,
809,3.969667432102142e-06,1.0034065098807332e-06,5.442841484182281e-07,25089,
809,3.706417373905424e-06,8.596952625339327e-07,4.842833050133777e-07,25099,
809,2.863361714844359e-06,5.809328058603569e-07,9.014069490831389e-09,25109,
809,,,,25109,4.06877097702818e-06
810,3.7043337215436623e-06,9.985078577301465e-07,5.437158279164578e-07,25119,
810,3.860306605929509e-06,9.047225830727257e-07,5.524320272343175e-07,25129,
810,3.606812697398709e-06,8.689058859090437e-07,6.143512223388825e-07,25139,
810,,,,25140,4.042629370815121e-06
811,3.978957010986051e-06,9.76834030552709e-07,5.590127329924144e-07,25149,
811,4.1535972741257865e-06,9.3464171868618e-07,4.990746447219863e-07,25159,
811,3.8736698115826584e-06,8.60647503486689e-07,5.193195420361008e-07,25169,
811,,,,25171,4.184840690868441e-06
812,5.565420906350482e-06,1.5985191339495941e-06,5.358207886274613e-07,25179,
812,4.251918198860949e-06,1.0460252042321372e-06,5.04493584685406e-07,25189,
812,3.8916136873012874e-06,9.377579885949672e-07,5.352068228603457e-07,25199,
812,,,,25202,4.9388636398362e-06
813,1.3282234249345493e-05,4.2439810385985766e-06,5.131652756062977e-07,25209,
813,4.656425971916178e-06,1.6216387166423374e-06,5.42186739949102e-07,25219,
813,4.260732566763181e-06,1.1253116554144071e-06,5.343569000615389e-07,25229,
813,,,,25233,5.385414169722935e-06
814,5.2602345022023655e-06,1.7113828789661056e-06,5.653118364534748e-07,25239,
814,4.300215096009197e-06,1.1426868695707526e-06,5.190773890717537e-07,25249,
814,3.979702796641504e-06,8.800770956440829e-07,5.186378189137031e-07,25259,
814,,,,25264,4.4947705646336544e-06
815,5.0773919610946905e-06,1.2757925560435979e-06,4.968118219039752e-07,25269,
815,3.6705048387375427e-06,6.615790653086151e-07,4.782745577358583e-07,25279,
815,3.68519795301836e-06,9.680607035988942e-07,5.353519441086974e-07,25289,
815,,,,25295,3.8653424780932255e-06
816,5.231019258644665e-06,1.2785790204361547e-06,5.693236744264141e-07,25299,
816,3.798820671363501e-06,1.1187072459506453e-06,5.475205284710682e-07,25309,
816,3.7034371871413896e-06,9.634741218178533e-07,5.071090072306106e-07,25319,
816,,,,25326,4.365904260339448e-06
817,7.428943263221299e-06,2.823352133418666e-06,5.947536578787549e-07,25329,
817,4.652919415093493e-06,1.4875359966026735e-06,5.104403726363671e-07,25339,
817,4.305665243009571e-06,1.029298346111318e-06,5.473110036291473e-07,25349,
817,,,,25357,5.112632152304286e-06
818,6.412001766875619e-06,2.885290541598806e-06,4.96091104196239e-07,25359,
818,4.985398390999762e-06,1.397068331243645e-06,4.827575139643159e-07,25369,
818,5.423190486908425e-06,1.1681573823807412e-06,5.561491889238823e-07,25379,
818,,,,25388,5.41074314241996e-06
819,5.548536591959419e-06,2.017609176618862e-06,5.450947355711833e-07,25389,
819,4.22931634602719e-06,1.335762931375939e-06,5.45996954315342e-07,25399,
819,3.833805294561898e-06,7.940038244669267e-07,4.85710472730716e-07,25409,
819,2.9871937385905767e-06,9.737231039252947e-07,9.02206220843027e-09,25419,
819,,,,25419,4.5412398321786895e-06
820,3.860632659780094e-06,1.1037290050808224e-06,5.456464577946463e-07,25429,
820,4.190171239315532e-06,9.464630466027302e-07,5.540501888390281e-07,25439,
820,3.654943384390208e-06,8.956036481322371e-07,6.161331498333311e-07,25449,
820,,,,25450,4.1830003283394035e-06
821,5.485727797349682e-06,1.3327928627404617e-06,5.604634338851611e-07,25459,
821,4.5553465497505385e-06,1.197605001834745e-06,5.005320531381585e-07,25469,
821,4.2638835111574735e-06,1.1810536761913681e-06,5.207828053244157e-07,25479,
821,,,,25481,4.567463292914908e-06
822,5.14377279614564e-06,1.380383082505432e-06,5.375489990910864e-07,25489,
822,4.510634425969329e-06,1.2274844038984156e-06,5.058785745859495e-07,25499,
822,4.153760983172106e-06,8.477892379232799e-07,5.371233555706567e-07,25509,
822,,,,25512,4.952365088684019e-06
823,8.40192205942003e-06,2.5395754619239597e-06,5.141721430845791e-07,25519,
823,4.1751618482521735e-06,1.959513156180037e-06,5.436852461571107e-07,25529,
823,4.380686277727364e-06,1.2743637398671126e-06,5.357662757887738e-07,25539,
823,,,,25543,4.639681264961837e-06
824,5.173877980269026e-06,4.111486759938998e-06,5.673989562637871e-07,25549,
824,4.257542968844064e-06,1.925350034071016e-06,5.205349111747637e-07,25559,
824,4.279193490219768e-06,8.584608508499514e-07,5.206136961533048e-07,25569,
824,,,,25574,4.569955763145117e-06
825,4.143913429288659e-06,1.5626213780706166e-06,4.981516212865245e-07,25579,
825,3.933030257030623e-06,6.762417683603417e-07,4.795062409357342e-07,25589,
825,3.7268737287377007e-06,8.514654723512649e-07,5.371535394260718e-07,25599,
825,,,,25605,4.478418304643128e-06
826,5.021948254579911e-06,1.4562011756424909e-06,5.709469519388222e-07,25609,
826,3.868885414703982e-06,9.097959150494717e-07,5.485956648954016e-07,25619,
826,3.8009031868568854e-06,9.50366427332483e-07,5.08574089508329e-07,25629,
826,,,,25636,4.3001919038943015e-06
827,6.166697858134285e-06,1.5700418316555442e-06,5.960562816653692e-07,25639,
827,5.376800800149795e-06,1.5618634279235266e-06,5.113957399771607e-07,25649,
827,4.878749223280465e-06,1.7254087651963346e-06,5.482788196786714e-07,25659,
827,,,,25667,8.521141353412531e-06
828,1.6914724255912006e-05,4.307068593334407e-06,4.973946943209739e-07,25669,
828,7.710367754043546e-06,1.7894246866489993e-06,4.838602194467967e-07,25679,
828,5.408780452853534e-06,2.2305009679257637e-06,5.569921768255881e-07,25689,
828,,,,25698,8.291411177197006e-06
829,8.530391824024264e-06,2.825154069796554e-06,5.464148102873878e-07,25699,
829,5.7187912716472056e-06,1.8426371752866544e-06,5.4596063137069e-07,25709,
829,4.413032456795918e-06,1.6451288047392154e-06,4.858521265305171e-07,25719,
829,3.0370958938874537e-06,9.998874475058983e-07,9.028878977801469e-09,25729,
829,,,,25729,4.460227501112968e-06
830,3.787050673054182e-06,1.1268624575677677e-06,5.461940872919513e-07,25739,
830,3.792453526330064e-06,8.966280802269466e-07,5.548135959543288e-07,25749,
830,3.6611600080505013e-06,8.585444675190956e-07,6.169509561004816e-07,25759,
830,,,,25760,4.296852239349391e-06
831,3.941973773180507e-06,9.232263664671336e-07,5.612011477751366e-07,25769,
831,3.5546083836379694e-06,1.6415241361755761e-06,5.010494419366296e-07,25779,
831,3.952713541366393e-06,1.7643666296862648e-06,5.22041716521926e-07,25789,
831,,,,25791,4.163180619798368e-06
832,4.465031906875083e-06,1.4255834912546561e-06,5.379371827984869e-07,25799,
832,4.073742275068071e-06,2.117968961101724e-06,5.067353185950196e-07,25809,
832,3.898779596056556e-06,1.6037760133258416e-06,5.382436825129844e-07,25819,
832,,,,25822,4.16384364143596e-06
833,4.698394150182139e-06,1.2029312301820028e-06,5.14083978941926e-07,25829,
833,3.789690026678727e-06,1.0993662726832554e-06,5.446533464237291e-07,25839,
833,4.184475528745679e-06,1.4018359024703386e-06,5.3671402611144e-07,25849,
833,,,,25853,4.257200089341495e-06
834,4.713396265287884e-06,1.0172731208513142e-06,5.679589207829849e-07,25859,
834,4.069477199664107e-06,9.177696824735904e-07,5.213261147218873e-07,25869,
834,3.705165681822109e-06,8.774357524998777e-07,5.218316800892353e-07,25879,
834,,,,25884,4.220108621666441e-06
835,4.39233463112032e-06,1.2389501762299915e-06,4.984918291484064e-07,25889,
835,3.746556785699795e-06,9.415827548764355e-07,4.800126021109463e-07,25899,
835,3.7379320474428823e-06,8.172400498551724e-07,5.382290737543372e-07,25909,
835,,,,25915,4.1084331314777955e-06
836,5.9180520111112855e-06,1.7675495200819569e-06,5.723754270547943e-07,25919,
836,7.381023351626936e-06,2.229912752227392e-06,5.492962031894422e-07,25929,
836,4.320147581893252e-06,1.0759108590718824e-06,5.089870569463528e-07,25939,
836,,,,25946,6.605739599763183e-06
837,1.4524454854836222e-05,6.765974376321537e-06,5.955261030976544e-07,25949,
837,5.199871793593047e-06,2.3260463422047906e-06,5.121963226883963e-07,25959,
837,4.771635303768562e-06,1.6452959243906662e-06,5.48490106666577e-07,25969,
837,,,,25977,7.20873731552274e-06
838,1.3596297321782913e-05,2.322218051631353e-06,4.978196557203773e-07,25979,
838,4.762573553307448e-06,1.5667181969547528e-06,4.850694494962227e-07,25989,
838,4.050777988595655e-06,1.0725626680141431e-06,5.58653937332565e-07,25999,
838,,,,26008,5.422824870038312e-06
839,5.613916982838418e-06,1.3417750324151712e-06,5.471767394737981e-07,26009,
839,4.037220605823677e-06,1.3287412912177388e-06,5.47394051864103e-07,26019,
839,3.7763161344628315e-06,1.203752390210866e-06,4.870619818575506e-07,26029,
839,2.8134688818681752e-06,6.096889819673379e-07,9.025511893412386e-09,26039,
839,,,,26039,4.136049028602429e-06
840,3.5345658488949994e-06,7.908162160674692e-07,5.46990122529678e-07,26049,
840,4.0632894524605945e-06,9.021738947012636e-07,5.558288762586017e-07,26059,
840,3.4413940284139244e-06,7.972726052685175e-07,6.179216143209487e-07,26069,
840,,,,26070,4.241609076416353e-06
841,3.7957404401822714e-06,8.314664228237234e-07,5.625477115245303e-07,26079,
841,3.472532398518524e-06,1.4691779597342247e-06,5.01799490848498e-07,26089,
841,3.6074525269214064e-06,9.195294410346833e-07,5.231682393969095e-07,26099,
841,,,,26101,3.833255050267326e-06
842,3.690024186653318e-06,1.3137639598426176e-06,5.391223680817347e-07,26109,
842,3.999114142061444e-06,2.1058945094409864e-06,5.078032927485765e-07,26119,
842,3.6355213524075225e-06,1.2055742217853549e-06,5.393813466980646e-07,26129,
842,,,,26132,3.9016508708300535e-06
843,4.246474418323487e-06,1.2968232567800442e-06,5.148702939550276e-07,26139,
843,3.8115276765893213e-06,1.4407996786758304e-06,5.460942134050129e-07,26149,
843,4.108442681172164e-06,1.064794446392625e-06,5.376484750740929e-07,26159,
843,,,,26163,4.304374670027755e-06
844,8.173160495061893e-06,4.823343260795809e-06,5.698854010915966e-07,26169,
844,5.305506419972517e-06,3.028357241419144e-06,5.223911330176634e-07,26179,
844,5.115379735798342e-06,1.5819244936210453e-06,5.222498771217943e-07,26189,
844,,,,26194,7.516191999457078e-06
845,1.1013155017280951e-05,3.281783165220986e-06,4.993163997824013e-07,26199,
845,4.776277364726411e-06,1.2166922260803403e-06,4.798852160092792e-07,26209,
845,3.830081368505489e-06,1.7411232420272427e-06,5.376876970331068e-07,26219,
845,,,,26225,4.726300176116638e-06
846,6.3005159063322935e-06,2.784774096653564e-06,5.730660745939531e-07,26229,
846,3.5804771414404968e-06,9.511944085716095e-07,5.499254029928125e-07,26239,
846,3.6198855468683178e-06,8.197466740966775e-07,5.098738142805814e-07,26249,
846,,,,26256,3.994847247668076e-06
847,5.33642605660134e-06,1.1444653864600696e-06,5.971513132863038e-07,26259,
847,3.982591806561686e-06,1.1170645848324057e-06,5.138418828209979e-07,26269,
847,3.7118425098014995e-06,8.740759653846908e-07,5.499404664988106e-07,26279,
847,,,,26287,3.765099336305866e-06
848,3.800307922574575e-06,1.227349116561527e-06,4.987817874280154e-07,26289,
848,3.6039832593814936e-06,2.1178482256800635e-06,4.860251010541106e-07,26299,
848,3.8092669001343893e-06,3.135529141218285e-06,5.602989290309779e-07,26309,
848,,,,26318,4.098854788026074e-06
849,4.246972821420059e-06,1.3563570746555342e-06,5.488573719958367e-07,26319,
849,4.986665317119332e-06,2.0392708393046632e-06,5.49413869066484e-07,26329,
849,4.81686447528773e-06,2.1660082438756945e-06,4.877182959717175e-07,26339,
849,3.3107976378232706e-06,8.571850571570394e-07,9.027650627047024e-09,26349,
849,,,,26349,8.210385203710757e-06
850,5.374346983444411e-06,2.206449153163703e-06,5.480605977936648e-07,26359,
850,4.200585863145534e-06,1.4283672271631076e-06,5.568473966377496e-07,26369,
850,3.993693553638877e-06,1.569164737702522e-06,6.193425292622123e-07,26379,
850,,,,26380,5.29427370565827e-06
851,4.899519353784854e-06,1.4021142078490811e-06,5.636121613861178e-07,26389,
851,4.215126409690129e-06,1.3985990108267288e-06,5.025660811952548e-07,26399,
851,4.20702190240263e-06,1.135259481088724e-06,5.238443918642588e-07,26409,
851,,,,26411,4.706739218818257e-06
852,5.976224201731384e-06,2.3653458356420742e-06,5.398069902184943e-07,26419,
852,4.103737410332542e-06,1.0685934057619306e-06,5.091995944894734e-07,26429,
852,4.50483321401407e-06,1.276496163882257e-06,5.405112233347609e-07,26439,
852,,,,26442,5.823101673740894e-06
853,5.667566711053951e-06,1.9292863271402894e-06,5.147520028003782e-07,26449,
853,3.4745341963571263e-06,1.086770680558402e-06,5.469938741953229e-07,26459,
853,3.698172577060177e-06,8.108608540169371e-07,5.381191954256792e-07,26469,
853,,,,26473,3.964852567150956e-06
854,4.091041319043143e-06,1.2401793583194376e-06,5.706680212824722e-07,26479,
854,3.6840938264504075e-06,9.817157433644752e-07,5.233897582002101e-07,26489,
854,3.766007921512937e-06,8.237075235228986e-07,5.236324795987457e-07,26499,
854,,,,26504,4.233304935041815e-06
855,4.026968781545293e-06,1.0404878594272304e-06,5.007339609619521e-07,26509,
855,3.3261135286011267e-06,8.496526788803749e-07,4.815944976144237e-07,26519,
855,3.936357643397059e-06,9.595606798029621e-07,5.40210180588474e-07,26529,
855,,,,26535,4.814292879018467e-06
856,6.763952569599496e-06,1.1884930017913575e-06,5.747165232605767e-07,26539,
856,3.6869639643555274e-06,1.1637567922662129e-06,5.51421067029878e-07,26549,
856,3.725230726558948e-06,8.352962481694703e-07,5.111246537126135e-07,26559,
856,,,,26566,5.493833214131882e-06
857,6.630490588577231e-06,1.4606364402425243e-06,5.99926977429277e-07,26569,
857,4.4329644879326224e-06,1.0082954986501136e-06,5.145729460309667e-07,26579,
857,4.447059836820699e-06,1.064906427927781e-06,5.518259627024236e-07,26589,
857,,,,26597,6.90950537318713e-06
858,9.03289947018493e-06,2.801833716148394e-06,5.005205707675486e-07,26599,
858,4.973399882146623e-06,2.5881652163661784e-06,4.865287905886362e-07,26609,
858,4.463772711460479e-06,1.3533215224015294e-06,5.606030413218832e-07,26619,
858,,,,26628,6.309591299213935e-06
859,6.4471064433746506e-06,1.6646893072902458e-06,5.495609798344958e-07,26629,
859,4.3014856601075735e-06,2.2400711259251693e-06,5.500816655512608e-07,26639,
859,4.746170816360973e-06,1.631906002330652e-06,4.889728870693943e-07,26649,
859,2.8160288820799906e-06,8.927934800340154e-07,9.041957405031553e-09,26659,
859,,,,26659,4.618341336026788e-06
860,3.746925585801364e-06,1.0158936447624e-06,5.495135724231659e-07,26669,
860,4.224887106829556e-06,1.088751332645188e-06,5.581069899562863e-07,26679,
860,3.3892808914970374e-06,7.437769795615168e-07,6.205116847013414e-07,26689,
860,,,,26690,4.226465534884483e-06
861,3.808029987339978e-06,8.527863428753335e-07,5.643462941407051e-07,26699,
861,3.603050799938501e-06,8.32171451747854e-07,5.04014110447315e-07,26709,
861,3.5214809486205922e-06,7.900189302745275e-07,5.253458539300482e-07,26719,
861,,,,26721,3.853757334582042e-06
862,9.447197044210043e-06,6.4730570557003375e-06,5.421517244030838e-07,26729,
862,4.872450062975986e-06,3.785516355492291e-06,5.096956670058717e-07,26739,
862,4.8166257329285145e-06,1.3456018450597185e-06,5.412277346295014e-07,26749,
862,,,,26752,5.6545623010606505e-06
863,5.369874088501092e-06,1.491776060902339e-06,5.171776820134255e-07,26759,
863,3.994539838458877e-06,1.418930992258538e-06,5.482978622239898e-07,26769,
863,3.7582901768473675e-06,1.0135800039279275e-06,5.391290756051603e-07,26779,
863,,,,26783,4.686065494752256e-06
864,4.90539650854771e-06,1.7449765437049791e-06,5.714016424462898e-07,26789,
864,4.2468691390240565e-06,9.115337888943031e-07,5.241586791271402e-07,26799,
864,3.730417574843159e-06,7.773485890538723e-07,5.240866585154436e-07,26809,
864,,,,26814,4.199748673272552e-06
865,4.089374670002144e-06,1.1677516340569127e-06,5.019033437747566e-07,26819,
865,3.3811265893746167e-06,6.41784879462648e-07,4.824765369448869e-07,26829,
865,3.5871064483217197e-06,9.220029255629925e-07,5.413716621660569e-07,26839,
865,,,,26845,4.194937901047524e-06
866,6.614542144234292e-06,1.9607414287747815e-06,5.756682526225632e-07,26849,
866,4.385362444736529e-06,1.0359102589063696e-06,5.520561785488098e-07,26859,
866,4.2719261728052516e-06,1.6279846022371203e-06,5.124605308992614e-07,26869,
866,,,,26876,4.683874976763036e-06
867,6.09158860243042e-06,1.3422935580820194e-06,6.001271231070859e-07,26879,
867,4.309261839807732e-06,1.3014283695156337e-06,5.15514557264396e-07,26889,
867,3.874387857649708e-06,9.166016639028385e-07,5.524913149201893e-07,26899,
867,,,,26907,4.6509894673363306e-06
868,5.29583303432446e-06,1.6117577388286008e-06,5.005088610232633e-07,26909,
868,3.402503125471412e-06,1.0727684411904193e-06,4.874694923273637e-07,26919,
868,3.506143457343569e-06,9.637582252253196e-07,5.617311558125948e-07,26929,
868,,,,26938,3.863961410388583e-06
869,4.001473826065194e-06,1.0475486078576068e-06,5.509568268280418e-07,26939,
869,3.772331410800689e-06,1.3064417316854815e-06,5.514851295629342e-07,26949,
869,3.6616511351894587e-06,1.4872562132950407e-06,4.904269417238538e-07,26959,
869,2.6791549316840246e-06,5.452203595268656e-07,9.056766892001633e-09,26969,
869,,,,26969,3.6887829537590733e-06
870,3.80830033464008e-06,7.942527417981182e-07,5.51151970284991e-07,26979,
870,3.724188900378067e-06,9.396266591465974e-07,5.598091661340732e-07,26989,
870,3.6341527902550297e-06,9.59784529186436e-07,6.226661639630038e-07,26999,
870,,,,27000,4.217773494019639e-06
871,1.5499002984142862e-05,5.449420768854907e-06,5.663477509187942e-07,27009,
871,6.2201816035667434e-06,2.467337935740943e-06,5.0448988986318e-07,27019,
871,5.8513915064395405e-06,1.6192728935493506e-06,5.252991286397446e-07,27029,
871,,,,27031,8.390303264604881e-06
872,9.328160558652598e-06,5.235204298514873e-06,5.411541792454955e-07,27039,
872,5.222061190579552e-06,2.4124872197717195e-06,5.094735797683825e-07,27049,
872,4.5753731683362275e-06,1.4432580428547226e-06,5.411025654211699e-07,27059,
872,,,,27062,6.6719412643578835e-06
873,7.006866326264571e-06,3.3188007364515215e-06,5.164900471754663e-07,27069,
873,4.746358627016889e-06,1.6675951428624103e-06,5.472869020195503e-07,27079,
873,3.936782377422787e-06,1.2528428214864107e-06,5.387571491155541e-07,27089,
873,,,,27093,4.926625933876494e-06
874,4.96869915878051e-06,1.744917767609877e-06,5.715382940252312e-07,27099,
874,3.876641130773351e-06,7.881994861236308e-07,5.241087706053804e-07,27109,
874,3.6198039197188336e-06,7.986160426298738e-07,5.243601890470018e-07,27119,
874,,,,27124,4.501561761571793e-06
875,3.6333883599581895e-06,7.83289408445853e-07,5.015068609282025e-07,27129,
875,3.236783641114016e-06,7.049549708426639e-07,4.82289067349484e-07,27139,
875,3.5251212011644384e-06,7.919696258795739e-07,5.411056918092072e-07,27149,
875,,,,27155,4.167151928413659e-06
876,4.806919605471194e-06,1.296834739150654e-06,5.756702989856421e-07,27159,
876,3.628093054430792e-06,1.5092557532625506e-06,5.523275490304513e-07,27169,
876,3.1931890589476097e-06,8.159462936419004e-07,5.122198558638047e-07,27179,
876,,,,27186,3.6765588902198942e-06
877,4.382093720778357e-06,1.8774393311105086e-06,6.002535428706324e-07,27189,
877,4.022264874947723e-06,9.005713650367397e-07,5.161116973795288e-07,27199,
877,3.5401001241552876e-06,1.1752587170121842e-06,5.525937467609765e-07,27209,
877,,,,27217,3.924696102330927e-06
878,4.325208010413917e-06,1.4377178558788728e-06,5.006988317290961e-07,27219,
878,3.2090486001834506e-06,7.838172564333945e-07,4.877941250924778e-07,27229,
878,3.5336845485289814e-06,8.84219673480402e-07,5.623915626529197e-07,27239,
878,,,,27248,3.846375420835102e-06
879,3.986852789239492e-06,8.999392662190075e-07,5.509123184310738e-07,27249,
879,4.094019004696747e-06,1.2956024875165895e-06,5.51637924672832e-07,27259,
879,3.9142473724496085e-06,1.1985150649707066e-06,4.904095476376824e-07,27269,
879,2.679268391148071e-06,5.698861400560418e-07,9.055795224810481e-09,27279,
879,,,,27279,4.094960786460433e-06
880,4.175504727754742e-06,1.4901828535585082e-06,5.516057512977568e-07,27289,
880,5.559311375691323e-06,1.1506539294714457e-06,5.60559442419617e-07,27299,
880,3.604593985073734e-06,9.077822937797464e-07,6.228875122360478e-07,27309,
880,,,,27310,4.348681613919325e-06
881,4.402949343784712e-06,1.8150433334085392e-06,5.666851166097331e-07,27319,
881,5.64581023354549e-06,9.996657581723412e-07,5.05539844652958e-07,27329,
881,4.085304226464359e-06,7.778553481330164e-07,5.268840936878405e-07,27339,
881,,,,27341,5.0142439249611925e-06
882,5.075282842881279e-06,1.8135390291718068e-06,5.434587819763692e-07,27349,
882,3.7738059290859383e-06,9.83511085905775e-07,5.11358052790456e-07,27359,
882,3.983973329013679e-06,9.315688771494024e-07,5.433522005660052e-07,27369,
882,,,,27372,4.265925326762954e-06
883,4.315841124480357e-06,1.7060889376807609e-06,5.188367140362971e-07,27379,
883,3.4071993013640167e-06,1.0392355989097268e-06,5.500404540725867e-07,27389,
883,3.2986417863867246e-06,9.598496717444505e-07,5.404916691986728e-07,27399,
883,,,,27403,4.060033461428247e-06
884,4.729387455881806e-06,1.0525171774133923e-06,5.748140097239229e-07,27409,
884,3.8119171676953556e-06,1.016346573123883e-06,5.263543698674766e-07,27419,
884,3.5240284432802582e-06,1.1117643907709862e-06,5.262672857497819e-07,27429,
884,,,,27434,4.3998561523039825e-06
885,6.526957349706208e-06,3.476313167993794e-06,5.030804572925263e-07,27439,
885,7.636372174602002e-06,3.2034292871685466e-06,4.837496021536936e-07,27449,
885,4.827881639357656e-06,1.2420804296198185e-06,5.4307253094521e-07,27459,
885,,,,27465,8.34221009426983e-06
886,1.3984287761559244e-05,7.67702567827655e-06,5.783435312878282e-07,27469,
886,5.269433131616097e-06,2.854855210898677e-06,5.535630975828099e-07,27479,
886,3.6053411349712405e-06,1.194675292026659e-06,5.128129600961984e-07,27489,
886,,,,27496,4.629799605027074e-06
887,6.521815976157086e-06,4.582005203701556e-06,6.014595896886021e-07,27499,
887,3.94411972592934e-06,1.626692210265901e-06,5.174526904738741e-07,27509,
887,3.466406269581057e-06,8.660435923957266e-07,5.541588166124711e-07,27519,
887,,,,27527,4.459593128558481e-06
888,6.2485351008945145e-06,1.6944986782618798e-06,5.016912041355681e-07,27529,
888,3.2148057016456733e-06,1.1072887673435616e-06,4.886582587459998e-07,27539,
888,3.5831897093885345e-06,2.504160875105299e-06,5.634424837808183e-07,27549,
888,,,,27558,3.892898348567542e-06
889,4.052962140121963e-06,2.02026535589539e-06,5.520817580872972e-07,27559,
889,3.7438064737216337e-06,1.3646377965415013e-06,5.529501549972338e-07,27569,
889,3.5385642149776686e-06,8.429400963905209e-07,4.916847160529869e-07,27579,
889,2.696020601433702e-06,6.466374884439574e-07,9.06050789950541e-09,27589,
889,,,,27589,4.104307208763203e-06
890,3.5906737139157485e-06,9.340878932562191e-07,5.52424467059609e-07,27599,
890,3.658149580587633e-06,1.4351068102769204e-06,5.610946800516103e-07,27609,
890,3.4646295716811437e-06,9.639281870477134e-07,6.241941719054012e-07,27619,
890,,,,27620,4.003667072538519e-06
891,4.235629603499547e-06,1.7217873846675502e-06,5.667560003530525e-07,27629,
891,3.793560608755797e-06,7.633296377207444e-07,5.065278401161777e-07,27639,
891,3.557920990715502e-06,7.527689831476891e-07,5.285164661472663e-07,27649,
891,,,,27651,4.445470494829351e-06
892,4.307696599425981e-06,2.06825575332914e-06,5.449123250400589e-07,27659,
892,4.177573828201275e-06,1.2142717196184094e-06,5.127510576130589e-07,27669,
892,4.649564743886003e-06,9.568408358973102e-07,5.448708861877094e-07,27679,
892,,,,27682,5.278235676087206e-06
893,1.6726471585570835e-05,7.352668035309762e-06,5.178409310246934e-07,27689,
893,5.133660579303978e-06,1.4045001535123447e-06,5.499888402482611e-07,27699,
893,4.157788225711556e-06,1.4275835837906925e-06,5.400032137004018e-07,27709,
893,,,,27713,6.992456292209681e-06
894,5.449455329653574e-06,2.1864161681151018e-06,5.747025397795369e-07,27719,
894,4.260404239175841e-06,1.3448022855300223e-06,5.260164357423491e-07,27729,
894,3.881006705341861e-06,1.6142860204126919e-06,5.260673674456484e-07,27739,
894,,,,27744,6.129453595349332e-06
895,4.542446731647942e-06,1.3265533880257863e-06,5.025910354561347e-07,27749,
895,3.479173074083519e-06,8.906498010219366e-07,4.833248681279656e-07,27759,
895,3.694783799801371e-06,1.0328971029593959e-06,5.428477720670344e-07,27769,
895,,,,27775,4.7619892029615585e-06
896,4.631452611647546e-06,1.4289847740656114e-06,5.78106778448273e-07,27779,
896,3.484745093373931e-06,9.210445455209992e-07,5.541026553146366e-07,27789,
896,3.863411166094011e-06,1.028207634590217e-06,5.136640197633824e-07,27799,
896,,,,27806,4.642589829018107e-06
897,5.848125965712825e-06,1.2033575558234588e-06,6.02414843342558e-07,27809,
897,3.867652139888378e-06,7.85065481068159e-07,5.180617677069677e-07,27819,
897,3.341680894664023e-06,8.671133286952681e-07,5.546895067709556e-07,27829,
897,,,,27837,4.206291578157106e-06
898,5.741481345467037e-06,1.4451471770371427e-06,5.023249514124473e-07,27839,
898,3.0642856927443063e-06,9.54279926190793e-07,4.893259415439388e-07,27849,
898,3.0085418529779417e-06,6.326159223135619e-07,5.641771849695942e-07,27859,
898,,,,27868,3.6595165511243977e-06
899,3.7766089917568024e-06,9.100498914449417e-07,5.530293378797069e-07,27869,
899,3.267322426836472e-06,8.047792334764381e-07,5.532569389288255e-07,27879,
899,3.061069037357811e-06,8.204134473999147e-07,4.920880769532232e-07,27889,
899,2.4306368686666247e-06,4.849138690588006e-07,9.073159112915619e-09,27899,
899,,,,27899,3.4716149457381107e-06
900,3.986752744822297e-06,1.7968221754927072e-06,5.533887588171638e-07,27909,
900,4.570939836412435e-06,3.5738019050768344e-06,5.623069228022359e-07,27919,
900,3.7013087421655655e-06,2.154682761101867e-06,6.249235298128042e-07,27929,
900,,,,27930,4.081186489202082e-06
901,8.429758054262493e-06,7.06296123098582e-06,5.681719699168752e-07,27939,
901,4.798640475200955e-06,3.6197372992319288e-06,5.0760951353368e-07,27949,
901,4.378161975182593e-06,2.043617769231787e-06,5.29240651303553e-07,27959,
901,,,,27961,6.743294306943426e-06
902,6.137771379144397e-06,4.238580004312098e-06,5.457707743516949e-07,27969,
902,3.937280780519359e-06,1.5712561207692488e-06,5.131382181389199e-07,27979,
902,3.531899210429401e-06,8.296794362649962e-07,5.448161459753464e-07,27989,
902,,,,27992,4.230042122799205e-06
903,5.556876203627326e-06,4.342905867815716e-06,5.197766768105794e-07,27999,
903,3.397605041755014e-06,1.4872546216793125e-06,5.514841063813947e-07,28009,
903,3.6196699966239976e-06,9.298999543716491e-07,5.414312909124419e-07,28019,
903,,,,28023,3.989602191722952e-06
904,4.426920895639341e-06,1.3963554010842927e-06,5.760940666732495e-07,28029,
904,3.576652488845866e-06,1.1082333912781905e-06,5.279248966871819e-07,28039,
904,3.169354613419273e-06,7.718696224401356e-07,5.274088152873446e-07,28049,
904,,,,28054,3.433570782362949e-06
905,3.484319222479826e-06,6.908841214681161e-07,5.048355546932726e-07,28059,
905,3.115056642855052e-06,7.630982850059809e-07,4.850654704569024e-07,28069,
905,3.148527184748673e-06,9.604498245607829e-07,5.445720603347581e-07,28079,
905,,,,28085,3.447720018812106e-06
906,3.718297648447333e-06,1.187295424642798e-06,5.801746283395914e-07,28089,
906,3.0111527848930564e-06,7.369318382188794e-07,5.555884285968204e-07,28099,
906,2.9903203540015966e-06,9.123360769081046e-07,5.152531343810551e-07,28109,
906,,,,28116,3.3858464121294674e-06
907,4.602442913892446e-06,2.5256865683331853e-06,6.036808599674259e-07,28119,
907,3.6632222872867715e-06,9.265390303880849e-07,5.197699692871538e-07,28129,
907,3.560356162779499e-06,7.477562462554488e-07,5.559392093346105e-07,28139,
907,,,,28147,4.7914641072566155e-06
908,7.717029802734032e-06,3.379281451998395e-06,5.037164783061598e-07,28149,
908,4.392133178043878e-06,2.1400906007329468e-06,4.899917485090555e-07,28159,
908,3.8109799334051786e-06,1.1007358580172877e-06,5.643948384204123e-07,28169,
908,,,,28178,4.845978310186183e-06
909,4.973179329681443e-06,2.713902404138935e-06,5.536578555620508e-07,28179,
909,4.528403678705217e-06,2.9160464691813104e-06,5.542169674299657e-07,28189,
909,3.9049832594173495e-06,2.2146730316308094e-06,4.925740881844831e-07,28199,
909,2.676986241567647e-06,7.342118237829709e-07,9.055609595520764e-09,28209,
909,,,,28209,4.004192305728793e-06
910,3.5966324958280893e-06,1.2437699297151994e-06,5.536874709832773e-07,28219,
910,3.609206714827451e-06,2.2765477751818253e-06,5.629311203847465e-07,28229,
910,3.1499741908191936e-06,8.329058118761168e-07,6.254066988731211e-07,28239,
910,,,,28240,4.096803877473576e-06
911,3.898083377862349e-06,9.925488484441303e-07,5.685009796252416e-07,28249,
911,3.45680723512487e-06,8.99004703569517e-07,5.079158995613398e-07,28259,
911,3.5319271773914807e-06,8.048068025345856e-07,5.297316647556727e-07,28269,
911,,,,28271,3.5861871765519027e-06
912,4.568482836475596e-06,9.368781661578396e-07,5.457137035591586e-07,28279,
912,3.1545484944217606e-06,6.806730539210548e-07,5.142379109202011e-07,28289,
912,3.887982529704459e-06,6.737274134138715e-07,5.461002388074121e-07,28299,
912,,,,28302,3.998288775619585e-06
913,4.933560376230162e-06,9.229906368091179e-07,5.202220449973538e-07,28309,
913,3.105356654486968e-06,9.343522151539219e-07,5.525687356566777e-07,28319,
913,3.8100447454780806e-06,7.365564442807226e-07,5.425455356089515e-07,28329,
913,,,,28333,3.990966888522962e-06
914,8.059161700657569e-06,2.0707311705336906e-06,5.767430479863833e-07,28339,
914,4.271724719728809e-06,1.8476169998393743e-06,5.285572797220084e-07,28349,
914,4.249794073984958e-06,9.452930385123182e-07,5.275142029859126e-07,28359,
914,,,,28364,6.431875135604059e-06
915,7.160369023040403e-06,1.8692913954510004e-06,5.044683462074318e-07,28369,
915,3.7939598769298755e-06,1.2928823025504244e-06,4.846030492444697e-07,28379,
915,4.234137122693937e-06,1.8711569964580121e-06,5.436854735307861e-07,28389,
915,,,,28395,4.7536018428218085e-06
916,8.07210017228499e-06,3.3378291846020147e-06,5.796141522296239e-07,28399,
916,4.633241132978583e-06,2.060805627479567e-06,5.54425128029834e-07,28409,
916,3.96976884076139e-06,2.3591387616761494e-06,5.15109036314243e-07,28419,
916,,,,28426,5.356327164918184e-06
917,8.061338121478911e-06,2.9257487312861485e-06,6.035834303474985e-07,28429,
917,4.428332431416493e-06,1.0476104534973274e-06,5.1929862365796e-07,28439,
917,4.3303798520355485e-06,2.005329179155524e-06,5.551933668357378e-07,28449,
917,,,,28457,4.160032858635532e-06
918,4.909956260235049e-06,1.805358238016197e-06,5.036403081248864e-07,28459,
918,3.166877377225319e-06,7.366937211372715e-07,4.904312618236872e-07,28469,
918,3.2113191537064267e-06,8.507949473823828e-07,5.656920052388159e-07,28479,
918,,,,28488,3.2947662020887947e-06
919,3.4197901186416857e-06,7.213574804154632e-07,5.545373937820841e-07,28489,
919,3.075666654694942e-06,6.842284392405418e-07,5.545630301639903e-07,28499,
919,2.92816571345611e-06,6.496179594250862e-07,4.931855528411688e-07,28509,
919,2.320545718248468e-06,5.052724532106367e-07,9.066599027107713e-09,28519,
919,,,,28519,3.284505964984419e-06
920,3.0446976779785473e-06,6.783505455132399e-07,5.546273769141408e-07,28529,
920,3.562789288480417e-06,1.0695025594031904e-06,5.634536819343339e-07,28539,
920,3.109621502517257e-06,7.146677489799913e-07,6.26350072252535e-07,28549,
920,,,,28550,3.604105586418882e-06
921,6.34361549600726e-06,3.0198402782843914e-06,5.695768550140201e-07,28559,
921,5.541108293982688e-06,2.206179260610952e-06,5.084588110548793e-07,28569,
921,3.939221187465591e-06,1.336762579740025e-06,5.299961003402132e-07,28579,
921,,,,28581,4.134286882617744e-06
922,6.151807156129507e-06,1.6631511243758723e-06,5.46589944860898e-07,28589,
922,3.851009296340635e-06,1.1782038882302004e-06,5.149075832378003e-07,28599,
922,3.5165999179298524e-06,9.339584039480542e-07,5.465689696393383e-07,28609,
922,,,,28612,3.816712251136778e-06
923,5.1360821089474484e-06,1.4560719137080014e-06,5.211173856878304e-07,28619,
923,3.6179289963911287e-06,9.832563137024408e-07,5.527686539608112e-07,28629,
923,3.3561207146703964e-06,7.457580863956537e-07,5.426417715170828e-07,28639,
923,,,,28643,4.6871659833414014e-06
924,9.301565114583354e-06,1.6727325373722124e-06,5.795160404886701e-07,28649,
924,4.2531332837825175e-06,1.817999304876139e-06,5.28804093846702e-07,28659,
924,3.837516487692483e-06,1.0187438874709187e-06,5.280916752781195e-07,28669,
924,,,,28674,4.427465682965703e-06
925,4.373253432277124e-06,1.6769383819337236e-06,5.064354695605289e-07,28679,
925,3.711986892085406e-06,8.67029655182705e-07,4.861252023147244e-07,28689,
925,3.2768602977739647e-06,8.876579045136168e-07,5.456208782561589e-07,28699,
925,,,,28705,4.279757831682218e-06
926,6.650141131103737e-06,3.0000198876223294e-06,5.819573516419041e-07,28709,
926,4.0669219742994756e-06,2.646957227625535e-06,5.56415159280732e-07,28719,
926,3.1110203053685836e-06,1.1568434956643614e-06,5.156834959052503e-07,28729,
926,,,,28736,5.3591661526297685e-06
927,6.320384727587225e-06,1.548757495584141e-06,6.051941454643384e-07,28739,
927,5.5129103202489205e-06,9.376937555316545e-07,5.206223363529716e-07,28749,
927,3.700307161125238e-06,9.46318152728054e-07,5.560211775446078e-07,28759,
927,,,,28767,5.292184141580947e-06
928,8.264705684268847e-06,1.7331329900116543e-06,5.036525863033603e-07,28769,
928,3.482118472675211e-06,1.2877834478786099e-06,4.908907271783391e-07,28779,
928,3.7026172776677413e-06,1.2075771564923343e-06,5.655341510646394e-07,28789,
928,,,,28798,4.954527867084835e-06
929,5.040624728280818e-06,1.163268734671874e-06,5.547235559788533e-07,28799,
929,3.843600552499993e-06,1.2960631465830375e-06,5.547880732592603e-07,28809,
929,3.5950547498941887e-06,8.409637644035683e-07,4.93129959977523e-07,28819,
929,2.562894678703742e-06,5.726964786845201e-07,9.053224836463869e-09,28829,
929,,,,28829,3.835351435554912e-06
930,3.125409875792684e-06,8.438264558208175e-07,5.545683734453632e-07,28839,
930,3.34580113303673e-06,7.553886689493083e-07,5.632507509290008e-07,28849,
930,2.9141644972696668e-06,6.539138439620729e-07,6.265079832701304e-07,28859,
930,,,,28860,3.4428996968927095e-06
931,3.4156989840994356e-06,7.527534648943401e-07,5.697148708350142e-07,28869,
931,3.042071966774529e-06,8.561825097785913e-07,5.084493182039296e-07,28879,
931,3.1285455861507216e-06,6.892046826578735e-07,5.304513024384505e-07,28889,
931,,,,28891,3.532840992193087e-06
932,4.44566467194818e-06,4.07517836720217e-06,5.466544052978861e-07,28899,
932,4.479559265746502e-06,3.384179535714793e-06,5.153840447746916e-07,28909,
932,3.848865162581205e-06,1.6718855704311864e-06,5.470702149068529e-07,28919,
932,,,,28922,3.826093234238215e-06
933,5.23228391102748e-06,3.25570226777927e-06,5.215570695327187e-07,28929,
933,3.488110905891517e-06,1.1182768275830313e-06,5.529314535124286e-07,28939,
933,3.309069143142551e-06,6.907779948051029e-07,5.432219154499762e-07,28949,
933,,,,28953,4.1386456359759904e-06
934,5.561990747082746e-06,1.1221617342016543e-06,5.804521947538888e-07,28959,
934,3.3796013667597435e-06,7.983944669831544e-07,5.294890002005559e-07,28969,
934,3.430786136959796e-06,7.711772127549921e-07,5.286747182253748e-07,28979,
934,,,,28984,3.7574704947473947e-06
935,5.409510777099058e-06,1.8718122873906395e-06,5.067648771728273e-07,28989,
935,4.085685304744402e-06,9.333999742011656e-07,4.867121106144623e-07,28999,
935,3.3805079056037357e-06,9.161080356534512e-07,5.460479428620602e-07,29009,
935,,,,29015,4.3646573431033175e-06
936,5.344360488379607e-06,2.5604576876503415e-06,5.822278694722627e-07,29019,
936,3.6832864225289086e-06,1.1096168464064249e-06,5.563142622122541e-07,29029,
936,3.4520730878284667e-06,1.0986176448568585e-06,5.165169341125875e-07,29039,
936,,,,29046,3.575577238734695e-06
937,5.995593710395042e-06,2.090093175866059e-06,6.065754973860749e-07,29049,
937,4.513304702413734e-06,1.1700083177856868e-06,5.199104862185777e-07,29059,
937,3.9298161027545575e-06,1.1205760301891132e-06,5.566587901739695e-07,29069,
937,,,,29077,1.0499095878913067e-05
938,2.3830467398511246e-05,3.1234801554091973e-06,5.051415428170003e-07,29079,
938,7.720344001427293e-06,3.473706556178513e-06,4.904021579932305e-07,29089,
938,5.769296876678709e-06,1.441871859242383e-06,5.650801426781982e-07,29099,
938,,,,29108,6.742995992681244e-06
939,6.951410341571318e-06,1.2326582918831264e-06,5.553660002988181e-07,29109,
939,4.484617875277763e-06,1.4098814062890597e-06,5.53789277546457e-07,29119,
939,3.2726454719522735e-06,9.78452476374514e-07,4.926756673739874e-07,29129,
939,2.847712494258303e-06,8.48010529352905e-07,9.046859261729878e-09,29139,
939,,,,29139,3.7090144360263366e-06
940,3.187768015777692e-06,9.242152714250551e-07,5.544262080547924e-07,29149,
940,3.212884394088178e-06,1.0140305448658182e-06,5.630914188259339e-07,29159,
940,2.911302544816863e-06,7.627994023096107e-07,6.257638460738235e-07,29169,
940,,,,29170,3.5022080737689976e-06
941,3.259869799876469e-06,1.3756812222709414e-06,5.689707336387073e-07,29179,
941,2.760791403488838e-06,9.274473882214807e-07,5.081106451143569e-07,29189,
941,2.955026275230921e-06,6.470306175287988e-07,5.307102242113615e-07,29199,
941,,,,29201,3.0594026156904874e-06
942,3.3535081911395537e-06,9.215733598466613e-07,5.466919787977531e-07,29209,
942,3.0609385248681065e-06,1.1195525075891055e-06,5.154359996595304e-07,29219,
942,2.8542758627736475e-06,7.308732961064379e-07,5.473125952448754e-07,29229,
942,,,,29232,3.0730657272215467e-06
943,3.324628096379456e-06,1.0954580602628994e-06,5.215042051531782e-07,29239,
943,2.6219390747428406e-06,6.083009225221758e-07,5.537081619877426e-07,29249,
943,2.9489472126442706e-06,7.512441015933291e-07,5.433349770100904e-07,29259,
943,,,,29263,3.5730818126467057e-06
944,5.425610652309842e-06,2.4296180072269635e-06,5.798457891614817e-07,29269,
944,3.2513030419067945e-06,1.0143795634576236e-06,5.294246534504055e-07,29279,
944,3.013413333974313e-06,6.625021455874958e-07,5.289705882205453e-07,29289,
944,,,,29294,3.5112823297822615e-06
945,3.937363999284571e-06,1.4374732018040959e-06,5.071796636002546e-07,29299,
945,3.4863103337556822e-06,1.8700308146435418e-06,4.865654545938014e-07,29309,
945,3.268899945396697e-06,1.0914094445979572e-06,5.469304369398742e-07,29319,
945,,,,29325,3.990166533185402e-06
946,8.929909199650865e-06,9.55099949351279e-06,5.824977051815949e-07,29329,
946,5.9984267863910645e-06,3.6693058973469306e-06,5.565371452576073e-07,29339,
946,4.605391040968243e-06,2.0267677882657154e-06,5.161531930752972e-07,29349,
946,,,,29356,1.0524922799959313e-05
947,1.994232297874987e-05,8.670150236866903e-06,6.058669441699749e-07,29359,
947,5.265016170596937e-06,2.12301483770716e-06,5.20797357239644e-07,29369,
947,5.331125521479407e-06,2.4265461888717255e-06,5.565030960497097e-07,29379,
947,,,,29387,5.002373654861003e-06
948,6.6823672568716574e-06,6.175328508106759e-06,5.045721991336904e-07,29389,
948,4.0616714613861404e-06,2.1907769678364275e-06,4.910093025500828e-07,29399,
948,3.748587232621503e-06,7.469661227332836e-07,5.664707032337901e-07,29409,
948,,,,29418,3.9062688301783055e-06
949,4.035866368212737e-06,1.194102310364542e-06,5.557469080486044e-07,29419,
949,3.145620212308131e-06,8.825541044643614e-07,5.546746137952141e-07,29429,
949,2.928262574641849e-06,8.481635518364783e-07,4.940371240991226e-07,29439,
949,2.410565230093198e-06,5.77589730710315e-07,9.077728790884976e-09,29449,
949,,,,29449,4.404968876769999e-06
950,3.2432212719868403e-06,7.596428304168512e-07,5.557749318541028e-07,29459,
950,3.5121927339787362e-06,7.564397606074635e-07,5.648763021781633e-07,29469,
950,2.874661731766537e-06,6.436241051233083e-07,6.276206931943307e-07,29479,
950,,,,29480,3.3488151984784054e-06
951,3.0683352179039503e-06,8.573257446187199e-07,5.702602265955647e-07,29489,
951,2.6051745862787357e-06,7.600738172186539e-07,5.093726826999045e-07,29499,
951,2.9447878659993876e-06,7.147438623178459e-07,5.318727289704839e-07,29509,
951,,,,29511,3.391592144907918e-06
952,3.3113551580754574e-06,1.184738948722952e-06,5.478877369569091e-07,29519,
952,3.0213643640308874e-06,9.806536809264799e-07,5.169188170839334e-07,29529,
952,2.8246163310541306e-06,6.13494250956137e-07,5.479899982674397e-07,29539,
952,,,,29542,3.442714159973548e-06
953,3.273083393651177e-06,1.2346902167337248e-06,5.22611401265749e-07,29549,
953,2.9723892112087924e-06,9.689447324490175e-07,5.546891088670236e-07,29559,
953,2.9799384719808586e-06,1.0214624808213557e-06,5.442157657853386e-07,29569,
953,,,,29573,3.2049308629211737e-06
954,3.3769024412322324e-06,9.660951718615252e-07,5.798681854685128e-07,29579,
954,2.872465756809106e-06,6.079525292079779e-07,5.310415644999011e-07,29589,
954,2.9438224373734556e-06,6.290924261520559e-07,5.301575924931967e-07,29599,
954,,,,29604,3.272033154644305e-06
955,3.6075132356927497e-06,7.772413823659008e-07,5.080000846646726e-07,29609,
955,3.066559202125063e-06,8.169718057615682e-07,4.870099132858741e-07,29619,
955,3.109789759037085e-06,7.516475761804031e-07,5.477149898069911e-07,29629,
955,,,,29635,3.5481673421600135e-06
956,5.437689651444089e-06,1.980914476007456e-06,5.833172735947301e-07,29639,
956,3.6799174267798662e-06,1.1966903912252747e-06,5.574894998972013e-07,29649,
956,3.0832488846499473e-06,1.3607906339530018e-06,5.174484272174595e-07,29659,
956,,,,29666,3.7888860333623597e-06
957,4.289199296181323e-06,2.3582563244417543e-06,6.065805564503535e-07,29669,
957,4.270094450475881e-06,2.5221359010174638e-06,5.21697870681237e-07,29679,
957,3.530794629114098e-06,1.3585687383965706e-06,5.577300044024014e-07,29689,
957,,,,29697,6.644980203418527e-06
958,1.3758276509179268e-05,3.2672257930244086e-06,5.060863941253047e-07,29699,
958,4.649085440178169e-06,2.115818688253057e-06,4.921872687191353e-07,29709,
958,4.032097876915941e-06,2.496709157639998e-06,5.672071665685507e-07,29719,
958,,,,29728,4.185554644209333e-06
959,4.2825522541534156e-06,1.27466125832143e-06,5.563290415011579e-07,29729,
959,4.375566277303733e-06,1.161364480140037e-06,5.548475883188075e-07,29739,
959,3.0938169857108733e-06,9.29761142742791e-07,4.942089617543388e-07,29749,
959,2.5006629584822804e-06,6.786531798752549e-07,9.071954742978505e-09,29759,
959,,,,29759,3.860983724734979e-06
960,3.2480936624779133e-06,1.2454396483008168e-06,5.563224476645701e-07,29769,
960,3.3390285807399778e-06,9.724406027089572e-07,5.650751973007573e-07,29779,
960,3.315438789286418e-06,8.8156519950644e-07,6.279201443248894e-07,29789,
960,,,,29790,4.329235707700718e-06
961,3.746478796529118e-06,1.0403686019344605e-06,5.709578090318246e-07,29799,
961,3.1438596579391742e-06,1.3040003068454098e-06,5.103024136587919e-07,29809,
961,3.1620872960047564e-06,8.241838145295333e-07,5.32502383521205e-07,29819,
961,,,,29821,4.0284071474161465e-06
962,3.6172634736431064e-06,9.932416560332058e-07,5.49267269889242e-07,29829,
962,3.97255962525378e-06,1.3186585192670464e-06,5.167856329535425e-07,29839,
962,3.3917228847712977e-06,8.466558938380331e-07,5.486131158249918e-07,29849,
962,,,,29852,4.565205472317757e-06
963,4.92662411488709e-06,1.2596179885804304e-06,5.212675660004606e-07,29859,
963,3.837378699245164e-06,8.056778710852086e-07,5.554235258387052e-07,29869,
963,3.3262169836234534e-06,7.997288662409119e-07,5.442095698526828e-07,29879,
963,,,,29883,4.0520985749026295e-06
964,4.4963562686461955e-06,1.6468268313474255e-06,5.812468657495629e-07,29889,
964,2.9993695989105618e-06,7.141319429138093e-07,5.3148022516325e-07,29899,
964,3.2790856039355276e-06,1.0502819804969477e-06,5.303075454321515e-07,29909,
964,,,,29914,3.1895365282252897e-06
965,2.980583531098091e-06,6.654688036178413e-07,5.079747893432796e-07,29919,
965,2.8266601930226898e-06,6.396481353476702e-07,4.872583190262958e-07,29929,
965,2.8291697162785567e-06,6.927070330675633e-07,5.481685434460815e-07,29939,
965,,,,29945,3.134819735350902e-06
966,3.4753934414766263e-06,1.3553666349253035e-06,5.840360017828061e-07,29949,
966,3.09437950818392e-06,9.632726687414106e-07,5.585119424722507e-07,29959,
966,3.04793593386421e-06,7.322163355638622e-07,5.180246489544515e-07,29969,
966,,,,29976,3.9667729652137496e-06
967,8.044982678256929e-06,1.9414858343225205e-06,6.07127560670051e-07,29979,
967,1.0373658369644545e-05,3.672193770398735e-06,5.217415264269221e-07,29989,
967,7.1154222496261355e-06,2.0892491647828138e-06,5.558076168199477e-07,29999,
967,,,,30007,6.3932388911780436e-06
968,7.249464943015482e-06,3.1965730613592314e-06,5.041886197432177e-07,30009,
968,4.41596785094589e-06,1.1834088127216091e-06,4.919094749311625e-07,30019,
968,3.222098257538164e-06,9.993417506848346e-07,5.675042302755173e-07,30029,
968,,,,30038,4.995909876015503e-06
969,5.0855428526119795e-06,1.2538492910607602e-06,5.56697386855376e-07,30039,
969,3.2999694212776376e-06,1.1516393669808167e-06,5.561958005273482e-07,30049,
969,3.000498736582813e-06,1.2113316643080907e-06,4.947166303281847e-07,30059,
969,2.26507199840853e-06,6.681879654024669e-07,9.05434749398637e-09,30069,
969,,,,30069,3.3340579648211133e-06
970,2.9081825232424308e-06,1.0324633876734879e-06,5.562993123930937e-07,30079,
970,3.2223929338215385e-06,9.328420560450468e-07,5.652021854984923e-07,30089,
970,3.009486363225733e-06,6.083974426474015e-07,6.284677738221944e-07,30099,
970,,,,30100,3.90733794120024e-06
971,3.1512402074440615e-06,8.046205266509787e-07,5.711600579161313e-07,30109,
971,2.673061317182146e-06,1.1629025493675726e-06,5.10119832597411e-07,30119,
971,2.8672320695477538e-06,6.901234996803396e-07,5.328745373844868e-07,30129,
971,,,,30131,3.0425233035202837e-06
972,3.16889918394736e-06,7.155394428082218e-07,5.492925083672162e-07,30139,
972,2.8834676868427778e-06,6.612916649828549e-07,5.175565434001328e-07,30149,
972,2.8437270884751342e-06,6.382970809681865e-07,5.492863692779792e-07,30159,
972,,,,30162,3.2694392757548485e-06
973,6.805063549109036e-06,3.774478273044224e-06,5.237583309281035e-07,30169,
973,3.086528295170865e-06,1.1981113630099571e-06,5.555386906053172e-07,30179,
973,4.08252935812925e-06,2.480704324625549e-06,5.445830311145983e-07,30189,
973,,,,30193,4.153097506787162e-06
974,4.9462896640761755e-06,3.666258407974965e-06,5.812939889437985e-07,30199,
974,3.6376395655679516e-06,1.0478302101546433e-06,5.319958518157364e-07,30209,
974,3.752068323592539e-06,7.170656317612156e-07,5.305849981596111e-07,30219,
974,,,,30224,5.5133186833700165e-06
975,8.490040272590704e-06,2.4138983008015202e-06,5.083598466626427e-07,30229,
975,3.91016965295421e-06,1.0751710988188279e-06,4.875352601629857e-07,30239,
975,3.2794980597827816e-06,1.1359142035871628e-06,5.485098881763406e-07,30249,
975,,,,30255,4.317631464800797e-06
976,8.405499102082103e-06,5.8993191487388685e-06,5.844600536875078e-07,30259,
976,4.0396380427409895e-06,1.4443802456298727e-06,5.578209538725787e-07,30269,
976,3.890473180945264e-06,1.198753807329922e-06,5.174987904865702e-07,30279,
976,,,,30286,4.782931227964582e-06
977,8.402894309256226e-06,3.6143144370726077e-06,6.076646172914479e-07,30289,
977,3.9188334994832985e-06,8.535282063348859e-07,5.229826456343289e-07,30299,
977,3.2988052680593682e-06,1.0317836540707503e-06,5.588016165347653e-07,30309,
977,,,,30317,3.4893514566647355e-06
978,3.7860302199987927e-06,9.773795000000973e-07,5.061680781182076e-07,30319,
978,2.9054010610707337e-06,8.205333301702922e-07,4.931255830342707e-07,30329,
978,2.6651148345990805e-06,6.338891012092063e-07,5.684360644409026e-07,30339,
978,,,,30348,3.0974479159340262e-06
979,3.227207571399049e-06,8.025222086871509e-07,5.57936800760217e-07,30349,
979,3.3760156838980038e-06,1.144014390774828e-06,5.570933581111603e-07,30359,
979,3.171307071170304e-06,1.0034680144599406e-06,4.958294539392227e-07,30369,
979,2.1863309029868105e-06,5.163410037312133e-07,9.061328576365213e-09,30379,
979,,,,30379,3.3342171263939235e-06
980,2.7792598302767146e-06,7.178728083090391e-07,5.573049293161603e-07,30389,
980,3.036944690393284e-06,9.620262062526308e-07,5.665906996910053e-07,30399,
980,2.7822602532978635e-06,6.256890969780216e-07,6.302217911979824e-07,30409,
980,,,,30410,2.834099632309517e-06
981,4.635859113477636e-06,1.260301814909326e-06,5.725214009544288e-07,30419,
981,3.1513961857854156e-06,8.794896757535753e-07,5.111117502565321e-07,30429,
981,3.0422020245168824e-06,7.973471838340629e-07,5.339833819562045e-07,30439,
981,,,,30441,3.235037866033963e-06
982,4.364996584627079e-06,2.429094593026093e-06,5.50236791241332e-07,30449,
982,3.246363803555141e-06,9.169739314529579e-07,5.188774707676203e-07,30459,
982,3.9366491364489775e-06,8.971643410404795e-07,5.501831878973462e-07,30469,
982,,,,30472,4.181231815891806e-06
983,1.1923099009436555e-05,4.807848654309055e-06,5.229860562394606e-07,30479,
983,4.77834919365705e-06,1.4993255490480806e-06,5.565684659813996e-07,30489,
983,4.24449081037892e-06,1.5203761449811282e-06,5.443482677947031e-07,30499,
983,,,,30503,5.5850741773610935e-06
984,7.531573373853462e-06,5.210038125369465e-06,5.79838285830192e-07,30509,
984,3.917676622222643e-06,1.7306418840234983e-06,5.311781592354237e-07,30519,
984,3.5182138162781484e-06,1.2444598951333319e-06,5.304792125571112e-07,30529,
984,,,,30534,3.730292974069016e-06
985,4.01081842937856e-06,2.2212364001461538e-06,5.087866838948685e-07,30539,
985,3.1134995879256167e-06,7.518459028688085e-07,4.875765853284975e-07,30549,
985,2.8462043246690882e-06,8.35125263165537e-07,5.483527161231905e-07,30559,
985,,,,30565,3.16575710712641e-06
986,3.8539633351319935e-06,3.7130685086594895e-06,5.850269531038066e-07,30569,
986,2.819238261508872e-06,8.916618980947533e-07,5.584634550359624e-07,30579,
986,2.774457470877678e-06,8.960952300185454e-07,5.186058160688845e-07,30589,
986,,,,30596,3.2135192213900154e-06
987,5.037156824982958e-06,2.288693622176652e-06,6.081046990402683e-07,30599,
987,3.039182956854347e-06,7.403727408927807e-07,5.237675964053778e-07,30609,
987,3.0249270821514074e-06,7.865434668019589e-07,5.594809522335709e-07,30619,
987,,,,30627,3.5277000733913155e-06
988,4.31856642535422e-06,1.7185478782266728e-06,5.069611574981536e-07,30629,
988,3.0400758532778127e-06,8.338014936271065e-07,4.939962536809617e-07,30639,
988,3.310141664769617e-06,1.0096504183820798e-06,5.693239586435084e-07,30649,
988,,,,30658,3.8058253721828805e-06
989,3.941854174627224e-06,9.507852496426494e-07,5.585488338510913e-07,30659,
989,3.972258582507493e-06,1.2035445706715109e-06,5.580432684837433e-07,30669,
989,3.1817173749004724e-06,1.083782194655214e-06,4.964399522577878e-07,30679,
989,2.4016153474804014e-06,6.765054081370181e-07,9.063542805165525e-09,30689,
989,,,,30689,3.834376002487261e-06
990,3.408697921258863e-06,1.205757939715113e-06,5.578496029556845e-07,30699,
990,3.2814411952131195e-06,8.846338346302218e-07,5.66538972179842e-07,30709,
990,3.000897322635865e-06,8.184517241716094e-07,6.298406560745207e-07,30719,
990,,,,30720,3.7563575006061e-06
991,4.1405560295970645e-06,1.6420999600086361e-06,5.728970791096799e-07,30729,
991,3.442848083068384e-06,1.47698324326484e-06,5.111498353471688e-07,30739,
991,3.2501159239473054e-06,1.075120849236555e-06,5.340518782759318e-07,30749,
991,,,,30751,4.169776275375625e-06
992,6.231088264030404e-06,2.9067393825243926e-06,5.504929845301376e-07,30759,
992,3.821168775175465e-06,1.1016553571607801e-06,5.191768082113413e-07,30769,
992,3.380564976396272e-06,1.4369354630616726e-06,5.503817988028459e-07,30779,
992,,,,30782,5.954081188974669e-06
993,5.889869498787448e-06,2.1933835796517087e-06,5.238956077846524e-07,30789,
993,4.097292276128428e-06,1.3701098851015558e-06,5.568266487898654e-07,30799,
993,3.5969137570646126e-06,1.2214347862027353e-06,5.46073749774223e-07,30809,
993,,,,30813,3.4206527743663173e-06
994,5.4065490076027345e-06,1.4708781463923515e-06,5.831618636875646e-07,30819,
994,3.7766187688248465e-06,1.2539758245111443e-06,5.327598273652256e-07,30829,
994,3.0893577331880806e-06,1.111621145355457e-06,5.31256432623195e-07,30839,
994,,,,30844,4.134220489504514e-06
995,3.996020950580714e-06,1.783542074917932e-06,5.0947869567608e-07,30849,
995,3.2093325899040792e-06,6.483705305981857e-07,4.883009410150407e-07,30859,
995,2.986336085086805e-06,1.023484287543397e-06,5.489828254212625e-07,30869,
995,,,,30875,3.4446659356035525e-06
996,4.285654540581163e-06,3.008144403793267e-06,5.857424412170076e-07,30879,
996,3.2528491828998085e-06,9.516330692349584e-07,5.591942340288369e-07,30889,
996,2.806005340971751e-06,9.592525884727365e-07,5.185040663491236e-07,30899,
996,,,,30906,4.168543455307372e-06
997,7.91560159996152e-06,5.269498615234625e-06,6.082143499952508e-07,30909,
997,3.737629640454543e-06,1.9531123598426348e-06,5.243487635198107e-07,30919,
997,3.1676636353950016e-06,1.1387845688659581e-06,5.592532374976145e-07,30929,
997,,,,30937,4.830379111808725e-06
998,7.207204816950252e-06,8.76798640092602e-06,5.072183739684988e-07,30939,
998,3.478929784250795e-06,2.4259099973278353e-06,4.94140294904355e-07,30949,
998,3.2842729069670895e-06,1.8685312852539937e-06,5.692460831596691e-07,30959,
998,,,,30968,3.732519871846307e-06
999,3.8495572880492546e-06,1.5072066616994562e-06,5.590240448327677e-07,30969,
999,3.5643756746139843e-06,1.0709192110880394e-06,5.581217124017712e-07,30979,
999,3.5851271604769863e-06,9.131517231253383e-07,4.970365807821508e-07,30989,
999,2.2580293261853512e-06,7.944705657791928e-07,9.069091255753392e-09,30999,
999,,,,30999,4.54277369499323e-06
