epoch,loss,skeleton,smooth,step,val_loss
0,0.33196568489074707,0.1746303290128708,2.8729409677907825e-06,9,
0,0.30758118629455566,0.07858606427907944,5.457061888591852e-06,19,
0,0.24406036734580994,0.04197116568684578,6.7858763941330835e-06,29,
0,,,,30,0.23491410911083221
1,0.1782754510641098,0.023596851155161858,9.971060535463039e-06,39,
1,0.09819252789020538,0.013773101381957531,8.684253771207295e-06,49,
1,0.052058927714824677,0.006926307920366526,5.693869752576575e-06,59,
1,,,,61,0.04566911607980728
2,0.040241092443466187,0.00499420240521431,3.928197656932753e-06,69,
2,0.035482391715049744,0.004220453556627035,3.580544444048428e-06,79,
2,0.03516196832060814,0.004051323514431715,3.58328225047444e-06,89,
2,,,,92,0.03358639031648636
3,0.031935613602399826,0.003688286989927292,3.647363882919308e-06,99,
3,0.03131173551082611,0.0033195496071130037,4.127876763959648e-06,109,
3,0.03075135312974453,0.0033778571523725986,3.972812010033522e-06,119,
3,,,,123,0.02897353284060955
4,0.02966897562146187,0.0030264253728091717,4.5733509068668354e-06,129,
4,0.028147846460342407,0.0029356309678405523,4.502055162447505e-06,139,
4,0.024590665474534035,0.002814082195982337,4.3151703721378e-06,149,
4,,,,154,0.02358052134513855
5,0.022679949179291725,0.002576472470536828,4.421620360517409e-06,159,
5,0.0201937947422266,0.002293229568749666,4.7569901653332636e-06,169,
5,0.019299913197755814,0.0021719937212765217,4.793383141077356e-06,179,
5,,,,185,0.01818935200572014
6,0.018721025437116623,0.001958598382771015,4.781946245202562e-06,189,
6,0.017048845067620277,0.001866214326582849,4.273851118341554e-06,199,
6,0.015571960248053074,0.0015466209733858705,4.8459614845342e-06,209,
6,,,,216,0.015798339620232582
7,0.017641445621848106,0.0014291061088442802,4.807712230103789e-06,219,
7,0.014079233631491661,0.001369428588077426,4.43011094830581e-06,229,
7,0.015218672342598438,0.0012262803502380848,4.68907364847837e-06,239,
7,,,,247,0.014781726524233818
8,0.015424957498908043,0.0012538193259388208,4.266450559953228e-06,249,
8,0.014695010147988796,0.0011436681961640716,4.032021024613641e-06,259,
8,0.01382613368332386,0.0010685682063922286,4.23454912379384e-06,269,
8,,,,278,0.01365837175399065
9,0.013018155470490456,0.0010901227360591292,4.02890145778656e-06,279,
9,0.011820415034890175,0.0011898557422682643,3.6833637295785593e-06,289,
9,0.012283495627343655,0.0011997245019301772,3.966259555454599e-06,299,
9,0.007828873582184315,0.0010827649384737015,2.875579774297421e-08,309,
9,,,,309,0.011220316402614117
10,0.010722457431256771,0.0012264406541362405,3.398483158889576e-06,319,
10,0.010484897531569004,0.000979305012151599,3.414035063542542e-06,329,
10,0.008452466689050198,0.0009602468344382942,3.1012416457087966e-06,339,
10,,,,340,0.009795879945158958
11,0.009290080517530441,0.0010424942011013627,3.138872671115678e-06,349,
11,0.008392777293920517,0.0009345971047878265,2.9778802854707465e-06,359,
11,0.008549869060516357,0.0008691795519553125,2.9259354050736874e-06,369,
11,,,,371,0.008441103622317314
12,0.00905283261090517,0.0008687266963534057,2.846223651431501e-06,379,
12,0.007459342945367098,0.0007095875917002559,2.8155368454463314e-06,389,
12,0.006782888434827328,0.0006406307802535594,2.699376182135893e-06,399,
12,,,,402,0.007470756769180298
13,0.006751250475645065,0.0006857719854451716,2.608882141430513e-06,409,
13,0.007702783681452274,0.0005954023799858987,2.7203936951991636e-06,419,
13,0.0069304597564041615,0.0005984631716273725,2.52595327765448e-06,429,
13,,,,433,0.007017036434262991
14,0.00720119709149003,0.0006180685013532639,2.6778363917401293e-06,439,
14,0.007267879322171211,0.0005880852695554495,2.5233637188648572e-06,449,
14,0.005825701169669628,0.0005069590406492352,2.3956749828357715e-06,459,
14,,,,464,0.007459946442395449
15,0.007103739306330681,0.0005534561350941658,2.437071998429019e-06,469,
15,0.006609181873500347,0.00045979564310982823,2.537281488912413e-06,479,
15,0.0070207263343036175,0.0004441728815436363,2.446477083140053e-06,489,
15,,,,495,0.006880811415612698
16,0.0064682369120419025,0.0003916576679330319,2.4176345050364034e-06,499,
16,0.006399000063538551,0.0004976416821591556,2.3132627120503457e-06,509,
16,0.005721291992813349,0.0003833688679151237,2.4913656488934066e-06,519,
16,,,,526,0.006535456981509924
17,0.007883804850280285,0.0004035299352835864,2.4553849016228924e-06,529,
17,0.00591302989050746,0.0003722632536664605,2.304518829987501e-06,539,
17,0.0057057165540754795,0.0003350071783643216,2.4401747396041173e-06,549,
17,,,,557,0.006385596003383398
18,0.007425828371196985,0.0004303204477764666,2.352612682443578e-06,559,
18,0.006866093259304762,0.00036084206658415496,2.2118658762337873e-06,569,
18,0.006090087816119194,0.00028746164753101766,2.2941521820030175e-06,579,
18,,,,588,0.006301411427557468
19,0.005790386348962784,0.0003233498428016901,2.2740082386008e-06,589,
19,0.006106796208769083,0.00034547189716249704,2.1376840777520556e-06,599,
19,0.005806630942970514,0.00027992570539936423,2.250698571515386e-06,609,
19,0.004847398027777672,0.00021609289979096502,2.421400324692513e-08,619,
19,,,,619,0.006229352671653032
20,0.005913712549954653,0.00032791608828119934,2.240331014036201e-06,629,
20,0.006522112991660833,0.00025794835528358817,2.269075366712059e-06,639,
20,0.004838273394852877,0.00022473647550214082,1.9698659343703184e-06,649,
20,,,,650,0.006153816822916269
21,0.005465702619403601,0.000337681412929669,2.0964780560461804e-06,659,
21,0.005653008818626404,0.0002836701169144362,2.055573077086592e-06,669,
21,0.00624392693862319,0.00022585906845051795,2.1341727460821858e-06,679,
21,,,,681,0.006081101018935442
22,0.006468005944043398,0.0003226831031497568,2.050140892606578e-06,689,
22,0.005659426096826792,0.00025294182705692947,2.0399397726578172e-06,699,
22,0.0050690555945038795,0.0001986128045246005,1.9006137108590337e-06,709,
22,,,,712,0.00601601880043745
23,0.005608823150396347,0.0002667517401278019,1.948854105648934e-06,719,
23,0.006447137333452702,0.0002251275145681575,2.03666832021554e-06,729,
23,0.005565997213125229,0.00021286901028361171,1.8949973537019105e-06,739,
23,,,,743,0.0059580071829259396
24,0.00643554050475359,0.00023873157624620944,2.0508721263468033e-06,749,
24,0.005925879813730717,0.0002442123368382454,1.9101842099189525e-06,759,
24,0.004919382743537426,0.00018111417011823505,1.789098519111576e-06,769,
24,,,,774,0.0059050009585917
25,0.0057289935648441315,0.0001901009673019871,1.7949188304555719e-06,779,
25,0.005809789523482323,0.0002219565212726593,1.942154085554648e-06,789,
25,0.006163623183965683,0.0001880910713225603,1.951366812136257e-06,799,
25,,,,805,0.005856285337358713
26,0.005491285119205713,0.00017162258154712617,1.7744631577443215e-06,809,
26,0.005614143796265125,0.0002276041777804494,1.8159967112296727e-06,819,
26,0.0050340513698756695,0.00018430121417623013,1.892350041998725e-06,829,
26,,,,836,0.0058123646304011345
27,0.006977210287004709,0.00019533885642886162,1.931352471729042e-06,839,
27,0.005163485184311867,0.0001776141143636778,1.7462517689637025e-06,849,
27,0.005067537073045969,0.00016082772344816476,1.8926480152003933e-06,859,
27,,,,867,0.005772250238806009
28,0.0069397008046507835,0.00021017003746237606,1.990561713682837e-06,869,
28,0.006186360027641058,0.0001728723873384297,1.7602801563043613e-06,879,
28,0.005514637567102909,0.00013667308667209,1.7587316278877552e-06,889,
28,,,,898,0.005735805258154869
29,0.005204259883612394,0.00016445053915958852,1.8030768842436373e-06,899,
29,0.005535264499485493,0.0001767857902450487,1.6927771184782614e-06,909,
29,0.005247982684522867,0.00013747545017395169,1.7711502096062759e-06,919,
29,0.004604891408234835,9.616367606213316e-05,2.1693143281709126e-08,929,
29,,,,929,0.0057030366733670235
30,0.005425364710390568,0.00019137345952913165,1.8264694290337502e-06,939,
30,0.005926452111452818,0.00014094389916863292,1.8605355762701947e-06,949,
30,0.0044308132492005825,0.00011159617133671418,1.5305993201764068e-06,959,
30,,,,960,0.0056732590310275555
31,0.004949056543409824,0.00020083202980458736,1.6525718820048496e-06,969,
31,0.005201202351599932,0.00015419464034494013,1.6926339867495699e-06,979,
31,0.005797979887574911,0.00011480304965516552,1.8245181081510964e-06,989,
31,,,,991,0.005645968485623598
32,0.006023673806339502,0.00018353399354964495,1.6971487184491707e-06,999,
32,0.005254638381302357,0.00015142849588301033,1.6945168681559153e-06,1009,
32,0.004590622615069151,0.00011765118688344955,1.5169393918768037e-06,1019,
32,,,,1022,0.005620816722512245
33,0.005264265928417444,0.0001630771585041657,1.638368189560424e-06,1029,
33,0.006064070388674736,0.00013889021647628397,1.7297727481491165e-06,1039,
33,0.00520916236564517,0.00012896179396193475,1.638097842260322e-06,1049,
33,,,,1053,0.005597535986453295
34,0.00619113352149725,0.00014837323396932334,1.8093992366630118e-06,1059,
34,0.005470535717904568,0.00014582301082555205,1.662996851337084e-06,1069,
34,0.004615162964910269,0.0001039084090734832,1.5208569266178529e-06,1079,
34,,,,1084,0.005575861316174269
35,0.0053686294704675674,0.00011488649761304259,1.5600159031237126e-06,1089,
35,0.0055237929336726665,0.00013820522872265428,1.7197020270032226e-06,1099,
35,0.005875641945749521,0.00010472759458934888,1.7604439790375181e-06,1109,
35,,,,1115,0.005555662326514721
36,0.005066461395472288,0.00010823929187608883,1.5272623841156019e-06,1119,
36,0.005305493250489235,0.00014540062693413347,1.6272092580038588e-06,1129,
36,0.004706693813204765,0.00011621884914347902,1.6322705960192252e-06,1139,
36,,,,1146,0.005536817014217377
37,0.006609899923205376,0.00013613057672046125,1.7749606513461913e-06,1149,
37,0.00481126643717289,0.0001249016058864072,1.541199139865057e-06,1159,
37,0.004776975139975548,0.00011027290020138025,1.6911953935050406e-06,1169,
37,,,,1177,0.005519306752830744
38,0.006749273743480444,0.00015379040269181132,1.9380199773877393e-06,1179,
38,0.005815694574266672,0.00011934449867112562,1.6143393395395833e-06,1189,
38,0.005226420238614082,9.707418212201446e-05,1.5497333833991433e-06,1199,
38,,,,1208,0.005503206048160791
39,0.004924202337861061,0.00012322005932219326,1.6536533848920953e-06,1209,
39,0.005207188427448273,0.00012117373262299225,1.5530256405327236e-06,1219,
39,0.004946223460137844,9.411398059455678e-05,1.616680265215109e-06,1229,
39,0.004489215090870857,7.286221807589754e-05,2.09943440410143e-08,1239,
39,,,,1239,0.005488796159625053
40,0.005155104678124189,0.0001409063406754285,1.7228771866939496e-06,1249,
40,0.00552730169147253,9.789619798539206e-05,1.7390253788107657e-06,1259,
40,0.004201909992843866,8.448081644019112e-05,1.383489234285662e-06,1269,
40,,,,1270,0.005476588848978281
41,0.004680716898292303,0.00015498844732064754,1.5233295016514603e-06,1279,
41,0.004932312294840813,0.00011014142364729196,1.5894830767138046e-06,1289,
41,0.005531041417270899,8.294115104945377e-05,1.753459514475253e-06,1299,
41,,,,1301,0.005467474926263094
42,0.005760726053267717,0.00014329535770229995,1.6029771359171718e-06,1309,
42,0.005012216046452522,0.00012159356992924586,1.5921852991596097e-06,1319,
42,0.00424749031662941,8.816190529614687e-05,1.381933316224604e-06,1329,
42,,,,1332,0.005462974309921265
43,0.004963335581123829,0.00013408527593128383,1.5405770454890444e-06,1339,
43,0.005781463347375393,0.00012067591160302982,1.6313535979861626e-06,1349,
43,0.005004996433854103,9.844964370131493e-05,1.5827089328013244e-06,1359,
43,,,,1363,0.005465346854180098
44,0.006074333097785711,0.00012891269579995424,1.7841691715148045e-06,1369,
44,0.005151872988790274,0.00012175154552096501,1.5881118997640442e-06,1379,
44,0.0044107637368142605,8.182530291378498e-05,1.4474592262558872e-06,1389,
44,,,,1394,0.005477658472955227
45,0.0052118911407887936,0.00010065677633974701,1.5364418004537583e-06,1399,
45,0.0052699255757033825,0.00010748603381216526,1.6704840390957543e-06,1409,
45,0.0056703765876591206,8.240716852014884e-05,1.7358444210913149e-06,1419,
45,,,,1425,0.005502657033503056
46,0.0047121550887823105,9.052445966517553e-05,1.4581712548533687e-06,1429,
46,0.005061485338956118,0.00011120734416181222,1.5783471098984592e-06,1439,
46,0.004355549346655607,8.814316970529035e-05,1.514501605015539e-06,1449,
46,,,,1456,0.005539384204894304
47,0.006256298162043095,0.00011553972581168637,1.7579449149707216e-06,1459,
47,0.004518996458500624,0.00011581764556467533,1.481242634326918e-06,1469,
47,0.004515582229942083,8.336998871527612e-05,1.625887307454832e-06,1479,
47,,,,1487,0.0055780354887247086
48,0.006816257257014513,0.00014585565077140927,2.06679374059604e-06,1489,
48,0.005499448627233505,0.00012425352178979665,1.6050857993832324e-06,1499,
48,0.00494275102391839,7.821507460903376e-05,1.4651693618361605e-06,1509,
48,,,,1518,0.005599294789135456
49,0.0049139284528791904,0.00012994724966119975,1.6909805253817467e-06,1519,
49,0.00493438309058547,0.00011660085147013888,1.5555116306131822e-06,1529,
49,0.004642456769943237,8.004899427760392e-05,1.5699531559221214e-06,1539,
49,0.004284254740923643,5.732284262194298e-05,2.0618498908220317e-08,1549,
49,,,,1549,0.005581877194344997
50,0.004872933030128479,0.00011388186976546422,1.7310677549176035e-06,1559,
50,0.004958225879818201,8.285154035547748e-05,1.668141635491338e-06,1569,
50,0.003847321728244424,7.829658716218546e-05,1.3315255955603789e-06,1579,
50,,,,1580,0.0055086794309318066
51,0.004525324795395136,0.00013637686788570136,1.5307740568459849e-06,1589,
51,0.00472955172881484,8.676226570969447e-05,1.6055048490670742e-06,1599,
51,0.0052761356346309185,8.191317465389147e-05,1.768549168446043e-06,1609,
51,,,,1611,0.005377038847655058
52,0.006087358575314283,0.0001519538927823305,1.7504120251032873e-06,1619,
52,0.004935035016387701,9.923567995429039e-05,1.6243061509157997e-06,1629,
52,0.0038189932238310575,8.801013609627262e-05,1.3062747257208684e-06,1639,
52,,,,1642,0.005244407337158918
53,0.004514130763709545,0.0001333402906311676,1.5108163324839552e-06,1649,
53,0.005361055955290794,0.00010497275798115879,1.5767843706271378e-06,1659,
53,0.004830415826290846,9.199484338751063e-05,1.5852599517529598e-06,1669,
53,,,,1673,0.005185758229345083
54,0.005350581835955381,0.00012014253297820687,1.7181571365654236e-06,1679,
54,0.004765775520354509,0.0001169409733847715,1.5585449091304326e-06,1689,
54,0.004143106751143932,7.512835873058066e-05,1.4136753634375054e-06,1699,
54,,,,1704,0.0051295142620801926
55,0.004975332412868738,9.663719538366422e-05,1.5647814279873273e-06,1709,
55,0.00501231336966157,0.0001038123300531879,1.671803261160676e-06,1719,
55,0.005379376467317343,8.019034430617467e-05,1.7455967054047505e-06,1729,
55,,,,1735,0.005114405881613493
56,0.004386296961456537,8.668464579386637e-05,1.4225244058252429e-06,1739,
56,0.004796813707798719,9.557630983181298e-05,1.5462777582797571e-06,1749,
56,0.004240497946739197,9.416346438229084e-05,1.5120996295081568e-06,1759,
56,,,,1766,0.005059882532805204
57,0.005695348605513573,0.0001067007688106969,1.7287014770772657e-06,1769,
57,0.004100234247744083,9.12756149773486e-05,1.4413806184165878e-06,1779,
57,0.0042559183202683926,8.991756476461887e-05,1.5996910178728285e-06,1789,
57,,,,1797,0.0050710528157651424
58,0.006295951548963785,0.00012385778245516121,2.1281027784425532e-06,1799,
58,0.00505859637632966,0.00011172948870807886,1.5576191572108655e-06,1809,
58,0.004615895915776491,7.5135612860322e-05,1.4324356243378134e-06,1819,
58,,,,1828,0.0050053377635777
59,0.004231900908052921,0.00010603082046145573,1.6110025171656162e-06,1829,
59,0.004696445539593697,0.00012340092507656664,1.563747105137736e-06,1839,
59,0.004278575070202351,7.569888111902401e-05,1.5549661611657939e-06,1849,
59,0.00423596054315567,4.781225652550347e-05,2.2725853199290214e-08,1859,
59,,,,1859,0.005020149517804384
60,0.004727944266051054,0.00011116371024399996,1.7530441027702182e-06,1869,
60,0.004788976162672043,9.48070446611382e-05,1.7236277471965877e-06,1879,
60,0.0036837586667388678,6.581813795492053e-05,1.338532570116513e-06,1889,
60,,,,1890,0.004966637585312128
61,0.004079347010701895,0.00010153876064578071,1.4879592526995111e-06,1899,
61,0.004445566795766354,9.746097202878445e-05,1.6213044773394358e-06,1909,
61,0.0051095993258059025,6.7055196268484e-05,1.8235887182527222e-06,1919,
61,,,,1921,0.004951511509716511
62,0.005426713265478611,0.00011415319022489712,1.6812734884297242e-06,1929,
62,0.004425572231411934,9.962970216292888e-05,1.5637970136594959e-06,1939,
62,0.003436566097661853,6.543604104081169e-05,1.2660202628467232e-06,1949,
62,,,,1952,0.0049268873408436775
63,0.004104952793568373,0.00011433037434471771,1.4520509239446255e-06,1959,
63,0.0051874518394470215,9.074844274437055e-05,1.5840793139432208e-06,1969,
63,0.004577761050313711,6.858372216811404e-05,1.587198426022951e-06,1979,
63,,,,1983,0.0048981779254972935
64,0.004849769175052643,0.00011059911048505455,1.7010592046062811e-06,1989,
64,0.0044935522601008415,8.785676618572325e-05,1.5760477936055395e-06,1999,
64,0.0040450491942465305,6.634189048781991e-05,1.4638624179497128e-06,2009,
64,,,,2014,0.004875658079981804
65,0.0044424524530768394,8.693770359968767e-05,1.5282548702089116e-06,2019,
65,0.004617046099156141,8.433492621406913e-05,1.6713863715267507e-06,2029,
65,0.005143827758729458,7.445777737302706e-05,1.832188104344823e-06,2039,
65,,,,2045,0.004855304025113583
66,0.0040811276994645596,7.54211432649754e-05,1.4267862979977508e-06,2049,
66,0.004443995654582977,9.067153587238863e-05,1.55297891524242e-06,2059,
66,0.0038812642451375723,8.181790326489136e-05,1.5037642242532456e-06,2069,
66,,,,2076,0.00483086658641696
67,0.005328097380697727,9.031527588376775e-05,1.736075091685052e-06,2079,
67,0.003885356243699789,9.295382915297523e-05,1.471172822675726e-06,2089,
67,0.003978079184889793,7.812323747202754e-05,1.6054181060098927e-06,2099,
67,,,,2107,0.004778431262820959
68,0.005751946475356817,0.00010142801329493523,2.136556759069208e-06,2109,
68,0.004836428910493851,9.441418660571799e-05,1.5966535329425824e-06,2119,
68,0.004405417013913393,6.952768308110535e-05,1.4550225841958309e-06,2129,
68,,,,2138,0.004651918541640043
69,0.003840945428237319,8.78691062098369e-05,1.5953696674841922e-06,2139,
69,0.00428870739415288,9.118136949837208e-05,1.5495809293497587e-06,2149,
69,0.004044053144752979,6.434649549191818e-05,1.5393783314721077e-06,2159,
69,0.0034995400346815586,5.7944511354435235e-05,2.206807181437398e-08,2169,
69,,,,2169,0.004527965560555458
70,0.004309280309826136,0.00010026189556811005,1.7412415900253109e-06,2179,
70,0.0041482108645141125,7.010654371697456e-05,1.6053147646744037e-06,2189,
70,0.003341404488310218,6.651682633673772e-05,1.3160179150872864e-06,2199,
70,,,,2200,0.004502378404140472
71,0.0039727226831018925,8.950637129601091e-05,1.5422353953908896e-06,2209,
71,0.004180453717708588,7.237225509015843e-05,1.6424868363174028e-06,2219,
71,0.0048551056534051895,6.968183879507706e-05,1.8711129996518139e-06,2229,
71,,,,2231,0.004483409225940704
72,0.0047570280730724335,8.12963698990643e-05,1.5581628076688503e-06,2239,
72,0.0041748154908418655,8.635665290057659e-05,1.5855380297580268e-06,2249,
72,0.00318806990981102,6.782626587664708e-05,1.2310766805967432e-06,2259,
72,,,,2262,0.004466712940484285
73,0.0038268722128123045,9.109739767154679e-05,1.4232350622478407e-06,2269,
73,0.00485397782176733,9.09380687517114e-05,1.6218098153331084e-06,2279,
73,0.004363726358860731,6.157811003504321e-05,1.6028020581870805e-06,2289,
73,,,,2293,0.004449513740837574
74,0.00459646200761199,0.0001047643818310462,1.7070992726075929e-06,2299,
74,0.004300781991332769,8.380215149372816e-05,1.6192434486583807e-06,2309,
74,0.0036900818813592196,5.7224093325203285e-05,1.4467763094216934e-06,2319,
74,,,,2324,0.004431812558323145
75,0.004101012833416462,8.098111720755696e-05,1.5424365074068191e-06,2329,
75,0.004386069718748331,7.818321319064125e-05,1.7119804169851705e-06,2339,
75,0.004914319142699242,6.606653187191114e-05,1.8471496332495008e-06,2349,
75,,,,2355,0.004414314404129982
76,0.0037479312159121037,6.286285497481003e-05,1.4381646451511187e-06,2359,
76,0.004502002615481615,8.840978262014687e-05,1.6279975625366205e-06,2369,
76,0.0038480116054415703,7.690161874052137e-05,1.5426140862473403e-06,2379,
76,,,,2386,0.0043986947275698185
77,0.005183353554457426,8.902766421670094e-05,1.7867624819700723e-06,2389,
77,0.0035349922254681587,8.580383291700855e-05,1.4131027228359017e-06,2399,
77,0.003815811825916171,7.359850133070722e-05,1.6255256696240394e-06,2409,
77,,,,2417,0.004384642466902733
78,0.00550309382379055,0.00010976037447107956,2.175081363020581e-06,2419,
78,0.004599185194820166,7.595001807203516e-05,1.6196380556721124e-06,2429,
78,0.004145687445998192,6.841787399025634e-05,1.4778981949348236e-06,2439,
78,,,,2448,0.004369671456515789
79,0.00355596374720335,8.87701244209893e-05,1.5813534446351696e-06,2449,
79,0.004152047447860241,7.619419920956716e-05,1.601336634848849e-06,2459,
79,0.0038935686461627483,6.437332922359928e-05,1.5959099073370453e-06,2469,
79,0.0031675847712904215,4.3872842070413753e-05,2.106370899923604e-08,2479,
79,,,,2479,0.004351882264018059
80,0.003946934826672077,9.140018664766103e-05,1.7233651306014508e-06,2489,
80,0.003965584561228752,6.774446228519082e-05,1.6433184555353364e-06,2499,
80,0.003216806333512068,5.799983046017587e-05,1.3486035186360823e-06,2509,
80,,,,2510,0.004331226460635662
81,0.003812877694144845,9.039980795932934e-05,1.5776132613609661e-06,2519,
81,0.0040216753259301186,6.661169027211145e-05,1.6852856106197578e-06,2529,
81,0.004667247645556927,6.664345710305497e-05,1.9078363493463257e-06,2539,
81,,,,2541,0.0043090879917144775
82,0.004551782738417387,8.442139369435608e-05,1.576516410750628e-06,2549,
82,0.004129183478653431,7.15621208655648e-05,1.6397982562921243e-06,2559,
82,0.0031075573060661554,6.645690154982731e-05,1.2701893865596503e-06,2569,
82,,,,2572,0.004287508316338062
83,0.003769826842471957,9.053427493199706e-05,1.4754288031326723e-06,2579,
83,0.004607372917234898,6.854847742943093e-05,1.599436018295819e-06,2589,
83,0.004166437778621912,5.405239062383771e-05,1.6300947436320712e-06,2599,
83,,,,2603,0.004268714692443609
84,0.004489684011787176,9.458800923312083e-05,1.7502767377663986e-06,2609,
84,0.004115728195756674,6.524630589410663e-05,1.6410277794420836e-06,2619,
84,0.003543552942574024,5.3633644711226225e-05,1.490243789703527e-06,2629,
84,,,,2634,0.004254788160324097
85,0.004041535779833794,7.101252413121983e-05,1.6067012893472565e-06,2639,
85,0.004216926638036966,7.403911877190694e-05,1.7463461290390114e-06,2649,
85,0.004827218130230904,6.304358976194635e-05,1.9233809780416777e-06,2659,
85,,,,2665,0.004246550612151623
86,0.00383074302226305,6.338529055938125e-05,1.556398274260573e-06,2669,
86,0.004274279810488224,8.607916242908686e-05,1.621272531338036e-06,2679,
86,0.0036355718038976192,6.90547822159715e-05,1.5274105180651532e-06,2689,
86,,,,2696,0.004242722410708666
87,0.005219966638833284,8.535224333172664e-05,1.8599674831420998e-06,2699,
87,0.0034194462932646275,8.117983088595793e-05,1.4259205727285007e-06,2709,
87,0.0036777034401893616,6.46489133941941e-05,1.638081926103041e-06,2719,
87,,,,2727,0.004241287242621183
88,0.005458350293338299,9.230543219018728e-05,2.212462959505501e-06,2729,
88,0.004472175147384405,6.213063898030668e-05,1.6316568007823662e-06,2739,
88,0.003976599778980017,6.237305206013843e-05,1.4881081824569264e-06,2749,
88,,,,2758,0.004241066984832287
89,0.0033861470874398947,7.132627797545865e-05,1.5648835187676013e-06,2759,
89,0.003964109346270561,6.173752626636997e-05,1.593942442923435e-06,2769,
89,0.0037786320317536592,6.45582695142366e-05,1.6067222077253973e-06,2779,
89,0.0027897765394300222,3.8570608012378216e-05,1.8984556149348464e-08,2789,
89,,,,2789,0.004241448827087879
90,0.0038413112051784992,8.054877253016457e-05,1.773437475094397e-06,2799,
90,0.0038258398417383432,7.143342372728512e-05,1.6577847645748989e-06,2809,
90,0.0031546822283416986,5.542598228203133e-05,1.3896359405407566e-06,2819,
90,,,,2820,0.004242041148245335
91,0.0036720929201692343,8.473356865579262e-05,1.5900558310022461e-06,2829,
91,0.003922175150364637,7.031769200693816e-05,1.7351130736642517e-06,2839,
91,0.004508555866777897,6.159265467431396e-05,1.932524128278601e-06,2849,
91,,,,2851,0.0042426446452736855
92,0.0046435934491455555,7.641258707735687e-05,1.7004044821078423e-06,2859,
92,0.003954767715185881,6.928663060534745e-05,1.6468095509480918e-06,2869,
92,0.002936819102615118,6.0928021412109956e-05,1.259980422219087e-06,2879,
92,,,,2882,0.004243071191012859
93,0.003667693817988038,7.62660929467529e-05,1.4977889577494352e-06,2889,
93,0.004508033394813538,6.530681275762618e-05,1.6340627553290688e-06,2899,
93,0.004047326277941465,5.0593804189702496e-05,1.66930965406209e-06,2909,
93,,,,2913,0.004243181552737951
94,0.004447700455784798,8.675343997310847e-05,1.8135128811991308e-06,2919,
94,0.0039772819727659225,6.027018025633879e-05,1.659347162785707e-06,2929,
94,0.0034181461669504642,5.373985550249927e-05,1.5235698356264038e-06,2939,
94,,,,2944,0.004242837894707918
95,0.0039005514699965715,6.813720392528921e-05,1.620663624635199e-06,2949,
95,0.004095394164323807,7.39362949389033e-05,1.7588923810762935e-06,2959,
95,0.004734068643301725,6.478895375039428e-05,1.971115352716879e-06,2969,
95,,,,2975,0.0042418744415044785
96,0.0038238016422837973,6.51426671538502e-05,1.6090584722405765e-06,2979,
96,0.004209789447486401,8.303667709697038e-05,1.6528261994608329e-06,2989,
96,0.0035422365181148052,6.611132266698405e-05,1.530138547423121e-06,2999,
96,,,,3006,0.004240179900079966
97,0.005053303204476833,7.888068648753688e-05,1.8977215177073958e-06,3009,
97,0.00333624635823071,7.397252920782194e-05,1.4380004813574487e-06,3019,
97,0.0035687992349267006,6.0076821682741866e-05,1.6455151126137935e-06,3029,
97,,,,3037,0.0042376467026770115
98,0.00539796706289053,8.105142478598282e-05,2.2691501726512797e-06,3039,
98,0.004429732449352741,5.524229709408246e-05,1.6628245020910981e-06,3049,
98,0.0038585623260587454,5.953370055067353e-05,1.5065597835928202e-06,3059,
98,,,,3068,0.004234206862747669
99,0.0033536418341100216,6.619262421736494e-05,1.6117886616484611e-06,3069,
99,0.0039016748778522015,5.813432653667405e-05,1.6300051584039466e-06,3079,
99,0.0036852816119790077,6.484278856078163e-05,1.6325387832694105e-06,3089,
99,0.002430815016850829,4.218524190946482e-05,1.6466351837607363e-08,3099,
99,,,,3099,0.004229843616485596
100,0.0037674764171242714,7.63770003686659e-05,1.8187455452789436e-06,3109,
100,0.0036995846312493086,7.330680818995461e-05,1.6619985672150506e-06,3119,
100,0.003067972371354699,5.482336928253062e-05,1.4023730727785733e-06,3129,
100,,,,3130,0.004224531818181276
101,0.0036151756066828966,8.010582678252831e-05,1.6210714193221065e-06,3139,
101,0.0038510544691234827,7.003699283814058e-05,1.774378006302868e-06,3149,
101,0.00438660429790616,5.8054814871866256e-05,1.9580750176828587e-06,3159,
101,,,,3161,0.0042183357290923595
102,0.004632838070392609,7.085012475727126e-05,1.775207806531398e-06,3169,
102,0.0038219038397073746,6.450672663049772e-05,1.6517878975719213e-06,3179,
102,0.002789544640108943,5.609869185718708e-05,1.2464976180126541e-06,3189,
102,,,,3192,0.004211395978927612
103,0.0035659312270581722,6.879318971186876e-05,1.5123214325285517e-06,3199,
103,0.004420538432896137,6.18091071373783e-05,1.6672773881509784e-06,3209,
103,0.00392311904579401,5.014014459447935e-05,1.6944604794844054e-06,3219,
103,,,,3223,0.004203745163977146
104,0.004321069456636906,8.32077712402679e-05,1.839641413425852e-06,3229,
104,0.0038899255450814962,6.0372472944436595e-05,1.686688278823567e-06,3239,
104,0.0033368850126862526,5.516815508599393e-05,1.555454105073295e-06,3249,
104,,,,3254,0.004195483401417732
105,0.0038291187956929207,6.88181899022311e-05,1.6482480305057834e-06,3259,
105,0.004029754549264908,7.460382767021656e-05,1.7827234159994987e-06,3269,
105,0.0046578459441661835,6.632570148212835e-05,2.024326704486157e-06,3279,
105,,,,3285,0.004186776001006365
106,0.0037703977432101965,6.721570389345288e-05,1.6394873227909557e-06,3289,
106,0.004153795074671507,7.77237000875175e-05,1.6920400867093122e-06,3299,
106,0.003446886083111167,6.430841312976554e-05,1.5318134956032736e-06,3309,
106,,,,3316,0.004177658353000879
107,0.004955060314387083,7.44412318454124e-05,1.935455429702415e-06,3319,
107,0.003244205377995968,6.758402014384046e-05,1.4479054470939445e-06,3329,
107,0.003493489231914282,5.67137794860173e-05,1.6639995692457887e-06,3339,
107,,,,3347,0.004168226849287748
108,0.005328917410224676,7.251963688759133e-05,2.325986542928149e-06,3349,
108,0.004378617741167545,5.4293032007990405e-05,1.7022937299771002e-06,3359,
108,0.0037566691171377897,5.6055752793326974e-05,1.5175270391409867e-06,3369,
108,,,,3378,0.00415845075622201
109,0.003289288142696023,6.3412866438739e-05,1.6423861097791814e-06,3379,
109,0.0038320268504321575,5.895584399695508e-05,1.6585256616963306e-06,3389,
109,0.0035872210282832384,6.45875625195913e-05,1.6502388007211266e-06,3399,
109,0.002028069691732526,4.903915032627992e-05,1.3836030987590675e-08,3409,
109,,,,3409,0.004148286767303944
110,0.0036559829022735357,7.566819112980738e-05,1.8288845922143082e-06,3419,
110,0.0035810028202831745,7.767837814753875e-05,1.6565298892601277e-06,3429,
110,0.0029787940438836813,5.572343434323557e-05,1.3974902230984299e-06,3439,
110,,,,3440,0.004137538839131594
111,0.003519341815263033,8.025353599805385e-05,1.635217927287158e-06,3449,
111,0.00377823319286108,7.265104068210348e-05,1.7949578250409104e-06,3459,
111,0.004275231156498194,5.938735557720065e-05,1.9726007849385496e-06,3469,
111,,,,3471,0.004125610925257206
112,0.0045429402962327,7.057019683998078e-05,1.8086597037836327e-06,3479,
112,0.0037436140701174736,6.315680366242304e-05,1.658849782870675e-06,3489,
112,0.002669635694473982,5.617308124783449e-05,1.2426122566466802e-06,3499,
112,,,,3502,0.0041117677465081215
113,0.003528173314407468,6.626672256970778e-05,1.5411724234581925e-06,3509,
113,0.0043202550150454044,5.996846084599383e-05,1.6899755337362876e-06,3519,
113,0.0037893259432166815,5.1781360525637865e-05,1.7178741700263345e-06,3529,
113,,,,3533,0.0040947566740214825
114,0.004247232340276241,8.584048191551119e-05,1.8621253730088938e-06,3539,
114,0.0037850404623895884,6.272907921811566e-05,1.7257403897019685e-06,3549,
114,0.003254585200920701,5.717804378946312e-05,1.5787405800438137e-06,3559,
114,,,,3564,0.0040732803754508495
115,0.0037061006296426058,7.215986988740042e-05,1.6598556840108358e-06,3569,
115,0.003931181039661169,7.406547229038551e-05,1.8118818161383388e-06,3579,
115,0.004524946212768555,7.087006088113412e-05,2.058801328530535e-06,3589,
115,,,,3595,0.004048255737870932
116,0.0033957951236516237,6.933604890946299e-05,1.5849767578401952e-06,3599,
116,0.003941732924431562,7.205115252872929e-05,1.7152395912489737e-06,3609,
116,0.0032930253073573112,7.015809387667105e-05,1.5125413028727053e-06,3619,
116,,,,3626,0.004025429952889681
117,0.004587285686284304,7.100744551280513e-05,1.891900751616049e-06,3629,
117,0.0030036121606826782,6.583794311154634e-05,1.4461962791756378e-06,3639,
117,0.0033988107461482286,6.750257307430729e-05,1.6709617511878605e-06,3649,
117,,,,3657,0.004022283013910055
118,0.00511948112398386,6.49480425636284e-05,2.3404752482747426e-06,3659,
118,0.004226286429911852,5.536308162845671e-05,1.7183813270094106e-06,3669,
118,0.0036737234331667423,5.7248311350122094e-05,1.5360271845565876e-06,3679,
118,,,,3688,0.004071818199008703
119,0.0032580180559307337,6.337164813885465e-05,1.6668246871631709e-06,3689,
119,0.0036587039940059185,5.041063923272304e-05,1.62525020641624e-06,3699,
119,0.0034541285131126642,4.6315697545651346e-05,1.6664969280100195e-06,3709,
119,0.0013898771721869707,4.637362508219667e-05,1.0126607108418284e-08,3719,
119,,,,3719,0.004127656575292349
120,0.003475470468401909,5.8790908951777965e-05,1.772745690686861e-06,3729,
120,0.0035443445667624474,5.452971163322218e-05,1.6806856137918658e-06,3739,
120,0.002828067634254694,4.9309241148876026e-05,1.3847362652086304e-06,3749,
120,,,,3750,0.004134118091315031
121,0.00317420344799757,6.36808035778813e-05,1.5548116607533302e-06,3759,
121,0.003725398099049926,5.9937821788480505e-05,1.8035431139651337e-06,3769,
121,0.00415909755975008,5.622036042041145e-05,1.973322696358082e-06,3779,
121,,,,3781,0.004109598230570555
122,0.004358271136879921,6.293795013334602e-05,1.8005304127655108e-06,3789,
122,0.0034930603578686714,6.154859875096008e-05,1.6443382264696993e-06,3799,
122,0.0026157554239034653,6.002741793054156e-05,1.2515654361777706e-06,3809,
122,,,,3812,0.004088791087269783
123,0.003495558397844434,5.831057205796242e-05,1.5731192206658307e-06,3819,
123,0.004148853477090597,5.576329567702487e-05,1.6579328985244501e-06,3829,
123,0.0037401283625513315,5.784650056739338e-05,1.7666656049186713e-06,3839,
123,,,,3843,0.004084680695086718
124,0.004483822267502546,7.474597077816725e-05,1.984299160540104e-06,3849,
124,0.0036765243858098984,5.175337355467491e-05,1.7479827647548518e-06,3859,
124,0.0031572231091558933,5.204022818361409e-05,1.5977982457116013e-06,3869,
124,,,,3874,0.004076953046023846
125,0.0036009890027344227,5.466919901664369e-05,1.658374799262674e-06,3879,
125,0.003950787242501974,5.793562741018832e-05,1.850271587500174e-06,3889,
125,0.004414585884660482,5.314919326337986e-05,2.077472572636907e-06,3899,
125,,,,3905,0.004058954771608114
126,0.003315854351967573,5.579854405368678e-05,1.6503213373653125e-06,3909,
126,0.0037597082555294037,5.4816810006741434e-05,1.736227432047599e-06,3919,
126,0.003241641214117408,5.62412133149337e-05,1.5207485830615042e-06,3929,
126,,,,3936,0.0040368917398154736
127,0.004516178276389837,5.86315400141757e-05,1.9399428765609628e-06,3939,
127,0.0028556587640196085,5.615229019895196e-05,1.4689953786728438e-06,3949,
127,0.0033635804429650307,6.463311001425609e-05,1.7040214288499556e-06,3959,
127,,,,3967,0.004015791695564985
128,0.005187697242945433,5.9482681535882875e-05,2.4411160666204523e-06,3969,
128,0.0041030156426131725,5.104704905534163e-05,1.7510722045699367e-06,3979,
128,0.003556004725396633,5.586942643276416e-05,1.544124415886472e-06,3989,
128,,,,3998,0.003992551472038031
129,0.003208156442269683,6.009874050505459e-05,1.7043352045220672e-06,3999,
129,0.0035668041091412306,4.800518217962235e-05,1.6490361076648696e-06,4009,
129,0.0033619629684835672,4.5411736209644005e-05,1.6800445337139536e-06,4019,
129,0.0012250605504959822,4.778751826961525e-05,9.009304413609698e-09,4029,
129,,,,4029,0.003955039195716381
130,0.0033745747059583664,5.574320675805211e-05,1.771890538293519e-06,4039,
130,0.0034180202055722475,4.990332672605291e-05,1.6827664239826845e-06,4049,
130,0.0027781683020293713,4.9264461267739534e-05,1.395153844896413e-06,4059,
130,,,,4060,0.0038655323442071676
131,0.003109638812020421,5.857135329279117e-05,1.571138000144856e-06,4069,
131,0.0036280949134379625,4.695386451203376e-05,1.8207190350949531e-06,4079,
131,0.004084087908267975,5.465169670060277e-05,2.0091918031539535e-06,4089,
131,,,,4091,0.003731546690687537
132,0.0043106684461236,6.195598689373583e-05,1.8592104424897116e-06,4099,
132,0.003479565028101206,4.7103192628128454e-05,1.6996057183860103e-06,4109,
132,0.002513105981051922,5.276925730868243e-05,1.2689764616879984e-06,4119,
132,,,,4122,0.0036838436499238014
133,0.0031407070346176624,5.7023135013878345e-05,1.5290679584722966e-06,4129,
133,0.004037106409668922,4.776746573043056e-05,1.6978448229565402e-06,4139,
133,0.0037081209011375904,5.082047573523596e-05,1.847116436692886e-06,4149,
133,,,,4153,0.0037667984142899513
134,0.004084067419171333,6.080370440031402e-05,1.9556571260181954e-06,4159,
134,0.003540965262800455,4.847614764003083e-05,1.7603088053874671e-06,4169,
134,0.0031582657247781754,4.916642137686722e-05,1.6485182641190477e-06,4179,
134,,,,4184,0.003726758761331439
135,0.0036314455792307854,5.042038901592605e-05,1.7163476968562463e-06,4189,
135,0.0037090161349624395,5.1057839300483465e-05,1.8591531443234999e-06,4199,
135,0.0043604676611721516,5.1349925342947245e-05,2.1404971448646393e-06,4209,
135,,,,4215,0.0036888381000608206
136,0.002850601216778159,5.452439654618502e-05,1.5387971643576748e-06,4219,
136,0.0038496823981404305,4.329187504481524e-05,1.799712322281266e-06,4229,
136,0.0031316312961280346,4.9797683459473774e-05,1.5185679558271659e-06,4239,
136,,,,4246,0.003684776369482279
137,0.003973023500293493,5.0865764933405444e-05,1.8155761836169404e-06,4249,
137,0.002741236938163638,4.495985558605753e-05,1.4798324627918191e-06,4259,
137,0.003217577002942562,5.395411790232174e-05,1.7007242831823532e-06,4269,
137,,,,4277,0.003696172498166561
138,0.004811687860637903,4.960002479492687e-05,2.476763029335416e-06,4279,
138,0.003980325534939766,4.959991201758385e-05,1.770687504176749e-06,4289,
138,0.0034110427368432283,4.7796009312151e-05,1.5600988945152494e-06,4299,
138,,,,4308,0.0036794659681618214
139,0.002970050787553191,5.0287020712858066e-05,1.6724245597288245e-06,4309,
139,0.0036731387954205275,5.3245526942191646e-05,1.7292486518272199e-06,4319,
139,0.003285196842625737,4.300892396713607e-05,1.7603164224055945e-06,4329,
139,0.0007987492717802525,4.015154263470322e-05,7.203894814011846e-09,4339,
139,,,,4339,0.003664347343146801
140,0.0032729546073824167,4.820488902623765e-05,1.8041083649222855e-06,4349,
140,0.0033441809937357903,4.9156446038978174e-05,1.739195568006835e-06,4359,
140,0.0027103815227746964,4.4443026126828045e-05,1.3972301076137228e-06,4369,
140,,,,4370,0.003657678375020623
141,0.003017204347997904,4.840225665247999e-05,1.5937805528665194e-06,4379,
141,0.003521095961332321,4.2026673327200115e-05,1.8263068568558083e-06,4389,
141,0.003957934677600861,5.0746264605550095e-05,2.0205472992529394e-06,4399,
141,,,,4401,0.003649872960522771
142,0.004443524405360222,6.237589695956558e-05,1.984154550882522e-06,4409,
142,0.0034116681199520826,4.556397834676318e-05,1.7139142300948151e-06,4419,
142,0.0024429336190223694,5.031146793044172e-05,1.279637785955856e-06,4429,
142,,,,4432,0.003640666836872697
143,0.0030951520893722773,5.6995078921318054e-05,1.5560141264359117e-06,4439,
143,0.0040003894828259945,4.60058799944818e-05,1.7185708429678925e-06,4449,
143,0.0035419457126408815,4.951513255946338e-05,1.8392977381154196e-06,4459,
143,,,,4463,0.0036317177582532167
144,0.0038580854889005423,5.756351674790494e-05,1.9320534647704335e-06,4469,
144,0.0034606431145220995,4.692405491368845e-05,1.7755212411429966e-06,4479,
144,0.0030245205853134394,4.664993321057409e-05,1.658160385886731e-06,4489,
144,,,,4494,0.003623116994276643
145,0.0035641517024487257,4.816217187908478e-05,1.7322124676866224e-06,4499,
145,0.003621622920036316,4.829429599340074e-05,1.8972323232446797e-06,4509,
145,0.004340821411460638,5.0507191190263256e-05,2.217073642896139e-06,4519,
145,,,,4525,0.003614663379266858
146,0.0028099704068154097,5.2260231313994154e-05,1.5565276498819003e-06,4529,
146,0.0037896563299000263,4.379331585369073e-05,1.847118483055965e-06,4539,
146,0.003081834176555276,5.022434561396949e-05,1.5318396435759496e-06,4549,
146,,,,4556,0.0036061524879187346
147,0.0038501136004924774,4.7984063712647185e-05,1.8360132116868044e-06,4559,
147,0.002728137420490384,4.480955976760015e-05,1.5306900422729086e-06,4569,
147,0.0031798984855413437,5.404831244959496e-05,1.7284929754168843e-06,4579,
147,,,,4587,0.003597705392166972
148,0.004671073518693447,4.6181954530766234e-05,2.5693495899759e-06,4589,
148,0.0038518148940056562,4.3888263462577015e-05,1.7748479876900092e-06,4599,
148,0.0033259359188377857,4.816201908397488e-05,1.5528460153291235e-06,4609,
148,,,,4618,0.0035891083534806967
149,0.002873690566048026,4.846114825340919e-05,1.680909690549015e-06,4619,
149,0.0036974535323679447,5.256466829450801e-05,1.7822003428591415e-06,4629,
149,0.003202117281034589,4.3393119995016605e-05,1.7653799204708776e-06,4639,
149,0.0006763241835869849,3.621934592956677e-05,6.014665210329895e-09,4649,
149,,,,4649,0.003580333897843957
150,0.0032687620259821415,5.067858364782296e-05,1.8484896600057255e-06,4659,
150,0.0033310202416032553,5.050998879596591e-05,1.7923958921528538e-06,4669,
150,0.002672965405508876,4.40230178355705e-05,1.3917231171944877e-06,4679,
150,,,,4680,0.0035713340621441603
151,0.0029111807234585285,4.5748565753456205e-05,1.5939937156872475e-06,4689,
151,0.0034738925751298666,4.25941361754667e-05,1.8323754602533882e-06,4699,
151,0.003911095671355724,5.055788278696127e-05,2.0445172594918404e-06,4709,
151,,,,4711,0.003562147496268153
152,0.0044891322031617165,5.9597463405225426e-05,2.088815335810068e-06,4719,
152,0.003293882356956601,4.554885163088329e-05,1.7034449228958692e-06,4729,
152,0.0023531182669103146,4.9797381507232785e-05,1.2644364915104234e-06,4739,
152,,,,4742,0.00355286942794919
153,0.00308156362734735,5.658704321831465e-05,1.6042008610384073e-06,4749,
153,0.0039613088592886925,4.755357440444641e-05,1.7367706277582329e-06,4759,
153,0.0034503282513469458,5.028675150242634e-05,1.8531702608015621e-06,4769,
153,,,,4773,0.0035437585320323706
154,0.0037932987324893475,5.864506965735927e-05,1.991478939089575e-06,4779,
154,0.003381572663784027,4.936544792144559e-05,1.757111249389709e-06,4789,
154,0.002947770757600665,4.781665847986005e-05,1.6629840047244215e-06,4799,
154,,,,4804,0.003535111201927066
155,0.0034788725897669792,4.733130117529072e-05,1.7472824538344867e-06,4809,
155,0.003532026195898652,4.948776404489763e-05,1.9034811202800483e-06,4819,
155,0.004317565821111202,5.2238578064134344e-05,2.2836943571746815e-06,4829,
155,,,,4835,0.003527265740558505
156,0.0028468952514231205,5.020661774324253e-05,1.604120143383625e-06,4839,
156,0.0036529959179461002,4.445970625965856e-05,1.8520303228797275e-06,4849,
156,0.0030232234857976437,5.031986074754968e-05,1.527967242509476e-06,4859,
156,,,,4866,0.003520347410812974
157,0.003734206547960639,4.81337119708769e-05,1.8239712744616554e-06,4869,
157,0.002710494911298156,4.778518996317871e-05,1.576790054969024e-06,4879,
157,0.003107166150584817,5.4224070481723174e-05,1.709398020466324e-06,4889,
157,,,,4897,0.0035141806583851576
158,0.0044487654231488705,4.70548911835067e-05,2.5774893401830923e-06,4899,
158,0.003790315007790923,4.5246979425428435e-05,1.7929032765096053e-06,4909,
158,0.0032495197374373674,4.980866287951358e-05,1.5285006611520657e-06,4919,
158,,,,4928,0.003508687485009432
159,0.0027698713820427656,4.9551566917216405e-05,1.6818680705910083e-06,4929,
159,0.00357758323661983,5.108864206704311e-05,1.788902068255993e-06,4939,
159,0.0031140539795160294,4.6633304009446874e-05,1.7349548215861432e-06,4949,
159,0.00057290552649647,3.205173561582342e-05,4.426599087281602e-09,4959,
159,,,,4959,0.0035041996743530035
160,0.003286957275122404,5.231245813774876e-05,1.899029484775383e-06,4969,
160,0.0033020302653312683,5.375369801186025e-05,1.8354452322455472e-06,4979,
160,0.002615247620269656,4.428183092386462e-05,1.369285314467561e-06,4989,
160,,,,4990,0.0035009474959224463
161,0.002820909721776843,4.6160748752299696e-05,1.5648312228222494e-06,4999,
161,0.0034088410902768373,4.8162477469304577e-05,1.8098958207701799e-06,5009,
161,0.0038578861858695745,5.0918777560582384e-05,2.0486838820943376e-06,5019,
161,,,,5021,0.003498784266412258
162,0.004547512624412775,5.9260870330035686e-05,2.197846242779633e-06,5029,
162,0.0031802530866116285,4.8146255721803755e-05,1.6681754004821414e-06,5039,
162,0.002280875574797392,4.927082409267314e-05,1.245059365828638e-06,5049,
162,,,,5052,0.0034973525907844305
163,0.0030595180578529835,5.3828436648473144e-05,1.6387461982958484e-06,5059,
163,0.0039196801371872425,4.7654390073148534e-05,1.763738850968366e-06,5069,
163,0.003349135397002101,5.0510258006397635e-05,1.8250872244607308e-06,5079,
163,,,,5083,0.003496245015412569
164,0.0037726624868810177,6.119662430137396e-05,2.038415004790295e-06,5089,
164,0.0033183195628225803,5.044866702519357e-05,1.740714765219309e-06,5099,
164,0.002877945313230157,4.9116555601358414e-05,1.64295352078625e-06,5109,
164,,,,5114,0.003495172830298543
165,0.0034150953870266676,4.714481110568158e-05,1.7763873074727599e-06,5119,
165,0.003456196980550885,5.246487489785068e-05,1.8962368812935892e-06,5129,
165,0.004295361693948507,5.3083796956343576e-05,2.3354714357992634e-06,5139,
165,,,,5145,0.003493997035548091
166,0.0028896103613078594,4.8035275540314615e-05,1.636119691283966e-06,5149,
166,0.0035027675330638885,4.570136297843419e-05,1.829703933253768e-06,5159,
166,0.002967406529933214,4.892398283118382e-05,1.5157174857449718e-06,5169,
166,,,,5176,0.0034926896914839745
167,0.0036903610453009605,4.8249577957903966e-05,1.8300137298865593e-06,5179,
167,0.0026119237300008535,4.7848228859947994e-05,1.5799017774043023e-06,5189,
167,0.0030300533398985863,5.302228601067327e-05,1.6807977090138593e-06,5199,
167,,,,5207,0.003491265932098031
168,0.004314356483519077,4.591736797010526e-05,2.576989118097117e-06,5209,
168,0.0036958518903702497,4.471779175219126e-05,1.7753329757397296e-06,5219,
168,0.0032039317302405834,4.7876525059109554e-05,1.5283574157365365e-06,5229,
168,,,,5238,0.003489720867946744
169,0.00273316353559494,4.808485391549766e-05,1.7088682398025412e-06,5239,
169,0.0035184805747121572,4.934171010972932e-05,1.8597258986119414e-06,5249,
169,0.00304336566478014,4.689186971518211e-05,1.717186250971281e-06,5259,
169,0.000512393715325743,2.702009260246996e-05,3.6099045974680166e-09,5269,
169,,,,5269,0.0034880226012319326
170,0.0030940561555325985,4.885028101853095e-05,1.8329291151530924e-06,5279,
170,0.003285370534285903,5.3457955800695345e-05,1.8982475467055338e-06,5289,
170,0.0025448608212172985,4.2898114770650864e-05,1.3482525673680357e-06,5299,
170,,,,5300,0.003486079163849354
171,0.00276688439771533,4.77533285447862e-05,1.5696899708927958e-06,5309,
171,0.0033487144391983747,4.956533666700125e-05,1.8120024378731614e-06,5319,
171,0.003755540819838643,4.9701800890034065e-05,2.036213800238329e-06,5329,
171,,,,5331,0.0034837997518479824
172,0.004443050362169743,5.8618821640266106e-05,2.168138962588273e-06,5339,
172,0.0031317188404500484,4.956019620294683e-05,1.6673844811521121e-06,5349,
172,0.0022548700217157602,4.764183177030645e-05,1.2543840739454026e-06,5359,
172,,,,5362,0.003481101943179965
173,0.0030067753978073597,5.1251543482067063e-05,1.6248698102572234e-06,5369,
173,0.0038932778406888247,4.6381497668335214e-05,1.788730969565222e-06,5379,
173,0.003281981684267521,4.8654983402229846e-05,1.8275428601555177e-06,5389,
173,,,,5393,0.003477972699329257
174,0.003727519419044256,6.195183232193813e-05,2.059963662759401e-06,5399,
174,0.003269009757786989,4.830191028304398e-05,1.753923015712644e-06,5409,
174,0.0028405531775206327,4.747625280288048e-05,1.631242412258871e-06,5419,
174,,,,5424,0.0034744632430374622
175,0.0033712354488670826,4.603077832143754e-05,1.7872213220471167e-06,5429,
175,0.003376407315954566,5.278909156913869e-05,1.9128044641547604e-06,5439,
175,0.0042442758567631245,5.111409700475633e-05,2.357225184823619e-06,5449,
175,,,,5455,0.003470693714916706
176,0.0028679154347628355,4.485692625166848e-05,1.623338562239951e-06,5459,
176,0.003432155353948474,4.5951910578878596e-05,1.8337643723498331e-06,5469,
176,0.002924639265984297,4.565131530398503e-05,1.5196847016341053e-06,5479,
176,,,,5486,0.0034667938016355038
177,0.0036435204092413187,4.70915183541365e-05,1.8408293271932052e-06,5489,
177,0.0025442647747695446,4.692923539550975e-05,1.5857473272262723e-06,5499,
177,0.0029668044298887253,4.947172783431597e-05,1.6759485106376815e-06,5509,
177,,,,5517,0.003462871303781867
178,0.004244296811521053,4.506513869273476e-05,2.6064458324981388e-06,5519,
178,0.0036174096167087555,4.3285104766255245e-05,1.7836385950431577e-06,5529,
178,0.0031697875820100307,4.424105281941593e-05,1.539534196126624e-06,5539,
178,,,,5548,0.0034589809365570545
179,0.0027071069926023483,4.570076271193102e-05,1.7342561022815062e-06,5549,
179,0.003535559866577387,4.781718962476589e-05,1.961565430974588e-06,5559,
179,0.0029928600415587425,4.479355993680656e-05,1.7224880366484285e-06,5569,
179,0.0004939818172715604,2.3667547793593258e-05,3.3804872234810546e-09,5579,
179,,,,5579,0.0034551399294286966
180,0.0029260737355798483,4.5513883378589526e-05,1.7870062265501474e-06,5589,
180,0.003276462433859706,5.055315705249086e-05,1.9453111690381775e-06,5599,
180,0.0024776088539510965,4.103106402908452e-05,1.3399770750766038e-06,5609,
180,,,,5610,0.0034513522405177355
181,0.0027377621736377478,4.9818521802080795e-05,1.5899937579888501e-06,5619,
181,0.003299480304121971,4.913837983622216e-05,1.8251944311487023e-06,5629,
181,0.0036726652178913355,4.8127818445209414e-05,2.0389113615237875e-06,5639,
181,,,,5641,0.003447609953582287
182,0.004303646273910999,5.7951478083850816e-05,2.1176967948122183e-06,5649,
182,0.003124518785625696,4.952730523655191e-05,1.6849148778419476e-06,5659,
182,0.0022136543411761522,4.479239214560948e-05,1.2553467740872293e-06,5669,
182,,,,5672,0.003443944500759244
183,0.0029592011123895645,4.9058373406296596e-05,1.6152185935425223e-06,5679,
183,0.0038867830298841,4.488092599785887e-05,1.8381850850346382e-06,5689,
183,0.0032241682056337595,4.625013025361113e-05,1.8287701095687225e-06,5699,
183,,,,5703,0.0034404173493385315
184,0.0036242110654711723,6.17154291830957e-05,2.0540419427561574e-06,5709,
184,0.0032417699694633484,4.552665268420242e-05,1.789783368622011e-06,5719,
184,0.0027670313138514757,4.4010190322296694e-05,1.6188960216823034e-06,5729,
184,,,,5734,0.0034371435176581144
185,0.003321634605526924,4.503753734752536e-05,1.7908814697875641e-06,5739,
185,0.0033024766016751528,5.1933671784354374e-05,1.9223543858970515e-06,5749,
185,0.0042247832752764225,4.868265023105778e-05,2.4016226234380156e-06,5759,
185,,,,5765,0.003434393322095275
186,0.002824766794219613,4.2406045395182446e-05,1.6150595456565497e-06,5769,
186,0.003406497184187174,4.583464760798961e-05,1.8453318944011698e-06,5779,
186,0.0028713950887322426,4.2581810703268275e-05,1.512134645054175e-06,5789,
186,,,,5796,0.0034328652545809746
187,0.0036180412862449884,4.6670753363287076e-05,1.8656820657270146e-06,5799,
187,0.0024710497818887234,4.5568674977403134e-05,1.5787991287652403e-06,5809,
187,0.002962096594274044,4.713244561571628e-05,1.6924691408348735e-06,5819,
187,,,,5827,0.003434553509578109
188,0.004189433995634317,4.4547614379553124e-05,2.642241270223167e-06,5829,
188,0.0035990492906421423,4.4466916733654216e-05,1.8481912320567062e-06,5839,
188,0.0031410534866154194,4.132260073674843e-05,1.573490294504154e-06,5849,
188,,,,5858,0.0034461261238902807
189,0.00268372124992311,4.367398651083931e-05,1.7524545228297939e-06,5859,
189,0.0035355291329324245,4.6418197598541155e-05,2.0116301584494067e-06,5869,
189,0.003046847879886627,4.1735514969332144e-05,1.8044278249362833e-06,5879,
189,0.0005203498294577003,2.1394831492216326e-05,3.5109108953434998e-09,5889,
189,,,,5889,0.0034893574193120003
190,0.0027821031399071217,4.528972567641176e-05,1.7326989336652332e-06,5899,
190,0.003209600457921624,4.9502308684168383e-05,1.957544782271725e-06,5909,
190,0.0025422971230000257,4.046647882205434e-05,1.360055875920807e-06,5919,
190,,,,5920,0.0035582343116402626
191,0.0028648923616856337,5.704234354197979e-05,1.648922875574499e-06,5929,
191,0.003394288243725896,5.184603651287034e-05,1.9173105556546943e-06,5939,
191,0.003621145151555538,4.699389319284819e-05,2.07677135222184e-06,5949,
191,,,,5951,0.00391642889007926
192,0.004397766664624214,5.959135160082951e-05,2.0925942862959346e-06,5959,
192,0.003276839619502425,4.817148874280974e-05,1.8440860003465787e-06,5969,
192,0.002244309289380908,4.802834882866591e-05,1.3047692846157588e-06,5979,
192,,,,5982,0.0033381618559360504
193,0.0029058116488158703,4.7612669732188806e-05,1.6009051932996954e-06,5989,
193,0.003858101787045598,4.475398964132182e-05,1.9161846012138994e-06,5999,
193,0.0032048383727669716,4.324571636971086e-05,1.8789165778798633e-06,6009,
193,,,,6013,0.003329946892336011
194,0.003348839934915304,5.051596599514596e-05,1.931423867063131e-06,6019,
194,0.0031697063241153955,4.312952660256997e-05,1.789121370165958e-06,6029,
194,0.002798698376864195,4.107648419449106e-05,1.6379702856283984e-06,6039,
194,,,,6044,0.0033587259240448475
195,0.0033871186897158623,4.047099719173275e-05,1.742550807648513e-06,6049,
195,0.0035587192978709936,5.0285972974961624e-05,2.0038598904648097e-06,6059,
195,0.004167864564806223,4.7334520786534995e-05,2.414091568425647e-06,6069,
195,,,,6075,0.003378313034772873
196,0.0025684197898954153,3.627306068665348e-05,1.5132301314224605e-06,6079,
196,0.003366590477526188,3.9745817048242316e-05,1.8591814523460926e-06,6089,
196,0.002855292521417141,3.970434045186266e-05,1.5198155551843229e-06,6099,
196,,,,6106,0.0033767118584364653
197,0.0035978383384644985,3.7602498196065426e-05,1.913677351694787e-06,6109,
197,0.0025167418643832207,4.237299071974121e-05,1.613224185348372e-06,6119,
197,0.0029062218964099884,4.2978484998457134e-05,1.7464800521338475e-06,6129,
197,,,,6137,0.0033703441731631756
198,0.004239169880747795,4.183834244031459e-05,2.640524826347246e-06,6139,
198,0.003583020530641079,3.974301216658205e-05,1.8731988120634924e-06,6149,
198,0.0031990264542400837,3.7215559132164344e-05,1.6685928585502552e-06,6159,
198,,,,6168,0.003367824712768197
199,0.0026790688280016184,4.114921830478124e-05,1.769597133716161e-06,6169,
199,0.003429025411605835,3.990467666881159e-05,1.9061413922827342e-06,6179,
199,0.0029192622750997543,4.080230064573698e-05,1.7324124428341747e-06,6189,
199,0.0004761660529766232,2.0414736354723573e-05,4.3831502871682915e-09,6199,
199,,,,6199,0.0033690095879137516
200,0.002780748065561056,4.4822572817793116e-05,1.7227590660695569e-06,6209,
200,0.0032327217049896717,5.06543910887558e-05,1.9585818336054217e-06,6219,
200,0.0024470107164233923,3.952974293497391e-05,1.3484942655850318e-06,6229,
200,,,,6230,0.0033702056389302015
201,0.0026339483447372913,4.4330983655527234e-05,1.60876140853361e-06,6239,
201,0.0032112000044435263,4.294067184673622e-05,1.8414280020806473e-06,6249,
201,0.003575481940060854,4.345774868852459e-05,2.08178062166553e-06,6259,
201,,,,6261,0.0033698941115289927
202,0.004000888671725988,4.305230686441064e-05,2.006647719099419e-06,6269,
202,0.003033858258277178,4.180585528956726e-05,1.8022633412329014e-06,6279,
202,0.00227415282279253,4.1985407733591273e-05,1.32504328576033e-06,6289,
202,,,,6292,0.0033681700006127357
203,0.0028619368094950914,4.427199382917024e-05,1.5836222928555799e-06,6299,
203,0.003929197788238525,4.267663098289631e-05,1.970543280549464e-06,6309,
203,0.00319243548437953,4.295555845601484e-05,1.8937481627290254e-06,6319,
203,,,,6323,0.003366099437698722
204,0.0032817604951560497,4.625231304089539e-05,1.9307208276586607e-06,6329,
204,0.003140357555821538,4.140988312428817e-05,1.7874706372822402e-06,6339,
204,0.002775354078039527,4.0098060708260164e-05,1.6402669871240505e-06,6349,
204,,,,6354,0.003364451229572296
205,0.003360241651535034,3.859095522784628e-05,1.7535684264657903e-06,6359,
205,0.0034387451596558094,4.86211029055994e-05,1.9721667285921285e-06,6369,
205,0.004146141465753317,4.604953937814571e-05,2.4248408863059012e-06,6379,
205,,,,6385,0.0033632703125476837
206,0.0025476685259491205,3.384927549632266e-05,1.5183397863438586e-06,6389,
206,0.0033277911134064198,3.9545786421513185e-05,1.8447796037435182e-06,6399,
206,0.0028170912992209196,3.838519842247479e-05,1.512152266514022e-06,6409,
206,,,,6416,0.003362201154232025
207,0.0035670811776071787,3.539986937539652e-05,1.924134267028421e-06,6419,
207,0.0024545800406485796,4.131778041482903e-05,1.6001716858227155e-06,6429,
207,0.0028773401863873005,4.168107625446282e-05,1.7450789755457663e-06,6439,
207,,,,6447,0.0033609545789659023
208,0.004166111350059509,4.0094029827741906e-05,2.629848040669458e-06,6449,
208,0.0035237534902989864,3.829615525319241e-05,1.8590340005175676e-06,6459,
208,0.0031638508662581444,3.604425000958145e-05,1.6551985027035698e-06,6469,
208,,,,6478,0.0033594707492738962
209,0.0026765288785099983,3.9632112020626664e-05,1.7847818298832863e-06,6479,
209,0.0034211138263344765,3.86880237783771e-05,1.9143697045365116e-06,6489,
209,0.0028851910028606653,3.936363646062091e-05,1.7231421907126787e-06,6499,
209,0.000455248897196725,2.1041876607341692e-05,4.3299595020585e-09,6509,
209,,,,6509,0.003357858397066593
210,0.0027142667677253485,4.293532037991099e-05,1.7116927892857348e-06,6519,
210,0.0031794877722859383,4.8594516556477174e-05,1.9429494386713486e-06,6529,
210,0.002395134186372161,3.8744710764149204e-05,1.3396096392170875e-06,6539,
210,,,,6540,0.0033562558237463236
211,0.002590272342786193,4.249027188052423e-05,1.6073870483523933e-06,6549,
211,0.0031818586867302656,4.219614856992848e-05,1.835384068726853e-06,6559,
211,0.003545071929693222,4.161259494139813e-05,2.0820343706873246e-06,6569,
211,,,,6571,0.0033547228667885065
212,0.003971776459366083,4.100667138118297e-05,2.0049785689479904e-06,6579,
212,0.0029828925617039204,4.031265780213289e-05,1.7774664229364134e-06,6589,
212,0.002248546341434121,4.034081212012097e-05,1.321145305155369e-06,6599,
212,,,,6602,0.0033532220404595137
213,0.0028175413608551025,4.17557566834148e-05,1.567230242471851e-06,6609,
213,0.0038963397964835167,4.10574721172452e-05,1.9677909222082235e-06,6619,
213,0.00315486965700984,4.162372715654783e-05,1.8871965039579663e-06,6629,
213,,,,6633,0.0033516953699290752
214,0.00322791188955307,4.3631553126033396e-05,1.920695694934693e-06,6639,
214,0.0031076816376298666,3.986696538049728e-05,1.7846298305812525e-06,6649,
214,0.0027575448621064425,3.8392579881474376e-05,1.6418932773376582e-06,6659,
214,,,,6664,0.0033501137513667345
215,0.0033262905199080706,3.705514609464444e-05,1.7536688119434984e-06,6669,
215,0.0033650798723101616,4.69526021333877e-05,1.955640982487239e-06,6679,
215,0.004109072964638472,4.395221185404807e-05,2.419028533040546e-06,6689,
215,,,,6695,0.0033484676387161016
216,0.0025229505263268948,3.180759813403711e-05,1.5142441043280996e-06,6699,
216,0.003297514282166958,3.8763686461606994e-05,1.8381382460574969e-06,6709,
216,0.00278441421687603,3.68713190255221e-05,1.507146293988626e-06,6719,
216,,,,6726,0.003346787067130208
217,0.0035408069379627705,3.390079291420989e-05,1.9271872133685974e-06,6729,
217,0.0024014452937990427,4.012877252534963e-05,1.5878600834184908e-06,6739,
217,0.002845624228939414,4.00497556256596e-05,1.7441745967516908e-06,6749,
217,,,,6757,0.00334508647210896
218,0.004114718642085791,3.856486364384182e-05,2.6226582576782675e-06,6759,
218,0.0034735656809061766,3.6961526348022744e-05,1.8454738892614841e-06,6769,
218,0.003122776746749878,3.4490622056182474e-05,1.638984485907713e-06,6779,
218,,,,6788,0.0033433709759265184
219,0.002665833570063114,3.792980714933947e-05,1.7947465948964236e-06,6789,
219,0.003406681353226304,3.713509067893028e-05,1.916191649797838e-06,6799,
219,0.0028579055797308683,3.776199810090475e-05,1.7179816040879814e-06,6809,
219,0.0004387926310300827,2.1825126168550923e-05,4.296031974604375e-09,6819,
219,,,,6819,0.003341618226841092
220,0.0026560192927718163,4.087662819074467e-05,1.702254621704924e-06,6829,
220,0.0031331118661910295,4.634200377040543e-05,1.932499571921653e-06,6839,
220,0.0023491911124438047,3.797039607889019e-05,1.3342141755856574e-06,6849,
220,,,,6850,0.0033398361410945654
221,0.002554565668106079,4.074294338352047e-05,1.6050917110987939e-06,6859,
221,0.0031543823424726725,4.094457472092472e-05,1.8293806078872876e-06,6869,
221,0.0035186773166060448,3.9875085349194705e-05,2.0856950868619606e-06,6879,
221,,,,6881,0.003338006092235446
222,0.003942742478102446,3.899336661561392e-05,1.997835397560266e-06,6889,
222,0.0029381890781223774,3.8729049265384674e-05,1.750263095345872e-06,6899,
222,0.00222302065230906,3.866968836518936e-05,1.3182218481233576e-06,6909,
222,,,,6912,0.0033361364621669054
223,0.0027753212489187717,3.939985981560312e-05,1.5524493619523128e-06,6919,
223,0.0038665630854666233,3.9434595237253234e-05,1.965187720998074e-06,6929,
223,0.003122031921520829,4.0218783396994695e-05,1.8828283145921887e-06,6939,
223,,,,6943,0.00333422957919538
224,0.0031856705900281668,4.1429168049944565e-05,1.9121971490676515e-06,6949,
224,0.003080748487263918,3.849618951790035e-05,1.7832710454968037e-06,6959,
224,0.002744874684140086,3.674680192489177e-05,1.6429651168436976e-06,6969,
224,,,,6974,0.0033322933595627546
225,0.0032965242862701416,3.57269927917514e-05,1.7499737623438705e-06,6979,
225,0.003306260099634528,4.519126741797663e-05,1.9405101738811936e-06,6989,
225,0.0040696365758776665,4.178126619081013e-05,2.4037146886257688e-06,6999,
225,,,,7005,0.003330318024381995
226,0.002499630441889167,3.0144421543809585e-05,1.5062529428178095e-06,7009,
226,0.00327126681804657,3.766806185012683e-05,1.8311779967916664e-06,7019,
226,0.002756917616352439,3.530232788762078e-05,1.5027288782221149e-06,7029,
226,,,,7036,0.003328310791403055
227,0.003515756456181407,3.2623702281853184e-05,1.9230185444030212e-06,7039,
227,0.0023554638028144836,3.8884310924913734e-05,1.5740490653115558e-06,7049,
227,0.002819384913891554,3.855097384075634e-05,1.7425845726393163e-06,7059,
227,,,,7067,0.0033262758515775204
228,0.004071430768817663,3.715116690727882e-05,2.6108948532055365e-06,7069,
228,0.00343008479103446,3.571956040104851e-05,1.8291638070877525e-06,7079,
228,0.003086621640250087,3.320551331853494e-05,1.6231332438110257e-06,7089,
228,,,,7098,0.0033242127392441034
229,0.0026517247315496206,3.625826138886623e-05,1.799453457351774e-06,7099,
229,0.003389353398233652,3.5507178836269304e-05,1.9104700186289847e-06,7109,
229,0.0028340446297079325,3.641465082182549e-05,1.7119497215389856e-06,7119,
229,0.0004245831223670393,2.2149766664369963e-05,4.234422590343456e-09,7129,
229,,,,7129,0.0033221240155398846
230,0.002608035458251834,3.892905078828335e-05,1.6924853980526677e-06,7139,
230,0.0030970871448516846,4.437896132003516e-05,1.9251253888796782e-06,7149,
230,0.002308174502104521,3.712664693011902e-05,1.3291180493979482e-06,7159,
230,,,,7160,0.0033200110774487257
231,0.0025229956954717636,3.9118465792853385e-05,1.5986412336133071e-06,7169,
231,0.0031274871435016394,3.944287891499698e-05,1.82005305759958e-06,7179,
231,0.003495756071060896,3.845520768663846e-05,2.0878194391116267e-06,7189,
231,,,,7191,0.00331786647439003
232,0.003915414214134216,3.699488297570497e-05,1.983336233024602e-06,7199,
232,0.0029002425726503134,3.723221743712202e-05,1.7315657032668241e-06,7209,
232,0.0021986726205796003,3.701242894749157e-05,1.3137030236975988e-06,7219,
232,,,,7222,0.003315706504508853
233,0.002737586386501789,3.7153615267015994e-05,1.537868001832976e-06,7229,
233,0.003837114665657282,3.795433076447807e-05,1.9589629118854646e-06,7239,
233,0.0030929737258702517,3.8599828258156776e-05,1.877735257949098e-06,7249,
233,,,,7253,0.0033135332632809877
234,0.003151064272969961,3.9551177906105295e-05,1.9022680817215587e-06,7259,
234,0.0030581580940634012,3.738274608622305e-05,1.7798129192669876e-06,7269,
234,0.0027340182568877935,3.520896643749438e-05,1.6406429494963959e-06,7279,
234,,,,7284,0.0033113444223999977
235,0.003268927801400423,3.4498112654546276e-05,1.7426979184165248e-06,7289,
235,0.0032568746246397495,4.359489321359433e-05,1.9227770735597005e-06,7299,
235,0.004028915427625179,3.9804010157240555e-05,2.3798554593668086e-06,7309,
235,,,,7315,0.0033091355580836535
236,0.002478135982528329,2.885239700844977e-05,1.4947173667678726e-06,7319,
236,0.0032486983109265566,3.6578749131876975e-05,1.8220397350887652e-06,7329,
236,0.0027336743660271168,3.378463952685706e-05,1.4977152886785916e-06,7339,
236,,,,7346,0.003306914586573839
237,0.0034903977066278458,3.1449468224309385e-05,1.9108290416625096e-06,7349,
237,0.0023181114811450243,3.7826837797183543e-05,1.5589783970426652e-06,7359,
237,0.002797734457999468,3.729007949004881e-05,1.7380460803906317e-06,7369,
237,,,,7377,0.0033046905882656574
238,0.004033816047012806,3.595844464143738e-05,2.5931658456102014e-06,7379,
238,0.003393527353182435,3.46805973094888e-05,1.8097857719112653e-06,7389,
238,0.003053468419238925,3.219766222173348e-05,1.6059694871728425e-06,7399,
238,,,,7408,0.003302456345409155
239,0.0026349022518843412,3.483517139102332e-05,1.7978723008127417e-06,7409,
239,0.0033694407902657986,3.3839500247268006e-05,1.8976959381689085e-06,7419,
239,0.0028112290892750025,3.531832044245675e-05,1.7014401691994863e-06,7429,
239,0.0004112623573746532,2.20315923797898e-05,4.143569931613911e-09,7439,
239,,,,7439,0.0033002060372382402
240,0.0025698416866362095,3.7097197491675615e-05,1.6813174852359225e-06,7449,
240,0.0030676843598484993,4.2808584112208337e-05,1.9152105323883006e-06,7459,
240,0.0022702154237776995,3.607171311159618e-05,1.3224995427663089e-06,7469,
240,,,,7470,0.0032979517709463835
241,0.0024944599717855453,3.783294960157946e-05,1.5873159782131552e-06,7479,
241,0.0031002184841781855,3.785524677368812e-05,1.8056427961710142e-06,7489,
241,0.003475362667813897,3.730842945515178e-05,2.086065705952933e-06,7499,
241,,,,7501,0.003295685164630413
242,0.0038898810744285583,3.5229651984991506e-05,1.961192538146861e-06,7509,
242,0.0028683922719210386,3.586367893149145e-05,1.7180798295157729e-06,7519,
242,0.0021755050402134657,3.55297997884918e-05,1.3064218364888802e-06,7529,
242,,,,7532,0.003293402958661318
243,0.002704621059820056,3.506994107738137e-05,1.5216521660477156e-06,7539,
243,0.0038070068694651127,3.680415466078557e-05,1.9471149244054686e-06,7549,
243,0.003066333942115307,3.69421140931081e-05,1.8694150867304415e-06,7559,
243,,,,7563,0.003291119122877717
244,0.003123711794614792,3.80053861590568e-05,1.8897717382060364e-06,7569,
244,0.0030386371072381735,3.6844605347141623e-05,1.7721811218507355e-06,7579,
244,0.0027236780151724815,3.3793545298976824e-05,1.633854367355525e-06,7589,
244,,,,7594,0.003288817359134555
245,0.003243501065298915,3.355120134074241e-05,1.7320008964816225e-06,7599,
245,0.0032157916575670242,4.24642457801383e-05,1.901383370750409e-06,7609,
245,0.003986469469964504,3.812818613369018e-05,2.3485758902097587e-06,7619,
245,,,,7625,0.0032865034881979227
246,0.002457532798871398,2.812040111166425e-05,1.4800768894929206e-06,7629,
246,0.0032284785993397236,3.554366048774682e-05,1.8098629652740783e-06,7639,
246,0.0027117407880723476,3.2615444069961086e-05,1.4901736449246528e-06,7649,
246,,,,7656,0.0032841782085597515
247,0.0034644727129489183,3.0538212740793824e-05,1.891363353934139e-06,7659,
247,0.0022880893666297197,3.7089830584591255e-05,1.5426040818056208e-06,7669,
247,0.002778875408694148,3.662756716948934e-05,1.7294204326390172e-06,7679,
247,,,,7687,0.0032818301115185022
248,0.004000312648713589,3.503719199215993e-05,2.5691015252959915e-06,7689,
248,0.0033627916127443314,3.4168788261013106e-05,1.7871444697448169e-06,7699,
248,0.003020992036908865,3.160708729410544e-05,1.5856634263400338e-06,7709,
248,,,,7718,0.003279459662735462
249,0.0026166995521634817,3.389362245798111e-05,1.7907735809785663e-06,7719,
249,0.0033465048763900995,3.2390384149039164e-05,1.8782619690682623e-06,7729,
249,0.002787787700071931,3.453455792623572e-05,1.684771746113256e-06,7739,
249,0.0004005005757790059,2.1747660866822116e-05,4.034202749636506e-09,7749,
249,,,,7749,0.003277077106758952
250,0.002538946457207203,3.5465309338178486e-05,1.6676998484399519e-06,7759,
250,0.003040049225091934,4.1720279114088044e-05,1.8988152987731155e-06,7769,
250,0.0022341078147292137,3.49385773006361e-05,1.313026700699993e-06,7779,
250,,,,7780,0.003274664981290698
251,0.002467099577188492,3.7106354284333065e-05,1.5713114862592192e-06,7789,
251,0.0030713349115103483,3.6568515497492626e-05,1.7851773463917198e-06,7799,
251,0.0034552919678390026,3.630387072917074e-05,2.0792160739802057e-06,7809,
251,,,,7811,0.0032722232863307
252,0.003865494392812252,3.402007860131562e-05,1.9321391846460756e-06,7819,
252,0.002840602770447731,3.477182690403424e-05,1.7052775547199417e-06,7829,
252,0.0021521032322198153,3.43098072335124e-05,1.2954827752764686e-06,7839,
252,,,,7842,0.0032697427086532116
253,0.0026741637848317623,3.350546830915846e-05,1.5021200852061156e-06,7849,
253,0.003773806616663933,3.5840141208609566e-05,1.9285778307676082e-06,7859,
253,0.003041054354980588,3.566216764738783e-05,1.8568282484920928e-06,7869,
253,,,,7873,0.0032672383822500706
254,0.0031039908062666655,3.6955170799046755e-05,1.873594669632439e-06,7879,
254,0.0030208968091756105,3.693601684062742e-05,1.7601144008949632e-06,7889,
254,0.002712938003242016,3.275612471043132e-05,1.6221449641307117e-06,7899,
254,,,,7904,0.003264708211645484
255,0.0032210571225732565,3.303607081761584e-05,1.718141447781818e-06,7909,
255,0.0031818829011172056,4.2317180486861616e-05,1.8768269001157023e-06,7919,
255,0.003942279610782862,3.6806639400310814e-05,2.3105687887436943e-06,7929,
255,,,,7935,0.0032621631398797035
256,0.002436103066429496,2.8040709366905503e-05,1.462978161725914e-06,7939,
256,0.0032093115150928497,3.4748980397125706e-05,1.7947112382898922e-06,7949,
256,0.0026881727389991283,3.203185406164266e-05,1.478641252106172e-06,7959,
256,,,,7966,0.003259598044678569
257,0.0034377879928797483,3.0130488084978424e-05,1.865049739535607e-06,7969,
257,0.0022625925485044718,3.6615339922718704e-05,1.524326876278792e-06,7979,
257,0.002760243136435747,3.673929677461274e-05,1.7163534948849701e-06,7989,
257,,,,7997,0.0032570273615419865
258,0.003966173157095909,3.4440032322891057e-05,2.537339469199651e-06,7999,
258,0.0033358396030962467,3.445498805376701e-05,1.760907593961747e-06,8009,
258,0.0029890320729464293,3.1494986615143716e-05,1.5622890714439563e-06,8019,
258,,,,8028,0.003254449926316738
259,0.0025958544574677944,3.344995275256224e-05,1.7783044086172595e-06,8029,
259,0.003319081850349903,3.146764720440842e-05,1.8532547301219893e-06,8039,
259,0.002763105323538184,3.3997152058873326e-05,1.6619793541394756e-06,8049,
259,0.00039154995465651155,2.149840111087542e-05,3.9201450974246654e-09,8059,
259,,,,8059,0.0032518806401640177
260,0.002512887353077531,3.40597252943553e-05,1.6525948467460694e-06,8069,
260,0.00301038334146142,4.069580609211698e-05,1.8749847185972612e-06,8079,
260,0.0021983322221785784,3.3925902243936434e-05,1.3005660548515152e-06,8089,
260,,,,8090,0.003249330911785364
261,0.002440638141706586,3.683470640680753e-05,1.553538822918199e-06,8099,
261,0.003042731201276183,3.554953946149908e-05,1.7616339391679503e-06,8109,
261,0.0034347043838351965,3.530191315803677e-05,2.069117954306421e-06,8119,
261,,,,8121,0.0032467932906001806
262,0.0038384064100682735,3.324185308883898e-05,1.8967028836414102e-06,8129,
262,0.0028145192191004753,3.392264261492528e-05,1.6909282294363948e-06,8139,
262,0.0021293957252055407,3.323855344206095e-05,1.2821672044083243e-06,8149,
262,,,,8152,0.0032442903611809015
263,0.002646201755851507,3.263247708673589e-05,1.4820130900261574e-06,8159,
263,0.0037369835190474987,3.4506345400586724e-05,1.906446527755179e-06,8169,
263,0.003016785252839327,3.48472676705569e-05,1.8405199853077647e-06,8179,
263,,,,8183,0.0032418312039226294
264,0.0030882800929248333,3.645192555268295e-05,1.8573838360680384e-06,8189,
264,0.0030044876039028168,3.682778697111644e-05,1.7463702306486084e-06,8199,
264,0.002701378194615245,3.208822090527974e-05,1.6071007848950103e-06,8209,
264,,,,8214,0.0032393978908658028
265,0.003197915619239211,3.257850403315388e-05,1.7031438801495824e-06,8219,
265,0.0031520030461251736,4.312312739784829e-05,1.8504629224480595e-06,8229,
265,0.003901394549757242,3.5612680221674964e-05,2.272815208925749e-06,8239,
265,,,,8245,0.0032370132394135
266,0.002415725961327553,2.7965132176177576e-05,1.4468964764091652e-06,8249,
266,0.0031895379070192575,3.427803676459007e-05,1.778032242327754e-06,8259,
266,0.0026616717223078012,3.1769723136676475e-05,1.4664839227407356e-06,8269,
266,,,,8276,0.003234672825783491
267,0.0034131028223782778,3.0029952540644445e-05,1.8361674847255927e-06,8279,
267,0.002240915549919009,3.629457569331862e-05,1.5061591511766892e-06,8289,
267,0.0027417894452810287,3.689790173666552e-05,1.7020371387843625e-06,8299,
267,,,,8307,0.0032323896884918213
268,0.003926041070371866,3.3819611417129636e-05,2.5008421289385296e-06,8309,
268,0.00331005803309381,3.5670644138008356e-05,1.7329520005660015e-06,8319,
268,0.002961664227768779,3.1441788451047614e-05,1.5412307448059437e-06,8329,
268,,,,8338,0.003230157308280468
269,0.002574718091636896,3.315887079224922e-05,1.7656426507528522e-06,8339,
269,0.0032877286430448294,3.104283314314671e-05,1.8276042510478874e-06,8349,
269,0.002737571019679308,3.343072239658795e-05,1.6378384088966413e-06,8359,
269,0.00037811134825460613,2.1730866137659177e-05,3.830865402676409e-09,8369,
269,,,,8369,0.003227980574592948
270,0.002492462517693639,3.292733890702948e-05,1.6416790913353907e-06,8379,
270,0.002979802433401346,3.924078555428423e-05,1.8491286937205587e-06,8389,
270,0.002163714962080121,3.314869536552578e-05,1.2884654552181019e-06,8399,
270,,,,8400,0.0032258513383567333
271,0.0024152961559593678,3.701163950609043e-05,1.5395119135064306e-06,8409,
271,0.003019385738298297,3.467623173492029e-05,1.7418360584997572e-06,8419,
271,0.0034141438081860542,3.429746357141994e-05,2.0592981400113786e-06,8429,
271,,,,8431,0.0032237942796200514
272,0.0038076413329690695,3.278557051089592e-05,1.859106532720034e-06,8439,
272,0.002786364872008562,3.358783942530863e-05,1.6740768842282705e-06,8449,
272,0.0021102544851601124,3.254165130783804e-05,1.2696511930698762e-06,8459,
272,,,,8462,0.003221794031560421
273,0.002623295644298196,3.26229928759858e-05,1.4662685998700908e-06,8469,
273,0.0036976253613829613,3.2855168683454394e-05,1.883899813037715e-06,8479,
273,0.002993132220581174,3.4494987630750984e-05,1.8214809642813634e-06,8489,
273,,,,8493,0.0032198475673794746
274,0.0030707817059010267,3.700391243910417e-05,1.8433885315971565e-06,8499,
274,0.0029897892381995916,3.660232687252574e-05,1.7323416159342742e-06,8509,
274,0.0026913040783256292,3.1596060580341145e-05,1.5920301166261197e-06,8519,
274,,,,8524,0.003217941615730524
275,0.003174320561811328,3.223922976758331e-05,1.6884698652575025e-06,8529,
275,0.0031243464909493923,4.436809103935957e-05,1.822585772970342e-06,8539,
275,0.0038667754270136356,3.485100023681298e-05,2.241226184196421e-06,8549,
275,,,,8555,0.003216048236936331
276,0.002399380085989833,2.80795920843957e-05,1.433037709830387e-06,8559,
276,0.0031683400738984346,3.3827844163170084e-05,1.7604701270101941e-06,8569,
276,0.002631983021274209,3.173420191160403e-05,1.454681523682666e-06,8579,
276,,,,8586,0.003214142983779311
277,0.00339354551397264,3.069350714213215e-05,1.8086276440953952e-06,8589,
277,0.002224086318165064,3.6883218854200095e-05,1.4898090512360795e-06,8599,
277,0.002726062200963497,3.6937370168743655e-05,1.6888714071683353e-06,8609,
277,,,,8617,0.003212177427485585
278,0.003882095916196704,3.385011223144829e-05,2.4630633106426103e-06,8619,
278,0.003285712795332074,3.7003330362495035e-05,1.7057387822205783e-06,8629,
278,0.0029378694016486406,3.18513011734467e-05,1.5220351770039997e-06,8639,
278,,,,8648,0.003210105700418353
279,0.002556591061875224,3.327033846289851e-05,1.7551751625433099e-06,8649,
279,0.0032554990611970425,3.03314645861974e-05,1.8025294821200077e-06,8659,
279,0.002711797133088112,3.2543579436605796e-05,1.6151919908224954e-06,8669,
279,0.0003640185168478638,2.2380480004358105e-05,3.759695665905838e-09,8679,
279,,,,8679,0.003207908011972904
280,0.0024760563392192125,3.256172567489557e-05,1.6336213093381957e-06,8689,
280,0.00295019312761724,3.771794945350848e-05,1.8233313312521204e-06,8699,
280,0.0021301701199263334,3.283488331362605e-05,1.2776226867572404e-06,8709,
280,,,,8710,0.003205569228157401
281,0.0023875602055341005,3.699957960634492e-05,1.527327299299941e-06,8719,
281,0.0029969944152981043,3.4312481147935614e-05,1.7232844129466685e-06,8729,
281,0.0033927811309695244,3.367596582393162e-05,2.0495722310442943e-06,8739,
281,,,,8741,0.0032030923757702112
282,0.003778797807171941,3.2481773814652115e-05,1.8246299759994145e-06,8749,
282,0.0027599302120506763,3.3086758776335046e-05,1.656549784456729e-06,8759,
282,0.0020919579546898603,3.184944944223389e-05,1.2578524319906137e-06,8769,
282,,,,8772,0.003200518898665905
283,0.0026013473980128765,3.28387031913735e-05,1.4517107729261625e-06,8779,
283,0.003655466251075268,3.1599640351487324e-05,1.8590951640362618e-06,8789,
283,0.0029701325111091137,3.3811968023655936e-05,1.8033305195785942e-06,8799,
283,,,,8803,0.0031979039777070284
284,0.0030545187182724476,3.711387034854852e-05,1.8291494825461996e-06,8809,
284,0.0029759013559669256,3.593865767470561e-05,1.7171170156871085e-06,8819,
284,0.002683816244825721,3.153344368911348e-05,1.5773325685586315e-06,8829,
284,,,,8834,0.003195272060111165
285,0.0031563180964440107,3.2013511372497305e-05,1.6766326780270902e-06,8839,
285,0.003101932117715478,4.307621202315204e-05,1.7973397916648537e-06,8849,
285,0.0038305330090224743,3.4131349821109325e-05,2.2115627871244214e-06,8859,
285,,,,8865,0.003192664124071598
286,0.002380302408710122,2.7743139071390033e-05,1.4197381688063615e-06,8869,
286,0.0031482158228754997,3.3598153095226735e-05,1.7431622154617799e-06,8879,
286,0.0026004095561802387,3.1579467759002e-05,1.4423955008169287e-06,8889,
286,,,,8896,0.003190103219822049
287,0.0033755695912986994,3.109899262199178e-05,1.7830755041359225e-06,8899,
287,0.0022070787381380796,3.698844739119522e-05,1.4715734550918569e-06,8909,
287,0.0027120790909975767,3.770984767470509e-05,1.676906776992837e-06,8919,
287,,,,8927,0.0031875758431851864
288,0.003832427319139242,3.445505353738554e-05,2.42369878833415e-06,8929,
288,0.0032629722263664007,3.702373942360282e-05,1.6815705521366908e-06,8939,
288,0.0029139346443116665,3.25833898386918e-05,1.5035403748697718e-06,8949,
288,,,,8958,0.0031850882805883884
289,0.0025311210192739964,3.296443173894659e-05,1.7414860167264123e-06,8959,
289,0.003220977494493127,3.0069471904425882e-05,1.777704710548278e-06,8969,
289,0.0026846742257475853,3.207868940080516e-05,1.5947692872941843e-06,8979,
289,0.0003481074527371675,2.256026527902577e-05,3.681722260395759e-09,8989,
289,,,,8989,0.003182646119967103
290,0.002458259928971529,3.220094004063867e-05,1.62599917530315e-06,8999,
290,0.0029140084516257048,3.705251947394572e-05,1.795271600713022e-06,9009,
290,0.002101443475112319,3.264078623033129e-05,1.2689195045822999e-06,9019,
290,,,,9020,0.00318024936132133
291,0.0023540679831057787,3.7095145671628416e-05,1.5142232996367966e-06,9029,
291,0.002973999362438917,3.442689194343984e-05,1.7068396118702367e-06,9039,
291,0.0033637303858995438,3.340024341014214e-05,2.0348818452475825e-06,9049,
291,,,,9051,0.003177884267643094
292,0.003742618951946497,3.306686630821787e-05,1.7902090121424408e-06,9059,
292,0.002729253377765417,3.349243706907146e-05,1.634345267120807e-06,9069,
292,0.0020750523544847965,3.156345701427199e-05,1.2479665656428551e-06,9079,
292,,,,9082,0.0031755806412547827
293,0.0025792180094867945,3.3222659112652764e-05,1.4394445315701887e-06,9089,
293,0.003603655146434903,3.143634967273101e-05,1.8320195067644818e-06,9099,
293,0.002946802182123065,3.36765187967103e-05,1.7861051446743659e-06,9109,
293,,,,9113,0.003173325676470995
294,0.0030324871186167,3.809132249443792e-05,1.8127736893802648e-06,9119,
294,0.0029633662197738886,3.5801003832602873e-05,1.7019268625517725e-06,9129,
294,0.0026740743778645992,3.227445631637238e-05,1.562113993713865e-06,9139,
294,,,,9144,0.0031711484771221876
295,0.0031378453131765127,3.262937752879225e-05,1.6656887282806565e-06,9149,
295,0.0030789864249527454,4.303676905692555e-05,1.7690186950858333e-06,9159,
295,0.0037943667266517878,3.443721652729437e-05,2.1892092263442464e-06,9169,
295,,,,9175,0.003169058356434107
296,0.0023618682753294706,2.77518938673893e-05,1.4076601928536547e-06,9179,
296,0.003124432871118188,3.452710006968118e-05,1.7231725450983504e-06,9189,
296,0.0025604628026485443,3.273293987149373e-05,1.4273382475948893e-06,9199,
296,,,,9206,0.003167056245729327
297,0.0033649979159235954,3.174620360368863e-05,1.7608595044293907e-06,9209,
297,0.0021905561443418264,3.8453286833828315e-05,1.4530318139804876e-06,9219,
297,0.002697409363463521,3.9454222132917494e-05,1.6658802906022174e-06,9229,
297,,,,9237,0.0031651498284190893
298,0.003773155389353633,3.5136374208377674e-05,2.3796831101208227e-06,9239,
298,0.0032401883509010077,3.9437294617528096e-05,1.6585970570304198e-06,9249,
298,0.0028926744125783443,3.436371116549708e-05,1.4866952824377222e-06,9259,
298,,,,9268,0.003163351910188794
299,0.0025063378270715475,3.3229287510039285e-05,1.7311840565525927e-06,9269,
299,0.0031818943098187447,3.112637568847276e-05,1.7523461792734452e-06,9279,
299,0.002654078882187605,3.293277768534608e-05,1.578079718456138e-06,9289,
299,0.000331011920934543,2.314860830665566e-05,3.5344287496741345e-09,9299,
299,,,,9299,0.003161641536280513
300,0.00243912311270833,3.3064057788578793e-05,1.6199082892853767e-06,9309,
300,0.00286618759855628,3.750353789655492e-05,1.7677086816547671e-06,9319,
300,0.0020773622673004866,3.28042333421763e-05,1.2628001968550961e-06,9329,
300,,,,9330,0.0031600070651620626
301,0.0023136958479881287,3.90791792597156e-05,1.5002474356151652e-06,9339,
301,0.002942911349236965,3.6096153053222224e-05,1.6923389694056823e-06,9349,
301,0.0033217095769941807,3.382040813448839e-05,2.0099539597140392e-06,9359,
301,,,,9361,0.0031584231182932854
302,0.0037086601369082928,3.517008735798299e-05,1.7602944808459142e-06,9369,
302,0.0027026503812521696,3.537219527061097e-05,1.6152557691384573e-06,9379,
302,0.002054743003100157,3.257773278164677e-05,1.237156766364933e-06,9389,
302,,,,9392,0.003156804945319891
303,0.0025539000052958727,3.488152287900448e-05,1.4298337873697164e-06,9399,
303,0.0035347219090908766,3.2448147976538166e-05,1.800197082957311e-06,9409,
303,0.0029209060594439507,3.443404784775339e-05,1.7684649264992913e-06,9419,
303,,,,9423,0.0031550845596939325
304,0.0030177372973412275,4.052611257066019e-05,1.7957011095859343e-06,9429,
304,0.0029551181942224503,3.813251169049181e-05,1.68974338521366e-06,9439,
304,0.002668815664947033,3.370241029188037e-05,1.5466639524674974e-06,9449,
304,,,,9454,0.003153204219415784
305,0.0031424632761627436,3.405872485018335e-05,1.6591635585427866e-06,9459,
305,0.003073697676882148,4.528618592303246e-05,1.7537531675770879e-06,9469,
305,0.003733706194907427,3.58335419150535e-05,2.1585149170277873e-06,9479,
305,,,,9485,0.0031511380802839994
306,0.0023516123183071613,2.9142644052626565e-05,1.3930737168266205e-06,9489,
306,0.0031100164633244276,3.676413689390756e-05,1.708632680674782e-06,9499,
306,0.0025193907786160707,3.5150020266883075e-05,1.416246277585742e-06,9509,
306,,,,9516,0.0031488726381212473
307,0.0033496799878776073,3.321494295960292e-05,1.7334939457214205e-06,9519,
307,0.0021694174502044916,4.267115582479164e-05,1.4294591892394237e-06,9529,
307,0.002681165235117078,4.166000144323334e-05,1.6590231552982004e-06,9539,
307,,,,9547,0.0031464691273868084
308,0.00372840347699821,3.659740832517855e-05,2.3402956230711425e-06,9549,
308,0.0032234464306384325,4.429135879036039e-05,1.6445635537820635e-06,9559,
308,0.0028514487203210592,3.605965321185067e-05,1.4617968417951488e-06,9569,
308,,,,9578,0.003143994603306055
309,0.002476526889950037,3.461839150986634e-05,1.7224996327058761e-06,9579,
309,0.0031327055767178535,3.383274088264443e-05,1.7200070487888297e-06,9589,
309,0.0026297499425709248,3.506649227347225e-05,1.5727001709819888e-06,9599,
309,0.00033721121144481003,2.4062601369223557e-05,3.1254381305245715e-09,9609,
309,,,,9609,0.003141523338854313
310,0.0023957821540534496,3.6468532925937325e-05,1.612179516996548e-06,9619,
310,0.0027881101705133915,4.027774775750004e-05,1.73057992469694e-06,9629,
310,0.002045992761850357,3.309837120468728e-05,1.255395090993261e-06,9639,
310,,,,9640,0.0031390332151204348
311,0.0022509510163217783,4.369587986730039e-05,1.4817529745414504e-06,9649,
311,0.0028888133820146322,3.93966693081893e-05,1.6649360077281017e-06,9659,
311,0.003254793118685484,3.521481266943738e-05,1.9682941001519794e-06,9669,
311,,,,9671,0.003136120270937681
312,0.003700842149555683,3.89476990676485e-05,1.7409084875907865e-06,9679,
312,0.002690811175853014,3.7214482290437445e-05,1.5982644754330977e-06,9689,
312,0.0020092506892979145,3.489350274321623e-05,1.2230632364662597e-06,9699,
312,,,,9702,0.003130959579721093
313,0.0024995775893330574,3.9006623410386965e-05,1.41569501010963e-06,9709,
313,0.0033990764059126377,3.44732980011031e-05,1.7382559462930658e-06,9719,
313,0.002890845062211156,3.60048798029311e-05,1.7467625639255857e-06,9729,
313,,,,9733,0.0031202370300889015
314,0.003040940035134554,4.643208740162663e-05,1.784089363354724e-06,9739,
314,0.002967576263472438,4.472720320336521e-05,1.6939786746661412e-06,9749,
314,0.0026547592133283615,3.5881133953807876e-05,1.5160425164140179e-06,9759,
314,,,,9764,0.0031035698484629393
315,0.003161059692502022,3.619596463977359e-05,1.643743303247902e-06,9769,
315,0.0030710839200764894,4.8594429244985804e-05,1.7580707663000794e-06,9779,
315,0.0036278157494962215,3.837732947431505e-05,2.117678150170832e-06,9789,
315,,,,9795,0.003087169025093317
316,0.0023424422834068537,3.325209763715975e-05,1.3825763289787574e-06,9799,
316,0.0030738322529941797,3.855484101222828e-05,1.679335014159733e-06,9809,
316,0.0024526596534997225,3.64239422196988e-05,1.3865179653294035e-06,9819,
316,,,,9826,0.003076183842495084
317,0.0033304092939943075,3.46039560099598e-05,1.708892796159489e-06,9829,
317,0.0021377706434577703,4.6481905883410946e-05,1.4052480992177152e-06,9839,
317,0.0026564791332930326,4.2038645915454254e-05,1.643898940528743e-06,9849,
317,,,,9857,0.0030802921392023563
318,0.0036416943185031414,4.0090490074362606e-05,2.278518650200567e-06,9859,
318,0.003201863029971719,4.42805903730914e-05,1.618222313481965e-06,9869,
318,0.0028077841270715,3.5096843930659816e-05,1.4356489828060148e-06,9879,
318,,,,9888,0.003097390290349722
319,0.002412819769233465,3.692997415782884e-05,1.6951839825196657e-06,9889,
319,0.0030577366705983877,3.532840491971001e-05,1.6574246046729968e-06,9899,
319,0.0026117509696632624,3.7766043533338234e-05,1.5640873698430369e-06,9909,
319,0.0003504458290990442,2.34533454204211e-05,2.5270625592099805e-09,9919,
319,,,,9919,0.0030576176941394806
320,0.0023097244556993246,3.8485748518723994e-05,1.5713472976131015e-06,9929,
320,0.0026687949430197477,4.3383613956393674e-05,1.6614287687843898e-06,9939,
320,0.002013714984059334,3.3491436624899507e-05,1.2482963711590855e-06,9949,
320,,,,9950,0.0030126029159873724
321,0.0021716165356338024,4.19046264141798e-05,1.426024141437665e-06,9959,
321,0.0028152596205472946,3.813104922301136e-05,1.6090526742118527e-06,9969,
321,0.0031187424901872873,3.629880666267127e-05,1.846366671998112e-06,9979,
321,,,,9981,0.0030189354438334703
322,0.0036531854420900345,3.8652717194054276e-05,1.7122057442975347e-06,9989,
322,0.002645703498274088,3.5532295441953465e-05,1.5570950608889689e-06,9999,
322,0.001969714416190982,3.497987927403301e-05,1.2294302678128588e-06,10009,
322,,,,10012,0.003030001651495695
323,0.0024400162510573864,4.118388460483402e-05,1.3974339481137577e-06,10019,
323,0.0032801534980535507,3.630831997725181e-05,1.6770518413977697e-06,10029,
323,0.002846528310328722,3.592954817577265e-05,1.7044967535184696e-06,10039,
323,,,,10043,0.0029691499657928944
324,0.0029886639676988125,4.347059439169243e-05,1.7511850955997943e-06,10049,
324,0.002955066040158272,4.1318151488667354e-05,1.6953372323769145e-06,10059,
324,0.0025633289478719234,3.5920689697377384e-05,1.4626034499087837e-06,10069,
324,,,,10074,0.0029366861563175917
325,0.003095323219895363,3.5069824662059546e-05,1.6246560790023068e-06,10079,
325,0.0029968058224767447,4.127222564420663e-05,1.7306185782217653e-06,10089,
325,0.0035191341303288937,3.598720286390744e-05,2.042801042989595e-06,10099,
325,,,,10105,0.0029469674918800592
326,0.002253719139844179,3.151189230266027e-05,1.3557537386077456e-06,10109,
326,0.0030326189007610083,3.706389179569669e-05,1.6605545170023106e-06,10119,
326,0.0023687349166721106,3.475547782727517e-05,1.3109748806527932e-06,10129,
326,,,,10136,0.0029959643725305796
327,0.0032694695983082056,3.339018803671934e-05,1.6676318637109944e-06,10139,
327,0.002089143730700016,4.0490704122930765e-05,1.3792841855320148e-06,10149,
327,0.002617480466142297,4.0600982174510136e-05,1.6205169686145382e-06,10159,
327,,,,10167,0.0030899399425834417
328,0.0036686635576188564,4.082409213879146e-05,2.255560275443713e-06,10169,
328,0.003227636218070984,4.455845555639826e-05,1.62504113632167e-06,10179,
328,0.0027670625131577253,3.352992280269973e-05,1.4006621995577007e-06,10189,
328,,,,10198,0.0029171225614845753
329,0.002205319469794631,3.420601206016727e-05,1.5133016404433874e-06,10199,
329,0.0029645187314599752,3.408934207982384e-05,1.5978260989868431e-06,10209,
329,0.0025557985063642263,3.547010783222504e-05,1.537810021545738e-06,10219,
329,0.00029823402292095125,2.2306343453237787e-05,2.3189521414224146e-09,10229,
329,,,,10229,0.0029102382250130177
330,0.002217534463852644,3.593310248106718e-05,1.5138552953430917e-06,10239,
330,0.0025922826025635004,3.897671194863506e-05,1.6084695744211785e-06,10249,
330,0.001987247262150049,3.205867687938735e-05,1.2297946341277566e-06,10259,
330,,,,10260,0.0029736950527876616
331,0.002163836034014821,4.1469535062788054e-05,1.419006594005623e-06,10269,
331,0.0027851269114762545,3.697893043863587e-05,1.5936207091726828e-06,10279,
331,0.0030608405359089375,3.67880093108397e-05,1.7972345176531235e-06,10289,
331,,,,10291,0.0030353895854204893
332,0.00367513345554471,3.81747777282726e-05,1.732938358145475e-06,10299,
332,0.002639938611537218,3.5324872442288324e-05,1.555278913656366e-06,10309,
332,0.00190106057561934,3.515318894642405e-05,1.201514010062965e-06,10319,
332,,,,10322,0.0028493893332779408
333,0.002336757956072688,3.903246033587493e-05,1.3356496992855682e-06,10329,
333,0.003203894477337599,3.5177828976884484e-05,1.6371942592741107e-06,10339,
333,0.0028176167979836464,3.46410452038981e-05,1.6925425825320417e-06,10349,
333,,,,10353,0.0028403610922396183
334,0.0029201230499893427,3.899316652677953e-05,1.724408889458573e-06,10359,
334,0.00290760793723166,3.5664827009895816e-05,1.6870874333108077e-06,10369,
334,0.0024597016163170338,3.459022263996303e-05,1.4234282161851297e-06,10379,
334,,,,10384,0.002869468415156007
335,0.0030309816356748343,3.234766700188629e-05,1.5904653309917194e-06,10389,
335,0.0029652249068021774,3.766013469430618e-05,1.7037248198903399e-06,10399,
335,0.0034838011488318443,3.631109211710282e-05,2.018846998907975e-06,10409,
335,,,,10415,0.002910803770646453
336,0.0022411197423934937,3.0458488254225813e-05,1.3419466995401308e-06,10419,
336,0.0030066838953644037,3.4724500437732786e-05,1.6372025584132643e-06,10429,
336,0.0023256910499185324,3.698201908264309e-05,1.2922027963213623e-06,10439,
336,,,,10446,0.003030517604202032
337,0.00327436625957489,3.403736263862811e-05,1.6686510662111687e-06,10449,
337,0.002135462826117873,4.381873441161588e-05,1.4020486105437158e-06,10459,
337,0.0025919131003320217,4.2290776036679745e-05,1.6050873909989605e-06,10469,
337,,,,10477,0.002875172533094883
338,0.0033887100871652365,3.698840009747073e-05,2.094623823722941e-06,10479,
338,0.003105542156845331,3.315166395623237e-05,1.576092472532764e-06,10489,
338,0.002726829843595624,2.9945875212433748e-05,1.3755600321019301e-06,10499,
338,,,,10508,0.0028993214946240187
339,0.0021909361239522696,3.19080390909221e-05,1.5090255374161643e-06,10509,
339,0.002914662938565016,3.132997517241165e-05,1.5613002233294537e-06,10519,
339,0.0025158822536468506,3.394934537936933e-05,1.5277024658644223e-06,10529,
339,0.00027856536325998604,2.2740978238289244e-05,2.646443730824899e-09,10539,
339,,,,10539,0.0029756478033959866
340,0.0022398103028535843,3.711213139467873e-05,1.5296251376639702e-06,10549,
340,0.0025618032086640596,3.916629066225141e-05,1.5968657862686086e-06,10559,
340,0.0019377247663214803,3.3134194382000715e-05,1.2131666835557553e-06,10569,
340,,,,10570,0.0030677705071866512
341,0.0021829574834555387,4.535037078312598e-05,1.420030798726657e-06,10579,
341,0.0028485190123319626,3.818951518042013e-05,1.6370044022551156e-06,10589,
341,0.003002871060743928,3.86398533009924e-05,1.7669632370598265e-06,10599,
341,,,,10601,0.002767001511529088
342,0.0034791817888617516,3.4488108212826774e-05,1.6393063333453028e-06,10609,
342,0.0025156072806566954,3.253439354011789e-05,1.4818076579103945e-06,10619,
342,0.00187348248437047,3.225437831133604e-05,1.1976983387285145e-06,10629,
342,,,,10632,0.0027720292564481497
343,0.0022943972144275904,3.433438541833311e-05,1.3099513580527855e-06,10639,
343,0.003141186898574233,3.2584997825324535e-05,1.6240925333477207e-06,10649,
343,0.0028066113591194153,3.318265589768998e-05,1.6907600866034045e-06,10659,
343,,,,10663,0.002847909927368164
344,0.002917626639828086,3.970832403865643e-05,1.7468652231400483e-06,10669,
344,0.0028748835902661085,3.4162170777563006e-05,1.676071178735583e-06,10679,
344,0.0024309009313583374,3.4879900340456516e-05,1.3945386854175013e-06,10689,
344,,,,10694,0.003002308774739504
345,0.0031433950643986464,3.4081138437613845e-05,1.5946382063702913e-06,10699,
345,0.0030770034063607454,4.162219920544885e-05,1.7048868130586925e-06,10709,
345,0.0034847822971642017,4.044318848173134e-05,2.0471125026233494e-06,10719,
345,,,,10725,0.002812048187479377
346,0.0021528364159166813,3.2466301490785554e-05,1.3329934063222026e-06,10729,
346,0.002943093189969659,3.0399696697713807e-05,1.6182490298888297e-06,10739,
346,0.002310094190761447,3.288707011961378e-05,1.2884826219305978e-06,10749,
346,,,,10756,0.002810998121276498
347,0.0031981475185602903,2.929448055510875e-05,1.651835418670089e-06,10759,
347,0.0019863646011799574,3.2537453080294654e-05,1.3401385103861685e-06,10769,
347,0.002506235847249627,3.794010990532115e-05,1.5764251202199375e-06,10779,
347,,,,10787,0.0028080798219889402
348,0.0032881279475986958,3.3446831366745755e-05,2.0462332486204104e-06,10789,
348,0.003134308150038123,3.144162110402249e-05,1.5865999785091844e-06,10799,
348,0.002734563546255231,2.9889377401559614e-05,1.3945356158728828e-06,10809,
348,,,,10818,0.00286389933899045
349,0.0021559763699769974,3.3360280212946236e-05,1.5239988897519652e-06,10819,
349,0.0028554375749081373,2.8882766855531372e-05,1.5388079646072583e-06,10829,
349,0.002516657579690218,3.7679168599424884e-05,1.5281710830095108e-06,10839,
349,0.00024359430244658142,2.6264204279868864e-05,3.5817906418600387e-09,10849,
349,,,,10849,0.0027956762351095676
350,0.0022113136947155,3.609411578509025e-05,1.5200248526525684e-06,10859,
350,0.002488994039595127,4.066948531544767e-05,1.550591150589753e-06,10869,
350,0.0019048491958528757,3.4945187508128583e-05,1.2121699910494499e-06,10879,
350,,,,10880,0.0027737559285014868
351,0.0020427985582500696,3.581893179216422e-05,1.3668091014551464e-06,10889,
351,0.002706580562517047,3.23488493449986e-05,1.5713596894784132e-06,10899,
351,0.0029665075708180666,3.582647332223132e-05,1.7539819054945838e-06,10909,
351,,,,10911,0.002802112605422735
352,0.0034522120840847492,3.192443909938447e-05,1.6554278090552543e-06,10919,
352,0.002516760490834713,3.2549123716307804e-05,1.5198532992144465e-06,10929,
352,0.0018927111523225904,3.358934191055596e-05,1.2164916824985994e-06,10939,
352,,,,10942,0.0027702385559678078
353,0.0023243792820721865,3.399494380573742e-05,1.3341798421606654e-06,10949,
353,0.0031381326261907816,3.2351304980693385e-05,1.644310941628646e-06,10959,
353,0.002803265117108822,3.386247044545598e-05,1.6730429024391924e-06,10969,
353,,,,10973,0.0027682229410856962
354,0.0028690160252153873,3.858107447740622e-05,1.7285325384364114e-06,10979,
354,0.002861174289137125,3.256412674090825e-05,1.6562008795517613e-06,10989,
354,0.002424836391583085,3.350886618136428e-05,1.376203272229759e-06,10999,
354,,,,11004,0.0027369584422558546
355,0.002960032783448696,3.1265033612726256e-05,1.5461835118912859e-06,11009,
355,0.0028911123517900705,3.350277620484121e-05,1.6426882893938455e-06,11019,
355,0.003425619099289179,3.683495378936641e-05,2.0027594018756645e-06,11029,
355,,,,11035,0.00281052989885211
356,0.002127181738615036,2.8985688913962804e-05,1.3124254110152833e-06,11039,
356,0.0029502026736736298,2.9328622986213304e-05,1.6071844584075734e-06,11049,
356,0.002275890437886119,3.555566581781022e-05,1.2905605899504735e-06,11059,
356,,,,11066,0.002796228276565671
357,0.0032069250009953976,3.17804588121362e-05,1.6465834278278635e-06,11069,
357,0.0019817345310002565,3.3130552765214816e-05,1.330117015641008e-06,11079,
357,0.0025069331750273705,3.55737101926934e-05,1.5891948805801803e-06,11089,
357,,,,11097,0.002779969247058034
358,0.0032098139636218548,3.137927342322655e-05,1.993349997064797e-06,11099,
358,0.003139379434287548,3.002485573233571e-05,1.5919937368380488e-06,11109,
358,0.0027019288390874863,2.9425600587273948e-05,1.3687521231986466e-06,11119,
358,,,,11128,0.0028008632361888885
359,0.002081333426758647,2.999684693349991e-05,1.4609826166633866e-06,11129,
359,0.002830028533935547,2.893766031775158e-05,1.53729547491821e-06,11139,
359,0.0024829653557389975,3.463428220129572e-05,1.5281078731277375e-06,11149,
359,0.00019952213915530592,2.5397068384336308e-05,3.420730809722272e-09,11159,
359,,,,11159,0.002771702827885747
360,0.002155116992071271,3.3920856367331e-05,1.4986133010097547e-06,11169,
360,0.0024611300323158503,3.481524981907569e-05,1.5300489621949964e-06,11179,
360,0.001890205079689622,2.9578008252428845e-05,1.2059106211381732e-06,11189,
360,,,,11190,0.002773294923827052
361,0.002056225435808301,3.4378790587652475e-05,1.3711493238588446e-06,11199,
361,0.0027103153988718987,3.2908032153500244e-05,1.5625655578332953e-06,11209,
361,0.0029465158004313707,3.508150257403031e-05,1.735357614052191e-06,11219,
361,,,,11221,0.002806310309097171
362,0.0033866509329527617,2.9246428312035277e-05,1.6285740684907068e-06,11229,
362,0.002497564535588026,3.135012957500294e-05,1.50755874983588e-06,11239,
362,0.0018839684780687094,3.277801442891359e-05,1.2079776752216276e-06,11249,
362,,,,11252,0.002849260810762644
363,0.002326409565284848,3.644386015366763e-05,1.3471670854414697e-06,11259,
363,0.0031799585558474064,3.351273699081503e-05,1.6685049786246964e-06,11269,
363,0.002752865431830287,3.029064100701362e-05,1.6462245184811763e-06,11279,
363,,,,11283,0.0028817791026085615
364,0.0028246548026800156,3.5154087527189404e-05,1.7099731621783576e-06,11289,
364,0.0028315142262727022,3.3223182981600985e-05,1.6443838148916257e-06,11299,
364,0.002412023488432169,3.300950993434526e-05,1.3906503681937465e-06,11309,
364,,,,11314,0.0028805704787373543
365,0.003008948639035225,3.143673166050576e-05,1.5669046433686162e-06,11319,
365,0.0029555365908890963,3.685997944558039e-05,1.6413206367360544e-06,11329,
365,0.0033712382428348064,3.433207893976942e-05,1.9244105260440847e-06,11339,
365,,,,11345,0.0026689504738897085
366,0.0020482230465859175,2.8109154300182126e-05,1.3232317996880738e-06,11349,
366,0.002903314307332039,2.7963726097368635e-05,1.5847125496293302e-06,11359,
366,0.002232566475868225,3.210448267054744e-05,1.2282503121241461e-06,11369,
366,,,,11376,0.0027248887345194817
367,0.0031516028102487326,2.9213857487775385e-05,1.6196740943996701e-06,11379,
367,0.001958252629265189,3.2244977774098516e-05,1.3131823379808338e-06,11389,
367,0.002528886077925563,3.65374653483741e-05,1.5812844367246726e-06,11399,
367,,,,11407,0.002885339315980673
368,0.003240512916818261,3.405442112125456e-05,2.0311056232458213e-06,11409,
368,0.0031841315794736147,3.187669790349901e-05,1.6017877442209283e-06,11419,
368,0.002701973542571068,2.941383900179062e-05,1.3573710475611733e-06,11429,
368,,,,11438,0.0027711940929293633
369,0.0020501648541539907,3.064399061258882e-05,1.4274146451498382e-06,11439,
369,0.002854872727766633,3.077986548305489e-05,1.5568923572573112e-06,11449,
369,0.00242589577101171,3.171025309711695e-05,1.514889163445332e-06,11459,
369,0.00018805118452291936,2.397828211542219e-05,3.393924252748093e-09,11469,
369,,,,11469,0.002710948931053281
370,0.0021174419671297073,3.2271822419716045e-05,1.4820343494648114e-06,11479,
370,0.002467283746227622,3.4517466701800004e-05,1.5408321587528917e-06,11489,
370,0.0018756130011752248,2.9735630960203707e-05,1.1964781378992484e-06,11499,
370,,,,11500,0.002791737671941519
371,0.0020565656013786793,3.4530476114014164e-05,1.3631184856421896e-06,11509,
371,0.0026617988478392363,3.112656850134954e-05,1.5423795503011206e-06,11519,
371,0.002962802303954959,3.4605800465215e-05,1.7450128098062123e-06,11529,
371,,,,11531,0.002769236220046878
372,0.0033811312168836594,3.0250133931986056e-05,1.63029937993997e-06,11539,
372,0.002515292726457119,3.104293500655331e-05,1.5099254824235686e-06,11549,
372,0.0018350569298490882,3.091634062002413e-05,1.1882343642355409e-06,11559,
372,,,,11562,0.0026758930180221796
373,0.0022449183743447065,3.24730463034939e-05,1.2800222748410306e-06,11569,
373,0.0031042250338941813,3.255314004491083e-05,1.6175970358744962e-06,11579,
373,0.0027539217844605446,2.9749940949841402e-05,1.6450425164293847e-06,11589,
373,,,,11593,0.002739639487117529
374,0.0028116204775869846,3.3859094401123e-05,1.7121413975473843e-06,11599,
374,0.002808778313919902,3.165688394801691e-05,1.639871470615617e-06,11609,
374,0.0023650231305509806,3.205673419870436e-05,1.3683379620488267e-06,11619,
374,,,,11624,0.002809766214340925
375,0.002947608008980751,2.9278016882017255e-05,1.5523160072916653e-06,11629,
375,0.002905170666053891,3.434882819419727e-05,1.6179715203179512e-06,11639,
375,0.0033628514502197504,3.607278995332308e-05,1.919990154419793e-06,11649,
375,,,,11655,0.0027030236087739468
376,0.002065556589514017,2.9558916139649227e-05,1.3122535165166482e-06,11659,
376,0.0029038183856755495,2.7892159778275527e-05,1.578790261191898e-06,11669,
376,0.0022210131864994764,3.4099837648682296e-05,1.2283111345823272e-06,11679,
376,,,,11686,0.00269110593944788
377,0.003135954262688756,2.9967297450639307e-05,1.6148435406648787e-06,11689,
377,0.001957494765520096,3.218372512492351e-05,1.30699368128262e-06,11699,
377,0.0025165171828120947,3.540453326422721e-05,1.5744313941468135e-06,11709,
377,,,,11717,0.0028104749508202076
378,0.003165602218359709,3.274207847425714e-05,1.983412857953226e-06,11719,
378,0.003137029707431793,3.0100200092419982e-05,1.581330820954463e-06,11729,
378,0.002687209052965045,2.8049984393874183e-05,1.3559604212787235e-06,11739,
378,,,,11748,0.002696195850148797
379,0.001970058074221015,2.9740625905105844e-05,1.3703680679100216e-06,11749,
379,0.0028237164951860905,2.7771806344389915e-05,1.5369478205684572e-06,11759,
379,0.0024102351162582636,3.267532156314701e-05,1.506173134657729e-06,11769,
379,0.00017529379692859948,2.443521225359291e-05,3.2991087639544503e-09,11779,
379,,,,11779,0.00269271875731647
380,0.002064639702439308,3.2153111533261836e-05,1.464636625314597e-06,11789,
380,0.002438929630443454,3.324301724205725e-05,1.550442448206013e-06,11799,
380,0.001845726277679205,2.9109116439940408e-05,1.1878764780703932e-06,11809,
380,,,,11810,0.0027784460689872503
381,0.0020559390541166067,3.4370044886600226e-05,1.3593764833785826e-06,11819,
381,0.002650352194905281,3.0071771107031964e-05,1.5212953030641074e-06,11829,
381,0.0029324465431272984,3.40483347827103e-05,1.73436319528264e-06,11839,
381,,,,11841,0.002649006899446249
382,0.003325626952573657,2.8128697522333823e-05,1.5992098951755906e-06,11849,
382,0.002484384924173355,3.0192377380444668e-05,1.4820635669821058e-06,11859,
382,0.0018317108042538166,3.082222610828467e-05,1.1934241683775326e-06,11869,
382,,,,11872,0.002847728319466114
383,0.0022842506878077984,3.3667740353848785e-05,1.3048934306425508e-06,11879,
383,0.0031549723353236914,3.24103057209868e-05,1.656265908422938e-06,11889,
383,0.002736201975494623,3.010829459526576e-05,1.6290098301396938e-06,11899,
383,,,,11903,0.002631255192682147
384,0.0028114174492657185,3.181415013386868e-05,1.6711961734472425e-06,11909,
384,0.0027957370039075613,3.016399023181293e-05,1.641481730985106e-06,11919,
384,0.0023592847865074873,3.110860416200012e-05,1.3628391570819076e-06,11929,
384,,,,11934,0.002809783210977912
385,0.002913060365244746,2.7656276870402507e-05,1.5507303032791242e-06,11939,
385,0.0028530717827379704,3.2424821256427094e-05,1.6090377812361112e-06,11949,
385,0.0033502450678497553,3.6523222661344334e-05,1.9111932942905696e-06,11959,
385,,,,11965,0.002635846845805645
386,0.0020817534532397985,2.8658016162808053e-05,1.3544906778406585e-06,11969,
386,0.002867578063160181,2.615837729535997e-05,1.5682203411415685e-06,11979,
386,0.002205850323662162,3.492885298328474e-05,1.2324057934165467e-06,11989,
386,,,,11996,0.0029972270131111145
387,0.0033079523127526045,3.1489496905123815e-05,1.6621328313703998e-06,11999,
387,0.0020147913601249456,3.310321335447952e-05,1.3245480658952147e-06,12009,
387,0.0025389434304088354,3.493547046673484e-05,1.5857649486861192e-06,12019,
387,,,,12027,0.0028334404341876507
388,0.0031357768457382917,3.1714109354652464e-05,1.9571202756196726e-06,12029,
388,0.0031367437914013863,2.727953869907651e-05,1.5933281929392251e-06,12039,
388,0.0026664400938898325,2.7208616302232258e-05,1.3390325648288126e-06,12049,
388,,,,12058,0.0028162396047264338
389,0.002087277127429843,3.5435263271210715e-05,1.425163304702437e-06,12059,
389,0.0028120761271566153,3.2158553949557245e-05,1.5341275911850971e-06,12069,
389,0.0023935679346323013,3.171799471601844e-05,1.491811531195708e-06,12079,
389,0.00030928137130104005,2.2877617084304802e-05,3.289652550364508e-09,12089,
389,,,,12089,0.0033517403062433004
390,0.00239218445494771,3.7604386307066306e-05,1.59299213464692e-06,12099,
390,0.002367474604398012,3.6813693441217765e-05,1.4718089005327784e-06,12109,
390,0.0018348234007135034,2.6999161491403356e-05,1.2058576430717949e-06,12119,
390,,,,12120,0.002673791255801916
391,0.002021727617830038,3.166334499837831e-05,1.3064387758277007e-06,12129,
391,0.0026365392841398716,3.014799403899815e-05,1.5372079360531643e-06,12139,
391,0.0029297962319105864,3.302778350189328e-05,1.754014874677523e-06,12149,
391,,,,12151,0.0026406727265566587
392,0.003299697767943144,2.578771091066301e-05,1.5710213574493537e-06,12159,
392,0.002451107371598482,2.8536509489640594e-05,1.4967120023356983e-06,12169,
392,0.0018092156387865543,3.063064650632441e-05,1.1843835636682343e-06,12179,
392,,,,12182,0.0028164635878056288
393,0.00228208233602345,3.188071059412323e-05,1.3057531305094017e-06,12189,
393,0.003040253184735775,3.239687794120982e-05,1.5880883665886358e-06,12199,
393,0.0027641423512250185,3.011639455507975e-05,1.61419529831619e-06,12209,
393,,,,12213,0.002671698806807399
394,0.0028091284912079573,3.103982089669444e-05,1.6922696204346721e-06,12219,
394,0.0028027542866766453,3.0618582968600094e-05,1.6457624951726757e-06,12229,
394,0.002351980423554778,3.402625225135125e-05,1.3649502079715603e-06,12239,
394,,,,12244,0.0026407381519675255
395,0.002862435532733798,2.6541229090071283e-05,1.5226902405629517e-06,12249,
395,0.0027374066412448883,3.0405051802517846e-05,1.5806356259417953e-06,12259,
395,0.0033079248387366533,3.373744766577147e-05,1.8764442302199313e-06,12269,
395,,,,12275,0.002695259405300021
396,0.0019998589996248484,2.5949904738808982e-05,1.2893829079985153e-06,12279,
396,0.0029075597412884235,2.5504019504296593e-05,1.5688817711634329e-06,12289,
396,0.002201769035309553,3.19479986501392e-05,1.2091445569240022e-06,12299,
396,,,,12306,0.0027213089633733034
397,0.0031459638848900795,2.9511580578400753e-05,1.6219354392887908e-06,12309,
397,0.001962904818356037,3.0310175134218298e-05,1.3045214473095257e-06,12319,
397,0.0024839849211275578,3.256029958720319e-05,1.5620835256413557e-06,12329,
397,,,,12337,0.002814296865835786
398,0.003121204674243927,3.156823731842451e-05,1.9417443581914995e-06,12339,
398,0.0031436325516551733,2.7058242267230526e-05,1.5981142951204674e-06,12349,
398,0.0026453949976712465,2.5748808184289373e-05,1.332904616901942e-06,12359,
398,,,,12368,0.003306289203464985
399,0.0025327217299491167,3.774690776481293e-05,1.7047156006810837e-06,12369,
399,0.0028685186989605427,4.01402976422105e-05,1.5383338904939592e-06,12379,
399,0.002405302133411169,3.952336192014627e-05,1.4181903225107817e-06,12389,
399,0.0001370746031170711,1.8571836335468106e-05,2.8347546532359047e-09,12399,
399,,,,12399,0.002673608250916004
400,0.0020457252394407988,2.859872256522067e-05,1.4380117363543832e-06,12409,
400,0.002361302962526679,2.991899054904934e-05,1.4950842341932002e-06,12419,
400,0.0017969878390431404,2.6272962713846937e-05,1.194564219986205e-06,12429,
400,,,,12430,0.002670251065865159
401,0.001949779805727303,2.940064041467849e-05,1.3019912330491934e-06,12439,
401,0.002603958360850811,2.778993257379625e-05,1.500481062066683e-06,12449,
401,0.002902186708524823,3.161768108839169e-05,1.7500269677839242e-06,12459,
401,,,,12461,0.0032526373397558928
402,0.0036254858132451773,3.0304367101052776e-05,1.7082458043660154e-06,12469,
402,0.0024733629543334246,3.513527553877793e-05,1.5122794820854324e-06,12479,
402,0.0018405491719022393,3.558865500963293e-05,1.1662347105811932e-06,12489,
402,,,,12492,0.002737432951107621
403,0.0022876448929309845,3.446131449891254e-05,1.2666232578339987e-06,12499,
403,0.003022111253812909,3.861624645651318e-05,1.5029129372123862e-06,12509,
403,0.0027287169359624386,3.273474794696085e-05,1.6257336028502323e-06,12519,
403,,,,12523,0.0026879399083554745
404,0.0027696355246007442,3.5653796658152714e-05,1.6912886167119723e-06,12529,
404,0.0027948878705501556,3.3168096706504e-05,1.617306793377793e-06,12539,
404,0.0022576276678591967,3.196978286723606e-05,1.3548095694204676e-06,12549,
404,,,,12554,0.0027299837674945593
405,0.0029583123978227377,3.230691800126806e-05,1.620003672542225e-06,12559,
405,0.0028606662526726723,3.881750672007911e-05,1.5715883137090714e-06,12569,
405,0.0034735507797449827,4.156228169449605e-05,1.972890231627389e-06,12579,
405,,,,12585,0.002624042797833681
406,0.002017087070271373,2.7943329769186676e-05,1.3419714832707541e-06,12589,
406,0.0028560294304043055,2.812243292282801e-05,1.540549874334829e-06,12599,
406,0.0022045981604605913,3.052561805816367e-05,1.2271399327801191e-06,12609,
406,,,,12616,0.002639590762555599
407,0.0031247148290276527,3.1446252251043916e-05,1.6202869801418274e-06,12619,
407,0.0019796842243522406,2.9417244149954058e-05,1.3131892728779349e-06,12629,
407,0.0024786898866295815,3.304535130155273e-05,1.5544154621238704e-06,12639,
407,,,,12647,0.0026385269593447447
408,0.003150957403704524,3.377858593012206e-05,1.8822595393430674e-06,12649,
408,0.0031287854071706533,2.6738178348750807e-05,1.563013256600243e-06,12659,
408,0.002696289448067546,3.259513323428109e-05,1.314186874878942e-06,12669,
408,,,,12678,0.0026131600607186556
409,0.0018866433529183269,3.3445456210756674e-05,1.2440376622180338e-06,12679,
409,0.0028004066552966833,2.7504369427333586e-05,1.520125465503952e-06,12689,
409,0.0023631101939827204,3.473723336355761e-05,1.4414698625841993e-06,12699,
409,0.00014411630399990827,2.0972116544726305e-05,2.8961635312185763e-09,12709,
409,,,,12709,0.002595919417217374
410,0.002014586003497243,2.9017346605542116e-05,1.4319149386210483e-06,12719,
410,0.002371153561398387,3.151989585603587e-05,1.5038094716146588e-06,12729,
410,0.001814568997360766,2.7007959943148308e-05,1.1963769566136762e-06,12739,
410,,,,12740,0.002666887128725648
411,0.0019925623200833797,3.0493658414343372e-05,1.3392747177931597e-06,12749,
411,0.002589314477518201,2.7306887204758823e-05,1.509960043222236e-06,12759,
411,0.002867213450372219,3.252713577239774e-05,1.7132708762801485e-06,12769,
411,,,,12771,0.0028672015760093927
412,0.0033786483108997345,2.8046424631611444e-05,1.5911153923298116e-06,12779,
412,0.0024639165494590998,3.129562173853628e-05,1.5084198139447835e-06,12789,
412,0.00179800926707685,2.835671512002591e-05,1.1864542557304958e-06,12799,
412,,,,12802,0.002652276773005724
413,0.00219345698133111,2.8146067052148283e-05,1.2570640137710143e-06,12809,
413,0.0029990088660269976,2.9630569770233706e-05,1.541613301014877e-06,12819,
413,0.002732656430453062,2.7807798687717877e-05,1.630624069548503e-06,12829,
413,,,,12833,0.0027059309650212526
414,0.0027622305788099766,3.178919359925203e-05,1.6771206219345913e-06,12839,
414,0.0027583457995206118,2.8272223062231205e-05,1.6168811498573632e-06,12849,
414,0.0022940177004784346,3.3093452657340094e-05,1.3479107110470068e-06,12859,
414,,,,12864,0.0026480602100491524
415,0.0028489488177001476,2.753882472461555e-05,1.5390169210149907e-06,12869,
415,0.0027408627793192863,3.218134952476248e-05,1.5743008816571091e-06,12879,
415,0.0032814322039484978,3.08761082123965e-05,1.8418511444906471e-06,12889,
415,,,,12895,0.0027283465024083853
416,0.001996674109250307,2.6523053747951053e-05,1.2863138181273825e-06,12899,
416,0.002836233004927635,2.7494139430928044e-05,1.5325463209592272e-06,12909,
416,0.0021929177455604076,2.8299093173700385e-05,1.2327834610914579e-06,12919,
416,,,,12926,0.0026303052436560392
417,0.003066553035750985,2.9819115297868848e-05,1.5972944993336569e-06,12929,
417,0.001911260886117816,2.9009519494138658e-05,1.2767698081006529e-06,12939,
417,0.0024478351697325706,2.9126951631042175e-05,1.554346567900211e-06,12949,
417,,,,12957,0.002666172571480274
418,0.0030604368075728416,3.3293646993115544e-05,1.8915249029305414e-06,12959,
418,0.0030517703853547573,2.702516212593764e-05,1.5399151607198291e-06,12969,
418,0.0026323350612074137,2.6854282623389736e-05,1.3146292303645168e-06,12979,
418,,,,12988,0.0027763608377426863
419,0.002050961134955287,3.403486334718764e-05,1.411891730640491e-06,12989,
419,0.002808449324220419,3.0067292755120434e-05,1.5142780966925784e-06,12999,
419,0.002359676407650113,3.4882716136053205e-05,1.4173414228935144e-06,13009,
419,0.00014155734970699996,2.0346731616882607e-05,2.6161097732568805e-09,13019,
419,,,,13019,0.0026018754579126835
420,0.0019851354882121086,2.7285557735012844e-05,1.4124243534752168e-06,13029,
420,0.0023185608442872763,2.83921053778613e-05,1.487064537286642e-06,13039,
420,0.001766732195392251,2.4546010536141694e-05,1.1771845720431884e-06,13049,
420,,,,13050,0.002636837540194392
421,0.0019510723650455475,3.0014291041879915e-05,1.308203309235978e-06,13059,
421,0.002598089398816228,2.6269370209774934e-05,1.5280833167707897e-06,13069,
421,0.002882502507418394,3.1101179047254845e-05,1.7333159121335484e-06,13079,
421,,,,13081,0.003119641449302435
422,0.0034403400495648384,3.065235432586633e-05,1.6250913859039429e-06,13089,
422,0.002522653667256236,3.557702439138666e-05,1.53412395320629e-06,13099,
422,0.0018327824072912335,3.325148281874135e-05,1.179899641101656e-06,13109,
422,,,,13112,0.002740427851676941
423,0.00234988727606833,3.3636079024290666e-05,1.298128495363926e-06,13119,
423,0.0031028457451611757,3.7462174077518284e-05,1.5046349517433555e-06,13129,
423,0.002710862783715129,3.069172817049548e-05,1.643048676669423e-06,13139,
423,,,,13143,0.00270903785713017
424,0.0027957588899880648,4.047010952490382e-05,1.7162225276479148e-06,13149,
424,0.0028130945283919573,3.249382643844001e-05,1.6296569356200052e-06,13159,
424,0.002231869613751769,2.868571573344525e-05,1.3718338323087664e-06,13169,
424,,,,13174,0.0028129408601671457
425,0.0029871754813939333,3.643067248049192e-05,1.634741011002916e-06,13179,
425,0.0027675132732838392,4.596173675963655e-05,1.542191171211016e-06,13189,
425,0.003463711589574814,4.125717532588169e-05,1.9537053503881907e-06,13199,
425,,,,13205,0.0031301802955567837
426,0.0022673190105706453,3.644104799604975e-05,1.3737951576331398e-06,13209,
426,0.0029637699481099844,3.25701039400883e-05,1.6165677152457647e-06,13219,
426,0.0021897584665566683,3.288918742327951e-05,1.1693214219121728e-06,13229,
426,,,,13236,0.002801489783450961
427,0.003104131668806076,3.156754610245116e-05,1.601282292540418e-06,13239,
427,0.0019590193405747414,2.8232918339199387e-05,1.3127460078976583e-06,13249,
427,0.0024542156606912613,2.9579348847619258e-05,1.5082846402947325e-06,13259,
427,,,,13267,0.002690557623282075
428,0.003056824905797839,2.7990832677460276e-05,1.8937477079816745e-06,13269,
428,0.0029549147002398968,2.4367296646232717e-05,1.4923186881787842e-06,13279,
428,0.002716470044106245,2.721129567362368e-05,1.3025021416979143e-06,13289,
428,,,,13298,0.0026452133897691965
429,0.0019044545479118824,2.900096842495259e-05,1.2575007986015407e-06,13299,
429,0.002767921192571521,3.13650380121544e-05,1.4883523817843525e-06,13309,
429,0.0023164653684943914,3.3290132705587894e-05,1.414380790265568e-06,13319,
429,0.00017267065413761884,2.2569562133867294e-05,2.341039806452727e-09,13329,
429,,,,13329,0.0026043036486953497
430,0.0020698560401797295,3.0730549042345956e-05,1.469983203605807e-06,13339,
430,0.0023045323323458433,2.91453816316789e-05,1.501732754149998e-06,13349,
430,0.00177292269654572,2.6997482564183883e-05,1.1820181953225983e-06,13359,
430,,,,13360,0.002634875476360321
431,0.002066308632493019,3.06606525555253e-05,1.342766267953266e-06,13369,
431,0.0026759072206914425,3.105051291640848e-05,1.6177081079149502e-06,13379,
431,0.0028200396336615086,3.451442171353847e-05,1.6775422864157008e-06,13389,
431,,,,13391,0.0025944451335817575
432,0.0032675068359822035,2.6455280021764338e-05,1.561171075081802e-06,13399,
432,0.0024127766955643892,3.0149079975672066e-05,1.483869368712476e-06,13409,
432,0.0017967659514397383,2.7565552954911254e-05,1.2265205668882118e-06,13419,
432,,,,13422,0.002603467321023345
433,0.0021831775084137917,2.9049429940641858e-05,1.24555674574367e-06,13429,
433,0.002976121846586466,3.089441088377498e-05,1.5072729411258479e-06,13439,
433,0.0026977944653481245,2.641362152644433e-05,1.6315469792971271e-06,13449,
433,,,,13453,0.002574387239292264
434,0.0027295227628201246,3.1741790735395625e-05,1.6702830407666625e-06,13459,
434,0.0027145668864250183,2.854205740732141e-05,1.62339449616411e-06,13469,
434,0.002256670966744423,3.01763884635875e-05,1.3576614037447143e-06,13479,
434,,,,13484,0.002683592727407813
435,0.002849705284461379,2.8632586690946482e-05,1.5665439150325255e-06,13489,
435,0.0026908295694738626,3.1969742849469185e-05,1.5609286947437795e-06,13499,
435,0.0032742798794060946,2.7472311558085494e-05,1.8277684148415574e-06,13509,
435,,,,13515,0.0027152106631547213
436,0.001983053283765912,2.7769163352786563e-05,1.3269468581711408e-06,13519,
436,0.0028527439571917057,2.7102343665319495e-05,1.5675362874389975e-06,13529,
436,0.002138663548976183,2.9081889806548133e-05,1.1565548447833862e-06,13539,
436,,,,13546,0.0027892228681594133
437,0.0031666660215705633,3.136446684948169e-05,1.616655822544999e-06,13549,
437,0.0018873120425269008,2.6194828024017625e-05,1.2716183164229733e-06,13559,
437,0.002479210263118148,2.6718238586909138e-05,1.5974450207068003e-06,13569,
437,,,,13577,0.003002936951816082
438,0.0031684376299381256,3.4953955037053674e-05,1.9936696844524704e-06,13579,
438,0.0031333439983427525,3.267199281253852e-05,1.577704779265332e-06,13589,
438,0.002709377324208617,2.8228545488673262e-05,1.2971898968316964e-06,13599,
438,,,,13608,0.002650334034115076
439,0.001909029670059681,3.067663055844605e-05,1.2554386330521083e-06,13609,
439,0.0027716602198779583,2.9580905902548693e-05,1.4887966699461685e-06,13619,
439,0.0023170236963778734,3.298842420917936e-05,1.4007606523591676e-06,13629,
439,0.00020564055012073368,2.0864603357040323e-05,2.4593667102834615e-09,13639,
439,,,,13639,0.002707929350435734
440,0.0021194336004555225,3.251529051340185e-05,1.5096885590537568e-06,13649,
440,0.0023389121051877737,3.178311089868657e-05,1.5543316749244696e-06,13659,
440,0.0017935808282345533,3.215833203285001e-05,1.179478999802086e-06,13669,
440,,,,13670,0.0028045219369232655
441,0.001956573221832514,3.6988079955335706e-05,1.2941693512402708e-06,13679,
441,0.0027126632630825043,3.309062958578579e-05,1.622364152353839e-06,13689,
441,0.002831417601555586,3.1521496566710994e-05,1.6885327340787626e-06,13699,
441,,,,13701,0.002636813325807452
442,0.003280454548075795,2.5991203074227087e-05,1.561647650305531e-06,13709,
442,0.002395584713667631,2.8601731173694134e-05,1.4677258377560065e-06,13719,
442,0.0017947021406143904,2.716522431001067e-05,1.2226629451106419e-06,13729,
442,,,,13732,0.0026085968129336834
443,0.002189108869060874,3.0354727641679347e-05,1.2504824553616345e-06,13739,
443,0.002948224311694503,2.967482760141138e-05,1.4911254311300581e-06,13749,
443,0.0026744448114186525,2.592054443084635e-05,1.6294460465360316e-06,13759,
443,,,,13763,0.0025690619368106127
444,0.0027332156896591187,3.283232217654586e-05,1.6722109421607456e-06,13769,
444,0.0027216237504035234,2.944467996712774e-05,1.6260144093394047e-06,13779,
444,0.0022243016865104437,2.9523176635848358e-05,1.3485915815181215e-06,13789,
444,,,,13794,0.0025653718039393425
445,0.002781873568892479,2.8361857403069735e-05,1.5398903769892058e-06,13799,
445,0.0026739235036075115,3.0931332730688155e-05,1.5651384046577732e-06,13809,
445,0.00326024298556149,2.7074032914242707e-05,1.8230404066343908e-06,13819,
445,,,,13825,0.0026690990198403597
446,0.0019758560229092836,2.7183539714314975e-05,1.32421098442137e-06,13829,
446,0.0028416917193681,2.639522972458508e-05,1.5580383205815451e-06,13839,
446,0.002139987191185355,2.8511352866189554e-05,1.157277324637107e-06,13849,
446,,,,13856,0.0025861868634819984
447,0.0030339625664055347,2.870788193831686e-05,1.5756949096612516e-06,13859,
447,0.001812850940041244,2.5815692424657755e-05,1.233085981766635e-06,13869,
447,0.0024357514921575785,2.693757960514631e-05,1.5665603996239952e-06,13879,
447,,,,13887,0.002620549639686942
448,0.0029932428151369095,3.0107168640824966e-05,1.8818401485987124e-06,13889,
448,0.0029933531768620014,2.4332493921974674e-05,1.5317956467697513e-06,13899,
448,0.002557403175160289,2.240412140963599e-05,1.302711780226673e-06,13909,
448,,,,13918,0.0027110460214316845
449,0.0019842898473143578,2.8519021725514904e-05,1.3733599644183414e-06,13919,
449,0.0027189357206225395,2.7152940674568526e-05,1.4664892660221085e-06,13929,
449,0.002279588719829917,2.74261965387268e-05,1.4012894098414108e-06,13939,
449,0.00013871035480406135,2.178999966417905e-05,2.461462367264744e-09,13949,
449,,,,13949,0.0027939092833548784
450,0.001979628810659051,2.750374005699996e-05,1.4263379171097768e-06,13959,
450,0.0023060962557792664,2.8145037504145876e-05,1.409285005138372e-06,13969,
450,0.0017547307070344687,2.5819806978688575e-05,1.1804345376731362e-06,13979,
450,,,,13980,0.0035355309955775738
451,0.00199377560056746,3.608673796406947e-05,1.3207028359829565e-06,13989,
451,0.0028189753647893667,3.802810897468589e-05,1.6878479982551653e-06,13999,
451,0.002889482770115137,3.5904289688915014e-05,1.6970889191725291e-06,14009,
451,,,,14011,0.002745609497651458
452,0.0034049255773425102,2.9206948966020718e-05,1.6280886256936355e-06,14019,
452,0.002392510185018182,2.730510095716454e-05,1.4462434592132922e-06,14029,
452,0.0017725772922858596,2.8901024052174762e-05,1.1881307955263765e-06,14039,
452,,,,14042,0.0025837135035544634
453,0.002191943349316716,3.069093145313673e-05,1.2600144145835657e-06,14049,
453,0.0029163772705942392,3.015168840647675e-05,1.458900101170002e-06,14059,
453,0.0026441682130098343,2.6556172088021412e-05,1.6237901263593812e-06,14069,
453,,,,14073,0.0026399297639727592
454,0.0028073613066226244,3.398335320525803e-05,1.7185386695928173e-06,14079,
454,0.0027530090883374214,3.272120375186205e-05,1.6289870927721495e-06,14089,
454,0.002183138392865658,3.0235865779104643e-05,1.3392183291216497e-06,14099,
454,,,,14104,0.002559014828875661
455,0.0027791468892246485,2.8850705348304473e-05,1.5450292494278983e-06,14109,
455,0.0026629664935171604,3.394306622794829e-05,1.5550401712971507e-06,14119,
455,0.0033105919137597084,2.7599060558713973e-05,1.8532379044700065e-06,14129,
455,,,,14135,0.0025326688773930073
456,0.0019571026787161827,2.6764628273667768e-05,1.3160671414880198e-06,14139,
456,0.0027737636119127274,2.4960680093499832e-05,1.5184492667685845e-06,14149,
456,0.0021402467973530293,2.5862404072540812e-05,1.1674281950035947e-06,14159,
456,,,,14166,0.002666865475475788
457,0.0030510975047945976,2.9430035283439793e-05,1.5853634067752864e-06,14169,
457,0.0018504802137613297,2.729783591348678e-05,1.2541935348053812e-06,14179,
457,0.0024597097653895617,2.6370466002845205e-05,1.5856742265896173e-06,14189,
457,,,,14197,0.002582850866019726
458,0.0029481956735253334,2.968533954117447e-05,1.8388441276329104e-06,14199,
458,0.0029443928506225348,2.386079722782597e-05,1.5000917983343243e-06,14209,
458,0.002557202475145459,2.3431677618646063e-05,1.2919518894705107e-06,14219,
458,,,,14228,0.0026618242263793945
459,0.001935353735461831,2.9656730475835502e-05,1.3328714203453274e-06,14229,
459,0.002713215071707964,2.624828448460903e-05,1.4468449762716773e-06,14239,
459,0.002277524210512638,2.8551477953442372e-05,1.3715471141040325e-06,14249,
459,0.000140171789098531,2.145164762623608e-05,2.3755772904365813e-09,14259,
459,,,,14259,0.002818911336362362
460,0.00200908281840384,3.0227833121898584e-05,1.432606495654909e-06,14269,
460,0.0022613455075770617,2.7979835067526437e-05,1.4198438975654426e-06,14279,
460,0.0017399940406903625,2.6366900783614255e-05,1.1865768101415597e-06,14289,
460,,,,14290,0.0028096598107367754
461,0.001980006927624345,3.360904520377517e-05,1.3134841765349847e-06,14299,
461,0.0026172504294663668,3.028331047971733e-05,1.5494269973714836e-06,14309,
461,0.0027804654091596603,2.990800203406252e-05,1.7005686459015124e-06,14319,
461,,,,14321,0.002826307201758027
462,0.003287313040345907,3.1271301850210875e-05,1.5612615698046284e-06,14329,
462,0.002447424689307809,3.316482616355643e-05,1.5210709989332827e-06,14339,
462,0.0018352771876379848,3.219241261831485e-05,1.2020742587992572e-06,14349,
462,,,,14352,0.002927885390818119
463,0.0023109493777155876,4.096070915693417e-05,1.3117520438754582e-06,14359,
463,0.003039235481992364,3.206093606422655e-05,1.488014845563157e-06,14369,
463,0.002664652420207858,2.516038148314692e-05,1.6648257314955117e-06,14379,
463,,,,14383,0.0028312120120972395
464,0.0027196549344807863,3.158157778671011e-05,1.654323682487302e-06,14389,
464,0.0028003263287246227,3.07630434690509e-05,1.6553063915125676e-06,14399,
464,0.0021997285075485706,2.769790262391325e-05,1.3750955076829996e-06,14409,
464,,,,14414,0.002709925640374422
465,0.002906946698203683,2.7724050596589223e-05,1.5780623243699665e-06,14419,
465,0.0026061167009174824,2.862153633031994e-05,1.5483808510907693e-06,14429,
465,0.003319614799693227,2.9406408430077136e-05,1.856747758210986e-06,14439,
465,,,,14445,0.002657226985320449
466,0.0020266056526452303,2.752974978648126e-05,1.3625549399876036e-06,14449,
466,0.0028022874612361193,2.3491984393331222e-05,1.5455755146831507e-06,14459,
466,0.002093482529744506,2.7611587938736193e-05,1.1539358411027933e-06,14469,
466,,,,14476,0.0025771381333470345
467,0.0029723781626671553,2.900252911786083e-05,1.5671695337005076e-06,14479,
467,0.0018676671897992492,2.6409659767523408e-05,1.2663170991800143e-06,14489,
467,0.0023906175047159195,2.682882586668711e-05,1.536336185381515e-06,14499,
467,,,,14507,0.002571206074208021
468,0.002963478909805417,2.9337286832742393e-05,1.8554287635197397e-06,14509,
468,0.0029779491014778614,2.407003012194764e-05,1.526301844023692e-06,14519,
468,0.0025937645696103573,2.668655724846758e-05,1.3045214473095257e-06,14529,
468,,,,14538,0.002539154374971986
469,0.001803710707463324,2.906480040110182e-05,1.216198597830953e-06,14539,
469,0.0027563658077269793,2.658425728441216e-05,1.4875006399961421e-06,14549,
469,0.0022436261642724276,2.9557020752690732e-05,1.3556689282268053e-06,14559,
469,0.0001193005227833055,1.846319719334133e-05,2.288286893303848e-09,14569,
469,,,,14569,0.0025225826539099216
470,0.0019436012953519821,2.6602961952448823e-05,1.4177795719660935e-06,14579,
470,0.002252221340313554,2.716176095418632e-05,1.4430231658479897e-06,14589,
470,0.0016990718431770802,2.5512674255878665e-05,1.1675564337565447e-06,14599,
470,,,,14600,0.002516732783988118
471,0.0018562262412160635,2.8575477699632756e-05,1.264223897123884e-06,14609,
471,0.002569284988567233,2.6349680410930887e-05,1.5393288776976988e-06,14619,
471,0.0027861071284860373,3.0319826691993512e-05,1.7435886547900736e-06,14629,
471,,,,14631,0.002588622970506549
472,0.0032292220275849104,2.3959102691151202e-05,1.5416009091495653e-06,14639,
472,0.0023695011623203754,2.6296487703802995e-05,1.477699925089837e-06,14649,
472,0.0017324978252872825,2.6566709493636154e-05,1.2039561170240631e-06,14659,
472,,,,14662,0.0025937219616025686
473,0.0021649226546287537,2.6796375095727853e-05,1.2656547596634482e-06,14669,
473,0.002917116042226553,2.857491017493885e-05,1.475628664593387e-06,14679,
473,0.0026349793188273907,2.7523739845491946e-05,1.6095025330287172e-06,14689,
473,,,,14693,0.0026361120399087667
474,0.002680061850696802,3.1018807931104675e-05,1.6250802445938461e-06,14699,
474,0.0027003148570656776,2.6713503757491708e-05,1.6257739616776234e-06,14709,
474,0.0022043983917683363,3.020970689249225e-05,1.3356618637772044e-06,14719,
474,,,,14724,0.002822966780513525
475,0.002897844184190035,2.8963753720745444e-05,1.6229396351263858e-06,14729,
475,0.002788421930745244,3.241020021960139e-05,1.646584451009403e-06,14739,
475,0.003291371278464794,2.7181580662727356e-05,1.835779357861611e-06,14749,
475,,,,14755,0.0027579020243138075
476,0.002091229660436511,3.2765190553618595e-05,1.3933047284808708e-06,14759,
476,0.0028590112924575806,2.780499926302582e-05,1.5658871461710078e-06,14769,
476,0.0021625931840389967,2.9123853892087936e-05,1.1842596450151177e-06,14779,
476,,,,14786,0.002796746091917157
477,0.0031172961462289095,3.134004509774968e-05,1.5853302102186717e-06,14789,
477,0.0019796111155301332,3.384605224709958e-05,1.3364248161451542e-06,14799,
477,0.0024497502017766237,3.299114541732706e-05,1.5454211279575247e-06,14809,
477,,,,14817,0.002855711616575718
478,0.0032120654359459877,3.9773611206328496e-05,2.0136003513471223e-06,14819,
478,0.002915192162618041,2.871910146495793e-05,1.4871525308990385e-06,14829,
478,0.002662104554474354,3.0001929189893417e-05,1.285983216803288e-06,14839,
478,,,,14848,0.0028308541513979435
479,0.0021054507233202457,2.832974132616073e-05,1.4252038909035036e-06,14849,
479,0.002992345253005624,2.9647524570464157e-05,1.5933395616229973e-06,14859,
479,0.002221344970166683,2.9272452593431808e-05,1.3601099908555625e-06,14869,
479,0.00017559296975377947,1.4567654943675734e-05,2.5025910233011928e-09,14879,
479,,,,14879,0.0028048185631632805
480,0.0020540549885481596,3.2380339689552784e-05,1.480954324506456e-06,14889,
480,0.002350092167034745,2.8533826480270363e-05,1.5139263496166677e-06,14899,
480,0.001753485994413495,2.451395630487241e-05,1.196885477838805e-06,14909,
480,,,,14910,0.002784458454698324
481,0.0018737602513283491,2.905173460021615e-05,1.277691922041413e-06,14919,
481,0.0025806589983403683,3.0187486117938533e-05,1.541201640975487e-06,14929,
481,0.0027775669004768133,3.17815865855664e-05,1.707667706796201e-06,14939,
481,,,,14941,0.0027212577406316996
482,0.003439283696934581,2.4661145289428532e-05,1.6774555433585192e-06,14949,
482,0.002354467287659645,2.583225432317704e-05,1.4381691926246276e-06,14959,
482,0.0017258693696931005,2.792363920889329e-05,1.1985057426500134e-06,14969,
482,,,,14972,0.0026382221840322018
483,0.002169339917600155,2.656472315720748e-05,1.2820413530789665e-06,14979,
483,0.00293649360537529,2.906826375692617e-05,1.4919909290256328e-06,14989,
483,0.0025952612049877644,2.581177068350371e-05,1.6302286667269072e-06,14999,
483,,,,15003,0.002531456993892789
484,0.0026526146102696657,2.9970527975820005e-05,1.639585207158234e-06,15009,
484,0.002710408065468073,2.7531188607099466e-05,1.621566184439871e-06,15019,
484,0.002124455524608493,2.695343573577702e-05,1.3202920854382683e-06,15029,
484,,,,15034,0.0025418540462851524
485,0.0027621390763670206,2.8576256227097474e-05,1.552221419842681e-06,15039,
485,0.002616153098642826,3.355668013682589e-05,1.557301629873109e-06,15049,
485,0.0032708346843719482,2.8182757887407206e-05,1.8340798533245106e-06,15059,
485,,,,15065,0.00252435146830976
486,0.0019420954631641507,2.6096355213667266e-05,1.3229456499175285e-06,15069,
486,0.0027598761953413486,2.455512367305346e-05,1.5392541854453157e-06,15079,
486,0.002103130565956235,2.622394276841078e-05,1.152648792412947e-06,15089,
486,,,,15096,0.002512072678655386
487,0.0029382621869444847,2.6585974410409108e-05,1.5538914794888115e-06,15099,
487,0.001771189970895648,2.554347702243831e-05,1.2181097872598912e-06,15109,
487,0.0023910310119390488,2.504147960280534e-05,1.5620756812495529e-06,15119,
487,,,,15127,0.0025108635891228914
488,0.00293528288602829,2.957198921649251e-05,1.8739947336143814e-06,15129,
488,0.0029175549279898405,2.4476828912156634e-05,1.5030561826279154e-06,15139,
488,0.002536209998652339,2.2617727154283784e-05,1.3038880979365786e-06,15149,
488,,,,15158,0.0025023180060088634
489,0.0017773236613720655,2.6816156605491415e-05,1.2293907047933317e-06,15159,
489,0.0027184106875211,2.538928310968913e-05,1.4587540135835297e-06,15169,
489,0.0022010845132172108,2.8234566343599e-05,1.3388607840170152e-06,15179,
489,0.0001242748840013519,1.801520738808904e-05,2.365727169717502e-09,15189,
489,,,,15189,0.0025489414110779762
490,0.001963065704330802,2.682360354810953e-05,1.4364251228471403e-06,15199,
490,0.0022404661867767572,2.6568055545794778e-05,1.4344736882776488e-06,15209,
490,0.0016814498230814934,2.5169356376864016e-05,1.16540206818172e-06,15219,
490,,,,15220,0.0026534039061516523
491,0.0019125213148072362,3.073773405048996e-05,1.3144738204573514e-06,15229,
491,0.0025626083370298147,2.5723098588059656e-05,1.5349841078204918e-06,15239,
491,0.0027704117819666862,3.0194742066669278e-05,1.7430470506951679e-06,15249,
491,,,,15251,0.0025703138671815395
492,0.003193435026332736,2.314676203241106e-05,1.5328901099564973e-06,15259,
492,0.0023510956671088934,2.5968785848817788e-05,1.4804022612224799e-06,15269,
492,0.0017246203497052193,2.6056412025354803e-05,1.2131118864999735e-06,15279,
492,,,,15282,0.002593254903331399
493,0.002169830957427621,2.7455054805614054e-05,1.270245888917998e-06,15289,
493,0.0029050991870462894,2.9160115445847623e-05,1.4573201951861847e-06,15299,
493,0.0026078843511641026,2.7704829335561953e-05,1.5844562994971056e-06,15309,
493,,,,15313,0.0028926702216267586
494,0.0027842922136187553,3.317732262075879e-05,1.6848622408360825e-06,15319,
494,0.0027539697475731373,2.7784155463450588e-05,1.6764829524618108e-06,15329,
494,0.0021559593733400106,2.89769141090801e-05,1.3234570133136003e-06,15339,
494,,,,15344,0.0026266358327120543
495,0.0027625944931060076,3.717805884662084e-05,1.549541593703907e-06,15349,
495,0.002640615915879607,3.474676123005338e-05,1.5581942989228992e-06,15359,
495,0.0032668125350028276,2.6584266379359178e-05,1.8489810145183583e-06,15369,
495,,,,15375,0.002536438638344407
496,0.0019715775270015,2.5334378733532503e-05,1.324126856161456e-06,15379,
496,0.002755767200142145,2.3729309759801254e-05,1.5340673371611047e-06,15389,
496,0.002068570116534829,2.487483106961008e-05,1.1431626489866176e-06,15399,
496,,,,15406,0.002897799015045166
497,0.003176772501319647,2.9451970476657152e-05,1.6854187379067298e-06,15409,
497,0.0020258117001503706,2.9145210646674968e-05,1.3310204849403817e-06,15419,
497,0.0023656212724745274,2.567665978858713e-05,1.5414509562106105e-06,15429,
497,,,,15437,0.002510726684704423
498,0.00292406533844769,2.9540693503804505e-05,1.8256586145071196e-06,15439,
498,0.0029574206564575434,2.3800037524779327e-05,1.5113188283066847e-06,15449,
498,0.002568919211626053,2.3981430786079727e-05,1.2988238040634315e-06,15459,
498,,,,15468,0.0025027983356267214
499,0.001779004349373281,2.71134776994586e-05,1.2099055766157107e-06,15469,
499,0.0027391058392822742,2.6054229238070548e-05,1.4604415810026694e-06,15479,
499,0.002221752190962434,2.9263048418215476e-05,1.3490326864484814e-06,15489,
499,0.0001575487112859264,1.8108965377905406e-05,2.261704157291433e-09,15499,
499,,,,15499,0.0028692183550447226
500,0.002028876915574074,3.024283614649903e-05,1.4519589512929088e-06,15509,
500,0.0022599452640861273,2.8915861548739485e-05,1.4570920257028774e-06,15519,
500,0.0017043899279087782,2.53514590440318e-05,1.1637508805506513e-06,15529,
500,,,,15530,0.0025268748868256807
501,0.0019494839943945408,2.8800865038647316e-05,1.3126200428814627e-06,15539,
501,0.0025560108479112387,2.8197804567753337e-05,1.56233579673426e-06,15549,
501,0.002747233957052231,3.06012989312876e-05,1.7112942032326828e-06,15559,
501,,,,15561,0.0024872920475900173
502,0.0031812330707907677,2.3119815523386933e-05,1.5354135030065663e-06,15569,
502,0.002335204742848873,2.6635583708412014e-05,1.479123170611274e-06,15579,
502,0.0017025629058480263,2.565324575698469e-05,1.1855375987579464e-06,15589,
502,,,,15592,0.002746507292613387
503,0.002171661937609315,2.605153167678509e-05,1.2828686521970667e-06,15599,
503,0.0029390989802777767,2.9344073482207023e-05,1.507778051745845e-06,15609,
503,0.0026042817626148462,2.9209244530647993e-05,1.5967501667546458e-06,15619,
503,,,,15623,0.002601749962195754
504,0.0027068182826042175,3.167711111018434e-05,1.6634950270599802e-06,15629,
504,0.0027442011050879955,2.6754627469927073e-05,1.6641769207126345e-06,15639,
504,0.002141606528311968,2.6657991838874295e-05,1.316441966991988e-06,15649,
504,,,,15654,0.002490972401574254
505,0.002717848401516676,2.6060979507747106e-05,1.5380600189018878e-06,15659,
505,0.0025862115435302258,2.807222153933253e-05,1.54719623424171e-06,15669,
505,0.003224581480026245,2.6161940695601515e-05,1.8193558162238332e-06,15679,
505,,,,15685,0.0028856147546321154
506,0.0020236424170434475,2.8562548322952352e-05,1.407124273100635e-06,15689,
506,0.0028289889451116323,2.622537977003958e-05,1.6152404214153648e-06,15699,
506,0.0021227379329502583,3.1169067369773984e-05,1.1746517429855885e-06,15709,
506,,,,15716,0.002534382278099656
507,0.0029934500344097614,2.903366657847073e-05,1.5746866210974986e-06,15719,
507,0.0018672224832698703,2.6805777451954782e-05,1.2424894748619408e-06,15729,
507,0.002365473425015807,2.4611299522803165e-05,1.5615964912285563e-06,15739,
507,,,,15747,0.0025169989094138145
508,0.002957410179078579,2.8140590075054206e-05,1.8392986476101214e-06,15749,
508,0.002935333177447319,2.324572233192157e-05,1.517001351203362e-06,15759,
508,0.0025188345462083817,2.3999242330319248e-05,1.2894322480860865e-06,15769,
508,,,,15778,0.002538240049034357
509,0.0018153352430090308,2.73600217042258e-05,1.255320739801391e-06,15779,
509,0.0027246398385614157,2.645248059707228e-05,1.4565330275218002e-06,15789,
509,0.0022578660864382982,2.96201014862163e-05,1.3746537206316134e-06,15799,
509,0.00013241310080047697,1.928238634718582e-05,2.167379387074675e-09,15809,
509,,,,15809,0.002760748378932476
510,0.0019582146778702736,2.8239976018085144e-05,1.4133886452327715e-06,15819,
510,0.002235358813777566,2.8763999580405653e-05,1.4435505590881803e-06,15829,
510,0.0017013968899846077,2.4961451345006935e-05,1.1739416549971793e-06,15839,
510,,,,15840,0.0025016474537551403
511,0.0018724151886999607,2.7736998163163662e-05,1.2728222600344452e-06,15849,
511,0.0025072444695979357,2.5727413230924867e-05,1.527477138552058e-06,15859,
511,0.002749573439359665,2.8707290766760707e-05,1.7132781522377627e-06,15869,
511,,,,15871,0.0025365115143358707
512,0.003183429129421711,2.313902587047778e-05,1.5309335594793083e-06,15879,
512,0.0023649001959711313,2.727707578742411e-05,1.4979644902268774e-06,15889,
512,0.0017000706866383553,2.655529897310771e-05,1.1790984899562318e-06,15899,
512,,,,15902,0.0027340049855411053
513,0.0021296581253409386,2.6459572836756706e-05,1.2627374417206738e-06,15909,
513,0.00284989713691175,2.823133945639711e-05,1.4553485243595787e-06,15919,
513,0.0025985343381762505,2.8197904612170532e-05,1.5821981378394412e-06,15929,
513,,,,15933,0.002691499423235655
514,0.002785678254440427,3.493456097203307e-05,1.6786138985480648e-06,15939,
514,0.00277539761736989,3.7467874790309e-05,1.6603383983238018e-06,15949,
514,0.0021476163528859615,3.134938742732629e-05,1.3696353562409058e-06,15959,
514,,,,15964,0.002747028600424528
515,0.0028725648298859596,3.279999873484485e-05,1.6139265426318161e-06,15969,
515,0.0025569326244294643,3.010587352036964e-05,1.5471348433493404e-06,15979,
515,0.003302802797406912,3.0883762519806623e-05,1.8645074533196748e-06,15989,
515,,,,15995,0.00283344485796988
516,0.002098821336403489,3.0799201340414584e-05,1.4290139915829059e-06,15999,
516,0.0028774309903383255,2.256094194308389e-05,1.6066057924035704e-06,16009,
516,0.0020838191267102957,2.890559335355647e-05,1.1648146482912125e-06,16019,
516,,,,16026,0.0030758571811020374
517,0.003183974651619792,3.092296174145304e-05,1.7070574358513113e-06,16029,
517,0.0018144701607525349,3.579748954507522e-05,1.2346230278126313e-06,16039,
517,0.0023861213121563196,3.204379027010873e-05,1.5694647572672693e-06,16049,
517,,,,16057,0.002660315716639161
518,0.0031183294486254454,3.1772298825671896e-05,1.9958913526352262e-06,16059,
518,0.002931038849055767,2.68931999016786e-05,1.538932224320888e-06,16069,
518,0.0025118424091488123,2.4481714717694558e-05,1.2966229405719787e-06,16079,
518,,,,16088,0.00270762643776834
519,0.0019810234662145376,2.6749627068056725e-05,1.413271206729405e-06,16089,
519,0.0029613226652145386,3.11232652165927e-05,1.6569018725931528e-06,16099,
519,0.0022240018006414175,3.063621625187807e-05,1.3861358638678212e-06,16109,
519,0.00023820991918910295,1.3757140550296754e-05,3.220229638500882e-09,16119,
519,,,,16119,0.002880604239180684
520,0.001976356375962496,3.205292159691453e-05,1.467582706027315e-06,16129,
520,0.0022460934706032276,3.206019755452871e-05,1.4502545582217863e-06,16139,
520,0.001682009780779481,2.7318194042891264e-05,1.2132240954088047e-06,16149,
520,,,,16150,0.002692262642085552
521,0.001909863785840571,3.222477243980393e-05,1.324205300079484e-06,16159,
521,0.0025070507545024157,2.7068701456300914e-05,1.5120768921406125e-06,16169,
521,0.002744515659287572,2.9891476515331306e-05,1.7485663192928769e-06,16179,
521,,,,16181,0.002658998128026724
522,0.0033430340699851513,2.9773951609968208e-05,1.6605673636149731e-06,16189,
522,0.002393535105511546,2.520913585613016e-05,1.4894013702360098e-06,16199,
522,0.0017267504008486867,2.6561128834146075e-05,1.2260290986887412e-06,16209,
522,,,,16212,0.002710447646677494
523,0.002105721039697528,2.855069760698825e-05,1.266919184672588e-06,16219,
523,0.0028944858349859715,2.8586737244040705e-05,1.4229021871869918e-06,16229,
523,0.002569373929873109,2.6464480470167473e-05,1.6446700783490087e-06,16239,
523,,,,16243,0.002693585120141506
524,0.002753247506916523,3.0093184250290506e-05,1.6973497167782625e-06,16249,
524,0.00268069701269269,2.6237243218929507e-05,1.6391654753533658e-06,16259,
524,0.002102204132825136,2.734994086495135e-05,1.3302957313499064e-06,16269,
524,,,,16274,0.002707143547013402
525,0.0029315846040844917,2.8921411285409704e-05,1.6451765532110585e-06,16279,
525,0.002592418109998107,2.944878906419035e-05,1.568295260767627e-06,16289,
525,0.0032061701640486717,2.7928572308155708e-05,1.8293904986421694e-06,16299,
525,,,,16305,0.0026498830411583185
526,0.001955279614776373,2.787197990983259e-05,1.3760560477749095e-06,16309,
526,0.002796111162751913,2.581779335741885e-05,1.5882715160842054e-06,16319,
526,0.002071457915008068,2.8314838345977478e-05,1.153676635112788e-06,16329,
526,,,,16336,0.002641691593453288
527,0.003012661589309573,2.8652983019128442e-05,1.6440200170109165e-06,16339,
527,0.0017859113868325949,3.0685569072375074e-05,1.2291203574932297e-06,16349,
527,0.0023555520456284285,2.7103005777462386e-05,1.5476624639632064e-06,16359,
527,,,,16367,0.002660417230799794
528,0.0031610182486474514,2.956534444820136e-05,2.007567900363938e-06,16369,
528,0.002904305001720786,2.600128391350154e-05,1.5540081221843138e-06,16379,
528,0.00249705882743001,2.382315506110899e-05,1.2905410358143854e-06,16389,
528,,,,16398,0.0026740056928247213
529,0.0019413450499996543,2.6399709895486012e-05,1.364676677440002e-06,16399,
529,0.0029306202195584774,3.0668743420392275e-05,1.6503903452758095e-06,16409,
529,0.0022024833597242832,3.197749174432829e-05,1.3806585457132314e-06,16419,
529,0.00019002532644663006,1.305391106143361e-05,2.8405313656776343e-09,16429,
529,,,,16429,0.002664805855602026
530,0.001944573363289237,3.040600859094411e-05,1.4486761301668594e-06,16439,
530,0.0022273079957813025,2.9396527679637074e-05,1.454620701224485e-06,16449,
530,0.0016771417576819658,2.4826013031997718e-05,1.215096403939242e-06,16459,
530,,,,16460,0.0026314198039472103
531,0.0018508610082790256,3.08349663100671e-05,1.2960242656845367e-06,16469,
531,0.00251037091948092,2.7439711629995145e-05,1.53585142470547e-06,16479,
531,0.0027414727956056595,3.0364390113390982e-05,1.7456020486861235e-06,16489,
531,,,,16491,0.0026218031998723745
532,0.003293949645012617,2.717147253861185e-05,1.6408132523793029e-06,16499,
532,0.0023650366347283125,2.448544546496123e-05,1.4799800283071818e-06,16509,
532,0.0017187834018841386,2.6080209863721393e-05,1.2197306205052882e-06,16519,
532,,,,16522,0.002632666612043977
533,0.0020927146542817354,2.8161519367131405e-05,1.2661162145377602e-06,16529,
533,0.0028850710950791836,2.8399750590324402e-05,1.4227385918275104e-06,16539,
533,0.0025402370374649763,2.557610241638031e-05,1.6221267742366763e-06,16549,
533,,,,16553,0.0026407605037093163
534,0.0027058881241828203,2.9538830858655274e-05,1.679092406448035e-06,16559,
534,0.002671378431841731,2.685854815354105e-05,1.6354806575691327e-06,16569,
534,0.002093190560117364,2.709232830966357e-05,1.3376408105614246e-06,16579,
534,,,,16584,0.0026371448766440153
535,0.0028730796184390783,2.7453535949462093e-05,1.6329066738762776e-06,16589,
535,0.0025826944038271904,2.784595199045725e-05,1.5674917221986107e-06,16599,
535,0.0032006895635277033,2.729710831772536e-05,1.8311031908524456e-06,16609,
535,,,,16615,0.0026198462583124638
536,0.0019540456123650074,2.697187301237136e-05,1.3810330301566864e-06,16619,
536,0.002781536662951112,2.5074961740756407e-05,1.5871573850745335e-06,16629,
536,0.0020576482638716698,2.7387155569158494e-05,1.1518494602569262e-06,16639,
536,,,,16646,0.002607998438179493
537,0.002987106330692768,2.7824367862194777e-05,1.6268857052637031e-06,16649,
537,0.0017731526168063283,3.093549094046466e-05,1.230756197401206e-06,16659,
537,0.002351821167394519,2.6632182198227383e-05,1.552373305457877e-06,16669,
537,,,,16677,0.002608443843200803
538,0.0031098765321075916,2.884598870878108e-05,1.985370317925117e-06,16679,
538,0.0028952027205377817,2.5341834771097638e-05,1.5594310980304726e-06,16689,
538,0.00249008578248322,2.3462494937120937e-05,1.293885020459129e-06,16699,
538,,,,16708,0.002610709285363555
539,0.0018854769878089428,2.559672611823771e-05,1.3322427321327268e-06,16709,
539,0.0028929831460118294,2.967841282952577e-05,1.635720650483563e-06,16719,
539,0.0021914695389568806,3.149378244415857e-05,1.3789466493108193e-06,16729,
539,0.0001764116605045274,1.2570986655191518e-05,2.6000899211453543e-09,16739,
539,,,,16739,0.00260965246707201
540,0.0019334732787683606,3.1585816032020375e-05,1.4461980981650413e-06,16749,
540,0.0022149633150547743,2.8750122510246e-05,1.4490515241050161e-06,16759,
540,0.0016757202101871371,2.4103168470901437e-05,1.2226944363646908e-06,16769,
540,,,,16770,0.002604800509288907
541,0.0018330494640395045,3.1064802897162735e-05,1.2864468317275168e-06,16779,
541,0.002520809881389141,2.809868055919651e-05,1.5498843595196377e-06,16789,
541,0.0027401517145335674,3.101562106166966e-05,1.7469014892412815e-06,16799,
541,,,,16801,0.0025979166384786367
542,0.0032885309774428606,2.686460538825486e-05,1.6362732822017279e-06,16809,
542,0.0023543350398540497,2.4368193408008665e-05,1.480599053138576e-06,16819,
542,0.0017161405412480235,2.5791494408622384e-05,1.2216290770084015e-06,16829,
542,,,,16832,0.0025920108892023563
543,0.0020835420582443476,2.8560692953760736e-05,1.2656478247663472e-06,16839,
543,0.0028862934559583664,2.861225584638305e-05,1.4268978247855557e-06,16849,
543,0.002517078537493944,2.5230861865566112e-05,1.6095121964099235e-06,16859,
543,,,,16863,0.002588133793324232
544,0.002677028998732567,2.8779253625543788e-05,1.6712801880203187e-06,16869,
544,0.0026632118970155716,2.6801542844623327e-05,1.6350126088582329e-06,16879,
544,0.0020876394119113684,2.6631989385350607e-05,1.3470129260895192e-06,16889,
544,,,,16894,0.002585753332823515
545,0.0028306017629802227,2.6403024094179273e-05,1.6251030956482282e-06,16899,
545,0.0025665471330285072,2.6348967367084697e-05,1.5619584701198619e-06,16909,
545,0.003198498161509633,2.7079202482127585e-05,1.8322278947380255e-06,16919,
545,,,,16925,0.0025839016307145357
546,0.001943702227436006,2.6234230972477235e-05,1.3790629509458086e-06,16929,
546,0.0027698830235749483,2.434364432701841e-05,1.587029373695259e-06,16939,
546,0.0020461592357605696,2.664317435119301e-05,1.14783847493527e-06,16949,
546,,,,16956,0.002581642009317875
547,0.0029636125545948744,2.7032252546632662e-05,1.612051278243598e-06,16959,
547,0.0017632764065638185,3.1892512197373435e-05,1.2292246083234204e-06,16969,
547,0.0023540526162832975,2.657635741343256e-05,1.5590685507049784e-06,16979,
547,,,,16987,0.0025784033350646496
548,0.0030839769169688225,2.8632666726480238e-05,1.975508666873793e-06,16989,
548,0.0028903468046337366,2.529291123209987e-05,1.563024738970853e-06,16999,
548,0.0024836717639118433,2.3286984287551604e-05,1.2989552260478376e-06,17009,
548,,,,17018,0.002574390033259988
549,0.0018557372968643904,2.5298799300799146e-05,1.3184861700210604e-06,17019,
549,0.0028663622215390205,2.9304475901881233e-05,1.6236821238635457e-06,17029,
549,0.0021872175857424736,3.1248811865225434e-05,1.381753577334166e-06,17039,
549,0.0001683367881923914,1.2357847481325734e-05,2.4587798463926447e-09,17049,
549,,,,17049,0.0025703939609229565
550,0.0019222971750423312,3.2234358513960615e-05,1.4427733958655153e-06,17059,
550,0.002202044241130352,2.798491004796233e-05,1.4421946161746746e-06,17069,
550,0.0016726722242310643,2.356555160076823e-05,1.228949145115621e-06,17079,
550,,,,17080,0.002566975075751543
551,0.0018091698875650764,3.090074460487813e-05,1.2716595847450662e-06,17089,
551,0.002532059559598565,2.8168489734525792e-05,1.5658617940061959e-06,17099,
551,0.0027339470107108355,3.075958738918416e-05,1.7468076976001612e-06,17109,
551,,,,17111,0.0025640963576734066
552,0.0032734202686697245,2.6317793526686728e-05,1.6265342992483056e-06,17119,
552,0.002340152394026518,2.4245286113000475e-05,1.4782351627218304e-06,17129,
552,0.0017116415547206998,2.5556146283634007e-05,1.2226897752043442e-06,17139,
552,,,,17142,0.0025614977348595858
553,0.0020752660930156708,2.908221176767256e-05,1.2626956049643923e-06,17149,
553,0.002891585696488619,2.875830978155136e-05,1.4334110574054648e-06,17159,
553,0.002501231385394931,2.4886825485737063e-05,1.599880306457635e-06,17169,
553,,,,17173,0.002559087472036481
554,0.0026549443136900663,2.835699160641525e-05,1.6637887938486529e-06,17179,
554,0.002657115925103426,2.704715370782651e-05,1.6340933370884159e-06,17189,
554,0.002085017738863826,2.648454756126739e-05,1.3538281109504169e-06,17199,
554,,,,17204,0.002556867664679885
555,0.002813460538163781,2.5771620130399242e-05,1.6237202089541825e-06,17209,
555,0.0025547463446855545,2.5590637960704044e-05,1.5561164445898612e-06,17219,
555,0.003198770573362708,2.715248047024943e-05,1.8310420273337513e-06,17229,
555,,,,17235,0.0025547146797180176
556,0.0019280512351542711,2.5664934582891874e-05,1.3720693914365256e-06,17239,
556,0.0027621190529316664,2.3757078452035785e-05,1.5870321021793643e-06,17249,
556,0.0020398839842528105,2.631731149449479e-05,1.1426088804000756e-06,17259,
556,,,,17266,0.0025524867232888937
557,0.002945591462776065,2.6464902475709096e-05,1.6038894727898878e-06,17269,
557,0.0017521317349746823,3.2363626814913005e-05,1.225382334268943e-06,17279,
557,0.002356806769967079,2.6244664695695974e-05,1.565293700878101e-06,17289,
557,,,,17297,0.0025501050986349583
558,0.0030484276358038187,2.841702735167928e-05,1.9588330815167865e-06,17299,
558,0.0028814494144171476,2.5429062588955276e-05,1.5584927268719184e-06,17309,
558,0.0024757348001003265,2.3129592591430992e-05,1.302964165006415e-06,17319,
558,,,,17328,0.002547658048570156
559,0.0018351764883846045,2.5125777028733864e-05,1.3081263432468404e-06,17329,
559,0.0028424288611859083,2.8832493626396172e-05,1.6097418438221212e-06,17339,
559,0.002180609619244933,3.092012775596231e-05,1.384812776450417e-06,17349,
559,0.00015913612151052803,1.2322506336204242e-05,2.357357198334853e-09,17359,
559,,,,17359,0.002545271534472704
560,0.0019125769613310695,3.2771957194199786e-05,1.4393718856808846e-06,17369,
560,0.002194502856582403,2.7210209736949764e-05,1.4369244354384136e-06,17379,
560,0.0016699121333658695,2.3169013729784638e-05,1.231684450431203e-06,17389,
560,,,,17390,0.0025430445093661547
561,0.0017886487767100334,3.09358692902606e-05,1.2567495559778763e-06,17399,
561,0.002538546919822693,2.787679295579437e-05,1.5763321243866812e-06,17409,
561,0.002726202365010977,3.0227494789869525e-05,1.7465828250351478e-06,17419,
561,,,,17421,0.002540998160839081
562,0.0032650604844093323,2.6416444597998634e-05,1.619353156456782e-06,17429,
562,0.0023338471073657274,2.4205513909691945e-05,1.4801536281083827e-06,17439,
562,0.0017115201335400343,2.5291474230471067e-05,1.226158246936393e-06,17449,
562,,,,17452,0.002539115259423852
563,0.002066519809886813,2.971979665744584e-05,1.2583384432218736e-06,17459,
563,0.0028931305278092623,2.881185537262354e-05,1.4375558521351195e-06,17469,
563,0.0024904224555939436,2.458129711158108e-05,1.5928027323752758e-06,17479,
563,,,,17483,0.002537401160225272
564,0.0026352202985435724,2.8000367819913663e-05,1.6571303831369733e-06,17489,
564,0.0026530283503234386,2.7272870283923112e-05,1.6334797692252323e-06,17499,
564,0.0020842025987803936,2.6334120775572956e-05,1.358443569188239e-06,17509,
564,,,,17514,0.0025358344428241253
565,0.0028046320658177137,2.5321112843812443e-05,1.6245113556578872e-06,17519,
565,0.002539008855819702,2.510909689590335e-05,1.547356760056573e-06,17529,
565,0.0032001256477087736,2.7406900699133985e-05,1.8304403965885285e-06,17539,
565,,,,17545,0.0025344013702124357
566,0.0019114984897896647,2.517778193578124e-05,1.3636284847962088e-06,17549,
566,0.002757391892373562,2.3157239411375485e-05,1.5868837408561376e-06,17559,
566,0.002039573388174176,2.6235302357235923e-05,1.1408491218389827e-06,17569,
566,,,,17576,0.0025330549106001854
567,0.0029358603060245514,2.6116273147636093e-05,1.602050474502903e-06,17579,
567,0.0017386430408805609,3.257688513258472e-05,1.2199603816043236e-06,17589,
567,0.002357826102524996,2.5810315491980873e-05,1.571128223076812e-06,17599,
567,,,,17607,0.0025317477993667126
568,0.003021126613020897,2.8403146643540822e-05,1.946198381119757e-06,17609,
568,0.0028737226966768503,2.5881035981001332e-05,1.5534576505160658e-06,17619,
568,0.0024675282184034586,2.2865240680403076e-05,1.308686819356808e-06,17629,
568,,,,17638,0.002530432539060712
569,0.0018247432308271527,2.5107627152465284e-05,1.3047078937233891e-06,17639,
569,0.0028178247157484293,2.8701948394882493e-05,1.5938882143018418e-06,17649,
569,0.0021677198819816113,3.0447135941358283e-05,1.3873101352146477e-06,17659,
569,0.00014953331265132874,1.2382357454043813e-05,2.352342987066436e-09,17669,
569,,,,17669,0.0025290444027632475
570,0.0019031099509447813,3.318488234071992e-05,1.436111233488191e-06,17679,
570,0.0021937068086117506,2.653025512699969e-05,1.4353186088555958e-06,17689,
570,0.0016664705472066998,2.295965350640472e-05,1.2323127975832904e-06,17699,
570,,,,17700,0.002527484204620123
571,0.0017697110306471586,3.0927556508686393e-05,1.2444201047401293e-06,17709,
571,0.002535870298743248,2.723794023040682e-05,1.5785365121701034e-06,17719,
571,0.002718165284022689,2.9737891964032315e-05,1.748451495586778e-06,17729,
571,,,,17731,0.002525618765503168
572,0.003261222504079342,2.6878360586124472e-05,1.6164053704414982e-06,17739,
572,0.002334175631403923,2.4197497623390518e-05,1.4871908433633507e-06,17749,
572,0.001712445286102593,2.5081757485168055e-05,1.2311239743212354e-06,17759,
572,,,,17762,0.0025232485495507717
573,0.002059072721749544,3.071220271522179e-05,1.2558251683003618e-06,17769,
573,0.00288385059684515,2.866145223379135e-05,1.4359399074237444e-06,17779,
573,0.0024837336968630552,2.431418397463858e-05,1.5877781152084935e-06,17789,
573,,,,17793,0.002520021516829729
574,0.002614484168589115,2.76466289506061e-05,1.6508371345480555e-06,17799,
574,0.002651500515639782,2.7303312890580855e-05,1.6347117934856215e-06,17809,
574,0.0020853623282164335,2.5944531444110908e-05,1.359791667709942e-06,17819,
574,,,,17824,0.002515343250706792
575,0.0027986227069050074,2.485466029611416e-05,1.625429490559327e-06,17829,
575,0.0025112456642091274,2.4788298105704598e-05,1.5329442248912528e-06,17839,
575,0.0032006441615521908,2.7581572794588283e-05,1.8310104223928647e-06,17849,
575,,,,17855,0.002508061472326517
576,0.0018887593178078532,2.459645656927023e-05,1.3504412663678522e-06,17859,
576,0.0027463803999125957,2.2277794414549135e-05,1.5808240050319e-06,17869,
576,0.002044981112703681,2.626930654514581e-05,1.1459144388936693e-06,17879,
576,,,,17886,0.0024963216856122017
577,0.0029173516668379307,2.5653700504335575e-05,1.5972839264577487e-06,17889,
577,0.0017263124464079738,3.132792699034326e-05,1.2148185533078504e-06,17899,
577,0.002338429680094123,2.426340324745979e-05,1.5644196764696972e-06,17909,
577,,,,17917,0.0024780535604804754
578,0.0029166697058826685,2.735520865826402e-05,1.8866250002247398e-06,17919,
578,0.0028506414964795113,2.4991488317027688e-05,1.5302728115784703e-06,17929,
578,0.0024670991115272045,2.1879544874536805e-05,1.321870968240546e-06,17939,
578,,,,17948,0.002454663161188364
579,0.0017542120767757297,2.3687964130658656e-05,1.2519195706772734e-06,17949,
579,0.002749963663518429,2.592314558569342e-05,1.5453741752935457e-06,17959,
579,0.0021370998583734035,2.8292399292695336e-05,1.3857563772035064e-06,17969,
579,0.00010110960283782333,1.192039781017229e-05,2.2096806606697328e-09,17979,
579,,,,17979,0.0024384695570915937
580,0.0018831127090379596,2.65202052105451e-05,1.4263928278523963e-06,17989,
580,0.002150060376152396,2.4081671654130332e-05,1.4258229157348978e-06,17999,
580,0.0016551889711990952,2.1902807930018753e-05,1.2176409427411272e-06,18009,
580,,,,18010,0.0024427578318864107
581,0.001729101175442338,2.5985229513025843e-05,1.2431090681275236e-06,18019,
581,0.002537166466936469,2.465937905071769e-05,1.6034551890697912e-06,18029,
581,0.002707412699237466,2.8297965400270186e-05,1.7298548300459515e-06,18039,
581,,,,18041,0.002448896411806345
582,0.003205403219908476,2.201470488216728e-05,1.5883528021731763e-06,18049,
582,0.00231405277736485,2.50245302595431e-05,1.4975873909861548e-06,18059,
582,0.0017038073856383562,2.5934456061804667e-05,1.2244686331541743e-06,18069,
582,,,,18072,0.002457422437146306
583,0.0020446579437702894,2.5238778107450344e-05,1.2401281992424629e-06,18079,
583,0.002849634736776352,2.8655658752541058e-05,1.4243923942558467e-06,18089,
583,0.002474855864420533,2.476523513905704e-05,1.5697187336627394e-06,18099,
583,,,,18103,0.0024640196934342384
584,0.002562210662290454,2.6198758860118687e-05,1.6046612927311799e-06,18109,
584,0.0026615364477038383,2.4816568839014508e-05,1.6449247368655051e-06,18119,
584,0.0021067101042717695,2.7502528610057198e-05,1.352722165393061e-06,18129,
584,,,,18134,0.0024712218437343836
585,0.0026832716539502144,2.3820583010092378e-05,1.5627853144906112e-06,18139,
585,0.0025125404354184866,2.547358235460706e-05,1.5482675053135608e-06,18149,
585,0.003227926790714264,2.8418913643690757e-05,1.8423146457280382e-06,18159,
585,,,,18165,0.0024768158327788115
586,0.001903564902022481,2.6024454200523905e-05,1.3571332146966597e-06,18169,
586,0.002699222881346941,2.1836391169927083e-05,1.5491846170334611e-06,18179,
586,0.0020370546262711287,2.8027860025758855e-05,1.1569387652343721e-06,18189,
586,,,,18196,0.0024789003655314445
587,0.0028930155094712973,2.6231680749333464e-05,1.5790737961651757e-06,18199,
587,0.001789731439203024,2.727721948758699e-05,1.234153955920192e-06,18209,
587,0.0023340664338320494,2.5637407816248015e-05,1.577317220835539e-06,18219,
587,,,,18227,0.002474580192938447
588,0.0028348471969366074,2.705908082134556e-05,1.8408062487651478e-06,18229,
588,0.002853509271517396,2.3895438062027097e-05,1.52373718265153e-06,18239,
588,0.0024811015464365482,2.1677082258975133e-05,1.3320943708095e-06,18249,
588,,,,18258,0.002463906304910779
589,0.0017654052935540676,2.6681474992074072e-05,1.2624739156308351e-06,18259,
589,0.002745199715718627,2.6455123588675633e-05,1.5574024700981681e-06,18269,
589,0.002141928067430854,2.9314429411897436e-05,1.3933092759543797e-06,18279,
589,9.692617459222674e-05,1.4152780750009697e-05,2.2202277794036718e-09,18289,
589,,,,18289,0.0024525693152099848
590,0.0018840300617739558,2.49568165600067e-05,1.4345855561259668e-06,18299,
590,0.0021271631121635437,2.6789861294673756e-05,1.4101858596404782e-06,18309,
590,0.0016580532537773252,2.294742444064468e-05,1.224109382746974e-06,18319,
590,,,,18320,0.0024457857944071293
591,0.0017307339003309608,2.574924837972503e-05,1.246525016540545e-06,18329,
591,0.002527779433876276,2.4217750251409598e-05,1.6062497252278263e-06,18339,
591,0.0027025477029383183,3.133729478577152e-05,1.7394133919879096e-06,18349,
591,,,,18351,0.0024426844902336597
592,0.0032049694564193487,2.4367012883885764e-05,1.5963598798407475e-06,18359,
592,0.0023060196544975042,2.4660801500431262e-05,1.4976476450101472e-06,18369,
592,0.0016883589560166001,2.867778493964579e-05,1.2306257985983393e-06,18379,
592,,,,18382,0.0024413501378148794
593,0.002029015216976404,2.786530603771098e-05,1.2449605719666579e-06,18389,
593,0.0028369540814310312,3.188159826095216e-05,1.432712679161341e-06,18399,
593,0.0024857940152287483,2.5836734494077973e-05,1.5911773516563699e-06,18409,
593,,,,18413,0.0024406786542385817
594,0.0025551330763846636,2.716264316404704e-05,1.6050930753408466e-06,18419,
594,0.0026350596453994513,2.5140034267678857e-05,1.6588912785664434e-06,18429,
594,0.0021227833349257708,3.010930959135294e-05,1.3580179256678093e-06,18439,
594,,,,18444,0.0024402078706771135
595,0.002678569871932268,2.502806637494359e-05,1.5740524759166874e-06,18449,
595,0.0025200096424669027,2.4909735657274723e-05,1.5655245988455135e-06,18459,
595,0.0031845492776483297,2.88986830128124e-05,1.8241443058286677e-06,18469,
595,,,,18475,0.0024395145010203123
596,0.0018751592142507434,2.7206731829210185e-05,1.3559044873545645e-06,18479,
596,0.0026992911007255316,2.4550316084059887e-05,1.5689132624174817e-06,18489,
596,0.0020482856780290604,2.8544958695420064e-05,1.159234329861647e-06,18499,
596,,,,18506,0.002438865602016449
597,0.0028748305048793554,2.602132735773921e-05,1.5801164181539207e-06,18509,
597,0.0017669687513262033,2.8754224331350997e-05,1.2382608929328853e-06,18519,
597,0.0023332100827246904,2.664976091182325e-05,1.6011435945983976e-06,18529,
597,,,,18537,0.002438063733279705
598,0.002807297045364976,2.7919710191781633e-05,1.8469055476089125e-06,18539,
598,0.002875235863029957,2.4433626094833016e-05,1.5394629144793726e-06,18549,
598,0.0024453510995954275,2.13177663681563e-05,1.3352121186471777e-06,18559,
598,,,,18568,0.0024371049366891384
599,0.0017447210848331451,2.7975018383585848e-05,1.2645105016417801e-06,18569,
599,0.0027043139562010765,2.7944750399910845e-05,1.528358438918076e-06,18579,
599,0.0021336968056857586,2.8594307877938263e-05,1.4107940842222888e-06,18589,
599,9.72221969277598e-05,1.4164195818011649e-05,2.2706361235691475e-09,18599,
599,,,,18599,0.0024363405536860228
600,0.0018638259498402476,2.452101034577936e-05,1.434534397048992e-06,18609,
600,0.0021096384152770042,2.737396971497219e-05,1.4054332950763637e-06,18619,
600,0.0016505062812939286,2.3245849661179818e-05,1.2311553518884466e-06,18629,
600,,,,18630,0.0024355105124413967
601,0.0017487012082710862,2.6721565518528223e-05,1.2671146123466315e-06,18639,
601,0.0024865781888365746,2.300447340530809e-05,1.5748307760077296e-06,18649,
601,0.002693869173526764,3.147726965835318e-05,1.7486739807281992e-06,18659,
601,,,,18661,0.0024344916455447674
602,0.0031702632550150156,2.612502248666715e-05,1.586080657034472e-06,18669,
602,0.0023191613145172596,2.562202098488342e-05,1.5179176671153982e-06,18679,
602,0.001684518763795495,2.749507621047087e-05,1.234712613040756e-06,18689,
602,,,,18692,0.0024338318035006523
603,0.0020231164526194334,2.8390455554472283e-05,1.2487570302255335e-06,18699,
603,0.00281328777782619,3.209198985132389e-05,1.4392986713573919e-06,18709,
603,0.0024855632800608873,2.5661656763986684e-05,1.5888882671788451e-06,18719,
603,,,,18723,0.0024329801090061665
604,0.0025456706061959267,2.77460967481602e-05,1.6034194914027466e-06,18729,
604,0.002624537330120802,2.4756000129855238e-05,1.6674838434482808e-06,18739,
604,0.00212309998460114,2.851753743016161e-05,1.3624136272483156e-06,18749,
604,,,,18754,0.00243176962248981
605,0.0026684729382395744,2.605758527352009e-05,1.580599814587913e-06,18759,
605,0.0025279216933995485,2.5741488570929505e-05,1.5808843727427302e-06,18769,
605,0.0031732977367937565,2.764034979918506e-05,1.8139049871024326e-06,18779,
605,,,,18785,0.0024315640330314636
606,0.00187002494931221,2.68496987700928e-05,1.3604310424852883e-06,18789,
606,0.0027029463090002537,2.5026232833624817e-05,1.5839013940421864e-06,18799,
606,0.0020484132692217827,2.8516076781670563e-05,1.1574664995350759e-06,18809,
606,,,,18816,0.0024304792750626802
607,0.002882936503738165,2.582723209343385e-05,1.5913286688373773e-06,18819,
607,0.001757054473273456,2.8591040972969495e-05,1.2394589248287957e-06,18829,
607,0.0023260980378836393,2.5053774152183905e-05,1.601517510607664e-06,18839,
607,,,,18847,0.002428617561236024
608,0.0027878216933459044,2.8943055440322496e-05,1.8403460444460507e-06,18849,
608,0.0028780465945601463,2.4981738533824682e-05,1.544524252494739e-06,18859,
608,0.002435281639918685,2.0364546799100935e-05,1.3371288787311641e-06,18869,
608,,,,18878,0.002430276246741414
609,0.0017435506451874971,2.740701711445581e-05,1.2705387462119688e-06,18879,
609,0.0026837282348424196,2.8130689315730706e-05,1.5133505257836077e-06,18889,
609,0.002127239480614662,2.8530837880680338e-05,1.4189796502250829e-06,18899,
609,9.412867802893743e-05,1.3346248124435078e-05,2.2205923766449587e-09,18909,
609,,,,18909,0.0024278254713863134
610,0.001850704662501812,2.416991446807515e-05,1.4296023209681152e-06,18919,
610,0.0021059932187199593,2.621330895635765e-05,1.40621887112502e-06,18929,
610,0.0016481763450428843,2.318512815691065e-05,1.2313531669860822e-06,18939,
610,,,,18940,0.002423458267003298
611,0.001752951880916953,2.690620021894574e-05,1.2750217592838453e-06,18949,
611,0.0024764894042164087,2.271970697620418e-05,1.5649475244572386e-06,18959,
611,0.0026887105777859688,3.063858821406029e-05,1.7479812868259614e-06,18969,
611,,,,18971,0.0024341908283531666
612,0.0031524235382676125,2.66162369371159e-05,1.5782320588186849e-06,18979,
612,0.0023274854756891727,2.6227100534015335e-05,1.524621779935842e-06,18989,
612,0.0016832061810418963,2.6500345484237187e-05,1.2331792049735668e-06,18999,
612,,,,19002,0.0024237753823399544
613,0.0020160020794719458,2.8241052859812044e-05,1.2472391972551122e-06,19009,
613,0.0028021824546158314,3.165983798680827e-05,1.4378965715877712e-06,19019,
613,0.002475628862157464,2.477750604157336e-05,1.5858216784181423e-06,19029,
613,,,,19033,0.002409497043117881
614,0.002535967156291008,2.695215334824752e-05,1.5991328154996154e-06,19039,
614,0.002615931211039424,2.4263157683890313e-05,1.6658487993481685e-06,19049,
614,0.002123145619407296,2.7484491511131637e-05,1.3635811910717166e-06,19059,
614,,,,19064,0.002473947824910283
615,0.0026726804208010435,2.7617328669293784e-05,1.5912880826363107e-06,19069,
615,0.0025900963228195906,2.827508251357358e-05,1.6285214314848417e-06,19079,
615,0.003215530887246132,2.8302300052018836e-05,1.8338189420319395e-06,19089,
615,,,,19095,0.0024476307444274426
616,0.0018837066600099206,2.8428388759493828e-05,1.3519431831809925e-06,19099,
616,0.002693257061764598,2.8445607313187793e-05,1.585205950505042e-06,19109,
616,0.002028596354648471,2.8251641197130084e-05,1.1525685295055155e-06,19119,
616,,,,19126,0.0024151920806616545
617,0.0029062277171760798,2.4889124688343145e-05,1.6170101844181772e-06,19129,
617,0.001721600885502994,2.7519577997736633e-05,1.22346091302461e-06,19139,
617,0.002303516026586294,2.393513932474889e-05,1.5861620568102808e-06,19149,
617,,,,19157,0.002464102813974023
618,0.002804833697155118,3.0422625059145503e-05,1.8554145526650245e-06,19159,
618,0.0028973324224352837,2.732277243921999e-05,1.5496846117457608e-06,19169,
618,0.002461858559399843,2.034765566349961e-05,1.3547679600378615e-06,19179,
618,,,,19188,0.002460312796756625
619,0.0017662782920524478,2.917685742431786e-05,1.2888658602605574e-06,19189,
619,0.002684027422219515,2.7633053832687438e-05,1.5305241731766728e-06,19199,
619,0.0021231872960925102,3.2148247555596754e-05,1.4123750133876456e-06,19209,
619,0.00010059525811811909,1.4305815057014115e-05,1.994612253142236e-09,19219,
619,,,,19219,0.0024926294572651386
620,0.0018450856441631913,2.4661412680870853e-05,1.4318209196062526e-06,19229,
620,0.002110404195263982,2.6926702048513107e-05,1.4017948615219211e-06,19239,
620,0.0016570374136790633,2.425806269457098e-05,1.2273972060938831e-06,19249,
620,,,,19250,0.002425003331154585
621,0.0017461010720580816,2.8150971047580242e-05,1.279417688238027e-06,19259,
621,0.00249456032179296,2.4317632778547704e-05,1.5698249171691714e-06,19269,
621,0.0026824085507541895,2.7900079658138566e-05,1.7358416926072096e-06,19279,
621,,,,19281,0.0024096700362861156
622,0.003151185577735305,2.5130240828730166e-05,1.577854277456936e-06,19289,
622,0.0023159347474575043,2.779178430500906e-05,1.5121337355594733e-06,19299,
622,0.0016882434720173478,2.598441824375186e-05,1.2365750308163115e-06,19309,
622,,,,19312,0.002412759233266115
623,0.002012829529121518,2.695593320822809e-05,1.247100044565741e-06,19319,
623,0.002831588499248028,3.10388277284801e-05,1.4520496733894106e-06,19329,
623,0.0024696069303900003,2.4437465981463902e-05,1.589973408044898e-06,19339,
623,,,,19343,0.0024144554045051336
624,0.002536374842748046,2.74820613412885e-05,1.6017089592423872e-06,19349,
624,0.002619696082547307,2.398071956122294e-05,1.6706886754036532e-06,19359,
624,0.0020853420719504356,2.667045009729918e-05,1.3451692666421877e-06,19369,
624,,,,19374,0.0024131685495376587
625,0.0026270728558301926,2.6616306058713235e-05,1.5703521967225242e-06,19379,
625,0.002538063330575824,2.852959187293891e-05,1.6035515955081792e-06,19389,
625,0.0032051277812570333,2.9182539947214536e-05,1.8453573602528195e-06,19399,
625,,,,19405,0.002411752939224243
626,0.0018807802116498351,2.6533412892604247e-05,1.3713558928429848e-06,19409,
626,0.0026932430919259787,2.7071262593381107e-05,1.5830057691346155e-06,19419,
626,0.002026946283876896,2.7284097086521797e-05,1.1480866533020162e-06,19429,
626,,,,19436,0.0024147694930434227
627,0.002888650167733431,2.5511853891657665e-05,1.6028759546315996e-06,19439,
627,0.0017581520369276404,2.821574526024051e-05,1.2329963965385105e-06,19449,
627,0.002306911163032055,2.2733031073585153e-05,1.5881673789408524e-06,19459,
627,,,,19467,0.0024197991006076336
628,0.002751469612121582,2.8657843358814716e-05,1.823920001697843e-06,19469,
628,0.002860919339582324,2.5612369427108206e-05,1.538092988084827e-06,19479,
628,0.0024450828786939383,2.2202015315997414e-05,1.3478494338414748e-06,19489,
628,,,,19498,0.002431604079902172
629,0.0017504369607195258,2.6285069907316938e-05,1.287821760342922e-06,19499,
629,0.00267380871810019,2.8631213353946805e-05,1.5244801261360408e-06,19509,
629,0.002114163478836417,3.12581832986325e-05,1.4147741467240849e-06,19519,
629,9.65193030424416e-05,1.3428661986836232e-05,1.9989470079195826e-09,19529,
629,,,,19529,0.0024695158936083317
630,0.001867056475020945,2.4551567548769526e-05,1.4543292081725667e-06,19539,
630,0.002137597417458892,2.4719736757106148e-05,1.4273568922362756e-06,19549,
630,0.0016692336648702621,2.2994376195129007e-05,1.2238220961080515e-06,19559,
630,,,,19560,0.00259981001727283
631,0.0018214522860944271,3.6937806726200506e-05,1.3358468322621775e-06,19569,
631,0.002509155310690403,2.7415662771090865e-05,1.5392212162623764e-06,19579,
631,0.002689834451302886,2.66455790551845e-05,1.732400505716214e-06,19589,
631,,,,19591,0.003197760321199894
632,0.0032823982182890177,3.732338154804893e-05,1.6875139863259392e-06,19599,
632,0.002487358171492815,3.5604847653303295e-05,1.5743298718007281e-06,19609,
632,0.0016745119355618954,2.489628786861431e-05,1.2394364148349268e-06,19619,
632,,,,19622,0.00250042206607759
633,0.002043595537543297,2.9668628485524096e-05,1.3245432910480304e-06,19629,
633,0.0027910147327929735,2.8600250516319647e-05,1.4361552302943892e-06,19639,
633,0.002445976249873638,2.4662489522597753e-05,1.6210561852858518e-06,19649,
633,,,,19653,0.003571960609406233
634,0.0029690649826079607,6.189299892866984e-05,1.8951947140521952e-06,19659,
634,0.0028631959576159716,6.208541890373453e-05,1.786611051102227e-06,19669,
634,0.0021579277236014605,3.329637911519967e-05,1.4786259043830796e-06,19679,
634,,,,19684,0.0026593126822263002
635,0.002878593746572733,3.6026900488650426e-05,1.7209415545949014e-06,19689,
635,0.00249764253385365,3.228188870707527e-05,1.5697140725023928e-06,19699,
635,0.003182550659403205,3.101695256191306e-05,1.8911964616563637e-06,19709,
635,,,,19715,0.0024488249327987432
636,0.0019016776932403445,2.5664965505711734e-05,1.420832859366783e-06,19719,
636,0.002696490613743663,2.39033906836994e-05,1.609175455996592e-06,19729,
636,0.0019879061728715897,2.596713420643937e-05,1.1680351690301904e-06,19739,
636,,,,19746,0.002415325026959181
637,0.0028939058538526297,2.468335151206702e-05,1.64847324413131e-06,19749,
637,0.001700894208624959,2.5235829525627196e-05,1.2418892083587707e-06,19759,
637,0.0023275348357856274,2.2859714590595104e-05,1.6152682746906066e-06,19769,
637,,,,19777,0.0026429342105984688
638,0.00304555706679821,3.116528387181461e-05,2.030279119935585e-06,19779,
638,0.0029054475016891956,2.7875115847564302e-05,1.6046703876781976e-06,19789,
638,0.0024812144692987204,2.4056002075667493e-05,1.3357027910387842e-06,19799,
638,,,,19808,0.002442935248836875
639,0.001762548228725791,2.2882390112499706e-05,1.2673175433519646e-06,19809,
639,0.0026852276641875505,2.559922904765699e-05,1.5480774209208903e-06,19819,
639,0.0020873132161796093,2.8609842047444545e-05,1.3778002312392346e-06,19829,
639,0.0002083423314616084,1.5291521776816808e-05,2.273471855218645e-09,19839,
639,,,,19839,0.0027438791003078222
640,0.0020234978292137384,5.469161624205299e-05,1.5480529782507801e-06,19849,
640,0.0021513623651117086,3.2230254873866215e-05,1.4328121551443473e-06,19859,
640,0.0016539222560822964,2.343189589737449e-05,1.2243816627233173e-06,19869,
640,,,,19870,0.0024120069574564695
641,0.0017566037131473422,2.509276964701712e-05,1.2898032082375721e-06,19879,
641,0.0024686683900654316,2.575907637947239e-05,1.5511013771174476e-06,19889,
641,0.0027210661210119724,2.551339093770366e-05,1.7719844436214771e-06,19899,
641,,,,19901,0.0026123886927962303
642,0.003304947167634964,2.6748733944259584e-05,1.686352220531262e-06,19909,
642,0.002332010306417942,2.644971027621068e-05,1.5116733038667007e-06,19919,
642,0.0016593417385593057,2.282278182974551e-05,1.2220812095620204e-06,19929,
642,,,,19932,0.002398185897618532
643,0.001996852457523346,2.3475933630834334e-05,1.2703625316135003e-06,19939,
643,0.002771279076114297,2.8025437131873332e-05,1.419799218638218e-06,19949,
643,0.0024280801881104708,2.5723904400365427e-05,1.58292721152975e-06,19959,
643,,,,19963,0.0027516053523868322
644,0.002641144674271345,4.539911969914101e-05,1.684427957115986e-06,19969,
644,0.002709932392463088,3.644747630460188e-05,1.6953065369307296e-06,19979,
644,0.0020566130988299847,2.505400152585935e-05,1.3626018926515826e-06,19989,
644,,,,19994,0.0024197467137128115
645,0.0026212893426418304,2.3081178369466215e-05,1.5893948557277326e-06,19999,
645,0.002461434109136462,2.567273440945428e-05,1.5407484852403286e-06,20009,
645,0.003149442607536912,2.7666910682455637e-05,1.8346099750488065e-06,20019,
645,,,,20025,0.0027204551734030247
646,0.001995367230847478,2.9911907404311933e-05,1.4731231203768402e-06,20029,
646,0.0027224242221564054,3.725533315446228e-05,1.5910599131530034e-06,20039,
646,0.0020009472500532866,2.6479983716853894e-05,1.1779666237998754e-06,20049,
646,,,,20056,0.0024267358239740133
647,0.0028840629383921623,2.3950122340465896e-05,1.6227563719439786e-06,20059,
647,0.0017069794703274965,2.493610736564733e-05,1.2267303191038081e-06,20069,
647,0.002305008238181472,2.3845850591897033e-05,1.5784722791067907e-06,20079,
647,,,,20087,0.0025590143632143736
648,0.0030419775284826756,2.9129243557690643e-05,2.0122363366681384e-06,20089,
648,0.0028735750820487738,2.437278817524202e-05,1.5875979215707048e-06,20099,
648,0.0024387903977185488,2.10608104680432e-05,1.313399138780369e-06,20109,
648,,,,20118,0.0024086961057037115
649,0.001721555250696838,2.3167160179582424e-05,1.2435746157279937e-06,20119,
649,0.0026852518785744905,2.4178185412893072e-05,1.5304949556593783e-06,20129,
649,0.002085628919303417,2.767122168734204e-05,1.3795842050967622e-06,20139,
649,0.00016449794929940253,1.4210122571967077e-05,2.3360458012433583e-09,20149,
649,,,,20149,0.002607821486890316
650,0.0019471512641757727,4.529345460468903e-05,1.4976487818785245e-06,20159,
650,0.0021167194936424494,2.609025796118658e-05,1.3992191725265002e-06,20169,
650,0.0016489343252032995,2.1941565137240104e-05,1.2250454801687738e-06,20179,
650,,,,20180,0.002408957574516535
651,0.0017121407436206937,2.418664917058777e-05,1.253426262337598e-06,20189,
651,0.0024925279431045055,2.3773920474923216e-05,1.5747494899187586e-06,20199,
651,0.0027014464139938354,2.485750701453071e-05,1.7510583347757347e-06,20209,
651,,,,20211,0.002650574315339327
652,0.003298887750133872,2.6349060135544278e-05,1.6875249002623605e-06,20219,
652,0.0023377835750579834,2.7467049221741036e-05,1.5119200043045566e-06,20229,
652,0.0016590378945693374,2.3594204321852885e-05,1.2133230029576225e-06,20239,
652,,,,20242,0.002416011178866029
653,0.0020002664532512426,2.3156686438596807e-05,1.2632644939003512e-06,20249,
653,0.0027807196602225304,2.751564716163557e-05,1.413124664395582e-06,20259,
653,0.002425198908895254,2.4762852262938395e-05,1.5759447933305637e-06,20269,
653,,,,20273,0.002658743178471923
654,0.002621773397549987,3.8550668250536546e-05,1.668161644374777e-06,20279,
654,0.002685525454580784,2.9921122404630296e-05,1.6778707276898785e-06,20289,
654,0.0020489944145083427,2.3584130758536048e-05,1.3536923688661773e-06,20299,
654,,,,20304,0.0024120002053678036
655,0.0026110627222806215,2.2716963940183632e-05,1.5761410168124712e-06,20309,
655,0.002454006113111973,2.366756416449789e-05,1.532561896055995e-06,20319,
655,0.003146188799291849,2.6259993319399655e-05,1.8189443835581187e-06,20329,
655,,,,20335,0.002608127426356077
656,0.001956069841980934,2.6785797672346234e-05,1.4462003719017957e-06,20339,
656,0.0027083021122962236,3.0637933377875015e-05,1.5850640693315654e-06,20349,
656,0.0019898200407624245,2.4963441319414414e-05,1.164134459941124e-06,20359,
656,,,,20366,0.0024017004761844873
657,0.0028631628956645727,2.3330989279202186e-05,1.6005736824808992e-06,20369,
657,0.001690265373326838,2.3233091269503348e-05,1.2163579867774388e-06,20379,
657,0.002297372557222843,2.2475507648778148e-05,1.5736917475805967e-06,20389,
657,,,,20397,0.0026014780160039663
658,0.0030872439965605736,2.9209137210273184e-05,2.032639713434037e-06,20399,
658,0.00288497656583786,2.469704850227572e-05,1.5937642956487252e-06,20409,
658,0.002432017819955945,2.1311305317794904e-05,1.306863396166591e-06,20419,
658,,,,20428,0.002397627104073763
659,0.001715008751489222,2.3568063625134528e-05,1.2338372243902995e-06,20429,
659,0.002670551184564829,2.407367355772294e-05,1.5197716720649623e-06,20439,
659,0.0020739533938467503,2.8392123567755334e-05,1.3746719105256489e-06,20449,
659,0.00015828534378670156,1.4327625649457332e-05,2.2601680527145618e-09,20459,
659,,,,20459,0.002599400468170643
660,0.0019320814171805978,4.525582698988728e-05,1.4887475572322728e-06,20469,
660,0.0021127229556441307,2.6515719582675956e-05,1.3953757616036455e-06,20479,
660,0.001643517054617405,2.215640779468231e-05,1.2203205415062257e-06,20489,
660,,,,20490,0.0023994522634893656
661,0.0017031884053722024,2.443330413370859e-05,1.242989696947916e-06,20499,
661,0.002485220320522785,2.301211134181358e-05,1.563400815030036e-06,20509,
661,0.002694349968805909,2.454985587974079e-05,1.7451457097195089e-06,20519,
661,,,,20521,0.0026052689645439386
662,0.0032853425946086645,2.6044692276627757e-05,1.6727901765989373e-06,20529,
662,0.0023378150071948767,2.7061227228841744e-05,1.5156845165620325e-06,20539,
662,0.0016508972039446235,2.3409162167808972e-05,1.2050397799612256e-06,20549,
662,,,,20552,0.0023954720236361027
663,0.00199052388779819,2.3224532924359664e-05,1.2573594858622528e-06,20559,
663,0.002777737332507968,2.7470305212773383e-05,1.408930984325707e-06,20569,
663,0.002414026763290167,2.4226219466072507e-05,1.5658823713238235e-06,20579,
663,,,,20583,0.0025887435767799616
664,0.0025745003949850798,3.444175308686681e-05,1.6379368616981083e-06,20589,
664,0.0026487193536013365,2.862525070668198e-05,1.6554481589992065e-06,20599,
664,0.002051372081041336,2.2776257537771016e-05,1.349162289443484e-06,20609,
664,,,,20614,0.002402698853984475
665,0.002628374146297574,2.125539685948752e-05,1.578486831022019e-06,20619,
665,0.0024569672532379627,2.250797115266323e-05,1.5312372170228628e-06,20629,
665,0.003143559442833066,2.3556574888061732e-05,1.8006576283369213e-06,20639,
665,,,,20645,0.002592038130387664
666,0.0019276230596005917,2.465311081323307e-05,1.4234215086617041e-06,20649,
666,0.0027037770487368107,2.727109495026525e-05,1.5827142760826973e-06,20659,
666,0.0019870952237397432,2.4642858988954686e-05,1.1410694469304872e-06,20669,
666,,,,20676,0.002390847774222493
667,0.002857623156160116,2.3636152036488056e-05,1.5980259604475577e-06,20679,
667,0.001674341969192028,2.3356162273557857e-05,1.2065630698998575e-06,20689,
667,0.0022784704342484474,2.2551448637386784e-05,1.5593502666888526e-06,20699,
667,,,,20707,0.002533185528591275
668,0.002961203455924988,2.867607690859586e-05,1.954622121047578e-06,20709,
668,0.0028548643458634615,2.3943592168507166e-05,1.5641229538232437e-06,20719,
668,0.002404141705483198,1.989107477129437e-05,1.3029027741140453e-06,20729,
668,,,,20738,0.002442010212689638
669,0.0017548962496221066,2.115759525622707e-05,1.2781857776644756e-06,20739,
669,0.0027107337955385447,2.626250898174476e-05,1.557865630275046e-06,20749,
669,0.002090624999254942,2.4870329070836306e-05,1.3854198641638504e-06,20759,
669,0.00011166220792802051,1.266697836399544e-05,2.320896363983138e-09,20769,
669,,,,20769,0.0024405578151345253
670,0.001865505357272923,2.937678618764039e-05,1.4396590586329694e-06,20779,
670,0.0021009217016398907,2.151992157450877e-05,1.3846839692632784e-06,20789,
670,0.001625227159820497,2.0028794097015634e-05,1.2125475450375234e-06,20799,
670,,,,20800,0.0024392479099333286
671,0.001705822884105146,2.6520121537032537e-05,1.2432528819772415e-06,20809,
671,0.002459791488945484,2.248207420052495e-05,1.540498374197341e-06,20819,
671,0.0026915150228887796,2.475384644640144e-05,1.7350530470139347e-06,20829,
671,,,,20831,0.0024414455983787775
672,0.0031971645075827837,2.2660486138192937e-05,1.6082849469967186e-06,20839,
672,0.002311230404302478,2.295324156875722e-05,1.5147368230827851e-06,20849,
672,0.0016439444152638316,2.1458892661030404e-05,1.20091249300458e-06,20859,
672,,,,20862,0.002447765087708831
673,0.0020164407324045897,2.7889507691725157e-05,1.2610892099473858e-06,20869,
673,0.002755151130259037,2.638870500959456e-05,1.3986501699037035e-06,20879,
673,0.0024323288816958666,2.1935260519967414e-05,1.5516287703576381e-06,20889,
673,,,,20893,0.0024465243332087994
674,0.0025390111841261387,2.4654791559441946e-05,1.6172849655049504e-06,20899,
674,0.0026097744703292847,2.393033901171293e-05,1.6453959688078612e-06,20909,
674,0.002074699616059661,2.201669485657476e-05,1.3504326261681854e-06,20919,
674,,,,20924,0.0024470484349876642
675,0.0027007455937564373,2.158109418815002e-05,1.6062363101809751e-06,20929,
675,0.0024828671012073755,2.274375037814025e-05,1.5349237401096616e-06,20939,
675,0.003139092121273279,2.2816060663899407e-05,1.7810236840887228e-06,20949,
675,,,,20955,0.002446202328428626
676,0.0018662523943930864,2.0843603124376386e-05,1.3726273664360633e-06,20959,
676,0.002681061392650008,2.050640614470467e-05,1.574946622895368e-06,20969,
676,0.0019915460143238306,2.28614062507404e-05,1.1259736538704601e-06,20979,
676,,,,20986,0.0024455252569168806
677,0.002894791541621089,2.346932888031006e-05,1.5995065041352063e-06,20989,
677,0.0016937942709773779,2.6374302251497284e-05,1.2146517747169128e-06,20999,
677,0.0022942775394767523,2.089833105856087e-05,1.5650826981072896e-06,21009,
677,,,,21017,0.0024451911449432373
678,0.002856605453416705,2.74214253295213e-05,1.8937340655611479e-06,21019,
678,0.002845429116860032,2.1352390831452794e-05,1.5472347740796977e-06,21029,
678,0.0024006685707718134,1.894547494885046e-05,1.3092718518237234e-06,21039,
678,,,,21048,0.0024450053460896015
679,0.0017600558931007981,2.107539876305964e-05,1.2804044899894507e-06,21049,
679,0.002701145363971591,2.5345399990328588e-05,1.5492428246943746e-06,21059,
679,0.0020869108848273754,2.4181912522180937e-05,1.3957177316115121e-06,21069,
679,0.00010624725837260485,1.2747002074320335e-05,2.254732622830602e-09,21079,
679,,,,21079,0.0024453524965792894
680,0.0018756923964247108,2.9857357731088996e-05,1.4529980489896843e-06,21089,
680,0.0021008984185755253,2.1591979020740837e-05,1.3879273410566384e-06,21099,
680,0.0016227918677031994,2.0048344595124945e-05,1.2083456795153324e-06,21109,
680,,,,21110,0.002445900347083807
681,0.0016951020807027817,2.654352101671975e-05,1.2377024631859967e-06,21119,
681,0.0024573029950261116,2.2551383153768256e-05,1.5379567912532366e-06,21129,
681,0.002690710127353668,2.4755663616815582e-05,1.732056261971593e-06,21139,
681,,,,21141,0.002446625381708145
682,0.0032071336172521114,2.2503407308249734e-05,1.6116955521283671e-06,21149,
682,0.0023155484814196825,2.257391497550998e-05,1.5211808204185218e-06,21159,
682,0.001644054427742958,2.153217064915225e-05,1.1974781273238477e-06,21169,
682,,,,21172,0.002447355305776
683,0.0020108588505536318,2.7262283765594475e-05,1.2569446425914066e-06,21179,
683,0.002758248010650277,2.6016004994744435e-05,1.3985868463350926e-06,21189,
683,0.002428446663543582,2.2019063180778176e-05,1.543117377877934e-06,21199,
683,,,,21203,0.002448031911626458
684,0.002537601860240102,2.4232116629718803e-05,1.6166677596629597e-06,21209,
684,0.0026052913162857294,2.4207582100643776e-05,1.6436318901469349e-06,21219,
684,0.002075731987133622,2.2162357709021308e-05,1.3463604773278348e-06,21229,
684,,,,21234,0.0024485846515744925
685,0.0026924305129796267,2.1637921236106195e-05,1.5987765209501958e-06,21239,
685,0.0024863439612090588,2.2685817384626716e-05,1.538710876047844e-06,21249,
685,0.003137292107567191,2.2784834072808735e-05,1.7742156614986015e-06,21259,
685,,,,21265,0.0024490111973136663
686,0.001868172432295978,2.0715611753985286e-05,1.3756109638052294e-06,21269,
686,0.002676560077816248,2.0262026737327687e-05,1.5734194676042534e-06,21279,
686,0.0019925085362046957,2.2737438484909944e-05,1.1255802974119433e-06,21289,
686,,,,21296,0.0024493704549968243
687,0.002900427673012018,2.323635453649331e-05,1.5997950413293438e-06,21299,
687,0.0016948493430390954,2.6293399059795775e-05,1.214595727105916e-06,21309,
687,0.002292965305969119,2.0628553102142178e-05,1.5612738479831023e-06,21319,
687,,,,21327,0.0024496768601238728
688,0.002848932286724448,2.7550020604394376e-05,1.888690917439817e-06,21329,
688,0.0028443674091249704,2.127500920323655e-05,1.5456417941095424e-06,21339,
688,0.0024010352790355682,1.8829234250006266e-05,1.3098881481710123e-06,21349,
688,,,,21358,0.002449973952025175
689,0.001765577937476337,2.1219479094725102e-05,1.2824859823012957e-06,21359,
689,0.002692965092137456,2.4951299565145746e-05,1.5450760884050396e-06,21369,
689,0.0020862314850091934,2.4156963263521902e-05,1.3970412737762672e-06,21379,
689,0.00010398902668384835,1.3067891813989263e-05,2.234028961822787e-09,21389,
689,,,,21389,0.0024502757005393505
690,0.0018753552576527,2.924613727373071e-05,1.4573056432709564e-06,21399,
690,0.00209595775231719,2.1381238184403628e-05,1.3850053619535174e-06,21409,
690,0.0016183684347197413,1.993960904655978e-05,1.206724164148909e-06,21419,
690,,,,21420,0.002450586063787341
691,0.0016895888838917017,2.621986459416803e-05,1.2379812233120902e-06,21429,
691,0.002456499030813575,2.2321246433421038e-05,1.5380167042167159e-06,21439,
691,0.0026874039322137833,2.4534621843486093e-05,1.731479187583318e-06,21449,
691,,,,21451,0.002450882922858
692,0.0032060069497674704,2.2391146558220498e-05,1.6115108110170695e-06,21459,
692,0.002314693992957473,2.2412741600419395e-05,1.5223583886836423e-06,21469,
692,0.0016425943467766047,2.1588657546089962e-05,1.1966942565777572e-06,21479,
692,,,,21482,0.002451139036566019
693,0.002011663280427456,2.6454477847437374e-05,1.2596450460478081e-06,21489,
693,0.0027555259875953197,2.5849749363260344e-05,1.396071411363664e-06,21499,
693,0.002421401673927903,2.2066602468839847e-05,1.5406313877974753e-06,21509,
693,,,,21513,0.002451400738209486
694,0.0025331268552690744,2.3628326744074002e-05,1.615024757484207e-06,21519,
694,0.002602509455755353,2.4109276637318544e-05,1.6418003951912397e-06,21529,
694,0.002072396455332637,2.2090429411036894e-05,1.3454437066684477e-06,21539,
694,,,,21544,0.002451604465022683
695,0.0026893296744674444,2.1806483346153982e-05,1.5981472643034067e-06,21549,
695,0.0024819273967295885,2.2588235879084095e-05,1.5364387309091398e-06,21559,
695,0.0031351426150649786,2.2630028979619965e-05,1.769956043062848e-06,21569,
695,,,,21575,0.0024518040008842945
696,0.0018702945671975613,2.0643665266106836e-05,1.3818396382703213e-06,21579,
696,0.002674434334039688,2.0069383026566356e-05,1.5746319377285545e-06,21589,
696,0.0019893029239028692,2.2690357582177967e-05,1.1246196436331957e-06,21599,
696,,,,21606,0.002451911335811019
697,0.002902184147387743,2.2971731596044265e-05,1.6010784520403831e-06,21609,
697,0.0016942580696195364,2.5745684979483485e-05,1.2151809869465069e-06,21619,
697,0.0022894730791449547,2.0404799215612002e-05,1.5587296502417303e-06,21629,
697,,,,21637,0.002452000044286251
698,0.0028479560278356075,2.7376599973649718e-05,1.891257966235571e-06,21639,
698,0.0028393350075930357,2.105877865687944e-05,1.5469300933546037e-06,21649,
698,0.0024003104772418737,1.8587923477753066e-05,1.3111090311213047e-06,21659,
698,,,,21668,0.002452043117955327
699,0.0017680265009403229,2.1349071175791323e-05,1.2845230230595917e-06,21669,
699,0.002688730601221323,2.4722423404455185e-05,1.5479797639272874e-06,21679,
699,0.0020816484466195107,2.4118968212860636e-05,1.3953482493889169e-06,21689,
699,0.00010289537021890283,1.3512587429431733e-05,2.235566176622683e-09,21699,
699,,,,21699,0.0024520191363990307
700,0.001873961417004466,2.8204522095620632e-05,1.4598898587792064e-06,21709,
700,0.0020920662209391594,2.1271005607559346e-05,1.380766093461716e-06,21719,
700,0.0016137540806084871,1.9925502783735283e-05,1.206334559356037e-06,21729,
700,,,,21730,0.002451950451359153
701,0.0016850268002599478,2.5718516553752124e-05,1.237840365320153e-06,21739,
701,0.002455736044794321,2.194228545704391e-05,1.5386406175821321e-06,21749,
701,0.0026848462875932455,2.42213936871849e-05,1.7327389514321112e-06,21759,
701,,,,21761,0.00245179096236825
702,0.0032063103280961514,2.2257592718233354e-05,1.6130181847984204e-06,21769,
702,0.002313160104677081,2.2211013856576756e-05,1.5230207282002084e-06,21779,
702,0.0016404790803790092,2.173996836063452e-05,1.1967773616561317e-06,21789,
702,,,,21792,0.0024516095872968435
703,0.002011786447837949,2.5490386178717017e-05,1.2625440604097093e-06,21799,
703,0.00275163515470922,2.5577255655662157e-05,1.3933768059359863e-06,21809,
703,0.0024154679849743843,2.2224156055017374e-05,1.5405371414090041e-06,21819,
703,,,,21823,0.002451382577419281
704,0.002528929617255926,2.303854671481531e-05,1.6138427554324153e-06,21829,
704,0.0025994572788476944,2.3813614461687393e-05,1.6398188336097519e-06,21839,
704,0.002069610171020031,2.1915735487709753e-05,1.3451079894366558e-06,21849,
704,,,,21854,0.0024511353112757206
705,0.0026872283779084682,2.1888872652198188e-05,1.5987859569577267e-06,21859,
705,0.0024753825273364782,2.2506028471980244e-05,1.533363956696121e-06,21869,
705,0.0031307414174079895,2.2407883079722524e-05,1.765274760145985e-06,21879,
705,,,,21885,0.0024508305359631777
706,0.001869806321337819,2.0508086890913546e-05,1.3856084706276306e-06,21889,
706,0.0026723032351583242,1.9807686840067618e-05,1.5756883158246637e-06,21899,
706,0.0019859112799167633,2.2697327949572355e-05,1.1237902981520165e-06,21909,
706,,,,21916,0.002450506202876568
707,0.0029014714527875185,2.2703226932208054e-05,1.6032942085075774e-06,21919,
707,0.0016906153177842498,2.5090144845307805e-05,1.2145611663072486e-06,21929,
707,0.0022859913296997547,2.028562630584929e-05,1.5567107993774698e-06,21939,
707,,,,21947,0.0024501283187419176
708,0.0028467942029237747,2.706266604945995e-05,1.894009642455785e-06,21949,
708,0.0028334343805909157,2.091526948788669e-05,1.5482986555070966e-06,21959,
708,0.00239707063883543,1.838837306422647e-05,1.3114569128447329e-06,21969,
708,,,,21978,0.0024497290141880512
709,0.001765840221196413,2.142741868738085e-05,1.2840616818721173e-06,21979,
709,0.0026840746868401766,2.452025182719808e-05,1.54916870087618e-06,21989,
709,0.0020767671521753073,2.3997645257622935e-05,1.3928074622526765e-06,21999,
709,0.0001014885856420733,1.3910032066632994e-05,2.2543515942885506e-09,22009,
709,,,,22009,0.0024493022356182337
710,0.0018697885097935796,2.728535037022084e-05,1.458938868381665e-06,22019,
710,0.002088116016238928,2.1154837668291293e-05,1.376326622448687e-06,22029,
710,0.001609679195098579,1.986924144148361e-05,1.2061099141646991e-06,22039,
710,,,,22040,0.0024488556664437056
711,0.0016803283942863345,2.5340632419101894e-05,1.2364612302917521e-06,22049,
711,0.0024528445210307837,2.169299841625616e-05,1.537258299322275e-06,22059,
711,0.0026817426551133394,2.3875811166362837e-05,1.7335511302007944e-06,22069,
711,,,,22071,0.0024484333116561174
712,0.003205500543117523,2.2142985471873544e-05,1.613068207007018e-06,22079,
712,0.002311849966645241,2.1996322175255045e-05,1.5239672848110786e-06,22089,
712,0.0016379436710849404,2.1850877601536922e-05,1.1960855772485957e-06,22099,
712,,,,22102,0.0024479785934090614
713,0.0020091149490326643,2.4855451556504704e-05,1.2628572676476324e-06,22109,
713,0.0027475820388644934,2.5211478714481927e-05,1.3914550436311401e-06,22119,
713,0.0024106213822960854,2.2371807062882e-05,1.5390683074656408e-06,22129,
713,,,,22133,0.002447539707645774
714,0.0025244036223739386,2.2600317606702447e-05,1.6118975736389984e-06,22139,
714,0.002595336874946952,2.3638885977561586e-05,1.6376827716158004e-06,22149,
714,0.002066883724182844,2.176106136175804e-05,1.3432896821541362e-06,22159,
714,,,,22164,0.002447062637656927
715,0.0026825666427612305,2.188168582506478e-05,1.5964795920808683e-06,22169,
715,0.00246932590380311,2.2491931304102764e-05,1.53151029280707e-06,22179,
715,0.003125800983980298,2.2162201275932603e-05,1.7595136796444422e-06,22189,
715,,,,22195,0.0024466020986437798
716,0.0018670649733394384,2.0388262782944366e-05,1.38642383262777e-06,22199,
716,0.0026691146194934845,1.9600907762651332e-05,1.575540750309301e-06,22209,
716,0.0019834598060697317,2.2625632482231595e-05,1.1232940551053616e-06,22219,
716,,,,22226,0.002446103608235717
717,0.0028991850558668375,2.241283618786838e-05,1.6040381751736277e-06,22229,
717,0.0016858464805409312,2.4728555217734538e-05,1.2131740732002072e-06,22239,
717,0.002282932633534074,2.0278390366001986e-05,1.5541886568826158e-06,22249,
717,,,,22257,0.002445621881633997
718,0.0028424495831131935,2.6732852347777225e-05,1.8927703422377817e-06,22259,
718,0.0028282536659389734,2.0871984816039912e-05,1.5479316743949312e-06,22269,
718,0.002393424278125167,1.8294775145477615e-05,1.311374376200547e-06,22279,
718,,,,22288,0.0024451289791613817
719,0.0017612980445846915,2.1402069251053035e-05,1.2814291494578356e-06,22289,
719,0.00267795124091208,2.44315651798388e-05,1.546500811855367e-06,22299,
719,0.0020731324329972267,2.3764430807204917e-05,1.3910032521380344e-06,22309,
719,9.958967712009326e-05,1.4094729522184934e-05,2.276822286262359e-09,22319,
719,,,,22319,0.002444649813696742
720,0.001864408957771957,2.6775873266160488e-05,1.4564736829925096e-06,22329,
720,0.002084015402942896,2.1000209017074667e-05,1.3728395060752518e-06,22339,
720,0.001606168458238244,1.9788325516856275e-05,1.2054837270625285e-06,22349,
720,,,,22350,0.00244417367503047
721,0.0016751473303884268,2.5059320250875317e-05,1.2343577964202268e-06,22359,
721,0.0024492968805134296,2.162060627597384e-05,1.5349181694546132e-06,22369,
721,0.0026781479828059673,2.3538943423773162e-05,1.7331974504486425e-06,22379,
721,,,,22381,0.0024437059182673693
722,0.0032034695614129305,2.217319888586644e-05,1.6114547634060727e-06,22389,
722,0.0023105612490326166,2.180256888095755e-05,1.5246901057253126e-06,22399,
722,0.0016355779953300953,2.1793543055537157e-05,1.1947070106543833e-06,22409,
722,,,,22412,0.0024432395584881306
723,0.002005478134378791,2.46233721554745e-05,1.2616457070180331e-06,22419,
723,0.0027441377751529217,2.4867660613381304e-05,1.3902395039622206e-06,22429,
723,0.0024060483556240797,2.247937663923949e-05,1.5361234773081378e-06,22439,
723,,,,22443,0.002442768542096019
724,0.002519829198718071,2.2246194930630736e-05,1.6093632666525082e-06,22449,
724,0.0025910139083862305,2.3582369976793416e-05,1.6354588296962902e-06,22459,
724,0.0020639472641050816,2.16777825698955e-05,1.3405384606812731e-06,22469,
724,,,,22474,0.002442292170599103
725,0.002676417352631688,2.184766526625026e-05,1.5921050362521783e-06,22479,
725,0.002464469289407134,2.252232479804661e-05,1.530694362372742e-06,22489,
725,0.0031214712653309107,2.1900761566939764e-05,1.753538754201145e-06,22499,
725,,,,22505,0.0024418148677796125
726,0.0018640131456777453,2.0307064914959483e-05,1.386181224916072e-06,22509,
726,0.002665444742888212,1.9498645997373387e-05,1.5745575865366845e-06,22519,
726,0.00198139320127666,2.2458925741375424e-05,1.122956177823653e-06,22529,
726,,,,22536,0.0024413310457021
727,0.002896658843383193,2.210736602137331e-05,1.6033191059250385e-06,22539,
727,0.0016815722920000553,2.4572984330006875e-05,1.211749690810393e-06,22549,
727,0.0022804320324212313,2.02995324798394e-05,1.5514978031205828e-06,22559,
727,,,,22567,0.0024408227764070034
728,0.002836736850440502,2.6423458621138707e-05,1.8892419575422537e-06,22569,
728,0.002823763294145465,2.0848938220296986e-05,1.546361545479158e-06,22579,
728,0.002390214242041111,1.8269534848514013e-05,1.3112892247590935e-06,22589,
728,,,,22598,0.0024403242859989405
729,0.0017565476009622216,2.12983759411145e-05,1.2780559472957975e-06,22599,
729,0.00267138727940619,2.4438253603875637e-05,1.5420121144416044e-06,22609,
729,0.0020703598856925964,2.3486891223001294e-05,1.3898325050831772e-06,22619,
729,9.763312118593603e-05,1.4114804798737168e-05,2.3015018779659613e-09,22629,
729,,,,22629,0.0024398339446634054
730,0.0018591636326164007,2.6510990210226737e-05,1.4538369441652321e-06,22639,
730,0.0020800314377993345,2.0807548935408704e-05,1.370166614833579e-06,22649,
730,0.001603023032657802,1.9702742065419443e-05,1.204705995405675e-06,22659,
730,,,,22660,0.002439379459246993
731,0.0016698698746040463,2.4791912437649444e-05,1.232136924045335e-06,22669,
731,0.0024459632113575935,2.1624347937176935e-05,1.5325754247896839e-06,22679,
731,0.0026743754278868437,2.3233258616528474e-05,1.7322208805126138e-06,22689,
731,,,,22691,0.0024389736354351044
732,0.0032009815331548452,2.2268761313171126e-05,1.6091591987787979e-06,22699,
732,0.0023090611211955547,2.1636162273352966e-05,1.52489781157783e-06,22709,
732,0.0016334067331627011,2.1614068828057498e-05,1.1931755352634354e-06,22719,
732,,,,22722,0.002438571536913514
733,0.0020019435323774815,2.458845301589463e-05,1.26006409573165e-06,22729,
733,0.0027410932816565037,2.455252433719579e-05,1.3893313735025004e-06,22739,
733,0.0024016450624912977,2.2532780349138193e-05,1.5327696019085124e-06,22749,
733,,,,22753,0.0024381568655371666
734,0.00251543871127069,2.1932653908152133e-05,1.6067050410129013e-06,22759,
734,0.0025869535747915506,2.353884519834537e-05,1.6332645600414253e-06,22769,
734,0.0020608017221093178,2.1637168174493127e-05,1.3375649814406643e-06,22779,
734,,,,22784,0.002437695860862732
735,0.0026700564194470644,2.179943840019405e-05,1.5871069081185851e-06,22789,
735,0.002460343996062875,2.2549838831764646e-05,1.5303817235690076e-06,22799,
735,0.0031176884658634663,2.165258956665639e-05,1.7479427469879738e-06,22809,
735,,,,22815,0.0024371573235839605
736,0.001861055032350123,2.0237746866769157e-05,1.38559153128881e-06,22819,
736,0.002661704318597913,1.945650001289323e-05,1.5731976645838586e-06,22829,
736,0.0019794292747974396,2.223066803708207e-05,1.1227558616155875e-06,22839,
736,,,,22846,0.002436588052660227
737,0.0028941528871655464,2.1799625756102614e-05,1.6018343558243942e-06,22849,
737,0.0016778716817498207,2.447179394948762e-05,1.2105243740734295e-06,22859,
737,0.0022783277090638876,2.029516144830268e-05,1.5489083580177976e-06,22869,
737,,,,22877,0.0024360320530831814
738,0.002830516779795289,2.6133173378184438e-05,1.8848585341402213e-06,22879,
738,0.002819653367623687,2.079726618831046e-05,1.5443063148268266e-06,22889,
738,0.0023873059544712305,1.8277805793331936e-05,1.3112786518831854e-06,22899,
738,,,,22908,0.002435520989820361
739,0.0017518253298476338,2.1168036255403422e-05,1.2744823152388562e-06,22909,
739,0.0026649129576981068,2.4469205527566373e-05,1.536909508104145e-06,22919,
739,0.002068027388304472,2.3201131625683047e-05,1.3890136187910684e-06,22929,
739,9.577969467500225e-05,1.4042541806702502e-05,2.328050197064613e-09,22939,
739,,,,22939,0.002435090485960245
740,0.0018541822209954262,2.634298289194703e-05,1.45122339745285e-06,22949,
740,0.002076213015243411,2.0589974155882373e-05,1.3680319170816801e-06,22959,
740,0.0016001383773982525,1.961139787454158e-05,1.2040404726576526e-06,22969,
740,,,,22970,0.002434801310300827
741,0.0016648126766085625,2.4516863049939275e-05,1.2300869229875389e-06,22979,
741,0.0024429049808532,2.162910641345661e-05,1.5304797216231236e-06,22989,
741,0.002670497167855501,2.29736469918862e-05,1.7310184148300323e-06,22999,
741,,,,23001,0.002434606198221445
742,0.0031983121298253536,2.236020918644499e-05,1.6066711623352603e-06,23009,
742,0.0023073016200214624,2.147606028302107e-05,1.5246162092807936e-06,23019,
742,0.0016313391970470548,2.1382520571933128e-05,1.1917770734726219e-06,23029,
742,,,,23032,0.002434441354125738
743,0.001998899970203638,2.4605358703411184e-05,1.2587076980707934e-06,23039,
743,0.002738076727837324,2.427231265755836e-05,1.3885299949834007e-06,23049,
743,0.002397398464381695,2.2533957235282287e-05,1.5295489674826968e-06,23059,
743,,,,23063,0.0024341780226677656
744,0.0025112791918218136,2.1647187168127857e-05,1.6041926755860914e-06,23069,
744,0.0025832278188318014,2.346671863051597e-05,1.6311953459080542e-06,23079,
744,0.0020574370864778757,2.1607393136946484e-05,1.3346548257686663e-06,23089,
744,,,,23094,0.002433714224025607
745,0.0026643071323633194,2.1749228835687973e-05,1.5823518424440408e-06,23099,
745,0.0024564838968217373,2.25438125198707e-05,1.5301795883715386e-06,23109,
745,0.003114242572337389,2.142995253961999e-05,1.7429459830964333e-06,23119,
745,,,,23125,0.002432950073853135
746,0.0018581986660137773,2.0157242033747025e-05,1.3849186188963358e-06,23129,
746,0.0026580337435007095,1.9441822587396018e-05,1.5717449741714518e-06,23139,
746,0.0019774306565523148,2.1977581127430312e-05,1.1226843525946606e-06,23149,
746,,,,23156,0.0024319200310856104
747,0.0028917286545038223,2.1502759409486316e-05,1.6000991536202491e-06,23159,
747,0.0016745530301705003,2.435794704069849e-05,1.2095403008061112e-06,23169,
747,0.0022764152381569147,2.0253612092346884e-05,1.5465002434211783e-06,23179,
747,,,,23187,0.00243076728656888
748,0.0028236620128154755,2.5862251277430914e-05,1.880062200143584e-06,23189,
748,0.002815619809553027,2.069707443297375e-05,1.5421021544170799e-06,23199,
748,0.002384541556239128,1.828667700465303e-05,1.311392338720907e-06,23209,
748,,,,23218,0.0024297325871884823
749,0.001746215857565403,2.1029803974670358e-05,1.2704448408840108e-06,23219,
749,0.002658768789842725,2.446290454827249e-05,1.5316517192331958e-06,23229,
749,0.0020658476278185844,2.2911348423804156e-05,1.3883047813578742e-06,23239,
749,9.388907346874475e-05,1.3909170775150415e-05,2.357066319902401e-09,23249,
749,,,,23249,0.002429160987958312
750,0.0018489268841221929,2.619347105792258e-05,1.44835325954773e-06,23259,
750,0.0020725494250655174,2.0348208636278287e-05,1.366102765132382e-06,23269,
750,0.0015974636189639568,1.9505250747897662e-05,1.2036059615638806e-06,23279,
750,,,,23280,0.0024293900933116674
751,0.001659765257500112,2.4225202650995925e-05,1.228126620844705e-06,23289,
751,0.002440216252580285,2.1599033061647788e-05,1.5288655959011521e-06,23299,
751,0.002666527172550559,2.276309533044696e-05,1.7297926433457178e-06,23309,
751,,,,23311,0.002430547261610627
752,0.003195644123479724,2.241302172478754e-05,1.6042739616750623e-06,23319,
752,0.0023053307086229324,2.1300924345268868e-05,1.523953187643201e-06,23329,
752,0.001629323000088334,2.1131763787707314e-05,1.1905866585948388e-06,23339,
752,,,,23342,0.0024324774276465178
753,0.001997127430513501,2.464332283125259e-05,1.2582686395035125e-06,23349,
753,0.0027347125578671694,2.404078441031743e-05,1.3876181128580356e-06,23359,
753,0.0023932750336825848,2.250817124149762e-05,1.5265723050106317e-06,23369,
753,,,,23373,0.002434522844851017
754,0.002507767640054226,2.1387655579019338e-05,1.6021597275539534e-06,23379,
754,0.002579794265329838,2.3410959329339676e-05,1.6291672864099382e-06,23389,
754,0.002053416334092617,2.1581463442998938e-05,1.3316147260411526e-06,23399,
754,,,,23404,0.002435732865706086
755,0.002663928084075451,2.174943256250117e-05,1.5804513395778486e-06,23409,
755,0.0024516619741916656,2.2613670807913877e-05,1.528041934761859e-06,23419,
755,0.0031107384711503983,2.1225137970759533e-05,1.7386922763762414e-06,23429,
755,,,,23435,0.002434953348711133
756,0.0018565899226814508,2.006062823056709e-05,1.3855112683813786e-06,23439,
756,0.0026549003086984158,1.9527064068824984e-05,1.570754989188572e-06,23449,
756,0.001973954029381275,2.1770907551399432e-05,1.1221142131034867e-06,23459,
756,,,,23466,0.002431308152154088
757,0.0028924630023539066,2.1345505956560373e-05,1.600727273398661e-06,23469,
757,0.0016708795446902514,2.4142129404935986e-05,1.2085829439456575e-06,23479,
757,0.002274008933454752,2.026785114139784e-05,1.544240376460948e-06,23489,
757,,,,23497,0.0024245507083833218
758,0.0028161683585494757,2.5653984266682528e-05,1.8752851929093595e-06,23499,
758,0.002810785546898842,2.0566438251989894e-05,1.5399588164655142e-06,23509,
758,0.0023819198831915855,1.8265645849169232e-05,1.3118675497025833e-06,23519,
758,,,,23528,0.0024154861457645893
759,0.0017327802488580346,2.0874822439509444e-05,1.2617355196198332e-06,23529,
759,0.002654018811881542,2.4283106540679e-05,1.526675873719796e-06,23539,
759,0.0020628373604267836,2.2560430807061493e-05,1.3865408163837856e-06,23549,
759,9.003106970340014e-05,1.3615872376249172e-05,2.3998514286915906e-09,23559,
759,,,,23559,0.0024061263538897038
760,0.0018371078185737133,2.5764058591448702e-05,1.4408501556317788e-06,23569,
760,0.0020694425329566,1.9900760889868252e-05,1.3621298649013625e-06,23579,
760,0.0015949190128594637,1.9206390788895078e-05,1.2035721965730772e-06,23589,
760,,,,23590,0.0023998478427529335
761,0.0016502330545336008,2.3671213057241403e-05,1.2243303899595048e-06,23599,
761,0.002441718941554427,2.1344118067645468e-05,1.5323922752941144e-06,23609,
761,0.0026617052499204874,2.258008680655621e-05,1.72912689322402e-06,23619,
761,,,,23621,0.002401418751105666
762,0.0031902536284178495,2.212139588664286e-05,1.6005458292056574e-06,23629,
762,0.002301172586157918,2.0938330635544844e-05,1.524910430816817e-06,23639,
762,0.001628121011890471,2.0614756067516282e-05,1.1897276408490143e-06,23649,
762,,,,23652,0.00241840910166502
763,0.0019884759094566107,2.506092823750805e-05,1.2525623560577515e-06,23659,
763,0.0027366606518626213,2.3414197130477987e-05,1.3887901104681077e-06,23669,
763,0.002389537403360009,2.213838706666138e-05,1.5232105852192035e-06,23679,
763,,,,23683,0.0024604452773928642
764,0.0025084924418479204,2.135704198735766e-05,1.601569351805665e-06,23689,
764,0.0025756387040019035,2.3623199012945406e-05,1.6255694390565623e-06,23699,
764,0.002047371817752719,2.172590757254511e-05,1.325825792264368e-06,23709,
764,,,,23714,0.0025168161373585463
765,0.002724943682551384,2.2365160475601442e-05,1.6098455262181233e-06,23719,
765,0.002449657302349806,2.459693314449396e-05,1.5135339026528527e-06,23729,
765,0.0031062548514455557,2.117039002769161e-05,1.7376630694343476e-06,23739,
765,,,,23745,0.002516482025384903
766,0.0018735842313617468,2.037913327512797e-05,1.4032819990461576e-06,23749,
766,0.002660720841959119,2.0649506041081622e-05,1.5766888736834517e-06,23759,
766,0.001962716458365321,2.2937381800147705e-05,1.1212412118766224e-06,23769,
766,,,,23776,0.002434487920254469
