epoch,loss,skeleton,smooth,step,val_loss
0,0.21629533171653748,0.0,0.0,9,
0,0.09098248183727264,0.0,0.0,19,
0,0.04391217976808548,0.0,0.0,29,
0,,,,30,0.03440626338124275
1,0.031758807599544525,0.0,0.0,39,
1,0.02514733374118805,0.0,0.0,49,
1,0.020068848505616188,0.0,0.0,59,
1,,,,61,0.01909535378217697
2,0.016409611329436302,0.0,0.0,69,
2,0.012784906663000584,0.0,0.0,79,
2,0.010098742321133614,0.0,0.0,89,
2,,,,92,0.008946546353399754
3,0.007618791423738003,0.0,0.0,99,
3,0.006256786175072193,0.0,0.0,109,
3,0.005285702180117369,0.0,0.0,119,
3,,,,123,0.00493790814653039
4,0.004952035378664732,0.0,0.0,129,
4,0.004300577100366354,0.0,0.0,139,
4,0.004032227676361799,0.0,0.0,149,
4,,,,154,0.003878565039485693
5,0.0037927022203803062,0.0,0.0,159,
5,0.003531471826136112,0.0,0.0,169,
5,0.003454984864220023,0.0,0.0,179,
5,,,,185,0.003317301394417882
6,0.003334589069709182,0.0,0.0,189,
6,0.0031033700797706842,0.0,0.0,199,
6,0.0029597152024507523,0.0,0.0,209,
6,,,,216,0.0029041660018265247
7,0.002967068925499916,0.0,0.0,219,
7,0.0027889579068869352,0.0,0.0,229,
7,0.0026165384333580732,0.0,0.0,239,
7,,,,247,0.002567329676821828
8,0.0025460971519351006,0.0,0.0,249,
8,0.0024916562251746655,0.0,0.0,259,
8,0.002394668525084853,0.0,0.0,269,
8,,,,278,0.002282150322571397
9,0.002308306749910116,0.0,0.0,279,
9,0.0022653217893093824,0.0,0.0,289,
9,0.0021232732106000185,0.0,0.0,299,
9,0.001843809150159359,0.0,0.0,309,
9,,,,309,0.002037437865510583
10,0.0019338970305398107,0.0,0.0,319,
10,0.0019027801463380456,0.0,0.0,329,
10,0.001873136148788035,0.0,0.0,339,
10,,,,340,0.0018265002872794867
11,0.0018362094415351748,0.0,0.0,349,
11,0.0017286597285419703,0.0,0.0,359,
11,0.00169216631911695,0.0,0.0,369,
11,,,,371,0.0016452718991786242
12,0.0016092200530692935,0.0,0.0,379,
12,0.0015407695900648832,0.0,0.0,389,
12,0.0015117762377485633,0.0,0.0,399,
12,,,,402,0.0014909389428794384
13,0.0014462977414950728,0.0,0.0,409,
13,0.0014270689571276307,0.0,0.0,419,
13,0.001380962785333395,0.0,0.0,429,
13,,,,433,0.0013546928530558944
14,0.001358888577669859,0.0,0.0,439,
14,0.0013041517231613398,0.0,0.0,449,
14,0.0012468760833144188,0.0,0.0,459,
14,,,,464,0.0012341837864369154
15,0.0012275897897779942,0.0,0.0,469,
15,0.0011797568295150995,0.0,0.0,479,
15,0.0011477719526737928,0.0,0.0,489,
15,,,,495,0.0011298240860924125
16,0.0011243162443861365,0.0,0.0,499,
16,0.0010819283779710531,0.0,0.0,509,
16,0.0010581822134554386,0.0,0.0,519,
16,,,,526,0.001037792069837451
17,0.0010474385926499963,0.0,0.0,529,
17,0.0010004118084907532,0.0,0.0,539,
17,0.0009721728274598718,0.0,0.0,549,
17,,,,557,0.0009562781197018921
18,0.0009512384422123432,0.0,0.0,559,
18,0.0009287818684242666,0.0,0.0,569,
18,0.0009188640979118645,0.0,0.0,579,
18,,,,588,0.0008837772766128182
19,0.0009000658756121993,0.0,0.0,589,
19,0.0008919095853343606,0.0,0.0,599,
19,0.0008296912419609725,0.0,0.0,609,
19,0.0007796962163411081,0.0,0.0,619,
19,,,,619,0.0008189904037863016
20,0.0007851570262573659,0.0,0.0,629,
20,0.0007850871188566089,0.0,0.0,639,
20,0.000785536365583539,0.0,0.0,649,
20,,,,650,0.0007608828018419445
21,0.0007672786014154553,0.0,0.0,659,
21,0.0007274823146872222,0.0,0.0,669,
21,0.0007178857922554016,0.0,0.0,679,
21,,,,681,0.0007088442798703909
22,0.0007007530657574534,0.0,0.0,689,
22,0.0006788871251046658,0.0,0.0,699,
22,0.0006717919604852796,0.0,0.0,709,
22,,,,712,0.0006624727975577116
23,0.0006557733286172152,0.0,0.0,719,
23,0.0006502249743789434,0.0,0.0,729,
23,0.0006256705964915454,0.0,0.0,739,
23,,,,743,0.0006211657309904695
24,0.0006166133680380881,0.0,0.0,749,
24,0.0006103820633143187,0.0,0.0,759,
24,0.000579423678573221,0.0,0.0,769,
24,,,,774,0.0005842751706950366
25,0.0005809296853840351,0.0,0.0,779,
25,0.0005714328144676983,0.0,0.0,789,
25,0.0005598796415142715,0.0,0.0,799,
25,,,,805,0.0005512692150659859
26,0.0005438444786705077,0.0,0.0,809,
26,0.0005361021030694246,0.0,0.0,819,
26,0.000530985533259809,0.0,0.0,829,
26,,,,836,0.0005216625286266208
27,0.0005267095402814448,0.0,0.0,839,
27,0.0004956736229360104,0.0,0.0,849,
27,0.0005026502767577767,0.0,0.0,859,
27,,,,867,0.0004949354915879667
28,0.0004906468093395233,0.0,0.0,869,
28,0.0004826000367756933,0.0,0.0,879,
28,0.00048697559395805,0.0,0.0,889,
28,,,,898,0.00047064025420695543
29,0.00047931040171533823,0.0,0.0,899,
29,0.0004790590610355139,0.0,0.0,909,
29,0.00044318396248854697,0.0,0.0,919,
29,0.0004407081287354231,0.0,0.0,929,
29,,,,929,0.00044841450289823115
30,0.0004331001837272197,0.0,0.0,939,
30,0.0004409040557220578,0.0,0.0,949,
30,0.0004434488946571946,0.0,0.0,959,
30,,,,960,0.0004279713029973209
31,0.0004292333032935858,0.0,0.0,969,
31,0.00040732225170359015,0.0,0.0,979,
31,0.0004110682348255068,0.0,0.0,989,
31,,,,991,0.00040922456537373364
32,0.00040607384289614856,0.0,0.0,999,
32,0.0003963633789680898,0.0,0.0,1009,
32,0.00039357042987830937,0.0,0.0,1019,
32,,,,1022,0.00039216072764247656
33,0.0003933096304535866,0.0,0.0,1029,
33,0.00038908186252228916,0.0,0.0,1039,
33,0.0003748029703274369,0.0,0.0,1049,
33,,,,1053,0.0003756564692594111
34,0.00036658046883530915,0.0,0.0,1059,
34,0.00036980374716222286,0.0,0.0,1069,
34,0.0003550400724634528,0.0,0.0,1079,
34,,,,1084,0.00036002034903503954
35,0.0003542328777257353,0.0,0.0,1089,
35,0.00035054751788266003,0.0,0.0,1099,
35,0.0003563903155736625,0.0,0.0,1109,
35,,,,1115,0.0003452714590821415
36,0.00034087387030012906,0.0,0.0,1119,
36,0.00033488671761006117,0.0,0.0,1129,
36,0.0003314775531180203,0.0,0.0,1139,
36,,,,1146,0.00033149050432257354
37,0.0003370080085005611,0.0,0.0,1149,
37,0.00030625401996076107,0.0,0.0,1159,
37,0.0003226734115742147,0.0,0.0,1169,
37,,,,1177,0.00031808714265935123
38,0.0003137930470984429,0.0,0.0,1179,
38,0.0003081475442741066,0.0,0.0,1189,
38,0.0003159123589284718,0.0,0.0,1199,
38,,,,1208,0.0003050528757739812
39,0.00030705914832651615,0.0,0.0,1209,
39,0.0003065368509851396,0.0,0.0,1219,
39,0.00028744590235874057,0.0,0.0,1229,
39,0.0002646873763296753,0.0,0.0,1239,
39,,,,1239,0.00029293910483829677
40,0.0002845627604983747,0.0,0.0,1249,
40,0.0002887838345486671,0.0,0.0,1259,
40,0.0002933189389295876,0.0,0.0,1269,
40,,,,1270,0.0002816135820467025
41,0.000279027532087639,0.0,0.0,1279,
41,0.0002632120158523321,0.0,0.0,1289,
41,0.00027052711811847985,0.0,0.0,1299,
41,,,,1301,0.00027078462881036103
42,0.00026909535517916083,0.0,0.0,1309,
42,0.0002607737260404974,0.0,0.0,1319,
42,0.0002626390487421304,0.0,0.0,1329,
42,,,,1332,0.00026051216991618276
43,0.00025889097014442086,0.0,0.0,1339,
43,0.0002591411175671965,0.0,0.0,1349,
43,0.00024768663570284843,0.0,0.0,1359,
43,,,,1363,0.00025072836433537304
44,0.00024210727133322507,0.0,0.0,1369,
44,0.0002467301383148879,0.0,0.0,1379,
44,0.0002367054985370487,0.0,0.0,1389,
44,,,,1394,0.00024115467385854572
45,0.00023662745661567897,0.0,0.0,1399,
45,0.0002339191414648667,0.0,0.0,1409,
45,0.0002390726440353319,0.0,0.0,1419,
45,,,,1425,0.00023157383839134127
46,0.00023002835223451257,0.0,0.0,1429,
46,0.0002227680233772844,0.0,0.0,1439,
46,0.0002208035730291158,0.0,0.0,1449,
46,,,,1456,0.0002223063784185797
47,0.0002272068231832236,0.0,0.0,1459,
47,0.00020463216060306877,0.0,0.0,1469,
47,0.00021579719032160938,0.0,0.0,1479,
47,,,,1487,0.000213760940823704
48,0.00021256963373161852,0.0,0.0,1489,
48,0.00020592805230990052,0.0,0.0,1499,
48,0.00021233447478152812,0.0,0.0,1509,
48,,,,1518,0.00020573794608935714
49,0.00020614163076970726,0.0,0.0,1519,
49,0.00020276969007682055,0.0,0.0,1529,
49,0.00019193407206330448,0.0,0.0,1539,
49,0.00015699902724009007,0.0,0.0,1549,
49,,,,1549,0.00019745829922612756
50,0.00019028921087738127,0.0,0.0,1559,
50,0.00019393030379433185,0.0,0.0,1569,
50,0.00019569226424209774,0.0,0.0,1579,
50,,,,1580,0.00018874648958444595
51,0.0001851077249739319,0.0,0.0,1589,
51,0.0001758612779667601,0.0,0.0,1599,
51,0.0001789362431736663,0.0,0.0,1609,
51,,,,1611,0.00018059244030155241
52,0.00017944304272532463,0.0,0.0,1619,
52,0.00017256784485653043,0.0,0.0,1629,
52,0.00017443174147047102,0.0,0.0,1639,
52,,,,1642,0.00017312441195826977
53,0.0001724643079796806,0.0,0.0,1649,
53,0.00017171581566799432,0.0,0.0,1659,
53,0.00016460959159303457,0.0,0.0,1669,
53,,,,1673,0.00016598172078374773
54,0.00016003331984393299,0.0,0.0,1679,
54,0.00016290982603095472,0.0,0.0,1689,
54,0.0001555483031552285,0.0,0.0,1699,
54,,,,1704,0.00015928060747683048
55,0.00015608659305144101,0.0,0.0,1709,
55,0.0001557641662657261,0.0,0.0,1719,
55,0.00015589459508191794,0.0,0.0,1729,
55,,,,1735,0.00015298819926101714
56,0.00015346554573625326,0.0,0.0,1739,
56,0.00014606867625843734,0.0,0.0,1749,
56,0.00014579690468963236,0.0,0.0,1759,
56,,,,1766,0.0001471390569349751
57,0.00014987816393841058,0.0,0.0,1769,
57,0.00013758002023678273,0.0,0.0,1779,
57,0.00013979009236209095,0.0,0.0,1789,
57,,,,1797,0.00014178532001096755
58,0.00014173203089740127,0.0,0.0,1799,
58,0.00013686830061487854,0.0,0.0,1809,
58,0.00014049290621187538,0.0,0.0,1819,
58,,,,1828,0.00013685926387552172
59,0.00013728287012781948,0.0,0.0,1829,
59,0.00013464019866660237,0.0,0.0,1839,
59,0.0001276451366720721,0.0,0.0,1849,
59,0.00010006151569541544,0.0,0.0,1859,
59,,,,1859,0.00013190862955525517
60,0.00012651243014261127,0.0,0.0,1869,
60,0.00012872455408796668,0.0,0.0,1879,
60,0.00012923331814818084,0.0,0.0,1889,
60,,,,1890,0.00012657424667850137
61,0.00012278991925995797,0.0,0.0,1899,
61,0.00011943517165491357,0.0,0.0,1909,
61,0.00011917047231690958,0.0,0.0,1919,
61,,,,1921,0.0001217899625771679
62,0.00012008553312625736,0.0,0.0,1929,
62,0.00011664562043733895,0.0,0.0,1939,
62,0.00011685389472404495,0.0,0.0,1949,
62,,,,1952,0.00011786165850935504
63,0.00011759855260606855,0.0,0.0,1959,
63,0.0001174992139567621,0.0,0.0,1969,
63,0.00011262289626756683,0.0,0.0,1979,
63,,,,1983,0.00011414135951781645
64,0.0001116120838560164,0.0,0.0,1989,
64,0.00011250067473156378,0.0,0.0,1999,
64,0.00010754303366411477,0.0,0.0,2009,
64,,,,2014,0.00011068268941016868
65,0.0001076787812053226,0.0,0.0,2019,
65,0.00010895732702920213,0.0,0.0,2029,
65,0.00010920693603111431,0.0,0.0,2039,
65,,,,2045,0.00010756924166344106
66,0.00010879191540880129,0.0,0.0,2049,
66,0.00010337843559682369,0.0,0.0,2059,
66,0.00010431446571601555,0.0,0.0,2069,
66,,,,2076,0.00010474615555722266
67,0.00010736039257608354,0.0,0.0,2079,
67,0.00010022966307587922,0.0,0.0,2089,
67,9.983664494939148e-05,0.0,0.0,2099,
67,,,,2107,0.00010218082752544433
68,0.00010260532872052863,0.0,0.0,2109,
68,9.937347931554541e-05,0.0,0.0,2119,
68,0.00010131716408068314,0.0,0.0,2129,
68,,,,2138,9.978212619898841e-05
69,0.00010015111183747649,0.0,0.0,2139,
69,9.779284300748259e-05,0.0,0.0,2149,
69,9.388235048390925e-05,0.0,0.0,2159,
69,7.636377995368093e-05,0.0,0.0,2169,
69,,,,2169,9.752371988724917e-05
70,9.430028148926795e-05,0.0,0.0,2179,
70,9.631303692003712e-05,0.0,0.0,2189,
70,9.732816397445276e-05,0.0,0.0,2199,
70,,,,2200,9.536397556075826e-05
71,9.114942804444581e-05,0.0,0.0,2209,
71,9.124825010076165e-05,0.0,0.0,2219,
71,9.044931357493624e-05,0.0,0.0,2229,
71,,,,2231,9.324405255028978e-05
72,9.095672430703416e-05,0.0,0.0,2239,
72,8.830774459056556e-05,0.0,0.0,2249,
72,9.012945520225912e-05,0.0,0.0,2259,
72,,,,2262,9.114448039326817e-05
73,9.042663441505283e-05,0.0,0.0,2269,
73,8.996709220809862e-05,0.0,0.0,2279,
73,8.662589243613183e-05,0.0,0.0,2289,
73,,,,2293,8.909327152650803e-05
74,8.699925820110366e-05,0.0,0.0,2299,
74,8.745513332542032e-05,0.0,0.0,2309,
74,8.304274524562061e-05,0.0,0.0,2319,
74,,,,2324,8.712920680409297e-05
75,8.416328637395054e-05,0.0,0.0,2329,
75,8.369686838705093e-05,0.0,0.0,2339,
75,8.486404112773016e-05,0.0,0.0,2349,
75,,,,2355,8.527693717041984e-05
76,8.553645602660254e-05,0.0,0.0,2359,
76,8.141262514982373e-05,0.0,0.0,2369,
76,8.196214184863493e-05,0.0,0.0,2379,
76,,,,2386,8.35418322822079e-05
77,8.648902439745143e-05,0.0,0.0,2389,
77,7.948550046421587e-05,0.0,0.0,2399,
77,7.93060680734925e-05,0.0,0.0,2409,
77,,,,2417,8.191194501705468e-05
78,8.209171937778592e-05,0.0,0.0,2419,
78,7.912456203484908e-05,0.0,0.0,2429,
78,8.049893222050741e-05,0.0,0.0,2439,
78,,,,2448,8.036730287130922e-05
79,8.053398778429255e-05,0.0,0.0,2449,
79,7.849153917049989e-05,0.0,0.0,2459,
79,7.548673602286726e-05,0.0,0.0,2469,
79,6.344612484099343e-05,0.0,0.0,2479,
79,,,,2479,7.88878824096173e-05
80,7.554461626568809e-05,0.0,0.0,2489,
80,7.737818668829277e-05,0.0,0.0,2499,
80,7.922143413452432e-05,0.0,0.0,2509,
80,,,,2510,7.745767652522773e-05
81,7.427379750879481e-05,0.0,0.0,2519,
81,7.393406849587336e-05,0.0,0.0,2529,
81,7.39809256629087e-05,0.0,0.0,2539,
81,,,,2541,7.60672046453692e-05
82,7.49289829400368e-05,0.0,0.0,2549,
82,7.25568097550422e-05,0.0,0.0,2559,
82,7.376977009698749e-05,0.0,0.0,2569,
82,,,,2572,7.471474964404479e-05
83,7.539301441283897e-05,0.0,0.0,2579,
83,7.407693192362785e-05,0.0,0.0,2589,
83,7.075756002450362e-05,0.0,0.0,2599,
83,,,,2603,7.340613956330344e-05
84,7.196232763817534e-05,0.0,0.0,2609,
84,7.269164780154824e-05,0.0,0.0,2619,
84,6.875725375721231e-05,0.0,0.0,2629,
84,,,,2634,7.215385267045349e-05
85,7.002616621321067e-05,0.0,0.0,2639,
85,6.893940735608339e-05,0.0,0.0,2649,
85,7.072550215525553e-05,0.0,0.0,2659,
85,,,,2665,7.097472553141415e-05
86,7.185825961641967e-05,0.0,0.0,2669,
86,6.76698109600693e-05,0.0,0.0,2679,
86,6.841515278210863e-05,0.0,0.0,2689,
86,,,,2696,6.988406676100567e-05
87,7.360142626566812e-05,0.0,0.0,2699,
87,6.724386184941977e-05,0.0,0.0,2709,
87,6.651590229012072e-05,0.0,0.0,2719,
87,,,,2727,6.888825009809807e-05
88,7.035081944195554e-05,0.0,0.0,2729,
88,6.644113454967737e-05,0.0,0.0,2739,
88,6.761908298358321e-05,0.0,0.0,2749,
88,,,,2758,6.797630339860916e-05
89,6.803589349146932e-05,0.0,0.0,2759,
89,6.678951467620209e-05,0.0,0.0,2769,
89,6.38458295725286e-05,0.0,0.0,2779,
89,5.60160624445416e-05,0.0,0.0,2789,
89,,,,2789,6.711746391374618e-05
90,6.377325189532712e-05,0.0,0.0,2799,
90,6.542906339745969e-05,0.0,0.0,2809,
90,6.74322436680086e-05,0.0,0.0,2819,
90,,,,2820,6.627399852732196e-05
91,6.332700286293402e-05,0.0,0.0,2829,
91,6.310617027338594e-05,0.0,0.0,2839,
91,6.315832433756441e-05,0.0,0.0,2849,
91,,,,2851,6.54193718219176e-05
92,6.4800915424712e-05,0.0,0.0,2859,
92,6.225136166904122e-05,0.0,0.0,2869,
92,6.337020749924704e-05,0.0,0.0,2879,
92,,,,2882,6.454881076933816e-05
93,6.48443674435839e-05,0.0,0.0,2889,
93,6.376081000780687e-05,0.0,0.0,2899,
93,6.0574242525035515e-05,0.0,0.0,2909,
93,,,,2913,6.36723343632184e-05
94,6.285794370342046e-05,0.0,0.0,2919,
94,6.288773874985054e-05,0.0,0.0,2929,
94,5.954486186965369e-05,0.0,0.0,2939,
94,,,,2944,6.28044072072953e-05
95,6.031015800544992e-05,0.0,0.0,2949,
95,5.945778320892714e-05,0.0,0.0,2959,
95,6.108257366577163e-05,0.0,0.0,2969,
95,,,,2975,6.195691821631044e-05
96,6.339538231259212e-05,0.0,0.0,2979,
96,5.865858111064881e-05,0.0,0.0,2989,
96,5.940807386650704e-05,0.0,0.0,2999,
96,,,,3006,6.113918061600998e-05
97,6.496465357486159e-05,0.0,0.0,3009,
97,5.8813038776861504e-05,0.0,0.0,3019,
97,5.769736526417546e-05,0.0,0.0,3029,
97,,,,3037,6.035779369994998e-05
98,6.246838165679947e-05,0.0,0.0,3039,
98,5.8299843658460304e-05,0.0,0.0,3049,
98,5.902106568100862e-05,0.0,0.0,3059,
98,,,,3068,5.961668284726329e-05
99,5.961722490610555e-05,0.0,0.0,3069,
99,5.8233006711816415e-05,0.0,0.0,3079,
99,5.594211688730866e-05,0.0,0.0,3089,
99,5.063736534793861e-05,0.0,0.0,3099,
99,,,,3099,5.891661567147821e-05
100,5.611219967249781e-05,0.0,0.0,3109,
100,5.704888462787494e-05,0.0,0.0,3119,
100,5.9209723985986784e-05,0.0,0.0,3129,
100,,,,3130,5.8255569456378e-05
101,5.602002056548372e-05,0.0,0.0,3139,
101,5.541858990909532e-05,0.0,0.0,3149,
101,5.5454282119171694e-05,0.0,0.0,3159,
101,,,,3161,5.762938963016495e-05
102,5.8246605476597324e-05,0.0,0.0,3169,
102,5.4954787628958e-05,0.0,0.0,3179,
102,5.570492066908628e-05,0.0,0.0,3189,
102,,,,3192,5.7032168115256354e-05
103,5.761104330304079e-05,0.0,0.0,3199,
103,5.663054253091104e-05,0.0,0.0,3209,
103,5.322942161001265e-05,0.0,0.0,3219,
103,,,,3223,5.645804776577279e-05
104,5.567113112192601e-05,0.0,0.0,3229,
104,5.569032873609103e-05,0.0,0.0,3239,
104,5.301152486936189e-05,0.0,0.0,3249,
104,,,,3254,5.590128421317786e-05
105,5.3634419600712135e-05,0.0,0.0,3259,
105,5.240267637418583e-05,0.0,0.0,3269,
105,5.441130997496657e-05,0.0,0.0,3279,
105,,,,3285,5.5356824304908514e-05
106,5.7724140788195655e-05,0.0,0.0,3289,
106,5.226920984569006e-05,0.0,0.0,3299,
106,5.2673054597107694e-05,0.0,0.0,3309,
106,,,,3316,5.4821437515784055e-05
107,5.907448212383315e-05,0.0,0.0,3319,
107,5.31635778315831e-05,0.0,0.0,3329,
107,5.1605060434667394e-05,0.0,0.0,3339,
107,,,,3347,5.429359953268431e-05
108,5.6689183111302555e-05,0.0,0.0,3349,
108,5.237699588178657e-05,0.0,0.0,3359,
108,5.284050712361932e-05,0.0,0.0,3369,
108,,,,3378,5.37734231329523e-05
109,5.372946907300502e-05,0.0,0.0,3379,
109,5.193746983422898e-05,0.0,0.0,3389,
109,4.991017340216786e-05,0.0,0.0,3399,
109,4.611142503563315e-05,0.0,0.0,3409,
109,,,,3409,5.326321115717292e-05
110,5.057980524725281e-05,0.0,0.0,3419,
110,5.066769881523214e-05,0.0,0.0,3429,
110,5.315693124430254e-05,0.0,0.0,3439,
110,,,,3440,5.2766070439247414e-05
111,5.133788727107458e-05,0.0,0.0,3449,
111,4.955883923685178e-05,0.0,0.0,3459,
111,4.942692248732783e-05,0.0,0.0,3469,
111,,,,3471,5.2284896810306236e-05
112,5.3111929446458817e-05,0.0,0.0,3479,
112,5.001508179702796e-05,0.0,0.0,3489,
112,4.983466715202667e-05,0.0,0.0,3499,
112,,,,3502,5.1820512453559786e-05
113,5.2051080274395645e-05,0.0,0.0,3509,
113,5.1252955017844215e-05,0.0,0.0,3519,
113,4.787418220075779e-05,0.0,0.0,3529,
113,,,,3533,5.137132029631175e-05
114,5.0228129111928865e-05,0.0,0.0,3539,
114,4.992854519514367e-05,0.0,0.0,3549,
114,4.8230889660771936e-05,0.0,0.0,3559,
114,,,,3564,5.09336605318822e-05
115,4.8662262997822836e-05,0.0,0.0,3569,
115,4.703611193690449e-05,0.0,0.0,3579,
115,4.924776658299379e-05,0.0,0.0,3589,
115,,,,3595,5.05029565829318e-05
116,5.3958428907208145e-05,0.0,0.0,3599,
116,4.778776565217413e-05,0.0,0.0,3609,
116,4.734559843200259e-05,0.0,0.0,3619,
116,,,,3626,5.007453728467226e-05
117,5.487226735567674e-05,0.0,0.0,3629,
117,4.877251194557175e-05,0.0,0.0,3639,
117,4.6881796151865274e-05,0.0,0.0,3649,
117,,,,3657,4.964442632626742e-05
118,5.1709521358134225e-05,0.0,0.0,3659,
118,4.7540481318719685e-05,0.0,0.0,3669,
118,4.805267235497013e-05,0.0,0.0,3679,
118,,,,3688,4.9208469135919586e-05
119,4.9115955334855244e-05,0.0,0.0,3689,
119,4.680504207499325e-05,0.0,0.0,3699,
119,4.495986286201514e-05,0.0,0.0,3709,
119,4.2245930671924725e-05,0.0,0.0,3719,
119,,,,3719,4.876119055552408e-05
120,4.619926767190918e-05,0.0,0.0,3729,
120,4.5605211198562756e-05,0.0,0.0,3739,
120,4.803215779247694e-05,0.0,0.0,3749,
120,,,,3750,4.8294910811819136e-05
121,4.770959276356734e-05,0.0,0.0,3759,
121,4.5686607336392626e-05,0.0,0.0,3769,
121,4.4425123633118346e-05,0.0,0.0,3779,
121,,,,3781,4.7802062908886e-05
122,4.742471355712041e-05,0.0,0.0,3789,
122,4.632366108126007e-05,0.0,0.0,3799,
122,4.53740794910118e-05,0.0,0.0,3809,
122,,,,3812,4.730121509055607e-05
123,4.556975545710884e-05,0.0,0.0,3819,
123,4.560155502986163e-05,0.0,0.0,3829,
123,4.3638046918204054e-05,0.0,0.0,3839,
123,,,,3843,4.686961983679794e-05
124,4.584276757668704e-05,0.0,0.0,3849,
124,4.4881580834044144e-05,0.0,0.0,3859,
124,4.37287671957165e-05,0.0,0.0,3869,
124,,,,3874,4.6549317630706355e-05
125,4.501294097281061e-05,0.0,0.0,3879,
125,4.2992582166334614e-05,0.0,0.0,3889,
125,4.45493460574653e-05,0.0,0.0,3899,
125,,,,3905,4.639005055651069e-05
126,5.189385046833195e-05,0.0,0.0,3909,
126,4.501327930483967e-05,0.0,0.0,3919,
126,4.3973148422082886e-05,0.0,0.0,3929,
126,,,,3936,4.649767288356088e-05
127,5.5309126764768735e-05,0.0,0.0,3939,
127,4.3714215280488133e-05,0.0,0.0,3949,
127,4.3297950469423085e-05,0.0,0.0,3959,
127,,,,3967,4.5589713408844545e-05
128,4.4489759602583945e-05,0.0,0.0,3969,
128,4.240244743414223e-05,0.0,0.0,3979,
128,4.361947503639385e-05,0.0,0.0,3989,
128,,,,3998,4.494283348321915e-05
129,4.479341805563308e-05,0.0,0.0,3999,
129,4.33476161560975e-05,0.0,0.0,4009,
129,4.0843118767952546e-05,0.0,0.0,4019,
129,3.9140319131547585e-05,0.0,0.0,4029,
129,,,,4029,4.4873209844809026e-05
130,4.2603522160789e-05,0.0,0.0,4039,
130,4.287935371394269e-05,0.0,0.0,4049,
130,4.574294507619925e-05,0.0,0.0,4059,
130,,,,4060,4.503419404500164e-05
131,4.417155287228525e-05,0.0,0.0,4069,
131,4.3680189264705405e-05,0.0,0.0,4079,
131,4.101563899894245e-05,0.0,0.0,4089,
131,,,,4091,4.4130840251455083e-05
132,4.1967668948927894e-05,0.0,0.0,4099,
132,4.15484064433258e-05,0.0,0.0,4109,
132,4.170567626715638e-05,0.0,0.0,4119,
132,,,,4122,4.3505926441866904e-05
133,4.170769898337312e-05,0.0,0.0,4129,
133,4.2070030758623034e-05,0.0,0.0,4139,
133,4.0325998270418495e-05,0.0,0.0,4149,
133,,,,4153,4.3464857299113646e-05
134,4.885379894403741e-05,0.0,0.0,4159,
134,4.1782608604989946e-05,0.0,0.0,4169,
134,4.039200575789437e-05,0.0,0.0,4179,
134,,,,4184,4.36480731877964e-05
135,4.817435910808854e-05,0.0,0.0,4189,
135,4.26876031269785e-05,0.0,0.0,4199,
135,4.165197242400609e-05,0.0,0.0,4209,
135,,,,4215,4.274784805602394e-05
136,4.429456384968944e-05,0.0,0.0,4219,
136,4.0147042454918846e-05,0.0,0.0,4229,
136,3.990865297964774e-05,0.0,0.0,4239,
136,,,,4246,4.2148098145844415e-05
137,4.349628579802811e-05,0.0,0.0,4249,
137,4.009617259725928e-05,0.0,0.0,4259,
137,3.973095226683654e-05,0.0,0.0,4269,
137,,,,4277,4.210462066112086e-05
138,4.2589057557052e-05,0.0,0.0,4279,
138,4.263985465513542e-05,0.0,0.0,4289,
138,4.0403927414445207e-05,0.0,0.0,4299,
138,,,,4308,4.237905523041263e-05
139,4.219854963594116e-05,0.0,0.0,4309,
139,4.178357994533144e-05,0.0,0.0,4319,
139,3.904556797351688e-05,0.0,0.0,4329,
139,3.4825599868781865e-05,0.0,0.0,4339,
139,,,,4339,4.1477240301901475e-05
140,3.916137939086184e-05,0.0,0.0,4349,
140,3.883959652739577e-05,0.0,0.0,4359,
140,4.026423266623169e-05,0.0,0.0,4369,
140,,,,4370,4.093617826583795e-05
141,3.895745612680912e-05,0.0,0.0,4379,
141,3.850428402074613e-05,0.0,0.0,4389,
141,3.8413760194089264e-05,0.0,0.0,4399,
141,,,,4401,4.0828534110914916e-05
142,3.996254235971719e-05,0.0,0.0,4409,
142,3.9512287912657484e-05,0.0,0.0,4419,
142,3.993369682575576e-05,0.0,0.0,4429,
142,,,,4432,4.085557520738803e-05
143,3.992331403424032e-05,0.0,0.0,4439,
143,3.910093801096082e-05,0.0,0.0,4449,
143,3.8267542549874634e-05,0.0,0.0,4459,
143,,,,4463,4.0162867662729695e-05
144,3.922874020645395e-05,0.0,0.0,4469,
144,3.820689380518161e-05,0.0,0.0,4479,
144,3.7579444324364886e-05,0.0,0.0,4489,
144,,,,4494,3.9744492823956534e-05
145,3.8206173485377803e-05,0.0,0.0,4499,
145,3.671512968139723e-05,0.0,0.0,4509,
145,3.8193073123693466e-05,0.0,0.0,4519,
145,,,,4525,3.9570517401443794e-05
146,4.329053990659304e-05,0.0,0.0,4529,
146,3.909577208105475e-05,0.0,0.0,4539,
146,3.7160807551117614e-05,0.0,0.0,4549,
146,,,,4556,3.952369297621772e-05
147,4.2331153963459656e-05,0.0,0.0,4559,
147,3.912375177606009e-05,0.0,0.0,4569,
147,3.721455505001359e-05,0.0,0.0,4579,
147,,,,4587,3.967443626606837e-05
148,4.325846384745091e-05,0.0,0.0,4589,
148,3.971146361436695e-05,0.0,0.0,4599,
148,3.7630870792781934e-05,0.0,0.0,4609,
148,,,,4618,3.8986494473647326e-05
149,3.880917574861087e-05,0.0,0.0,4619,
149,3.673427636385895e-05,0.0,0.0,4629,
149,3.515079879434779e-05,0.0,0.0,4639,
149,3.260351513745263e-05,0.0,0.0,4649,
149,,,,4649,3.850932262139395e-05
150,3.79435732611455e-05,0.0,0.0,4659,
150,3.616526009864174e-05,0.0,0.0,4669,
150,3.75411327695474e-05,0.0,0.0,4679,
150,,,,4680,3.841042416752316e-05
151,3.624210148700513e-05,0.0,0.0,4689,
151,3.604157245717943e-05,0.0,0.0,4699,
151,3.586764432839118e-05,0.0,0.0,4709,
151,,,,4711,3.828251647064462e-05
152,3.765312794712372e-05,0.0,0.0,4719,
152,3.677125641843304e-05,0.0,0.0,4729,
152,3.662078961497173e-05,0.0,0.0,4739,
152,,,,4742,3.84054183086846e-05
153,4.052641452290118e-05,0.0,0.0,4749,
153,3.71521309716627e-05,0.0,0.0,4759,
153,3.5982346162199974e-05,0.0,0.0,4769,
153,,,,4773,3.8093639886938035e-05
154,3.627310798037797e-05,0.0,0.0,4779,
154,3.615841342252679e-05,0.0,0.0,4789,
154,3.5270368243800476e-05,0.0,0.0,4799,
154,,,,4804,3.761256084544584e-05
155,3.635526081779972e-05,0.0,0.0,4809,
155,3.42483508575242e-05,0.0,0.0,4819,
155,3.573184585548006e-05,0.0,0.0,4829,
155,,,,4835,3.7570851418422535e-05
156,4.2073257645824924e-05,0.0,0.0,4839,
156,3.7365327443694696e-05,0.0,0.0,4849,
156,3.4961209166795015e-05,0.0,0.0,4859,
156,,,,4866,3.776029188884422e-05
157,4.143758997088298e-05,0.0,0.0,4869,
157,3.6794106563320383e-05,0.0,0.0,4879,
157,3.506576831568964e-05,0.0,0.0,4889,
157,,,,4897,3.774773358600214e-05
158,3.891444794135168e-05,0.0,0.0,4899,
158,3.522348197293468e-05,0.0,0.0,4909,
158,3.513685442158021e-05,0.0,0.0,4919,
158,,,,4928,3.676826963783242e-05
159,3.6540161090670153e-05,0.0,0.0,4929,
159,3.49167239619419e-05,0.0,0.0,4939,
159,3.299478339613415e-05,0.0,0.0,4949,
159,3.0188759410521016e-05,0.0,0.0,4959,
159,,,,4959,3.6459714465308934e-05
160,3.515648131724447e-05,0.0,0.0,4969,
160,3.5063683753833175e-05,0.0,0.0,4979,
160,3.512610783218406e-05,0.0,0.0,4989,
160,,,,4990,3.6468369216891006e-05
161,3.3867072488646954e-05,0.0,0.0,4999,
161,3.467748683760874e-05,0.0,0.0,5009,
161,3.3040989364963025e-05,0.0,0.0,5019,
161,,,,5021,3.624282544478774e-05
162,3.835294410237111e-05,0.0,0.0,5029,
162,3.455646219663322e-05,0.0,0.0,5039,
162,3.428841955610551e-05,0.0,0.0,5049,
162,,,,5052,3.632932566688396e-05
163,3.805811138590798e-05,0.0,0.0,5059,
163,3.5143864806741476e-05,0.0,0.0,5069,
163,3.3298285416094586e-05,0.0,0.0,5079,
163,,,,5083,3.651560837170109e-05
164,3.997730163973756e-05,0.0,0.0,5089,
164,3.584213482099585e-05,0.0,0.0,5099,
164,3.348743848619051e-05,0.0,0.0,5109,
164,,,,5114,3.557303352863528e-05
165,3.535182258929126e-05,0.0,0.0,5119,
165,3.219579593860544e-05,0.0,0.0,5129,
165,3.3527852792758495e-05,0.0,0.0,5139,
165,,,,5145,3.504123742459342e-05
166,3.711588942678645e-05,0.0,0.0,5149,
166,3.315996946184896e-05,0.0,0.0,5159,
166,3.242149978177622e-05,0.0,0.0,5169,
166,,,,5176,3.5238659620517865e-05
167,3.794292933889665e-05,0.0,0.0,5179,
167,3.5417411709204316e-05,0.0,0.0,5189,
167,3.257959906477481e-05,0.0,0.0,5199,
167,,,,5207,3.5294735425850376e-05
168,3.655924228951335e-05,0.0,0.0,5209,
168,3.3767475542845204e-05,0.0,0.0,5219,
168,3.3140237064799294e-05,0.0,0.0,5229,
168,,,,5238,3.5077842767350376e-05
169,3.48107423633337e-05,0.0,0.0,5239,
169,3.40777296514716e-05,0.0,0.0,5249,
169,3.077517249039374e-05,0.0,0.0,5259,
169,2.8375739930197597e-05,0.0,0.0,5269,
169,,,,5269,3.4529759432189167e-05
170,3.325512807350606e-05,0.0,0.0,5279,
170,3.24077409459278e-05,0.0,0.0,5289,
170,3.310124156996608e-05,0.0,0.0,5299,
170,,,,5300,3.443739842623472e-05
171,3.230568836443126e-05,0.0,0.0,5309,
171,3.384484807611443e-05,0.0,0.0,5319,
171,3.1330946512753144e-05,0.0,0.0,5329,
171,,,,5331,3.4570814023027197e-05
172,3.444333196966909e-05,0.0,0.0,5339,
172,3.2284831831930205e-05,0.0,0.0,5349,
172,3.348238897160627e-05,0.0,0.0,5359,
172,,,,5362,3.462268796283752e-05
173,3.241255399188958e-05,0.0,0.0,5369,
173,3.2162195566343144e-05,0.0,0.0,5379,
173,3.125703369732946e-05,0.0,0.0,5389,
173,,,,5393,3.383035436854698e-05
174,3.192416625097394e-05,0.0,0.0,5399,
174,3.209164060535841e-05,0.0,0.0,5409,
174,3.094276326010004e-05,0.0,0.0,5419,
174,,,,5424,3.3695552701829e-05
175,3.687889693537727e-05,0.0,0.0,5429,
175,3.088556695729494e-05,0.0,0.0,5439,
175,3.245298285037279e-05,0.0,0.0,5449,
175,,,,5455,3.3843854907900095e-05
176,3.89306151191704e-05,0.0,0.0,5459,
176,3.153912257403135e-05,0.0,0.0,5469,
176,3.068427031394094e-05,0.0,0.0,5479,
176,,,,5486,3.4006083296844736e-05
177,3.95731367461849e-05,0.0,0.0,5489,
177,3.199639468220994e-05,0.0,0.0,5499,
177,3.0508224881486967e-05,0.0,0.0,5509,
177,,,,5517,3.32126728608273e-05
178,3.226456101401709e-05,0.0,0.0,5519,
178,3.0248798793763854e-05,0.0,0.0,5529,
178,3.086199285462499e-05,0.0,0.0,5539,
178,,,,5548,3.271018431405537e-05
179,3.2412357541034e-05,0.0,0.0,5549,
179,3.17860503855627e-05,0.0,0.0,5559,
179,2.8828853828599676e-05,0.0,0.0,5569,
179,2.6688185243983753e-05,0.0,0.0,5579,
179,,,,5579,3.276535062468611e-05
180,3.109913086518645e-05,0.0,0.0,5589,
180,3.2821670174598694e-05,0.0,0.0,5599,
180,3.1223531550494954e-05,0.0,0.0,5609,
180,,,,5610,3.285527782281861e-05
181,2.9639506465173326e-05,0.0,0.0,5619,
181,3.0835086363367736e-05,0.0,0.0,5629,
181,3.003631172759924e-05,0.0,0.0,5639,
181,,,,5641,3.281412864453159e-05
182,3.2842082873685285e-05,0.0,0.0,5649,
182,3.0370818421943113e-05,0.0,0.0,5659,
182,3.112353806500323e-05,0.0,0.0,5669,
182,,,,5672,3.2255873520625755e-05
183,3.083744741161354e-05,0.0,0.0,5679,
183,3.0130817322060466e-05,0.0,0.0,5689,
183,2.8976106477784924e-05,0.0,0.0,5699,
183,,,,5703,3.161214044666849e-05
184,2.9933675250504166e-05,0.0,0.0,5709,
184,3.028091487067286e-05,0.0,0.0,5719,
184,2.9238506613182835e-05,0.0,0.0,5729,
184,,,,5734,3.1663457775721326e-05
185,3.5157714592060074e-05,0.0,0.0,5739,
185,2.9232243832666427e-05,0.0,0.0,5749,
185,3.074774576816708e-05,0.0,0.0,5759,
185,,,,5765,3.17838930641301e-05
186,3.5595665394794196e-05,0.0,0.0,5769,
186,3.0064624297665432e-05,0.0,0.0,5779,
186,2.8819418730563484e-05,0.0,0.0,5789,
186,,,,5796,3.1806113838683814e-05
187,3.714676131494343e-05,0.0,0.0,5799,
187,3.1583364034304395e-05,0.0,0.0,5809,
187,2.901908737840131e-05,0.0,0.0,5819,
187,,,,5827,3.1361028959508985e-05
188,3.092513725277968e-05,0.0,0.0,5829,
188,2.82314886135282e-05,0.0,0.0,5839,
188,2.9103537599439733e-05,0.0,0.0,5849,
188,,,,5858,3.081989780184813e-05
189,3.049436963920016e-05,0.0,0.0,5859,
189,3.0184497518348508e-05,0.0,0.0,5869,
189,2.718605537666008e-05,0.0,0.0,5879,
189,2.5038219973794185e-05,0.0,0.0,5889,
189,,,,5889,3.077112341998145e-05
190,2.921746090578381e-05,0.0,0.0,5899,
190,3.046702840947546e-05,0.0,0.0,5909,
190,2.881956061173696e-05,0.0,0.0,5919,
190,,,,5920,3.0664778023492545e-05
191,2.8136726541561075e-05,0.0,0.0,5929,
191,2.881546060962137e-05,0.0,0.0,5939,
191,2.777751251414884e-05,0.0,0.0,5949,
191,,,,5951,3.0507511837640777e-05
192,3.925135752069764e-05,0.0,0.0,5959,
192,2.955230047518853e-05,0.0,0.0,5969,
192,2.8841088351327926e-05,0.0,0.0,5979,
192,,,,5982,3.107584416284226e-05
193,2.971093272208236e-05,0.0,0.0,5989,
193,2.8681146432063542e-05,0.0,0.0,5999,
193,2.782541560009122e-05,0.0,0.0,6009,
193,,,,6013,3.033063876500819e-05
194,2.8435857529984787e-05,0.0,0.0,6019,
194,2.84668494714424e-05,0.0,0.0,6029,
194,2.7579337256611325e-05,0.0,0.0,6039,
194,,,,6044,2.9975319193908945e-05
195,2.9632294172188267e-05,0.0,0.0,6049,
195,2.725972626649309e-05,0.0,0.0,6059,
195,2.8201982786413282e-05,0.0,0.0,6069,
195,,,,6075,2.9827726393705234e-05
196,3.1192059395834804e-05,0.0,0.0,6079,
196,2.8597443815669976e-05,0.0,0.0,6089,
196,2.683942329895217e-05,0.0,0.0,6099,
196,,,,6106,2.9577136956504546e-05
197,2.88215815089643e-05,0.0,0.0,6109,
197,2.8326061510597356e-05,0.0,0.0,6119,
197,2.7283280360279605e-05,0.0,0.0,6129,
197,,,,6137,2.9281736715347506e-05
198,3.0150562452035956e-05,0.0,0.0,6139,
198,2.702301208046265e-05,0.0,0.0,6149,
198,2.8048974854755215e-05,0.0,0.0,6159,
198,,,,6168,2.9015536711085588e-05
199,2.8663214834523387e-05,0.0,0.0,6169,
199,3.104159259237349e-05,0.0,0.0,6179,
199,2.8106505851610564e-05,0.0,0.0,6189,
199,2.3202706870506518e-05,0.0,0.0,6199,
199,,,,6199,2.9065013222862035e-05
200,3.081313116126694e-05,0.0,0.0,6209,
200,2.7467618565424345e-05,0.0,0.0,6219,
200,2.996539114974439e-05,0.0,0.0,6229,
200,,,,6230,2.993840644194279e-05
201,2.6445748517289758e-05,0.0,0.0,6239,
201,2.8032149202772416e-05,0.0,0.0,6249,
201,2.6581576094031334e-05,0.0,0.0,6259,
201,,,,6261,2.9839042326784693e-05
202,2.8020982426824048e-05,0.0,0.0,6269,
202,2.6418480047141202e-05,0.0,0.0,6279,
202,2.722408862609882e-05,0.0,0.0,6289,
202,,,,6292,2.8476926672738045e-05
203,2.703225618461147e-05,0.0,0.0,6299,
203,2.6803350920090452e-05,0.0,0.0,6309,
203,2.5648027076385915e-05,0.0,0.0,6319,
203,,,,6323,2.7823440177598968e-05
204,2.7510384825291112e-05,0.0,0.0,6329,
204,2.649585803737864e-05,0.0,0.0,6339,
204,2.6022662495961413e-05,0.0,0.0,6349,
204,,,,6354,2.7564450647332706e-05
205,2.8045264116371982e-05,0.0,0.0,6359,
205,2.5432385882595554e-05,0.0,0.0,6369,
205,2.6512572731007822e-05,0.0,0.0,6379,
205,,,,6385,2.7506750484462827e-05
206,2.9452834496623836e-05,0.0,0.0,6389,
206,2.7531634259503335e-05,0.0,0.0,6399,
206,2.51062501774868e-05,0.0,0.0,6409,
206,,,,6416,2.7200518161407672e-05
207,2.6497937142266892e-05,0.0,0.0,6419,
207,2.589908763184212e-05,0.0,0.0,6429,
207,2.5880910470732488e-05,0.0,0.0,6439,
207,,,,6447,2.7040219720220193e-05
208,2.9518045266740955e-05,0.0,0.0,6449,
208,2.8321499485173263e-05,0.0,0.0,6459,
208,2.61395143752452e-05,0.0,0.0,6469,
208,,,,6478,2.8157206543255597e-05
209,2.774017775664106e-05,0.0,0.0,6479,
209,2.6460889785084873e-05,0.0,0.0,6489,
209,2.4102648239932023e-05,0.0,0.0,6499,
209,2.162969030905515e-05,0.0,0.0,6509,
209,,,,6509,2.6707719371188432e-05
210,2.5899951651808806e-05,0.0,0.0,6519,
210,2.563549242040608e-05,0.0,0.0,6529,
210,2.5261520931962878e-05,0.0,0.0,6539,
210,,,,6540,2.6686006094678305e-05
211,2.5375453333253972e-05,0.0,0.0,6549,
211,2.5509509214316495e-05,0.0,0.0,6559,
211,2.469283754180651e-05,0.0,0.0,6569,
211,,,,6571,2.6478070140001364e-05
212,2.829729965014849e-05,0.0,0.0,6579,
212,2.466251862642821e-05,0.0,0.0,6589,
212,2.5666977307992056e-05,0.0,0.0,6599,
212,,,,6602,2.62811008724384e-05
213,2.5405863198102452e-05,0.0,0.0,6609,
213,2.6622717996360734e-05,0.0,0.0,6619,
213,2.395387491560541e-05,0.0,0.0,6629,
213,,,,6633,2.6068910301546566e-05
214,2.591525662865024e-05,0.0,0.0,6639,
214,2.509524165361654e-05,0.0,0.0,6649,
214,2.4980561647680588e-05,0.0,0.0,6659,
214,,,,6664,2.5739160264492966e-05
215,3.001878212671727e-05,0.0,0.0,6669,
215,2.8579197532963008e-05,0.0,0.0,6679,
215,2.5952413125196472e-05,0.0,0.0,6689,
215,,,,6695,2.6615793103701435e-05
216,2.750230851233937e-05,0.0,0.0,6699,
216,2.6422709197504446e-05,0.0,0.0,6709,
216,2.3491546016884968e-05,0.0,0.0,6719,
216,,,,6726,2.63110596279148e-05
217,2.6352838176535442e-05,0.0,0.0,6729,
217,2.718635914789047e-05,0.0,0.0,6739,
217,2.4339477022294886e-05,0.0,0.0,6749,
217,,,,6757,2.6527071895543486e-05
218,2.8461767215048894e-05,0.0,0.0,6759,
218,2.3954420612426475e-05,0.0,0.0,6769,
218,2.5013918275362812e-05,0.0,0.0,6779,
218,,,,6788,2.659687743289396e-05
219,2.617302925500553e-05,0.0,0.0,6789,
219,2.525500713090878e-05,0.0,0.0,6799,
219,2.345098073419649e-05,0.0,0.0,6809,
219,2.0167115508229472e-05,0.0,0.0,6819,
219,,,,6819,2.6490823074709624e-05
220,2.6123803763766773e-05,0.0,0.0,6829,
220,2.3631071599083953e-05,0.0,0.0,6839,
220,2.4096430934150703e-05,0.0,0.0,6849,
220,,,,6850,2.5857705622911453e-05
221,2.275047154398635e-05,0.0,0.0,6859,
221,2.3826405595173128e-05,0.0,0.0,6869,
221,2.2777989215683192e-05,0.0,0.0,6879,
221,,,,6881,2.501978087821044e-05
222,2.502356619515922e-05,0.0,0.0,6889,
222,2.2981990696280263e-05,0.0,0.0,6899,
222,2.3886608687462285e-05,0.0,0.0,6909,
222,,,,6912,2.4677741748746485e-05
223,3.566060331650078e-05,0.0,0.0,6919,
223,2.584986577858217e-05,0.0,0.0,6929,
223,2.4156806830433197e-05,0.0,0.0,6939,
223,,,,6943,2.6074623747263104e-05
224,2.43041904468555e-05,0.0,0.0,6949,
224,2.4596203729743138e-05,0.0,0.0,6959,
224,2.247407792310696e-05,0.0,0.0,6969,
224,,,,6974,2.4986498829093762e-05
225,2.5380029910593294e-05,0.0,0.0,6979,
225,2.2101747163105756e-05,0.0,0.0,6989,
225,2.3147134925238788e-05,0.0,0.0,6999,
225,,,,7005,2.412067806289997e-05
226,2.566282455518376e-05,0.0,0.0,7009,
226,2.38273660215782e-05,0.0,0.0,7019,
226,2.1651978386216797e-05,0.0,0.0,7029,
226,,,,7036,2.3956625227583572e-05
227,2.2950554921408184e-05,0.0,0.0,7039,
227,2.3149728804128245e-05,0.0,0.0,7049,
227,2.2313453882816248e-05,0.0,0.0,7059,
227,,,,7067,2.3693248294875957e-05
228,2.498198955436237e-05,0.0,0.0,7069,
228,2.1907815607846715e-05,0.0,0.0,7079,
228,2.2637292204308324e-05,0.0,0.0,7089,
228,,,,7098,2.3320313630392775e-05
229,2.2893658751854673e-05,0.0,0.0,7099,
229,2.2969781639403664e-05,0.0,0.0,7109,
229,2.1043755623395555e-05,0.0,0.0,7119,
229,1.8768787413137034e-05,0.0,0.0,7129,
229,,,,7129,2.300636151630897e-05
230,3.1758216209709644e-05,0.0,0.0,7139,
230,2.262002271891106e-05,0.0,0.0,7149,
230,2.2959395209909417e-05,0.0,0.0,7159,
230,,,,7160,2.3879443688201718e-05
231,2.1743207980762236e-05,0.0,0.0,7169,
231,2.2012203771737404e-05,0.0,0.0,7179,
231,2.1195142835495062e-05,0.0,0.0,7189,
231,,,,7191,2.262078305648174e-05
232,2.3661159502808005e-05,0.0,0.0,7199,
232,2.1369243768276647e-05,0.0,0.0,7209,
232,2.261944428028073e-05,0.0,0.0,7219,
232,,,,7222,2.2425090719480067e-05
233,2.2250866095419042e-05,0.0,0.0,7229,
233,2.2028167222742923e-05,0.0,0.0,7239,
233,2.1637444660882466e-05,0.0,0.0,7249,
233,,,,7253,2.2054084183764644e-05
234,2.1633048163494095e-05,0.0,0.0,7259,
234,2.2203405023901723e-05,0.0,0.0,7269,
234,2.0791769202332944e-05,0.0,0.0,7279,
234,,,,7284,2.221603244834114e-05
235,3.3565604098839685e-05,0.0,0.0,7289,
235,2.1660247512045316e-05,0.0,0.0,7299,
235,2.1347661459003575e-05,0.0,0.0,7309,
235,,,,7315,2.3054903067531995e-05
236,2.3222055460792035e-05,0.0,0.0,7319,
236,2.0830742869293317e-05,0.0,0.0,7329,
236,1.9878658349625766e-05,0.0,0.0,7339,
236,,,,7346,2.1756090063718148e-05
237,2.131997825927101e-05,0.0,0.0,7349,
237,2.0679713998106308e-05,0.0,0.0,7359,
237,2.0236318960087374e-05,0.0,0.0,7369,
237,,,,7377,2.174202018068172e-05
238,2.2343278033076786e-05,0.0,0.0,7379,
238,2.0742749256896786e-05,0.0,0.0,7389,
238,2.0528686945908703e-05,0.0,0.0,7399,
238,,,,7408,2.1765932615380734e-05
239,2.1369165551732294e-05,0.0,0.0,7409,
239,2.057011988654267e-05,0.0,0.0,7419,
239,1.9793638784904033e-05,0.0,0.0,7429,
239,1.737365164444782e-05,0.0,0.0,7439,
239,,,,7439,2.161999509553425e-05
240,2.0224562831572257e-05,0.0,0.0,7449,
240,2.115170173055958e-05,0.0,0.0,7459,
240,2.010651041928213e-05,0.0,0.0,7469,
240,,,,7470,2.1399415345513262e-05
241,1.952364073076751e-05,0.0,0.0,7479,
241,2.0555195078486577e-05,0.0,0.0,7489,
241,1.9824030459858477e-05,0.0,0.0,7499,
241,,,,7501,2.101790960296057e-05
242,2.0379424313432537e-05,0.0,0.0,7509,
242,1.990224154724274e-05,0.0,0.0,7519,
242,2.035704892477952e-05,0.0,0.0,7529,
242,,,,7532,2.0556568415486254e-05
243,1.984333539439831e-05,0.0,0.0,7539,
243,2.007798320846632e-05,0.0,0.0,7549,
243,1.9384267943678424e-05,0.0,0.0,7559,
243,,,,7563,2.0623319869628176e-05
244,2.413715628790669e-05,0.0,0.0,7569,
244,2.346385554119479e-05,0.0,0.0,7579,
244,2.0616738765966147e-05,0.0,0.0,7589,
244,,,,7594,2.0593955923686735e-05
245,2.10504476854112e-05,0.0,0.0,7599,
245,1.8316839486942627e-05,0.0,0.0,7609,
245,1.893257285701111e-05,0.0,0.0,7619,
245,,,,7625,1.9688432075781748e-05
246,2.0844483515247703e-05,0.0,0.0,7629,
246,1.890790372272022e-05,0.0,0.0,7639,
246,1.820300894905813e-05,0.0,0.0,7649,
246,,,,7656,1.9215536667616107e-05
247,2.0131694327574223e-05,0.0,0.0,7659,
247,1.8886561520048417e-05,0.0,0.0,7669,
247,1.8755028577288613e-05,0.0,0.0,7679,
247,,,,7687,1.9380127923795953e-05
248,1.9962510123150423e-05,0.0,0.0,7689,
248,1.8819235265254974e-05,0.0,0.0,7699,
248,2.092640170303639e-05,0.0,0.0,7709,
248,,,,7718,1.9309803974465467e-05
249,1.8951132005895488e-05,0.0,0.0,7719,
249,1.8548260413808748e-05,0.0,0.0,7729,
249,1.738627179292962e-05,0.0,0.0,7739,
249,1.5424600860569626e-05,0.0,0.0,7749,
249,,,,7749,1.910488572320901e-05
250,1.802325641619973e-05,0.0,0.0,7759,
250,1.8693466699915007e-05,0.0,0.0,7769,
250,1.8563068806543015e-05,0.0,0.0,7779,
250,,,,7780,1.845703081926331e-05
251,1.750493720464874e-05,0.0,0.0,7789,
251,1.8210035705124028e-05,0.0,0.0,7799,
251,1.8784643543767743e-05,0.0,0.0,7809,
251,,,,7811,1.8624048607307486e-05
252,2.022311309701763e-05,0.0,0.0,7819,
252,1.864008663687855e-05,0.0,0.0,7829,
252,1.935681575560011e-05,0.0,0.0,7839,
252,,,,7842,1.8538905351306312e-05
253,2.863180634449236e-05,0.0,0.0,7849,
253,1.8643704606802203e-05,0.0,0.0,7859,
253,1.8908940546680242e-05,0.0,0.0,7869,
253,,,,7873,1.917953159136232e-05
254,2.149897045455873e-05,0.0,0.0,7879,
254,1.94817239389522e-05,0.0,0.0,7889,
254,1.7736343579599634e-05,0.0,0.0,7899,
254,,,,7904,1.812002665246837e-05
255,1.8597971575218253e-05,0.0,0.0,7909,
255,1.7753720385371707e-05,0.0,0.0,7919,
255,1.7540167391416617e-05,0.0,0.0,7929,
255,,,,7935,1.7646503692958504e-05
256,1.8639437257661484e-05,0.0,0.0,7939,
256,1.7227124772034585e-05,0.0,0.0,7949,
256,1.6534811948076822e-05,0.0,0.0,7959,
256,,,,7966,1.7490554455434904e-05
257,1.9971661458839662e-05,0.0,0.0,7969,
257,1.670286656008102e-05,0.0,0.0,7979,
257,1.6926769603742287e-05,0.0,0.0,7989,
257,,,,7997,1.7422342352801934e-05
258,1.9330727809574455e-05,0.0,0.0,7999,
258,1.7701939214020967e-05,0.0,0.0,8009,
258,1.7935801224666648e-05,0.0,0.0,8019,
258,,,,8028,1.8452632502885535e-05
259,1.8029650163953193e-05,0.0,0.0,8029,
259,1.9545599570847116e-05,0.0,0.0,8039,
259,1.773857366060838e-05,0.0,0.0,8049,
259,1.412822075508302e-05,0.0,0.0,8059,
259,,,,8059,1.7338843463221565e-05
260,1.66574573086109e-05,0.0,0.0,8069,
260,1.6469530237372965e-05,0.0,0.0,8079,
260,1.6945841707638465e-05,0.0,0.0,8089,
260,,,,8090,1.6981884982669726e-05
261,1.6278656403301284e-05,0.0,0.0,8099,
261,1.630030237720348e-05,0.0,0.0,8109,
261,1.726990012684837e-05,0.0,0.0,8119,
261,,,,8121,1.7132986613432877e-05
262,1.9682720449054614e-05,0.0,0.0,8129,
262,1.661024180066306e-05,0.0,0.0,8139,
262,1.8348331650486216e-05,0.0,0.0,8149,
262,,,,8152,1.7415997717762366e-05
263,2.925353510363493e-05,0.0,0.0,8159,
263,1.7452231986681e-05,0.0,0.0,8169,
263,1.6045529264374636e-05,0.0,0.0,8179,
263,,,,8183,1.7496229702373967e-05
264,1.964200237125624e-05,0.0,0.0,8189,
264,1.7621481674723327e-05,0.0,0.0,8199,
264,1.6295549357892014e-05,0.0,0.0,8209,
264,,,,8214,1.7681853933027014e-05
265,1.829902976169251e-05,0.0,0.0,8219,
265,1.6760774087742902e-05,0.0,0.0,8229,
265,1.6147969290614128e-05,0.0,0.0,8239,
265,,,,8245,1.629873258934822e-05
266,1.838374555518385e-05,0.0,0.0,8249,
266,1.58837137860246e-05,0.0,0.0,8259,
266,1.536676791147329e-05,0.0,0.0,8269,
266,,,,8276,1.6900236005312763e-05
267,2.1981850295560434e-05,0.0,0.0,8279,
267,1.556426468596328e-05,0.0,0.0,8289,
267,1.5616504242643714e-05,0.0,0.0,8299,
267,,,,8307,1.631981649552472e-05
268,1.8088680008077063e-05,0.0,0.0,8309,
268,1.5850151612539776e-05,0.0,0.0,8319,
268,1.5620045815012418e-05,0.0,0.0,8329,
268,,,,8338,1.70235271070851e-05
269,1.657987741054967e-05,0.0,0.0,8339,
269,1.670464189373888e-05,0.0,0.0,8349,
269,1.4818854651821312e-05,0.0,0.0,8359,
269,1.2637426152650733e-05,0.0,0.0,8369,
269,,,,8369,1.599473580427002e-05
270,1.7243231923202984e-05,0.0,0.0,8379,
270,1.598276685399469e-05,0.0,0.0,8389,
270,1.6600082744844258e-05,0.0,0.0,8399,
270,,,,8400,1.6801599485916086e-05
271,1.913941559905652e-05,0.0,0.0,8409,
271,1.80439656105591e-05,0.0,0.0,8419,
271,1.551224704599008e-05,0.0,0.0,8429,
271,,,,8431,1.5932368114590645e-05
272,1.5839636034797877e-05,0.0,0.0,8439,
272,1.5570791219943203e-05,0.0,0.0,8449,
272,1.693507692834828e-05,0.0,0.0,8459,
272,,,,8462,1.6800773664726876e-05
273,1.572187102283351e-05,0.0,0.0,8469,
273,1.563516525493469e-05,0.0,0.0,8479,
273,1.451900061510969e-05,0.0,0.0,8489,
273,,,,8493,1.5054980394779705e-05
274,1.5595860531902872e-05,0.0,0.0,8499,
274,1.4839911273156758e-05,0.0,0.0,8509,
274,1.4660512533737347e-05,0.0,0.0,8519,
274,,,,8524,1.5276535123120993e-05
275,1.5618863471900113e-05,0.0,0.0,8529,
275,1.5308853107853793e-05,0.0,0.0,8539,
275,1.4499505596177187e-05,0.0,0.0,8549,
275,,,,8555,1.5043014172988478e-05
276,1.714976860966999e-05,0.0,0.0,8559,
276,1.7401689547114074e-05,0.0,0.0,8569,
276,1.435395097360015e-05,0.0,0.0,8579,
276,,,,8586,1.5905190593912266e-05
277,2.2880623873788863e-05,0.0,0.0,8589,
277,2.052049239864573e-05,0.0,0.0,8599,
277,1.480963055655593e-05,0.0,0.0,8609,
277,,,,8617,1.66878762684064e-05
278,2.1805577489431016e-05,0.0,0.0,8619,
278,1.5628227629349567e-05,0.0,0.0,8629,
278,1.4923492017260287e-05,0.0,0.0,8639,
278,,,,8648,1.5602547136950307e-05
279,1.5184121366473846e-05,0.0,0.0,8649,
279,1.4737133824382909e-05,0.0,0.0,8659,
279,1.3580222912423778e-05,0.0,0.0,8669,
279,1.0967445632559247e-05,0.0,0.0,8679,
279,,,,8679,1.4802354598941747e-05
280,1.3986596968607046e-05,0.0,0.0,8689,
280,1.3932090951129794e-05,0.0,0.0,8699,
280,1.451185471523786e-05,0.0,0.0,8709,
280,,,,8710,1.4923003618605435e-05
281,1.40650099638151e-05,0.0,0.0,8719,
281,1.3934736671217252e-05,0.0,0.0,8729,
281,1.4176313925418071e-05,0.0,0.0,8739,
281,,,,8741,1.4350292985909618e-05
282,1.7396743714925833e-05,0.0,0.0,8749,
282,1.4210528206604067e-05,0.0,0.0,8759,
282,1.571053326188121e-05,0.0,0.0,8769,
282,,,,8772,1.5454839740414172e-05
283,4.2339121137047186e-05,0.0,0.0,8779,
283,2.029764982580673e-05,0.0,0.0,8789,
283,1.4414481483981945e-05,0.0,0.0,8799,
283,,,,8803,1.5858899132581428e-05
284,1.657428038015496e-05,0.0,0.0,8809,
284,1.4189056855684612e-05,0.0,0.0,8819,
284,1.4458107216341887e-05,0.0,0.0,8829,
284,,,,8834,1.5055595213198103e-05
285,1.427412007615203e-05,0.0,0.0,8839,
285,1.33493367684423e-05,0.0,0.0,8849,
285,1.3736407709075138e-05,0.0,0.0,8859,
285,,,,8865,1.400122437189566e-05
286,1.4779448065382894e-05,0.0,0.0,8869,
286,1.3413992746791337e-05,0.0,0.0,8879,
286,1.2921866982651409e-05,0.0,0.0,8889,
286,,,,8896,1.3764001778326929e-05
287,1.4482585356745403e-05,0.0,0.0,8899,
287,1.3396038411883637e-05,0.0,0.0,8909,
287,1.3205252798798028e-05,0.0,0.0,8919,
287,,,,8927,1.371321650367463e-05
288,1.3890955415263306e-05,0.0,0.0,8929,
288,1.3596537428384181e-05,0.0,0.0,8939,
288,1.3122283235134091e-05,0.0,0.0,8949,
288,,,,8958,1.365083153359592e-05
289,1.3287968613440171e-05,0.0,0.0,8959,
289,1.5134411114559043e-05,0.0,0.0,8969,
289,1.5284405890270136e-05,0.0,0.0,8979,
289,1.0602481779642403e-05,0.0,0.0,8989,
289,,,,8989,1.3883552128390875e-05
290,1.366545711789513e-05,0.0,0.0,8999,
290,1.6546264305361547e-05,0.0,0.0,9009,
290,1.4078055755817331e-05,0.0,0.0,9019,
290,,,,9020,1.4223122889234219e-05
291,1.4027928955329116e-05,0.0,0.0,9029,
291,1.344646170764463e-05,0.0,0.0,9039,
291,1.3474504157784395e-05,0.0,0.0,9049,
291,,,,9051,1.4251519132812973e-05
292,1.4819076568528544e-05,0.0,0.0,9059,
292,1.297873222938506e-05,0.0,0.0,9069,
292,1.3859787031833548e-05,0.0,0.0,9079,
292,,,,9082,1.3635999493999407e-05
293,1.335488286713371e-05,0.0,0.0,9089,
293,1.3579773622041102e-05,0.0,0.0,9099,
293,1.2839608643844258e-05,0.0,0.0,9109,
293,,,,9113,1.3627161933982279e-05
294,1.5192051250778604e-05,0.0,0.0,9119,
294,1.3846955880580936e-05,0.0,0.0,9129,
294,1.3686378224520013e-05,0.0,0.0,9139,
294,,,,9144,1.3821978427586146e-05
295,1.5229075870593078e-05,0.0,0.0,9149,
295,1.3034659787081182e-05,0.0,0.0,9159,
295,1.2974095625395421e-05,0.0,0.0,9169,
295,,,,9175,1.4360971363203134e-05
296,1.968073411262594e-05,0.0,0.0,9179,
296,1.714318204903975e-05,0.0,0.0,9189,
296,1.3676675735041499e-05,0.0,0.0,9199,
296,,,,9206,1.635806620470248e-05
297,1.816402073018253e-05,0.0,0.0,9209,
297,1.3288607988215517e-05,0.0,0.0,9219,
297,1.282481480302522e-05,0.0,0.0,9229,
297,,,,9237,1.3376566130318679e-05
298,1.3756168300460558e-05,0.0,0.0,9239,
298,1.2537382644950412e-05,0.0,0.0,9249,
298,1.2443638297554571e-05,0.0,0.0,9259,
298,,,,9268,1.2826034435420297e-05
299,1.2478602002374828e-05,0.0,0.0,9269,
299,1.3719924027100205e-05,0.0,0.0,9279,
299,1.1951071428484283e-05,0.0,0.0,9289,
299,9.717278771859128e-06,0.0,0.0,9299,
299,,,,9299,1.3254163604869973e-05
300,1.560912096465472e-05,0.0,0.0,9309,
300,1.5079445802257396e-05,0.0,0.0,9319,
300,1.4045113857719116e-05,0.0,0.0,9329,
300,,,,9330,1.4004663171363063e-05
301,1.3334720279090106e-05,0.0,0.0,9339,
301,1.270140455744695e-05,0.0,0.0,9349,
301,1.359089947072789e-05,0.0,0.0,9359,
301,,,,9361,1.3540298823500052e-05
302,1.4688802366435993e-05,0.0,0.0,9369,
302,1.3292829862621147e-05,0.0,0.0,9379,
302,1.3184897397877648e-05,0.0,0.0,9389,
302,,,,9392,1.2935941413161345e-05
303,1.4377506886376068e-05,0.0,0.0,9399,
303,1.3559081708081067e-05,0.0,0.0,9409,
303,1.1958932191191707e-05,0.0,0.0,9419,
303,,,,9423,1.276078910450451e-05
304,1.4453054973273538e-05,0.0,0.0,9429,
304,1.2351716577541083e-05,0.0,0.0,9439,
304,1.2041823538311291e-05,0.0,0.0,9449,
304,,,,9454,1.2568678357638419e-05
305,1.4553554137819447e-05,0.0,0.0,9459,
305,1.1817464837804437e-05,0.0,0.0,9469,
305,1.204797899845289e-05,0.0,0.0,9479,
305,,,,9485,1.2444425010471605e-05
306,1.5549157978966832e-05,0.0,0.0,9489,
306,1.3051891983195674e-05,0.0,0.0,9499,
306,1.1726768207154237e-05,0.0,0.0,9509,
306,,,,9516,1.2368271200102754e-05
307,1.4945908333174884e-05,0.0,0.0,9519,
307,1.3111515727359802e-05,0.0,0.0,9529,
307,1.179766513814684e-05,0.0,0.0,9539,
307,,,,9547,1.2397123100527097e-05
308,1.3490629498846829e-05,0.0,0.0,9549,
308,1.293429249926703e-05,0.0,0.0,9559,
308,1.2299274203542154e-05,0.0,0.0,9569,
308,,,,9578,1.2866866200056393e-05
309,1.2537951988633722e-05,0.0,0.0,9579,
309,1.2528658771771006e-05,0.0,0.0,9589,
309,1.2800200238416437e-05,0.0,0.0,9599,
309,9.20905040402431e-06,0.0,0.0,9609,
309,,,,9609,1.2451379916456062e-05
310,1.2500442608143203e-05,0.0,0.0,9619,
310,1.1553392141649965e-05,0.0,0.0,9629,
310,1.2138917554693762e-05,0.0,0.0,9639,
310,,,,9640,1.2262384188943543e-05
311,1.3316477634361945e-05,0.0,0.0,9649,
311,1.2217731637065299e-05,0.0,0.0,9659,
311,1.1759721019188873e-05,0.0,0.0,9669,
311,,,,9671,1.19392298074672e-05
312,1.4992070646258071e-05,0.0,0.0,9679,
312,1.2324352610448841e-05,0.0,0.0,9689,
312,1.2354194950603414e-05,0.0,0.0,9699,
312,,,,9702,1.2183128092146944e-05
313,2.32893416978186e-05,0.0,0.0,9709,
313,1.3414929526334163e-05,0.0,0.0,9719,
313,1.3411061445367523e-05,0.0,0.0,9729,
313,,,,9733,1.318654449278256e-05
314,1.4828705388936214e-05,0.0,0.0,9739,
314,1.2735555174003821e-05,0.0,0.0,9749,
314,1.1958830327785108e-05,0.0,0.0,9759,
314,,,,9764,1.1870311027450953e-05
315,1.3174213563615922e-05,0.0,0.0,9769,
315,1.130587133957306e-05,0.0,0.0,9779,
315,1.1122484465886373e-05,0.0,0.0,9789,
315,,,,9795,1.1994708074780647e-05
316,1.2544913261081092e-05,0.0,0.0,9799,
316,1.2099254490749445e-05,0.0,0.0,9809,
316,1.0688394468161277e-05,0.0,0.0,9819,
316,,,,9826,1.2136488294345327e-05
317,1.3840246538165957e-05,0.0,0.0,9829,
317,1.358003373752581e-05,0.0,0.0,9839,
317,1.1565079148567747e-05,0.0,0.0,9849,
317,,,,9857,1.2512271496234462e-05
318,1.3039107216172852e-05,0.0,0.0,9859,
318,1.293428704229882e-05,0.0,0.0,9869,
318,1.1312900824123062e-05,0.0,0.0,9879,
318,,,,9888,1.1661611097224522e-05
319,1.1360165444784798e-05,0.0,0.0,9889,
319,1.181061270472128e-05,0.0,0.0,9899,
319,1.048650301527232e-05,0.0,0.0,9909,
319,8.354256351594813e-06,0.0,0.0,9919,
319,,,,9919,1.1457982509455178e-05
320,1.4796547475270927e-05,0.0,0.0,9929,
320,1.7923606719705276e-05,0.0,0.0,9939,
320,1.1891705071320757e-05,0.0,0.0,9949,
320,,,,9950,1.3453785868478008e-05
321,1.148206865764223e-05,0.0,0.0,9959,
321,1.1718355381162837e-05,0.0,0.0,9969,
321,1.248163971467875e-05,0.0,0.0,9979,
321,,,,9981,1.2141545084887184e-05
322,1.884419543785043e-05,0.0,0.0,9989,
322,1.1187697054992896e-05,0.0,0.0,9999,
322,1.37736315082293e-05,0.0,0.0,10009,
322,,,,10012,1.1615999028435908e-05
323,1.0760468285297975e-05,0.0,0.0,10019,
323,1.1276779332547449e-05,0.0,0.0,10029,
323,1.0963427484966815e-05,0.0,0.0,10039,
323,,,,10043,1.1080774129368365e-05
324,1.1172254744451493e-05,0.0,0.0,10049,
324,1.0664176443242468e-05,0.0,0.0,10059,
324,1.0773663234431297e-05,0.0,0.0,10069,
324,,,,10074,1.1121391253254842e-05
325,1.1153230843774509e-05,0.0,0.0,10079,
325,1.0327775271434803e-05,0.0,0.0,10089,
325,1.0528839993639849e-05,0.0,0.0,10099,
325,,,,10105,1.0919035048573278e-05
326,1.1574968993954826e-05,0.0,0.0,10109,
326,1.0992200259352103e-05,0.0,0.0,10119,
326,1.0147347893507686e-05,0.0,0.0,10129,
326,,,,10136,1.1598134733503684e-05
327,1.2761965081153903e-05,0.0,0.0,10139,
327,2.125463834090624e-05,0.0,0.0,10149,
327,1.1331521818647161e-05,0.0,0.0,10159,
327,,,,10167,1.4786363863095175e-05
328,2.8286494853091426e-05,0.0,0.0,10169,
328,2.0840103388763964e-05,0.0,0.0,10179,
328,1.1912931768165436e-05,0.0,0.0,10189,
328,,,,10198,1.4963681678636931e-05
329,1.4613920939154923e-05,0.0,0.0,10199,
329,1.1426386663515586e-05,0.0,0.0,10209,
329,1.0079225830850191e-05,0.0,0.0,10219,
329,7.409394129354041e-06,0.0,0.0,10229,
329,,,,10229,1.0706178727559745e-05
330,1.0045000635727774e-05,0.0,0.0,10239,
330,1.0097264748765156e-05,0.0,0.0,10249,
330,1.0504360034246929e-05,0.0,0.0,10259,
330,,,,10260,1.0572161045274697e-05
331,9.90782518783817e-06,0.0,0.0,10269,
331,1.019431419990724e-05,0.0,0.0,10279,
331,1.0467082574905362e-05,0.0,0.0,10289,
331,,,,10291,1.054577933246037e-05
332,1.0646447663020808e-05,0.0,0.0,10299,
332,1.0049831871583592e-05,0.0,0.0,10309,
332,1.1033354894607328e-05,0.0,0.0,10319,
332,,,,10322,1.0422761988593265e-05
333,9.958278496924322e-06,0.0,0.0,10329,
333,1.0666525668057147e-05,0.0,0.0,10339,
333,1.040897495840909e-05,0.0,0.0,10349,
333,,,,10353,1.0419566933705937e-05
334,1.0504531019250862e-05,0.0,0.0,10359,
334,1.0197988558502402e-05,0.0,0.0,10369,
334,1.0272475265082903e-05,0.0,0.0,10379,
334,,,,10384,1.0564389413048048e-05
335,1.3878896425012499e-05,0.0,0.0,10389,
335,1.3288040463521611e-05,0.0,0.0,10399,
335,1.0741518963186536e-05,0.0,0.0,10409,
335,,,,10415,1.1187870768480934e-05
336,1.3231418961368036e-05,0.0,0.0,10419,
336,1.0243876204185653e-05,0.0,0.0,10429,
336,9.528970622341149e-06,0.0,0.0,10439,
336,,,,10446,1.0527774975344073e-05
337,1.0925328751909547e-05,0.0,0.0,10449,
337,1.0501936230866704e-05,0.0,0.0,10459,
337,9.790227522898931e-06,0.0,0.0,10469,
337,,,,10477,1.044299642671831e-05
338,1.1419101610954385e-05,0.0,0.0,10479,
338,1.5365218132501468e-05,0.0,0.0,10489,
338,1.1741557500499766e-05,0.0,0.0,10499,
338,,,,10508,1.1065594662795775e-05
339,1.077698925655568e-05,0.0,0.0,10509,
339,1.105530645872932e-05,0.0,0.0,10519,
339,1.0030452358478215e-05,0.0,0.0,10529,
339,7.359214578173123e-06,0.0,0.0,10539,
339,,,,10539,1.0817006113938987e-05
340,1.0015478437708225e-05,0.0,0.0,10549,
340,9.726803909870796e-06,0.0,0.0,10559,
340,1.0150764865102246e-05,0.0,0.0,10569,
340,,,,10570,1.0505574209673796e-05
341,1.7684285921859555e-05,0.0,0.0,10579,
341,1.0529193787078839e-05,0.0,0.0,10589,
341,1.1419302609283477e-05,0.0,0.0,10599,
341,,,,10601,1.0511125765333418e-05
342,1.0134890544577502e-05,0.0,0.0,10609,
342,9.656205293140374e-06,0.0,0.0,10619,
342,1.061709008354228e-05,0.0,0.0,10629,
342,,,,10632,9.99688472802518e-06
343,9.654417226556689e-06,0.0,0.0,10639,
343,1.000743213808164e-05,0.0,0.0,10649,
343,9.336473340226803e-06,0.0,0.0,10659,
343,,,,10663,9.946252248482779e-06
344,1.205344233312644e-05,0.0,0.0,10669,
344,1.0357905921409838e-05,0.0,0.0,10679,
344,9.908721040119417e-06,0.0,0.0,10689,
344,,,,10694,1.0311760888725985e-05
345,2.504810254322365e-05,0.0,0.0,10699,
345,1.495399101258954e-05,0.0,0.0,10709,
345,1.1157274457218591e-05,0.0,0.0,10719,
345,,,,10725,1.3097482224111445e-05
346,1.1231917596887797e-05,0.0,0.0,10729,
346,1.0163686056330334e-05,0.0,0.0,10739,
346,9.149920515483245e-06,0.0,0.0,10749,
346,,,,10756,1.008719209494302e-05
347,1.2604657058545854e-05,0.0,0.0,10759,
347,9.45802457863465e-06,0.0,0.0,10769,
347,9.117236004385632e-06,0.0,0.0,10779,
347,,,,10787,9.769893949851394e-06
348,9.921606761054136e-06,0.0,0.0,10789,
348,9.161156413028948e-06,0.0,0.0,10799,
348,9.02804185898276e-06,0.0,0.0,10809,
348,,,,10818,9.59200224315282e-06
349,9.329493877885398e-06,0.0,0.0,10819,
349,9.206501090375241e-06,0.0,0.0,10829,
349,8.677844562043902e-06,0.0,0.0,10839,
349,6.574229701072909e-06,0.0,0.0,10849,
349,,,,10849,9.557679732097313e-06
350,9.502961802354548e-06,0.0,0.0,10859,
350,9.455820872972254e-06,0.0,0.0,10869,
350,9.784843314264435e-06,0.0,0.0,10879,
350,,,,10880,1.1205851478734985e-05
351,9.92956029222114e-06,0.0,0.0,10889,
351,1.106044146581553e-05,0.0,0.0,10899,
351,9.59886074269889e-06,0.0,0.0,10909,
351,,,,10911,1.066185905074235e-05
352,2.9698356229346246e-05,0.0,0.0,10919,
352,1.6929994671954773e-05,0.0,0.0,10929,
352,1.202280600409722e-05,0.0,0.0,10939,
352,,,,10942,1.178171623905655e-05
353,9.893403330352157e-06,0.0,0.0,10949,
353,1.016064652503701e-05,0.0,0.0,10959,
353,9.03394084161846e-06,0.0,0.0,10969,
353,,,,10973,9.935581147146877e-06
354,9.884450264507905e-06,0.0,0.0,10979,
354,9.180906090477947e-06,0.0,0.0,10989,
354,9.06281184143154e-06,0.0,0.0,10999,
354,,,,11004,9.430734280613251e-06
355,9.591461093805265e-06,0.0,0.0,11009,
355,8.88829254108714e-06,0.0,0.0,11019,
355,8.701561455382034e-06,0.0,0.0,11029,
355,,,,11035,9.150866389973089e-06
356,1.0653505341906566e-05,0.0,0.0,11039,
356,9.419884918315802e-06,0.0,0.0,11049,
356,8.28832526167389e-06,0.0,0.0,11059,
356,,,,11066,9.170417797577102e-06
357,9.609070730220992e-06,0.0,0.0,11069,
357,9.439881068828981e-06,0.0,0.0,11079,
357,8.591821824666113e-06,0.0,0.0,11089,
357,,,,11097,9.171916644845624e-06
358,9.417541150469333e-06,0.0,0.0,11099,
358,9.618885997042526e-06,0.0,0.0,11109,
358,8.959322258306202e-06,0.0,0.0,11119,
358,,,,11128,9.396010682394262e-06
359,9.149424840870779e-06,0.0,0.0,11129,
359,1.0327745258109644e-05,0.0,0.0,11139,
359,9.064060577657074e-06,0.0,0.0,11149,
359,6.699676305288449e-06,0.0,0.0,11159,
359,,,,11159,9.303478691435885e-06
360,9.780701475392561e-06,0.0,0.0,11169,
360,8.55222242535092e-06,0.0,0.0,11179,
360,9.015932846523356e-06,0.0,0.0,11189,
360,,,,11190,9.377902642881963e-06
361,1.760216946422588e-05,0.0,0.0,11199,
361,1.4817732335359324e-05,0.0,0.0,11209,
361,9.346878869109787e-06,0.0,0.0,11219,
361,,,,11221,1.1180633919138927e-05
362,1.4768267647014e-05,0.0,0.0,11229,
362,1.1084374818892684e-05,0.0,0.0,11239,
362,1.074937972589396e-05,0.0,0.0,11249,
362,,,,11252,1.0515828762436286e-05
363,9.567228516971227e-06,0.0,0.0,11259,
363,9.189730008074548e-06,0.0,0.0,11269,
363,8.378962775168475e-06,0.0,0.0,11279,
363,,,,11283,8.986922694020905e-06
364,8.874669219949283e-06,0.0,0.0,11289,
364,8.33167268865509e-06,0.0,0.0,11299,
364,8.346134563907981e-06,0.0,0.0,11309,
364,,,,11314,8.578233064326923e-06
365,8.735722985875327e-06,0.0,0.0,11319,
365,8.002464710443746e-06,0.0,0.0,11329,
365,8.089761649898719e-06,0.0,0.0,11339,
365,,,,11345,8.582951522839721e-06
366,9.540490282233804e-06,0.0,0.0,11349,
366,8.346476533915848e-06,0.0,0.0,11359,
366,7.813740921847057e-06,0.0,0.0,11369,
366,,,,11376,8.542524483345915e-06
367,9.654112545831595e-06,0.0,0.0,11379,
367,8.86295129021164e-06,0.0,0.0,11389,
367,7.923682460386772e-06,0.0,0.0,11399,
367,,,,11407,8.537681424058974e-06
368,8.998409612104297e-06,0.0,0.0,11409,
368,9.060962838702835e-06,0.0,0.0,11419,
368,8.085386980383191e-06,0.0,0.0,11429,
368,,,,11438,8.600454748375341e-06
369,8.363043889403343e-06,0.0,0.0,11439,
369,9.251455594494473e-06,0.0,0.0,11449,
369,7.721525435044896e-06,0.0,0.0,11459,
369,5.873500413144939e-06,0.0,0.0,11469,
369,,,,11469,8.758038347878028e-06
370,1.9948716726503335e-05,0.0,0.0,11479,
370,1.064708430931205e-05,0.0,0.0,11489,
370,1.1781806279032025e-05,0.0,0.0,11499,
370,,,,11500,9.942586075339932e-06
371,1.13204096123809e-05,0.0,0.0,11509,
371,1.0545493751124013e-05,0.0,0.0,11519,
371,9.400879207532853e-06,0.0,0.0,11529,
371,,,,11531,9.093992957787123e-06
372,8.974109732662328e-06,0.0,0.0,11539,
372,8.038705345825292e-06,0.0,0.0,11549,
372,8.578366760048084e-06,0.0,0.0,11559,
372,,,,11562,8.40973461890826e-06
373,9.489177500654478e-06,0.0,0.0,11569,
373,8.47734190756455e-06,0.0,0.0,11579,
373,7.639366231160238e-06,0.0,0.0,11589,
373,,,,11593,8.512584827258252e-06
374,9.594574294169433e-06,0.0,0.0,11599,
374,7.792922588123474e-06,0.0,0.0,11609,
374,7.613538400619291e-06,0.0,0.0,11619,
374,,,,11624,8.458071533823386e-06
375,1.0002689123211894e-05,0.0,0.0,11629,
375,8.282223461719695e-06,0.0,0.0,11639,
375,7.685467608098406e-06,0.0,0.0,11649,
375,,,,11655,9.28618374018697e-06
376,1.0330402801628225e-05,0.0,0.0,11659,
376,8.68564620759571e-06,0.0,0.0,11669,
376,7.428287972288672e-06,0.0,0.0,11679,
376,,,,11686,8.619102118245792e-06
377,1.1782360161305405e-05,0.0,0.0,11689,
377,9.733938895806205e-06,0.0,0.0,11699,
377,8.3236236605444e-06,0.0,0.0,11709,
377,,,,11717,9.190508535539266e-06
378,9.736028914630879e-06,0.0,0.0,11719,
378,7.999497029231861e-06,0.0,0.0,11729,
378,7.497474598494591e-06,0.0,0.0,11739,
378,,,,11748,8.188479114323854e-06
379,7.949580322019756e-06,0.0,0.0,11749,
379,8.014952072699089e-06,0.0,0.0,11759,
379,7.242140782182105e-06,0.0,0.0,11769,
379,5.676196906279074e-06,0.0,0.0,11779,
379,,,,11779,8.169794455170631e-06
380,8.20447712612804e-06,0.0,0.0,11789,
380,7.156876108638244e-06,0.0,0.0,11799,
380,8.328900548804086e-06,0.0,0.0,11809,
380,,,,11810,8.659962986712344e-06
381,2.5901099434122443e-05,0.0,0.0,11819,
381,1.8962749891215935e-05,0.0,0.0,11829,
381,9.510649761068635e-06,0.0,0.0,11839,
381,,,,11841,9.260808838007506e-06
382,9.89884756563697e-06,0.0,0.0,11849,
382,8.372329830308445e-06,0.0,0.0,11859,
382,8.005639756447636e-06,0.0,0.0,11869,
382,,,,11872,8.580537723901216e-06
383,7.54760867494042e-06,0.0,0.0,11879,
383,8.143045306496788e-06,0.0,0.0,11889,
383,6.962049610592658e-06,0.0,0.0,11899,
383,,,,11903,7.752728379273321e-06
384,7.869309229135979e-06,0.0,0.0,11909,
384,7.16571821612888e-06,0.0,0.0,11919,
384,7.204908342828276e-06,0.0,0.0,11929,
384,,,,11934,7.646806807315443e-06
385,8.73598582984414e-06,0.0,0.0,11939,
385,7.171815923356917e-06,0.0,0.0,11949,
385,7.1403269430447835e-06,0.0,0.0,11959,
385,,,,11965,7.5338698479754385e-06
386,8.969547707238235e-06,0.0,0.0,11969,
386,8.126109605655074e-06,0.0,0.0,11979,
386,6.854245384602109e-06,0.0,0.0,11989,
386,,,,11996,7.612459285155637e-06
387,1.0742370250227395e-05,0.0,0.0,11999,
387,8.575447282055393e-06,0.0,0.0,12009,
387,7.4311656135250814e-06,0.0,0.0,12019,
387,,,,12027,7.502088465116685e-06
388,8.002908543858211e-06,0.0,0.0,12029,
388,9.582418897480238e-06,0.0,0.0,12039,
388,9.077182767214254e-06,0.0,0.0,12049,
388,,,,12058,8.167006853909697e-06
389,7.922586519271135e-06,0.0,0.0,12059,
389,7.334724614338484e-06,0.0,0.0,12069,
389,6.712760750815505e-06,0.0,0.0,12079,
389,5.372839495976223e-06,0.0,0.0,12089,
389,,,,12089,7.593775535497116e-06
390,6.902368113514967e-06,0.0,0.0,12099,
390,6.811761522840243e-06,0.0,0.0,12109,
390,7.047646249702666e-06,0.0,0.0,12119,
390,,,,12120,7.25407062418526e-06
391,9.128860256168991e-06,0.0,0.0,12129,
391,6.894631951581687e-06,0.0,0.0,12139,
391,8.45622162159998e-06,0.0,0.0,12149,
391,,,,12151,7.779707630106714e-06
392,1.214064559462713e-05,0.0,0.0,12159,
392,7.4911527008225676e-06,0.0,0.0,12169,
392,9.910911103361286e-06,0.0,0.0,12179,
392,,,,12182,7.954329703352414e-06
393,7.366622867266415e-06,0.0,0.0,12189,
393,6.980714715609793e-06,0.0,0.0,12199,
393,6.603143447136972e-06,0.0,0.0,12209,
393,,,,12213,7.135435680538649e-06
394,7.8391558417934e-06,0.0,0.0,12219,
394,7.091283805493731e-06,0.0,0.0,12229,
394,6.923124146851478e-06,0.0,0.0,12239,
394,,,,12244,7.0122969191288576e-06
395,8.168981366907246e-06,0.0,0.0,12249,
395,7.132788596209139e-06,0.0,0.0,12259,
395,6.657933681708528e-06,0.0,0.0,12269,
395,,,,12275,8.002421964192763e-06
396,1.1924321370315738e-05,0.0,0.0,12279,
396,1.0436529919388704e-05,0.0,0.0,12289,
396,7.059400104481028e-06,0.0,0.0,12299,
396,,,,12306,8.637615792395081e-06
397,1.1165593605255708e-05,0.0,0.0,12309,
397,8.73943372425856e-06,0.0,0.0,12319,
397,6.975020369281992e-06,0.0,0.0,12329,
397,,,,12337,7.72704242990585e-06
398,9.229509487340692e-06,0.0,0.0,12339,
398,7.333739176829113e-06,0.0,0.0,12349,
398,8.913755664252676e-06,0.0,0.0,12359,
398,,,,12368,7.415639629471116e-06
399,7.198862022050889e-06,0.0,0.0,12369,
399,7.497459591832012e-06,0.0,0.0,12379,
399,6.456988558056764e-06,0.0,0.0,12389,
399,4.769658517034259e-06,0.0,0.0,12399,
399,,,,12399,6.971448328840779e-06
400,6.676519660686608e-06,0.0,0.0,12409,
400,6.057842256268486e-06,0.0,0.0,12419,
400,6.542957180499798e-06,0.0,0.0,12429,
400,,,,12430,6.8964550337113906e-06
401,6.574296094186138e-06,0.0,0.0,12439,
401,6.271434813243104e-06,0.0,0.0,12449,
401,6.51625214231899e-06,0.0,0.0,12459,
401,,,,12461,6.988112090766663e-06
402,1.3898004908696748e-05,0.0,0.0,12469,
402,7.348653070948785e-06,0.0,0.0,12479,
402,9.787891940504778e-06,0.0,0.0,12489,
402,,,,12492,7.335104328376474e-06
403,1.2483149475883693e-05,0.0,0.0,12499,
403,6.9686670940427575e-06,0.0,0.0,12509,
403,7.612756689923117e-06,0.0,0.0,12519,
403,,,,12523,7.658289177925326e-06
404,1.2595311090990435e-05,0.0,0.0,12529,
404,7.565253781649517e-06,0.0,0.0,12539,
404,6.506938461825484e-06,0.0,0.0,12549,
404,,,,12554,6.918587587279035e-06
405,7.31394675312913e-06,0.0,0.0,12559,
405,6.078351361793466e-06,0.0,0.0,12569,
405,6.199935796757927e-06,0.0,0.0,12579,
405,,,,12585,6.853789727756521e-06
406,8.108861948130652e-06,0.0,0.0,12589,
406,7.335966529353755e-06,0.0,0.0,12599,
406,5.972524832031922e-06,0.0,0.0,12609,
406,,,,12616,6.316812232398661e-06
407,8.229204468079843e-06,0.0,0.0,12619,
407,7.975620974320918e-06,0.0,0.0,12629,
407,6.0597444644372445e-06,0.0,0.0,12639,
407,,,,12647,7.270370588230435e-06
408,1.0298244887962937e-05,0.0,0.0,12649,
408,8.316778803418856e-06,0.0,0.0,12659,
408,6.101454346207902e-06,0.0,0.0,12669,
408,,,,12678,6.266819582378957e-06
409,6.07424453846761e-06,0.0,0.0,12679,
409,6.6765433075488545e-06,0.0,0.0,12689,
409,5.6528319873905275e-06,0.0,0.0,12699,
409,4.2644442146411166e-06,0.0,0.0,12709,
409,,,,12709,6.784277502447367e-06
410,7.2350530899711885e-06,0.0,0.0,12719,
410,6.706501153530553e-06,0.0,0.0,12729,
410,7.183820343925618e-06,0.0,0.0,12739,
410,,,,12740,7.3578439696575515e-06
411,2.4255550670204684e-05,0.0,0.0,12749,
411,1.2772750778822228e-05,0.0,0.0,12759,
411,7.826562978152651e-06,0.0,0.0,12769,
411,,,,12771,8.652259566588327e-06
412,7.642155651410576e-06,0.0,0.0,12779,
412,6.385584583767923e-06,0.0,0.0,12789,
412,6.305830083874753e-06,0.0,0.0,12799,
412,,,,12802,6.790929546696134e-06
413,6.201106316439109e-06,0.0,0.0,12809,
413,5.913647328270599e-06,0.0,0.0,12819,
413,5.467483788379468e-06,0.0,0.0,12829,
413,,,,12833,6.037569164618617e-06
414,5.843456619913923e-06,0.0,0.0,12839,
414,5.56245458938065e-06,0.0,0.0,12849,
414,5.52625306227128e-06,0.0,0.0,12859,
414,,,,12864,5.945931206952082e-06
415,6.894258149259258e-06,0.0,0.0,12869,
415,6.131677309895167e-06,0.0,0.0,12879,
415,5.863071692147059e-06,0.0,0.0,12889,
415,,,,12895,5.7753268265514635e-06
416,7.654029104742222e-06,0.0,0.0,12899,
416,7.264699888764881e-06,0.0,0.0,12909,
416,5.51817856830894e-06,0.0,0.0,12919,
416,,,,12926,6.272428436204791e-06
417,1.1374517271178775e-05,0.0,0.0,12929,
417,7.242909759952454e-06,0.0,0.0,12939,
417,5.853277343703667e-06,0.0,0.0,12949,
417,,,,12957,5.930519364483189e-06
418,6.596238563361112e-06,0.0,0.0,12959,
418,6.370558821799932e-06,0.0,0.0,12969,
418,6.082415438868338e-06,0.0,0.0,12979,
418,,,,12988,6.686670985800447e-06
419,6.481384843937121e-06,0.0,0.0,12989,
419,9.142986527876928e-06,0.0,0.0,12999,
419,5.714206054108217e-06,0.0,0.0,13009,
419,4.609657025866909e-06,0.0,0.0,13019,
419,,,,13019,6.3806705838942435e-06
420,7.601682227686979e-06,0.0,0.0,13029,
420,1.3278511687531136e-05,0.0,0.0,13039,
420,7.925753379822709e-06,0.0,0.0,13049,
420,,,,13050,7.55440578359412e-06
421,8.212658030970488e-06,0.0,0.0,13059,
421,8.672085641592275e-06,0.0,0.0,13069,
421,6.1497275964939035e-06,0.0,0.0,13079,
421,,,,13081,6.255120752030052e-06
422,5.592681191046722e-06,0.0,0.0,13089,
422,5.353820597520098e-06,0.0,0.0,13099,
422,5.468255494633922e-06,0.0,0.0,13109,
422,,,,13112,5.8508426263870206e-06
423,6.60748219161178e-06,0.0,0.0,13119,
423,5.486489499162417e-06,0.0,0.0,13129,
423,5.31390060132253e-06,0.0,0.0,13139,
423,,,,13143,5.47605168321752e-06
424,7.464892405550927e-06,0.0,0.0,13149,
424,5.161199624126311e-06,0.0,0.0,13159,
424,5.193594915908761e-06,0.0,0.0,13169,
424,,,,13174,5.666785000357777e-06
425,7.833368727006018e-06,0.0,0.0,13179,
425,4.903909029962961e-06,0.0,0.0,13189,
425,5.203251930652186e-06,0.0,0.0,13199,
425,,,,13205,5.5830191740824375e-06
426,5.822542334499303e-06,0.0,0.0,13209,
426,5.070972292742226e-06,0.0,0.0,13219,
426,4.765107405546587e-06,0.0,0.0,13229,
426,,,,13236,5.800065082439687e-06
427,7.710111276537646e-06,0.0,0.0,13239,
427,7.747875315544661e-06,0.0,0.0,13249,
427,6.6474885898060165e-06,0.0,0.0,13259,
427,,,,13267,8.303392860398162e-06
428,1.661330861679744e-05,0.0,0.0,13269,
428,1.1166887816216331e-05,0.0,0.0,13279,
428,7.518603069911478e-06,0.0,0.0,13289,
428,,,,13298,9.199767191603314e-06
429,8.948233698902186e-06,0.0,0.0,13299,
429,5.906228125240887e-06,0.0,0.0,13309,
429,5.371905899664853e-06,0.0,0.0,13319,
429,3.97382154915249e-06,0.0,0.0,13329,
429,,,,13329,5.884984602744225e-06
430,5.037091796111781e-06,0.0,0.0,13339,
430,4.887769591732649e-06,0.0,0.0,13349,
430,5.924213837715797e-06,0.0,0.0,13359,
430,,,,13360,6.047410806786502e-06
431,6.617990038648713e-06,0.0,0.0,13369,
431,4.888312105322257e-06,0.0,0.0,13379,
431,5.017599050916033e-06,0.0,0.0,13389,
431,,,,13391,5.669461188517744e-06
432,6.268906872719526e-06,0.0,0.0,13399,
432,5.270690962788649e-06,0.0,0.0,13409,
432,5.226937446423108e-06,0.0,0.0,13419,
432,,,,13422,5.333911303750938e-06
433,5.4100696615932975e-06,0.0,0.0,13429,
433,5.279846391204046e-06,0.0,0.0,13439,
433,5.469165898830397e-06,0.0,0.0,13449,
433,,,,13453,5.398054327088175e-06
434,1.1827657544927206e-05,0.0,0.0,13459,
434,6.095411208661972e-06,0.0,0.0,13469,
434,5.2054460866202135e-06,0.0,0.0,13479,
434,,,,13484,7.780191481288057e-06
435,1.604796852916479e-05,0.0,0.0,13489,
435,1.014317967928946e-05,0.0,0.0,13499,
435,7.223218744911719e-06,0.0,0.0,13509,
435,,,,13515,8.161268851836212e-06
436,6.4228902374452446e-06,0.0,0.0,13519,
436,5.572786903940141e-06,0.0,0.0,13529,
436,4.628290753316833e-06,0.0,0.0,13539,
436,,,,13546,4.792812433151994e-06
437,5.262881586531876e-06,0.0,0.0,13549,
437,4.700778845290188e-06,0.0,0.0,13559,
437,4.445294052857207e-06,0.0,0.0,13569,
437,,,,13577,4.815786724066129e-06
438,5.00852775076055e-06,0.0,0.0,13579,
438,4.514986812864663e-06,0.0,0.0,13589,
438,4.47284310212126e-06,0.0,0.0,13599,
438,,,,13608,5.1253518904559314e-06
439,4.945472028339282e-06,0.0,0.0,13609,
439,4.812958195543615e-06,0.0,0.0,13619,
439,4.434231414052192e-06,0.0,0.0,13629,
439,3.276395773355034e-06,0.0,0.0,13639,
439,,,,13639,4.95303265779512e-06
440,4.257814453012543e-06,0.0,0.0,13649,
440,4.702480509877205e-06,0.0,0.0,13659,
440,4.774020453623962e-06,0.0,0.0,13669,
440,,,,13670,4.702810201706598e-06
441,4.418595835886663e-06,0.0,0.0,13679,
441,4.499345322983572e-06,0.0,0.0,13689,
441,4.547618118522223e-06,0.0,0.0,13699,
441,,,,13701,4.744500984088518e-06
442,7.70362930779811e-06,0.0,0.0,13709,
442,5.061383490101434e-06,0.0,0.0,13719,
442,5.555138613999588e-06,0.0,0.0,13729,
442,,,,13732,5.373131443775492e-06
443,2.8245602152310312e-05,0.0,0.0,13739,
443,7.85318661655765e-06,0.0,0.0,13749,
443,7.430121058860095e-06,0.0,0.0,13759,
443,,,,13763,6.94494246999966e-06
444,1.7561982531333342e-05,0.0,0.0,13769,
444,5.926342510065297e-06,0.0,0.0,13779,
444,5.088833859190345e-06,0.0,0.0,13789,
444,,,,13794,5.696408152289223e-06
445,5.385357781051425e-06,0.0,0.0,13799,
445,4.870910288445884e-06,0.0,0.0,13809,
445,4.322828772274079e-06,0.0,0.0,13819,
445,,,,13825,4.715743216365809e-06
446,5.04734089190606e-06,0.0,0.0,13829,
446,4.369230737211183e-06,0.0,0.0,13839,
446,4.197349880996626e-06,0.0,0.0,13849,
446,,,,13856,4.608382823789725e-06
447,5.121649337525014e-06,0.0,0.0,13859,
447,4.562772119243164e-06,0.0,0.0,13869,
447,4.093326424481347e-06,0.0,0.0,13879,
447,,,,13887,4.564070877677295e-06
448,4.881605946138734e-06,0.0,0.0,13889,
448,4.457730938156601e-06,0.0,0.0,13899,
448,4.119560799153987e-06,0.0,0.0,13909,
448,,,,13918,4.4143916966277175e-06
449,4.258309672877658e-06,0.0,0.0,13919,
449,5.208252332522534e-06,0.0,0.0,13929,
449,4.5099545786797535e-06,0.0,0.0,13939,
449,3.4779029647324933e-06,0.0,0.0,13949,
449,,,,13949,5.226583652984118e-06
450,1.3787864190817345e-05,0.0,0.0,13959,
450,4.497485406318447e-06,0.0,0.0,13969,
450,6.874667633383069e-06,0.0,0.0,13979,
450,,,,13980,6.2216590777097736e-06
451,7.271883532666834e-06,0.0,0.0,13989,
451,6.928099992364878e-06,0.0,0.0,13999,
451,5.0010667109745555e-06,0.0,0.0,14009,
451,,,,14011,5.195093308429932e-06
452,5.086159035272431e-06,0.0,0.0,14019,
452,4.514486590778688e-06,0.0,0.0,14029,
452,4.481247742660344e-06,0.0,0.0,14039,
452,,,,14042,5.090291324449936e-06
453,5.149220214661909e-06,0.0,0.0,14049,
453,4.302060915506445e-06,0.0,0.0,14059,
453,3.9782366911822464e-06,0.0,0.0,14069,
453,,,,14073,4.47823958893423e-06
454,4.660411832446698e-06,0.0,0.0,14079,
454,4.171404270891799e-06,0.0,0.0,14089,
454,4.229881596984342e-06,0.0,0.0,14099,
454,,,,14104,4.29515876021469e-06
455,5.845924079039833e-06,0.0,0.0,14109,
455,4.715916475106496e-06,0.0,0.0,14119,
455,4.461560365598416e-06,0.0,0.0,14129,
455,,,,14135,4.4252178668102715e-06
456,7.469036972906906e-06,0.0,0.0,14139,
456,5.001850695407484e-06,0.0,0.0,14149,
456,4.24752261096728e-06,0.0,0.0,14159,
456,,,,14166,4.60935507362592e-06
457,8.281212103611324e-06,0.0,0.0,14169,
457,5.242382485448616e-06,0.0,0.0,14179,
457,4.9969612518907525e-06,0.0,0.0,14189,
457,,,,14197,6.157387360872235e-06
458,1.2506839993875474e-05,0.0,0.0,14199,
458,1.116018756874837e-05,0.0,0.0,14209,
458,4.699756573245395e-06,0.0,0.0,14219,
458,,,,14228,4.763914603245212e-06
459,4.607582468452165e-06,0.0,0.0,14229,
459,4.353953954705503e-06,0.0,0.0,14239,
459,3.828019998763921e-06,0.0,0.0,14249,
459,2.7186495117348386e-06,0.0,0.0,14259,
459,,,,14259,4.433183221408399e-06
460,3.987382569903275e-06,0.0,0.0,14269,
460,3.9479000406572595e-06,0.0,0.0,14279,
460,3.870674390782369e-06,0.0,0.0,14289,
460,,,,14290,4.060806986672105e-06
461,3.835064944723854e-06,0.0,0.0,14299,
461,4.042065938847372e-06,0.0,0.0,14309,
461,3.965590167354094e-06,0.0,0.0,14319,
461,,,,14321,4.001209617854329e-06
462,5.658588179358048e-06,0.0,0.0,14329,
462,4.3778991312137805e-06,0.0,0.0,14339,
462,4.628502665582346e-06,0.0,0.0,14349,
462,,,,14352,4.047554284625221e-06
463,6.311488505161833e-06,0.0,0.0,14359,
463,4.594468464347301e-06,0.0,0.0,14369,
463,4.36476102549932e-06,0.0,0.0,14379,
463,,,,14383,4.522717517829733e-06
464,4.47762931798934e-06,0.0,0.0,14389,
464,5.036091351939831e-06,0.0,0.0,14399,
464,4.2090628085134085e-06,0.0,0.0,14409,
464,,,,14414,4.639408416551305e-06
465,1.9660708858282305e-05,0.0,0.0,14419,
465,1.28575338749215e-05,0.0,0.0,14429,
465,8.109793270705268e-06,0.0,0.0,14439,
465,,,,14445,5.8724076552607585e-06
466,9.22456820262596e-06,0.0,0.0,14449,
466,4.556331532512559e-06,0.0,0.0,14459,
466,3.912848569598282e-06,0.0,0.0,14469,
466,,,,14476,5.272188445815118e-06
467,5.495561708812602e-06,0.0,0.0,14479,
467,4.127045485802228e-06,0.0,0.0,14489,
467,3.6882515814795624e-06,0.0,0.0,14499,
467,,,,14507,4.229509158903966e-06
468,5.351545041776262e-06,0.0,0.0,14509,
468,4.146723767917138e-06,0.0,0.0,14519,
468,3.6418953186512226e-06,0.0,0.0,14529,
468,,,,14538,4.122560767427785e-06
469,3.994591679656878e-06,0.0,0.0,14539,
469,4.0154218368115835e-06,0.0,0.0,14549,
469,3.6898491089232266e-06,0.0,0.0,14559,
469,2.524158844607882e-06,0.0,0.0,14569,
469,,,,14569,3.78140930479276e-06
470,3.433348638282041e-06,0.0,0.0,14579,
470,3.4549750580481486e-06,0.0,0.0,14589,
470,3.75060176338593e-06,0.0,0.0,14599,
470,,,,14600,3.7817742395418463e-06
471,5.45849707123125e-06,0.0,0.0,14609,
471,4.088287369086174e-06,0.0,0.0,14619,
471,4.204635388305178e-06,0.0,0.0,14629,
471,,,,14631,3.8236394175328314e-06
472,7.097229172359221e-06,0.0,0.0,14639,
472,4.1445255192229524e-06,0.0,0.0,14649,
472,5.0836042646551505e-06,0.0,0.0,14659,
472,,,,14662,3.82964572054334e-06
473,3.86241026717471e-06,0.0,0.0,14669,
473,3.7607792364724446e-06,0.0,0.0,14679,
473,3.6990732041886076e-06,0.0,0.0,14689,
473,,,,14693,3.923698386643082e-06
474,9.449381650483701e-06,0.0,0.0,14699,
474,1.0003737770603038e-05,0.0,0.0,14709,
474,5.809301910630893e-06,0.0,0.0,14719,
474,,,,14724,6.2672561398358084e-06
475,1.2837156646128278e-05,0.0,0.0,14729,
475,5.6769922593957745e-06,0.0,0.0,14739,
475,4.168290161032928e-06,0.0,0.0,14749,
475,,,,14755,4.846179308515275e-06
476,5.6542176025686786e-06,0.0,0.0,14759,
476,4.110875124752056e-06,0.0,0.0,14769,
476,3.4450758903403766e-06,0.0,0.0,14779,
476,,,,14786,4.082465693500126e-06
477,4.9841723921417724e-06,0.0,0.0,14789,
477,4.344894932728494e-06,0.0,0.0,14799,
477,3.5073405797447776e-06,0.0,0.0,14809,
477,,,,14817,3.6166268273518654e-06
478,4.1634302760940045e-06,0.0,0.0,14819,
478,4.071290277352091e-06,0.0,0.0,14829,
478,3.8368070818251e-06,0.0,0.0,14839,
478,,,,14848,3.510881924739806e-06
479,3.3957660434680292e-06,0.0,0.0,14849,
479,3.6465896755544236e-06,0.0,0.0,14859,
479,4.352275936980732e-06,0.0,0.0,14869,
479,2.367766455790843e-06,0.0,0.0,14879,
479,,,,14879,3.4317395147809293e-06
480,5.507135483640013e-06,0.0,0.0,14889,
480,4.144508238823619e-06,0.0,0.0,14899,
480,3.8245520954660606e-06,0.0,0.0,14909,
480,,,,14910,3.6234209801477846e-06
481,5.333673925633775e-06,0.0,0.0,14919,
481,3.957741682825144e-06,0.0,0.0,14929,
481,4.19056004830054e-06,0.0,0.0,14939,
481,,,,14941,3.8894622775842436e-06
482,2.4104321710183285e-05,0.0,0.0,14949,
482,1.0675298653950449e-05,0.0,0.0,14959,
482,6.4205191847577225e-06,0.0,0.0,14969,
482,,,,14972,5.784012955700746e-06
483,9.572028830007184e-06,0.0,0.0,14979,
483,4.682071903516771e-06,0.0,0.0,14989,
483,3.764954726648284e-06,0.0,0.0,14999,
483,,,,15003,5.191252512304345e-06
484,7.482645287382184e-06,0.0,0.0,15009,
484,3.6878623177472036e-06,0.0,0.0,15019,
484,3.2933025977399666e-06,0.0,0.0,15029,
484,,,,15034,3.916980858775787e-06
485,4.110971985937795e-06,0.0,0.0,15039,
485,3.0899527700967155e-06,0.0,0.0,15049,
485,3.448519237281289e-06,0.0,0.0,15059,
485,,,,15065,3.5722255233849864e-06
486,3.842875230475329e-06,0.0,0.0,15069,
486,3.4137738111894578e-06,0.0,0.0,15079,
486,3.0299202080641408e-06,0.0,0.0,15089,
486,,,,15096,3.4582699299789965e-06
487,3.847837888315553e-06,0.0,0.0,15099,
487,3.5684693102666643e-06,0.0,0.0,15109,
487,3.6101546356803738e-06,0.0,0.0,15119,
487,,,,15127,3.7550671549979597e-06
488,4.165805876255035e-06,0.0,0.0,15129,
488,3.900799129041843e-06,0.0,0.0,15139,
488,4.400985289976234e-06,0.0,0.0,15149,
488,,,,15158,4.539351266430458e-06
489,4.4115677155787125e-06,0.0,0.0,15159,
489,1.205212356580887e-05,0.0,0.0,15169,
489,4.834023457078729e-06,0.0,0.0,15179,
489,2.780586100925575e-06,0.0,0.0,15189,
489,,,,15189,5.661203431372996e-06
490,4.114433977520093e-06,0.0,0.0,15199,
490,3.7100373901921557e-06,0.0,0.0,15209,
490,3.5515622585080564e-06,0.0,0.0,15219,
490,,,,15220,3.797321369347628e-06
491,3.278334816059214e-06,0.0,0.0,15229,
491,3.545044592101476e-06,0.0,0.0,15239,
491,3.4181537102995208e-06,0.0,0.0,15249,
491,,,,15251,3.385729314686614e-06
492,3.3210117180715315e-06,0.0,0.0,15259,
492,3.132200390609796e-06,0.0,0.0,15269,
492,3.251345788157778e-06,0.0,0.0,15279,
492,,,,15282,3.3219223496416816e-06
493,3.523536406646599e-06,0.0,0.0,15289,
493,3.4121330827474594e-06,0.0,0.0,15299,
493,3.341679757795646e-06,0.0,0.0,15309,
493,,,,15313,3.418131882426678e-06
494,5.17423404744477e-06,0.0,0.0,15319,
494,3.818920504272683e-06,0.0,0.0,15329,
494,4.162684490438551e-06,0.0,0.0,15339,
494,,,,15344,4.002827154181432e-06
495,8.73891531227855e-06,0.0,0.0,15349,
495,6.9962875386409e-06,0.0,0.0,15359,
495,5.366549885366112e-06,0.0,0.0,15369,
495,,,,15375,5.066335688752588e-06
496,1.783422521839384e-05,0.0,0.0,15379,
496,6.2933372646512e-06,0.0,0.0,15389,
496,3.954093699576333e-06,0.0,0.0,15399,
496,,,,15406,3.9560773075209e-06
497,5.302740646584425e-06,0.0,0.0,15409,
497,3.579722715585376e-06,0.0,0.0,15419,
497,3.0042065191082656e-06,0.0,0.0,15429,
497,,,,15437,3.5375023799133487e-06
498,4.2749775275297e-06,0.0,0.0,15439,
498,3.362510369697702e-06,0.0,0.0,15449,
498,3.046636720682727e-06,0.0,0.0,15459,
498,,,,15468,3.393395445527858e-06
499,3.2733635180193232e-06,0.0,0.0,15469,
499,1.0778300747915637e-05,0.0,0.0,15479,
499,3.4560814583528554e-06,0.0,0.0,15489,
499,2.8606518753804266e-06,0.0,0.0,15499,
499,,,,15499,4.8986225920089055e-06
500,5.585968210652936e-06,0.0,0.0,15509,
500,4.390127742226468e-06,0.0,0.0,15519,
500,3.700261913763825e-06,0.0,0.0,15529,
500,,,,15530,3.92186620956636e-06
501,3.7246820738801034e-06,0.0,0.0,15539,
501,3.60535364052339e-06,0.0,0.0,15549,
501,3.5642792681755964e-06,0.0,0.0,15559,
501,,,,15561,3.6156732221570564e-06
502,3.4221391160826897e-06,0.0,0.0,15569,
502,3.183417220498086e-06,0.0,0.0,15579,
502,3.1907106858852785e-06,0.0,0.0,15589,
502,,,,15592,3.2931736768659903e-06
503,4.198677743261214e-06,0.0,0.0,15599,
503,3.320939185869065e-06,0.0,0.0,15609,
503,3.182580030625104e-06,0.0,0.0,15619,
503,,,,15623,3.854456736007705e-06
504,4.065967004862614e-06,0.0,0.0,15629,
504,3.618562232077238e-06,0.0,0.0,15639,
504,3.085949629166862e-06,0.0,0.0,15649,
504,,,,15654,3.5167481655662414e-06
505,8.900569810066372e-06,0.0,0.0,15659,
505,8.947496098699048e-06,0.0,0.0,15669,
505,5.049803803558461e-06,0.0,0.0,15679,
505,,,,15685,4.995488779968582e-06
506,1.347536363027757e-05,0.0,0.0,15689,
506,5.784529093944002e-06,0.0,0.0,15699,
506,3.4511983812990366e-06,0.0,0.0,15709,
506,,,,15716,4.039909072162118e-06
507,6.145112365629757e-06,0.0,0.0,15719,
507,3.3361413898091996e-06,0.0,0.0,15729,
507,3.3873357097036205e-06,0.0,0.0,15739,
507,,,,15747,3.97474013880128e-06
508,4.6656373342557345e-06,0.0,0.0,15749,
508,3.837677013507346e-06,0.0,0.0,15759,
508,5.28670216226601e-06,0.0,0.0,15769,
508,,,,15778,3.622727035690332e-06
509,3.4979502743226476e-06,0.0,0.0,15779,
509,4.446576895134058e-06,0.0,0.0,15789,
509,3.0086519018368563e-06,0.0,0.0,15799,
509,1.9622243598860223e-06,0.0,0.0,15809,
509,,,,15809,3.187099537171889e-06
510,2.770966602838598e-06,0.0,0.0,15819,
510,2.870562411771971e-06,0.0,0.0,15829,
510,2.962035296150134e-06,0.0,0.0,15839,
510,,,,15840,3.0423800581047544e-06
511,2.8650779313466046e-06,0.0,0.0,15849,
511,3.044290679099504e-06,0.0,0.0,15859,
511,3.06735523736279e-06,0.0,0.0,15869,
511,,,,15871,3.0028218134248164e-06
512,2.8925171591254184e-06,0.0,0.0,15879,
512,3.0524249723384855e-06,0.0,0.0,15889,
512,3.0385122045117896e-06,0.0,0.0,15899,
512,,,,15902,3.0945507205615286e-06
513,5.662040621245978e-06,0.0,0.0,15909,
513,3.795373004322755e-06,0.0,0.0,15919,
513,3.810078396782046e-06,0.0,0.0,15929,
513,,,,15933,4.709404493041802e-06
514,2.0635452528949827e-05,0.0,0.0,15939,
514,6.86015573592158e-06,0.0,0.0,15949,
514,3.5221730740886414e-06,0.0,0.0,15959,
514,,,,15964,4.001242359663593e-06
515,1.6656773368595168e-05,0.0,0.0,15969,
515,7.962497875269037e-06,0.0,0.0,15979,
515,4.330340743763372e-06,0.0,0.0,15989,
515,,,,15995,6.184207904880168e-06
516,9.661125659476966e-06,0.0,0.0,15999,
516,4.468900442589074e-06,0.0,0.0,16009,
516,3.3208050354005536e-06,0.0,0.0,16019,
516,,,,16026,3.7937707020319067e-06
517,4.9769018914958e-06,0.0,0.0,16029,
517,2.8872248094558017e-06,0.0,0.0,16039,
517,2.660256996023236e-06,0.0,0.0,16049,
517,,,,16057,3.099922423643875e-06
518,3.588899971873616e-06,0.0,0.0,16059,
518,2.7711225811799522e-06,0.0,0.0,16069,
518,2.7977023364655906e-06,0.0,0.0,16079,
518,,,,16088,2.8695690161839593e-06
519,2.779439455480315e-06,0.0,0.0,16089,
519,2.8784745609300444e-06,0.0,0.0,16099,
519,2.6824548058357323e-06,0.0,0.0,16109,
519,1.748616114127799e-06,0.0,0.0,16119,
519,,,,16119,2.862403334802366e-06
520,2.7188671083422378e-06,0.0,0.0,16129,
520,2.887484924940509e-06,0.0,0.0,16139,
520,2.7761352612287737e-06,0.0,0.0,16149,
520,,,,16150,2.8251599815121153e-06
521,3.1068564112501917e-06,0.0,0.0,16159,
521,3.1113320346776163e-06,0.0,0.0,16169,
521,3.2838274819368962e-06,0.0,0.0,16179,
521,,,,16181,2.90043590212008e-06
522,1.044382224790752e-05,0.0,0.0,16189,
522,5.137096195539925e-06,0.0,0.0,16199,
522,6.454509730247082e-06,0.0,0.0,16209,
522,,,,16212,3.8915372897463385e-06
523,4.6394184209930245e-06,0.0,0.0,16219,
523,3.6170342809782596e-06,0.0,0.0,16229,
523,3.2913274026213912e-06,0.0,0.0,16239,
523,,,,16243,3.6351514154375764e-06
524,3.836954419966787e-06,0.0,0.0,16249,
524,3.4932947983179474e-06,0.0,0.0,16259,
524,2.6941490887111286e-06,0.0,0.0,16269,
524,,,,16274,3.1835636491450714e-06
525,1.16649343908648e-05,0.0,0.0,16279,
525,1.1263949090789538e-05,0.0,0.0,16289,
525,5.633988166664494e-06,0.0,0.0,16299,
525,,,,16305,8.07120250101434e-06
526,1.7277294318773784e-05,0.0,0.0,16309,
526,7.121720500435913e-06,0.0,0.0,16319,
526,3.3680355500109727e-06,0.0,0.0,16329,
526,,,,16336,4.4225985220691655e-06
527,6.394515821739333e-06,0.0,0.0,16339,
527,3.2005989396566292e-06,0.0,0.0,16349,
527,2.9406510293483734e-06,0.0,0.0,16359,
527,,,,16367,2.999378466483904e-06
528,3.4901511298812693e-06,0.0,0.0,16369,
528,2.7194907943339786e-06,0.0,0.0,16379,
528,2.7046730792790186e-06,0.0,0.0,16389,
528,,,,16398,2.8376314276101766e-06
529,2.7518676688487176e-06,0.0,0.0,16399,
529,2.6960753984894836e-06,0.0,0.0,16409,
529,2.5505389658064814e-06,0.0,0.0,16419,
529,1.7025154193106573e-06,0.0,0.0,16429,
529,,,,16429,2.7020435027225176e-06
530,2.535919520596508e-06,0.0,0.0,16439,
530,2.5246479253837606e-06,0.0,0.0,16449,
530,2.672240498213796e-06,0.0,0.0,16459,
530,,,,16460,2.728764911807957e-06
531,5.03806586493738e-06,0.0,0.0,16469,
531,3.3943140351766488e-06,0.0,0.0,16479,
531,3.1321528695116285e-06,0.0,0.0,16489,
531,,,,16491,2.948013843706576e-06
532,3.363418272783747e-06,0.0,0.0,16499,
532,2.9290611109900055e-06,0.0,0.0,16509,
532,2.9427276331261965e-06,0.0,0.0,16519,
532,,,,16522,2.8189917884446913e-06
533,4.641229224944254e-06,0.0,0.0,16529,
533,2.9707327939831885e-06,0.0,0.0,16539,
533,2.972851234517293e-06,0.0,0.0,16549,
533,,,,16553,3.062589030378149e-06
534,3.857142473862041e-06,0.0,0.0,16559,
534,3.2871657822397538e-06,0.0,0.0,16569,
534,2.994194574057474e-06,0.0,0.0,16579,
534,,,,16584,4.353191798145417e-06
535,1.9034952856600285e-05,0.0,0.0,16589,
535,7.95774940343108e-06,0.0,0.0,16599,
535,4.07746620112448e-06,0.0,0.0,16609,
535,,,,16615,6.214219865796622e-06
536,7.522651230829069e-06,0.0,0.0,16619,
536,3.753605369638535e-06,0.0,0.0,16629,
536,2.8732517876051133e-06,0.0,0.0,16639,
536,,,,16646,3.541486421454465e-06
537,3.890268999384716e-06,0.0,0.0,16649,
537,2.976799123644014e-06,0.0,0.0,16659,
537,2.6852667360799387e-06,0.0,0.0,16669,
537,,,,16677,2.809492571032024e-06
538,3.2418947739643045e-06,0.0,0.0,16679,
538,2.7947003218287136e-06,0.0,0.0,16689,
538,2.8030892735841917e-06,0.0,0.0,16699,
538,,,,16708,2.9367195111262845e-06
539,2.818214397848351e-06,0.0,0.0,16709,
539,3.465946974756662e-06,0.0,0.0,16719,
539,5.2975001381128095e-06,0.0,0.0,16729,
539,2.3437030449713347e-06,0.0,0.0,16739,
539,,,,16739,3.7680738387280144e-06
540,3.0516507649736013e-06,0.0,0.0,16749,
540,2.7518492515810067e-06,0.0,0.0,16759,
540,2.984900220326381e-06,0.0,0.0,16769,
540,,,,16770,2.9311684102140134e-06
541,2.7496660095494008e-06,0.0,0.0,16779,
541,3.0189278277248377e-06,0.0,0.0,16789,
541,2.660004611243494e-06,0.0,0.0,16799,
541,,,,16801,2.6831853574549314e-06
542,4.065962912136456e-06,0.0,0.0,16809,
542,3.1655499697080813e-06,0.0,0.0,16819,
542,3.0120265819277847e-06,0.0,0.0,16829,
542,,,,16832,3.085459638896282e-06
543,6.3429201873077545e-06,0.0,0.0,16839,
543,2.8093629680370213e-06,0.0,0.0,16849,
543,3.3445214739913354e-06,0.0,0.0,16859,
543,,,,16863,3.250645704611088e-06
544,9.51923448155867e-06,0.0,0.0,16869,
544,5.5386603889928665e-06,0.0,0.0,16879,
544,2.9259836082928814e-06,0.0,0.0,16889,
544,,,,16894,3.836662017420167e-06
545,3.7314987366698915e-06,0.0,0.0,16899,
545,2.7587302611209452e-06,0.0,0.0,16909,
545,2.552610112616094e-06,0.0,0.0,16919,
545,,,,16925,2.8508522973424988e-06
546,3.6596984500647523e-06,0.0,0.0,16929,
546,2.9409784474410117e-06,0.0,0.0,16939,
546,2.391078396613011e-06,0.0,0.0,16949,
546,,,,16956,2.759146127573331e-06
547,4.3257937250018585e-06,0.0,0.0,16959,
547,3.710690634761704e-06,0.0,0.0,16969,
547,3.7897132187936222e-06,0.0,0.0,16979,
547,,,,16987,3.006911128977663e-06
548,3.673527089631534e-06,0.0,0.0,16989,
548,3.0833377877570456e-06,0.0,0.0,16999,
548,3.6563442336046137e-06,0.0,0.0,17009,
548,,,,17018,3.4521365250839153e-06
549,3.3386861559847603e-06,0.0,0.0,17019,
549,3.6098019791097613e-06,0.0,0.0,17029,
549,4.208427071716869e-06,0.0,0.0,17039,
549,2.4102448605844984e-06,0.0,0.0,17049,
549,,,,17049,3.9925507735461e-06
550,3.7198344671196537e-06,0.0,0.0,17059,
550,4.977157914254349e-06,0.0,0.0,17069,
550,3.2518498755962355e-06,0.0,0.0,17079,
550,,,,17080,3.1047252377902623e-06
551,3.3818025713117095e-06,0.0,0.0,17089,
551,3.234005816921126e-06,0.0,0.0,17099,
551,2.8747688247676706e-06,0.0,0.0,17109,
551,,,,17111,3.1792062600288773e-06
552,3.5409864267421653e-06,0.0,0.0,17119,
552,2.6629370495356852e-06,0.0,0.0,17129,
552,2.7356838927516947e-06,0.0,0.0,17139,
552,,,,17142,3.159722837153822e-06
553,4.868445103056729e-06,0.0,0.0,17149,
553,2.8314518658589805e-06,0.0,0.0,17159,
553,2.9285481559782056e-06,0.0,0.0,17169,
553,,,,17173,3.4872796277340967e-06
554,7.460553206328768e-06,0.0,0.0,17179,
554,4.689532033808064e-06,0.0,0.0,17189,
554,3.016654318344081e-06,0.0,0.0,17199,
554,,,,17204,3.3260000691370806e-06
555,7.863428436394315e-06,0.0,0.0,17209,
555,7.033871952444315e-06,0.0,0.0,17219,
555,2.857755816876306e-06,0.0,0.0,17229,
555,,,,17235,3.834586550510721e-06
556,6.118586952652549e-06,0.0,0.0,17239,
556,4.261998583388049e-06,0.0,0.0,17249,
556,2.940194690381759e-06,0.0,0.0,17259,
556,,,,17266,3.466404223217978e-06
557,6.743367066519568e-06,0.0,0.0,17269,
557,3.7712484299845528e-06,0.0,0.0,17279,
557,2.4704243060114095e-06,0.0,0.0,17289,
557,,,,17297,2.8214285521244165e-06
558,4.053267730341759e-06,0.0,0.0,17299,
558,3.142396963085048e-06,0.0,0.0,17309,
558,2.378128328928142e-06,0.0,0.0,17319,
558,,,,17328,2.6044019705295796e-06
559,2.520835550967604e-06,0.0,0.0,17329,
559,3.41513691637374e-06,0.0,0.0,17339,
559,3.378658220754005e-06,0.0,0.0,17349,
559,1.563028831697011e-06,0.0,0.0,17359,
559,,,,17359,2.8213171390234493e-06
560,2.921729674199014e-06,0.0,0.0,17369,
560,3.0901201171218418e-06,0.0,0.0,17379,
560,2.7866099117090926e-06,0.0,0.0,17389,
560,,,,17390,2.9584653020719998e-06
561,2.5061094675038476e-06,0.0,0.0,17399,
561,2.6460090793989366e-06,0.0,0.0,17409,
561,2.565210706961807e-06,0.0,0.0,17419,
561,,,,17421,2.725528474911698e-06
562,2.9604161682073027e-06,0.0,0.0,17429,
562,2.502417601135676e-06,0.0,0.0,17439,
562,2.5715814899740508e-06,0.0,0.0,17449,
562,,,,17452,2.5928031845978694e-06
563,8.53146684676176e-06,0.0,0.0,17459,
563,5.02080911246594e-06,0.0,0.0,17469,
563,3.0263495318649802e-06,0.0,0.0,17479,
563,,,,17483,5.825650532642612e-06
564,1.3661982848134357e-05,0.0,0.0,17489,
564,4.588051979226293e-06,0.0,0.0,17499,
564,5.3962035053700674e-06,0.0,0.0,17509,
564,,,,17514,5.59471163796843e-06
565,6.781323463656008e-06,0.0,0.0,17519,
565,3.512016064632917e-06,0.0,0.0,17529,
565,2.573561687313486e-06,0.0,0.0,17539,
565,,,,17545,2.8299621135374764e-06
566,3.257137450418668e-06,0.0,0.0,17549,
566,2.376544898652355e-06,0.0,0.0,17559,
566,2.1620562620228156e-06,0.0,0.0,17569,
566,,,,17576,2.462535803715582e-06
567,2.693770738915191e-06,0.0,0.0,17579,
567,2.23746542360459e-06,0.0,0.0,17589,
567,2.101460040648817e-06,0.0,0.0,17599,
567,,,,17607,2.363377461733762e-06
568,2.659931851667352e-06,0.0,0.0,17609,
568,2.3154836981120752e-06,0.0,0.0,17619,
568,2.449976364005124e-06,0.0,0.0,17629,
568,,,,17638,2.6477669052837882e-06
569,2.5789047413127264e-06,0.0,0.0,17639,
569,3.5824868973577395e-06,0.0,0.0,17649,
569,3.807523626164766e-06,0.0,0.0,17659,
569,1.947999408002943e-06,0.0,0.0,17669,
569,,,,17669,2.981046236527618e-06
570,2.4191344891733024e-06,0.0,0.0,17679,
570,2.9473856102413265e-06,0.0,0.0,17689,
570,3.3041737879102584e-06,0.0,0.0,17699,
570,,,,17700,3.2636219202686334e-06
571,1.5468287529074587e-05,0.0,0.0,17709,
571,4.3566828935581725e-06,0.0,0.0,17719,
571,3.400200284886523e-06,0.0,0.0,17729,
571,,,,17731,3.299061063444242e-06
572,5.641131338052219e-06,0.0,0.0,17739,
572,3.097042508670711e-06,0.0,0.0,17749,
572,2.5776705570024205e-06,0.0,0.0,17759,
572,,,,17762,2.9566265311586903e-06
573,2.7410158509155735e-05,0.0,0.0,17769,
573,8.395482836931478e-06,0.0,0.0,17779,
573,7.081765033944976e-06,0.0,0.0,17789,
573,,,,17793,5.195136964175617e-06
574,3.730344815267017e-06,0.0,0.0,17799,
574,3.1921074423735263e-06,0.0,0.0,17809,
574,2.6805716970557114e-06,0.0,0.0,17819,
574,,,,17824,3.652893610706087e-06
575,2.729377911236952e-06,0.0,0.0,17829,
575,2.6040720513265114e-06,0.0,0.0,17839,
575,2.329561084479792e-06,0.0,0.0,17849,
575,,,,17855,2.4570754248998128e-06
576,2.921230134234065e-06,0.0,0.0,17859,
576,2.3980173864401877e-06,0.0,0.0,17869,
576,2.0802731341973413e-06,0.0,0.0,17879,
576,,,,17886,2.273917971251649e-06
577,2.4911219043133315e-06,0.0,0.0,17889,
577,2.2130996057967423e-06,0.0,0.0,17899,
577,2.0344493805168895e-06,0.0,0.0,17909,
577,,,,17917,2.395615638306481e-06
578,2.5910981094057206e-06,0.0,0.0,17919,
578,3.003358187925187e-06,0.0,0.0,17929,
578,2.2727047053194838e-06,0.0,0.0,17939,
578,,,,17948,2.8290039608691586e-06
579,2.7649703042698093e-06,0.0,0.0,17949,
579,3.379241888978868e-06,0.0,0.0,17959,
579,2.413931497358135e-06,0.0,0.0,17969,
579,2.330699999220087e-06,0.0,0.0,17979,
579,,,,17979,2.950199132101261e-06
580,4.646164597943425e-06,0.0,0.0,17989,
580,8.910923497751355e-06,0.0,0.0,17999,
580,3.64962465937424e-06,0.0,0.0,18009,
580,,,,18010,4.533751052804291e-06
581,4.272801106708357e-06,0.0,0.0,18019,
581,4.081625320395688e-06,0.0,0.0,18029,
581,2.645247604959877e-06,0.0,0.0,18039,
581,,,,18041,3.27336965710856e-06
582,2.4657495032442966e-06,0.0,0.0,18049,
582,2.5679405553091783e-06,0.0,0.0,18059,
582,2.367494062127662e-06,0.0,0.0,18069,
582,,,,18072,2.5032838948391145e-06
583,2.2852634629089152e-06,0.0,0.0,18079,
583,2.248583996333764e-06,0.0,0.0,18089,
583,2.200780045313877e-06,0.0,0.0,18099,
583,,,,18103,2.2167696442920715e-06
584,2.1710945929953596e-06,0.0,0.0,18109,
584,2.158065854018787e-06,0.0,0.0,18119,
584,1.964183411473641e-06,0.0,0.0,18129,
584,,,,18134,2.2356696263159392e-06
585,2.9535451631090837e-06,0.0,0.0,18139,
585,2.9862405881431187e-06,0.0,0.0,18149,
585,2.1627820387948304e-06,0.0,0.0,18159,
585,,,,18165,2.7192609195481054e-06
586,9.701301678433083e-06,0.0,0.0,18169,
586,5.926256108068628e-06,0.0,0.0,18179,
586,2.6619834443408763e-06,0.0,0.0,18189,
586,,,,18196,4.440884822543012e-06
587,1.2874776984972414e-05,0.0,0.0,18199,
587,4.739080395665951e-06,0.0,0.0,18209,
587,2.9498778530978598e-06,0.0,0.0,18219,
587,,,,18227,4.368829650047701e-06
588,7.119313977455022e-06,0.0,0.0,18229,
588,5.387835699366406e-06,0.0,0.0,18239,
588,2.764245209618821e-06,0.0,0.0,18249,
588,,,,18258,3.053111186090973e-06
589,2.988389269376057e-06,0.0,0.0,18259,
589,3.1206425319396658e-06,0.0,0.0,18269,
589,2.434331690892577e-06,0.0,0.0,18279,
589,1.4718677903147181e-06,0.0,0.0,18289,
589,,,,18289,2.5011361231008777e-06
590,2.0367783690744545e-06,0.0,0.0,18299,
590,2.2122321752249263e-06,0.0,0.0,18309,
590,2.2887243176228367e-06,0.0,0.0,18319,
590,,,,18320,2.369331241425243e-06
591,2.2239294139581034e-06,0.0,0.0,18329,
591,2.514847437851131e-06,0.0,0.0,18339,
591,2.383313130849274e-06,0.0,0.0,18349,
591,,,,18351,2.7155401767231524e-06
592,3.1052597933012294e-06,0.0,0.0,18359,
592,2.4259120436909143e-06,0.0,0.0,18369,
592,2.4564571958762826e-06,0.0,0.0,18379,
592,,,,18382,2.3811060145817464e-06
593,5.501925443240907e-06,0.0,0.0,18389,
593,3.0166695523803355e-06,0.0,0.0,18399,
593,2.8718222893076017e-06,0.0,0.0,18409,
593,,,,18413,3.4004158351308433e-06
594,5.991119905957021e-06,0.0,0.0,18419,
594,2.8949866646144073e-06,0.0,0.0,18429,
594,2.649610905791633e-06,0.0,0.0,18439,
594,,,,18444,2.6611605790094472e-06
595,7.626466867804993e-06,0.0,0.0,18449,
595,6.860215762571897e-06,0.0,0.0,18459,
595,2.736898750299588e-06,0.0,0.0,18469,
595,,,,18475,4.136349616601365e-06
596,4.211199666315224e-06,0.0,0.0,18479,
596,3.4911233797174646e-06,0.0,0.0,18489,
596,2.5679887585283723e-06,0.0,0.0,18499,
596,,,,18506,3.1903371109365253e-06
597,4.396013082441641e-06,0.0,0.0,18509,
597,3.1197455427900422e-06,0.0,0.0,18519,
597,2.137499677701271e-06,0.0,0.0,18529,
597,,,,18537,2.3150810193328653e-06
598,3.1971630960470065e-06,0.0,0.0,18539,
598,3.0781084205955267e-06,0.0,0.0,18549,
598,3.7413367408589693e-06,0.0,0.0,18559,
598,,,,18568,2.5797157832130324e-06
599,2.521774376873509e-06,0.0,0.0,18569,
599,3.21680977322103e-06,0.0,0.0,18579,
599,2.3261798105522757e-06,0.0,0.0,18589,
599,1.8429345800541341e-06,0.0,0.0,18599,
599,,,,18599,3.0199655611795606e-06
600,4.325278496253304e-06,0.0,0.0,18609,
600,8.434143637714442e-06,0.0,0.0,18619,
600,3.503413836369873e-06,0.0,0.0,18629,
600,,,,18630,4.481361429498065e-06
601,4.662555056711426e-06,0.0,0.0,18639,
601,4.090023139724508e-06,0.0,0.0,18649,
601,2.8427398319763597e-06,0.0,0.0,18659,
601,,,,18661,3.855058821500279e-06
602,3.2885773180169053e-06,0.0,0.0,18669,
602,2.819085466398974e-06,0.0,0.0,18679,
602,2.2591348169953562e-06,0.0,0.0,18689,
602,,,,18692,2.2830781745142303e-06
603,2.1081887098262087e-06,0.0,0.0,18699,
603,2.1427338197099743e-06,0.0,0.0,18709,
603,2.021622321990435e-06,0.0,0.0,18719,
603,,,,18723,2.195957904405077e-06
604,2.2063227334001567e-06,0.0,0.0,18729,
604,2.0903125914628617e-06,0.0,0.0,18739,
604,1.8762705167318927e-06,0.0,0.0,18749,
604,,,,18754,2.1436137558339396e-06
605,3.4290217172383564e-06,0.0,0.0,18759,
605,2.5257625111407833e-06,0.0,0.0,18769,
605,2.2982785594649613e-06,0.0,0.0,18779,
605,,,,18785,2.3770573989168042e-06
606,2.7998692075925646e-06,0.0,0.0,18789,
606,2.4280609522975283e-06,0.0,0.0,18799,
606,2.160514895876986e-06,0.0,0.0,18809,
606,,,,18816,2.692951056815218e-06
607,5.509559741767589e-06,0.0,0.0,18819,
607,9.657365808379836e-06,0.0,0.0,18829,
607,3.3069275104935514e-06,0.0,0.0,18839,
607,,,,18847,5.459321073431056e-06
608,1.3368746294872835e-05,0.0,0.0,18849,
608,6.085122549848165e-06,0.0,0.0,18859,
608,3.839261353277834e-06,0.0,0.0,18869,
608,,,,18878,4.059327693539672e-06
609,3.967571501561906e-06,0.0,0.0,18879,
609,3.2902923976507736e-06,0.0,0.0,18889,
609,2.9347752388275694e-06,0.0,0.0,18899,
609,1.562778493280348e-06,0.0,0.0,18909,
609,,,,18909,2.4080277398752514e-06
610,2.2611084204982035e-06,0.0,0.0,18919,
610,2.652346665854566e-06,0.0,0.0,18929,
610,2.1124330942257075e-06,0.0,0.0,18939,
610,,,,18940,2.1458020000864053e-06
611,2.2536521555593936e-06,0.0,0.0,18949,
611,2.3026905182632618e-06,0.0,0.0,18959,
611,2.124148068105569e-06,0.0,0.0,18969,
611,,,,18971,2.2070264549256535e-06
612,2.038538696069736e-06,0.0,0.0,18979,
612,2.093195689667482e-06,0.0,0.0,18989,
612,2.004242787734256e-06,0.0,0.0,18999,
612,,,,19002,2.328387836314505e-06
613,3.6629269288823707e-06,0.0,0.0,19009,
613,2.3970671918505104e-06,0.0,0.0,19019,
613,2.4642667995067313e-06,0.0,0.0,19029,
613,,,,19033,2.3116667762224097e-06
614,4.921536401525373e-06,0.0,0.0,19039,
614,2.819778956109076e-06,0.0,0.0,19049,
614,2.7889982447959483e-06,0.0,0.0,19059,
614,,,,19064,2.8737956654367736e-06
615,4.741267730423715e-06,0.0,0.0,19069,
615,2.2150863969727652e-06,0.0,0.0,19079,
615,2.189163296861807e-06,0.0,0.0,19089,
615,,,,19095,2.9793643534503644e-06
616,8.04223327577347e-06,0.0,0.0,19099,
616,1.4561032003257424e-05,0.0,0.0,19109,
616,6.126627340563573e-06,0.0,0.0,19119,
616,,,,19126,7.197063951025484e-06
617,1.417667772329878e-05,0.0,0.0,19129,
617,4.650924438465154e-06,0.0,0.0,19139,
617,2.3370359940599883e-06,0.0,0.0,19149,
617,,,,19157,2.803116558425245e-06
618,4.456157057575183e-06,0.0,0.0,19159,
618,2.273142854392063e-06,0.0,0.0,19169,
618,1.9895821878890274e-06,0.0,0.0,19179,
618,,,,19188,2.159730001949356e-06
619,2.097143124046852e-06,0.0,0.0,19189,
619,2.287986717419699e-06,0.0,0.0,19199,
619,1.9215510747017106e-06,0.0,0.0,19209,
619,1.1772165180445882e-06,0.0,0.0,19219,
619,,,,19219,2.0432096334843663e-06
620,1.9050991113545024e-06,0.0,0.0,19229,
620,2.0084232801309554e-06,0.0,0.0,19239,
620,1.9743145003303653e-06,0.0,0.0,19249,
620,,,,19250,2.0668258002842776e-06
621,1.8180329561801045e-06,0.0,0.0,19259,
621,2.185936637033592e-06,0.0,0.0,19269,
621,1.9988631265732693e-06,0.0,0.0,19279,
621,,,,19281,2.290785687364405e-06
622,6.153538834041683e-06,0.0,0.0,19289,
622,3.218181063857628e-06,0.0,0.0,19299,
622,2.7808598588308087e-06,0.0,0.0,19309,
622,,,,19312,4.511325187195325e-06
623,7.558476681879256e-06,0.0,0.0,19319,
623,3.0353485271916725e-06,0.0,0.0,19329,
623,3.440766931817052e-06,0.0,0.0,19339,
623,,,,19343,2.7985347514913883e-06
624,3.167787554048118e-06,0.0,0.0,19349,
624,2.657825461938046e-06,0.0,0.0,19359,
624,1.9674678242154187e-06,0.0,0.0,19369,
624,,,,19374,2.460749101373949e-06
625,2.6607140171108767e-06,0.0,0.0,19379,
625,1.921513785418938e-06,0.0,0.0,19389,
625,2.0470197341637686e-06,0.0,0.0,19399,
625,,,,19405,2.289638132424443e-06
626,3.330948629809427e-06,0.0,0.0,19409,
626,2.458100425428711e-06,0.0,0.0,19419,
626,2.2073450054449495e-06,0.0,0.0,19429,
626,,,,19436,3.043831156901433e-06
627,4.595308382704388e-06,0.0,0.0,19439,
627,3.2782020298327552e-06,0.0,0.0,19449,
627,2.2171739146870095e-06,0.0,0.0,19459,
627,,,,19467,3.2640975859976606e-06
628,3.847568223136477e-06,0.0,0.0,19469,
628,3.105261612290633e-06,0.0,0.0,19479,
628,2.407811962257256e-06,0.0,0.0,19489,
628,,,,19498,2.8227834718563827e-06
629,2.763507609415683e-06,0.0,0.0,19499,
629,5.801803126814775e-06,0.0,0.0,19509,
629,5.896126367588295e-06,0.0,0.0,19519,
629,3.1631502679374535e-06,0.0,0.0,19529,
629,,,,19529,5.839241111971205e-06
630,4.145787897869013e-06,0.0,0.0,19539,
630,2.621857674967032e-06,0.0,0.0,19549,
630,3.724713224073639e-06,0.0,0.0,19559,
630,,,,19560,4.361027095001191e-06
631,4.534457275440218e-06,0.0,0.0,19569,
631,5.356886504159775e-06,0.0,0.0,19579,
631,2.363316752962419e-06,0.0,0.0,19589,
631,,,,19591,3.0487613003060687e-06
632,3.02672128782433e-06,0.0,0.0,19599,
632,3.08101630253077e-06,0.0,0.0,19609,
632,2.352217279621982e-06,0.0,0.0,19619,
632,,,,19622,2.023990191446501e-06
633,2.1036696580267744e-06,0.0,0.0,19629,
633,1.8718695855568512e-06,0.0,0.0,19639,
633,1.925367996591376e-06,0.0,0.0,19649,
633,,,,19653,1.943075858434895e-06
634,1.8398927750240546e-06,0.0,0.0,19659,
634,1.8083095483234501e-06,0.0,0.0,19669,
634,1.6789234678071807e-06,0.0,0.0,19679,
634,,,,19684,1.9298956885904772e-06
635,2.8981262403249275e-06,0.0,0.0,19689,
635,2.5382294097653357e-06,0.0,0.0,19699,
635,1.9001539612872875e-06,0.0,0.0,19709,
635,,,,19715,2.6426828299008776e-06
636,2.5376266421517357e-06,0.0,0.0,19719,
636,2.2504973458126187e-06,0.0,0.0,19729,
636,2.3046532078296877e-06,0.0,0.0,19739,
636,,,,19746,3.275296876381617e-06
637,1.0898358596023172e-05,0.0,0.0,19749,
637,1.246676856681006e-05,0.0,0.0,19759,
637,2.6387367597635603e-06,0.0,0.0,19769,
637,,,,19777,4.670869657275034e-06
638,7.585155344713712e-06,0.0,0.0,19779,
638,3.1194231269182637e-06,0.0,0.0,19789,
638,2.382038474024739e-06,0.0,0.0,19799,
638,,,,19808,2.701550783967832e-06
639,2.633594476719736e-06,0.0,0.0,19809,
639,2.2281230940279784e-06,0.0,0.0,19819,
639,1.8623890127855702e-06,0.0,0.0,19829,
639,1.0846815712284297e-06,0.0,0.0,19839,
639,,,,19839,1.9112153495370876e-06
640,1.6811443401820725e-06,0.0,0.0,19849,
640,1.7574404864717508e-06,0.0,0.0,19859,
640,1.7689219475869322e-06,0.0,0.0,19869,
640,,,,19870,1.96771725313738e-06
641,1.6716032860131236e-06,0.0,0.0,19879,
641,1.9082717699347995e-06,0.0,0.0,19889,
641,1.9154724668624112e-06,0.0,0.0,19899,
641,,,,19901,1.9286303540866356e-06
642,2.1360240225476446e-06,0.0,0.0,19909,
642,1.7861872265712009e-06,0.0,0.0,19919,
642,2.013426183111733e-06,0.0,0.0,19929,
642,,,,19932,2.0909715203742962e-06
643,3.86517558581545e-06,0.0,0.0,19939,
643,2.1242756247374928e-06,0.0,0.0,19949,
643,2.3504057935497258e-06,0.0,0.0,19959,
643,,,,19963,2.250330680908519e-06
644,3.3899550544447266e-06,0.0,0.0,19969,
644,2.153866489607026e-06,0.0,0.0,19979,
644,2.100913661706727e-06,0.0,0.0,19989,
644,,,,19994,2.8783294965251116e-06
645,6.7098835643264465e-06,0.0,0.0,19999,
645,2.5261936116294237e-06,0.0,0.0,20009,
645,1.9926167169614928e-06,0.0,0.0,20019,
645,,,,20025,2.8945789836143376e-06
646,1.0295953870809171e-05,0.0,0.0,20029,
646,6.471232609328581e-06,0.0,0.0,20039,
646,3.1865374694461934e-06,0.0,0.0,20049,
646,,,,20056,5.1722058742598165e-06
647,6.8040285441384185e-06,0.0,0.0,20059,
647,5.405640877143014e-06,0.0,0.0,20069,
647,2.6248717404087074e-06,0.0,0.0,20079,
647,,,,20087,3.548021368260379e-06
648,5.380812126531964e-06,0.0,0.0,20089,
648,3.553866918082349e-06,0.0,0.0,20099,
648,2.081007096421672e-06,0.0,0.0,20109,
648,,,,20118,2.0679908629972488e-06
649,2.0036031855852343e-06,0.0,0.0,20119,
649,1.9561455246730475e-06,0.0,0.0,20129,
649,1.720651312098198e-06,0.0,0.0,20139,
649,1.126398046835675e-06,0.0,0.0,20149,
649,,,,20149,1.873196879387251e-06
650,1.6381368368456606e-06,0.0,0.0,20159,
650,1.684514927546843e-06,0.0,0.0,20169,
650,1.8546490991866449e-06,0.0,0.0,20179,
650,,,,20180,1.9401300050958525e-06
651,2.4311948436661623e-06,0.0,0.0,20189,
651,1.913121877805679e-06,0.0,0.0,20199,
651,1.7925666497831116e-06,0.0,0.0,20209,
651,,,,20211,1.9502558643580414e-06
652,3.591308541217586e-06,0.0,0.0,20219,
652,2.6453715236129938e-06,0.0,0.0,20229,
652,1.991572844417533e-06,0.0,0.0,20239,
652,,,,20242,2.551278384999023e-06
653,8.607972631580196e-06,0.0,0.0,20249,
653,3.450685653660912e-06,0.0,0.0,20259,
653,2.45026149059413e-06,0.0,0.0,20269,
653,,,,20273,2.8644453777815215e-06
654,6.414342806237983e-06,0.0,0.0,20279,
654,3.93492155126296e-06,0.0,0.0,20289,
654,2.5459112293901853e-06,0.0,0.0,20299,
654,,,,20304,4.34523690273636e-06
655,1.4442668543779291e-05,0.0,0.0,20309,
655,3.968973487644689e-06,0.0,0.0,20319,
655,2.3100697035260964e-06,0.0,0.0,20329,
655,,,,20335,4.633893240679754e-06
656,4.167420229350682e-06,0.0,0.0,20339,
656,2.4380094600928714e-06,0.0,0.0,20349,
656,1.980006572921411e-06,0.0,0.0,20359,
656,,,,20366,2.311991238457267e-06
657,3.785323997362866e-06,0.0,0.0,20369,
657,1.848841066021123e-06,0.0,0.0,20379,
657,1.6485139440192143e-06,0.0,0.0,20389,
657,,,,20397,1.8576373577161576e-06
658,2.3141130895965034e-06,0.0,0.0,20399,
658,1.877941485872725e-06,0.0,0.0,20409,
658,1.854868742157123e-06,0.0,0.0,20419,
658,,,,20428,1.8265224071001285e-06
659,1.7728885950418771e-06,0.0,0.0,20429,
659,1.94939320863341e-06,0.0,0.0,20439,
659,1.9544993392628385e-06,0.0,0.0,20449,
659,1.1195338629477192e-06,0.0,0.0,20459,
659,,,,20459,1.8377120341028785e-06
660,2.669109335329267e-06,0.0,0.0,20469,
660,2.283937874381081e-06,0.0,0.0,20479,
660,2.086969061565469e-06,0.0,0.0,20489,
660,,,,20490,2.7082428459834773e-06
661,6.321865384961711e-06,0.0,0.0,20499,
661,3.63254207513819e-06,0.0,0.0,20509,
661,1.978076625164249e-06,0.0,0.0,20519,
661,,,,20521,2.4248195131804096e-06
662,1.02124540717341e-05,0.0,0.0,20529,
662,3.3393350804544752e-06,0.0,0.0,20539,
662,4.519633876043372e-06,0.0,0.0,20549,
662,,,,20552,2.971646154037444e-06
663,1.2109678209526464e-05,0.0,0.0,20559,
663,4.5542810767074116e-06,0.0,0.0,20569,
663,2.6982966119248886e-06,0.0,0.0,20579,
663,,,,20583,3.146161816403037e-06
664,4.988688488083426e-06,0.0,0.0,20589,
664,2.2844890281703556e-06,0.0,0.0,20599,
664,1.7172063735415577e-06,0.0,0.0,20609,
664,,,,20614,2.5428666958760004e-06
665,2.3100162707123673e-06,0.0,0.0,20619,
665,1.7070819922082592e-06,0.0,0.0,20629,
665,1.7610950635571498e-06,0.0,0.0,20639,
665,,,,20645,2.010900288951234e-06
666,2.083141680486733e-06,0.0,0.0,20649,
666,1.7122621329690446e-06,0.0,0.0,20659,
666,1.6487293805766967e-06,0.0,0.0,20669,
666,,,,20676,2.0135050817771116e-06
667,2.9232899123599054e-06,0.0,0.0,20679,
667,2.741249545579194e-06,0.0,0.0,20689,
667,2.0444219899218297e-06,0.0,0.0,20699,
667,,,,20707,2.0746990685438504e-06
668,3.1519041385763558e-06,0.0,0.0,20709,
668,3.4239699289173586e-06,0.0,0.0,20719,
668,2.739101546467282e-06,0.0,0.0,20729,
668,,,,20738,2.3492289074056316e-06
669,2.272456640639575e-06,0.0,0.0,20739,
669,2.6327697923989035e-06,0.0,0.0,20749,
669,2.1515531898330664e-06,0.0,0.0,20759,
669,1.2926072940899758e-06,0.0,0.0,20769,
669,,,,20769,2.6032600999315036e-06
670,3.0023243198229466e-06,0.0,0.0,20779,
670,3.4317181416554376e-06,0.0,0.0,20789,
670,5.545332896872424e-06,0.0,0.0,20799,
670,,,,20800,5.482262622535927e-06
671,2.0764977307408117e-05,0.0,0.0,20809,
671,1.3178344488551375e-05,0.0,0.0,20819,
671,3.6912249470333336e-06,0.0,0.0,20829,
671,,,,20831,3.928520072804531e-06
672,3.5228983961133054e-06,0.0,0.0,20839,
672,2.570195420048549e-06,0.0,0.0,20849,
672,2.0864276848442387e-06,0.0,0.0,20859,
672,,,,20862,2.2565998278878396e-06
673,2.1236353404674446e-06,0.0,0.0,20869,
673,1.7413016166756279e-06,0.0,0.0,20879,
673,1.6543560832360527e-06,0.0,0.0,20889,
673,,,,20893,1.8943979966934421e-06
674,1.7950741266758996e-06,0.0,0.0,20899,
674,1.745861936797155e-06,0.0,0.0,20909,
674,1.578181354489061e-06,0.0,0.0,20919,
674,,,,20924,1.7943337979886564e-06
675,1.81868983872846e-06,0.0,0.0,20929,
675,1.5753169009258272e-06,0.0,0.0,20939,
675,1.610024469300697e-06,0.0,0.0,20949,
675,,,,20955,1.7797125337892794e-06
676,2.253051206935197e-06,0.0,0.0,20959,
676,1.8913900703410036e-06,0.0,0.0,20969,
676,1.460877115277981e-06,0.0,0.0,20979,
676,,,,20986,1.7364819768772577e-06
677,2.4484975256200414e-06,0.0,0.0,20989,
677,2.5674589778645895e-06,0.0,0.0,20999,
677,2.420010559944785e-06,0.0,0.0,21009,
677,,,,21017,2.1560335881076753e-06
678,2.706055738599389e-06,0.0,0.0,21019,
678,2.7477431103761774e-06,0.0,0.0,21029,
678,2.9728828394581797e-06,0.0,0.0,21039,
678,,,,21048,4.0497875488654245e-06
679,3.992047822976019e-06,0.0,0.0,21049,
679,2.8609247237909585e-06,0.0,0.0,21059,
679,3.3881769923027605e-06,0.0,0.0,21069,
679,1.5838743365748087e-06,0.0,0.0,21079,
679,,,,21079,3.061593361053383e-06
680,2.9212385470600566e-06,0.0,0.0,21089,
680,2.393551994828158e-06,0.0,0.0,21099,
680,1.8929198404293857e-06,0.0,0.0,21109,
680,,,,21110,2.0555323771986878e-06
681,1.804160433493962e-06,0.0,0.0,21119,
681,1.9049897446166142e-06,0.0,0.0,21129,
681,1.676412580309261e-06,0.0,0.0,21139,
681,,,,21141,1.8168608448831947e-06
682,3.1558411137666553e-06,0.0,0.0,21149,
682,2.340449327675742e-06,0.0,0.0,21159,
682,1.7907560732055572e-06,0.0,0.0,21169,
682,,,,21172,1.947292048498639e-06
683,9.579021025274415e-06,0.0,0.0,21179,
683,4.839535449718824e-06,0.0,0.0,21189,
683,2.424450940452516e-06,0.0,0.0,21199,
683,,,,21203,3.562376832633163e-06
684,2.3659158614464104e-05,0.0,0.0,21209,
684,6.319231033558026e-06,0.0,0.0,21219,
684,4.270440967957256e-06,0.0,0.0,21229,
684,,,,21234,4.665615051635541e-06
685,4.330466708779568e-06,0.0,0.0,21239,
685,2.614408685985836e-06,0.0,0.0,21249,
685,2.126033223248669e-06,0.0,0.0,21259,
685,,,,21265,2.634880047480692e-06
686,3.4003887776634656e-06,0.0,0.0,21269,
686,2.0694199065474095e-06,0.0,0.0,21279,
686,1.5242062545439694e-06,0.0,0.0,21289,
686,,,,21296,1.825503318286792e-06
687,2.0812201455555623e-06,0.0,0.0,21299,
687,1.6655516219543642e-06,0.0,0.0,21309,
687,1.5433871567438473e-06,0.0,0.0,21319,
687,,,,21327,1.6666161855027894e-06
688,1.7613579075259622e-06,0.0,0.0,21329,
688,1.542704467283329e-06,0.0,0.0,21339,
688,1.5911082300590351e-06,0.0,0.0,21349,
688,,,,21358,1.6976014194369782e-06
689,1.6473296682306682e-06,0.0,0.0,21359,
689,1.65715948696743e-06,0.0,0.0,21369,
689,1.5714527989985072e-06,0.0,0.0,21379,
689,9.772302291821688e-07,0.0,0.0,21389,
689,,,,21389,1.829850134527078e-06
690,3.0584837986680213e-06,0.0,0.0,21399,
690,2.1398800527094863e-06,0.0,0.0,21409,
690,1.7666935718807508e-06,0.0,0.0,21419,
690,,,,21420,1.8903377849710523e-06
691,2.680394572962541e-06,0.0,0.0,21429,
691,2.054729748124373e-06,0.0,0.0,21439,
691,1.8746027308225166e-06,0.0,0.0,21449,
691,,,,21451,1.8475683418728295e-06
692,1.1288397217867896e-05,0.0,0.0,21459,
692,4.702767455455614e-06,0.0,0.0,21469,
692,2.0427341951290146e-06,0.0,0.0,21479,
692,,,,21482,5.372317446017405e-06
693,2.4742685127421282e-05,0.0,0.0,21489,
693,9.803911780181807e-06,0.0,0.0,21499,
693,3.221308816137025e-06,0.0,0.0,21509,
693,,,,21513,6.5794906731753144e-06
694,5.9506087382033e-06,0.0,0.0,21519,
694,2.4625012429169146e-06,0.0,0.0,21529,
694,2.1577404822892277e-06,0.0,0.0,21539,
694,,,,21544,2.29296597353823e-06
695,1.8101889054378262e-06,0.0,0.0,21549,
695,1.5429372979269829e-06,0.0,0.0,21559,
695,1.5705702480772743e-06,0.0,0.0,21569,
695,,,,21575,1.7211657450388884e-06
696,1.91761614587449e-06,0.0,0.0,21579,
696,1.5673701909690863e-06,0.0,0.0,21589,
696,1.3612799421025557e-06,0.0,0.0,21599,
696,,,,21606,1.5829936046429793e-06
697,1.8252003428642638e-06,0.0,0.0,21609,
697,1.5023202877273434e-06,0.0,0.0,21619,
697,1.415443875885103e-06,0.0,0.0,21629,
697,,,,21637,1.5887331983321928e-06
698,1.7896711597131798e-06,0.0,0.0,21639,
698,1.5528822814303567e-06,0.0,0.0,21649,
698,1.5195568039416685e-06,0.0,0.0,21659,
698,,,,21668,1.6024499700506567e-06
699,1.5523039564868668e-06,0.0,0.0,21669,
699,1.7165926919915364e-06,0.0,0.0,21679,
699,2.2673211788060144e-06,0.0,0.0,21689,
699,1.1738219427570584e-06,0.0,0.0,21699,
699,,,,21699,1.8019093204202363e-06
700,7.29793600839912e-06,0.0,0.0,21709,
700,7.708443263254594e-06,0.0,0.0,21719,
700,3.336471991133294e-06,0.0,0.0,21729,
700,,,,21730,3.868296971631935e-06
701,5.382873041526182e-06,0.0,0.0,21739,
701,3.614787601691205e-06,0.0,0.0,21749,
701,2.8839569949923316e-06,0.0,0.0,21759,
701,,,,21761,2.97709470942209e-06
702,5.742153916798998e-06,0.0,0.0,21769,
702,2.071118160529295e-06,0.0,0.0,21779,
702,2.6908578547590878e-06,0.0,0.0,21789,
702,,,,21792,2.3819202397135086e-06
703,2.7104479158879258e-06,0.0,0.0,21799,
703,1.849901195782877e-06,0.0,0.0,21809,
703,1.6032745406846516e-06,0.0,0.0,21819,
703,,,,21823,1.8599116629047785e-06
704,1.7822450217863661e-06,0.0,0.0,21829,
704,1.6715405308787012e-06,0.0,0.0,21839,
704,1.4687857401440851e-06,0.0,0.0,21849,
704,,,,21854,1.9102108126389794e-06
705,2.988592768815579e-06,0.0,0.0,21859,
705,2.658134917510324e-06,0.0,0.0,21869,
705,2.1075597942399327e-06,0.0,0.0,21879,
705,,,,21885,2.795220780171803e-06
706,5.3467774705495685e-06,0.0,0.0,21889,
706,1.0297212611476425e-05,0.0,0.0,21899,
706,3.6633207400882384e-06,0.0,0.0,21909,
706,,,,21916,4.9295153985440265e-06
707,1.7816852050600573e-05,0.0,0.0,21919,
707,3.657696197478799e-06,0.0,0.0,21929,
707,3.4566930935397977e-06,0.0,0.0,21939,
707,,,,21947,3.6654157611337723e-06
708,4.996517418476287e-06,0.0,0.0,21949,
708,2.1820776510139694e-06,0.0,0.0,21959,
708,1.8420795413476299e-06,0.0,0.0,21969,
708,,,,21978,2.0574273094098317e-06
709,2.0013271750940476e-06,0.0,0.0,21979,
709,2.197057710873196e-06,0.0,0.0,21989,
709,1.6038433159337728e-06,0.0,0.0,21999,
709,9.073890510080673e-07,0.0,0.0,22009,
709,,,,22009,1.7407593304596958e-06
710,1.547356760056573e-06,0.0,0.0,22019,
710,1.5716484540462261e-06,0.0,0.0,22029,
710,1.5403161341964733e-06,0.0,0.0,22039,
710,,,,22040,1.8023981738224393e-06
711,1.6039482488849899e-06,0.0,0.0,22049,
711,1.8419106027067755e-06,0.0,0.0,22059,
711,1.816680196498055e-06,0.0,0.0,22069,
711,,,,22071,1.6835622318467358e-06
712,1.6926685475482373e-06,0.0,0.0,22079,
712,1.6228053709710366e-06,0.0,0.0,22089,
712,1.6187053688554442e-06,0.0,0.0,22099,
712,,,,22102,1.983167521757423e-06
713,4.500285285757855e-06,0.0,0.0,22109,
713,2.083340177705395e-06,0.0,0.0,22119,
713,2.2046317553758854e-06,0.0,0.0,22129,
713,,,,22133,2.267891431984026e-06
714,3.0917742606106913e-06,0.0,0.0,22139,
714,1.6964758060566965e-06,0.0,0.0,22149,
714,1.7451537814849871e-06,0.0,0.0,22159,
714,,,,22164,1.9073756902798777e-06
715,9.945702913682908e-06,0.0,0.0,22169,
715,2.462013071635738e-06,0.0,0.0,22179,
715,2.134452415702981e-06,0.0,0.0,22189,
715,,,,22195,1.9989577140222536e-06
716,4.382519364298787e-06,0.0,0.0,22199,
716,5.900537416891893e-06,0.0,0.0,22209,
716,1.7042284525814466e-06,0.0,0.0,22219,
716,,,,22226,1.9543861071724677e-06
717,2.654310492289369e-06,0.0,0.0,22229,
717,2.479033128111041e-06,0.0,0.0,22239,
717,1.9762844658544054e-06,0.0,0.0,22249,
717,,,,22257,2.1891560209041927e-06
718,3.0551900636055507e-06,0.0,0.0,22259,
718,2.6341174361732556e-06,0.0,0.0,22269,
718,3.040232968487544e-06,0.0,0.0,22279,
718,,,,22288,2.165897285522078e-06
719,2.105067778757075e-06,0.0,0.0,22289,
719,3.110966645181179e-06,0.0,0.0,22299,
719,3.302611958133639e-06,0.0,0.0,22309,
719,1.3501280591299292e-06,0.0,0.0,22319,
719,,,,22319,2.972218226204859e-06
720,4.239942427375354e-06,0.0,0.0,22329,
720,2.4947955807874678e-06,0.0,0.0,22339,
720,2.071737753794878e-06,0.0,0.0,22349,
720,,,,22350,2.2309077394311316e-06
721,1.6386129573220387e-06,0.0,0.0,22359,
721,2.0360826056275982e-06,0.0,0.0,22369,
721,1.6206594182222034e-06,0.0,0.0,22379,
721,,,,22381,1.861070472841675e-06
722,2.7540518203750253e-06,0.0,0.0,22389,
722,1.6768493651397876e-06,0.0,0.0,22399,
722,1.6445354731331463e-06,0.0,0.0,22409,
722,,,,22412,1.7561654885867028e-06
723,2.0224638319632504e-06,0.0,0.0,22419,
723,1.7279755866184132e-06,0.0,0.0,22429,
723,1.4945145494493772e-06,0.0,0.0,22439,
723,,,,22443,1.8218436252936954e-06
724,3.7792067359987414e-06,0.0,0.0,22449,
724,2.6526024612394394e-06,0.0,0.0,22459,
724,1.789043380995281e-06,0.0,0.0,22469,
724,,,,22474,2.267036734338035e-06
725,6.121452770457836e-06,0.0,0.0,22479,
725,5.0757535063894466e-06,0.0,0.0,22489,
725,3.079832140429062e-06,0.0,0.0,22499,
725,,,,22505,3.6123849440627964e-06
726,7.1563285928277764e-06,0.0,0.0,22509,
726,3.840877525362885e-06,0.0,0.0,22519,
726,1.8916772432930884e-06,0.0,0.0,22529,
726,,,,22536,2.5066588023037184e-06
727,5.0758617362589575e-06,0.0,0.0,22539,
727,4.866926701652119e-06,0.0,0.0,22549,
727,1.890375870061689e-06,0.0,0.0,22559,
727,,,,22567,2.386097776252427e-06
728,4.944510692439508e-06,0.0,0.0,22569,
728,3.1859024147706805e-06,0.0,0.0,22579,
728,1.7131578715634532e-06,0.0,0.0,22589,
728,,,,22598,2.544250492064748e-06
729,2.4806502096907934e-06,0.0,0.0,22599,
729,2.604906057968037e-06,0.0,0.0,22609,
729,1.652207856750465e-06,0.0,0.0,22619,
729,9.269849101656291e-07,0.0,0.0,22629,
729,,,,22629,1.7403471019861172e-06
730,1.51299514072889e-06,0.0,0.0,22639,
730,1.484010681451764e-06,0.0,0.0,22649,
730,1.5361291616500239e-06,0.0,0.0,22659,
730,,,,22660,1.7650544350544806e-06
731,2.974401468236465e-06,0.0,0.0,22669,
731,2.3046936803439166e-06,0.0,0.0,22679,
731,2.2507445009978255e-06,0.0,0.0,22689,
731,,,,22691,1.923706349771237e-06
732,2.028635435635806e-06,0.0,0.0,22699,
732,1.5536248838543543e-06,0.0,0.0,22709,
732,1.934550937221502e-06,0.0,0.0,22719,
732,,,,22722,1.8785699467116501e-06
733,5.1202450777054764e-06,0.0,0.0,22729,
733,2.136992861778708e-06,0.0,0.0,22739,
733,1.832545422075782e-06,0.0,0.0,22749,
733,,,,22753,2.186792926295311e-06
734,6.795730769226793e-06,0.0,0.0,22759,
734,3.745408093891456e-06,0.0,0.0,22769,
734,2.889244569814764e-06,0.0,0.0,22779,
734,,,,22784,3.371021875864244e-06
735,8.635344784124754e-06,0.0,0.0,22789,
735,1.0126691449841019e-05,0.0,0.0,22799,
735,3.7451745811267756e-06,0.0,0.0,22809,
735,,,,22815,6.048073828424094e-06
736,1.0897519132413436e-05,0.0,0.0,22819,
736,4.960716069035698e-06,0.0,0.0,22829,
736,2.9074083158775466e-06,0.0,0.0,22839,
736,,,,22846,4.6569939513574354e-06
737,5.43091391591588e-06,0.0,0.0,22849,
737,1.8400301087240223e-06,0.0,0.0,22859,
737,1.6521140651093447e-06,0.0,0.0,22869,
737,,,,22877,2.1916830519330688e-06
738,2.781326884360169e-06,0.0,0.0,22879,
738,1.7858639012047206e-06,0.0,0.0,22889,
738,1.4319354022518382e-06,0.0,0.0,22899,
738,,,,22908,1.7988362515097833e-06
739,1.7530495597384288e-06,0.0,0.0,22909,
739,1.6005377574401791e-06,0.0,0.0,22919,
739,1.4148120044410462e-06,0.0,0.0,22929,
739,8.383124736610625e-07,0.0,0.0,22939,
739,,,,22939,1.5905396821835893e-06
740,1.332691908828565e-06,0.0,0.0,22949,
740,1.3157747389413998e-06,0.0,0.0,22959,
740,1.3702117485081544e-06,0.0,0.0,22969,
740,,,,22970,1.5188666111498605e-06
741,1.909979800984729e-06,0.0,0.0,22979,
741,1.799654341994028e-06,0.0,0.0,22989,
741,2.0795719137822744e-06,0.0,0.0,22999,
741,,,,23001,1.684656240286131e-06
742,1.7954271243070252e-06,0.0,0.0,23009,
742,1.463504645471403e-06,0.0,0.0,23019,
742,1.5437672118423507e-06,0.0,0.0,23029,
742,,,,23032,1.7000895695673535e-06
743,7.502953849325422e-06,0.0,0.0,23039,
743,3.306012558823568e-06,0.0,0.0,23049,
743,2.5752513010957045e-06,0.0,0.0,23059,
743,,,,23063,3.049128736165585e-06
744,1.0891592864936683e-05,0.0,0.0,23069,
744,2.7859418878506403e-06,0.0,0.0,23079,
744,3.1020383630675497e-06,0.0,0.0,23089,
744,,,,23094,6.3090715229918715e-06
745,1.0075188583869021e-05,0.0,0.0,23099,
745,4.352173618826782e-06,0.0,0.0,23109,
745,2.0001930352009367e-06,0.0,0.0,23119,
745,,,,23125,2.5796127829380566e-06
746,2.7995140499115223e-06,0.0,0.0,23129,
746,1.695884634500544e-06,0.0,0.0,23139,
746,1.3119723689669627e-06,0.0,0.0,23149,
746,,,,23156,1.6471493609060417e-06
747,2.3972945655259537e-06,0.0,0.0,23159,
747,1.7082134036172647e-06,0.0,0.0,23169,
747,1.45555054587021e-06,0.0,0.0,23179,
747,,,,23187,1.617127509234706e-06
748,2.11416841011669e-06,0.0,0.0,23189,
748,1.5651003195671365e-06,0.0,0.0,23199,
748,1.8136687458536471e-06,0.0,0.0,23209,
748,,,,23218,2.115350298481644e-06
749,2.037741523963632e-06,0.0,0.0,23219,
749,2.769511183942086e-06,0.0,0.0,23229,
749,3.415427727304632e-06,0.0,0.0,23239,
749,1.4393972378456965e-06,0.0,0.0,23249,
749,,,,23249,2.212187837358215e-06
750,2.2534643449034775e-06,0.0,0.0,23259,
750,1.564915919516352e-06,0.0,0.0,23269,
750,1.426638391421875e-06,0.0,0.0,23279,
750,,,,23280,1.6301963796649943e-06
751,1.6384985883632908e-06,0.0,0.0,23289,
751,1.6176246617760626e-06,0.0,0.0,23299,
751,1.5966252249199897e-06,0.0,0.0,23309,
751,,,,23311,1.7736309700921993e-06
752,1.6649291865178384e-06,0.0,0.0,23319,
752,1.7421406255380134e-06,0.0,0.0,23329,
752,1.4756811879124143e-06,0.0,0.0,23339,
752,,,,23342,1.5148237935136422e-06
753,6.163856596685946e-06,0.0,0.0,23349,
753,2.4119049157889094e-06,0.0,0.0,23359,
753,1.9514316136337584e-06,0.0,0.0,23369,
753,,,,23373,2.3815703116270015e-06
754,6.707507964165416e-06,0.0,0.0,23379,
754,2.6941665964841377e-06,0.0,0.0,23389,
754,1.4483854329228052e-06,0.0,0.0,23399,
754,,,,23404,3.3964847716561053e-06
755,5.205625711823814e-06,0.0,0.0,23409,
755,3.8540638342965394e-06,0.0,0.0,23419,
755,2.551487796154106e-06,0.0,0.0,23429,
755,,,,23435,2.5872629976220196e-06
756,8.098677426460199e-06,0.0,0.0,23439,
756,2.392004716966767e-06,0.0,0.0,23449,
756,1.6949280734479544e-06,0.0,0.0,23459,
756,,,,23466,2.27416740017361e-06
757,2.8671622658293927e-06,0.0,0.0,23469,
757,1.976641897272202e-06,0.0,0.0,23479,
757,1.4722434116265504e-06,0.0,0.0,23489,
757,,,,23497,2.1964142433716916e-06
758,2.9688260383409215e-06,0.0,0.0,23499,
758,2.2865897335577756e-06,0.0,0.0,23509,
758,3.967444627051009e-06,0.0,0.0,23519,
758,,,,23528,2.0870340904366458e-06
759,2.0377508462843252e-06,0.0,0.0,23529,
759,1.9747753867704887e-06,0.0,0.0,23539,
759,2.32725938076328e-06,0.0,0.0,23549,
759,1.057405256688071e-06,0.0,0.0,23559,
759,,,,23559,2.51527012551378e-06
760,1.6443149206679664e-06,0.0,0.0,23569,
760,2.596711965452414e-06,0.0,0.0,23579,
760,1.5517175597778987e-06,0.0,0.0,23589,
760,,,,23590,1.6649596545903478e-06
761,2.443039193167351e-06,0.0,0.0,23599,
761,1.6316711253239191e-06,0.0,0.0,23609,
761,1.930138296302175e-06,0.0,0.0,23619,
761,,,,23621,2.5235942757717567e-06
762,6.676506018266082e-06,0.0,0.0,23629,
762,2.3881129891378805e-06,0.0,0.0,23639,
762,2.1034743440395687e-06,0.0,0.0,23649,
762,,,,23652,2.780257318590884e-06
763,2.591132761153858e-05,0.0,0.0,23659,
763,8.568014891352504e-06,0.0,0.0,23669,
763,3.5571210901252925e-06,0.0,0.0,23679,
763,,,,23683,4.930432169203414e-06
764,3.293216195743298e-06,0.0,0.0,23689,
764,2.330206825718051e-06,0.0,0.0,23699,
764,1.907108071463881e-06,0.0,0.0,23709,
764,,,,23714,2.0288530322432052e-06
765,1.6336990711351973e-06,0.0,0.0,23719,
765,1.6426009779024753e-06,0.0,0.0,23729,
765,1.4506019851978635e-06,0.0,0.0,23739,
765,,,,23745,1.5950771512507345e-06
766,1.9029732811759459e-06,0.0,0.0,23749,
766,1.50097969253693e-06,0.0,0.0,23759,
766,1.3004993206777726e-06,0.0,0.0,23769,
766,,,,23776,1.541195047138899e-06
767,1.7006378811856848e-06,0.0,0.0,23779,
767,1.450138256586797e-06,0.0,0.0,23789,
767,1.409528408657934e-06,0.0,0.0,23799,
767,,,,23807,1.6204074881898123e-06
768,1.9604576664278284e-06,0.0,0.0,23809,
768,2.4478290470142383e-06,0.0,0.0,23819,
768,2.5314948288723826e-06,0.0,0.0,23829,
768,,,,23838,2.3274953946383903e-06
769,2.2579022243007785e-06,0.0,0.0,23839,
769,2.5334049951197812e-06,0.0,0.0,23849,
769,2.6797642931342125e-06,0.0,0.0,23859,
769,1.0589471912680892e-06,0.0,0.0,23869,
769,,,,23869,2.4385815322602866e-06
770,1.5902430732239736e-06,0.0,0.0,23879,
770,1.7801376088755205e-06,0.0,0.0,23889,
770,1.380325898026058e-06,0.0,0.0,23899,
770,,,,23900,1.6291356814690516e-06
771,1.496595359640196e-06,0.0,0.0,23909,
771,1.4231395653041545e-06,0.0,0.0,23919,
771,1.3723972642765148e-06,0.0,0.0,23929,
771,,,,23931,1.5546869462923496e-06
772,2.252081003462081e-06,0.0,0.0,23939,
772,1.6233846054092282e-06,0.0,0.0,23949,
772,1.522178422419529e-06,0.0,0.0,23959,
772,,,,23962,1.7959245042220573e-06
773,1.6248312022071332e-05,0.0,0.0,23969,
773,4.522498784353957e-06,0.0,0.0,23979,
773,5.500756742549129e-06,0.0,0.0,23989,
773,,,,23993,5.850918569194619e-06
774,5.974292889732169e-06,0.0,0.0,23999,
774,2.996414877998177e-06,0.0,0.0,24009,
774,2.341166918995441e-06,0.0,0.0,24019,
774,,,,24024,3.6531050682242494e-06
775,3.197110572727979e-06,0.0,0.0,24029,
775,2.0890447558485903e-06,0.0,0.0,24039,
775,1.8974991462528124e-06,0.0,0.0,24049,
775,,,,24055,2.4479347757733194e-06
776,2.0794823285541497e-06,0.0,0.0,24059,
776,1.4912507140252274e-06,0.0,0.0,24069,
776,1.3447164519675425e-06,0.0,0.0,24079,
776,,,,24086,1.6713289596737013e-06
777,2.2532551611220697e-06,0.0,0.0,24089,
777,1.410298636983498e-06,0.0,0.0,24099,
777,1.2144781749157119e-06,0.0,0.0,24109,
777,,,,24117,1.7825551594796707e-06
778,2.4005698833207134e-06,0.0,0.0,24119,
778,1.9938534023822285e-06,0.0,0.0,24129,
778,1.4323571804197854e-06,0.0,0.0,24139,
778,,,,24148,1.8284496263731853e-06
779,1.7788360082704457e-06,0.0,0.0,24149,
779,2.457665914334939e-06,0.0,0.0,24159,
779,1.927164930748404e-06,0.0,0.0,24169,
779,9.84815869742306e-07,0.0,0.0,24179,
779,,,,24179,2.5997439934144495e-06
780,2.840239176293835e-06,0.0,0.0,24189,
780,2.63846482084773e-06,0.0,0.0,24199,
780,1.7302864989687805e-06,0.0,0.0,24209,
780,,,,24210,1.8976274986926e-06
781,2.158720008083037e-06,0.0,0.0,24219,
781,3.963844392274041e-06,0.0,0.0,24229,
781,1.7591166852071183e-06,0.0,0.0,24239,
781,,,,24241,2.8430465590645326e-06
782,2.9870438993384596e-06,0.0,0.0,24249,
782,1.6704361769370735e-06,0.0,0.0,24259,
782,1.4189022294885945e-06,0.0,0.0,24269,
782,,,,24272,2.0844929622398922e-06
783,2.467300419084495e-06,0.0,0.0,24279,
783,1.968755668713129e-06,0.0,0.0,24289,
783,1.4196247093423153e-06,0.0,0.0,24299,
783,,,,24303,1.8943197801490896e-06
784,5.700265319319442e-06,0.0,0.0,24309,
784,2.2654887743556174e-06,0.0,0.0,24319,
784,1.8645254158400348e-06,0.0,0.0,24329,
784,,,,24334,2.056047605947242e-06
785,2.0052279978699517e-06,0.0,0.0,24339,
785,1.3636361018143361e-06,0.0,0.0,24349,
785,1.2997397789149545e-06,0.0,0.0,24359,
785,,,,24365,1.4894815194566036e-06
786,2.3353786673396826e-06,0.0,0.0,24369,
786,1.894110141620331e-06,0.0,0.0,24379,
786,1.3126835938237491e-06,0.0,0.0,24389,
786,,,,24396,1.5610850141456467e-06
787,1.95333814190235e-06,0.0,0.0,24399,
787,2.071246399282245e-06,0.0,0.0,24409,
787,1.499119548498129e-06,0.0,0.0,24419,
787,,,,24427,2.1788227968499996e-06
788,3.672502998597338e-06,0.0,0.0,24429,
788,3.811817805399187e-06,0.0,0.0,24439,
788,1.6368269371014321e-06,0.0,0.0,24449,
788,,,,24458,2.3729039639874827e-06
789,2.3271081772691105e-06,0.0,0.0,24459,
789,2.032651082117809e-06,0.0,0.0,24469,
789,3.827150521829026e-06,0.0,0.0,24479,
789,1.2186466165076126e-06,0.0,0.0,24489,
789,,,,24489,2.030752966675209e-06
790,2.1016858227085322e-06,0.0,0.0,24499,
790,2.0050315470143687e-06,0.0,0.0,24509,
790,2.069247784675099e-06,0.0,0.0,24519,
790,,,,24520,2.1303867470123805e-06
791,2.898478442148189e-06,0.0,0.0,24529,
791,2.235175998066552e-06,0.0,0.0,24539,
791,2.747256530710729e-06,0.0,0.0,24549,
791,,,,24551,2.627926960485638e-06
792,2.728745357671869e-06,0.0,0.0,24559,
792,1.8367636585026048e-06,0.0,0.0,24569,
792,1.8268279973199242e-06,0.0,0.0,24579,
792,,,,24582,2.052404852292966e-06
793,6.226404366316274e-06,0.0,0.0,24589,
793,3.082410103161237e-06,0.0,0.0,24599,
793,1.614355824131053e-06,0.0,0.0,24609,
793,,,,24613,2.6808154416357866e-06
794,8.277358574559912e-06,0.0,0.0,24619,
794,3.735603968380019e-06,0.0,0.0,24629,
794,4.535639163805172e-06,0.0,0.0,24639,
794,,,,24644,2.4580801891715964e-06
795,7.023470516287489e-06,0.0,0.0,24649,
795,1.7896285271490342e-06,0.0,0.0,24659,
795,1.333874934061896e-06,0.0,0.0,24669,
795,,,,24675,1.986055622182903e-06
796,3.208666612408706e-06,0.0,0.0,24679,
796,1.5737881540189846e-06,0.0,0.0,24689,
796,1.2496370800363366e-06,0.0,0.0,24699,
796,,,,24706,1.6565470559726236e-06
797,3.2269144867314026e-06,0.0,0.0,24709,
797,1.8257682086186833e-06,0.0,0.0,24719,
797,1.1851839190057945e-06,0.0,0.0,24729,
797,,,,24737,1.7043824982465594e-06
798,2.724281785049243e-06,0.0,0.0,24739,
798,2.8415665838110726e-06,0.0,0.0,24749,
798,1.751536842675705e-06,0.0,0.0,24759,
798,,,,24768,1.737417051117518e-06
799,1.6985761703836033e-06,0.0,0.0,24769,
799,3.080898295593215e-06,0.0,0.0,24779,
799,1.393401817040285e-06,0.0,0.0,24789,
799,7.322863666558987e-07,0.0,0.0,24799,
799,,,,24799,1.60038302965404e-06
800,3.0737583074369468e-06,0.0,0.0,24809,
800,1.9291981061542174e-06,0.0,0.0,24819,
800,2.5955471301131183e-06,0.0,0.0,24829,
800,,,,24830,2.2109497876954265e-06
801,4.130424713366665e-06,0.0,0.0,24839,
801,1.9008724621016881e-06,0.0,0.0,24849,
801,2.5343911147501785e-06,0.0,0.0,24859,
801,,,,24861,2.5992044356826227e-06
802,7.161313988035545e-06,0.0,0.0,24869,
802,2.490560518708662e-06,0.0,0.0,24879,
802,2.110496325258282e-06,0.0,0.0,24889,
802,,,,24892,2.702540314203361e-06
803,5.596519258688204e-06,0.0,0.0,24899,
803,2.2166491362440865e-06,0.0,0.0,24909,
803,1.43627744364494e-06,0.0,0.0,24919,
803,,,,24923,1.5190933027042774e-06
804,2.857258550648112e-06,0.0,0.0,24929,
804,1.613764084140712e-06,0.0,0.0,24939,
804,1.3236375480119023e-06,0.0,0.0,24949,
804,,,,24954,2.0184400000289315e-06
805,4.061580057168612e-06,0.0,0.0,24959,
805,2.3085051452653715e-06,0.0,0.0,24969,
805,1.6840189118738635e-06,0.0,0.0,24979,
805,,,,24985,1.9614251414168393e-06
806,2.2300159798760433e-06,0.0,0.0,24989,
806,1.5013208667369327e-06,0.0,0.0,24999,
806,1.3009008625886054e-06,0.0,0.0,25009,
806,,,,25016,1.5135441344682476e-06
807,2.4339467472600518e-06,0.0,0.0,25019,
807,1.8020921288552927e-06,0.0,0.0,25029,
807,1.5733241980342427e-06,0.0,0.0,25039,
807,,,,25047,1.7865536392491776e-06
808,1.952348611666821e-06,0.0,0.0,25049,
808,2.0638594833144452e-06,0.0,0.0,25059,
808,1.4531253782479325e-06,0.0,0.0,25069,
808,,,,25078,2.5588126391085098e-06
809,2.515406549719046e-06,0.0,0.0,25079,
809,5.580302968155593e-06,0.0,0.0,25089,
809,3.0611136025981978e-06,0.0,0.0,25099,
809,2.4767355171206873e-06,0.0,0.0,25109,
809,,,,25109,3.6580497635441134e-06
810,7.337437637033872e-06,0.0,0.0,25119,
810,3.851960173051339e-06,0.0,0.0,25129,
810,3.342462150612846e-06,0.0,0.0,25139,
810,,,,25140,3.117026153631741e-06
811,2.2574824924959103e-06,0.0,0.0,25149,
811,2.2437222924054367e-06,0.0,0.0,25159,
811,1.5623921854057699e-06,0.0,0.0,25169,
811,,,,25171,2.1993510017637163e-06
812,1.4530519365507644e-06,0.0,0.0,25179,
812,1.670722667768132e-06,0.0,0.0,25189,
812,1.3216258594184183e-06,0.0,0.0,25199,
812,,,,25202,1.5875360759309842e-06
813,1.7559434581926325e-06,0.0,0.0,25209,
813,1.4749690535609261e-06,0.0,0.0,25219,
813,1.424879087608133e-06,0.0,0.0,25229,
813,,,,25233,1.5155608252825914e-06
814,1.7368843145959545e-06,0.0,0.0,25239,
814,1.528113443782786e-06,0.0,0.0,25249,
814,1.1453658999016625e-06,0.0,0.0,25259,
814,,,,25264,1.3840958672517445e-06
815,2.288038103870349e-06,0.0,0.0,25269,
815,2.0006987142551225e-06,0.0,0.0,25279,
815,1.6783415048848838e-06,0.0,0.0,25289,
815,,,,25295,3.3197250104421983e-06
816,1.342677296634065e-05,0.0,0.0,25299,
816,6.713401035085553e-06,0.0,0.0,25309,
816,3.1772492548043374e-06,0.0,0.0,25319,
816,,,,25326,4.448200797924073e-06
817,7.215335699584102e-06,0.0,0.0,25329,
817,2.796778062474914e-06,0.0,0.0,25339,
817,1.5829101585040917e-06,0.0,0.0,25349,
817,,,,25357,2.4630860480101546e-06
818,4.526908014668152e-06,0.0,0.0,25359,
818,1.5434875422215555e-06,0.0,0.0,25369,
818,1.3059503771728487e-06,0.0,0.0,25379,
818,,,,25388,1.6998335468088044e-06
819,1.6599844911979744e-06,0.0,0.0,25389,
819,1.384972847517929e-06,0.0,0.0,25399,
819,1.2263990356586874e-06,0.0,0.0,25409,
819,7.754451871733181e-07,0.0,0.0,25419,
819,,,,25419,1.4793678246860509e-06
820,1.3689547131434665e-06,0.0,0.0,25429,
820,1.3622244523503468e-06,0.0,0.0,25439,
820,1.3015852573516895e-06,0.0,0.0,25449,
820,,,,25450,1.6085523384390399e-06
821,2.3112645521905506e-06,0.0,0.0,25459,
821,1.425364644092042e-06,0.0,0.0,25469,
821,1.4374280681295204e-06,0.0,0.0,25479,
821,,,,25481,1.545683630865824e-06
822,7.090257895470131e-06,0.0,0.0,25489,
822,1.802208771550795e-06,0.0,0.0,25499,
822,2.330509687453741e-06,0.0,0.0,25509,
822,,,,25512,2.6828026875591604e-06
823,5.841000529471785e-06,0.0,0.0,25519,
823,1.8030829096460366e-06,0.0,0.0,25529,
823,2.0779480109922588e-06,0.0,0.0,25539,
823,,,,25543,2.456654328852892e-06
824,3.592085704440251e-06,0.0,0.0,25549,
824,1.551935952193162e-06,0.0,0.0,25559,
824,1.2607711141754407e-06,0.0,0.0,25569,
824,,,,25574,1.4779019466004684e-06
825,2.0661952930822736e-06,0.0,0.0,25579,
825,1.2229836556798546e-06,0.0,0.0,25589,
825,1.2652251371036982e-06,0.0,0.0,25599,
825,,,,25605,1.5102468751138076e-06
826,1.7933803064806852e-06,0.0,0.0,25609,
826,1.4940080745873274e-06,0.0,0.0,25619,
826,1.157093606707349e-06,0.0,0.0,25629,
826,,,,25636,1.7280329984714626e-06
827,3.080478563788347e-06,0.0,0.0,25639,
827,2.9960149277030723e-06,0.0,0.0,25649,
827,1.8150492451241007e-06,0.0,0.0,25659,
827,,,,25667,2.964029818031122e-06
828,5.444362614070997e-06,0.0,0.0,25669,
828,3.150579686916899e-06,0.0,0.0,25679,
828,3.3467429148004157e-06,0.0,0.0,25689,
828,,,,25698,2.7340474844095297e-06
829,2.6930354124488076e-06,0.0,0.0,25699,
829,4.157788225711556e-06,0.0,0.0,25709,
829,2.3245720512932166e-06,0.0,0.0,25719,
829,1.3681153632205678e-06,0.0,0.0,25729,
829,,,,25729,2.6833658921532333e-06
830,2.430699623801047e-06,0.0,0.0,25739,
830,1.8367355778536876e-06,0.0,0.0,25749,
830,1.6511368130522897e-06,0.0,0.0,25759,
830,,,,25760,2.0220554688421544e-06
831,1.992479838008876e-06,0.0,0.0,25769,
831,1.3796041002933634e-06,0.0,0.0,25779,
831,1.3457386103254976e-06,0.0,0.0,25789,
831,,,,25791,2.0758436676260317e-06
832,4.372358944237931e-06,0.0,0.0,25799,
832,1.650835315558652e-06,0.0,0.0,25809,
832,2.867227067326894e-06,0.0,0.0,25819,
832,,,,25822,1.8186766510552843e-06
833,2.278179863424157e-06,0.0,0.0,25829,
833,1.47146602103021e-06,0.0,0.0,25839,
833,1.2740745205519488e-06,0.0,0.0,25849,
833,,,,25853,1.6650574252707884e-06
834,3.257386424593278e-06,0.0,0.0,25859,
834,1.4687284419778734e-06,0.0,0.0,25869,
834,1.377514195155527e-06,0.0,0.0,25879,
834,,,,25884,1.7408285657438682e-06
835,4.860161425312981e-06,0.0,0.0,25889,
835,1.6604337815806502e-06,0.0,0.0,25899,
835,1.5774305666127475e-06,0.0,0.0,25909,
835,,,,25915,1.8172228237745003e-06
836,6.738676347595174e-06,0.0,0.0,25919,
836,4.550294761429541e-06,0.0,0.0,25929,
836,2.294882506248541e-06,0.0,0.0,25939,
836,,,,25946,3.9750361793267075e-06
837,7.249323061842006e-06,0.0,0.0,25949,
837,1.83255599495169e-06,0.0,0.0,25959,
837,1.342841414953e-06,0.0,0.0,25969,
837,,,,25977,1.9374167550267885e-06
838,3.0973208140494535e-06,0.0,0.0,25979,
838,2.2354804514179705e-06,0.0,0.0,25989,
838,1.6483571698699961e-06,0.0,0.0,25999,
838,,,,26008,2.3222733034344856e-06
839,2.2835383788333274e-06,0.0,0.0,26009,
839,1.7429842955607455e-06,0.0,0.0,26019,
839,1.5516812936766655e-06,0.0,0.0,26029,
839,8.15570331269555e-07,0.0,0.0,26039,
839,,,,26039,1.711521576908126e-06
840,2.0053796561114723e-06,0.0,0.0,26049,
840,1.8814955637935782e-06,0.0,0.0,26059,
840,1.3994711025588913e-06,0.0,0.0,26069,
840,,,,26070,1.6409113641202566e-06
841,8.661689207656309e-06,0.0,0.0,26079,
841,3.7496483855647966e-06,0.0,0.0,26089,
841,3.376851964276284e-06,0.0,0.0,26099,
841,,,,26101,3.6568212635756936e-06
842,2.400386620138306e-06,0.0,0.0,26109,
842,1.6759693153289845e-06,0.0,0.0,26119,
842,1.4134524235487333e-06,0.0,0.0,26129,
842,,,,26132,1.821925025069504e-06
843,2.2835424715594854e-06,0.0,0.0,26139,
843,1.5622931641701143e-06,0.0,0.0,26149,
843,1.142067617365683e-06,0.0,0.0,26159,
843,,,,26163,1.534457169327652e-06
844,2.3105776563170366e-06,0.0,0.0,26169,
844,1.6070659967226675e-06,0.0,0.0,26179,
844,1.2416707022566698e-06,0.0,0.0,26189,
844,,,,26194,1.930919097503647e-06
845,2.762865278782556e-06,0.0,0.0,26199,
845,2.282763489347417e-06,0.0,0.0,26209,
845,1.5736181921965908e-06,0.0,0.0,26219,
845,,,,26225,2.1880448457523016e-06
846,7.914139132481068e-06,0.0,0.0,26229,
846,3.1825970836507622e-06,0.0,0.0,26239,
846,1.762309125297179e-06,0.0,0.0,26249,
846,,,,26256,2.3007339677860728e-06
847,5.1587799134722445e-06,0.0,0.0,26259,
847,3.0884384614182636e-06,0.0,0.0,26269,
847,2.054784090432804e-06,0.0,0.0,26279,
847,,,,26287,1.7168696331282263e-06
848,2.589114501461154e-06,0.0,0.0,26289,
848,1.512668404757278e-06,0.0,0.0,26299,
848,1.6054897287176573e-06,0.0,0.0,26309,
848,,,,26318,1.4214363091014093e-06
849,1.3734165804635268e-06,0.0,0.0,26319,
849,1.7332130255454103e-06,0.0,0.0,26329,
849,3.3134067507489817e-06,0.0,0.0,26339,
849,7.995560054041562e-07,0.0,0.0,26349,
849,,,,26349,1.680368995948811e-06
850,1.392649210174568e-06,0.0,0.0,26359,
850,1.6092582200144534e-06,0.0,0.0,26369,
850,1.3112211263432982e-06,0.0,0.0,26379,
850,,,,26380,1.7539985037728911e-06
851,1.6730525658203987e-06,0.0,0.0,26389,
851,1.978756927201175e-06,0.0,0.0,26399,
851,1.5114486586753628e-06,0.0,0.0,26409,
851,,,,26411,1.983975607799948e-06
852,2.637791112647392e-06,0.0,0.0,26419,
852,2.1714422473451123e-06,0.0,0.0,26429,
852,1.4414337101698038e-06,0.0,0.0,26439,
852,,,,26442,2.399132199570886e-06
853,3.081848262809217e-06,0.0,0.0,26449,
853,1.8096828853231273e-06,0.0,0.0,26459,
853,1.3425606084638275e-06,0.0,0.0,26469,
853,,,,26473,2.333350039407378e-06
854,5.786483598058112e-06,0.0,0.0,26479,
854,3.193025122527615e-06,0.0,0.0,26489,
854,1.3725831422561896e-06,0.0,0.0,26499,
854,,,,26504,3.2510167784494115e-06
855,3.5152365853718948e-06,0.0,0.0,26509,
855,2.250110128443339e-06,0.0,0.0,26519,
855,1.6033061456255382e-06,0.0,0.0,26529,
855,,,,26535,2.6148854885832407e-06
856,1.1152475053677335e-05,0.0,0.0,26539,
856,5.830736881762277e-06,0.0,0.0,26549,
856,3.095978627243312e-06,0.0,0.0,26559,
856,,,,26566,3.2173645649891114e-06
857,9.285881787945982e-06,0.0,0.0,26569,
857,2.2332383196044248e-06,0.0,0.0,26579,
857,1.3777698768535629e-06,0.0,0.0,26589,
857,,,,26597,2.254177616123343e-06
858,4.433259164215997e-06,0.0,0.0,26599,
858,1.4547845239576418e-06,0.0,0.0,26609,
858,1.1796106491601677e-06,0.0,0.0,26619,
858,,,,26628,1.4433492196985753e-06
859,1.4071018767936039e-06,0.0,0.0,26629,
859,1.5271243682946078e-06,0.0,0.0,26639,
859,1.38570430863183e-06,0.0,0.0,26649,
859,6.829502581240376e-07,0.0,0.0,26659,
859,,,,26659,1.3059194543529884e-06
860,1.140265794674633e-06,0.0,0.0,26669,
860,1.1710959597621695e-06,0.0,0.0,26679,
860,1.1646558277789154e-06,0.0,0.0,26689,
860,,,,26690,1.4969523363106418e-06
861,1.5516765188294812e-06,0.0,0.0,26699,
861,1.6757205685280496e-06,0.0,0.0,26709,
861,1.3209671578806592e-06,0.0,0.0,26719,
861,,,,26721,1.6167431340363692e-06
862,5.524432708625682e-06,0.0,0.0,26729,
862,2.6700133730628295e-06,0.0,0.0,26739,
862,1.9278838863101555e-06,0.0,0.0,26749,
862,,,,26752,1.6876753079486662e-06
863,1.2614398656296544e-05,0.0,0.0,26759,
863,3.673830633488251e-06,0.0,0.0,26769,
863,2.1636326437146636e-06,0.0,0.0,26779,
863,,,,26783,3.715681032190332e-06
864,4.287601768737659e-06,0.0,0.0,26789,
864,1.931656697706785e-06,0.0,0.0,26799,
864,1.56298096953833e-06,0.0,0.0,26809,
864,,,,26814,2.260459268654813e-06
865,5.123315531818662e-06,0.0,0.0,26819,
865,1.2584384876390686e-06,0.0,0.0,26829,
865,1.1727328228516853e-06,0.0,0.0,26839,
865,,,,26845,1.4689369436382549e-06
866,3.4184583910246147e-06,0.0,0.0,26849,
866,1.4570164239557926e-06,0.0,0.0,26859,
866,1.164807940767787e-06,0.0,0.0,26869,
866,,,,26876,1.8399471173324855e-06
867,2.139338675988256e-06,0.0,0.0,26879,
867,1.5654119351893314e-06,0.0,0.0,26889,
867,1.1050696002712357e-06,0.0,0.0,26899,
867,,,,26907,1.7800390423872159e-06
868,2.60786487160658e-06,0.0,0.0,26909,
868,2.8152737741038436e-06,0.0,0.0,26919,
868,1.4046296428205096e-06,0.0,0.0,26929,
868,,,,26938,3.6234423532732762e-06
869,3.565026418073103e-06,0.0,0.0,26939,
869,3.6554069993144367e-06,0.0,0.0,26949,
869,2.3326613245444605e-06,0.0,0.0,26959,
869,7.748441248622839e-07,0.0,0.0,26969,
869,,,,26969,2.0277429939596914e-06
870,1.7415366073691985e-06,0.0,0.0,26979,
870,1.9686003724928014e-06,0.0,0.0,26989,
870,1.2246740652699373e-06,0.0,0.0,26999,
870,,,,27000,1.3245170293885167e-06
871,2.10642974707298e-06,0.0,0.0,27009,
871,2.2891417756909505e-06,0.0,0.0,27019,
871,1.131215299210453e-06,0.0,0.0,27029,
871,,,,27031,1.3972336319056922e-06
872,3.2363263926526997e-06,0.0,0.0,27039,
872,2.0197287540213438e-06,0.0,0.0,27049,
872,1.2792443158105016e-06,0.0,0.0,27059,
872,,,,27062,1.2282454235901241e-06
873,2.5128690595010994e-06,0.0,0.0,27069,
873,1.429443955203169e-06,0.0,0.0,27079,
873,1.2531735364973429e-06,0.0,0.0,27089,
873,,,,27093,1.4326138852993608e-06
874,9.11325969354948e-06,0.0,0.0,27099,
874,6.331003987725126e-06,0.0,0.0,27109,
874,3.1887745990388794e-06,0.0,0.0,27119,
874,,,,27124,2.4434436909359647e-06
875,3.95709821532364e-06,0.0,0.0,27129,
875,2.1267362626531394e-06,0.0,0.0,27139,
875,1.2872045545009314e-06,0.0,0.0,27149,
875,,,,27155,1.4757532653675298e-06
876,1.7581451174919493e-06,0.0,0.0,27159,
876,1.6495927184223547e-06,0.0,0.0,27169,
876,1.0309935305485851e-06,0.0,0.0,27179,
876,,,,27186,1.3807919003738789e-06
877,2.0951197257090826e-06,0.0,0.0,27189,
877,1.3022399798501283e-06,0.0,0.0,27199,
877,1.0037625770564773e-06,0.0,0.0,27209,
877,,,,27217,1.141746224675444e-06
878,1.3341863223104156e-06,0.0,0.0,27219,
878,1.2679491874223459e-06,0.0,0.0,27229,
878,1.4361552302943892e-06,0.0,0.0,27239,
878,,,,27248,2.1150574411876732e-06
879,2.0801746813958744e-06,0.0,0.0,27249,
879,3.1368881536764093e-06,0.0,0.0,27259,
879,1.9964065813837806e-06,0.0,0.0,27269,
879,1.0562692978055566e-06,0.0,0.0,27279,
879,,,,27279,1.8457780015523895e-06
880,1.2882065902886097e-06,0.0,0.0,27289,
880,1.1757560969272163e-06,0.0,0.0,27299,
880,1.2171226444479544e-06,0.0,0.0,27309,
880,,,,27310,2.2889314550411655e-06
881,1.4839175491943024e-05,0.0,0.0,27319,
881,3.0758753837289987e-06,0.0,0.0,27329,
881,4.666463610192295e-06,0.0,0.0,27339,
881,,,,27341,3.1335466701420955e-06
882,2.2781921416026307e-06,0.0,0.0,27349,
882,1.5964002386681386e-06,0.0,0.0,27359,
882,1.2556320143630728e-06,0.0,0.0,27369,
882,,,,27372,1.5588681208100752e-06
883,2.3331472220888827e-06,0.0,0.0,27379,
883,1.5143978089326993e-06,0.0,0.0,27389,
883,1.3609848110718303e-06,0.0,0.0,27399,
883,,,,27403,1.6901780099942698e-06
884,1.8560092485131463e-06,0.0,0.0,27409,
884,1.2953370287505095e-06,0.0,0.0,27419,
884,1.179241735371761e-06,0.0,0.0,27429,
884,,,,27434,1.6173547692233115e-06
885,2.6717971195466816e-06,0.0,0.0,27439,
885,1.7272294599024463e-06,0.0,0.0,27449,
885,1.318658632953884e-06,0.0,0.0,27459,
885,,,,27465,2.277443400089396e-06
886,6.0119368754385505e-06,0.0,0.0,27469,
886,3.7910933770035626e-06,0.0,0.0,27479,
886,2.083316076095798e-06,0.0,0.0,27489,
886,,,,27496,3.99785540139419e-06
887,4.904364686808549e-06,0.0,0.0,27499,
887,2.685924982870347e-06,0.0,0.0,27509,
887,1.818846271817165e-06,0.0,0.0,27519,
887,,,,27527,2.175636382162338e-06
888,3.833265509456396e-06,0.0,0.0,27529,
888,5.338138635124778e-06,0.0,0.0,27539,
888,2.0482964373513823e-06,0.0,0.0,27549,
888,,,,27558,3.969669705838896e-06
889,3.891452251991723e-06,0.0,0.0,27559,
889,2.4239955109806033e-06,0.0,0.0,27569,
889,1.7368168983011856e-06,0.0,0.0,27579,
889,1.0487879080756102e-06,0.0,0.0,27589,
889,,,,27589,2.2619451556238346e-06
890,1.3184910585550824e-06,0.0,0.0,27599,
890,1.4049621768208453e-06,0.0,0.0,27609,
890,1.1742342849174747e-06,0.0,0.0,27619,
890,,,,27620,2.294796331625548e-06
891,1.3041147894909955e-06,0.0,0.0,27629,
891,1.4531677834384027e-06,0.0,0.0,27639,
891,1.1632383802862023e-06,0.0,0.0,27649,
891,,,,27651,1.4626007214246783e-06
892,1.3478630762620014e-06,0.0,0.0,27659,
892,1.2259172308404231e-06,0.0,0.0,27669,
892,1.0639097354214755e-06,0.0,0.0,27679,
892,,,,27682,1.3697812164537027e-06
893,2.5212395939888665e-06,0.0,0.0,27689,
893,1.2408722795953508e-06,0.0,0.0,27699,
893,1.2980685824004468e-06,0.0,0.0,27709,
893,,,,27713,1.6010005765565438e-06
894,1.564506305840041e-06,0.0,0.0,27719,
894,1.1581743137867306e-06,0.0,0.0,27729,
894,1.1073639143432956e-06,0.0,0.0,27739,
894,,,,27744,1.3961622471470037e-06
895,2.176590896851849e-06,0.0,0.0,27749,
895,1.3110146710459958e-06,0.0,0.0,27759,
895,1.4296850849859766e-06,0.0,0.0,27769,
895,,,,27775,1.6640170770187979e-06
896,6.446296993090073e-06,0.0,0.0,27779,
896,2.4999919787660474e-06,0.0,0.0,27789,
896,1.7016227502608672e-06,0.0,0.0,27799,
896,,,,27806,2.7936705464526312e-06
897,5.133817467140034e-06,0.0,0.0,27809,
897,2.3599693577125436e-06,0.0,0.0,27819,
897,1.3978766446598456e-06,0.0,0.0,27829,
897,,,,27837,1.7023063492160873e-06
898,3.2492946502316045e-06,0.0,0.0,27839,
898,1.7487701597929117e-06,0.0,0.0,27849,
898,2.672935579539626e-06,0.0,0.0,27859,
898,,,,27868,1.7040201782947406e-06
899,1.6579701878072228e-06,0.0,0.0,27869,
899,2.1218183974269778e-06,0.0,0.0,27879,
899,1.965930550795747e-06,0.0,0.0,27889,
899,1.299508880947542e-06,0.0,0.0,27899,
899,,,,27899,1.860509769358032e-06
900,2.399464165137033e-06,0.0,0.0,27909,
900,7.557439403171884e-06,0.0,0.0,27919,
900,3.3833437100838637e-06,0.0,0.0,27929,
900,,,,27930,4.0863119465939235e-06
901,5.7055417528317776e-06,0.0,0.0,27939,
901,4.926934252580395e-06,0.0,0.0,27949,
901,1.6319177120749373e-06,0.0,0.0,27959,
901,,,,27961,2.7282096652925247e-06
902,3.2143611861101817e-06,0.0,0.0,27969,
902,1.4454759593718336e-06,0.0,0.0,27979,
902,1.328501070929633e-06,0.0,0.0,27989,
902,,,,27992,1.5339861647589714e-06
903,1.8192197330790805e-06,0.0,0.0,27999,
903,1.249198703590082e-06,0.0,0.0,28009,
903,1.0478680678716046e-06,0.0,0.0,28019,
903,,,,28023,1.101980501516664e-06
904,1.428091422894795e-06,0.0,0.0,28029,
904,1.0393941920483485e-06,0.0,0.0,28039,
904,9.869610266832751e-07,0.0,0.0,28049,
904,,,,28054,1.041471819007711e-06
905,1.1084940751970862e-06,0.0,0.0,28059,
905,9.4519265303461e-07,0.0,0.0,28069,
905,1.0157733640880906e-06,0.0,0.0,28079,
905,,,,28085,1.3573167052527424e-06
906,2.006764134421246e-06,0.0,0.0,28089,
906,1.2818502455047565e-06,0.0,0.0,28099,
906,1.029151349030144e-06,0.0,0.0,28109,
906,,,,28116,1.7625992541070445e-06
907,3.512847115416662e-06,0.0,0.0,28119,
907,3.5303148706589127e-06,0.0,0.0,28129,
907,2.266996716571157e-06,0.0,0.0,28139,
907,,,,28147,2.75761181001144e-06
908,6.960345217521535e-06,0.0,0.0,28149,
908,2.3352251901087584e-06,0.0,0.0,28159,
908,1.778686055331491e-06,0.0,0.0,28169,
908,,,,28178,1.9242822872911347e-06
909,1.8747971353150206e-06,0.0,0.0,28179,
909,1.67107953075174e-06,0.0,0.0,28189,
909,1.547025135550939e-06,0.0,0.0,28199,
909,6.769500942027662e-07,0.0,0.0,28209,
909,,,,28209,1.470297206651594e-06
910,1.1984884622506797e-06,0.0,0.0,28219,
910,1.1447590395619045e-06,0.0,0.0,28229,
910,1.1217639439564664e-06,0.0,0.0,28239,
910,,,,28240,1.2326779597060522e-06
911,1.047215732796758e-06,0.0,0.0,28249,
911,1.1195178331036004e-06,0.0,0.0,28259,
911,1.2282582702027867e-06,0.0,0.0,28269,
911,,,,28271,1.6560628637307673e-06
912,1.3518399100576062e-05,0.0,0.0,28279,
912,2.5599540549592348e-06,0.0,0.0,28289,
912,4.642908152163727e-06,0.0,0.0,28299,
912,,,,28302,3.876121354551287e-06
913,5.519826117961202e-06,0.0,0.0,28309,
913,1.7210381884069648e-06,0.0,0.0,28319,
913,1.895035893539898e-06,0.0,0.0,28329,
913,,,,28333,2.12020609069441e-06
914,2.3621976197318872e-06,0.0,0.0,28339,
914,1.3477482525559026e-06,0.0,0.0,28349,
914,1.3463198911267682e-06,0.0,0.0,28359,
914,,,,28364,1.2792419283869094e-06
915,4.327853275754023e-06,0.0,0.0,28369,
915,3.105457608398865e-06,0.0,0.0,28379,
915,1.7423244571546093e-06,0.0,0.0,28389,
915,,,,28395,2.0829711502301507e-06
916,5.9540320762607735e-06,0.0,0.0,28399,
916,2.364937472520978e-06,0.0,0.0,28409,
916,1.2776332596331486e-06,0.0,0.0,28419,
916,,,,28426,1.6962802646958153e-06
917,3.9398937587975524e-06,0.0,0.0,28429,
917,1.8329070599065744e-06,0.0,0.0,28439,
917,1.1686345260386588e-06,0.0,0.0,28449,
917,,,,28457,1.3992204230817151e-06
918,2.2872354747960344e-06,0.0,0.0,28459,
918,1.137430444941856e-06,0.0,0.0,28469,
918,1.407084710081108e-06,0.0,0.0,28479,
918,,,,28488,1.785824110811518e-06
919,1.7423244571546093e-06,0.0,0.0,28489,
919,3.370116473888629e-06,0.0,0.0,28499,
919,2.1570708668150473e-06,0.0,0.0,28509,
919,6.929469691385748e-07,0.0,0.0,28519,
919,,,,28519,1.3305359516380122e-06
920,5.3806943469680846e-06,0.0,0.0,28529,
920,9.099758244701661e-06,0.0,0.0,28539,
920,2.8967233447474428e-06,0.0,0.0,28549,
920,,,,28550,5.557088115892839e-06
921,6.006178864481626e-06,0.0,0.0,28559,
921,4.825102678296389e-06,0.0,0.0,28569,
921,1.9118610907753464e-06,0.0,0.0,28579,
921,,,,28581,3.121225972790853e-06
922,3.6878930131933885e-06,0.0,0.0,28589,
922,1.724967091831786e-06,0.0,0.0,28599,
922,1.2633576034204452e-06,0.0,0.0,28609,
922,,,,28612,1.3773441196462954e-06
923,1.1347776762704598e-06,0.0,0.0,28619,
923,1.0371068128733896e-06,0.0,0.0,28629,
923,9.61963678491884e-07,0.0,0.0,28639,
923,,,,28643,1.1821194902950083e-06
924,1.0845930091818445e-06,0.0,0.0,28649,
924,1.1147025134050637e-06,0.0,0.0,28659,
924,9.12412701836729e-07,0.0,0.0,28669,
924,,,,28674,1.066604454535991e-06
925,1.319862576565356e-06,0.0,0.0,28679,
925,9.893332162391744e-07,0.0,0.0,28689,
925,9.951768333849031e-07,0.0,0.0,28699,
925,,,,28705,1.0631271152305999e-06
926,1.6031895029300358e-06,0.0,0.0,28709,
926,1.3154473208487616e-06,0.0,0.0,28719,
926,9.451385949432733e-07,0.0,0.0,28729,
926,,,,28736,1.5094167338247644e-06
927,2.7463554488349473e-06,0.0,0.0,28739,
927,2.4134835712175118e-06,0.0,0.0,28749,
927,1.443027940695174e-06,0.0,0.0,28759,
927,,,,28767,2.739443289101473e-06
928,6.1230325627548154e-06,0.0,0.0,28769,
928,6.132142061687773e-06,0.0,0.0,28779,
928,1.6057820175774395e-06,0.0,0.0,28789,
928,,,,28798,3.1993936318031047e-06
929,3.1165293421508977e-06,0.0,0.0,28799,
929,3.6095641462452477e-06,0.0,0.0,28809,
929,1.96731207324774e-06,0.0,0.0,28819,
929,7.907399890427769e-07,0.0,0.0,28829,
929,,,,28829,1.6622545899735996e-06
930,1.1871267133756191e-06,0.0,0.0,28839,
930,1.0511864729778608e-06,0.0,0.0,28849,
930,1.110721882469079e-06,0.0,0.0,28859,
930,,,,28860,1.3780880863123457e-06
931,1.412320102645026e-06,0.0,0.0,28869,
931,1.4447151670538005e-06,0.0,0.0,28879,
931,1.0799649317050353e-06,0.0,0.0,28889,
931,,,,28891,1.0907392606895883e-06
932,1.0748359500212246e-06,0.0,0.0,28899,
932,1.0193581374551286e-06,0.0,0.0,28909,
932,1.029178747558035e-06,0.0,0.0,28919,
932,,,,28922,1.3146635637895088e-06
933,2.1203341020736843e-06,0.0,0.0,28929,
933,1.2741484169964679e-06,0.0,0.0,28939,
933,1.1134187616335112e-06,0.0,0.0,28949,
933,,,,28953,1.3515542605091468e-06
934,2.0384891286084894e-06,0.0,0.0,28959,
934,1.1882294757015188e-06,0.0,0.0,28969,
934,9.921529908751836e-07,0.0,0.0,28979,
934,,,,28984,1.1253200682403985e-06
935,5.093983418191783e-06,0.0,0.0,28989,
935,5.441534085548483e-06,0.0,0.0,28999,
935,1.5172744269875693e-06,0.0,0.0,29009,
935,,,,29015,1.794696231627313e-06
936,2.6645393518265337e-06,0.0,0.0,29019,
936,2.3207542199088493e-06,0.0,0.0,29029,
936,1.1810343494289555e-06,0.0,0.0,29039,
936,,,,29046,3.19281480187783e-06
937,2.9218506369943498e-06,0.0,0.0,29049,
937,2.2058213744458044e-06,0.0,0.0,29059,
937,1.1468724778751493e-06,0.0,0.0,29069,
937,,,,29077,1.9966614672739524e-06
938,3.8944290281506255e-06,0.0,0.0,29079,
938,2.28273938773782e-06,0.0,0.0,29089,
938,1.8188828789789113e-06,0.0,0.0,29099,
938,,,,29108,1.5978454257492558e-06
939,1.572855694575992e-06,0.0,0.0,29109,
939,2.5372607979079476e-06,0.0,0.0,29119,
939,4.003541562269675e-06,0.0,0.0,29129,
939,1.2396600368447253e-06,0.0,0.0,29139,
939,,,,29139,2.5167087187583093e-06
940,1.9405727016419405e-06,0.0,0.0,29149,
940,2.9983923468535068e-06,0.0,0.0,29159,
940,1.630205929359363e-06,0.0,0.0,29169,
940,,,,29170,2.012895265579573e-06
941,3.3528190215292852e-06,0.0,0.0,29179,
941,2.4955547814897727e-06,0.0,0.0,29189,
941,1.2907926247862633e-06,0.0,0.0,29199,
941,,,,29201,1.4186555290507386e-06
942,1.3966537153464742e-06,0.0,0.0,29209,
942,1.0696809340515756e-06,0.0,0.0,29219,
942,1.1061372333642794e-06,0.0,0.0,29229,
942,,,,29232,1.3095294661980006e-06
943,2.3934803721203934e-06,0.0,0.0,29239,
943,1.0892799764405936e-06,0.0,0.0,29249,
943,1.8257908322993899e-06,0.0,0.0,29259,
943,,,,29263,1.375543320136785e-06
944,1.8201578768639592e-06,0.0,0.0,29269,
944,1.1473176755316672e-06,0.0,0.0,29279,
944,1.0702909776227898e-06,0.0,0.0,29289,
944,,,,29294,1.3539112160287914e-06
945,1.6865202496774145e-06,0.0,0.0,29299,
945,1.3665173810295528e-06,0.0,0.0,29309,
945,1.073536736839742e-06,0.0,0.0,29319,
945,,,,29325,1.327420477537089e-06
946,2.2083934254624182e-06,0.0,0.0,29329,
946,2.0647373730753316e-06,0.0,0.0,29339,
946,1.1544669860086287e-06,0.0,0.0,29349,
946,,,,29356,1.9193892057955964e-06
947,6.848199973319424e-06,0.0,0.0,29359,
947,1.3342536476557143e-05,0.0,0.0,29369,
947,4.203433945804136e-06,0.0,0.0,29379,
947,,,,29387,5.086263172415784e-06
948,1.3761347872787155e-05,0.0,0.0,29389,
948,2.9485977393051144e-06,0.0,0.0,29399,
948,2.405824716333882e-06,0.0,0.0,29409,
948,,,,29418,3.745807816812885e-06
949,3.66288304576301e-06,0.0,0.0,29419,
949,1.8891173567681108e-06,0.0,0.0,29429,
949,1.4736630191691802e-06,0.0,0.0,29439,
949,7.274355766639928e-07,0.0,0.0,29449,
949,,,,29449,1.267595848730707e-06
950,1.0349835974921007e-06,0.0,0.0,29459,
950,1.0174408089369535e-06,0.0,0.0,29469,
950,1.0427893357700668e-06,0.0,0.0,29479,
950,,,,29480,1.3583493227997678e-06
951,1.2243003766343463e-06,0.0,0.0,29489,
951,1.0303067483619088e-06,0.0,0.0,29499,
951,9.664539675213746e-07,0.0,0.0,29509,
951,,,,29511,1.165927301371994e-06
952,1.0948646149699925e-06,0.0,0.0,29519,
952,1.0100600320583908e-06,0.0,0.0,29529,
952,1.023639470076887e-06,0.0,0.0,29539,
952,,,,29542,1.0570533959253225e-06
953,1.8355990505369846e-06,0.0,0.0,29549,
953,1.0630810720613226e-06,0.0,0.0,29559,
953,1.1533285260156845e-06,0.0,0.0,29569,
953,,,,29573,1.361552222078899e-06
954,3.5643433875520714e-06,0.0,0.0,29579,
954,1.6241697267105337e-06,0.0,0.0,29589,
954,1.0724752428359352e-06,0.0,0.0,29599,
954,,,,29604,1.606795876796241e-06
955,2.573179017417715e-06,0.0,0.0,29609,
955,1.1149030569868046e-06,0.0,0.0,29619,
955,1.043145744006324e-06,0.0,0.0,29629,
955,,,,29635,1.2594423424161505e-06
956,1.9111430447082967e-06,0.0,0.0,29639,
956,1.5179334695858415e-06,0.0,0.0,29649,
956,1.083014012692729e-06,0.0,0.0,29659,
956,,,,29666,1.5883919104453526e-06
957,2.7270059490547283e-06,0.0,0.0,29669,
957,2.446364760544384e-06,0.0,0.0,29679,
957,1.5762733482915792e-06,0.0,0.0,29689,
957,,,,29697,2.767413434412447e-06
958,4.954683845426189e-06,0.0,0.0,29699,
958,4.612716566043673e-06,0.0,0.0,29709,
958,2.2975896172283683e-06,0.0,0.0,29719,
958,,,,29728,2.8428096356947208e-06
959,2.787867515507969e-06,0.0,0.0,29729,
959,5.255445103102829e-06,0.0,0.0,29739,
959,3.740022748388583e-06,0.0,0.0,29749,
959,2.111308958774316e-06,0.0,0.0,29759,
959,,,,29759,5.438831067294814e-06
960,4.112127044209046e-06,0.0,0.0,29769,
960,6.368127742462093e-06,0.0,0.0,29779,
960,2.7125868200528203e-06,0.0,0.0,29789,
960,,,,29790,4.239176632836461e-06
961,3.577599954951438e-06,0.0,0.0,29799,
961,3.4663300993997836e-06,0.0,0.0,29809,
961,1.7331664139419445e-06,0.0,0.0,29819,
961,,,,29821,2.503224550309824e-06
962,1.991038288906566e-06,0.0,0.0,29829,
962,1.3132419098838e-06,0.0,0.0,29839,
962,1.0788736517497455e-06,0.0,0.0,29849,
962,,,,29852,1.2979486427866505e-06
963,1.008281060421723e-06,0.0,0.0,29859,
963,9.86396685220825e-07,0.0,0.0,29869,
963,9.790338708626223e-07,0.0,0.0,29879,
963,,,,29883,1.1115030247310642e-06
964,9.590498848410789e-07,0.0,0.0,29889,
964,9.730719057188253e-07,0.0,0.0,29899,
964,8.617151934231515e-07,0.0,0.0,29909,
964,,,,29914,1.1573742995096836e-06
965,1.6406680742875324e-06,0.0,0.0,29919,
965,1.0225840014754795e-06,0.0,0.0,29929,
965,9.6295434559579e-07,0.0,0.0,29939,
965,,,,29945,1.1465238003438571e-06
966,2.132181407432654e-06,0.0,0.0,29949,
966,1.8953938933918835e-06,0.0,0.0,29959,
966,1.1248021110077389e-06,0.0,0.0,29969,
966,,,,29976,1.8928769804915646e-06
967,2.6494710709812352e-06,0.0,0.0,29979,
967,1.6600006347289309e-06,0.0,0.0,29989,
967,1.0086934025821392e-06,0.0,0.0,29999,
967,,,,30007,1.8272615989189944e-06
968,2.611443960631732e-06,0.0,0.0,30009,
968,2.0539343950076727e-06,0.0,0.0,30019,
968,2.2555743726115907e-06,0.0,0.0,30029,
968,,,,30038,3.200456148988451e-06
969,3.1481956739298766e-06,0.0,0.0,30039,
969,2.7768860491050873e-06,0.0,0.0,30049,
969,2.074806616292335e-06,0.0,0.0,30059,
969,9.226515658156131e-07,0.0,0.0,30069,
969,,,,30069,1.7619199752516579e-06
970,2.499351467122324e-06,0.0,0.0,30079,
970,2.513391564207268e-06,0.0,0.0,30089,
970,1.8966945845022565e-06,0.0,0.0,30099,
970,,,,30100,1.6939277429628419e-06
971,1.8642588202055776e-06,0.0,0.0,30109,
971,1.1765085901060957e-06,0.0,0.0,30119,
971,1.3229511068857391e-06,0.0,0.0,30129,
971,,,,30131,1.604549311196024e-06
972,5.803548447147477e-06,0.0,0.0,30139,
972,2.2269211967795854e-06,0.0,0.0,30149,
972,2.265181365146418e-06,0.0,0.0,30159,
972,,,,30162,1.4536860817315755e-06
973,1.8876149852076196e-06,0.0,0.0,30169,
973,1.235922240994114e-06,0.0,0.0,30179,
973,1.036353978633997e-06,0.0,0.0,30189,
973,,,,30193,1.3739174846705282e-06
974,4.296714905649424e-06,0.0,0.0,30199,
974,3.2432615171273937e-06,0.0,0.0,30209,
974,1.2536746680780197e-06,0.0,0.0,30219,
974,,,,30224,2.455880803609034e-06
975,1.1313000868540257e-05,0.0,0.0,30229,
975,4.168867235421203e-06,0.0,0.0,30239,
975,2.321301508345641e-06,0.0,0.0,30249,
975,,,,30255,2.7092739856016124e-06
976,4.715881914307829e-06,0.0,0.0,30259,
976,2.011153128478327e-06,0.0,0.0,30269,
976,1.0325501307306695e-06,0.0,0.0,30279,
976,,,,30286,1.685586539679207e-06
977,3.902433491020929e-06,0.0,0.0,30289,
977,1.7170716546388576e-06,0.0,0.0,30299,
977,9.371559599458124e-07,0.0,0.0,30309,
977,,,,30317,1.412909796272288e-06
978,2.833129201462725e-06,0.0,0.0,30319,
978,1.3712207191929338e-06,0.0,0.0,30329,
978,1.1071513199567562e-06,0.0,0.0,30339,
978,,,,30348,1.285685925722646e-06
979,1.2511432032624725e-06,0.0,0.0,30349,
979,1.2125659623052343e-06,0.0,0.0,30359,
979,1.6085467677839915e-06,0.0,0.0,30369,
979,6.163621719679213e-07,0.0,0.0,30379,
979,,,,30379,1.2404736935422989e-06
980,9.488728665019153e-07,0.0,0.0,30389,
980,9.654206678533228e-07,0.0,0.0,30399,
980,9.221170103046461e-07,0.0,0.0,30409,
980,,,,30410,1.2620172356037074e-06
981,1.590165311426972e-06,0.0,0.0,30419,
981,1.113364533011918e-06,0.0,0.0,30429,
981,1.0877134855036275e-06,0.0,0.0,30439,
981,,,,30441,1.010560254144366e-06
982,3.292017254352686e-06,0.0,0.0,30449,
982,1.5465813021364738e-06,0.0,0.0,30459,
982,1.5570899449812714e-06,0.0,0.0,30469,
982,,,,30472,1.4717744534209487e-06
983,1.0971645679092035e-05,0.0,0.0,30479,
983,3.0209021133487113e-06,0.0,0.0,30489,
983,2.3948789475980448e-06,0.0,0.0,30499,
983,,,,30503,5.481995231093606e-06
984,9.359860086988192e-06,0.0,0.0,30509,
984,3.018692041223403e-06,0.0,0.0,30519,
984,1.6379393628085381e-06,0.0,0.0,30529,
984,,,,30534,2.9445943710015854e-06
985,2.658096946106525e-06,0.0,0.0,30539,
985,1.7507323946119868e-06,0.0,0.0,30549,
985,1.0562494026089553e-06,0.0,0.0,30559,
985,,,,30565,1.5541604625468608e-06
986,1.6391718418162782e-06,0.0,0.0,30569,
986,1.1540317927938304e-06,0.0,0.0,30579,
986,8.467957854918495e-07,0.0,0.0,30589,
986,,,,30596,9.888542535918532e-07
987,1.2475159110181266e-06,0.0,0.0,30599,
987,9.303115575676202e-07,0.0,0.0,30609,
987,8.651593361719279e-07,0.0,0.0,30619,
987,,,,30627,1.01792500117881e-06
988,1.155536438091076e-06,0.0,0.0,30629,
988,9.123586437453923e-07,0.0,0.0,30639,
988,9.137422125604644e-07,0.0,0.0,30649,
988,,,,30658,1.0390398301751702e-06
989,1.0090552677866071e-06,0.0,0.0,30659,
989,1.0996169521604315e-06,0.0,0.0,30669,
989,1.342660425507347e-06,0.0,0.0,30679,
989,7.078990051923029e-07,0.0,0.0,30689,
989,,,,30689,1.496118329669116e-06
990,2.626239620440174e-06,0.0,0.0,30699,
990,1.471067434977158e-06,0.0,0.0,30709,
990,1.2131030189266312e-06,0.0,0.0,30719,
990,,,,30720,2.025571802732884e-06
991,1.376213003823068e-05,0.0,0.0,30729,
991,4.184399585938081e-06,0.0,0.0,30739,
991,2.73115688287362e-06,0.0,0.0,30749,
991,,,,30751,3.4112701996491523e-06
992,2.269790002173977e-06,0.0,0.0,30759,
992,2.185488710892969e-06,0.0,0.0,30769,
992,1.3377522236623918e-06,0.0,0.0,30779,
992,,,,30782,1.8603556100060814e-06
993,1.8535200752012315e-06,0.0,0.0,30789,
993,1.3471283182298066e-06,0.0,0.0,30799,
993,1.0601420399325434e-06,0.0,0.0,30809,
993,,,,30813,1.4675923694085213e-06
994,1.8682389963942114e-06,0.0,0.0,30819,
994,1.3526097291105543e-06,0.0,0.0,30829,
994,9.181094355881214e-07,0.0,0.0,30839,
994,,,,30844,1.271036921934865e-06
995,1.3637368283525575e-06,0.0,0.0,30849,
995,1.0605940587993246e-06,0.0,0.0,30859,
995,9.9711303391814e-07,0.0,0.0,30869,
995,,,,30875,1.1698728030751226e-06
996,2.5293775252066553e-06,0.0,0.0,30879,
996,1.8598660744828521e-06,0.0,0.0,30889,
996,1.6847246797624393e-06,0.0,0.0,30899,
996,,,,30906,2.7979922379017808e-06
997,3.1204003789753187e-06,0.0,0.0,30909,
997,1.8700668533710996e-06,0.0,0.0,30919,
997,1.857805841609661e-06,0.0,0.0,30929,
997,,,,30937,2.362430450375541e-06
998,5.289669388730545e-06,0.0,0.0,30939,
998,6.846958058304153e-06,0.0,0.0,30949,
998,1.4278227808972588e-06,0.0,0.0,30959,
998,,,,30968,2.354882326471852e-06
999,2.2860003809910268e-06,0.0,0.0,30969,
999,1.6173046333278762e-06,0.0,0.0,30979,
999,1.3580261111201253e-06,0.0,0.0,30989,
999,6.939807803973963e-07,0.0,0.0,30999,
999,,,,30999,1.6311213357766974e-06
