epoch,loss,skeleton,smooth,step,val_loss
0,0.23115937411785126,0.0,0.0,9,
0,0.1010182723402977,0.0,0.0,19,
0,0.060287751257419586,0.0,0.0,29,
0,,,,30,0.05909961834549904
1,0.05101663991808891,0.0,0.0,39,
1,0.048039697110652924,0.0,0.0,49,
1,0.04536348953843117,0.0,0.0,59,
1,,,,61,0.04455981031060219
2,0.042702626436948776,0.0,0.0,69,
2,0.03647176921367645,0.0,0.0,79,
2,0.03179087117314339,0.0,0.0,89,
2,,,,92,0.03046116791665554
3,0.029790420085191727,0.0,0.0,99,
3,0.0259439367800951,0.0,0.0,109,
3,0.024105457589030266,0.0,0.0,119,
3,,,,123,0.024704333394765854
4,0.023429956287145615,0.0,0.0,129,
4,0.022806543856859207,0.0,0.0,139,
4,0.02143501304090023,0.0,0.0,149,
4,,,,154,0.020033996552228928
5,0.019926922395825386,0.0,0.0,159,
5,0.01776387169957161,0.0,0.0,169,
5,0.017210975289344788,0.0,0.0,179,
5,,,,185,0.016642607748508453
6,0.01587505266070366,0.0,0.0,189,
6,0.01599680818617344,0.0,0.0,199,
6,0.014212570153176785,0.0,0.0,209,
6,,,,216,0.01497017964720726
7,0.014204088598489761,0.0,0.0,219,
7,0.01422355230897665,0.0,0.0,229,
7,0.013735138811171055,0.0,0.0,239,
7,,,,247,0.014009163714945316
8,0.0130466865375638,0.0,0.0,249,
8,0.013447431847453117,0.0,0.0,259,
8,0.01288447342813015,0.0,0.0,269,
8,,,,278,0.013174351304769516
9,0.013066587038338184,0.0,0.0,279,
9,0.01292911171913147,0.0,0.0,289,
9,0.012022768147289753,0.0,0.0,299,
9,0.006878191139549017,0.0,0.0,309,
9,,,,309,0.01251031830906868
10,0.012156828306615353,0.0,0.0,319,
10,0.012077055871486664,0.0,0.0,329,
10,0.011617748998105526,0.0,0.0,339,
10,,,,340,0.011977621354162693
11,0.011380745097994804,0.0,0.0,349,
11,0.011303497478365898,0.0,0.0,359,
11,0.010130210779607296,0.0,0.0,369,
11,,,,371,0.011519329622387886
12,0.011148261837661266,0.0,0.0,379,
12,0.010625059716403484,0.0,0.0,389,
12,0.010887500829994678,0.0,0.0,399,
12,,,,402,0.011110124178230762
13,0.010708164423704147,0.0,0.0,409,
13,0.01004550140351057,0.0,0.0,419,
13,0.010361225344240665,0.0,0.0,429,
13,,,,433,0.010742283426225185
14,0.010517491959035397,0.0,0.0,439,
14,0.010754529386758804,0.0,0.0,449,
14,0.010465611703693867,0.0,0.0,459,
14,,,,464,0.010405542328953743
15,0.011017377488315105,0.0,0.0,469,
15,0.009725079871714115,0.0,0.0,479,
15,0.01000080443918705,0.0,0.0,489,
15,,,,495,0.010064995847642422
16,0.009699053131043911,0.0,0.0,499,
16,0.010030006989836693,0.0,0.0,509,
16,0.00899860356003046,0.0,0.0,519,
16,,,,526,0.009664446115493774
17,0.009055929258465767,0.0,0.0,529,
17,0.009464873000979424,0.0,0.0,539,
17,0.009289904497563839,0.0,0.0,549,
17,,,,557,0.009251519106328487
18,0.008676251396536827,0.0,0.0,559,
18,0.009011331014335155,0.0,0.0,569,
18,0.008897718973457813,0.0,0.0,579,
18,,,,588,0.008954734541475773
19,0.008909543044865131,0.0,0.0,589,
19,0.008585257455706596,0.0,0.0,599,
19,0.008350255899131298,0.0,0.0,609,
19,0.003964145667850971,0.0,0.0,619,
19,,,,619,0.008717149496078491
20,0.00837322510778904,0.0,0.0,629,
20,0.00863097794353962,0.0,0.0,639,
20,0.008205863647162914,0.0,0.0,649,
20,,,,650,0.008517407812178135
21,0.008222627453505993,0.0,0.0,659,
21,0.00796498078852892,0.0,0.0,669,
21,0.007488955277949572,0.0,0.0,679,
21,,,,681,0.008191649802029133
22,0.007839638739824295,0.0,0.0,689,
22,0.00756047572940588,0.0,0.0,699,
22,0.0077463784255087376,0.0,0.0,709,
22,,,,712,0.007848048582673073
23,0.00746497604995966,0.0,0.0,719,
23,0.007200928870588541,0.0,0.0,729,
23,0.007500253152102232,0.0,0.0,739,
23,,,,743,0.007517210207879543
24,0.007546203676611185,0.0,0.0,749,
24,0.007771488279104233,0.0,0.0,759,
24,0.007371410261839628,0.0,0.0,769,
24,,,,774,0.0073996675200760365
25,0.007637402042746544,0.0,0.0,779,
25,0.007127309218049049,0.0,0.0,789,
25,0.0072981491684913635,0.0,0.0,799,
25,,,,805,0.006984828505665064
26,0.006869100965559483,0.0,0.0,809,
26,0.007112639024853706,0.0,0.0,819,
26,0.006602476816624403,0.0,0.0,829,
26,,,,836,0.006733974441885948
27,0.006508371792733669,0.0,0.0,839,
27,0.007110286504030228,0.0,0.0,849,
27,0.006913169752806425,0.0,0.0,859,
27,,,,867,0.006515074986964464
28,0.006239426787942648,0.0,0.0,869,
28,0.006394485477358103,0.0,0.0,879,
28,0.0064326184801757336,0.0,0.0,889,
28,,,,898,0.006352035328745842
29,0.006346114445477724,0.0,0.0,899,
29,0.006253019906580448,0.0,0.0,909,
29,0.005969748832285404,0.0,0.0,919,
29,0.002619863720610738,0.0,0.0,929,
29,,,,929,0.006082266103476286
30,0.006072341930121183,0.0,0.0,939,
30,0.006089544389396906,0.0,0.0,949,
30,0.005914503242820501,0.0,0.0,959,
30,,,,960,0.006024679634720087
31,0.005835638847202063,0.0,0.0,969,
31,0.005499069578945637,0.0,0.0,979,
31,0.005478520877659321,0.0,0.0,989,
31,,,,991,0.0058702812530100346
32,0.005547878332436085,0.0,0.0,999,
32,0.005377882160246372,0.0,0.0,1009,
32,0.005565422587096691,0.0,0.0,1019,
32,,,,1022,0.00602288031950593
33,0.005918542388826609,0.0,0.0,1029,
33,0.005184553097933531,0.0,0.0,1039,
33,0.005557730328291655,0.0,0.0,1049,
33,,,,1053,0.0056725977919995785
34,0.005700103472918272,0.0,0.0,1059,
34,0.005803341045975685,0.0,0.0,1069,
34,0.005276008974760771,0.0,0.0,1079,
34,,,,1084,0.005408913362771273
35,0.005558375734835863,0.0,0.0,1089,
35,0.005148541182279587,0.0,0.0,1099,
35,0.005315013229846954,0.0,0.0,1109,
35,,,,1115,0.005442475434392691
36,0.005294989328831434,0.0,0.0,1119,
36,0.005499940365552902,0.0,0.0,1129,
36,0.004892856348305941,0.0,0.0,1139,
36,,,,1146,0.005057714879512787
37,0.004961141385138035,0.0,0.0,1149,
37,0.005259790923446417,0.0,0.0,1159,
37,0.005002367310225964,0.0,0.0,1169,
37,,,,1177,0.005336856935173273
38,0.005914061795920134,0.0,0.0,1179,
38,0.004758602939546108,0.0,0.0,1189,
38,0.004906634800136089,0.0,0.0,1199,
38,,,,1208,0.0052826860919594765
39,0.005237201694399118,0.0,0.0,1209,
39,0.005224509630352259,0.0,0.0,1219,
39,0.004721776116639376,0.0,0.0,1229,
39,0.0017714349087327719,0.0,0.0,1239,
39,,,,1239,0.004792372230440378
40,0.004903866909444332,0.0,0.0,1249,
40,0.004692503716796637,0.0,0.0,1259,
40,0.004527722485363483,0.0,0.0,1269,
40,,,,1270,0.0049794684164226055
41,0.0045752446167171,0.0,0.0,1279,
41,0.004355965182185173,0.0,0.0,1289,
41,0.00432661222293973,0.0,0.0,1299,
41,,,,1301,0.0049130055122077465
42,0.004416162148118019,0.0,0.0,1309,
42,0.004293610341846943,0.0,0.0,1319,
42,0.004425293765962124,0.0,0.0,1329,
42,,,,1332,0.004789543338119984
43,0.0046746511943638325,0.0,0.0,1339,
43,0.004092411138117313,0.0,0.0,1349,
43,0.004457870963960886,0.0,0.0,1359,
43,,,,1363,0.0045106797479093075
44,0.004298611078411341,0.0,0.0,1369,
44,0.004588202573359013,0.0,0.0,1379,
44,0.0042609721422195435,0.0,0.0,1389,
44,,,,1394,0.0046461946330964565
45,0.004725336562842131,0.0,0.0,1399,
45,0.004211501218378544,0.0,0.0,1409,
45,0.0043045696802437305,0.0,0.0,1419,
45,,,,1425,0.004243556875735521
46,0.004222826566547155,0.0,0.0,1429,
46,0.004273015074431896,0.0,0.0,1439,
46,0.003984786570072174,0.0,0.0,1449,
46,,,,1456,0.004298008047044277
47,0.0041488418355584145,0.0,0.0,1459,
47,0.0044221291318535805,0.0,0.0,1469,
47,0.004120174329727888,0.0,0.0,1479,
47,,,,1487,0.004372886847704649
48,0.00434311106801033,0.0,0.0,1489,
48,0.003984836395829916,0.0,0.0,1499,
48,0.004005391616374254,0.0,0.0,1509,
48,,,,1518,0.004069786053150892
49,0.004030004609376192,0.0,0.0,1519,
49,0.0040356856770813465,0.0,0.0,1529,
49,0.0038159210234880447,0.0,0.0,1539,
49,0.0013142036041244864,0.0,0.0,1549,
49,,,,1549,0.00407796585932374
50,0.004146423656493425,0.0,0.0,1559,
50,0.003910795319825411,0.0,0.0,1569,
50,0.0038419533520936966,0.0,0.0,1579,
50,,,,1580,0.0042423889972269535
51,0.003920255694538355,0.0,0.0,1589,
51,0.0035391421988606453,0.0,0.0,1599,
51,0.003641690593212843,0.0,0.0,1609,
51,,,,1611,0.003911560866981745
52,0.0038372939452528954,0.0,0.0,1619,
52,0.003628203645348549,0.0,0.0,1629,
52,0.003771028248593211,0.0,0.0,1639,
52,,,,1642,0.0037911690305918455
53,0.003770663868635893,0.0,0.0,1649,
53,0.003542975289747119,0.0,0.0,1659,
53,0.0038714855909347534,0.0,0.0,1669,
53,,,,1673,0.0038360306061804295
54,0.003911389969289303,0.0,0.0,1679,
54,0.003961245063692331,0.0,0.0,1689,
54,0.0036029135808348656,0.0,0.0,1699,
54,,,,1704,0.004275121260434389
55,0.0043358709663152695,0.0,0.0,1709,
55,0.0036954982206225395,0.0,0.0,1719,
55,0.003655653912574053,0.0,0.0,1729,
55,,,,1735,0.003826807253062725
56,0.0037714645732194185,0.0,0.0,1739,
56,0.003580347867682576,0.0,0.0,1749,
56,0.0034251899924129248,0.0,0.0,1759,
56,,,,1766,0.0037089111283421516
57,0.0035348094534128904,0.0,0.0,1769,
57,0.0037960896734148264,0.0,0.0,1779,
57,0.003551121335476637,0.0,0.0,1789,
57,,,,1797,0.0038562400732189417
58,0.004053180571645498,0.0,0.0,1799,
58,0.003421077039092779,0.0,0.0,1809,
58,0.003480134066194296,0.0,0.0,1819,
58,,,,1828,0.0037684147246181965
59,0.003729606280103326,0.0,0.0,1829,
59,0.003510046051815152,0.0,0.0,1839,
59,0.003277102718129754,0.0,0.0,1849,
59,0.0010619487147778273,0.0,0.0,1859,
59,,,,1859,0.0034821440931409597
60,0.003654670435935259,0.0,0.0,1869,
60,0.0033981583546847105,0.0,0.0,1879,
60,0.0033864194992929697,0.0,0.0,1889,
60,,,,1890,0.0034316801466047764
61,0.00347302109003067,0.0,0.0,1899,
61,0.0030478877015411854,0.0,0.0,1909,
61,0.0031870307866483927,0.0,0.0,1919,
61,,,,1921,0.003561850870028138
62,0.003738753031939268,0.0,0.0,1929,
62,0.0031371789518743753,0.0,0.0,1939,
62,0.0032381638884544373,0.0,0.0,1949,
62,,,,1952,0.003923123702406883
63,0.00329590099863708,0.0,0.0,1959,
63,0.0030934009701013565,0.0,0.0,1969,
63,0.003357020439580083,0.0,0.0,1979,
63,,,,1983,0.0033244516234844923
64,0.003322425065562129,0.0,0.0,1989,
64,0.0034782651346176863,0.0,0.0,1999,
64,0.003174212761223316,0.0,0.0,2009,
64,,,,2014,0.0033724880777299404
65,0.0033836164511740208,0.0,0.0,2019,
65,0.00313938339240849,0.0,0.0,2029,
65,0.0031872321851551533,0.0,0.0,2039,
65,,,,2045,0.00346193416044116
66,0.0033190755639225245,0.0,0.0,2049,
66,0.003195393132045865,0.0,0.0,2059,
66,0.0030323213431984186,0.0,0.0,2069,
66,,,,2076,0.0033573992550373077
67,0.003182766493409872,0.0,0.0,2079,
67,0.003465058049187064,0.0,0.0,2089,
67,0.0030737195629626513,0.0,0.0,2099,
67,,,,2107,0.003212403040379286
68,0.0030926542822271585,0.0,0.0,2109,
68,0.003014428773894906,0.0,0.0,2119,
68,0.003068785648792982,0.0,0.0,2129,
68,,,,2138,0.0032130631152540445
69,0.003194221993908286,0.0,0.0,2139,
69,0.003170127747580409,0.0,0.0,2149,
69,0.002976901363581419,0.0,0.0,2159,
69,0.0009652893641032279,0.0,0.0,2169,
69,,,,2169,0.003361451206728816
70,0.0032872704323381186,0.0,0.0,2179,
70,0.0030871715862303972,0.0,0.0,2189,
70,0.002983710030093789,0.0,0.0,2199,
70,,,,2200,0.00309430668130517
71,0.0031461569014936686,0.0,0.0,2209,
71,0.002739213639870286,0.0,0.0,2219,
71,0.002921171486377716,0.0,0.0,2229,
71,,,,2231,0.003145041177049279
72,0.003227655775845051,0.0,0.0,2239,
72,0.0027884647715836763,0.0,0.0,2249,
72,0.002948514884337783,0.0,0.0,2259,
72,,,,2262,0.003119280096143484
73,0.00308729475364089,0.0,0.0,2269,
73,0.002735241549089551,0.0,0.0,2279,
73,0.0029730633832514286,0.0,0.0,2289,
73,,,,2293,0.0030490027274936438
74,0.0030566758941859007,0.0,0.0,2299,
74,0.0032985361758619547,0.0,0.0,2309,
74,0.0028539863415062428,0.0,0.0,2319,
74,,,,2324,0.002990709850564599
75,0.003078926121816039,0.0,0.0,2329,
75,0.0028614432085305452,0.0,0.0,2339,
75,0.0029147430323064327,0.0,0.0,2349,
75,,,,2355,0.0029485102277249098
76,0.002973990049213171,0.0,0.0,2359,
76,0.0029074798803776503,0.0,0.0,2369,
76,0.0027667146641761065,0.0,0.0,2379,
76,,,,2386,0.002910445909947157
77,0.0028721531853079796,0.0,0.0,2389,
77,0.003067763289436698,0.0,0.0,2399,
77,0.0027898300904780626,0.0,0.0,2409,
77,,,,2417,0.003258846001699567
78,0.0033118489664047956,0.0,0.0,2419,
78,0.0028683242853730917,0.0,0.0,2429,
78,0.002779808361083269,0.0,0.0,2439,
78,,,,2448,0.003210582537576556
79,0.0032089347951114178,0.0,0.0,2449,
79,0.0028924322687089443,0.0,0.0,2459,
79,0.0026939031668007374,0.0,0.0,2469,
79,0.0008003724506124854,0.0,0.0,2479,
79,,,,2479,0.0029008027631789446
80,0.003031959757208824,0.0,0.0,2489,
80,0.0027920310385525227,0.0,0.0,2499,
80,0.002729564206674695,0.0,0.0,2509,
80,,,,2510,0.0029185276944190264
81,0.0031521155033260584,0.0,0.0,2519,
81,0.0025362700689584017,0.0,0.0,2529,
81,0.0026854374445974827,0.0,0.0,2539,
81,,,,2541,0.0027896289248019457
82,0.0027880435809493065,0.0,0.0,2549,
82,0.0025257011875510216,0.0,0.0,2559,
82,0.0027672245632857084,0.0,0.0,2569,
82,,,,2572,0.00301199103705585
83,0.00292256404645741,0.0,0.0,2579,
83,0.0025335021782666445,0.0,0.0,2589,
83,0.0027603793423622847,0.0,0.0,2599,
83,,,,2603,0.002900801133364439
84,0.0028016078285872936,0.0,0.0,2609,
84,0.002994352951645851,0.0,0.0,2619,
84,0.002658173907548189,0.0,0.0,2629,
84,,,,2634,0.0028736426029354334
85,0.002803455339744687,0.0,0.0,2639,
85,0.002583229448646307,0.0,0.0,2649,
85,0.002645644126459956,0.0,0.0,2659,
85,,,,2665,0.002736366353929043
86,0.002779582282528281,0.0,0.0,2669,
86,0.0026715865824371576,0.0,0.0,2679,
86,0.002524463227018714,0.0,0.0,2689,
86,,,,2696,0.002704055281355977
87,0.002585135865956545,0.0,0.0,2699,
87,0.002818063599988818,0.0,0.0,2709,
87,0.002572427038103342,0.0,0.0,2719,
87,,,,2727,0.0026707728393375874
88,0.002557918429374695,0.0,0.0,2729,
88,0.0025375583209097385,0.0,0.0,2739,
88,0.0024994544219225645,0.0,0.0,2749,
88,,,,2758,0.0026836623437702656
89,0.0026802867650985718,0.0,0.0,2759,
89,0.0027488090563565493,0.0,0.0,2769,
89,0.002480902476236224,0.0,0.0,2779,
89,0.000708456092979759,0.0,0.0,2789,
89,,,,2789,0.0028135303873568773
90,0.002776441862806678,0.0,0.0,2799,
90,0.0025653853081166744,0.0,0.0,2809,
90,0.002498376416042447,0.0,0.0,2819,
90,,,,2820,0.0026101483963429928
91,0.002684642793610692,0.0,0.0,2829,
91,0.002344052540138364,0.0,0.0,2839,
91,0.0025376237463206053,0.0,0.0,2849,
91,,,,2851,0.0026156529784202576
92,0.0026559161487966776,0.0,0.0,2859,
92,0.002350838389247656,0.0,0.0,2869,
92,0.002517490414902568,0.0,0.0,2879,
92,,,,2882,0.0027284836396574974
93,0.0027518935967236757,0.0,0.0,2889,
93,0.0023690308444201946,0.0,0.0,2899,
93,0.0026426175609230995,0.0,0.0,2909,
93,,,,2913,0.002834520535543561
94,0.0026512802578508854,0.0,0.0,2919,
94,0.002722010249271989,0.0,0.0,2929,
94,0.002494461601600051,0.0,0.0,2939,
94,,,,2944,0.0025442272890359163
95,0.00259357038885355,0.0,0.0,2949,
95,0.0023708192165941,0.0,0.0,2959,
95,0.0024757918436080217,0.0,0.0,2969,
95,,,,2975,0.0024981279857456684
96,0.0025470813270658255,0.0,0.0,2979,
96,0.0024503988679498434,0.0,0.0,2989,
96,0.002343045547604561,0.0,0.0,2999,
96,,,,3006,0.0024606618098914623
97,0.002373963128775358,0.0,0.0,3009,
97,0.0025728854816406965,0.0,0.0,3019,
97,0.0023300701286643744,0.0,0.0,3029,
97,,,,3037,0.002493146574124694
98,0.002421005629003048,0.0,0.0,3039,
98,0.0023423528764396906,0.0,0.0,3049,
98,0.002304910682141781,0.0,0.0,3059,
98,,,,3068,0.002416345290839672
99,0.0024114123079925776,0.0,0.0,3069,
99,0.002348019042983651,0.0,0.0,3079,
99,0.0022872313857078552,0.0,0.0,3089,
99,0.0007405603537335992,0.0,0.0,3099,
99,,,,3099,0.0025559691712260246
100,0.002613330725580454,0.0,0.0,3109,
100,0.00235171802341938,0.0,0.0,3119,
100,0.0022943441290408373,0.0,0.0,3129,
100,,,,3130,0.0025349766947329044
101,0.002430599881336093,0.0,0.0,3139,
101,0.0021931217052042484,0.0,0.0,3149,
101,0.002312927972525358,0.0,0.0,3159,
101,,,,3161,0.002377498196437955
102,0.002364897169172764,0.0,0.0,3169,
102,0.0021504599135369062,0.0,0.0,3179,
102,0.0023169524502009153,0.0,0.0,3189,
102,,,,3192,0.0025161183439195156
103,0.0024461892899125814,0.0,0.0,3199,
103,0.0021473693195730448,0.0,0.0,3209,
103,0.0023616603575646877,0.0,0.0,3219,
103,,,,3223,0.002369515597820282
104,0.0022880318574607372,0.0,0.0,3229,
104,0.002476755063980818,0.0,0.0,3239,
104,0.0022822748869657516,0.0,0.0,3249,
104,,,,3254,0.002290039788931608
105,0.0023779033217579126,0.0,0.0,3259,
105,0.0021704782266169786,0.0,0.0,3269,
105,0.0022402647882699966,0.0,0.0,3279,
105,,,,3285,0.002273425692692399
106,0.0023019604850560427,0.0,0.0,3289,
106,0.0022342356387525797,0.0,0.0,3299,
106,0.0021478119306266308,0.0,0.0,3309,
106,,,,3316,0.0022915510926395655
107,0.002216258319094777,0.0,0.0,3319,
107,0.0023838288616389036,0.0,0.0,3329,
107,0.0021895456593483686,0.0,0.0,3339,
107,,,,3347,0.0022503219079226255
108,0.0022929455153644085,0.0,0.0,3349,
108,0.002206447534263134,0.0,0.0,3359,
108,0.002183568896725774,0.0,0.0,3369,
108,,,,3378,0.0029332402627915144
109,0.0029335354920476675,0.0,0.0,3379,
109,0.0026898456271737814,0.0,0.0,3389,
109,0.0021293936297297478,0.0,0.0,3399,
109,0.0006054482655599713,0.0,0.0,3409,
109,,,,3409,0.0022788019850850105
110,0.0024033670779317617,0.0,0.0,3419,
110,0.002171557629480958,0.0,0.0,3429,
110,0.002120372373610735,0.0,0.0,3439,
110,,,,3440,0.0022347336634993553
111,0.002263359259814024,0.0,0.0,3449,
111,0.0020211338996887207,0.0,0.0,3459,
111,0.0021336886566132307,0.0,0.0,3469,
111,,,,3471,0.0021799614187330008
112,0.0021775232162326574,0.0,0.0,3479,
112,0.001967413816601038,0.0,0.0,3489,
112,0.0021289123687893152,0.0,0.0,3499,
112,,,,3502,0.002178661059588194
113,0.002128762425854802,0.0,0.0,3509,
113,0.001974985236302018,0.0,0.0,3519,
113,0.002179277129471302,0.0,0.0,3529,
113,,,,3533,0.0021617980673909187
114,0.002146206796169281,0.0,0.0,3539,
114,0.0022967278491705656,0.0,0.0,3549,
114,0.002136266091838479,0.0,0.0,3559,
114,,,,3564,0.0021487409248948097
115,0.0022366801276803017,0.0,0.0,3569,
115,0.0020175317768007517,0.0,0.0,3579,
115,0.0020926070865243673,0.0,0.0,3589,
115,,,,3595,0.0021738565992563963
116,0.0021568387746810913,0.0,0.0,3599,
116,0.002081210957840085,0.0,0.0,3609,
116,0.00199301028624177,0.0,0.0,3619,
116,,,,3626,0.0021755374036729336
117,0.0020948888268321753,0.0,0.0,3629,
117,0.0021860746201127768,0.0,0.0,3639,
117,0.0019621490500867367,0.0,0.0,3649,
117,,,,3657,0.0020903670229017735
118,0.001991765107959509,0.0,0.0,3659,
118,0.0019694070797413588,0.0,0.0,3669,
118,0.001991607015952468,0.0,0.0,3679,
118,,,,3688,0.00204292219132185
119,0.0020319039467722178,0.0,0.0,3689,
119,0.001996641745790839,0.0,0.0,3699,
119,0.0019227920565754175,0.0,0.0,3709,
119,0.0005365627584978938,0.0,0.0,3719,
119,,,,3719,0.0020353004802018404
120,0.002230245852842927,0.0,0.0,3729,
120,0.002026187488809228,0.0,0.0,3739,
120,0.002018384635448456,0.0,0.0,3749,
120,,,,3750,0.002033283468335867
121,0.002117479220032692,0.0,0.0,3759,
121,0.0019573625177145004,0.0,0.0,3769,
121,0.002054426819086075,0.0,0.0,3779,
121,,,,3781,0.002586840419098735
122,0.0021516119595617056,0.0,0.0,3789,
122,0.001883218763396144,0.0,0.0,3799,
122,0.0019894251599907875,0.0,0.0,3809,
122,,,,3812,0.002055258257314563
123,0.0020089626777917147,0.0,0.0,3819,
123,0.0018233219161629677,0.0,0.0,3829,
123,0.0019694308284670115,0.0,0.0,3839,
123,,,,3843,0.0019699065014719963
124,0.0019263909198343754,0.0,0.0,3849,
124,0.0021114246919751167,0.0,0.0,3859,
124,0.0019658475648611784,0.0,0.0,3869,
124,,,,3874,0.0019985465332865715
125,0.0020327717065811157,0.0,0.0,3879,
125,0.001843256875872612,0.0,0.0,3889,
125,0.0019339510472491384,0.0,0.0,3899,
125,,,,3905,0.0019496813183650374
126,0.0019590517040342093,0.0,0.0,3909,
126,0.0019141827942803502,0.0,0.0,3919,
126,0.0018582793418318033,0.0,0.0,3929,
126,,,,3936,0.0019245576113462448
127,0.0018958317814394832,0.0,0.0,3939,
127,0.0020318820606917143,0.0,0.0,3949,
127,0.0018074024701490998,0.0,0.0,3959,
127,,,,3967,0.001907814061269164
128,0.0018880064599215984,0.0,0.0,3969,
128,0.0018198092002421618,0.0,0.0,3979,
128,0.0018201200291514397,0.0,0.0,3989,
128,,,,3998,0.001910316408611834
129,0.0018984352936968207,0.0,0.0,3999,
129,0.0018421970307826996,0.0,0.0,4009,
129,0.0017942566191777587,0.0,0.0,4019,
129,0.0004523570532910526,0.0,0.0,4029,
129,,,,4029,0.002049267990514636
130,0.002024417044594884,0.0,0.0,4039,
130,0.0018630078993737698,0.0,0.0,4049,
130,0.0018183629726991057,0.0,0.0,4059,
130,,,,4060,0.0019475906156003475
131,0.0018851440399885178,0.0,0.0,4069,
131,0.0017118311952799559,0.0,0.0,4079,
131,0.0018298509530723095,0.0,0.0,4089,
131,,,,4091,0.0018433722434565425
132,0.0018468557391315699,0.0,0.0,4099,
132,0.0016558659262955189,0.0,0.0,4109,
132,0.001848170068114996,0.0,0.0,4119,
132,,,,4122,0.0018607175443321466
133,0.0018140387255698442,0.0,0.0,4129,
133,0.0016819501761347055,0.0,0.0,4139,
133,0.0019311306532472372,0.0,0.0,4149,
133,,,,4153,0.0018269377760589123
134,0.0018112167017534375,0.0,0.0,4159,
134,0.001947106677107513,0.0,0.0,4169,
134,0.0018502165330573916,0.0,0.0,4179,
134,,,,4184,0.0018138550221920013
135,0.0019323844462633133,0.0,0.0,4189,
135,0.0017246551578864455,0.0,0.0,4199,
135,0.0017714508576318622,0.0,0.0,4209,
135,,,,4215,0.001855524373240769
136,0.001997005892917514,0.0,0.0,4219,
136,0.001803104649297893,0.0,0.0,4229,
136,0.0017669318476691842,0.0,0.0,4239,
136,,,,4246,0.0019351023947820067
137,0.001878652605228126,0.0,0.0,4249,
137,0.001887805643491447,0.0,0.0,4259,
137,0.001705939881503582,0.0,0.0,4269,
137,,,,4277,0.0018016030080616474
138,0.001717305975034833,0.0,0.0,4279,
138,0.0016921318601816893,0.0,0.0,4289,
138,0.0016941302455961704,0.0,0.0,4299,
138,,,,4308,0.0017373183509334922
139,0.0017213213723152876,0.0,0.0,4309,
139,0.0016971103614196181,0.0,0.0,4319,
139,0.0016177678480744362,0.0,0.0,4329,
139,0.00042931977077387273,0.0,0.0,4339,
139,,,,4339,0.0017386132385581732
140,0.0018542235484346747,0.0,0.0,4349,
140,0.001733682001940906,0.0,0.0,4359,
140,0.0017032240284606814,0.0,0.0,4369,
140,,,,4370,0.0017123385332524776
141,0.0017245874041691422,0.0,0.0,4379,
141,0.0015832234639674425,0.0,0.0,4389,
141,0.001758405240252614,0.0,0.0,4399,
141,,,,4401,0.001703682471998036
142,0.0017066719010472298,0.0,0.0,4409,
142,0.0015249996213242412,0.0,0.0,4419,
142,0.0017386135878041387,0.0,0.0,4429,
142,,,,4432,0.001872911350801587
143,0.0018757176585495472,0.0,0.0,4439,
143,0.0015894940588623285,0.0,0.0,4449,
143,0.0017272061668336391,0.0,0.0,4459,
143,,,,4463,0.0017778427572920918
144,0.001700733439065516,0.0,0.0,4469,
144,0.0018193860305473208,0.0,0.0,4479,
144,0.0016719987615942955,0.0,0.0,4489,
144,,,,4494,0.0016808656509965658
145,0.0017551075434312224,0.0,0.0,4499,
145,0.0015722770476713777,0.0,0.0,4509,
145,0.0016457970486953855,0.0,0.0,4519,
145,,,,4525,0.0016749949427321553
146,0.0016869176179170609,0.0,0.0,4529,
146,0.0016320374561473727,0.0,0.0,4539,
146,0.0016113186720758677,0.0,0.0,4549,
146,,,,4556,0.0016979040810838342
147,0.0016515784664079547,0.0,0.0,4559,
147,0.0017280082684010267,0.0,0.0,4569,
147,0.0015470779035240412,0.0,0.0,4579,
147,,,,4587,0.0016596043715253472
148,0.0015827988972887397,0.0,0.0,4589,
148,0.0015559170860797167,0.0,0.0,4599,
148,0.001547408290207386,0.0,0.0,4609,
148,,,,4618,0.0016212459886446595
149,0.0016024825163185596,0.0,0.0,4619,
149,0.0015697811031714082,0.0,0.0,4629,
149,0.0014969975454732776,0.0,0.0,4639,
149,0.00040608301060274243,0.0,0.0,4649,
149,,,,4649,0.0016033516731113195
150,0.0017114030197262764,0.0,0.0,4659,
150,0.0016242952551692724,0.0,0.0,4669,
150,0.0015560588799417019,0.0,0.0,4679,
150,,,,4680,0.001584737910889089
151,0.0015946601051837206,0.0,0.0,4689,
151,0.001502105500549078,0.0,0.0,4699,
151,0.0016109312418848276,0.0,0.0,4709,
151,,,,4711,0.0015695567708462477
152,0.0015865847235545516,0.0,0.0,4719,
152,0.0014123145956546068,0.0,0.0,4729,
152,0.001640699221752584,0.0,0.0,4739,
152,,,,4742,0.0015623819781467319
153,0.0015927813947200775,0.0,0.0,4749,
153,0.0014413530007004738,0.0,0.0,4759,
153,0.0016221925616264343,0.0,0.0,4769,
153,,,,4773,0.0015607194509357214
154,0.0015668387059122324,0.0,0.0,4779,
154,0.001689277938567102,0.0,0.0,4789,
154,0.0015934831462800503,0.0,0.0,4799,
154,,,,4804,0.0016577612841501832
155,0.0016560280928388238,0.0,0.0,4809,
155,0.0015002840664237738,0.0,0.0,4819,
155,0.0014867064310237765,0.0,0.0,4829,
155,,,,4835,0.0015164745273068547
156,0.0015447874320670962,0.0,0.0,4839,
156,0.0015139488968998194,0.0,0.0,4849,
156,0.0015230223070830107,0.0,0.0,4859,
156,,,,4866,0.0016133261378854513
157,0.0015758938388898969,0.0,0.0,4869,
157,0.0016031941631808877,0.0,0.0,4879,
157,0.0014562401920557022,0.0,0.0,4889,
157,,,,4897,0.0015375632792711258
158,0.0014584953896701336,0.0,0.0,4899,
158,0.0014509607572108507,0.0,0.0,4909,
158,0.0014492206973955035,0.0,0.0,4919,
158,,,,4928,0.0015127937076613307
159,0.0014948009047657251,0.0,0.0,4929,
159,0.0014573669759556651,0.0,0.0,4939,
159,0.0013910614652559161,0.0,0.0,4949,
159,0.00038223701994866133,0.0,0.0,4959,
159,,,,4959,0.0014842170057818294
160,0.0015800516121089458,0.0,0.0,4969,
160,0.0015132848639041185,0.0,0.0,4979,
160,0.0014485756400972605,0.0,0.0,4989,
160,,,,4990,0.0014729957329109311
161,0.0014788178959861398,0.0,0.0,4999,
161,0.0014017632929608226,0.0,0.0,5009,
161,0.0014690790558233857,0.0,0.0,5019,
161,,,,5021,0.0014609800418838859
162,0.0014606431359425187,0.0,0.0,5029,
162,0.0013243707362562418,0.0,0.0,5039,
162,0.0015168808167800307,0.0,0.0,5049,
162,,,,5052,0.0014537855749949813
163,0.001443277345970273,0.0,0.0,5059,
163,0.0013595093041658401,0.0,0.0,5069,
163,0.001565193640999496,0.0,0.0,5079,
163,,,,5083,0.0014392795274034142
164,0.0014101568376645446,0.0,0.0,5089,
164,0.0015700756339356303,0.0,0.0,5099,
164,0.001523268991149962,0.0,0.0,5109,
164,,,,5114,0.0014279979513958097
165,0.0015308241127058864,0.0,0.0,5119,
165,0.0013951469445601106,0.0,0.0,5129,
165,0.0014396883780136704,0.0,0.0,5139,
165,,,,5145,0.0014274889836087823
166,0.0015236139297485352,0.0,0.0,5149,
166,0.0014162816805765033,0.0,0.0,5159,
166,0.0013876121956855059,0.0,0.0,5169,
166,,,,5176,0.0014309905236586928
167,0.001467716647312045,0.0,0.0,5179,
167,0.0014802917139604688,0.0,0.0,5189,
167,0.0013171167811378837,0.0,0.0,5199,
167,,,,5207,0.0014542433200404048
168,0.0014203020837157965,0.0,0.0,5209,
168,0.0013457441236823797,0.0,0.0,5219,
168,0.0013443744974210858,0.0,0.0,5229,
168,,,,5238,0.001470124814659357
169,0.0014480332611128688,0.0,0.0,5239,
169,0.0013467029202729464,0.0,0.0,5249,
169,0.0012872701045125723,0.0,0.0,5259,
169,0.0003929316299036145,0.0,0.0,5269,
169,,,,5269,0.001418615342117846
170,0.0014709691749885678,0.0,0.0,5279,
170,0.0013923374935984612,0.0,0.0,5289,
170,0.0013894570292904973,0.0,0.0,5299,
170,,,,5300,0.0013596373610198498
171,0.0014200023142620921,0.0,0.0,5309,
171,0.0012694353936240077,0.0,0.0,5319,
171,0.0013861596817150712,0.0,0.0,5329,
171,,,,5331,0.0014297758461907506
172,0.0014329745899885893,0.0,0.0,5339,
172,0.001226878957822919,0.0,0.0,5349,
172,0.0013690509367734194,0.0,0.0,5359,
172,,,,5362,0.0014215760165825486
173,0.0013648236636072397,0.0,0.0,5369,
173,0.0012481631711125374,0.0,0.0,5379,
173,0.001334134372882545,0.0,0.0,5389,
173,,,,5393,0.0013307848712429404
174,0.0013040147023275495,0.0,0.0,5399,
174,0.001435836311429739,0.0,0.0,5409,
174,0.001390226068906486,0.0,0.0,5419,
174,,,,5424,0.001406245050020516
175,0.001430783304385841,0.0,0.0,5429,
175,0.001260432181879878,0.0,0.0,5439,
175,0.0013481156202033162,0.0,0.0,5449,
175,,,,5455,0.0013761261943727732
176,0.0013517368352040648,0.0,0.0,5459,
176,0.0013027603272348642,0.0,0.0,5469,
176,0.0013234179932624102,0.0,0.0,5479,
176,,,,5486,0.0013372453395277262
177,0.0012743764091283083,0.0,0.0,5489,
177,0.0013774321414530277,0.0,0.0,5499,
177,0.0012396142119541764,0.0,0.0,5509,
177,,,,5517,0.0013142282841727138
178,0.0012752501061186194,0.0,0.0,5519,
178,0.001262358040548861,0.0,0.0,5529,
178,0.001257037278264761,0.0,0.0,5539,
178,,,,5548,0.0013021801132708788
179,0.0012874574167653918,0.0,0.0,5549,
179,0.0012621270725503564,0.0,0.0,5559,
179,0.0012129198294132948,0.0,0.0,5569,
179,0.0003261925303377211,0.0,0.0,5579,
179,,,,5579,0.0012913623359054327
180,0.0013626448344439268,0.0,0.0,5589,
180,0.0013156118802726269,0.0,0.0,5599,
180,0.0012508195359259844,0.0,0.0,5609,
180,,,,5610,0.0012818914838135242
181,0.0013037436874583364,0.0,0.0,5619,
181,0.0011921352706849575,0.0,0.0,5629,
181,0.0013031071284785867,0.0,0.0,5639,
181,,,,5641,0.0012760356767103076
182,0.001272373367100954,0.0,0.0,5649,
182,0.0011266757501289248,0.0,0.0,5659,
182,0.0013506431132555008,0.0,0.0,5669,
182,,,,5672,0.0012822222197428346
183,0.0012438880512490869,0.0,0.0,5679,
183,0.0011700050672516227,0.0,0.0,5689,
183,0.0013482057256624103,0.0,0.0,5699,
183,,,,5703,0.0013341347221285105
184,0.0012276865309104323,0.0,0.0,5709,
184,0.0013431946281343699,0.0,0.0,5719,
184,0.0013013309799134731,0.0,0.0,5729,
184,,,,5734,0.0013072930742055178
185,0.001328960177488625,0.0,0.0,5739,
185,0.0011850240407511592,0.0,0.0,5749,
185,0.0012802506098523736,0.0,0.0,5759,
185,,,,5765,0.0012480474542826414
186,0.0012565749930217862,0.0,0.0,5769,
186,0.001225705724209547,0.0,0.0,5779,
186,0.0012660275679081678,0.0,0.0,5789,
186,,,,5796,0.0012268053833395243
187,0.0011738166213035583,0.0,0.0,5799,
187,0.0012934582773596048,0.0,0.0,5809,
187,0.0011928642634302378,0.0,0.0,5819,
187,,,,5827,0.0012220102362334728
188,0.0011877994984388351,0.0,0.0,5829,
188,0.0011889392044395208,0.0,0.0,5839,
188,0.0011857373174279928,0.0,0.0,5849,
188,,,,5858,0.0012089317897334695
189,0.00119638757314533,0.0,0.0,5859,
189,0.0011822468368336558,0.0,0.0,5869,
189,0.0011335507733747363,0.0,0.0,5879,
189,0.0003017618728335947,0.0,0.0,5889,
189,,,,5889,0.0011983441654592752
190,0.0012672960292547941,0.0,0.0,5899,
190,0.0012231037253513932,0.0,0.0,5909,
190,0.0011768534313887358,0.0,0.0,5919,
190,,,,5920,0.0011938224779441953
191,0.0012213628506287932,0.0,0.0,5929,
191,0.0011069400934502482,0.0,0.0,5939,
191,0.0012091000098735094,0.0,0.0,5949,
191,,,,5951,0.001204385538585484
192,0.0012175668962299824,0.0,0.0,5959,
192,0.001061287592165172,0.0,0.0,5969,
192,0.0012136659352108836,0.0,0.0,5979,
192,,,,5982,0.0012509856605902314
193,0.0011949000181630254,0.0,0.0,5989,
193,0.0011198590509593487,0.0,0.0,5999,
193,0.0011703221825882792,0.0,0.0,6009,
193,,,,6013,0.001165551831945777
194,0.0011596280382946134,0.0,0.0,6019,
194,0.001280828146263957,0.0,0.0,6029,
194,0.0012048430508002639,0.0,0.0,6039,
194,,,,6044,0.001175928395241499
195,0.0012407837202772498,0.0,0.0,6049,
195,0.0011235225247219205,0.0,0.0,6059,
195,0.0011658341391012073,0.0,0.0,6069,
195,,,,6075,0.0011618841672316194
196,0.0011931064072996378,0.0,0.0,6079,
196,0.0011532227508723736,0.0,0.0,6089,
196,0.001144569250755012,0.0,0.0,6099,
196,,,,6106,0.0011466355063021183
197,0.0011455968488007784,0.0,0.0,6109,
197,0.0012150597758591175,0.0,0.0,6119,
197,0.0010900810593739152,0.0,0.0,6129,
197,,,,6137,0.001153619377873838
198,0.0011891067260876298,0.0,0.0,6139,
198,0.0011304065119475126,0.0,0.0,6149,
198,0.0011128154583275318,0.0,0.0,6159,
198,,,,6168,0.0012833093060180545
199,0.0012665137182921171,0.0,0.0,6169,
199,0.0011589177884161472,0.0,0.0,6179,
199,0.0011180726578459144,0.0,0.0,6189,
199,0.0003099424357060343,0.0,0.0,6199,
199,,,,6199,0.0011308536631986499
200,0.001191053306683898,0.0,0.0,6209,
200,0.0011450059246271849,0.0,0.0,6219,
200,0.0011042688274756074,0.0,0.0,6229,
200,,,,6230,0.0011800054926425219
201,0.0011431958992034197,0.0,0.0,6239,
201,0.0010582196991890669,0.0,0.0,6249,
201,0.001143857603892684,0.0,0.0,6259,
201,,,,6261,0.001152840326540172
202,0.0011136371176689863,0.0,0.0,6269,
202,0.000999066629447043,0.0,0.0,6279,
202,0.0011487127048894763,0.0,0.0,6289,
202,,,,6292,0.0011366107501089573
203,0.00110921123996377,0.0,0.0,6299,
203,0.0010172147303819656,0.0,0.0,6309,
203,0.001112631056457758,0.0,0.0,6319,
203,,,,6323,0.0011623022146522999
204,0.001087288954295218,0.0,0.0,6329,
204,0.0011946455342695117,0.0,0.0,6339,
204,0.0010952457087114453,0.0,0.0,6349,
204,,,,6354,0.0010989237343892455
205,0.0011725779622793198,0.0,0.0,6359,
205,0.0010609097080305219,0.0,0.0,6369,
205,0.001074502826668322,0.0,0.0,6379,
205,,,,6385,0.0011479902314022183
206,0.0011978268157690763,0.0,0.0,6389,
206,0.0011192074744030833,0.0,0.0,6399,
206,0.0010945949470624328,0.0,0.0,6409,
206,,,,6416,0.0011127617908641696
207,0.0010993307223543525,0.0,0.0,6419,
207,0.0011856277706101537,0.0,0.0,6429,
207,0.0010454131988808513,0.0,0.0,6439,
207,,,,6447,0.0011131729697808623
208,0.001124790869653225,0.0,0.0,6449,
208,0.0010746803600341082,0.0,0.0,6459,
208,0.0010557537898421288,0.0,0.0,6469,
208,,,,6478,0.0011053731432184577
209,0.0010934019228443503,0.0,0.0,6479,
209,0.0010471070418134332,0.0,0.0,6489,
209,0.0010048742406070232,0.0,0.0,6499,
209,0.0002647692454047501,0.0,0.0,6509,
209,,,,6509,0.001105054165236652
210,0.0011184342438355088,0.0,0.0,6519,
210,0.0010891566053032875,0.0,0.0,6529,
210,0.0010338409338146448,0.0,0.0,6539,
210,,,,6540,0.0011069236788898706
211,0.0010785215999931097,0.0,0.0,6549,
211,0.0010047901887446642,0.0,0.0,6559,
211,0.001091130543500185,0.0,0.0,6569,
211,,,,6571,0.0010925496462732553
212,0.001050695194862783,0.0,0.0,6579,
212,0.0009512801188975573,0.0,0.0,6589,
212,0.001121785375289619,0.0,0.0,6599,
212,,,,6602,0.0010761420708149672
213,0.0010274517117068172,0.0,0.0,6609,
213,0.0009675944456830621,0.0,0.0,6619,
213,0.001088694087229669,0.0,0.0,6629,
213,,,,6633,0.001060563838109374
214,0.0010249650804325938,0.0,0.0,6639,
214,0.0011185859329998493,0.0,0.0,6649,
214,0.0010841685580089688,0.0,0.0,6659,
214,,,,6664,0.001047900295816362
215,0.0011371733853593469,0.0,0.0,6669,
215,0.0009971660329028964,0.0,0.0,6679,
215,0.00101951090618968,0.0,0.0,6689,
215,,,,6695,0.0010476134484633803
216,0.001142340013757348,0.0,0.0,6699,
216,0.001055284054018557,0.0,0.0,6709,
216,0.0010259834816679358,0.0,0.0,6719,
216,,,,6726,0.0010872402926906943
217,0.0011878558434545994,0.0,0.0,6729,
217,0.0011585555039346218,0.0,0.0,6739,
217,0.00099130067974329,0.0,0.0,6749,
217,,,,6757,0.001065181102603674
218,0.0010799444280564785,0.0,0.0,6759,
218,0.0010388445807620883,0.0,0.0,6769,
218,0.000995063572190702,0.0,0.0,6779,
218,,,,6788,0.0010511449072510004
219,0.0010412849951535463,0.0,0.0,6789,
219,0.0009960534516721964,0.0,0.0,6799,
219,0.0009523534681648016,0.0,0.0,6809,
219,0.00026711993268691003,0.0,0.0,6819,
219,,,,6819,0.0010441162157803774
220,0.0010632321937009692,0.0,0.0,6829,
220,0.0010303868912160397,0.0,0.0,6839,
220,0.00099994579795748,0.0,0.0,6849,
220,,,,6850,0.0010410858085379004
221,0.0010317231062799692,0.0,0.0,6859,
221,0.0009391240309923887,0.0,0.0,6869,
221,0.001030716928653419,0.0,0.0,6879,
221,,,,6881,0.0010265482123941183
222,0.0010150576708838344,0.0,0.0,6889,
222,0.0008901595720089972,0.0,0.0,6899,
222,0.0010592001490294933,0.0,0.0,6909,
222,,,,6912,0.0010200064862146974
223,0.0009920512093231082,0.0,0.0,6919,
223,0.000912369810976088,0.0,0.0,6929,
223,0.001034234301187098,0.0,0.0,6939,
223,,,,6943,0.0010016242740675807
224,0.0009796895319595933,0.0,0.0,6949,
224,0.0010544242104515433,0.0,0.0,6959,
224,0.0010248449398204684,0.0,0.0,6969,
224,,,,6974,0.0009870667709037662
225,0.0011223285691812634,0.0,0.0,6979,
225,0.0009327344596385956,0.0,0.0,6989,
225,0.0009490301599726081,0.0,0.0,6999,
225,,,,7005,0.0010203614365309477
226,0.0012482921592891216,0.0,0.0,7009,
226,0.0009997481247410178,0.0,0.0,7019,
226,0.0009865612955763936,0.0,0.0,7029,
226,,,,7036,0.0011912634363397956
227,0.001250502304174006,0.0,0.0,7039,
227,0.0010649291798472404,0.0,0.0,7049,
227,0.000977479969151318,0.0,0.0,7059,
227,,,,7067,0.0009692702442407608
228,0.0009701437666080892,0.0,0.0,7069,
228,0.0009684164542704821,0.0,0.0,7079,
228,0.0009436270338483155,0.0,0.0,7089,
228,,,,7098,0.0009966015350073576
229,0.0009901096345856786,0.0,0.0,7099,
229,0.0009364639990963042,0.0,0.0,7109,
229,0.0009045292972587049,0.0,0.0,7119,
229,0.00024349562590941787,0.0,0.0,7129,
229,,,,7129,0.0010021465132012963
230,0.0010037461761385202,0.0,0.0,7139,
230,0.000982603058218956,0.0,0.0,7149,
230,0.0009298966033384204,0.0,0.0,7159,
230,,,,7160,0.0009868016932159662
231,0.0009623748483136296,0.0,0.0,7169,
231,0.0008942113490775228,0.0,0.0,7179,
231,0.0009857717668637633,0.0,0.0,7189,
231,,,,7191,0.0009648349368944764
232,0.000940511527005583,0.0,0.0,7199,
232,0.0008340909262187779,0.0,0.0,7209,
232,0.001034233719110489,0.0,0.0,7219,
232,,,,7222,0.0009498092695139349
233,0.0009297369979321957,0.0,0.0,7229,
233,0.0008651702082715929,0.0,0.0,7239,
233,0.0009804856963455677,0.0,0.0,7249,
233,,,,7253,0.0009521867032162845
234,0.0009614002774469554,0.0,0.0,7259,
234,0.0010137844365090132,0.0,0.0,7269,
234,0.000977642834186554,0.0,0.0,7279,
234,,,,7284,0.0010550670558586717
235,0.0010466198436915874,0.0,0.0,7289,
235,0.000894835451617837,0.0,0.0,7299,
235,0.0008862101240083575,0.0,0.0,7309,
235,,,,7315,0.000931526767089963
236,0.0009670643485151231,0.0,0.0,7319,
236,0.000940409314353019,0.0,0.0,7329,
236,0.0009333821944892406,0.0,0.0,7339,
236,,,,7346,0.00097978999838233
237,0.0010574358748272061,0.0,0.0,7349,
237,0.0010305213509127498,0.0,0.0,7359,
237,0.000906550616491586,0.0,0.0,7369,
237,,,,7377,0.0009263316751457751
238,0.0009418902918696404,0.0,0.0,7379,
238,0.0009286467102356255,0.0,0.0,7389,
238,0.0009009548812173307,0.0,0.0,7399,
238,,,,7408,0.0009362055570818484
239,0.0009324566344730556,0.0,0.0,7409,
239,0.0008928023162297904,0.0,0.0,7419,
239,0.0008707367233000696,0.0,0.0,7429,
239,0.00022128310229163617,0.0,0.0,7439,
239,,,,7439,0.0009494280093349516
240,0.0009551148395985365,0.0,0.0,7449,
240,0.000927017186768353,0.0,0.0,7459,
240,0.0008847121498547494,0.0,0.0,7469,
240,,,,7470,0.0009403644362464547
241,0.0009174559963867068,0.0,0.0,7479,
241,0.0008500853436999023,0.0,0.0,7489,
241,0.0009261922677978873,0.0,0.0,7499,
241,,,,7501,0.0009179957560263574
242,0.0009173253201879561,0.0,0.0,7509,
242,0.0007986602722667158,0.0,0.0,7519,
242,0.0009654825553297997,0.0,0.0,7529,
242,,,,7532,0.0009068665676750243
243,0.0009335095528513193,0.0,0.0,7539,
243,0.0008244867203757167,0.0,0.0,7549,
243,0.0008921130211092532,0.0,0.0,7559,
243,,,,7563,0.0009293468319810927
244,0.0009943613549694419,0.0,0.0,7569,
244,0.0009624391095712781,0.0,0.0,7579,
244,0.000898020516615361,0.0,0.0,7589,
244,,,,7594,0.0009414094965904951
245,0.0010401785839349031,0.0,0.0,7599,
245,0.0008481739205308259,0.0,0.0,7609,
245,0.0008436870411969721,0.0,0.0,7619,
245,,,,7625,0.0009345865109935403
246,0.000987465726211667,0.0,0.0,7629,
246,0.0009075716370716691,0.0,0.0,7639,
246,0.0008806980331428349,0.0,0.0,7649,
246,,,,7656,0.0009283461258746684
247,0.0010858282912522554,0.0,0.0,7659,
247,0.0010164122795686126,0.0,0.0,7669,
247,0.0008819907670840621,0.0,0.0,7679,
247,,,,7687,0.0010147386929020286
248,0.0010835498105734587,0.0,0.0,7689,
248,0.0009555686265230179,0.0,0.0,7699,
248,0.0008683466003276408,0.0,0.0,7709,
248,,,,7718,0.000910538830794394
249,0.0009089798550121486,0.0,0.0,7719,
249,0.0008535548695363104,0.0,0.0,7729,
249,0.0008321144268848002,0.0,0.0,7739,
249,0.00021140075114089996,0.0,0.0,7749,
249,,,,7749,0.0009026160696521401
250,0.0009104546625167131,0.0,0.0,7759,
250,0.0008924418943934143,0.0,0.0,7769,
250,0.0008518361137248576,0.0,0.0,7779,
250,,,,7780,0.0008787006372585893
251,0.000870074552949518,0.0,0.0,7789,
251,0.0008121986174955964,0.0,0.0,7799,
251,0.000891774776391685,0.0,0.0,7809,
251,,,,7811,0.0009060088777914643
252,0.0009060404845513403,0.0,0.0,7819,
252,0.0007749913493171334,0.0,0.0,7829,
252,0.0008994132513180375,0.0,0.0,7839,
252,,,,7842,0.0008823450189083815
253,0.000859927327837795,0.0,0.0,7849,
253,0.0007967722485773265,0.0,0.0,7859,
253,0.0008391570881940424,0.0,0.0,7869,
253,,,,7873,0.0008890766184777021
254,0.0008542640134692192,0.0,0.0,7879,
254,0.0009383951546624303,0.0,0.0,7889,
254,0.0008695953874848783,0.0,0.0,7899,
254,,,,7904,0.0008815251640044153
255,0.0009329002350568771,0.0,0.0,7909,
255,0.0008133286028169096,0.0,0.0,7919,
255,0.0008182458695955575,0.0,0.0,7929,
255,,,,7935,0.0008807676495052874
256,0.0009437597473151982,0.0,0.0,7939,
256,0.0008480845135636628,0.0,0.0,7949,
256,0.0008301975904032588,0.0,0.0,7959,
256,,,,7966,0.0008778033079579473
257,0.0009466534247621894,0.0,0.0,7969,
257,0.0009132241830229759,0.0,0.0,7979,
257,0.0008002363611012697,0.0,0.0,7989,
257,,,,7997,0.0008800151408649981
258,0.0009444883326068521,0.0,0.0,7999,
258,0.0008785154204815626,0.0,0.0,8009,
258,0.0008236055145971477,0.0,0.0,8019,
258,,,,8028,0.0008942016283981502
259,0.0008955913363024592,0.0,0.0,8029,
259,0.0008533688960596919,0.0,0.0,8039,
259,0.0008057507802732289,0.0,0.0,8049,
259,0.00020820306963287294,0.0,0.0,8059,
259,,,,8059,0.000902025552932173
260,0.0009069827501662076,0.0,0.0,8069,
260,0.0008502722484990954,0.0,0.0,8079,
260,0.0008080150000751019,0.0,0.0,8089,
260,,,,8090,0.0008591225487180054
261,0.0008222374599426985,0.0,0.0,8099,
261,0.0007712841616012156,0.0,0.0,8109,
261,0.0008495515212416649,0.0,0.0,8119,
261,,,,8121,0.0008286693482659757
262,0.0008206359343603253,0.0,0.0,8129,
262,0.0007265538442879915,0.0,0.0,8139,
262,0.0008537297835573554,0.0,0.0,8149,
262,,,,8152,0.0008353728335350752
263,0.0008167936466634274,0.0,0.0,8159,
263,0.0007521188817918301,0.0,0.0,8169,
263,0.0007994943880476058,0.0,0.0,8179,
263,,,,8183,0.0008324664668180048
264,0.0008011347381398082,0.0,0.0,8189,
264,0.0008689560927450657,0.0,0.0,8199,
264,0.0008099739206954837,0.0,0.0,8209,
264,,,,8214,0.0008411184535361826
265,0.0008750073611736298,0.0,0.0,8219,
265,0.000765235279686749,0.0,0.0,8229,
265,0.0007683539297431707,0.0,0.0,8239,
265,,,,8245,0.0008258629241026938
266,0.0008718193275853992,0.0,0.0,8249,
266,0.0008301243651658297,0.0,0.0,8259,
266,0.000807106785941869,0.0,0.0,8269,
266,,,,8276,0.0008318085456266999
267,0.0008773370645940304,0.0,0.0,8279,
267,0.0008900713874027133,0.0,0.0,8289,
267,0.000767675694078207,0.0,0.0,8299,
267,,,,8307,0.0008245195494964719
268,0.0008520649862475693,0.0,0.0,8309,
268,0.0008120469865389168,0.0,0.0,8319,
268,0.0007645886507816613,0.0,0.0,8329,
268,,,,8338,0.0008157643023878336
269,0.000816018262412399,0.0,0.0,8339,
269,0.0007638841634616256,0.0,0.0,8349,
269,0.0007557726348750293,0.0,0.0,8359,
269,0.00019206352590117604,0.0,0.0,8369,
269,,,,8369,0.0008068265742622316
270,0.0008320962660945952,0.0,0.0,8379,
270,0.000807127624284476,0.0,0.0,8389,
270,0.0007640452240593731,0.0,0.0,8399,
270,,,,8400,0.0008027256117202342
271,0.0007874955772422254,0.0,0.0,8409,
271,0.0007327059283852577,0.0,0.0,8419,
271,0.0007977819186635315,0.0,0.0,8429,
271,,,,8431,0.0008114447700791061
272,0.0007950446452014148,0.0,0.0,8439,
272,0.0006970824324525893,0.0,0.0,8449,
272,0.0008157707052305341,0.0,0.0,8459,
272,,,,8462,0.0008140125428326428
273,0.000775173946749419,0.0,0.0,8469,
273,0.0007061512442305684,0.0,0.0,8479,
273,0.0007584355771541595,0.0,0.0,8489,
273,,,,8493,0.000790218822658062
274,0.0007515408215112984,0.0,0.0,8499,
274,0.0008293635910376906,0.0,0.0,8509,
274,0.0007822519983164966,0.0,0.0,8519,
274,,,,8524,0.0007718310225754976
275,0.0008436058415099978,0.0,0.0,8529,
275,0.0007382029434666038,0.0,0.0,8539,
275,0.0007235248922370374,0.0,0.0,8549,
275,,,,8555,0.0007639912073500454
276,0.0008688220987096429,0.0,0.0,8559,
276,0.0007662704447284341,0.0,0.0,8569,
276,0.00075223867315799,0.0,0.0,8579,
276,,,,8586,0.0007711746147833765
277,0.0009529660455882549,0.0,0.0,8589,
277,0.0008434538030996919,0.0,0.0,8599,
277,0.0007337568677030504,0.0,0.0,8609,
277,,,,8617,0.0008741241763345897
278,0.0009397177491337061,0.0,0.0,8619,
278,0.0008230455568991601,0.0,0.0,8629,
278,0.0007340579177252948,0.0,0.0,8639,
278,,,,8648,0.0007622005068697035
279,0.0007611230248585343,0.0,0.0,8649,
279,0.0007439484470523894,0.0,0.0,8659,
279,0.0007201899425126612,0.0,0.0,8669,
279,0.00018233641458209604,0.0,0.0,8679,
279,,,,8679,0.0007684157462790608
280,0.000801635324023664,0.0,0.0,8689,
280,0.0007606724975630641,0.0,0.0,8699,
280,0.0007169009768404067,0.0,0.0,8709,
280,,,,8710,0.0007702243165113032
281,0.0007460105116479099,0.0,0.0,8719,
281,0.0006946144276298583,0.0,0.0,8729,
281,0.000744894496165216,0.0,0.0,8739,
281,,,,8741,0.000767603749409318
282,0.0007458736072294414,0.0,0.0,8749,
282,0.0006575456354767084,0.0,0.0,8759,
282,0.0007699800771661103,0.0,0.0,8769,
282,,,,8772,0.000761423900257796
283,0.0007303105085156858,0.0,0.0,8779,
283,0.0006659222999587655,0.0,0.0,8789,
283,0.000714399793650955,0.0,0.0,8799,
283,,,,8803,0.0007498636841773987
284,0.0007137656211853027,0.0,0.0,8809,
284,0.0007888679392635822,0.0,0.0,8819,
284,0.0007312117959372699,0.0,0.0,8829,
284,,,,8834,0.0007364017073996365
285,0.0007993587059900165,0.0,0.0,8839,
285,0.0007063725497573614,0.0,0.0,8849,
285,0.0006856768159195781,0.0,0.0,8859,
285,,,,8865,0.0007280358695425093
286,0.0008316264138557017,0.0,0.0,8869,
286,0.0007318513235077262,0.0,0.0,8879,
286,0.0007144770352169871,0.0,0.0,8889,
286,,,,8896,0.0007318095886148512
287,0.0008596644038334489,0.0,0.0,8899,
287,0.0007849319954402745,0.0,0.0,8909,
287,0.0006862559821456671,0.0,0.0,8919,
287,,,,8927,0.0007944724056869745
288,0.000865698151756078,0.0,0.0,8929,
288,0.0007800984312780201,0.0,0.0,8939,
288,0.0007131585152819753,0.0,0.0,8949,
288,,,,8958,0.0007480629137717187
289,0.0007424564100801945,0.0,0.0,8959,
289,0.000703941157553345,0.0,0.0,8969,
289,0.0006817131070420146,0.0,0.0,8979,
289,0.0001777689903974533,0.0,0.0,8989,
289,,,,8989,0.0007419154280796647
290,0.000756490626372397,0.0,0.0,8999,
290,0.0007200262625701725,0.0,0.0,9009,
290,0.0006769431638531387,0.0,0.0,9019,
290,,,,9020,0.0007262956351041794
291,0.0006998059106990695,0.0,0.0,9029,
291,0.0006543452036567032,0.0,0.0,9039,
291,0.0007020090124569833,0.0,0.0,9049,
291,,,,9051,0.000721616146620363
292,0.0006999352481216192,0.0,0.0,9059,
292,0.0006183833465911448,0.0,0.0,9069,
292,0.0007346221245825291,0.0,0.0,9079,
292,,,,9082,0.0007159450906328857
293,0.0006947969668544829,0.0,0.0,9089,
293,0.0006320965476334095,0.0,0.0,9099,
293,0.0006766193546354771,0.0,0.0,9109,
293,,,,9113,0.0007096946355886757
294,0.0006856713443994522,0.0,0.0,9119,
294,0.0007510759169235826,0.0,0.0,9129,
294,0.000685820123180747,0.0,0.0,9139,
294,,,,9144,0.0007050127605907619
295,0.0007656078087165952,0.0,0.0,9149,
295,0.0006787675665691495,0.0,0.0,9159,
295,0.000648564426228404,0.0,0.0,9169,
295,,,,9175,0.0007047992548905313
296,0.0008159002172760665,0.0,0.0,9179,
296,0.0007064688252285123,0.0,0.0,9189,
296,0.0006738001247867942,0.0,0.0,9199,
296,,,,9206,0.0007104913820512593
297,0.0008245103526860476,0.0,0.0,9209,
297,0.0007360677700489759,0.0,0.0,9219,
297,0.0006384382140822709,0.0,0.0,9229,
297,,,,9237,0.0007119489018805325
298,0.0007582829566672444,0.0,0.0,9239,
298,0.0006864723982289433,0.0,0.0,9249,
298,0.0006481687305495143,0.0,0.0,9259,
298,,,,9268,0.0007167619187384844
299,0.0007130230078473687,0.0,0.0,9269,
299,0.0006519569433294237,0.0,0.0,9279,
299,0.000643609615508467,0.0,0.0,9289,
299,0.00017634029791224748,0.0,0.0,9299,
299,,,,9299,0.0006906002527102828
300,0.0007014698348939419,0.0,0.0,9309,
300,0.0006821827846579254,0.0,0.0,9319,
300,0.0006377045065164566,0.0,0.0,9329,
300,,,,9330,0.0006771835032850504
301,0.0006561083719134331,0.0,0.0,9339,
301,0.0006143407081253827,0.0,0.0,9349,
301,0.0006872827652841806,0.0,0.0,9359,
301,,,,9361,0.0006728763110004365
302,0.0006664512911811471,0.0,0.0,9369,
302,0.0005843031103722751,0.0,0.0,9379,
302,0.0007113163592293859,0.0,0.0,9389,
302,,,,9392,0.0006664284155704081
303,0.0006960371392779052,0.0,0.0,9399,
303,0.0006029544747434556,0.0,0.0,9409,
303,0.0006434312672354281,0.0,0.0,9419,
303,,,,9423,0.0006693634786643088
304,0.0006715946365147829,0.0,0.0,9429,
304,0.0007161818793974817,0.0,0.0,9439,
304,0.0006538339075632393,0.0,0.0,9449,
304,,,,9454,0.0007731548394076526
305,0.0007050705025903881,0.0,0.0,9459,
305,0.0006737812072969973,0.0,0.0,9469,
305,0.0006178796757012606,0.0,0.0,9479,
305,,,,9485,0.0006700896192342043
306,0.0007260407437570393,0.0,0.0,9489,
306,0.0006605168455280364,0.0,0.0,9499,
306,0.000640625599771738,0.0,0.0,9509,
306,,,,9516,0.0006664029788225889
307,0.0007063649245537817,0.0,0.0,9519,
307,0.0006901606102474034,0.0,0.0,9529,
307,0.0006047724164091051,0.0,0.0,9539,
307,,,,9547,0.0006674767937511206
308,0.0006960360915400088,0.0,0.0,9549,
308,0.0006511390092782676,0.0,0.0,9559,
308,0.0006167349056340754,0.0,0.0,9569,
308,,,,9578,0.0006607661489397287
309,0.0006572957499884069,0.0,0.0,9579,
309,0.0006275342893786728,0.0,0.0,9589,
309,0.0006170260603539646,0.0,0.0,9599,
309,0.0001635775697650388,0.0,0.0,9609,
309,,,,9609,0.0006530380342155695
310,0.0006768353632651269,0.0,0.0,9619,
310,0.000645984779112041,0.0,0.0,9629,
310,0.0006103072664700449,0.0,0.0,9639,
310,,,,9640,0.0006493384134955704
311,0.0006220532231964171,0.0,0.0,9649,
311,0.0005839551449753344,0.0,0.0,9659,
311,0.0006383877480402589,0.0,0.0,9669,
311,,,,9671,0.0006500514573417604
312,0.0006261388771235943,0.0,0.0,9679,
312,0.0005555187235586345,0.0,0.0,9689,
312,0.0006652441807091236,0.0,0.0,9699,
312,,,,9702,0.0006577027961611748
313,0.0006413754308596253,0.0,0.0,9709,
313,0.0005693313432857394,0.0,0.0,9719,
313,0.0005956279928795993,0.0,0.0,9729,
313,,,,9733,0.0006826083408668637
314,0.0006272646714933217,0.0,0.0,9739,
314,0.0006697443895973265,0.0,0.0,9749,
314,0.0006010778597556055,0.0,0.0,9759,
314,,,,9764,0.0006321168038994074
315,0.0006623800145462155,0.0,0.0,9769,
315,0.0006011422374285758,0.0,0.0,9779,
315,0.0005862809484824538,0.0,0.0,9789,
315,,,,9795,0.0006313280900940299
316,0.0006968638626858592,0.0,0.0,9799,
316,0.000630234251730144,0.0,0.0,9809,
316,0.0006151889683678746,0.0,0.0,9819,
316,,,,9826,0.0006294581689871848
317,0.0006686766864731908,0.0,0.0,9829,
317,0.0006591908750124276,0.0,0.0,9839,
317,0.0005838618380948901,0.0,0.0,9849,
317,,,,9857,0.0006266789860092103
318,0.000635043194051832,0.0,0.0,9859,
318,0.0006186346290633082,0.0,0.0,9869,
318,0.0005915192887187004,0.0,0.0,9879,
318,,,,9888,0.0006256236229091883
319,0.0006209300481714308,0.0,0.0,9889,
319,0.0005829557776451111,0.0,0.0,9899,
319,0.0005874524940736592,0.0,0.0,9909,
319,0.00016312298248521984,0.0,0.0,9919,
319,,,,9919,0.0006217025802470744
320,0.0006335710058920085,0.0,0.0,9929,
320,0.000618470017798245,0.0,0.0,9939,
320,0.0005818966310471296,0.0,0.0,9949,
320,,,,9950,0.0006148007814772427
321,0.0005912338965572417,0.0,0.0,9959,
321,0.0005557246040552855,0.0,0.0,9969,
321,0.0006091773393563926,0.0,0.0,9979,
321,,,,9981,0.0006090211099945009
322,0.0005828058929182589,0.0,0.0,9989,
322,0.0005255132564343512,0.0,0.0,9999,
322,0.0006357070524245501,0.0,0.0,10009,
322,,,,10012,0.0006033880636096001
323,0.0006014276877976954,0.0,0.0,10019,
323,0.0005485826404765248,0.0,0.0,10029,
323,0.0005715377046726644,0.0,0.0,10039,
323,,,,10043,0.0006022222805768251
324,0.000620876788161695,0.0,0.0,10049,
324,0.0006459372816607356,0.0,0.0,10059,
324,0.0005873385234735906,0.0,0.0,10069,
324,,,,10074,0.0006120043690316379
325,0.0006923593464307487,0.0,0.0,10079,
325,0.0006005059694871306,0.0,0.0,10089,
325,0.0005916100926697254,0.0,0.0,10099,
325,,,,10105,0.0007230982300825417
326,0.000644619925878942,0.0,0.0,10109,
326,0.0005902008851990104,0.0,0.0,10119,
326,0.0005922494456171989,0.0,0.0,10129,
326,,,,10136,0.0006147791864350438
327,0.0005998149863444269,0.0,0.0,10139,
327,0.0006282397662289441,0.0,0.0,10149,
327,0.0005474198842421174,0.0,0.0,10159,
327,,,,10167,0.0005956966197118163
328,0.0005810022121295333,0.0,0.0,10169,
328,0.0006009673816151917,0.0,0.0,10179,
328,0.0005619070725515485,0.0,0.0,10189,
328,,,,10198,0.0005914387875236571
329,0.0005861457902938128,0.0,0.0,10199,
329,0.0005598446587100625,0.0,0.0,10209,
329,0.0005550961359404027,0.0,0.0,10219,
329,0.000152870241436176,0.0,0.0,10229,
329,,,,10229,0.000590571784414351
330,0.000605731038376689,0.0,0.0,10239,
330,0.0005915465881116688,0.0,0.0,10249,
330,0.0005496572121046484,0.0,0.0,10259,
330,,,,10260,0.000595430436078459
331,0.0005867594736628234,0.0,0.0,10269,
331,0.0005388699937611818,0.0,0.0,10279,
331,0.0005696642328985035,0.0,0.0,10289,
331,,,,10291,0.000587868329603225
332,0.0005675076972693205,0.0,0.0,10299,
332,0.0005016031791456044,0.0,0.0,10309,
332,0.000599933264311403,0.0,0.0,10319,
332,,,,10322,0.0005763436201959848
333,0.0005541999125853181,0.0,0.0,10329,
333,0.0005151376244612038,0.0,0.0,10339,
333,0.0005580367287620902,0.0,0.0,10349,
333,,,,10353,0.0005703441565856338
334,0.0005802079103887081,0.0,0.0,10359,
334,0.000613139069173485,0.0,0.0,10369,
334,0.0005676754517480731,0.0,0.0,10379,
334,,,,10384,0.0005841823876835406
335,0.0006800431292504072,0.0,0.0,10389,
335,0.0005538202822208405,0.0,0.0,10399,
335,0.0005300684715621173,0.0,0.0,10409,
335,,,,10415,0.0005832014139741659
336,0.0006034730467945337,0.0,0.0,10419,
336,0.0005574374808929861,0.0,0.0,10429,
336,0.000553629535716027,0.0,0.0,10439,
336,,,,10446,0.0005614656838588417
337,0.0005734858568757772,0.0,0.0,10449,
337,0.0005898310337215662,0.0,0.0,10459,
337,0.0005151425139047205,0.0,0.0,10469,
337,,,,10477,0.0005706267547793686
338,0.000575612357351929,0.0,0.0,10479,
338,0.0005652980180457234,0.0,0.0,10489,
338,0.0005355029716156423,0.0,0.0,10499,
338,,,,10508,0.0006327054579742253
339,0.0006239333306439221,0.0,0.0,10509,
339,0.0005584901664406061,0.0,0.0,10519,
339,0.0005475468351505697,0.0,0.0,10529,
339,0.0001573097542859614,0.0,0.0,10539,
339,,,,10539,0.0005702317575924098
340,0.0005677806329913437,0.0,0.0,10549,
340,0.0005509678740054369,0.0,0.0,10559,
340,0.0005206880741752684,0.0,0.0,10569,
340,,,,10570,0.0005495032528415322
341,0.0005362725933082402,0.0,0.0,10579,
341,0.0005037972587160766,0.0,0.0,10589,
341,0.0005453492049127817,0.0,0.0,10599,
341,,,,10601,0.0005526327877305448
342,0.0005662308540195227,0.0,0.0,10609,
342,0.0004972319002263248,0.0,0.0,10619,
342,0.0005746024544350803,0.0,0.0,10629,
342,,,,10632,0.0005490624462254345
343,0.0005277706077322364,0.0,0.0,10639,
343,0.0004981698002666235,0.0,0.0,10649,
343,0.0005193679826334119,0.0,0.0,10659,
343,,,,10663,0.000555718841496855
344,0.0005258641904219985,0.0,0.0,10669,
344,0.0005790847935713828,0.0,0.0,10679,
344,0.0005368335987441242,0.0,0.0,10689,
344,,,,10694,0.0005434383056126535
345,0.0005729172262363136,0.0,0.0,10699,
345,0.0005298693431541324,0.0,0.0,10709,
345,0.0005201674066483974,0.0,0.0,10719,
345,,,,10725,0.0005377140478231013
346,0.0005818951176479459,0.0,0.0,10729,
346,0.0005411884631030262,0.0,0.0,10739,
346,0.0005313048022799194,0.0,0.0,10749,
346,,,,10756,0.0005370602011680603
347,0.0005452389013953507,0.0,0.0,10759,
347,0.000564513960853219,0.0,0.0,10769,
347,0.0004920501378364861,0.0,0.0,10779,
347,,,,10787,0.00053399772150442
348,0.0005120895220898092,0.0,0.0,10789,
348,0.0005397641798481345,0.0,0.0,10799,
348,0.0005098657566122711,0.0,0.0,10809,
348,,,,10818,0.0005277178715914488
349,0.0005222355248406529,0.0,0.0,10819,
349,0.0005152841913513839,0.0,0.0,10829,
349,0.0005074457149021327,0.0,0.0,10839,
349,0.0001372306578559801,0.0,0.0,10849,
349,,,,10849,0.0005267460946924984
350,0.0005857989890500903,0.0,0.0,10859,
350,0.0005382452509365976,0.0,0.0,10869,
350,0.0004994004848413169,0.0,0.0,10879,
350,,,,10880,0.0005551208159886301
351,0.0005233953124843538,0.0,0.0,10889,
351,0.0004931880393996835,0.0,0.0,10899,
351,0.00053397286683321,0.0,0.0,10909,
351,,,,10911,0.0005192574462853372
352,0.0005038952804170549,0.0,0.0,10919,
352,0.00045260810293257236,0.0,0.0,10929,
352,0.0005510009359568357,0.0,0.0,10939,
352,,,,10942,0.000522877206094563
353,0.0005712194251827896,0.0,0.0,10949,
353,0.00047324286424554884,0.0,0.0,10959,
353,0.000481054768897593,0.0,0.0,10969,
353,,,,10973,0.0005180041189305484
354,0.0005039969109930098,0.0,0.0,10979,
354,0.0005445824936032295,0.0,0.0,10989,
354,0.0004984004190191627,0.0,0.0,10999,
354,,,,11004,0.0005135779501870275
355,0.0005749303381890059,0.0,0.0,11009,
355,0.0004978124634362757,0.0,0.0,11019,
355,0.0004874521109741181,0.0,0.0,11029,
355,,,,11035,0.0005143698072060943
356,0.000574521953240037,0.0,0.0,11039,
356,0.0005086058517917991,0.0,0.0,11049,
356,0.0004980774829164147,0.0,0.0,11059,
356,,,,11066,0.0005102076102048159
357,0.0005080114351585507,0.0,0.0,11069,
357,0.0005292811547406018,0.0,0.0,11079,
357,0.000464904704131186,0.0,0.0,11089,
357,,,,11097,0.0005071789491921663
358,0.0004949714057147503,0.0,0.0,11099,
358,0.0005208284128457308,0.0,0.0,11109,
358,0.0004939787904731929,0.0,0.0,11119,
358,,,,11128,0.0005228132358752191
359,0.000517061969731003,0.0,0.0,11129,
359,0.0004912298172712326,0.0,0.0,11139,
359,0.000488953257445246,0.0,0.0,11149,
359,0.0001326023048022762,0.0,0.0,11159,
359,,,,11159,0.000508577679283917
360,0.0005326406680978835,0.0,0.0,11169,
360,0.000507086340803653,0.0,0.0,11179,
360,0.0004755395057145506,0.0,0.0,11189,
360,,,,11190,0.0005062387208454311
361,0.000482388015370816,0.0,0.0,11199,
361,0.00045801655505783856,0.0,0.0,11209,
361,0.0004838301974814385,0.0,0.0,11219,
361,,,,11221,0.0004960192018188536
362,0.00047504372196272016,0.0,0.0,11229,
362,0.00042991002555936575,0.0,0.0,11239,
362,0.000519394117873162,0.0,0.0,11249,
362,,,,11252,0.0004936560289934278
363,0.0004817236913368106,0.0,0.0,11259,
363,0.0004466690879780799,0.0,0.0,11269,
363,0.0004677553952205926,0.0,0.0,11279,
363,,,,11283,0.000490774167701602
364,0.0005082752904854715,0.0,0.0,11289,
364,0.000531188037712127,0.0,0.0,11299,
364,0.0004943659878335893,0.0,0.0,11309,
364,,,,11314,0.0004963866085745394
365,0.0005693986313417554,0.0,0.0,11319,
365,0.0004943291423842311,0.0,0.0,11329,
365,0.00048372228047810495,0.0,0.0,11339,
365,,,,11345,0.0004940815269947052
366,0.0005098787951283157,0.0,0.0,11349,
366,0.0004956108168698847,0.0,0.0,11359,
366,0.000486057746456936,0.0,0.0,11369,
366,,,,11376,0.0004827795783057809
367,0.00045075773959979415,0.0,0.0,11379,
367,0.0005077715031802654,0.0,0.0,11389,
367,0.0004429566324688494,0.0,0.0,11399,
367,,,,11407,0.000482878735056147
368,0.00045649809180758893,0.0,0.0,11409,
368,0.0005062530981376767,0.0,0.0,11419,
368,0.000469974271254614,0.0,0.0,11429,
368,,,,11438,0.0004848760727327317
369,0.00047865358646959066,0.0,0.0,11439,
369,0.00045356425107456744,0.0,0.0,11449,
369,0.000459821370895952,0.0,0.0,11459,
369,0.00012794206850230694,0.0,0.0,11469,
369,,,,11469,0.0004800186725333333
370,0.0004914047312922776,0.0,0.0,11479,
370,0.00047647030442021787,0.0,0.0,11489,
370,0.0004507809935603291,0.0,0.0,11499,
370,,,,11500,0.0004762070020660758
371,0.00045495040831156075,0.0,0.0,11509,
371,0.00043450071825645864,0.0,0.0,11519,
371,0.0004626484587788582,0.0,0.0,11529,
371,,,,11531,0.00047880670172162354
372,0.00047079555224627256,0.0,0.0,11539,
372,0.0004183461715001613,0.0,0.0,11549,
372,0.0004943888052366674,0.0,0.0,11559,
372,,,,11562,0.00048422568943351507
373,0.00046896032290533185,0.0,0.0,11569,
373,0.00042383529944345355,0.0,0.0,11579,
373,0.000436172733316198,0.0,0.0,11589,
373,,,,11593,0.00047092445311136544
374,0.0005044855060987175,0.0,0.0,11599,
374,0.0004909918643534184,0.0,0.0,11609,
374,0.0004526810662355274,0.0,0.0,11619,
374,,,,11624,0.0004704948514699936
375,0.0005408953875303268,0.0,0.0,11629,
375,0.0004643780703190714,0.0,0.0,11639,
375,0.0004415721050463617,0.0,0.0,11649,
375,,,,11655,0.0005080231348983943
376,0.0005498963873833418,0.0,0.0,11659,
376,0.0004896241589449346,0.0,0.0,11669,
376,0.0004568908188957721,0.0,0.0,11679,
376,,,,11686,0.0004918266786262393
377,0.0004554668557830155,0.0,0.0,11689,
377,0.0004952116287313402,0.0,0.0,11699,
377,0.00042962649604305625,0.0,0.0,11709,
377,,,,11717,0.0004690646019298583
378,0.0004566045245155692,0.0,0.0,11719,
378,0.000489716709125787,0.0,0.0,11729,
378,0.00044550918391905725,0.0,0.0,11739,
378,,,,11748,0.00045868632150813937
379,0.00045018477248959243,0.0,0.0,11749,
379,0.0004323265457060188,0.0,0.0,11759,
379,0.0004373285046312958,0.0,0.0,11769,
379,0.00012234838504809886,0.0,0.0,11779,
379,,,,11779,0.0004563014954328537
380,0.0004657234239857644,0.0,0.0,11789,
380,0.0004559069056995213,0.0,0.0,11799,
380,0.00043142883805558085,0.0,0.0,11809,
380,,,,11810,0.0004598965751938522
381,0.000447308731963858,0.0,0.0,11819,
381,0.00041751927346922457,0.0,0.0,11829,
381,0.00044003536459058523,0.0,0.0,11839,
381,,,,11841,0.0004521249793469906
382,0.00046454707626253366,0.0,0.0,11849,
382,0.00039546407060697675,0.0,0.0,11859,
382,0.00047460192581638694,0.0,0.0,11869,
382,,,,11872,0.0004517080378718674
383,0.0005151160294190049,0.0,0.0,11879,
383,0.0004166375729255378,0.0,0.0,11889,
383,0.000411058688769117,0.0,0.0,11899,
383,,,,11903,0.00045376960770227015
384,0.0004527471028268337,0.0,0.0,11909,
384,0.00047778571024537086,0.0,0.0,11919,
384,0.0004281470028217882,0.0,0.0,11929,
384,,,,11934,0.0004715791146736592
385,0.0005018500378355384,0.0,0.0,11939,
385,0.0004420619807206094,0.0,0.0,11949,
385,0.00042191584361717105,0.0,0.0,11959,
385,,,,11965,0.00046587715041823685
386,0.0005058422684669495,0.0,0.0,11969,
386,0.0004536669293884188,0.0,0.0,11979,
386,0.00042942073196172714,0.0,0.0,11989,
386,,,,11996,0.00044236352550797164
387,0.00042104831663891673,0.0,0.0,11999,
387,0.0004576306673698127,0.0,0.0,12009,
387,0.00040094993892125785,0.0,0.0,12019,
387,,,,12027,0.0004391162656247616
388,0.0004121973761357367,0.0,0.0,12029,
388,0.00045933769433759153,0.0,0.0,12039,
388,0.00042025017319247127,0.0,0.0,12049,
388,,,,12058,0.00044283521128818393
389,0.00043508943053893745,0.0,0.0,12059,
389,0.00042674390715546906,0.0,0.0,12069,
389,0.0004220895643811673,0.0,0.0,12079,
389,0.000117059527838137,0.0,0.0,12089,
389,,,,12089,0.00043589595588855445
390,0.0004361439205240458,0.0,0.0,12099,
390,0.0004339189035817981,0.0,0.0,12109,
390,0.0004145927377976477,0.0,0.0,12119,
390,,,,12120,0.0004317952261772007
391,0.0004346670175436884,0.0,0.0,12129,
391,0.0003986666561104357,0.0,0.0,12139,
391,0.0004173046036157757,0.0,0.0,12149,
391,,,,12151,0.0004303130554035306
392,0.00047544046537950635,0.0,0.0,12159,
392,0.00037586307735182345,0.0,0.0,12169,
392,0.00044712531962431967,0.0,0.0,12179,
392,,,,12182,0.00043491768883541226
393,0.0004328658396843821,0.0,0.0,12189,
393,0.00038558608503080904,0.0,0.0,12199,
393,0.00039473059587180614,0.0,0.0,12209,
393,,,,12213,0.000429178326157853
394,0.0004124361148569733,0.0,0.0,12219,
394,0.0004504549433477223,0.0,0.0,12229,
394,0.00040504513890482485,0.0,0.0,12239,
394,,,,12244,0.0004239903064444661
395,0.0004666736931540072,0.0,0.0,12249,
395,0.00040638187783770263,0.0,0.0,12259,
395,0.00039853417547419667,0.0,0.0,12269,
395,,,,12275,0.0004246719181537628
396,0.00046556114102713764,0.0,0.0,12279,
396,0.0004244625160936266,0.0,0.0,12289,
396,0.00041247799526900053,0.0,0.0,12299,
396,,,,12306,0.0004208646423649043
397,0.00045559584395959973,0.0,0.0,12309,
397,0.0004883041838183999,0.0,0.0,12319,
397,0.0003814741794485599,0.0,0.0,12329,
397,,,,12337,0.00042025212314911187
398,0.00040266834548674524,0.0,0.0,12339,
398,0.0004406249790918082,0.0,0.0,12349,
398,0.00040382277802564204,0.0,0.0,12359,
398,,,,12368,0.00042164407204836607
399,0.0004123294202145189,0.0,0.0,12369,
399,0.00040338042890653014,0.0,0.0,12379,
399,0.00040297480882145464,0.0,0.0,12389,
399,0.00011468377488199621,0.0,0.0,12399,
399,,,,12399,0.0004203826829325408
400,0.00041705320472829044,0.0,0.0,12409,
400,0.00041655002860352397,0.0,0.0,12419,
400,0.0003973623097408563,0.0,0.0,12429,
400,,,,12430,0.00041964853880926967
401,0.0004067512636538595,0.0,0.0,12439,
401,0.00038134693750180304,0.0,0.0,12449,
401,0.00039682965143583715,0.0,0.0,12459,
401,,,,12461,0.0004251131904311478
402,0.00042750107240863144,0.0,0.0,12469,
402,0.00035886664409190416,0.0,0.0,12479,
402,0.00043421072768978775,0.0,0.0,12489,
402,,,,12492,0.00045764929382130504
403,0.00044410221744328737,0.0,0.0,12499,
403,0.0003697650390677154,0.0,0.0,12509,
403,0.0003845088940579444,0.0,0.0,12519,
403,,,,12523,0.0004162083496339619
404,0.0004361957253422588,0.0,0.0,12529,
404,0.00041959353256970644,0.0,0.0,12539,
404,0.0003956508880946785,0.0,0.0,12549,
404,,,,12554,0.000412841240176931
405,0.00048090468044392765,0.0,0.0,12559,
405,0.0003907742502633482,0.0,0.0,12569,
405,0.00037963653448969126,0.0,0.0,12579,
405,,,,12585,0.0004139592929277569
406,0.000427520222729072,0.0,0.0,12589,
406,0.0004011022101622075,0.0,0.0,12599,
406,0.0003944117925129831,0.0,0.0,12609,
406,,,,12616,0.00040792228537611663
407,0.00040179668576456606,0.0,0.0,12619,
407,0.0004240443231537938,0.0,0.0,12629,
407,0.00036708186962641776,0.0,0.0,12639,
407,,,,12647,0.0004091708397027105
408,0.00039971020305529237,0.0,0.0,12649,
408,0.00044932495802640915,0.0,0.0,12659,
408,0.0003872246015816927,0.0,0.0,12669,
408,,,,12678,0.00040626886766403913
409,0.00039503330481238663,0.0,0.0,12679,
409,0.0003850646025966853,0.0,0.0,12689,
409,0.00038730044616386294,0.0,0.0,12699,
409,0.00010956424375763163,0.0,0.0,12709,
409,,,,12709,0.00040045223431661725
410,0.0004086873959749937,0.0,0.0,12719,
410,0.0003973906859755516,0.0,0.0,12729,
410,0.0003802630817517638,0.0,0.0,12739,
410,,,,12740,0.0003971036639995873
411,0.00038338135345838964,0.0,0.0,12749,
411,0.0003642684896476567,0.0,0.0,12759,
411,0.00037473280099220574,0.0,0.0,12769,
411,,,,12771,0.00039581189048476517
412,0.0003748590825125575,0.0,0.0,12779,
412,0.0003454719262663275,0.0,0.0,12789,
412,0.0004097410710528493,0.0,0.0,12799,
412,,,,12802,0.0003953483537770808
413,0.00039563619066029787,0.0,0.0,12809,
413,0.0003551006957422942,0.0,0.0,12819,
413,0.0003593350120354444,0.0,0.0,12829,
413,,,,12833,0.00039354825275950134
414,0.00040314949001185596,0.0,0.0,12839,
414,0.00040306313894689083,0.0,0.0,12849,
414,0.00036999789881519973,0.0,0.0,12859,
414,,,,12864,0.00039223264320753515
415,0.00044975592754781246,0.0,0.0,12869,
415,0.0003732978366315365,0.0,0.0,12879,
415,0.00036404476850293577,0.0,0.0,12889,
415,,,,12895,0.00039113915408961475
416,0.0004464173689484596,0.0,0.0,12899,
416,0.0003911630774382502,0.0,0.0,12909,
416,0.00037528586108237505,0.0,0.0,12919,
416,,,,12926,0.0003899454022757709
417,0.0004025035595986992,0.0,0.0,12929,
417,0.00040894473204389215,0.0,0.0,12939,
417,0.0003454643883742392,0.0,0.0,12949,
417,,,,12957,0.00038797056186012924
418,0.0003671534068416804,0.0,0.0,12959,
418,0.00040225425618700683,0.0,0.0,12969,
418,0.0003663392853923142,0.0,0.0,12979,
418,,,,12988,0.0003863703750539571
419,0.00037405340117402375,0.0,0.0,12989,
419,0.00036456529051065445,0.0,0.0,12999,
419,0.0003690877347253263,0.0,0.0,13009,
419,0.00010510816355235875,0.0,0.0,13019,
419,,,,13019,0.0003848578780889511
420,0.00039052771171554923,0.0,0.0,13029,
420,0.00038107382715679705,0.0,0.0,13039,
420,0.0003635833563748747,0.0,0.0,13049,
420,,,,13050,0.00038253041566349566
421,0.00037236380740068853,0.0,0.0,13059,
421,0.0003483370819594711,0.0,0.0,13069,
421,0.0003576193703338504,0.0,0.0,13079,
421,,,,13081,0.00038118381053209305
422,0.0003844482416752726,0.0,0.0,13089,
422,0.000325747299939394,0.0,0.0,13099,
422,0.00039614670095033944,0.0,0.0,13109,
422,,,,13112,0.00038190066698007286
423,0.0004236514796502888,0.0,0.0,13119,
423,0.0003456343256402761,0.0,0.0,13129,
423,0.0003466831403784454,0.0,0.0,13139,
423,,,,13143,0.00038250707439146936
424,0.00037935757427476346,0.0,0.0,13149,
424,0.00039501182618550956,0.0,0.0,13159,
424,0.0003534465213306248,0.0,0.0,13169,
424,,,,13174,0.000378085213014856
425,0.00043963734060525894,0.0,0.0,13179,
425,0.0003651222214102745,0.0,0.0,13189,
425,0.0003483156324364245,0.0,0.0,13199,
425,,,,13205,0.0003814939991571009
426,0.0004267363983672112,0.0,0.0,13209,
426,0.00038148267776705325,0.0,0.0,13219,
426,0.000365960702765733,0.0,0.0,13229,
426,,,,13236,0.0003859007847495377
427,0.0003995855222456157,0.0,0.0,13239,
427,0.0003840127610601485,0.0,0.0,13249,
427,0.0003345668374095112,0.0,0.0,13259,
427,,,,13267,0.000382126570912078
428,0.0003633593732956797,0.0,0.0,13269,
428,0.00038306397618725896,0.0,0.0,13279,
428,0.00036181468749418855,0.0,0.0,13289,
428,,,,13298,0.00038654045783914626
429,0.00037108600372448564,0.0,0.0,13299,
429,0.0003447401977609843,0.0,0.0,13309,
429,0.00036542865564115345,0.0,0.0,13319,
429,0.00011435875057941303,0.0,0.0,13329,
429,,,,13329,0.000381970516173169
430,0.00036327316774986684,0.0,0.0,13339,
430,0.00036564591573551297,0.0,0.0,13349,
430,0.000358535791747272,0.0,0.0,13359,
430,,,,13360,0.0003711454919539392
431,0.0003562522178981453,0.0,0.0,13369,
431,0.0003339373506605625,0.0,0.0,13379,
431,0.00034168362617492676,0.0,0.0,13389,
431,,,,13391,0.00037074286956340075
432,0.00034487302764318883,0.0,0.0,13399,
432,0.000311901792883873,0.0,0.0,13409,
432,0.00037639474612660706,0.0,0.0,13419,
432,,,,13422,0.0003648504789453
433,0.00034897608566097915,0.0,0.0,13429,
433,0.0003241117228753865,0.0,0.0,13439,
433,0.00032783663482405245,0.0,0.0,13449,
433,,,,13453,0.00036204414209350944
434,0.0003472421958576888,0.0,0.0,13459,
434,0.0003695049381349236,0.0,0.0,13469,
434,0.00033803883707150817,0.0,0.0,13479,
434,,,,13484,0.00035921295057050884
435,0.00039471843047067523,0.0,0.0,13489,
435,0.00034155466710217297,0.0,0.0,13499,
435,0.0003409238706808537,0.0,0.0,13509,
435,,,,13515,0.00035787513479590416
436,0.0003864473837893456,0.0,0.0,13519,
436,0.0003523002378642559,0.0,0.0,13529,
436,0.0003499865997582674,0.0,0.0,13539,
436,,,,13546,0.0003599835035856813
437,0.0004234029329381883,0.0,0.0,13549,
437,0.0004011408891528845,0.0,0.0,13559,
437,0.00032397834002040327,0.0,0.0,13569,
437,,,,13577,0.00037350197089836
438,0.0003629248822107911,0.0,0.0,13579,
438,0.0003714545164257288,0.0,0.0,13589,
438,0.0003467337228357792,0.0,0.0,13599,
438,,,,13608,0.0003778209211304784
439,0.0003616240283008665,0.0,0.0,13609,
439,0.00033286912366747856,0.0,0.0,13619,
439,0.00034495460567995906,0.0,0.0,13629,
439,0.00010498608753550798,0.0,0.0,13639,
439,,,,13639,0.000357302458724007
440,0.0003519127203617245,0.0,0.0,13649,
440,0.0003475408593658358,0.0,0.0,13659,
440,0.0003363436844665557,0.0,0.0,13669,
440,,,,13670,0.00035596502129919827
441,0.00034095783485099673,0.0,0.0,13679,
441,0.00032026905682869256,0.0,0.0,13689,
441,0.0003239413781557232,0.0,0.0,13699,
441,,,,13701,0.0003508848312776536
442,0.0003213086165487766,0.0,0.0,13709,
442,0.000300497718853876,0.0,0.0,13719,
442,0.0003618307819124311,0.0,0.0,13729,
442,,,,13732,0.00034872913965955377
443,0.0003312481567263603,0.0,0.0,13739,
443,0.00031198037322610617,0.0,0.0,13749,
443,0.0003134803264401853,0.0,0.0,13759,
443,,,,13763,0.0003476807032711804
444,0.0003393248189240694,0.0,0.0,13769,
444,0.00035456594196148217,0.0,0.0,13779,
444,0.0003243153332732618,0.0,0.0,13789,
444,,,,13794,0.00034680948010645807
445,0.00037580315256491303,0.0,0.0,13799,
445,0.0003283741243649274,0.0,0.0,13809,
445,0.0003276722854934633,0.0,0.0,13819,
445,,,,13825,0.0003766290901694447
446,0.00045805031550116837,0.0,0.0,13829,
446,0.00034003876498900354,0.0,0.0,13839,
446,0.00033300486393272877,0.0,0.0,13849,
446,,,,13856,0.0003754341450985521
447,0.00045263973879627883,0.0,0.0,13859,
447,0.00037843838799744844,0.0,0.0,13869,
447,0.00033638448803685606,0.0,0.0,13879,
447,,,,13887,0.0003554724098648876
448,0.00031350378412753344,0.0,0.0,13889,
448,0.00035293467226438224,0.0,0.0,13899,
448,0.0003248623397666961,0.0,0.0,13909,
448,,,,13918,0.0003450326039455831
449,0.0003287206345703453,0.0,0.0,13919,
449,0.00031620633671991527,0.0,0.0,13929,
449,0.0003353909123688936,0.0,0.0,13939,
449,0.0001001690689008683,0.0,0.0,13949,
449,,,,13949,0.00034240406239405274
450,0.0003327144659124315,0.0,0.0,13959,
450,0.00034060675534419715,0.0,0.0,13969,
450,0.0003262600803282112,0.0,0.0,13979,
450,,,,13980,0.0003423693997319788
451,0.0003229082503821701,0.0,0.0,13989,
451,0.00031143403612077236,0.0,0.0,13999,
451,0.00031028984813019633,0.0,0.0,14009,
451,,,,14011,0.00034405861515551805
452,0.0003102931659668684,0.0,0.0,14019,
452,0.00029123786953277886,0.0,0.0,14029,
452,0.00034651244641281664,0.0,0.0,14039,
452,,,,14042,0.0003365598095115274
453,0.00031932283309288323,0.0,0.0,14049,
453,0.0002991612418554723,0.0,0.0,14059,
453,0.00030110732768662274,0.0,0.0,14069,
453,,,,14073,0.00033142592292279005
454,0.0003288683365099132,0.0,0.0,14079,
454,0.0003363792784512043,0.0,0.0,14089,
454,0.000314479460939765,0.0,0.0,14099,
454,,,,14104,0.0003303420380689204
455,0.0003615202149376273,0.0,0.0,14109,
455,0.00031382261659018695,0.0,0.0,14119,
455,0.00031153278541751206,0.0,0.0,14129,
455,,,,14135,0.00032857662881724536
456,0.0003493454132694751,0.0,0.0,14139,
456,0.00035112490877509117,0.0,0.0,14149,
456,0.0003232857270631939,0.0,0.0,14159,
456,,,,14166,0.000329885195242241
457,0.0003221018414478749,0.0,0.0,14169,
457,0.00034049886744469404,0.0,0.0,14179,
457,0.0002885504509322345,0.0,0.0,14189,
457,,,,14197,0.0003257629578001797
458,0.0002861212124116719,0.0,0.0,14199,
458,0.00034432669053785503,0.0,0.0,14209,
458,0.00031995371682569385,0.0,0.0,14219,
458,,,,14228,0.00033768400317057967
459,0.00031980694620870054,0.0,0.0,14229,
459,0.0003161487984471023,0.0,0.0,14239,
459,0.00031773268710821867,0.0,0.0,14249,
459,9.585811494616792e-05,0.0,0.0,14259,
459,,,,14259,0.0003293112968094647
460,0.0003254259645473212,0.0,0.0,14269,
460,0.0003205437969882041,0.0,0.0,14279,
460,0.00031157504417933524,0.0,0.0,14289,
460,,,,14290,0.0003247627173550427
461,0.000338004989316687,0.0,0.0,14299,
461,0.0003026454069186002,0.0,0.0,14309,
461,0.00030057691037654877,0.0,0.0,14319,
461,,,,14321,0.00033428260940127075
462,0.0003520689788274467,0.0,0.0,14329,
462,0.00028688987367786467,0.0,0.0,14339,
462,0.0003378039982635528,0.0,0.0,14349,
462,,,,14352,0.0003351149498485029
463,0.0003297707880847156,0.0,0.0,14359,
463,0.0002919780381489545,0.0,0.0,14369,
463,0.00030640678596682847,0.0,0.0,14379,
463,,,,14383,0.0003389983612578362
464,0.0003098132729064673,0.0,0.0,14389,
464,0.00033401837572455406,0.0,0.0,14399,
464,0.0003137387684546411,0.0,0.0,14409,
464,,,,14414,0.00032768072560429573
465,0.00033140971208922565,0.0,0.0,14419,
465,0.0003067249490413815,0.0,0.0,14429,
465,0.00029872433515265584,0.0,0.0,14439,
465,,,,14445,0.0003413699159864336
466,0.0003273010952398181,0.0,0.0,14449,
466,0.0003117837477475405,0.0,0.0,14459,
466,0.0003025414771400392,0.0,0.0,14469,
466,,,,14476,0.000329865695675835
467,0.0003249130677431822,0.0,0.0,14479,
467,0.00032988921157084405,0.0,0.0,14489,
467,0.00027416448574513197,0.0,0.0,14499,
467,,,,14507,0.00031490117544308305
468,0.00028329199994914234,0.0,0.0,14509,
468,0.00032640635618008673,0.0,0.0,14519,
468,0.0003119537723250687,0.0,0.0,14529,
468,,,,14538,0.00031229702290147543
469,0.0002943887666333467,0.0,0.0,14539,
469,0.0002937517419923097,0.0,0.0,14549,
469,0.0003126724623143673,0.0,0.0,14559,
469,8.837306086206809e-05,0.0,0.0,14569,
469,,,,14569,0.0003119685861747712
470,0.00031625357223674655,0.0,0.0,14579,
470,0.0003181132487952709,0.0,0.0,14589,
470,0.00029792971326969564,0.0,0.0,14599,
470,,,,14600,0.00031149634742178023
471,0.00035712026874534786,0.0,0.0,14609,
471,0.0002960285637527704,0.0,0.0,14619,
471,0.0002883004199247807,0.0,0.0,14629,
471,,,,14631,0.0003092468832619488
472,0.00028587825363501906,0.0,0.0,14639,
472,0.0002675633877515793,0.0,0.0,14649,
472,0.0003218247729819268,0.0,0.0,14659,
472,,,,14662,0.00033026805613189936
473,0.0003616941685322672,0.0,0.0,14669,
473,0.00028307607863098383,0.0,0.0,14679,
473,0.00028641102835536003,0.0,0.0,14689,
473,,,,14693,0.0003292945330031216
474,0.0003563593199942261,0.0,0.0,14699,
474,0.0003147201205138117,0.0,0.0,14709,
474,0.0002900486870203167,0.0,0.0,14719,
474,,,,14724,0.0003150193952023983
475,0.00034488673554733396,0.0,0.0,14729,
475,0.0002910108014475554,0.0,0.0,14739,
475,0.00028112740255892277,0.0,0.0,14749,
475,,,,14755,0.00031817518174648285
476,0.0003541683836374432,0.0,0.0,14759,
476,0.0003052033425774425,0.0,0.0,14769,
476,0.0002857342187780887,0.0,0.0,14779,
476,,,,14786,0.00031261012190952897
477,0.0003154652949888259,0.0,0.0,14789,
477,0.00032051416928879917,0.0,0.0,14799,
477,0.00026430003345012665,0.0,0.0,14809,
477,,,,14817,0.00030609683017246425
478,0.00027767434949055314,0.0,0.0,14819,
478,0.0003223889507353306,0.0,0.0,14829,
478,0.0002894680656027049,0.0,0.0,14839,
478,,,,14848,0.0003070326638408005
479,0.0002887253649532795,0.0,0.0,14849,
479,0.0002873843186534941,0.0,0.0,14859,
479,0.00029859456117264926,0.0,0.0,14869,
479,8.742888894630596e-05,0.0,0.0,14879,
479,,,,14879,0.00031521657365374267
480,0.0003250239242333919,0.0,0.0,14889,
480,0.0003130942059215158,0.0,0.0,14899,
480,0.0002885597641579807,0.0,0.0,14909,
480,,,,14910,0.00031111540738493204
481,0.0003033874381799251,0.0,0.0,14919,
481,0.00028983555966988206,0.0,0.0,14929,
481,0.00029146228916943073,0.0,0.0,14939,
481,,,,14941,0.00031755579402670264
482,0.0002826315467245877,0.0,0.0,14949,
482,0.00026363073266111314,0.0,0.0,14959,
482,0.0003103096387349069,0.0,0.0,14969,
482,,,,14972,0.00032785339863039553
483,0.00029298773733899,0.0,0.0,14979,
483,0.00026715098647400737,0.0,0.0,14989,
483,0.00028040618053637445,0.0,0.0,14999,
483,,,,15003,0.0003025589685421437
484,0.0002814855834003538,0.0,0.0,15009,
484,0.00029924025875516236,0.0,0.0,15019,
484,0.0002908828028012067,0.0,0.0,15029,
484,,,,15034,0.00030214228900149465
485,0.0003282867546658963,0.0,0.0,15039,
485,0.0002789813152048737,0.0,0.0,15049,
485,0.0002836257335729897,0.0,0.0,15059,
485,,,,15065,0.00030107394559308887
486,0.0003163638466503471,0.0,0.0,15069,
486,0.0002922863932326436,0.0,0.0,15079,
486,0.00028055746224708855,0.0,0.0,15089,
486,,,,15096,0.00030433060601353645
487,0.00027655274607241154,0.0,0.0,15099,
487,0.00030648158281110227,0.0,0.0,15109,
487,0.00025466064107604325,0.0,0.0,15119,
487,,,,15127,0.0002994373789988458
488,0.0002586029004305601,0.0,0.0,15129,
488,0.00030818916275165975,0.0,0.0,15139,
488,0.00027599517488852143,0.0,0.0,15149,
488,,,,15158,0.0002941882994491607
489,0.0002751632418949157,0.0,0.0,15159,
489,0.0002760473289526999,0.0,0.0,15169,
489,0.00028827329515479505,0.0,0.0,15179,
489,8.901238470571116e-05,0.0,0.0,15189,
489,,,,15189,0.0003019256691914052
490,0.00028731313068419695,0.0,0.0,15199,
490,0.0002906398440245539,0.0,0.0,15209,
490,0.00028864311752840877,0.0,0.0,15219,
490,,,,15220,0.0003565145598258823
491,0.0002922313578892499,0.0,0.0,15229,
491,0.00028170685982331634,0.0,0.0,15239,
491,0.0002890460891649127,0.0,0.0,15249,
491,,,,15251,0.00031663005938753486
492,0.00031573971500620246,0.0,0.0,15259,
492,0.0002923333377111703,0.0,0.0,15269,
492,0.00030667599639855325,0.0,0.0,15279,
492,,,,15282,0.00029443352832458913
493,0.0002759644703473896,0.0,0.0,15289,
493,0.0002567764022387564,0.0,0.0,15299,
493,0.0002602272725198418,0.0,0.0,15309,
493,,,,15313,0.00030283743399195373
494,0.00026900204829871655,0.0,0.0,15319,
494,0.0002891261246986687,0.0,0.0,15329,
494,0.0002835779741872102,0.0,0.0,15339,
494,,,,15344,0.00029297234141267836
495,0.00030398325179703534,0.0,0.0,15349,
495,0.00027176589355804026,0.0,0.0,15359,
495,0.0002740768832154572,0.0,0.0,15369,
495,,,,15375,0.0002900793915614486
496,0.00029983834247104824,0.0,0.0,15379,
496,0.000280817155726254,0.0,0.0,15389,
496,0.00027332312311045825,0.0,0.0,15399,
496,,,,15406,0.00028774701058864594
497,0.0002727998071350157,0.0,0.0,15409,
497,0.0002968341577798128,0.0,0.0,15419,
497,0.00024336711794603616,0.0,0.0,15429,
497,,,,15437,0.0002859414671547711
498,0.00025264278519898653,0.0,0.0,15439,
498,0.0002955953241325915,0.0,0.0,15449,
498,0.000274577469099313,0.0,0.0,15459,
498,,,,15468,0.00028365018079057336
499,0.0002643136540427804,0.0,0.0,15469,
499,0.0002632667892612517,0.0,0.0,15479,
499,0.00027932992088608444,0.0,0.0,15489,
499,8.139231795212254e-05,0.0,0.0,15499,
499,,,,15499,0.0002852033940143883
500,0.00027481673168949783,0.0,0.0,15509,
500,0.00028160566580481827,0.0,0.0,15519,
500,0.00026788614923134446,0.0,0.0,15529,
500,,,,15530,0.00027981711900793016
501,0.00029091586475260556,0.0,0.0,15539,
501,0.0002686912484932691,0.0,0.0,15549,
501,0.0002691419213078916,0.0,0.0,15559,
501,,,,15561,0.00030490622157230973
502,0.0002642286999616772,0.0,0.0,15569,
502,0.0002535219246055931,0.0,0.0,15579,
502,0.00029214555979706347,0.0,0.0,15589,
502,,,,15592,0.0003035836562048644
503,0.00030333129689097404,0.0,0.0,15599,
503,0.0002570711658336222,0.0,0.0,15609,
503,0.00025271056802012026,0.0,0.0,15619,
503,,,,15623,0.0002858128282241523
504,0.0002820611116476357,0.0,0.0,15629,
504,0.00028106922400183976,0.0,0.0,15639,
504,0.0002622474275995046,0.0,0.0,15649,
504,,,,15654,0.0002817687636706978
505,0.00034816237166523933,0.0,0.0,15659,
505,0.00026247644564136863,0.0,0.0,15669,
505,0.0002515187952667475,0.0,0.0,15679,
505,,,,15685,0.0002819393412210047
506,0.0003062571631744504,0.0,0.0,15689,
506,0.0002717253810260445,0.0,0.0,15699,
506,0.0002581444859970361,0.0,0.0,15709,
506,,,,15716,0.00028073377325199544
507,0.00028127318364568055,0.0,0.0,15719,
507,0.00029188679764047265,0.0,0.0,15729,
507,0.00023715849965810776,0.0,0.0,15739,
507,,,,15747,0.00028259953251108527
508,0.00026502794935368,0.0,0.0,15749,
508,0.00030874385265633464,0.0,0.0,15759,
508,0.00027180378674529493,0.0,0.0,15769,
508,,,,15778,0.00028898584423586726
509,0.00026977076777257025,0.0,0.0,15779,
509,0.0002575759426690638,0.0,0.0,15789,
509,0.00028753996593877673,0.0,0.0,15799,
509,9.271792805520818e-05,0.0,0.0,15809,
509,,,,15809,0.00028822003514505923
510,0.0002620035083964467,0.0,0.0,15819,
510,0.00028125650715082884,0.0,0.0,15829,
510,0.0002655605785548687,0.0,0.0,15839,
510,,,,15840,0.00030192395206540823
511,0.00025734372320584953,0.0,0.0,15849,
511,0.0002560617576818913,0.0,0.0,15859,
511,0.000244764203671366,0.0,0.0,15869,
511,,,,15871,0.00028590316651389003
512,0.00025163168902508914,0.0,0.0,15879,
512,0.00023779990442562848,0.0,0.0,15889,
512,0.0002833535836543888,0.0,0.0,15899,
512,,,,15902,0.00027629733085632324
513,0.00025275759981013834,0.0,0.0,15909,
513,0.00024445223971270025,0.0,0.0,15919,
513,0.0002525733725633472,0.0,0.0,15929,
513,,,,15933,0.0002713254070840776
514,0.00025055164587683976,0.0,0.0,15939,
514,0.00027492851950228214,0.0,0.0,15949,
514,0.000253468519076705,0.0,0.0,15959,
514,,,,15964,0.0002675639698281884
515,0.0002841598179657012,0.0,0.0,15969,
515,0.0002525253512430936,0.0,0.0,15979,
515,0.00024713698076084256,0.0,0.0,15989,
515,,,,15995,0.0002690127876121551
516,0.0002812251914292574,0.0,0.0,15999,
516,0.00026669385260902345,0.0,0.0,16009,
516,0.00025110674323514104,0.0,0.0,16019,
516,,,,16026,0.0002755434834398329
517,0.00029784266371279955,0.0,0.0,16029,
517,0.0002829552977345884,0.0,0.0,16039,
517,0.00022926091332919896,0.0,0.0,16049,
517,,,,16057,0.00028212685720063746
518,0.00026277813594788313,0.0,0.0,16059,
518,0.00028279193793423474,0.0,0.0,16069,
518,0.0002631185343489051,0.0,0.0,16079,
518,,,,16088,0.0002802590315695852
519,0.00026032107416540384,0.0,0.0,16089,
519,0.0002467951853759587,0.0,0.0,16099,
519,0.0002689132234081626,0.0,0.0,16109,
519,8.474117203149945e-05,0.0,0.0,16119,
519,,,,16119,0.0002842602552846074
520,0.00025681458646431565,0.0,0.0,16129,
520,0.0002737048198468983,0.0,0.0,16139,
520,0.00025372719392180443,0.0,0.0,16149,
520,,,,16150,0.00028209309675730765
521,0.0002482691197656095,0.0,0.0,16159,
521,0.0002453103370498866,0.0,0.0,16169,
521,0.00023649710055906326,0.0,0.0,16179,
521,,,,16181,0.00027437673998065293
522,0.00024125605705194175,0.0,0.0,16189,
522,0.00023317548038903624,0.0,0.0,16199,
522,0.0002761133946478367,0.0,0.0,16209,
522,,,,16212,0.00026555778458714485
523,0.00024537567514926195,0.0,0.0,16219,
523,0.00023716004216112196,0.0,0.0,16229,
523,0.00024196592858061194,0.0,0.0,16239,
523,,,,16243,0.0002634291013237089
524,0.00024979549925774336,0.0,0.0,16249,
524,0.0002662241458892822,0.0,0.0,16259,
524,0.0002446216531097889,0.0,0.0,16269,
524,,,,16274,0.00025910651311278343
525,0.00030172718106769025,0.0,0.0,16279,
525,0.00026393344160169363,0.0,0.0,16289,
525,0.0002430839667795226,0.0,0.0,16299,
525,,,,16305,0.0002777491172309965
526,0.00034583581145852804,0.0,0.0,16309,
526,0.0002722238714341074,0.0,0.0,16319,
526,0.0002521930437069386,0.0,0.0,16329,
526,,,,16336,0.0003439983702264726
527,0.0002600156294647604,0.0,0.0,16339,
527,0.00028011499671265483,0.0,0.0,16349,
527,0.0002332058793399483,0.0,0.0,16359,
527,,,,16367,0.00026425259420648217
528,0.00024225628294516355,0.0,0.0,16369,
528,0.0002681330661289394,0.0,0.0,16379,
528,0.00024330776068381965,0.0,0.0,16389,
528,,,,16398,0.00026178930420428514
529,0.00024230081180576235,0.0,0.0,16399,
529,0.00024006309104152024,0.0,0.0,16409,
529,0.00025372521486133337,0.0,0.0,16419,
529,8.028753654798493e-05,0.0,0.0,16429,
529,,,,16429,0.00027366410358808935
530,0.0002496536180842668,0.0,0.0,16439,
530,0.00027191187837161124,0.0,0.0,16449,
530,0.0002485474105924368,0.0,0.0,16459,
530,,,,16460,0.00025635375641286373
531,0.00023816227621864527,0.0,0.0,16469,
531,0.00023941656399983913,0.0,0.0,16479,
531,0.00023062217223923653,0.0,0.0,16489,
531,,,,16491,0.00026453949976712465
532,0.000231090365559794,0.0,0.0,16499,
532,0.00022692341008223593,0.0,0.0,16509,
532,0.0002684379869606346,0.0,0.0,16519,
532,,,,16522,0.0002543465525377542
533,0.00023567143944092095,0.0,0.0,16529,
533,0.00022787215129937977,0.0,0.0,16539,
533,0.00023494385823141783,0.0,0.0,16549,
533,,,,16553,0.0002589743526186794
534,0.00023363505897577852,0.0,0.0,16559,
534,0.0002605366753414273,0.0,0.0,16569,
534,0.00023718901502434164,0.0,0.0,16579,
534,,,,16584,0.00025483977515250444
535,0.0002643626939971,0.0,0.0,16589,
535,0.0002481535484548658,0.0,0.0,16599,
535,0.00023607208277098835,0.0,0.0,16609,
535,,,,16615,0.00025943436776287854
536,0.00026595345116220415,0.0,0.0,16619,
536,0.0002477678353898227,0.0,0.0,16629,
536,0.00024018596741370857,0.0,0.0,16639,
536,,,,16646,0.00026726143551059067
537,0.00027423229767009616,0.0,0.0,16649,
537,0.00025818648282438517,0.0,0.0,16659,
537,0.0002131668443325907,0.0,0.0,16669,
537,,,,16677,0.0002602200547698885
538,0.00023601944849360734,0.0,0.0,16679,
538,0.0002875217469409108,0.0,0.0,16689,
538,0.00023527444864157587,0.0,0.0,16699,
538,,,,16708,0.0002671179245226085
539,0.00024789173039607704,0.0,0.0,16709,
539,0.00024436411331407726,0.0,0.0,16719,
539,0.0002485052973497659,0.0,0.0,16729,
539,7.575496420031413e-05,0.0,0.0,16739,
539,,,,16739,0.00028078918694518507
540,0.00026171031640842557,0.0,0.0,16749,
540,0.0002561493020039052,0.0,0.0,16759,
540,0.00024125773052219301,0.0,0.0,16769,
540,,,,16770,0.00025032408302649856
541,0.00023214878456201404,0.0,0.0,16779,
541,0.0002275633014505729,0.0,0.0,16789,
541,0.0002250487159471959,0.0,0.0,16799,
541,,,,16801,0.0002610679075587541
542,0.0002238291344838217,0.0,0.0,16809,
542,0.0002210139064118266,0.0,0.0,16819,
542,0.00025484789512120187,0.0,0.0,16829,
542,,,,16832,0.00025140619254671037
543,0.0002505844458937645,0.0,0.0,16839,
543,0.00021757213107775897,0.0,0.0,16849,
543,0.00022958163754083216,0.0,0.0,16859,
543,,,,16863,0.0002512522623874247
544,0.0002548576158005744,0.0,0.0,16869,
544,0.0002514476072974503,0.0,0.0,16879,
544,0.00023260648595169187,0.0,0.0,16889,
544,,,,16894,0.0002491562336217612
545,0.0002780282811727375,0.0,0.0,16899,
545,0.00023851946752984077,0.0,0.0,16909,
545,0.0002238052838947624,0.0,0.0,16919,
545,,,,16925,0.00025082830688916147
546,0.00027311514713801444,0.0,0.0,16929,
546,0.0002440423413645476,0.0,0.0,16939,
546,0.00022887591330800205,0.0,0.0,16949,
546,,,,16956,0.00025007626391015947
547,0.00026811205316334963,0.0,0.0,16959,
547,0.0002519663830753416,0.0,0.0,16969,
547,0.00020886083075311035,0.0,0.0,16979,
547,,,,16987,0.0002613837132230401
548,0.0002398871147306636,0.0,0.0,16989,
548,0.0002535499806981534,0.0,0.0,16999,
548,0.0002386185951763764,0.0,0.0,17009,
548,,,,17018,0.0002737326722126454
549,0.0002518948167562485,0.0,0.0,17019,
549,0.0002271796838613227,0.0,0.0,17029,
549,0.00024918653070926666,0.0,0.0,17039,
549,7.997760258149356e-05,0.0,0.0,17049,
549,,,,17049,0.00025053173885680735
550,0.0002318029582966119,0.0,0.0,17059,
550,0.00024881723220460117,0.0,0.0,17069,
550,0.0002349187561776489,0.0,0.0,17079,
550,,,,17080,0.000254894548561424
551,0.00022298020485322922,0.0,0.0,17089,
551,0.00022643458214588463,0.0,0.0,17099,
551,0.0002178903523599729,0.0,0.0,17109,
551,,,,17111,0.00024396134540438652
552,0.00021772253967355937,0.0,0.0,17119,
552,0.00021151431428734213,0.0,0.0,17129,
552,0.0002593473473098129,0.0,0.0,17139,
552,,,,17142,0.0002559653075877577
553,0.00022719919797964394,0.0,0.0,17149,
553,0.00021333752374630421,0.0,0.0,17159,
553,0.00022326862381305546,0.0,0.0,17169,
553,,,,17173,0.0002469239116180688
554,0.0002621687890496105,0.0,0.0,17179,
554,0.0002403487596893683,0.0,0.0,17189,
554,0.00022735545644536614,0.0,0.0,17199,
554,,,,17204,0.0002452235494274646
555,0.0002528915647417307,0.0,0.0,17209,
555,0.0002260122710140422,0.0,0.0,17219,
555,0.00021784145792480558,0.0,0.0,17229,
555,,,,17235,0.00027732460875995457
556,0.00027689183480106294,0.0,0.0,17239,
556,0.0002347926056245342,0.0,0.0,17249,
556,0.0002198952279286459,0.0,0.0,17259,
556,,,,17266,0.0002774668682832271
557,0.00028074864530935884,0.0,0.0,17269,
557,0.00026535001234151423,0.0,0.0,17279,
557,0.00020576246606651694,0.0,0.0,17289,
557,,,,17297,0.0002407139545539394
558,0.0002131670044036582,0.0,0.0,17299,
558,0.0002441322576487437,0.0,0.0,17309,
558,0.0002331484720343724,0.0,0.0,17319,
558,,,,17328,0.0002533616789150983
559,0.0002333971788175404,0.0,0.0,17329,
559,0.00022000329045113176,0.0,0.0,17339,
559,0.00023717634030617774,0.0,0.0,17349,
559,7.203033601399511e-05,0.0,0.0,17359,
559,,,,17359,0.0002802987291943282
560,0.000258404208580032,0.0,0.0,17369,
560,0.0002573358651716262,0.0,0.0,17379,
560,0.00023613619850948453,0.0,0.0,17389,
560,,,,17390,0.0002518091641832143
561,0.00022154323232825845,0.0,0.0,17399,
561,0.00022957795590627939,0.0,0.0,17409,
561,0.00021203434152994305,0.0,0.0,17419,
561,,,,17421,0.00024165655486285686
562,0.00021313963225111365,0.0,0.0,17429,
562,0.00021259156346786767,0.0,0.0,17439,
562,0.000241131623624824,0.0,0.0,17449,
562,,,,17452,0.00026992554194293916
563,0.0002288199175382033,0.0,0.0,17459,
563,0.00020905300334561616,0.0,0.0,17469,
563,0.00022393531980924308,0.0,0.0,17479,
563,,,,17483,0.00024282681988552213
564,0.00022166424605529755,0.0,0.0,17489,
564,0.00023357017198577523,0.0,0.0,17499,
564,0.00023121571575757116,0.0,0.0,17509,
564,,,,17514,0.0002399376971879974
565,0.0002492812345735729,0.0,0.0,17519,
565,0.00022130344586912543,0.0,0.0,17529,
565,0.00022543026716448367,0.0,0.0,17539,
565,,,,17545,0.0002345787506783381
566,0.0002428940060781315,0.0,0.0,17549,
566,0.0002279060281580314,0.0,0.0,17559,
566,0.0002146891492884606,0.0,0.0,17569,
566,,,,17576,0.00023517454974353313
567,0.00021760993695352226,0.0,0.0,17579,
567,0.00023764454817865044,0.0,0.0,17589,
567,0.00019418833835516125,0.0,0.0,17599,
567,,,,17607,0.00023321715707425028
568,0.00019571383018046618,0.0,0.0,17609,
568,0.00024075676628854126,0.0,0.0,17619,
568,0.0002182997268391773,0.0,0.0,17629,
568,,,,17638,0.00023338898608926684
569,0.00021382831619121134,0.0,0.0,17639,
569,0.0002200719027314335,0.0,0.0,17649,
569,0.0002224295458290726,0.0,0.0,17659,
569,8.012136095203459e-05,0.0,0.0,17669,
569,,,,17669,0.0002461077820044011
570,0.00023708037042524666,0.0,0.0,17679,
570,0.00023795035667717457,0.0,0.0,17689,
570,0.00022897917369846255,0.0,0.0,17699,
570,,,,17700,0.00025322288274765015
571,0.00020960440451744944,0.0,0.0,17709,
571,0.00021208194084465504,0.0,0.0,17719,
571,0.00021074451797176152,0.0,0.0,17729,
571,,,,17731,0.00022935944434721023
572,0.0002565781760495156,0.0,0.0,17739,
572,0.0002015340724028647,0.0,0.0,17749,
572,0.00023563885770272464,0.0,0.0,17759,
572,,,,17762,0.00024459793348796666
573,0.0002228392695542425,0.0,0.0,17769,
573,0.0002062199346255511,0.0,0.0,17779,
573,0.00021326537535060197,0.0,0.0,17789,
573,,,,17793,0.0002324531233171001
574,0.00022061268100515008,0.0,0.0,17799,
574,0.0002277415042044595,0.0,0.0,17809,
574,0.00021711290173698217,0.0,0.0,17819,
574,,,,17824,0.0002395243354840204
575,0.00028586978442035615,0.0,0.0,17829,
575,0.00022880538017489016,0.0,0.0,17839,
575,0.00021826069860253483,0.0,0.0,17849,
575,,,,17855,0.00024523481260985136
576,0.00023186767066363245,0.0,0.0,17859,
576,0.00022907604579813778,0.0,0.0,17869,
576,0.00021984057093504816,0.0,0.0,17879,
576,,,,17886,0.0002590394869912416
577,0.00022627385624218732,0.0,0.0,17889,
577,0.0002382392849540338,0.0,0.0,17899,
577,0.00018865108722820878,0.0,0.0,17909,
577,,,,17917,0.00023089040769264102
578,0.00019890675321221352,0.0,0.0,17919,
578,0.00023441616212949157,0.0,0.0,17929,
578,0.00021466065663844347,0.0,0.0,17939,
578,,,,17948,0.00023981697449926287
579,0.00021881653810851276,0.0,0.0,17949,
579,0.0002083403815049678,0.0,0.0,17959,
579,0.00022874573187436908,0.0,0.0,17969,
579,6.747719453414902e-05,0.0,0.0,17979,
579,,,,17979,0.00023106047592591494
580,0.00021421766723506153,0.0,0.0,17989,
580,0.00022095791064202785,0.0,0.0,17999,
580,0.00021969697263557464,0.0,0.0,18009,
580,,,,18010,0.00023038670769892633
581,0.00020229187794029713,0.0,0.0,18019,
581,0.00020798796322196722,0.0,0.0,18029,
581,0.00020829535787925124,0.0,0.0,18039,
581,,,,18041,0.00022212084149941802
582,0.00021490929066203535,0.0,0.0,18049,
582,0.00020207176567055285,0.0,0.0,18059,
582,0.0002306726819369942,0.0,0.0,18069,
582,,,,18072,0.0002394378971075639
583,0.00025499900220893323,0.0,0.0,18079,
583,0.00019814078405033797,0.0,0.0,18089,
583,0.00020388361008372158,0.0,0.0,18099,
583,,,,18103,0.00024084001779556274
584,0.00022359477588906884,0.0,0.0,18109,
584,0.0002215207350673154,0.0,0.0,18119,
584,0.00021196134912315756,0.0,0.0,18129,
584,,,,18134,0.00022903046919964254
585,0.0002401794190518558,0.0,0.0,18139,
585,0.00020992374629713595,0.0,0.0,18149,
585,0.00020478224905673414,0.0,0.0,18159,
585,,,,18165,0.0002263774222228676
586,0.00026640892610885203,0.0,0.0,18169,
586,0.00024010408378671855,0.0,0.0,18179,
586,0.00020610880164895207,0.0,0.0,18189,
586,,,,18196,0.00023733684793114662
587,0.00024136521096806973,0.0,0.0,18199,
587,0.0002295060403412208,0.0,0.0,18209,
587,0.00018943732720799744,0.0,0.0,18219,
587,,,,18227,0.00023744961072225124
588,0.0002124009479302913,0.0,0.0,18229,
588,0.00022753611847292632,0.0,0.0,18239,
588,0.00021212661522440612,0.0,0.0,18249,
588,,,,18258,0.0002464143035467714
589,0.0002253908896818757,0.0,0.0,18259,
589,0.0002055822842521593,0.0,0.0,18269,
589,0.00022732427169103175,0.0,0.0,18279,
589,7.806190842529759e-05,0.0,0.0,18289,
589,,,,18289,0.00023325470101553947
590,0.00020808748377021402,0.0,0.0,18299,
590,0.00022450226242654026,0.0,0.0,18309,
590,0.00021891800861340016,0.0,0.0,18319,
590,,,,18320,0.00023052342294249684
591,0.00019834664999507368,0.0,0.0,18329,
591,0.00020805280655622482,0.0,0.0,18339,
591,0.00019878818420693278,0.0,0.0,18349,
591,,,,18351,0.0002367107808822766
592,0.00019816438725683838,0.0,0.0,18359,
592,0.00019471865380182862,0.0,0.0,18369,
592,0.00022753351368010044,0.0,0.0,18379,
592,,,,18382,0.0002349672868149355
593,0.0002065590233542025,0.0,0.0,18389,
593,0.00019218643137719482,0.0,0.0,18399,
593,0.00020567745377775282,0.0,0.0,18409,
593,,,,18413,0.00022255427029449493
594,0.00020646254415623844,0.0,0.0,18419,
594,0.00021692484733648598,0.0,0.0,18429,
594,0.00020996671810280532,0.0,0.0,18439,
594,,,,18444,0.00021746956917922944
595,0.00022805857588537037,0.0,0.0,18449,
595,0.00020370101265143603,0.0,0.0,18459,
595,0.00020041968673467636,0.0,0.0,18469,
595,,,,18475,0.00021502430900000036
596,0.00023881719971541315,0.0,0.0,18479,
596,0.00021092424867674708,0.0,0.0,18489,
596,0.00022141271620057523,0.0,0.0,18499,
596,,,,18506,0.00022135543986223638
597,0.00022366578923538327,0.0,0.0,18509,
597,0.0002265612711198628,0.0,0.0,18519,
597,0.00018303196702618152,0.0,0.0,18529,
597,,,,18537,0.00022260168043430895
598,0.0002024456625804305,0.0,0.0,18539,
598,0.00022323562006931752,0.0,0.0,18549,
598,0.00020667687931563705,0.0,0.0,18559,
598,,,,18568,0.00022135250037536025
599,0.0002016494399867952,0.0,0.0,18569,
599,0.000202978088054806,0.0,0.0,18579,
599,0.0002102836879203096,0.0,0.0,18589,
599,6.442459562094882e-05,0.0,0.0,18599,
599,,,,18599,0.00021970296802464873
600,0.00032476807245984674,0.0,0.0,18609,
600,0.0002417974465060979,0.0,0.0,18619,
600,0.00022185134002938867,0.0,0.0,18629,
600,,,,18630,0.00023061831598170102
601,0.000196974870050326,0.0,0.0,18639,
601,0.00020822107035201043,0.0,0.0,18649,
601,0.0001916257169796154,0.0,0.0,18659,
601,,,,18661,0.0002311447315150872
602,0.00019574670295696706,0.0,0.0,18669,
602,0.00018954505503643304,0.0,0.0,18679,
602,0.00022105383686721325,0.0,0.0,18689,
602,,,,18692,0.00021591418772004545
603,0.00020292987755965441,0.0,0.0,18699,
603,0.0001858754549175501,0.0,0.0,18709,
603,0.00020401080837473273,0.0,0.0,18719,
603,,,,18723,0.00021944382751826197
604,0.0002019725216086954,0.0,0.0,18729,
604,0.00020730048709083349,0.0,0.0,18739,
604,0.00020959664834663272,0.0,0.0,18749,
604,,,,18754,0.0002136469556717202
605,0.00021223652584012598,0.0,0.0,18759,
605,0.00020250423403922468,0.0,0.0,18769,
605,0.00019468687241896987,0.0,0.0,18779,
605,,,,18785,0.00021708689746446908
606,0.00020811463764403015,0.0,0.0,18789,
606,0.00020381269860081375,0.0,0.0,18799,
606,0.0001963446120498702,0.0,0.0,18809,
606,,,,18816,0.00021739666408393532
607,0.00021913566160947084,0.0,0.0,18819,
607,0.0002288526447955519,0.0,0.0,18829,
607,0.00017988923355005682,0.0,0.0,18839,
607,,,,18847,0.00024388932797592133
608,0.00021288391144480556,0.0,0.0,18849,
608,0.00022940069902688265,0.0,0.0,18859,
608,0.00019995492766611278,0.0,0.0,18869,
608,,,,18878,0.00021412406931631267
609,0.00019474730652291328,0.0,0.0,18879,
609,0.0001964569091796875,0.0,0.0,18889,
609,0.00020542605489026755,0.0,0.0,18899,
609,6.530967948492616e-05,0.0,0.0,18909,
609,,,,18909,0.00021040477440692484
610,0.00019600041559897363,0.0,0.0,18919,
610,0.00020748497627209872,0.0,0.0,18929,
610,0.00021092659153509885,0.0,0.0,18939,
610,,,,18940,0.00021658155310433358
611,0.00020874585607089102,0.0,0.0,18949,
611,0.00019576505292207003,0.0,0.0,18959,
611,0.0001966194249689579,0.0,0.0,18969,
611,,,,18971,0.00023611800861544907
612,0.00018937906133942306,0.0,0.0,18979,
612,0.00018724953406490386,0.0,0.0,18989,
612,0.00021297865896485746,0.0,0.0,18999,
612,,,,19002,0.00021115249546710402
613,0.00020047016732860357,0.0,0.0,19009,
613,0.00018351284961681813,0.0,0.0,19019,
613,0.0001913768646772951,0.0,0.0,19029,
613,,,,19033,0.0002145310863852501
614,0.0002068298781523481,0.0,0.0,19039,
614,0.0002035035431617871,0.0,0.0,19049,
614,0.00019661072292365134,0.0,0.0,19059,
614,,,,19064,0.00023320000036619604
615,0.0003149948606733233,0.0,0.0,19069,
615,0.0002201706956839189,0.0,0.0,19079,
615,0.0002121317374985665,0.0,0.0,19089,
615,,,,19095,0.00024289368593599647
616,0.00020345812663435936,0.0,0.0,19099,
616,0.00020490803581196815,0.0,0.0,19109,
616,0.00020572415087372065,0.0,0.0,19119,
616,,,,19126,0.00021120933524798602
617,0.0002278792962897569,0.0,0.0,19129,
617,0.00021677471522707492,0.0,0.0,19139,
617,0.00017355367890559137,0.0,0.0,19149,
617,,,,19157,0.00021215798915363848
618,0.00019278186664450914,0.0,0.0,19159,
618,0.0002136203838745132,0.0,0.0,19169,
618,0.0001945131953107193,0.0,0.0,19179,
618,,,,19188,0.00021177336748223752
619,0.0001924401440192014,0.0,0.0,19189,
619,0.00018864763842429966,0.0,0.0,19199,
619,0.00020746164955198765,0.0,0.0,19209,
619,6.393896910594776e-05,0.0,0.0,19219,
619,,,,19219,0.000214037238038145
620,0.00019613723270595074,0.0,0.0,19229,
620,0.00020537531236186624,0.0,0.0,19239,
620,0.00020211629453115165,0.0,0.0,19249,
620,,,,19250,0.0002074458316201344
621,0.00018917791021522135,0.0,0.0,19259,
621,0.00018987461226060987,0.0,0.0,19269,
621,0.00018583846394903958,0.0,0.0,19279,
621,,,,19281,0.00020599552954081446
622,0.00020124814182054251,0.0,0.0,19289,
622,0.00018414294754620641,0.0,0.0,19299,
622,0.000209651785553433,0.0,0.0,19309,
622,,,,19312,0.0002057575766230002
623,0.0002457195660099387,0.0,0.0,19319,
623,0.00018706583068706095,0.0,0.0,19329,
623,0.00018544138583820313,0.0,0.0,19339,
623,,,,19343,0.00020782070350833237
624,0.00019516615429893136,0.0,0.0,19349,
624,0.00020892983593512326,0.0,0.0,19359,
624,0.0001924792304635048,0.0,0.0,19369,
624,,,,19374,0.00023106359003577381
625,0.0002024021523538977,0.0,0.0,19379,
625,0.00020181393483653665,0.0,0.0,19389,
625,0.0001897516194730997,0.0,0.0,19399,
625,,,,19405,0.00021854648366570473
626,0.0002376966003794223,0.0,0.0,19409,
626,0.00019451243861112744,0.0,0.0,19419,
626,0.00018650483980309218,0.0,0.0,19429,
626,,,,19436,0.00021884233865421265
627,0.00024226818641182035,0.0,0.0,19439,
627,0.0002118323027389124,0.0,0.0,19449,
627,0.00016663421411067247,0.0,0.0,19459,
627,,,,19467,0.00023562952992506325
628,0.00020953545754309744,0.0,0.0,19469,
628,0.0002071975904982537,0.0,0.0,19479,
628,0.00019018890452571213,0.0,0.0,19489,
628,,,,19498,0.00020820264762733132
629,0.0001883852673927322,0.0,0.0,19499,
629,0.000184601143701002,0.0,0.0,19509,
629,0.0002057179226540029,0.0,0.0,19519,
629,6.43405073788017e-05,0.0,0.0,19529,
629,,,,19529,0.00020493791089393198
630,0.00019172868633177131,0.0,0.0,19539,
630,0.00020502104598563164,0.0,0.0,19549,
630,0.00020353736181277782,0.0,0.0,19559,
630,,,,19560,0.00022502016508951783
631,0.00018740975065156817,0.0,0.0,19569,
631,0.0001855880836956203,0.0,0.0,19579,
631,0.0001834381982916966,0.0,0.0,19589,
631,,,,19591,0.0002075435040751472
632,0.0001840982004068792,0.0,0.0,19599,
632,0.00017430954903829843,0.0,0.0,19609,
632,0.00020818394841626287,0.0,0.0,19619,
632,,,,19622,0.00020448830036912113
633,0.00021851535711903125,0.0,0.0,19629,
633,0.00018397723033558577,0.0,0.0,19639,
633,0.00018150158575735986,0.0,0.0,19649,
633,,,,19653,0.00020360150665510446
634,0.00023487047292292118,0.0,0.0,19659,
634,0.00020613832748495042,0.0,0.0,19669,
634,0.0001908616250148043,0.0,0.0,19679,
634,,,,19684,0.00021519586152862757
635,0.00020158350525889546,0.0,0.0,19689,
635,0.00019395451818127185,0.0,0.0,19699,
635,0.0001848591200541705,0.0,0.0,19709,
635,,,,19715,0.00020924353157170117
636,0.0002027360169449821,0.0,0.0,19719,
636,0.00019241473637521267,0.0,0.0,19729,
636,0.00017989438492804766,0.0,0.0,19739,
636,,,,19746,0.0002157341514248401
637,0.00020780990598723292,0.0,0.0,19749,
637,0.00020455263438634574,0.0,0.0,19759,
637,0.0001663540897425264,0.0,0.0,19769,
637,,,,19777,0.000203821444301866
638,0.0001726232294458896,0.0,0.0,19779,
638,0.00021009077318012714,0.0,0.0,19789,
638,0.00020043681433890015,0.0,0.0,19799,
638,,,,19808,0.00019966231775470078
639,0.0001807975786505267,0.0,0.0,19809,
639,0.0001857261813711375,0.0,0.0,19819,
639,0.00019227278244215995,0.0,0.0,19829,
639,6.02771615376696e-05,0.0,0.0,19839,
639,,,,19839,0.00020648105419240892
640,0.00019331680960021913,0.0,0.0,19849,
640,0.00019766042532864958,0.0,0.0,19859,
640,0.00019222598348278552,0.0,0.0,19869,
640,,,,19870,0.0002282145869685337
641,0.00018039587303064764,0.0,0.0,19879,
641,0.00018594838911667466,0.0,0.0,19889,
641,0.0001804498751880601,0.0,0.0,19899,
641,,,,19901,0.00020382650836836547
642,0.00017480643873568624,0.0,0.0,19909,
642,0.00017318657774012536,0.0,0.0,19919,
642,0.0002002670371439308,0.0,0.0,19929,
642,,,,19932,0.00020129914628341794
643,0.00020406192925292999,0.0,0.0,19939,
643,0.0001699377316981554,0.0,0.0,19949,
643,0.00017922754341270775,0.0,0.0,19959,
643,,,,19963,0.00021350725728552788
644,0.00018174921569880098,0.0,0.0,19969,
644,0.00019398379663471133,0.0,0.0,19979,
644,0.0001829346438171342,0.0,0.0,19989,
644,,,,19994,0.00019890374096576124
645,0.00023912281903903931,0.0,0.0,19999,
645,0.00018787012959364802,0.0,0.0,20009,
645,0.0001859671901911497,0.0,0.0,20019,
645,,,,20025,0.00020015338668599725
646,0.0002293477882631123,0.0,0.0,20029,
646,0.00018514094699639827,0.0,0.0,20039,
646,0.00017760347691364586,0.0,0.0,20049,
646,,,,20056,0.0002057022211374715
647,0.00022814336989540607,0.0,0.0,20059,
647,0.00019895627337973565,0.0,0.0,20069,
647,0.00015959278971422464,0.0,0.0,20079,
647,,,,20087,0.00022941612405702472
648,0.00021089370420668274,0.0,0.0,20089,
648,0.0001994240446947515,0.0,0.0,20099,
648,0.00018559278396423906,0.0,0.0,20109,
648,,,,20118,0.00019747191981878132
649,0.0001786804641596973,0.0,0.0,20119,
649,0.00017816080071497709,0.0,0.0,20129,
649,0.0001922954252222553,0.0,0.0,20139,
649,5.9397734730737284e-05,0.0,0.0,20149,
649,,,,20149,0.00019728412735275924
650,0.00018487130000721663,0.0,0.0,20159,
650,0.00019144968246109784,0.0,0.0,20169,
650,0.0001941657392308116,0.0,0.0,20179,
650,,,,20180,0.00020462310931179672
651,0.00017339640180580318,0.0,0.0,20189,
651,0.0001769991940818727,0.0,0.0,20199,
651,0.00017404832760803401,0.0,0.0,20209,
651,,,,20211,0.00019870013056788594
652,0.00024172011762857437,0.0,0.0,20219,
652,0.00017244416812900454,0.0,0.0,20229,
652,0.00020133040379732847,0.0,0.0,20239,
652,,,,20242,0.0001948266290128231
653,0.00019801252346951514,0.0,0.0,20249,
653,0.00017278142331633717,0.0,0.0,20259,
653,0.00019023573258891702,0.0,0.0,20269,
653,,,,20273,0.00024410536570940167
654,0.0001810494577512145,0.0,0.0,20279,
654,0.00019221528782509267,0.0,0.0,20289,
654,0.0001820878533180803,0.0,0.0,20299,
654,,,,20304,0.00019092191359959543
655,0.00019034688011743128,0.0,0.0,20309,
655,0.0001788620138540864,0.0,0.0,20319,
655,0.0001842542114900425,0.0,0.0,20329,
655,,,,20335,0.00020495691569522023
656,0.0001908597187139094,0.0,0.0,20339,
656,0.00018412469944451004,0.0,0.0,20349,
656,0.00017903631669469178,0.0,0.0,20359,
656,,,,20366,0.00020783647778443992
657,0.00019574868201743811,0.0,0.0,20369,
657,0.000197861940250732,0.0,0.0,20379,
657,0.00015627811080776155,0.0,0.0,20389,
657,,,,20397,0.00020048602891620249
658,0.00017294376448262483,0.0,0.0,20399,
658,0.00019220983085688204,0.0,0.0,20409,
658,0.00017908235895447433,0.0,0.0,20419,
658,,,,20428,0.00019473518477752805
659,0.00017608959751669317,0.0,0.0,20429,
659,0.00017598946578800678,0.0,0.0,20439,
659,0.0001912392326630652,0.0,0.0,20449,
659,6.187388498801738e-05,0.0,0.0,20459,
659,,,,20459,0.00020158872939646244
660,0.000179047608980909,0.0,0.0,20469,
660,0.00018605477816890925,0.0,0.0,20479,
660,0.000186680190381594,0.0,0.0,20489,
660,,,,20490,0.0001899622438941151
661,0.00019622228865046054,0.0,0.0,20499,
661,0.00017453245527576655,0.0,0.0,20509,
661,0.00017604167805984616,0.0,0.0,20519,
661,,,,20521,0.00020265320199541748
662,0.00018193175492342561,0.0,0.0,20529,
662,0.0001685556781012565,0.0,0.0,20539,
662,0.00019118828640785068,0.0,0.0,20549,
662,,,,20552,0.00020697519357781857
663,0.00018242302758153528,0.0,0.0,20559,
663,0.00016712707292754203,0.0,0.0,20569,
663,0.00017135300731752068,0.0,0.0,20579,
663,,,,20583,0.00018903899763245136
664,0.00017390494758728892,0.0,0.0,20589,
664,0.0001825978106353432,0.0,0.0,20599,
664,0.0001777967408997938,0.0,0.0,20609,
664,,,,20614,0.00018946159980259836
665,0.00018253226880915463,0.0,0.0,20619,
665,0.00017710443353280425,0.0,0.0,20629,
665,0.00018101131718140095,0.0,0.0,20639,
665,,,,20645,0.0002757616457529366
666,0.00025853709666989744,0.0,0.0,20649,
666,0.0001973462349269539,0.0,0.0,20659,
666,0.00018322287360206246,0.0,0.0,20669,
666,,,,20676,0.00020216208940837532
667,0.00019217855879105628,0.0,0.0,20679,
667,0.00019652553601190448,0.0,0.0,20689,
667,0.00015766030992381275,0.0,0.0,20699,
667,,,,20707,0.00019742657605092973
668,0.0001770377130014822,0.0,0.0,20709,
668,0.00020113015489187092,0.0,0.0,20719,
668,0.00017683309852145612,0.0,0.0,20729,
668,,,,20738,0.0002011346077779308
669,0.00018189939146395773,0.0,0.0,20739,
669,0.00017788950935937464,0.0,0.0,20749,
669,0.00019274534133728594,0.0,0.0,20759,
669,5.789357965113595e-05,0.0,0.0,20769,
669,,,,20769,0.00019087818509433419
670,0.00018192155403085053,0.0,0.0,20779,
670,0.00018891561194323003,0.0,0.0,20789,
670,0.0001857587631093338,0.0,0.0,20799,
670,,,,20800,0.00019272153440397233
671,0.0001673421065788716,0.0,0.0,20809,
671,0.00017262500477954745,0.0,0.0,20819,
671,0.00017288392700720578,0.0,0.0,20829,
671,,,,20831,0.00019086318206973374
672,0.00017438328359276056,0.0,0.0,20839,
672,0.00016179337399080396,0.0,0.0,20849,
672,0.00019026215886697173,0.0,0.0,20859,
672,,,,20862,0.00020157835388090461
673,0.00018504701438359916,0.0,0.0,20869,
673,0.00015906509361229837,0.0,0.0,20879,
673,0.00017014064360409975,0.0,0.0,20889,
673,,,,20893,0.0001936007902259007
674,0.00017861973901744932,0.0,0.0,20899,
674,0.00017717023729346693,0.0,0.0,20909,
674,0.00017231474339496344,0.0,0.0,20919,
674,,,,20924,0.00018509328947402537
675,0.00020267315267119557,0.0,0.0,20929,
675,0.00017347604443784803,0.0,0.0,20939,
675,0.00017542611749377102,0.0,0.0,20949,
675,,,,20955,0.00020630807557608932
676,0.00024177263549063355,0.0,0.0,20959,
676,0.00017781778296921402,0.0,0.0,20969,
676,0.00016745964239817113,0.0,0.0,20979,
676,,,,20986,0.00019609493028838187
677,0.00018472758529242128,0.0,0.0,20989,
677,0.00019064256048295647,0.0,0.0,20999,
677,0.00014878441288601607,0.0,0.0,21009,
677,,,,21017,0.0001954896724782884
678,0.00017548096366226673,0.0,0.0,21019,
678,0.00018705303955357522,0.0,0.0,21029,
678,0.00017186538025271147,0.0,0.0,21039,
678,,,,21048,0.00019131603767164052
679,0.0001724508620100096,0.0,0.0,21049,
679,0.00017115022637881339,0.0,0.0,21059,
679,0.0001818204764276743,0.0,0.0,21069,
679,5.831527596455999e-05,0.0,0.0,21079,
679,,,,21079,0.0001867231330834329
680,0.0001694636303000152,0.0,0.0,21089,
680,0.00017932879563886672,0.0,0.0,21099,
680,0.00018251757137477398,0.0,0.0,21109,
680,,,,21110,0.0001910039281938225
681,0.00015835592057555914,0.0,0.0,21119,
681,0.0001672725920798257,0.0,0.0,21129,
681,0.00016606750432401896,0.0,0.0,21139,
681,,,,21141,0.00018766299763228744
682,0.00024761876557022333,0.0,0.0,21149,
682,0.0001593380729900673,0.0,0.0,21159,
682,0.00018208546680398285,0.0,0.0,21169,
682,,,,21172,0.00018488336354494095
683,0.0001892841246444732,0.0,0.0,21179,
683,0.00015643183724023402,0.0,0.0,21189,
683,0.00017090837354771793,0.0,0.0,21199,
683,,,,21203,0.0001860342308646068
684,0.0002279173058923334,0.0,0.0,21209,
684,0.00018643648945726454,0.0,0.0,21219,
684,0.00017398182535544038,0.0,0.0,21229,
684,,,,21234,0.0002035412035183981
685,0.00018283903773408383,0.0,0.0,21239,
685,0.00017250477685593069,0.0,0.0,21249,
685,0.00018015519890468568,0.0,0.0,21259,
685,,,,21265,0.00019172640168108046
686,0.00020321975171100348,0.0,0.0,21269,
686,0.00017012146417982876,0.0,0.0,21279,
686,0.0001692336954874918,0.0,0.0,21289,
686,,,,21296,0.00020473750191740692
687,0.00019643409177660942,0.0,0.0,21299,
687,0.00018716474005486816,0.0,0.0,21309,
687,0.00014750659465789795,0.0,0.0,21319,
687,,,,21327,0.0001857276220107451
688,0.00015836692182347178,0.0,0.0,21329,
688,0.00018080587324220687,0.0,0.0,21339,
688,0.00016992783639580011,0.0,0.0,21349,
688,,,,21358,0.000186955148819834
689,0.00016901474737096578,0.0,0.0,21359,
689,0.00016611233877483755,0.0,0.0,21369,
689,0.00017933949129655957,0.0,0.0,21379,
689,5.736755338148214e-05,0.0,0.0,21389,
689,,,,21389,0.0001812268455978483
690,0.00017008345457725227,0.0,0.0,21399,
690,0.00017890719755087048,0.0,0.0,21409,
690,0.00018225063104182482,0.0,0.0,21419,
690,,,,21420,0.00018392848141957074
691,0.00016083080845419317,0.0,0.0,21429,
691,0.00016687407332938164,0.0,0.0,21439,
691,0.00016439467435702682,0.0,0.0,21449,
691,,,,21451,0.00017823271628003567
692,0.00026534986682236195,0.0,0.0,21459,
692,0.0001596933725522831,0.0,0.0,21469,
692,0.00020022501121275127,0.0,0.0,21479,
692,,,,21482,0.00018488116620574147
693,0.00017947443120647222,0.0,0.0,21489,
693,0.00015680782962590456,0.0,0.0,21499,
693,0.0001704840105958283,0.0,0.0,21509,
693,,,,21513,0.000198910798644647
694,0.0001681286667007953,0.0,0.0,21519,
694,0.0001740848965710029,0.0,0.0,21529,
694,0.00017558589752297848,0.0,0.0,21539,
694,,,,21544,0.0001865403464762494
695,0.00017905476852320135,0.0,0.0,21549,
695,0.0001687030598986894,0.0,0.0,21559,
695,0.00017645335174165666,0.0,0.0,21569,
695,,,,21575,0.0001919714268296957
696,0.00018732408352661878,0.0,0.0,21579,
696,0.0001707996561890468,0.0,0.0,21589,
696,0.00016649706230964512,0.0,0.0,21599,
696,,,,21606,0.00018261763034388423
697,0.00017928556189872324,0.0,0.0,21609,
697,0.00018186861416324973,0.0,0.0,21619,
697,0.00014623755123466253,0.0,0.0,21629,
697,,,,21637,0.00018037459813058376
698,0.00015373219503089786,0.0,0.0,21639,
698,0.0001784244377631694,0.0,0.0,21649,
698,0.00016613675688859075,0.0,0.0,21659,
698,,,,21668,0.00017862168897408992
699,0.00016097960178740323,0.0,0.0,21669,
699,0.00016629399033263326,0.0,0.0,21679,
699,0.00017452998145017773,0.0,0.0,21689,
699,5.7545497838873416e-05,0.0,0.0,21699,
699,,,,21699,0.00017762367497198284
700,0.00017784436931833625,0.0,0.0,21709,
700,0.00017256353748962283,0.0,0.0,21719,
700,0.00017427420243620872,0.0,0.0,21729,
700,,,,21730,0.00018876270041801035
701,0.00015242677181959152,0.0,0.0,21739,
701,0.0001599131355760619,0.0,0.0,21749,
701,0.0001620419352548197,0.0,0.0,21759,
701,,,,21761,0.00017965276492759585
702,0.00015688170969951898,0.0,0.0,21769,
702,0.00015460864233318716,0.0,0.0,21779,
702,0.0002189912338508293,0.0,0.0,21789,
702,,,,21792,0.00021562256733886898
703,0.00018303003162145615,0.0,0.0,21799,
703,0.00016198086086660624,0.0,0.0,21809,
703,0.00016427550872322172,0.0,0.0,21819,
703,,,,21823,0.00020170840434730053
704,0.0001774295960785821,0.0,0.0,21829,
704,0.00017527084855828434,0.0,0.0,21839,
704,0.00017257276340387762,0.0,0.0,21849,
704,,,,21854,0.00017893002950586379
705,0.00017611928342375904,0.0,0.0,21859,
705,0.00016576166672166437,0.0,0.0,21869,
705,0.00016214138304349035,0.0,0.0,21879,
705,,,,21885,0.00018427372560836375
706,0.0001793913688743487,0.0,0.0,21889,
706,0.00016958788910415024,0.0,0.0,21899,
706,0.00015948941290844232,0.0,0.0,21909,
706,,,,21916,0.00017884181579574943
707,0.00019657271332107484,0.0,0.0,21919,
707,0.00018241997167933732,0.0,0.0,21929,
707,0.00014398398343473673,0.0,0.0,21939,
707,,,,21947,0.00017917405057232827
708,0.00016185369167942554,0.0,0.0,21949,
708,0.00017627447959966958,0.0,0.0,21959,
708,0.00016343078459613025,0.0,0.0,21969,
708,,,,21978,0.00017677010328043252
709,0.00015936658019199967,0.0,0.0,21979,
709,0.00016403825429733843,0.0,0.0,21989,
709,0.00017556313832756132,0.0,0.0,21999,
709,5.547060936805792e-05,0.0,0.0,22009,
709,,,,22009,0.0001757175923557952
710,0.00016758986748754978,0.0,0.0,22019,
710,0.00017285140347667038,0.0,0.0,22029,
710,0.00017323895008303225,0.0,0.0,22039,
710,,,,22040,0.00017457149806432426
711,0.00016707487520761788,0.0,0.0,22049,
711,0.0001601643889443949,0.0,0.0,22059,
711,0.0001599944371264428,0.0,0.0,22069,
711,,,,22071,0.00018215364252682775
712,0.00016828418301884085,0.0,0.0,22079,
712,0.0001629871258046478,0.0,0.0,22089,
712,0.00017838104395195842,0.0,0.0,22099,
712,,,,22102,0.000191793471458368
713,0.0001666447933530435,0.0,0.0,22109,
713,0.0001491603470640257,0.0,0.0,22119,
713,0.00016232470807153732,0.0,0.0,22129,
713,,,,22133,0.00018116124556399882
714,0.00019752430671360344,0.0,0.0,22139,
714,0.0001649311452638358,0.0,0.0,22149,
714,0.00016522250371053815,0.0,0.0,22159,
714,,,,22164,0.00020338219474069774
715,0.00017065511201508343,0.0,0.0,22169,
715,0.00016571306332480162,0.0,0.0,22179,
715,0.00016749346104916185,0.0,0.0,22189,
715,,,,22195,0.00017611942894291133
716,0.00016127194976434112,0.0,0.0,22199,
716,0.00016172979667317122,0.0,0.0,22209,
716,0.00015788683958817273,0.0,0.0,22219,
716,,,,22226,0.00018492279923520982
717,0.00018285280384588987,0.0,0.0,22229,
717,0.00017884965927805752,0.0,0.0,22239,
717,0.00014237563300412148,0.0,0.0,22249,
717,,,,22257,0.00017417407070752233
718,0.00015573007112834603,0.0,0.0,22259,
718,0.0001770722883520648,0.0,0.0,22269,
718,0.00015663616068195552,0.0,0.0,22279,
718,,,,22288,0.00017182469309773296
719,0.0001545504928799346,0.0,0.0,22289,
719,0.00016620132373645902,0.0,0.0,22299,
719,0.00017424205725546926,0.0,0.0,22309,
719,5.523305662791245e-05,0.0,0.0,22319,
719,,,,22319,0.00017141590069513768
720,0.0001590103202033788,0.0,0.0,22329,
720,0.00016958707419689745,0.0,0.0,22339,
720,0.00016991194570437074,0.0,0.0,22349,
720,,,,22350,0.00017038432997651398
721,0.00019408862863201648,0.0,0.0,22359,
721,0.00016665713337715715,0.0,0.0,22369,
721,0.00017395544273313135,0.0,0.0,22379,
721,,,,22381,0.0001998474181164056
722,0.00015786256699357182,0.0,0.0,22389,
722,0.00015656497271265835,0.0,0.0,22399,
722,0.00016974461323115975,0.0,0.0,22409,
722,,,,22412,0.00017487611330579966
723,0.0001643930736463517,0.0,0.0,22419,
723,0.0001487994013587013,0.0,0.0,22429,
723,0.00016260759730357677,0.0,0.0,22439,
723,,,,22443,0.00017601452418603003
724,0.00015934401017148048,0.0,0.0,22449,
724,0.0001642094284761697,0.0,0.0,22459,
724,0.00015944127517286688,0.0,0.0,22469,
724,,,,22474,0.0001738561986712739
725,0.00017732240667100996,0.0,0.0,22479,
725,0.00016061525093391538,0.0,0.0,22489,
725,0.00015754843479953706,0.0,0.0,22499,
725,,,,22505,0.0001718977582640946
726,0.00016475778829772025,0.0,0.0,22509,
726,0.00016196203068830073,0.0,0.0,22519,
726,0.00016151467571035028,0.0,0.0,22529,
726,,,,22536,0.00017137243412435055
727,0.00016840231546666473,0.0,0.0,22539,
727,0.0001774502597982064,0.0,0.0,22549,
727,0.00014168904453981668,0.0,0.0,22559,
727,,,,22567,0.00017156355897895992
728,0.00015272463497240096,0.0,0.0,22569,
728,0.00018765272398013622,0.0,0.0,22579,
728,0.0001629820908419788,0.0,0.0,22589,
728,,,,22598,0.00017380616918671876
729,0.00015640450874343514,0.0,0.0,22599,
729,0.00015445856843143702,0.0,0.0,22609,
729,0.0001759692677296698,0.0,0.0,22619,
729,5.39377833774779e-05,0.0,0.0,22629,
729,,,,22629,0.00017020625818986446
730,0.00015493568207602948,0.0,0.0,22639,
730,0.00016507864347659051,0.0,0.0,22649,
730,0.00017599441343918443,0.0,0.0,22659,
730,,,,22660,0.0001877669565146789
731,0.0001607937883818522,0.0,0.0,22669,
731,0.00015587217058055103,0.0,0.0,22679,
731,0.0001574352936586365,0.0,0.0,22689,
731,,,,22691,0.00018582386837806553
732,0.00015145665383897722,0.0,0.0,22699,
732,0.00014752121933270246,0.0,0.0,22709,
732,0.00016820913879200816,0.0,0.0,22719,
732,,,,22722,0.00016787702043075114
733,0.0001670361525611952,0.0,0.0,22729,
733,0.00014471501344814897,0.0,0.0,22739,
733,0.00015269035066012293,0.0,0.0,22749,
733,,,,22753,0.00016938577755354345
734,0.00016818610311020166,0.0,0.0,22759,
734,0.0001690347125986591,0.0,0.0,22769,
734,0.00016005364886950701,0.0,0.0,22779,
734,,,,22784,0.00017500799731351435
735,0.00020941451657563448,0.0,0.0,22789,
735,0.00016019536997191608,0.0,0.0,22799,
735,0.00016121810767799616,0.0,0.0,22809,
735,,,,22815,0.00016863034397829324
736,0.00016053886793088168,0.0,0.0,22819,
736,0.00015937702846713364,0.0,0.0,22829,
736,0.00016261576092801988,0.0,0.0,22839,
736,,,,22846,0.0001800812315195799
737,0.00017449598817620426,0.0,0.0,22849,
737,0.0001720480649964884,0.0,0.0,22859,
737,0.00013862880587112159,0.0,0.0,22869,
737,,,,22877,0.00016885093646124005
738,0.00014964473666623235,0.0,0.0,22879,
738,0.00017105203005485237,0.0,0.0,22889,
738,0.00015972167602740228,0.0,0.0,22899,
738,,,,22908,0.00016941713693086058
739,0.00015241466462612152,0.0,0.0,22909,
739,0.00015284062828868628,0.0,0.0,22919,
739,0.00016348293866030872,0.0,0.0,22929,
739,5.354766108212061e-05,0.0,0.0,22939,
739,,,,22939,0.00017230577941518277
740,0.00015358469681814313,0.0,0.0,22949,
740,0.00016188841254916042,0.0,0.0,22959,
740,0.00016641952970530838,0.0,0.0,22969,
740,,,,22970,0.00017398508498445153
741,0.00014866743003949523,0.0,0.0,22979,
741,0.00015242719382513314,0.0,0.0,22989,
741,0.00014976579404901713,0.0,0.0,22999,
741,,,,23001,0.00019634405907709152
742,0.00015203126531559974,0.0,0.0,23009,
742,0.00014869672304484993,0.0,0.0,23019,
742,0.00016510247951373458,0.0,0.0,23029,
742,,,,23032,0.0001688795309746638
743,0.00015792956401128322,0.0,0.0,23039,
743,0.00014087918680161238,0.0,0.0,23049,
743,0.00015629919653292745,0.0,0.0,23059,
743,,,,23063,0.00016817168216221035
744,0.0001796053838916123,0.0,0.0,23069,
744,0.00015611734124831855,0.0,0.0,23079,
744,0.0001558337389724329,0.0,0.0,23089,
744,,,,23094,0.00016893645806703717
745,0.00017917288641911,0.0,0.0,23099,
745,0.00016372297250200063,0.0,0.0,23109,
745,0.00015593430725857615,0.0,0.0,23119,
745,,,,23125,0.00019477772002574056
746,0.00017781257338356227,0.0,0.0,23129,
746,0.00015853649529162794,0.0,0.0,23139,
746,0.00015264048124663532,0.0,0.0,23149,
746,,,,23156,0.00017097234376706183
747,0.0001633898791624233,0.0,0.0,23159,
747,0.00016979413339868188,0.0,0.0,23169,
747,0.00013329109060578048,0.0,0.0,23179,
747,,,,23187,0.00016596670320723206
748,0.0001469145790906623,0.0,0.0,23189,
748,0.00016543523815926164,0.0,0.0,23199,
748,0.00015126055222935975,0.0,0.0,23209,
748,,,,23218,0.0001972594764083624
749,0.00017791274876799434,0.0,0.0,23219,
749,0.0001640118280192837,0.0,0.0,23229,
749,0.000165104545885697,0.0,0.0,23239,
749,6.111450784374028e-05,0.0,0.0,23249,
749,,,,23249,0.00017237897554878145
750,0.00015449155762325972,0.0,0.0,23259,
750,0.00016442542255390435,0.0,0.0,23269,
750,0.00016092396981548518,0.0,0.0,23279,
750,,,,23280,0.0001745540794217959
751,0.00014250037202145904,0.0,0.0,23289,
751,0.00015108234947547317,0.0,0.0,23299,
751,0.00014837909839116037,0.0,0.0,23309,
751,,,,23311,0.00016472156858071685
752,0.00014477409422397614,0.0,0.0,23319,
752,0.00014206208288669586,0.0,0.0,23329,
752,0.00015892079682089388,0.0,0.0,23339,
752,,,,23342,0.00018013105727732182
753,0.00016466130909975618,0.0,0.0,23349,
753,0.00014436652418226004,0.0,0.0,23359,
753,0.00015151298430282623,0.0,0.0,23369,
753,,,,23373,0.00016438771854154766
754,0.00015630941197741777,0.0,0.0,23379,
754,0.000153477318235673,0.0,0.0,23389,
754,0.0001577466173330322,0.0,0.0,23399,
754,,,,23404,0.00017014289915096015
755,0.00017563352594152093,0.0,0.0,23409,
755,0.00015808598254807293,0.0,0.0,23419,
755,0.00015721814997959882,0.0,0.0,23429,
755,,,,23435,0.00016338379646185786
756,0.00015194802836049348,0.0,0.0,23439,
756,0.00015128549421206117,0.0,0.0,23449,
756,0.00015482210437767208,0.0,0.0,23459,
756,,,,23466,0.00016700912965461612
757,0.00017788696277420968,0.0,0.0,23469,
757,0.00017803044465836138,0.0,0.0,23479,
757,0.0001348447403870523,0.0,0.0,23489,
757,,,,23497,0.00016707199392840266
758,0.0001448202965548262,0.0,0.0,23499,
758,0.0001622204144950956,0.0,0.0,23509,
758,0.00015625472587998956,0.0,0.0,23519,
758,,,,23528,0.00016999807849060744
759,0.00015327634173445404,0.0,0.0,23529,
759,0.00015176707529462874,0.0,0.0,23539,
759,0.00015827365859877318,0.0,0.0,23549,
759,5.3314226533984765e-05,0.0,0.0,23559,
759,,,,23559,0.00016734465316403657
760,0.0001534831098979339,0.0,0.0,23569,
760,0.0001589982130099088,0.0,0.0,23579,
760,0.00015896618424449116,0.0,0.0,23589,
760,,,,23590,0.00016623873671051115
761,0.00014717003796249628,0.0,0.0,23599,
761,0.00014593207743018866,0.0,0.0,23609,
761,0.00014559748524334282,0.0,0.0,23619,
761,,,,23621,0.00016255347873084247
762,0.000153760178363882,0.0,0.0,23629,
762,0.0001420600456185639,0.0,0.0,23639,
762,0.00015489473298657686,0.0,0.0,23649,
762,,,,23652,0.0001608913007657975
763,0.0001625115255592391,0.0,0.0,23659,
763,0.00014154441305436194,0.0,0.0,23669,
763,0.00014680609456263483,0.0,0.0,23679,
763,,,,23683,0.00015987108054105192
764,0.0001904058881336823,0.0,0.0,23689,
764,0.00015498977154493332,0.0,0.0,23699,
764,0.00016870904073584825,0.0,0.0,23709,
764,,,,23714,0.00018677640764508396
765,0.00017736645531840622,0.0,0.0,23719,
765,0.0001590656174812466,0.0,0.0,23729,
765,0.00015685359539929777,0.0,0.0,23739,
765,,,,23745,0.00017088554159272462
766,0.00014970099437050521,0.0,0.0,23749,
766,0.00015051709488034248,0.0,0.0,23759,
766,0.00015104118210729212,0.0,0.0,23769,
766,,,,23776,0.0001658828987274319
767,0.00016662028792779893,0.0,0.0,23779,
767,0.000165724239195697,0.0,0.0,23789,
767,0.00013272832438815385,0.0,0.0,23799,
767,,,,23807,0.0001681531866779551
768,0.00015175814041867852,0.0,0.0,23809,
768,0.00016733715892769396,0.0,0.0,23819,
768,0.00014669653319288045,0.0,0.0,23829,
768,,,,23838,0.00016279052942991257
769,0.00014607123739551753,0.0,0.0,23839,
769,0.0001508519781054929,0.0,0.0,23849,
769,0.00015885154425632209,0.0,0.0,23859,
769,5.553589289775118e-05,0.0,0.0,23869,
769,,,,23869,0.00018048781203106046
770,0.00015590920520480722,0.0,0.0,23879,
770,0.00015553631237708032,0.0,0.0,23889,
770,0.00015566930233035237,0.0,0.0,23899,
770,,,,23900,0.00016165670240297914
771,0.00014132584328763187,0.0,0.0,23909,
771,0.00014476517389994115,0.0,0.0,23919,
771,0.0001478648482589051,0.0,0.0,23929,
771,,,,23931,0.00015987377264536917
772,0.00018898911366704851,0.0,0.0,23939,
772,0.0001487492845626548,0.0,0.0,23949,
772,0.00015794216596987098,0.0,0.0,23959,
772,,,,23962,0.00016425274952780455
773,0.000146266000228934,0.0,0.0,23969,
773,0.00013729369675274938,0.0,0.0,23979,
773,0.00015151222760323435,0.0,0.0,23989,
773,,,,23993,0.00016859844618011266
774,0.00014576535613741726,0.0,0.0,23999,
774,0.00014949847536627203,0.0,0.0,24009,
774,0.00015249254647642374,0.0,0.0,24019,
774,,,,24024,0.00016145558038260788
775,0.00018658490444067866,0.0,0.0,24029,
775,0.0001534709008410573,0.0,0.0,24039,
775,0.00015215339954011142,0.0,0.0,24049,
775,,,,24055,0.00016202061669901013
776,0.00015242765948642045,0.0,0.0,24059,
776,0.00014636926061939448,0.0,0.0,24069,
776,0.0001468521950300783,0.0,0.0,24079,
776,,,,24086,0.0001569699525134638
777,0.0001768761721905321,0.0,0.0,24089,
777,0.0001702850277069956,0.0,0.0,24099,
777,0.00013550141011364758,0.0,0.0,24109,
777,,,,24117,0.0001629611651878804
778,0.00014602550072595477,0.0,0.0,24119,
778,0.00015659148630220443,0.0,0.0,24129,
778,0.0001492236478952691,0.0,0.0,24139,
778,,,,24148,0.00016431706899311393
779,0.00014791543071623892,0.0,0.0,24149,
779,0.00014541108976118267,0.0,0.0,24159,
779,0.00015386618906632066,0.0,0.0,24169,
779,5.229669841355644e-05,0.0,0.0,24179,
779,,,,24179,0.0001582841359777376
780,0.00016612085164524615,0.0,0.0,24189,
780,0.0001559753727633506,0.0,0.0,24199,
780,0.00015735166380181909,0.0,0.0,24209,
780,,,,24210,0.00015923372120596468
781,0.00013467780081555247,0.0,0.0,24219,
781,0.00014139697304926813,0.0,0.0,24229,
781,0.0001455722376704216,0.0,0.0,24239,
781,,,,24241,0.00017244674381799996
782,0.00014559821283910424,0.0,0.0,24249,
782,0.00014075606304686517,0.0,0.0,24259,
782,0.00015517722931690514,0.0,0.0,24269,
782,,,,24272,0.00015941988385748118
783,0.0001718750427244231,0.0,0.0,24279,
783,0.00013467804819811136,0.0,0.0,24289,
783,0.00014299100439529866,0.0,0.0,24299,
783,,,,24303,0.00015890857321210206
784,0.00015266446280293167,0.0,0.0,24309,
784,0.0001470892020734027,0.0,0.0,24319,
784,0.00016057121683843434,0.0,0.0,24329,
784,,,,24334,0.00017682489124126732
785,0.0002503662253729999,0.0,0.0,24339,
785,0.0001601041731191799,0.0,0.0,24349,
785,0.00014849528088234365,0.0,0.0,24359,
785,,,,24365,0.00016724431770853698
786,0.0001886508980533108,0.0,0.0,24369,
786,0.00015737141075078398,0.0,0.0,24379,
786,0.00015187666576821357,0.0,0.0,24389,
786,,,,24396,0.0001610445906408131
787,0.00015402399003505707,0.0,0.0,24399,
787,0.00016415875870734453,0.0,0.0,24409,
787,0.00012717855861410499,0.0,0.0,24419,
787,,,,24427,0.0001593212509760633
788,0.000146296268212609,0.0,0.0,24429,
788,0.00015551000251434743,0.0,0.0,24439,
788,0.00014549182378686965,0.0,0.0,24449,
788,,,,24458,0.00018244553939439356
789,0.00016443284403067082,0.0,0.0,24459,
789,0.00014778308104723692,0.0,0.0,24469,
789,0.0001544193655718118,0.0,0.0,24479,
789,5.127066469867714e-05,0.0,0.0,24489,
789,,,,24489,0.0001678533008089289
790,0.000144082005135715,0.0,0.0,24499,
790,0.0001516179327154532,0.0,0.0,24509,
790,0.00015289995644707233,0.0,0.0,24519,
790,,,,24520,0.00015617316239513457
791,0.00013634347124025226,0.0,0.0,24529,
791,0.00014144777378533036,0.0,0.0,24539,
791,0.00014404846297111362,0.0,0.0,24549,
791,,,,24551,0.0001595006906427443
792,0.00014709538663737476,0.0,0.0,24559,
792,0.00013692441279999912,0.0,0.0,24569,
792,0.00015223842638079077,0.0,0.0,24579,
792,,,,24582,0.00015721864474471658
793,0.00015563478518743068,0.0,0.0,24589,
793,0.00013376414426602423,0.0,0.0,24599,
793,0.00014137303514871746,0.0,0.0,24609,
793,,,,24613,0.0001530297740828246
794,0.00020010127627756447,0.0,0.0,24619,
794,0.00015084532788023353,0.0,0.0,24629,
794,0.0001645517477300018,0.0,0.0,24639,
794,,,,24644,0.0001709403150016442
795,0.00018739585357252508,0.0,0.0,24649,
795,0.00015693757450208068,0.0,0.0,24659,
795,0.00015491602243855596,0.0,0.0,24669,
795,,,,24675,0.00018587667727842927
796,0.00015714102482888848,0.0,0.0,24679,
796,0.00014943687710911036,0.0,0.0,24689,
796,0.00015012164658401161,0.0,0.0,24699,
796,,,,24706,0.0001585457066539675
797,0.00016345447511412203,0.0,0.0,24709,
797,0.00016150038572959602,0.0,0.0,24719,
797,0.00012614780280273408,0.0,0.0,24729,
797,,,,24737,0.0001578183873789385
798,0.000146614431287162,0.0,0.0,24739,
798,0.00015083503967616707,0.0,0.0,24749,
798,0.0001423955400241539,0.0,0.0,24759,
798,,,,24768,0.00016393885016441345
799,0.00014757960161659867,0.0,0.0,24769,
799,0.000141961092595011,0.0,0.0,24779,
799,0.00015263620298355818,0.0,0.0,24789,
799,5.428812437457964e-05,0.0,0.0,24799,
799,,,,24799,0.00015832418284844607
800,0.00014367343101184815,0.0,0.0,24809,
800,0.000150758569361642,0.0,0.0,24819,
800,0.0001549990411149338,0.0,0.0,24829,
800,,,,24830,0.00015822415298316628
801,0.0001452679862268269,0.0,0.0,24839,
801,0.00014752623974345624,0.0,0.0,24849,
801,0.00014583861047867686,0.0,0.0,24859,
801,,,,24861,0.0001587649603607133
802,0.00013494987797457725,0.0,0.0,24869,
802,0.0001347792276646942,0.0,0.0,24879,
802,0.00014840182848274708,0.0,0.0,24889,
802,,,,24892,0.00015266532136593014
803,0.00014324518269859254,0.0,0.0,24899,
803,0.00013138866052031517,0.0,0.0,24909,
803,0.00014472466136794537,0.0,0.0,24919,
803,,,,24923,0.00020487469737417996
804,0.00014534326328430325,0.0,0.0,24929,
804,0.00014835943875368685,0.0,0.0,24939,
804,0.00014966455637477338,0.0,0.0,24949,
804,,,,24954,0.00015785063442308456
805,0.00015198755136225373,0.0,0.0,24959,
805,0.00014318141620606184,0.0,0.0,24969,
805,0.00014417489001061767,0.0,0.0,24979,
805,,,,24985,0.000152603694004938
806,0.00016465004591736943,0.0,0.0,24989,
806,0.00014468361041508615,0.0,0.0,24999,
806,0.00014728534733876586,0.0,0.0,25009,
806,,,,25016,0.00015581668412778527
807,0.00014953388017602265,0.0,0.0,25019,
807,0.0001583920093253255,0.0,0.0,25029,
807,0.00012229067215230316,0.0,0.0,25039,
807,,,,25047,0.0001531420275568962
808,0.0001335630367975682,0.0,0.0,25049,
808,0.00016975219477899373,0.0,0.0,25059,
808,0.0001392317353747785,0.0,0.0,25069,
808,,,,25078,0.00015379846445284784
809,0.00013787350326310843,0.0,0.0,25079,
809,0.0001415515289409086,0.0,0.0,25089,
809,0.00014915612700860947,0.0,0.0,25099,
809,4.988650471204892e-05,0.0,0.0,25109,
809,,,,25109,0.00015220481145661324
810,0.00015989886014722288,0.0,0.0,25119,
810,0.00015279470244422555,0.0,0.0,25129,
810,0.0001518152712378651,0.0,0.0,25139,
810,,,,25140,0.0001556991774123162
811,0.0001321888848906383,0.0,0.0,25149,
811,0.00013649920583702624,0.0,0.0,25159,
811,0.00013716932153329253,0.0,0.0,25169,
811,,,,25171,0.0001535003393655643
812,0.00016557822527829558,0.0,0.0,25179,
812,0.00013875988952349871,0.0,0.0,25189,
812,0.00015606448869220912,0.0,0.0,25199,
812,,,,25202,0.00017432104505132884
813,0.0001467929978389293,0.0,0.0,25209,
813,0.0001325324410572648,0.0,0.0,25219,
813,0.00014381080109160393,0.0,0.0,25229,
813,,,,25233,0.0001503457606304437
814,0.0001387189404340461,0.0,0.0,25239,
814,0.00014119886327534914,0.0,0.0,25249,
814,0.00014340448251459748,0.0,0.0,25259,
814,,,,25264,0.00018342718249186873
815,0.00020411398145370185,0.0,0.0,25269,
815,0.00014756681048311293,0.0,0.0,25279,
815,0.00014927690790500492,0.0,0.0,25289,
815,,,,25295,0.00015658994379919022
816,0.0001703862362774089,0.0,0.0,25299,
816,0.00014136677782516927,0.0,0.0,25309,
816,0.0001400131150148809,0.0,0.0,25319,
816,,,,25326,0.0001552126050228253
817,0.0001611061452422291,0.0,0.0,25329,
817,0.0001580951939104125,0.0,0.0,25339,
817,0.0001261193392565474,0.0,0.0,25349,
817,,,,25357,0.00016322066949214786
818,0.00014512611960526556,0.0,0.0,25359,
818,0.00014578796981368214,0.0,0.0,25369,
818,0.00014009251026436687,0.0,0.0,25379,
818,,,,25388,0.00015190892736427486
819,0.00013612279144581407,0.0,0.0,25389,
819,0.000142966047860682,0.0,0.0,25399,
819,0.0001530652807559818,0.0,0.0,25409,
819,4.931736475555226e-05,0.0,0.0,25419,
819,,,,25419,0.00014954184007365257
820,0.00014371790166478604,0.0,0.0,25429,
820,0.00015015696408227086,0.0,0.0,25439,
820,0.00015043478924781084,0.0,0.0,25449,
820,,,,25450,0.00014822912635281682
821,0.0001443170476704836,0.0,0.0,25459,
821,0.00013560408842749894,0.0,0.0,25469,
821,0.0001374257553834468,0.0,0.0,25479,
821,,,,25481,0.00015232992882374674
822,0.00014602024748455733,0.0,0.0,25489,
822,0.0001318461145274341,0.0,0.0,25499,
822,0.00014817759802099317,0.0,0.0,25509,
822,,,,25512,0.00015880484716035426
823,0.00015511746460106224,0.0,0.0,25519,
823,0.0001311202213400975,0.0,0.0,25529,
823,0.0001382529444526881,0.0,0.0,25539,
823,,,,25543,0.00015066580090206116
824,0.00013465472147800028,0.0,0.0,25549,
824,0.00014048596494831145,0.0,0.0,25559,
824,0.00014390068827196956,0.0,0.0,25569,
824,,,,25574,0.0001733258250169456
825,0.00027250376297160983,0.0,0.0,25579,
825,0.00016714718367438763,0.0,0.0,25589,
825,0.00016615215281490237,0.0,0.0,25599,
825,,,,25605,0.00015965536294970661
826,0.00014152779476717114,0.0,0.0,25609,
826,0.0001458692131564021,0.0,0.0,25619,
826,0.00014094058133196086,0.0,0.0,25629,
826,,,,25636,0.00015065631305333227
827,0.00015475966210942715,0.0,0.0,25639,
827,0.00015958485892042518,0.0,0.0,25649,
827,0.00012190471170470119,0.0,0.0,25659,
827,,,,25667,0.00014879160153213888
828,0.00012706720735877752,0.0,0.0,25669,
828,0.00014273016131483018,0.0,0.0,25679,
828,0.00013525081158149987,0.0,0.0,25689,
828,,,,25698,0.0001473387674195692
829,0.0001316886191489175,0.0,0.0,25699,
829,0.00013679536641575396,0.0,0.0,25709,
829,0.00015059090219438076,0.0,0.0,25719,
829,4.9237678467761725e-05,0.0,0.0,25729,
829,,,,25729,0.00014831751468591392
830,0.0001366008655168116,0.0,0.0,25739,
830,0.00014568623737432063,0.0,0.0,25749,
830,0.00016046158270910382,0.0,0.0,25759,
830,,,,25760,0.00016838338342495263
831,0.00015478316345252097,0.0,0.0,25769,
831,0.000145698941196315,0.0,0.0,25779,
831,0.00013839069288223982,0.0,0.0,25789,
831,,,,25791,0.000154326407937333
832,0.00013543819659389555,0.0,0.0,25799,
832,0.00013493293954525143,0.0,0.0,25809,
832,0.00014199309225659817,0.0,0.0,25819,
832,,,,25822,0.00015211181016638875
833,0.00013940503413323313,0.0,0.0,25829,
833,0.00012805355072487146,0.0,0.0,25839,
833,0.00014090025797486305,0.0,0.0,25849,
833,,,,25853,0.00015062102465890348
834,0.00013639478129334748,0.0,0.0,25859,
834,0.00014072514022700489,0.0,0.0,25869,
834,0.00013867701636627316,0.0,0.0,25879,
834,,,,25884,0.00015291626914404333
835,0.0001471979048801586,0.0,0.0,25889,
835,0.00013884520740248263,0.0,0.0,25899,
835,0.00014311447739601135,0.0,0.0,25909,
835,,,,25915,0.00014786954852752388
836,0.00014198834833223373,0.0,0.0,25919,
836,0.00014132757496554404,0.0,0.0,25929,
836,0.0001394507708027959,0.0,0.0,25939,
836,,,,25946,0.00015186434029601514
837,0.00014801652287133038,0.0,0.0,25949,
837,0.0001594302011653781,0.0,0.0,25959,
837,0.00011954325600527227,0.0,0.0,25969,
837,,,,25977,0.00017496068903710693
838,0.00015868210175540298,0.0,0.0,25979,
838,0.0001443774381186813,0.0,0.0,25989,
838,0.00014152291987556964,0.0,0.0,25999,
838,,,,26008,0.0001687258918536827
839,0.000151594023918733,0.0,0.0,26009,
839,0.00014789716806262732,0.0,0.0,26019,
839,0.00015063068713061512,0.0,0.0,26029,
839,4.806498691323213e-05,0.0,0.0,26039,
839,,,,26039,0.0001465259410906583
840,0.00013545977708417922,0.0,0.0,26049,
840,0.00014523290155921131,0.0,0.0,26059,
840,0.00014837845810689032,0.0,0.0,26069,
840,,,,26070,0.00015215224993880838
841,0.000127231192891486,0.0,0.0,26079,
841,0.00013062171638011932,0.0,0.0,26089,
841,0.00013220941764302552,0.0,0.0,26099,
841,,,,26101,0.00014679908053949475
842,0.0001748486392898485,0.0,0.0,26109,
842,0.0001295245747314766,0.0,0.0,26119,
842,0.0001573147892486304,0.0,0.0,26129,
842,,,,26132,0.00017744768410921097
843,0.00014518634998239577,0.0,0.0,26139,
843,0.00013456784654408693,0.0,0.0,26149,
843,0.00014107713650446385,0.0,0.0,26159,
843,,,,26163,0.00014955209917388856
844,0.0001289080537389964,0.0,0.0,26169,
844,0.00013941075303591788,0.0,0.0,26179,
844,0.00014048728917259723,0.0,0.0,26189,
844,,,,26194,0.00015239611093420535
845,0.00014464717241935432,0.0,0.0,26199,
845,0.00013856659643352032,0.0,0.0,26209,
845,0.00014069567259866744,0.0,0.0,26219,
845,,,,26225,0.00016101953224278986
846,0.0001410014374414459,0.0,0.0,26229,
846,0.00013689231127500534,0.0,0.0,26239,
846,0.0001371068210573867,0.0,0.0,26249,
846,,,,26256,0.0001473245065426454
847,0.000144765101140365,0.0,0.0,26259,
847,0.00016156223136931658,0.0,0.0,26269,
847,0.00011870900925714523,0.0,0.0,26279,
847,,,,26287,0.00014962907880544662
848,0.00013619341189041734,0.0,0.0,26289,
848,0.00014359410852193832,0.0,0.0,26299,
848,0.00013597763609141111,0.0,0.0,26309,
848,,,,26318,0.00015006652392912656
849,0.0001345764030702412,0.0,0.0,26319,
849,0.00013443008356261998,0.0,0.0,26329,
849,0.00014404156536329538,0.0,0.0,26339,
849,4.996653660782613e-05,0.0,0.0,26349,
849,,,,26349,0.000150979365571402
850,0.0001449486444471404,0.0,0.0,26359,
850,0.0001421744527760893,0.0,0.0,26369,
850,0.00014329818077385426,0.0,0.0,26379,
850,,,,26380,0.000147622253280133
851,0.0001439491315977648,0.0,0.0,26389,
851,0.00013336903066374362,0.0,0.0,26399,
851,0.00013963224773760885,0.0,0.0,26409,
851,,,,26411,0.00015602917119394988
852,0.00013682068674825132,0.0,0.0,26419,
852,0.0001286661863559857,0.0,0.0,26429,
852,0.00014299177564680576,0.0,0.0,26439,
852,,,,26442,0.0001557449868414551
853,0.00013562726962845773,0.0,0.0,26449,
853,0.00012666464317589998,0.0,0.0,26459,
853,0.00014475705393124372,0.0,0.0,26469,
853,,,,26473,0.00014973546785768121
854,0.00012942583998665214,0.0,0.0,26479,
854,0.00013708870392292738,0.0,0.0,26489,
854,0.00014175008982419968,0.0,0.0,26499,
854,,,,26504,0.00014388271665666252
855,0.0001721680018818006,0.0,0.0,26509,
855,0.00013905242667533457,0.0,0.0,26519,
855,0.00014902905968483537,0.0,0.0,26529,
855,,,,26535,0.00015223908121697605
856,0.0001441036438336596,0.0,0.0,26539,
856,0.0001367353106616065,0.0,0.0,26549,
856,0.00014009044389240444,0.0,0.0,26559,
856,,,,26566,0.00015594229626003653
857,0.00015148762031458318,0.0,0.0,26569,
857,0.0001519737852504477,0.0,0.0,26579,
857,0.00012014189996989444,0.0,0.0,26589,
857,,,,26597,0.0001455896272091195
858,0.00012731811148114502,0.0,0.0,26599,
858,0.00014041051326785237,0.0,0.0,26609,
858,0.00013307624612934887,0.0,0.0,26619,
858,,,,26628,0.00014802081568632275
859,0.0001327463105553761,0.0,0.0,26629,
859,0.00014183660096023232,0.0,0.0,26639,
859,0.00014622184971813112,0.0,0.0,26649,
859,5.067010715720244e-05,0.0,0.0,26659,
859,,,,26659,0.0001478396006859839
860,0.0001369468227494508,0.0,0.0,26669,
860,0.0001401278714183718,0.0,0.0,26679,
860,0.0001457201869925484,0.0,0.0,26689,
860,,,,26690,0.0001504890969954431
861,0.00012825906742364168,0.0,0.0,26699,
861,0.00013904536899644881,0.0,0.0,26709,
861,0.0001448889815947041,0.0,0.0,26719,
861,,,,26721,0.000147173588629812
862,0.00014562580327037722,0.0,0.0,26729,
862,0.00012797208910342306,0.0,0.0,26739,
862,0.0001381500333081931,0.0,0.0,26749,
862,,,,26752,0.00016378668078687042
863,0.00013977987691760063,0.0,0.0,26759,
863,0.0001262727746507153,0.0,0.0,26769,
863,0.00013316809781827033,0.0,0.0,26779,
863,,,,26783,0.00014283614291343838
864,0.00012618604523595423,0.0,0.0,26789,
864,0.00013187192962504923,0.0,0.0,26799,
864,0.00013585823762696236,0.0,0.0,26809,
864,,,,26814,0.00014491192996501923
865,0.00015896960394456983,0.0,0.0,26819,
865,0.00015261003863997757,0.0,0.0,26829,
865,0.00013818286242894828,0.0,0.0,26839,
865,,,,26845,0.00014752127754036337
866,0.00013583374675363302,0.0,0.0,26849,
866,0.0001331461244262755,0.0,0.0,26859,
866,0.00013688394392374903,0.0,0.0,26869,
866,,,,26876,0.00014472818293143064
867,0.0001390218094456941,0.0,0.0,26879,
867,0.0001568105653859675,0.0,0.0,26889,
867,0.00012080195301678032,0.0,0.0,26899,
867,,,,26907,0.00014681748871225864
868,0.00012833588698413223,0.0,0.0,26909,
868,0.00013982226664666086,0.0,0.0,26919,
868,0.0001309141662204638,0.0,0.0,26929,
868,,,,26938,0.0001778678415575996
869,0.0001605875149834901,0.0,0.0,26939,
869,0.00014913109771441668,0.0,0.0,26949,
869,0.00014529530017171055,0.0,0.0,26959,
869,5.733923171646893e-05,0.0,0.0,26969,
869,,,,26969,0.00015407803584821522
870,0.00013648012827616185,0.0,0.0,26979,
870,0.00013974096509627998,0.0,0.0,26989,
870,0.0001401895860908553,0.0,0.0,26999,
870,,,,27000,0.00014145229943096638
871,0.00012885827163700014,0.0,0.0,27009,
871,0.00012750504538416862,0.0,0.0,27019,
871,0.0001268926280317828,0.0,0.0,27029,
871,,,,27031,0.00014165019092615694
872,0.00012976159632671624,0.0,0.0,27039,
872,0.00012644751404877752,0.0,0.0,27049,
872,0.0001327300997218117,0.0,0.0,27059,
872,,,,27062,0.00014208290667738765
873,0.00013163781841285527,0.0,0.0,27069,
873,0.0001214716539834626,0.0,0.0,27079,
873,0.00013200027751736343,0.0,0.0,27089,
873,,,,27093,0.0001440488558728248
874,0.00014146009925752878,0.0,0.0,27099,
874,0.00014710429240949452,0.0,0.0,27109,
874,0.00014556024689227343,0.0,0.0,27119,
874,,,,27124,0.00014356734754983336
875,0.00014147830370347947,0.0,0.0,27129,
875,0.00013395462883636355,0.0,0.0,27139,
875,0.00013484300870914012,0.0,0.0,27149,
875,,,,27155,0.0001467069232603535
876,0.00014656978601124138,0.0,0.0,27159,
876,0.00013553164899349213,0.0,0.0,27169,
876,0.00013518317427951843,0.0,0.0,27179,
876,,,,27186,0.00014643835311289877
877,0.00015935624833218753,0.0,0.0,27189,
877,0.00015627472021151334,0.0,0.0,27199,
877,0.00011709863611031324,0.0,0.0,27209,
877,,,,27217,0.00014685231144540012
878,0.00012371756020002067,0.0,0.0,27219,
878,0.00013434753054752946,0.0,0.0,27229,
878,0.00013097035116516054,0.0,0.0,27239,
878,,,,27248,0.00014070933684706688
879,0.00012555840658023953,0.0,0.0,27249,
879,0.0001377525768475607,0.0,0.0,27259,
879,0.00013913675502408296,0.0,0.0,27269,
879,5.428220902103931e-05,0.0,0.0,27279,
879,,,,27279,0.0001444776717107743
880,0.00013071995635982603,0.0,0.0,27289,
880,0.0001392660051351413,0.0,0.0,27299,
880,0.00014129043847788125,0.0,0.0,27309,
880,,,,27310,0.00014329951955005527
881,0.00012427300680428743,0.0,0.0,27319,
881,0.0001272011868422851,0.0,0.0,27329,
881,0.00013762281741946936,0.0,0.0,27339,
881,,,,27341,0.000153599408804439
882,0.00013241064152680337,0.0,0.0,27349,
882,0.00012541779142338783,0.0,0.0,27359,
882,0.00013268629845697433,0.0,0.0,27369,
882,,,,27372,0.0001411623234162107
883,0.00012797951058018953,0.0,0.0,27379,
883,0.00012213009176775813,0.0,0.0,27389,
883,0.00012843064905609936,0.0,0.0,27399,
883,,,,27403,0.00014595700486097485
884,0.00020031201711390167,0.0,0.0,27409,
884,0.00013630582543555647,0.0,0.0,27419,
884,0.0001361253671348095,0.0,0.0,27429,
884,,,,27434,0.00014476887008640915
885,0.0001423268113285303,0.0,0.0,27439,
885,0.0001305356272496283,0.0,0.0,27449,
885,0.00013952702283859253,0.0,0.0,27459,
885,,,,27465,0.00013956960174255073
886,0.00014281230687629431,0.0,0.0,27469,
886,0.00013184203999117017,0.0,0.0,27479,
886,0.00013527536066249013,0.0,0.0,27489,
886,,,,27496,0.00014825591642875224
887,0.0001573730114614591,0.0,0.0,27499,
887,0.00014846825797576457,0.0,0.0,27509,
887,0.00011845830886159092,0.0,0.0,27519,
887,,,,27527,0.00014795438619330525
888,0.0001434378937119618,0.0,0.0,27529,
888,0.0001348410442005843,0.0,0.0,27539,
888,0.00013017804303672165,0.0,0.0,27549,
888,,,,27558,0.0001588526793057099
889,0.00014299352187663317,0.0,0.0,27559,
889,0.00014581219875253737,0.0,0.0,27569,
889,0.00014058948727324605,0.0,0.0,27579,
889,4.94382438773755e-05,0.0,0.0,27589,
889,,,,27589,0.00014086352894082665
890,0.00013078033225610852,0.0,0.0,27599,
890,0.0001409064861945808,0.0,0.0,27609,
890,0.0001393637794535607,0.0,0.0,27619,
890,,,,27620,0.00014124330482445657
891,0.00012263625103514642,0.0,0.0,27629,
891,0.0001256011164514348,0.0,0.0,27639,
891,0.00012658876948989928,0.0,0.0,27649,
891,,,,27651,0.000142172139021568
892,0.0001271734363399446,0.0,0.0,27659,
892,0.00012239842908456922,0.0,0.0,27669,
892,0.00013560589286498725,0.0,0.0,27679,
892,,,,27682,0.00014179928984958678
893,0.00013079404016025364,0.0,0.0,27689,
893,0.00012037865235470235,0.0,0.0,27699,
893,0.00012875664106104523,0.0,0.0,27709,
893,,,,27713,0.00014419785293284804
894,0.00014538175310008228,0.0,0.0,27719,
894,0.00013336515985429287,0.0,0.0,27729,
894,0.00013734620006289333,0.0,0.0,27739,
894,,,,27744,0.00014221058518160135
895,0.00013786600902676582,0.0,0.0,27749,
895,0.00013168079021852463,0.0,0.0,27759,
895,0.00013980906805954874,0.0,0.0,27769,
895,,,,27775,0.00014636965352110565
896,0.00014364492380991578,0.0,0.0,27779,
896,0.00013239050167612731,0.0,0.0,27789,
896,0.0001335052220383659,0.0,0.0,27799,
896,,,,27806,0.00014046674186829478
897,0.00014649724471382797,0.0,0.0,27809,
897,0.00015937017451506108,0.0,0.0,27819,
897,0.00011343158985255286,0.0,0.0,27829,
897,,,,27837,0.0001414132275385782
898,0.00011959506809944287,0.0,0.0,27839,
898,0.00013100581418257207,0.0,0.0,27849,
898,0.0001263470039702952,0.0,0.0,27859,
898,,,,27868,0.0001365630014333874
899,0.00012165280350018293,0.0,0.0,27869,
899,0.00012961488391738385,0.0,0.0,27879,
899,0.0001410585973644629,0.0,0.0,27889,
899,5.070336192147806e-05,0.0,0.0,27899,
899,,,,27899,0.00014517692034132779
900,0.00014542281860485673,0.0,0.0,27909,
900,0.00014307157834991813,0.0,0.0,27919,
900,0.00014485089923255146,0.0,0.0,27929,
900,,,,27930,0.00013894634321331978
901,0.00012572888226713985,0.0,0.0,27939,
901,0.00012284157855901867,0.0,0.0,27949,
901,0.00012659424101002514,0.0,0.0,27959,
901,,,,27961,0.00014096258382778615
902,0.00013225310249254107,0.0,0.0,27969,
902,0.00012328865705057979,0.0,0.0,27979,
902,0.00013563677202910185,0.0,0.0,27989,
902,,,,27992,0.0001488321868237108
903,0.00013661477714776993,0.0,0.0,27999,
903,0.00013223888527136296,0.0,0.0,28009,
903,0.00013691572530660778,0.0,0.0,28019,
903,,,,28023,0.0001378414308419451
904,0.00012024978786939755,0.0,0.0,28029,
904,0.00012683644308708608,0.0,0.0,28039,
904,0.00013082491932436824,0.0,0.0,28049,
904,,,,28054,0.00013904788647778332
905,0.00014860440569464117,0.0,0.0,28059,
905,0.00013944391685072333,0.0,0.0,28069,
905,0.0001476341567467898,0.0,0.0,28079,
905,,,,28085,0.00014822087541688234
906,0.000130532294861041,0.0,0.0,28089,
906,0.00013073303853161633,0.0,0.0,28099,
906,0.00012826254533138126,0.0,0.0,28109,
906,,,,28116,0.00013586106069851667
907,0.00013817372382618487,0.0,0.0,28119,
907,0.00014573823136743158,0.0,0.0,28129,
907,0.0001108962096623145,0.0,0.0,28139,
907,,,,28147,0.00013673312787432224
908,0.00011588443885557353,0.0,0.0,28149,
908,0.00014113781799096614,0.0,0.0,28159,
908,0.00012998920283280313,0.0,0.0,28169,
908,,,,28178,0.00016688437608536333
909,0.0001506152912043035,0.0,0.0,28179,
909,0.00013376027345657349,0.0,0.0,28189,
909,0.00013926700921729207,0.0,0.0,28199,
909,4.8298090405296534e-05,0.0,0.0,28209,
909,,,,28209,0.00013619399396702647
910,0.00012919941218569875,0.0,0.0,28219,
910,0.00013483413204085082,0.0,0.0,28229,
910,0.0001383948838338256,0.0,0.0,28239,
910,,,,28240,0.00014082530105952173
911,0.00012036634143441916,0.0,0.0,28249,
911,0.00012322497786954045,0.0,0.0,28259,
911,0.00012477945710998029,0.0,0.0,28269,
911,,,,28271,0.00013903302897233516
912,0.0001245309686055407,0.0,0.0,28279,
912,0.00012006332690361887,0.0,0.0,28289,
912,0.0001289490464841947,0.0,0.0,28299,
912,,,,28302,0.000141343247378245
913,0.00012897045235149562,0.0,0.0,28309,
913,0.00011813054152298719,0.0,0.0,28319,
913,0.00012930440425407141,0.0,0.0,28329,
913,,,,28333,0.00014130299678072333
914,0.00018559623276814818,0.0,0.0,28339,
914,0.00013411356485448778,0.0,0.0,28349,
914,0.00013369391672313213,0.0,0.0,28359,
914,,,,28364,0.00013707972539123148
915,0.0001798214070731774,0.0,0.0,28369,
915,0.000130417276523076,0.0,0.0,28379,
915,0.00013312435476109385,0.0,0.0,28389,
915,,,,28395,0.0001379046298097819
916,0.0001282027951674536,0.0,0.0,28399,
916,0.00012611114652827382,0.0,0.0,28409,
916,0.00013085770478937775,0.0,0.0,28419,
916,,,,28426,0.00013954410678707063
917,0.00013949666754342616,0.0,0.0,28429,
917,0.00014455316704697907,0.0,0.0,28439,
917,0.00011253836419200525,0.0,0.0,28449,
917,,,,28457,0.00016863402561284602
918,0.00017758161993697286,0.0,0.0,28459,
918,0.0001392356789438054,0.0,0.0,28469,
918,0.00013055386079940945,0.0,0.0,28479,
918,,,,28488,0.00013533186574932188
919,0.00012060165317961946,0.0,0.0,28489,
919,0.00012406069436110556,0.0,0.0,28499,
919,0.0001312898239120841,0.0,0.0,28509,
919,4.5135850086808205e-05,0.0,0.0,28519,
919,,,,28519,0.00013464759103953838
920,0.00013063510414212942,0.0,0.0,28529,
920,0.0001376239670207724,0.0,0.0,28539,
920,0.00013608188601210713,0.0,0.0,28549,
920,,,,28550,0.00013775039406027645
921,0.00012009874626528472,0.0,0.0,28559,
921,0.00012103185144951567,0.0,0.0,28569,
921,0.00014739582547917962,0.0,0.0,28579,
921,,,,28581,0.00017859338549897075
922,0.00014398466737475246,0.0,0.0,28589,
922,0.00012984235945623368,0.0,0.0,28599,
922,0.00013247839524410665,0.0,0.0,28609,
922,,,,28612,0.00015763306873850524
923,0.0001430429401807487,0.0,0.0,28619,
923,0.00012378438259474933,0.0,0.0,28629,
923,0.0001343646872555837,0.0,0.0,28639,
923,,,,28643,0.00014419486979022622
924,0.00012272075400687754,0.0,0.0,28649,
924,0.0001248266053153202,0.0,0.0,28659,
924,0.00013185838179197162,0.0,0.0,28669,
924,,,,28674,0.00014778150944039226
925,0.00013689600746147335,0.0,0.0,28679,
925,0.0001277451665373519,0.0,0.0,28689,
925,0.0001309728977503255,0.0,0.0,28699,
925,,,,28705,0.0001381579349981621
926,0.00012532580876722932,0.0,0.0,28709,
926,0.00012583026546053588,0.0,0.0,28719,
926,0.0001264351449208334,0.0,0.0,28729,
926,,,,28736,0.00013574757031165063
927,0.00013454728468786925,0.0,0.0,28739,
927,0.00014305881632026285,0.0,0.0,28749,
927,0.00010930611460935324,0.0,0.0,28759,
927,,,,28767,0.0001348132936982438
928,0.00012276945926714689,0.0,0.0,28769,
928,0.00013049578410573304,0.0,0.0,28779,
928,0.00012197269825264812,0.0,0.0,28789,
928,,,,28798,0.0001485136745031923
929,0.00013344782928470522,0.0,0.0,28799,
929,0.00013043501530773938,0.0,0.0,28809,
929,0.00013783133181277663,0.0,0.0,28819,
929,5.0253758672624826e-05,0.0,0.0,28829,
929,,,,28829,0.00014303778880275786
930,0.00012610417616087943,0.0,0.0,28839,
930,0.000135429494548589,0.0,0.0,28849,
930,0.00013852567644789815,0.0,0.0,28859,
930,,,,28860,0.00013653296628035605
931,0.00012157771561760455,0.0,0.0,28869,
931,0.00012415186211001128,0.0,0.0,28879,
931,0.00013376062270253897,0.0,0.0,28889,
931,,,,28891,0.00013920199126005173
932,0.00011985903984168544,0.0,0.0,28899,
932,0.00011953238572459668,0.0,0.0,28909,
932,0.00012989314564038068,0.0,0.0,28919,
932,,,,28922,0.00013625225983560085
933,0.00012789112224709243,0.0,0.0,28929,
933,0.00011599018034758046,0.0,0.0,28939,
933,0.00012412809883244336,0.0,0.0,28949,
933,,,,28953,0.0001379876775899902
934,0.00012308340228628367,0.0,0.0,28959,
934,0.00012359008542262018,0.0,0.0,28969,
934,0.00012505246559157968,0.0,0.0,28979,
934,,,,28984,0.00013770094665233046
935,0.00014076002116780728,0.0,0.0,28989,
935,0.00012789144238922745,0.0,0.0,28999,
935,0.00013350181689020246,0.0,0.0,29009,
935,,,,29015,0.0001492093433625996
936,0.00016859876632224768,0.0,0.0,29019,
936,0.00012984935892745852,0.0,0.0,29029,
936,0.00012570006947498769,0.0,0.0,29039,
936,,,,29046,0.00013438338646665215
937,0.0001302577438764274,0.0,0.0,29049,
937,0.00014289793034549803,0.0,0.0,29059,
937,0.00010733719682320952,0.0,0.0,29069,
937,,,,29077,0.00013194729399401695
938,0.00011626935156527907,0.0,0.0,29079,
938,0.00012788049934897572,0.0,0.0,29089,
938,0.00012144890206400305,0.0,0.0,29099,
938,,,,29108,0.00014045025454834104
939,0.00012550620886031538,0.0,0.0,29109,
939,0.0001287565246457234,0.0,0.0,29119,
939,0.00013020035112276673,0.0,0.0,29129,
939,4.6121924242470413e-05,0.0,0.0,29139,
939,,,,29139,0.0001411933480994776
940,0.00012543497723527253,0.0,0.0,29149,
940,0.00013355792907532305,0.0,0.0,29159,
940,0.0001348357618553564,0.0,0.0,29169,
940,,,,29170,0.00013308042252901942
941,0.00011934748908970505,0.0,0.0,29179,
941,0.00011916163202840835,0.0,0.0,29189,
941,0.00012007597251795232,0.0,0.0,29199,
941,,,,29201,0.00013402335753198713
942,0.00013815633428748697,0.0,0.0,29209,
942,0.00012358328967820853,0.0,0.0,29219,
942,0.00013569412112701684,0.0,0.0,29229,
942,,,,29232,0.0002076925156870857
943,0.00015563340275548398,0.0,0.0,29239,
943,0.00012135625729570165,0.0,0.0,29249,
943,0.00013135765038896352,0.0,0.0,29259,
943,,,,29263,0.00013494821905624121
944,0.0001155975551228039,0.0,0.0,29269,
944,0.00012571866682264954,0.0,0.0,29279,
944,0.00012318069639150053,0.0,0.0,29289,
944,,,,29294,0.0001334986591245979
945,0.0001306791527895257,0.0,0.0,29299,
945,0.00012283172691240907,0.0,0.0,29309,
945,0.00012816480011679232,0.0,0.0,29319,
945,,,,29325,0.00013345737534109503
946,0.000124928483273834,0.0,0.0,29329,
946,0.00012622920621652156,0.0,0.0,29339,
946,0.00014062417903915048,0.0,0.0,29349,
946,,,,29356,0.0001439753541490063
947,0.00015203394286800176,0.0,0.0,29359,
947,0.00014467063010670245,0.0,0.0,29369,
947,0.00010936774924630299,0.0,0.0,29379,
947,,,,29387,0.00013848878734279424
948,0.0001283102756133303,0.0,0.0,29389,
948,0.00012566465011332184,0.0,0.0,29399,
948,0.00012010202772216871,0.0,0.0,29409,
948,,,,29418,0.00013332796515896916
949,0.00011871572496602312,0.0,0.0,29419,
949,0.00012659393541980535,0.0,0.0,29429,
949,0.00013442551426123828,0.0,0.0,29439,
949,4.968834400642663e-05,0.0,0.0,29449,
949,,,,29449,0.0001426017115591094
950,0.00013029351248405874,0.0,0.0,29459,
950,0.00013172626495361328,0.0,0.0,29469,
950,0.00013323468738235533,0.0,0.0,29479,
950,,,,29480,0.00013296508404891938
951,0.00013330360525287688,0.0,0.0,29489,
951,0.00012478863936848938,0.0,0.0,29499,
951,0.0001224283332703635,0.0,0.0,29509,
951,,,,29511,0.0001375649299006909
952,0.00011806900874944404,0.0,0.0,29519,
952,0.00011623978207353503,0.0,0.0,29529,
952,0.00012355681974440813,0.0,0.0,29539,
952,,,,29542,0.00013448020035866648
953,0.00013278209371492267,0.0,0.0,29549,
953,0.00013229802425485104,0.0,0.0,29559,
953,0.00011996764078503475,0.0,0.0,29569,
953,,,,29573,0.00014625552284996957
954,0.00012119361781515181,0.0,0.0,29579,
954,0.00012249386054463685,0.0,0.0,29589,
954,0.00012193427392048761,0.0,0.0,29599,
954,,,,29604,0.00013155573105905205
955,0.00013123694225214422,0.0,0.0,29609,
955,0.00012191847781650722,0.0,0.0,29619,
955,0.00012691106530837715,0.0,0.0,29629,
955,,,,29635,0.00013496143219526857
956,0.00015196787717286497,0.0,0.0,29639,
956,0.0001256985851796344,0.0,0.0,29649,
956,0.00012853088264819235,0.0,0.0,29659,
956,,,,29666,0.00014370903954841197
957,0.00013320006837602705,0.0,0.0,29669,
957,0.00015017310215625912,0.0,0.0,29679,
957,0.00011106260353699327,0.0,0.0,29689,
957,,,,29697,0.00014620201545767486
958,0.00014489007298834622,0.0,0.0,29699,
958,0.00012696396152023226,0.0,0.0,29709,
958,0.00012148048699600622,0.0,0.0,29719,
958,,,,29728,0.00013420809409581125
959,0.00011977389658568427,0.0,0.0,29729,
959,0.00014336634194478393,0.0,0.0,29739,
959,0.00014172100054565817,0.0,0.0,29749,
959,5.221420360612683e-05,0.0,0.0,29759,
959,,,,29759,0.0001457984180888161
960,0.00013325603504199535,0.0,0.0,29769,
960,0.00013370906526688486,0.0,0.0,29779,
960,0.00012937140127178282,0.0,0.0,29789,
960,,,,29790,0.00013327557826414704
961,0.0001139542437158525,0.0,0.0,29799,
961,0.00011515301594045013,0.0,0.0,29809,
961,0.00012074337428202853,0.0,0.0,29819,
961,,,,29821,0.00013397775182966143
962,0.00011828915012301877,0.0,0.0,29829,
962,0.00011531450581969693,0.0,0.0,29839,
962,0.00012007217446807772,0.0,0.0,29849,
962,,,,29852,0.00013091460277792066
963,0.00016205231077037752,0.0,0.0,29859,
963,0.00011734222061932087,0.0,0.0,29869,
963,0.00012214473099447787,0.0,0.0,29879,
963,,,,29883,0.00014346039097290486
964,0.0001175886791315861,0.0,0.0,29889,
964,0.00012139059253968298,0.0,0.0,29899,
964,0.00012067247007507831,0.0,0.0,29909,
964,,,,29914,0.00013242092973086983
965,0.00013987348938826472,0.0,0.0,29919,
965,0.00012212964065838605,0.0,0.0,29929,
965,0.0001388636155752465,0.0,0.0,29939,
965,,,,29945,0.00015008897753432393
966,0.0001476761099183932,0.0,0.0,29949,
966,0.00012635397433768958,0.0,0.0,29959,
966,0.000125083199236542,0.0,0.0,29969,
966,,,,29976,0.0001329907972831279
967,0.00013440955081023276,0.0,0.0,29979,
967,0.00013825461792293936,0.0,0.0,29989,
967,0.00010373155237175524,0.0,0.0,29999,
967,,,,30007,0.0001314868568442762
968,0.0001143159533967264,0.0,0.0,30009,
968,0.00012136542500229552,0.0,0.0,30019,
968,0.00012049364886479452,0.0,0.0,30029,
968,,,,30038,0.00013137552014086396
969,0.00011684844503179193,0.0,0.0,30039,
969,0.00013831816613674164,0.0,0.0,30049,
969,0.00012846248864661902,0.0,0.0,30059,
969,4.597680890583433e-05,0.0,0.0,30069,
969,,,,30069,0.00013095400936435908
970,0.00012591437553055584,0.0,0.0,30079,
970,0.00013122560631018132,0.0,0.0,30089,
970,0.00013351571396924555,0.0,0.0,30099,
970,,,,30100,0.00014072185149416327
971,0.00011398790229577571,0.0,0.0,30109,
971,0.0001165694193332456,0.0,0.0,30119,
971,0.00012216425966471434,0.0,0.0,30129,
971,,,,30131,0.00013476693129632622
972,0.00011906031431863084,0.0,0.0,30139,
972,0.00011715510481735691,0.0,0.0,30149,
972,0.00011892307520611212,0.0,0.0,30159,
972,,,,30162,0.00013142285752110183
973,0.00014543202996719629,0.0,0.0,30169,
973,0.00012116660218453035,0.0,0.0,30179,
973,0.00011873070616275072,0.0,0.0,30189,
973,,,,30193,0.00013579129881691188
974,0.00013875338481739163,0.0,0.0,30199,
974,0.00013656877854373306,0.0,0.0,30209,
974,0.00012671644799411297,0.0,0.0,30219,
974,,,,30224,0.0001381080801365897
975,0.00014681901666335762,0.0,0.0,30229,
975,0.00012016617984045297,0.0,0.0,30239,
975,0.00013197737280279398,0.0,0.0,30249,
975,,,,30255,0.00013702599972020835
976,0.00015436568355653435,0.0,0.0,30259,
976,0.0001245128660229966,0.0,0.0,30269,
976,0.00012245122343301773,0.0,0.0,30279,
976,,,,30286,0.00013488084368873388
977,0.00014785418170504272,0.0,0.0,30289,
977,0.0001391804253216833,0.0,0.0,30299,
977,0.00010700356506276876,0.0,0.0,30309,
977,,,,30317,0.0001372619444737211
978,0.00014091968478169292,0.0,0.0,30319,
978,0.0001220257836394012,0.0,0.0,30329,
978,0.0001189856484415941,0.0,0.0,30339,
978,,,,30348,0.00013183374539949
979,0.00011772791185649112,0.0,0.0,30349,
979,0.00012963940389454365,0.0,0.0,30359,
979,0.00013195780047681183,0.0,0.0,30369,
979,4.4393153075361624e-05,0.0,0.0,30379,
979,,,,30379,0.00013312665396369994
980,0.00012359250104054809,0.0,0.0,30389,
980,0.00012850026541855186,0.0,0.0,30399,
980,0.00012893305392935872,0.0,0.0,30409,
980,,,,30410,0.00013028182729613036
981,0.00012514027184806764,0.0,0.0,30419,
981,0.00011769367847591639,0.0,0.0,30429,
981,0.00011690804967656732,0.0,0.0,30439,
981,,,,30441,0.00013577545178122818
982,0.00011142218136228621,0.0,0.0,30449,
982,0.00011493105557747185,0.0,0.0,30459,
982,0.00011775347229558975,0.0,0.0,30469,
982,,,,30472,0.000139292620588094
983,0.00012105447240173817,0.0,0.0,30479,
983,0.00011280032776994631,0.0,0.0,30489,
983,0.00011661502503557131,0.0,0.0,30499,
983,,,,30503,0.00012876169057562947
984,0.00011313532013446093,0.0,0.0,30509,
984,0.00012730213347822428,0.0,0.0,30519,
984,0.0001273209200007841,0.0,0.0,30529,
984,,,,30534,0.00013095364556647837
985,0.00013555678015109152,0.0,0.0,30539,
985,0.00011826131958514452,0.0,0.0,30549,
985,0.00012405334564391524,0.0,0.0,30559,
985,,,,30565,0.0001310035731876269
986,0.0001485304965171963,0.0,0.0,30569,
986,0.0001334231928922236,0.0,0.0,30579,
986,0.00014090702461544424,0.0,0.0,30589,
986,,,,30596,0.0001425025111529976
987,0.00015557110600639135,0.0,0.0,30599,
987,0.00014381810615304857,0.0,0.0,30609,
987,0.00010374515113653615,0.0,0.0,30619,
987,,,,30627,0.00015043516759760678
988,0.00017667838255874813,0.0,0.0,30629,
988,0.00012351626355666667,0.0,0.0,30639,
988,0.00011917005758732557,0.0,0.0,30649,
988,,,,30658,0.00016852794215083122
989,0.00015210661513265222,0.0,0.0,30659,
989,0.00011922221892746165,0.0,0.0,30669,
989,0.00012702644744422287,0.0,0.0,30679,
989,4.5364315155893564e-05,0.0,0.0,30689,
989,,,,30689,0.00013613408373203129
990,0.00011794963211286813,0.0,0.0,30699,
990,0.00012522493489086628,0.0,0.0,30709,
990,0.0001250001514563337,0.0,0.0,30719,
990,,,,30720,0.00013054560986347497
991,0.00011142255971208215,0.0,0.0,30729,
991,0.00011359030031599104,0.0,0.0,30739,
991,0.0001175447105197236,0.0,0.0,30749,
991,,,,30751,0.00013465071970131248
992,0.00011208387149963528,0.0,0.0,30759,
992,0.00011720837937900797,0.0,0.0,30769,
992,0.00012351949408184737,0.0,0.0,30779,
992,,,,30782,0.00014689411909785122
993,0.00013047151151113212,0.0,0.0,30789,
993,0.00011568277113838121,0.0,0.0,30799,
993,0.00011557461402844638,0.0,0.0,30809,
993,,,,30813,0.00013149961887393147
994,0.00011468950106063858,0.0,0.0,30819,
994,0.0001171549447462894,0.0,0.0,30829,
994,0.00011844662367366254,0.0,0.0,30839,
994,,,,30844,0.00012853401130996644
995,0.0001289701904170215,0.0,0.0,30849,
995,0.00011730845290003344,0.0,0.0,30859,
995,0.00012341802357695997,0.0,0.0,30869,
995,,,,30875,0.00013091073196846992
996,0.00013294453674461693,0.0,0.0,30879,
996,0.00012770517787430435,0.0,0.0,30889,
996,0.000122074008686468,0.0,0.0,30899,
996,,,,30906,0.0001294782559853047
997,0.00013975011825095862,0.0,0.0,30909,
997,0.00014524794823955745,0.0,0.0,30919,
997,0.00010349566582590342,0.0,0.0,30929,
997,,,,30937,0.00013243813009466976
998,0.00012044930190313607,0.0,0.0,30939,
998,0.0001181614788947627,0.0,0.0,30949,
998,0.00011985227320110425,0.0,0.0,30959,
998,,,,30968,0.0001377273874823004
999,0.00012359465472400188,0.0,0.0,30969,
999,0.0001185092914965935,0.0,0.0,30979,
999,0.00012501464516390115,0.0,0.0,30989,
999,4.5496974053094164e-05,0.0,0.0,30999,
999,,,,30999,0.00012869203055743128
