epoch,loss,step,val_loss
0,0.0938481017947197,9,
0,0.0705147460103035,19,
0,0.043400686234235764,29,
0,,30,0.0969867929816246
1,0.016680533066391945,39,
1,0.0070983595214784145,49,
1,0.005593839101493359,59,
1,,61,0.008208928629755974
2,0.004473329987376928,69,
2,0.0035246387124061584,79,
2,0.0030270814895629883,89,
2,,92,0.003455858211964369
3,0.003812583163380623,99,
3,0.0026641683652997017,109,
3,0.002266011433675885,119,
3,,123,0.002251744968816638
4,0.002767950762063265,129,
4,0.002579952822998166,139,
4,0.001849342486821115,149,
4,,154,0.0019709907937794924
5,0.0027761119417846203,159,
5,0.0025595957413315773,169,
5,0.0015154071152210236,179,
5,,185,0.0016400829190388322
6,0.0015311590395867825,189,
6,0.002363475039601326,199,
6,0.0013816379941999912,209,
6,,216,0.0014984853332862258
7,0.0013175859348848462,219,
7,0.002063516527414322,229,
7,0.0013424254721030593,239,
7,,247,0.0012803410645574331
8,0.0014009601436555386,249,
8,0.0014036301290616393,259,
8,0.0011342742945998907,269,
8,,278,0.001351499231532216
9,0.001325799967162311,279,
9,0.0016676746308803558,289,
9,0.0011479107197374105,299,
9,0.0011163577437400818,309,
9,,309,0.0010588790755718946
10,0.0010928129777312279,319,
10,0.0011454581981524825,329,
10,0.001355072483420372,339,
10,,340,0.0013368085492402315
11,0.0017273196717724204,349,
11,0.0011167312040925026,359,
11,0.0009885660838335752,369,
11,,371,0.0008797777118161321
12,0.0011031689355149865,379,
12,0.001156287151388824,389,
12,0.0009857147233560681,399,
12,,402,0.0014706895453855395
13,0.0011728076497092843,409,
13,0.0015714442124590278,419,
13,0.0009469654178246856,429,
13,,433,0.0009741674875840545
14,0.0010218680836260319,439,
14,0.001046293298713863,449,
14,0.0007637991802766919,459,
14,,464,0.0013371332315728068
15,0.0018129793461412191,469,
15,0.0014857201604172587,479,
15,0.0006706244894303381,489,
15,,495,0.0016465915832668543
16,0.0010099633364006877,499,
16,0.0014917850494384766,509,
16,0.0007268488989211619,519,
16,,526,0.000969202141277492
17,0.0008614413090981543,529,
17,0.0013826582580804825,539,
17,0.0007410208345390856,549,
17,,557,0.0016408447409048676
18,0.001479737926274538,559,
18,0.0011550694471225142,569,
18,0.0007528210990130901,579,
18,,588,0.0007708113407716155
19,0.0006999419420026243,589,
19,0.0011891379253938794,599,
19,0.00080531754065305,609,
19,0.0007770608062855899,619,
19,,619,0.0011652123648673296
20,0.0006007826887071133,629,
20,0.0007356518181040883,639,
20,0.0010062038199976087,649,
20,,650,0.0006837356486357749
21,0.0011779384221881628,659,
21,0.0006845002644695342,669,
21,0.0006355398218147457,679,
21,,681,0.0009281184757128358
22,0.0008105624583549798,689,
22,0.0006868289201520383,699,
22,0.0006775124929845333,709,
22,,712,0.0006495043635368347
23,0.0008202196913771331,719,
23,0.0010544653050601482,729,
23,0.0006658666534349322,739,
23,,743,0.0007718451670370996
24,0.0007746213814243674,749,
24,0.0008017744985409081,759,
24,0.0005444127600640059,769,
24,,774,0.0006362779531627893
25,0.0009888565400615335,779,
25,0.0010603490518406034,789,
25,0.00047381885815411806,799,
25,,805,0.0006851532962173223
26,0.0005229032831266522,809,
26,0.0010909447446465492,819,
26,0.0005273436545394361,829,
26,,836,0.000667998509015888
27,0.0005074930959381163,839,
27,0.001004082732833922,849,
27,0.0005375242326408625,859,
27,,867,0.0006958568119443953
28,0.000896395358722657,869,
28,0.0008868595468811691,879,
28,0.0006026057526469231,889,
28,,898,0.0007899065385572612
29,0.0008017932414077222,899,
29,0.0011924190912395716,909,
29,0.000698049203492701,919,
29,0.0009699091897346079,929,
29,,929,0.0008397920173592865
30,0.0005150767392478883,939,
30,0.0006605078233405948,949,
30,0.0007703272276557982,959,
30,,960,0.0008729182882234454
31,0.0008782257791608572,969,
31,0.0005047908052802086,979,
31,0.0005637921276502311,989,
31,,991,0.0010281439172104
32,0.0007920926436781883,999,
32,0.0005165475304238498,1009,
32,0.0006669588037766516,1019,
32,,1022,0.0007383895572274923
33,0.0008990850183181465,1029,
33,0.0010685678571462631,1039,
33,0.0006871945224702358,1049,
33,,1053,0.0009415862732566893
34,0.000762618612498045,1059,
34,0.0007462709909304976,1069,
34,0.0005466751754283905,1079,
34,,1084,0.0006579995388165116
35,0.0008970046183094382,1089,
35,0.0007827712688595057,1099,
35,0.00038274223334155977,1109,
35,,1115,0.0007569939480163157
36,0.0004881821805611253,1119,
36,0.0008613238460384309,1129,
36,0.0004409395332913846,1139,
36,,1146,0.000651468348223716
37,0.0005528809851966798,1149,
37,0.0010275276144966483,1159,
37,0.0004981428501196206,1169,
37,,1177,0.0006467537605203688
38,0.0009806080488488078,1179,
38,0.0008577574044466019,1189,
38,0.0005521737039089203,1199,
38,,1208,0.0005895873764529824
39,0.0006077952566556633,1209,
39,0.0008264538482762873,1219,
39,0.000653376744594425,1229,
39,0.000295034988084808,1239,
39,,1239,0.0005286047235131264
40,0.0003619127965066582,1249,
40,0.0003829283232335001,1259,
40,0.0004416589217726141,1269,
40,,1270,0.0004965230473317206
41,0.0007728636846877635,1279,
41,0.0005256533622741699,1289,
41,0.0005044249701313674,1299,
41,,1301,0.0004264085437171161
42,0.0006413727533072233,1309,
42,0.000575125275645405,1319,
42,0.0006698161596432328,1329,
42,,1332,0.00043709625606425107
43,0.0005689633544534445,1339,
43,0.0007237416575662792,1349,
43,0.00044675468234345317,1359,
43,,1363,0.00037592448643408716
44,0.0004484181699808687,1369,
44,0.00036271600401960313,1379,
44,0.000270133838057518,1389,
44,,1394,0.00042264311923645437
45,0.000637816556263715,1399,
45,0.0005182193708606064,1409,
45,0.0003198318590875715,1419,
45,,1425,0.00036743064993061125
46,0.00039719766937196255,1429,
46,0.0008955472148954868,1439,
46,0.00045774990576319396,1449,
46,,1456,0.00045350418076850474
47,0.0004311803204473108,1459,
47,0.000584095309022814,1469,
47,0.0003417475090827793,1479,
47,,1487,0.00039907312020659447
48,0.0005129736964590847,1489,
48,0.0005999437998980284,1499,
48,0.00033801645622588694,1509,
48,,1518,0.0005212558316998184
49,0.0004974856274202466,1519,
49,0.0005576557014137506,1529,
49,0.0005107859033159912,1539,
49,0.0005653965636156499,1549,
49,,1549,0.00044874040759168565
50,0.0003622420481406152,1559,
50,0.00035064920666627586,1569,
50,0.00045717033208347857,1579,
50,,1580,0.000593004166148603
51,0.0005682216724380851,1589,
51,0.0004767628852277994,1599,
51,0.0003554692375473678,1609,
51,,1611,0.0004534101753961295
52,0.0005732554709538817,1619,
52,0.0005146737676113844,1629,
52,0.0005449936725199223,1639,
52,,1642,0.0005590621149167418
53,0.00045429141027852893,1649,
53,0.0005668712547048926,1659,
53,0.00038917537312954664,1669,
53,,1673,0.00040259817615151405
54,0.00035730385570786893,1679,
54,0.0003057367284782231,1689,
54,0.00024791734176687896,1699,
54,,1704,0.0004969436558894813
55,0.0006678029894828796,1709,
55,0.0005279357428662479,1719,
55,0.00029998162062838674,1729,
55,,1735,0.000360574311343953
56,0.00034526121453382075,1739,
56,0.0008082649437710643,1749,
56,0.00039172518881969154,1759,
56,,1766,0.00045387831050902605
57,0.0003609689883887768,1769,
57,0.00041281391168013215,1779,
57,0.00028830888913944364,1789,
57,,1797,0.0003531901747919619
58,0.00043060246389359236,1799,
58,0.0005013477639295161,1809,
58,0.0002653147676028311,1819,
58,,1828,0.0004658521502278745
59,0.00041063391836360097,1829,
59,0.00043663501855917275,1839,
59,0.00045870314352214336,1849,
59,0.00038201618008315563,1859,
59,,1859,0.0003828630724456161
60,0.0002982905425596982,1869,
60,0.00028881680918857455,1879,
60,0.0004319791041780263,1889,
60,,1890,0.0005131379584781826
61,0.0004312603559810668,1899,
61,0.0004636026278603822,1909,
61,0.0002951982314698398,1919,
61,,1921,0.0004503281379584223
62,0.00048503620200790465,1929,
62,0.00045023634447716177,1939,
62,0.00045872043119743466,1949,
62,,1952,0.0005995057290419936
63,0.00045105285244062543,1959,
63,0.0005053319619037211,1969,
63,0.00034400299773551524,1979,
63,,1983,0.0005036487709730864
64,0.0003844818565994501,1989,
64,0.000250547775067389,1999,
64,0.0002030595496762544,2009,
64,,2014,0.0005990688223391771
65,0.0007100864895619452,2019,
65,0.0005469397874549031,2029,
65,0.0002815373009070754,2039,
65,,2045,0.0004673456132877618
66,0.00033947540214285254,2049,
66,0.0007153673213906586,2059,
66,0.00034531878191046417,2069,
66,,2076,0.0004810848622582853
67,0.0003314179484732449,2079,
67,0.00031282028066925704,2089,
67,0.00027242072974331677,2099,
67,,2107,0.0004117695789318532
68,0.00046364846639335155,2109,
68,0.00045745063107460737,2119,
68,0.00023270616657100618,2129,
68,,2138,0.0004330441006459296
69,0.00036106843617744744,2139,
69,0.00037362161674536765,2149,
69,0.00040492822881788015,2159,
69,0.0002714970614761114,2169,
69,,2169,0.00040498326416127384
70,0.0002884135756175965,2179,
70,0.0002607021015137434,2189,
70,0.0004060033825226128,2199,
70,,2200,0.00044271527440287173
71,0.0003609102568589151,2209,
71,0.0004406467196531594,2219,
71,0.0002578746643848717,2229,
71,,2231,0.00042198036680929363
72,0.0004024482041131705,2239,
72,0.00044652537326328456,2249,
72,0.000397098803659901,2259,
72,,2262,0.00047262103180401027
73,0.0003297783841844648,2269,
73,0.00040217506466433406,2279,
73,0.00028287371969781816,2289,
73,,2293,0.00044281998998485506
74,0.00031897836015559733,2299,
74,0.00022668554447591305,2309,
74,0.0001960038935067132,2319,
74,,2324,0.0005069461767561734
75,0.0006068056682124734,2329,
75,0.0004745914484374225,2339,
75,0.00023658025020267814,2349,
75,,2355,0.0004529264406301081
76,0.00028237991500645876,2359,
76,0.0006890425574965775,2369,
76,0.0003245416737627238,2379,
76,,2386,0.0005281135672703385
77,0.00027570093516260386,2389,
77,0.0002591162919998169,2399,
77,0.00023581969435326755,2409,
77,,2417,0.0004443359503056854
78,0.0004519248614087701,2419,
78,0.0004104546387679875,2429,
78,0.0002243260678369552,2439,
78,,2448,0.0005196323036216199
79,0.00037018084549345076,2449,
79,0.00034319821861572564,2459,
79,0.0003381500719115138,2469,
79,0.00036779342917725444,2479,
79,,2479,0.00041131555917672813
80,0.00028399936854839325,2489,
80,0.0002661741164047271,2499,
80,0.00036194559652358294,2509,
80,,2510,0.0004879404732491821
81,0.00033551050000824034,2519,
81,0.000416939816204831,2529,
81,0.0002549186465330422,2539,
81,,2541,0.0003871973021887243
82,0.00036787724820896983,2549,
82,0.0004619270912371576,2559,
82,0.0003542255435604602,2569,
82,,2572,0.0004425062797963619
83,0.00028206873685121536,2579,
83,0.0003895735426340252,2589,
83,0.00024839345132932067,2599,
83,,2603,0.0003771643969230354
84,0.0003614432062022388,2609,
84,0.0001918522029882297,2619,
84,0.0002089121553581208,2629,
84,,2634,0.00041172283818013966
85,0.0005662848707288504,2639,
85,0.00047503612586297095,2649,
85,0.00021370752074290067,2659,
85,,2665,0.000370637426385656
86,0.0002144589670933783,2669,
86,0.0006557997548952699,2679,
86,0.00030614592833444476,2689,
86,,2696,0.0003926678909920156
87,0.00024546185159124434,2699,
87,0.00022323548910208046,2709,
87,0.00023286524810828269,2719,
87,,2727,0.0003788839094340801
88,0.00045026096631772816,2729,
88,0.00036623660707846284,2739,
88,0.00022695974621456116,2749,
88,,2758,0.00038161472184583545
89,0.00027451824280433357,2759,
89,0.0003172263386659324,2769,
89,0.00030178140150383115,2779,
89,0.00027118896832689643,2789,
89,,2789,0.00039429572643712163
90,0.00029243293101899326,2799,
90,0.0002521854767110199,2809,
90,0.0003235650947317481,2819,
90,,2820,0.0003845088358502835
91,0.00031466878135688603,2829,
91,0.0003733759804163128,2839,
91,0.00028780970023944974,2849,
91,,2851,0.00042075259261764586
92,0.00031542766373604536,2859,
92,0.0005133999511599541,2869,
92,0.0003233061288483441,2879,
92,,2882,0.00038790269172750413
93,0.00025836433633230627,2889,
93,0.0004152187320869416,2899,
93,0.00022478826576843858,2909,
93,,2913,0.0004359060258138925
94,0.0004965423722751439,2919,
94,0.00017798991757445037,2929,
94,0.00027580317691899836,2939,
94,,2944,0.0003783641732297838
95,0.0005582168814726174,2949,
95,0.0005715705337934196,2959,
95,0.00021907052723690867,2969,
95,,2975,0.0004119465302210301
96,0.0002663866907823831,2979,
96,0.0007284849998541176,2989,
96,0.00027592963306233287,2999,
96,,3006,0.00032740627648308873
97,0.00025521923089399934,3009,
97,0.00022330494539346546,3019,
97,0.0003338171518407762,3029,
97,,3037,0.00033472556970082223
98,0.0006096070283092558,3039,
98,0.0003091719117946923,3049,
98,0.0003203039523214102,3059,
98,,3068,0.0002776227192953229
99,0.00028221713728271425,3069,
99,0.0005143609596416354,3079,
99,0.00027918280102312565,3089,
99,0.00041551326285116374,3099,
99,,3099,0.00026226663612760603
100,0.0003331812040414661,3109,
100,0.0002925023145508021,3119,
100,0.00038033464807085693,3129,
100,,3130,0.00027348651201464236
101,0.00030586589127779007,3139,
101,0.0004049295966979116,3149,
101,0.00020460443920455873,3159,
101,,3161,0.00024721556110307574
102,0.00028477938030846417,3169,
102,0.0005019641830585897,3179,
102,0.00036512379301711917,3189,
102,,3192,0.0003220346407033503
103,0.0002791091101244092,3199,
103,0.0002931546769104898,3209,
103,0.000284657086012885,3219,
103,,3223,0.00030415671062655747
104,0.0003258399956393987,3229,
104,0.0002186753263231367,3239,
104,0.00020550038607325405,3249,
104,,3254,0.00037862363387830555
105,0.0005227754591032863,3259,
105,0.0005782380467280746,3269,
105,0.00020519550889730453,3279,
105,,3285,0.00036374962655827403
106,0.00041013790178112686,3289,
106,0.0005436298088170588,3299,
106,0.00029806329985149205,3309,
106,,3316,0.00037110885023139417
107,0.00018862835713662207,3319,
107,0.0002458432863932103,3329,
107,0.00026299658929929137,3339,
107,,3347,0.00037378797424025834
108,0.00038982462137937546,3349,
108,0.0003086244687438011,3359,
108,0.00023531712940894067,3369,
108,,3378,0.00033767434069886804
109,0.00038889216375537217,3379,
109,0.00040612841257825494,3389,
109,0.0003112358972430229,3399,
109,0.000381243706215173,3409,
109,,3409,0.00039291728171519935
110,0.0002519241825211793,3419,
110,0.00024483748711645603,3429,
110,0.00034492198028601706,3439,
110,,3440,0.00032704073237255216
111,0.0002533713122829795,3449,
111,0.00040587078547105193,3459,
111,0.0001159231032943353,3469,
111,,3471,0.000445958343334496
112,0.00025897397426888347,3479,
112,0.0003853800590150058,3489,
112,0.00034381079603917897,3499,
112,,3502,0.00034110149135813117
113,0.00036371767055243254,3509,
113,0.00026975039509125054,3519,
113,0.00019946109387092292,3529,
113,,3533,0.0005022090626880527
114,0.00030319782672449946,3539,
114,0.00022085070668254048,3549,
114,0.0001803298364393413,3559,
114,,3564,0.0003671589947771281
115,0.0007098625646904111,3569,
115,0.0005670599057339132,3579,
115,0.00017832254525274038,3589,
115,,3595,0.0005096503300592303
116,0.0004299271386116743,3599,
116,0.0005137182306498289,3609,
116,0.00023318636522162706,3619,
116,,3626,0.000367729808203876
117,0.00020607045735232532,3629,
117,0.0001928634155774489,3639,
117,0.00020057475194334984,3649,
117,,3657,0.00042643820052035153
118,0.0004257249820511788,3659,
118,0.00026181669090874493,3669,
118,0.00020653358660638332,3679,
118,,3688,0.0003420322318561375
119,0.0002922603744082153,3689,
119,0.0002954781521111727,3699,
119,0.0002806589473038912,3709,
119,0.00030596344731748104,3719,
119,,3719,0.0003358330577611923
120,0.00018616743909660727,3729,
120,0.00024346901045646518,3739,
120,0.0002959508274216205,3749,
120,,3750,0.00031821991433389485
121,0.00020850598230026662,3759,
121,0.00041486811824142933,3769,
121,0.00011020841338904575,3779,
121,,3781,0.00027557971770875156
122,0.00022298375552054495,3789,
122,0.0002985312894452363,3799,
122,0.0002715138834901154,3809,
122,,3812,0.00028777000261470675
123,0.0002838352811522782,3819,
123,0.0002014944766415283,3829,
123,0.00018124589405488223,3839,
123,,3843,0.00024671360733918846
124,0.00018454011296853423,3849,
124,0.00017624675820115954,3859,
124,0.0001355544663965702,3869,
124,,3874,0.0002772300795186311
125,0.0004171173204667866,3879,
125,0.0004524904943536967,3889,
125,0.00015274208271875978,3899,
125,,3905,0.0002447663282509893
126,0.0002751279971562326,3909,
126,0.0004301093867979944,3919,
126,0.00021735620975960046,3929,
126,,3936,0.0002758290502242744
127,0.00017758262401912361,3939,
127,0.0001484537497162819,3949,
127,0.00017663478502072394,3959,
127,,3967,0.00025881166220642626
128,0.0002637926081661135,3969,
128,0.00026605426683090627,3979,
128,0.00017470573948230594,3989,
128,,3998,0.00027255911845713854
129,0.0002537076361477375,3999,
129,0.00025511026615276933,4009,
129,0.00022853662085253745,4019,
129,0.0003956962318625301,4029,
129,,4029,0.00027899013366550207
130,0.0002033702767221257,4039,
130,0.00025627005379647017,4049,
130,0.0002674441784620285,4059,
130,,4060,0.0002567744522821158
131,0.00017574756930116564,4069,
131,0.00041150327888317406,4079,
131,0.00010846052464330569,4089,
131,,4091,0.00027898146072402596
132,0.00027541135204955935,4099,
132,0.00029786257073283195,4109,
132,0.00025715475203469396,4119,
132,,4122,0.00022978938068263233
133,0.0002526918542571366,4129,
133,0.00017600985302124172,4139,
133,0.0001550318265799433,4149,
133,,4153,0.00027831122861243784
134,0.00017375995230395347,4159,
134,0.00016794336261227727,4169,
134,0.000133974346681498,4179,
134,,4184,0.00020484843116719276
135,0.00041863095248118043,4189,
135,0.00043261965038254857,4199,
135,0.00012924877228215337,4209,
135,,4215,0.00029708712827414274
136,0.0002639594895299524,4219,
136,0.00040626758709549904,4229,
136,0.000195052387425676,4239,
136,,4246,0.0001915194879984483
137,0.00016411156684625894,4249,
137,0.00013187667354941368,4259,
137,0.00015808605530764908,4269,
137,,4277,0.0003800446284003556
138,0.00035412111901678145,4279,
138,0.0002527996839489788,4289,
138,0.00015753887419123203,4299,
138,,4308,0.00021240059868432581
139,0.00022810077643953264,4309,
139,0.0002138050040230155,4319,
139,0.00027749076252803206,4329,
139,0.0005763257504440844,4339,
139,,4339,0.000571733748074621
140,0.00019466759113129228,4349,
140,0.00019198228255845606,4359,
140,0.00021996328723616898,4369,
140,,4370,0.00025402120081707835
141,0.00020479991508182138,4379,
141,0.0003867103951051831,4389,
141,9.49012246564962e-05,4399,
141,,4401,0.0006933193071745336
142,0.0003272655885666609,4409,
142,0.0003279105294495821,4419,
142,0.0002439034724375233,4429,
142,,4432,0.00023391023569274694
143,0.00025444908533245325,4439,
143,0.00023685171618126333,4449,
143,0.00020955776562914252,4459,
143,,4463,0.0005685079959221184
144,0.00038740181480534375,4469,
144,0.0001352510298602283,4479,
144,0.00012407463509589434,4489,
144,,4494,0.00024524700711481273
145,0.00036096901749260724,4499,
145,0.0004384470812510699,4509,
145,0.0001340047747362405,4519,
145,,4525,0.0003948956145904958
146,0.0002251912374049425,4529,
146,0.00039685601950623095,4539,
146,0.00015528291987720877,4549,
146,,4556,0.0002850535383913666
147,0.00016852410044521093,4559,
147,0.0001740938751026988,4569,
147,0.00017467609723098576,4579,
147,,4587,0.0003264171245973557
148,0.00037026306381449103,4589,
148,0.0002490081242285669,4599,
148,0.0001545221166452393,4609,
148,,4618,0.0003438201965764165
149,0.0003006942570209503,4619,
149,0.0002208889927715063,4629,
149,0.00026134567451663315,4639,
149,0.0005008700536563993,4649,
149,,4649,0.0003125175426248461
150,0.0002212133549619466,4659,
150,0.00021709350403398275,4669,
150,0.00019470168626867235,4679,
150,,4680,0.000410362466936931
151,0.00017157998809125274,4689,
151,0.0003953835985157639,4699,
151,9.609636617824435e-05,4709,
151,,4711,0.0002811463491525501
152,0.00020310553372837603,4719,
152,0.0003068334190174937,4729,
152,0.00021570976241491735,4739,
152,,4742,0.0004162199911661446
153,0.0002732326101977378,4749,
153,0.00019128972780890763,4759,
153,0.00015199827612377703,4769,
153,,4773,0.0002038164238911122
154,0.00020329153630882502,4779,
154,0.00011986459139734507,4789,
154,9.827386384131387e-05,4799,
154,,4804,0.00034936581505462527
155,0.0003445920592639595,4809,
155,0.0004032916040159762,4819,
155,0.00011420901137171313,4829,
155,,4835,0.00016226728621404618
156,0.00013033312279731035,4839,
156,0.0004043087246827781,4849,
156,0.00017411017324775457,4859,
156,,4866,0.00028912207926623523
157,0.00015399541007354856,4869,
157,0.00013405777281150222,4879,
157,0.00015746784629300237,4889,
157,,4897,0.00015677120245527476
158,0.00018875069508794695,4899,
158,0.0002469063038006425,4909,
158,0.00013116000627633184,4919,
158,,4928,0.0002678179007489234
159,0.00023553705250378698,4929,
159,0.0001910569699248299,4939,
159,0.00023423542734235525,4949,
159,0.00032670522341504693,4959,
159,,4959,0.00018272586748935282
160,0.00019749271450564265,4969,
160,0.0002109368215315044,4979,
160,0.0001698608830338344,4989,
160,,4990,0.00027416914235800505
161,0.0001345663476968184,4999,
161,0.00037909112870693207,5009,
161,9.846027387538925e-05,5019,
161,,5021,0.00023582215362694114
162,0.0002745664387475699,5029,
162,0.00031031796243041754,5039,
162,0.00019972189329564571,5049,
162,,5052,0.00028609498986043036
163,0.0002878488157875836,5059,
163,0.00016111406148411334,5069,
163,0.00017001036030706018,5079,
163,,5083,0.00030919109121896327
164,0.00027594351558946073,5089,
164,0.000183502517757006,5099,
164,9.316092473454773e-05,5109,
164,,5114,0.00024844013387337327
165,0.0003281452809460461,5119,
165,0.0004327287897467613,5129,
165,0.0001329425722360611,5139,
165,,5145,0.0003963917843066156
166,0.00020219129510223866,5149,
166,0.00036894765798933804,5159,
166,0.00016607331053819507,5169,
166,,5176,0.00019219136447645724
167,0.0001868938561528921,5179,
167,0.00016304264136124402,5189,
167,0.00014856518828310072,5199,
167,,5207,0.0004292369121685624
168,0.0003375091473571956,5209,
168,0.0002834994229488075,5219,
168,0.00015898972924333066,5229,
168,,5238,0.00015763826377224177
169,0.00016449883696623147,5239,
169,0.00014366388495545834,5249,
169,0.0002343098312849179,5259,
169,0.00037282807170413435,5269,
169,,5269,0.0004644055152311921
170,0.00018573673150967807,5279,
170,0.0001654946245253086,5289,
170,0.00014868513972032815,5299,
170,,5300,0.0001397118903696537
171,0.0001284922327613458,5309,
171,0.00038045982364565134,5319,
171,8.002611139090732e-05,5329,
171,,5331,0.0005403531831689179
172,0.00024210363335441798,5339,
172,0.0002986530598718673,5349,
172,0.00020742820925079286,5359,
172,,5362,0.00014309912512544543
173,0.00016925569798331708,5369,
173,0.00021786079742014408,5379,
173,0.00015065798652358353,5389,
173,,5393,0.0006605709786526859
174,0.0003119730099570006,5399,
174,0.0001354283740511164,5409,
174,9.23638726817444e-05,5419,
174,,5424,0.00017432724416721612
175,0.0002680336474440992,5429,
175,0.0004416394222062081,5439,
175,0.00010279007983626798,5449,
175,,5455,0.0007135861669667065
176,0.00034506796509958804,5459,
176,0.000303749373415485,5469,
176,0.00011134138912893832,5479,
176,,5486,0.00016543023230042309
177,0.00023810885613784194,5489,
177,0.0001532344176666811,5499,
177,0.0001772465620888397,5509,
177,,5517,0.0006120338221080601
178,0.0004567945725284517,5519,
178,0.0002799064968712628,5529,
178,0.00014005078992340714,5539,
178,,5548,0.0001360666792606935
179,0.00014271835971157998,5549,
179,0.00018028703925665468,5559,
179,0.00022586798877455294,5569,
179,0.0003509868402034044,5579,
179,,5579,0.0004475437162909657
180,0.00016942439833655953,5589,
180,0.00020185291941743344,5599,
180,0.0001639940746827051,5609,
180,,5610,0.00016640561807435006
181,0.00015182797505985945,5619,
181,0.0004076185286976397,5629,
181,8.841468661557883e-05,5639,
181,,5641,0.00036525356699712574
182,0.0002290918055223301,5649,
182,0.00025314814411103725,5659,
182,0.00016116736514959484,5669,
182,,5672,0.00017441775707993656
183,0.0001912260486278683,5679,
183,0.00017013000615406781,5689,
183,0.00016162799147423357,5699,
183,,5703,0.0003305496647953987
184,0.00016343450988642871,5709,
184,0.00013277106336317956,5719,
184,8.296292799059302e-05,5729,
184,,5734,0.00018186077068094164
185,0.00028384110191836953,5739,
185,0.00040911484393291175,5749,
185,0.00010215795191470534,5759,
185,,5765,0.00033236740273423493
186,0.00018104775517713279,5769,
186,0.0003203442320227623,5779,
186,0.00012897251872345805,5789,
186,,5796,0.00020679117005784065
187,0.0002517281682230532,5799,
187,0.00011030122550437227,5809,
187,0.00014116494276095182,5819,
187,,5827,0.00035577858216129243
188,0.0002422783727524802,5829,
188,0.0002575938415247947,5839,
188,0.00011118029215140268,5849,
188,,5858,0.00023284839699044824
189,0.00023663294268772006,5859,
189,0.0002041801781160757,5869,
189,0.00021664750238414854,5879,
189,0.0003762753040064126,5889,
189,,5889,0.0003332124906592071
190,0.0001842231722548604,5899,
190,0.0002075116353807971,5909,
190,0.000181495604920201,5919,
190,,5920,0.0002315407182322815
191,0.0001585114951012656,5929,
191,0.0004143018741160631,5939,
191,0.00010108254355145618,5949,
191,,5951,0.00029252891545183957
192,0.0001892010768642649,5959,
192,0.0002286514063598588,5969,
192,0.00013791905075777322,5979,
192,,5982,0.00021969711815472692
193,0.00020038161892443895,5989,
193,0.00016562950622756034,5999,
193,0.00015926780179142952,6009,
193,,6013,0.0002670602989383042
194,0.0001381843030685559,6019,
194,0.0001281270815525204,6029,
194,7.624302088515833e-05,6039,
194,,6044,0.00022583681857213378
195,0.00030880654230713844,6049,
195,0.00036231594276614487,6059,
195,0.00010421246406622231,6069,
195,,6075,0.000252923317020759
196,0.00015244388487190008,6079,
196,0.0003165729285683483,6089,
196,0.00013998041686136276,6099,
196,,6106,0.00023569872428197414
197,0.00018158892635256052,6109,
197,0.00010942610242636874,6119,
197,0.00012254617467988282,6129,
197,,6137,0.00025490386178717017
198,0.00016007003432605416,6139,
198,0.00022584716498386115,6149,
198,0.00010310273501090705,6159,
198,,6168,0.0002457477094139904
199,0.00018522905884310603,6169,
199,0.00015024079766590148,6179,
199,0.0001756927085807547,6189,
199,0.0001735379919409752,6199,
199,,6199,0.000265543902060017
200,0.00015672144945710897,6209,
200,0.00016453007992822677,6219,
200,0.0001473852025810629,6229,
200,,6230,0.00026369813713245094
201,0.0001258596748812124,6239,
201,0.0003030278312508017,6249,
201,8.653344411868602e-05,6259,
201,,6261,0.0002763616503216326
202,0.0001963738031918183,6269,
202,0.00023876434715930372,6279,
202,0.00016492861323058605,6289,
202,,6292,0.0003036409616470337
203,0.00019520186469890177,6299,
203,0.0001599005627213046,6309,
203,0.00013310140639077872,6319,
203,,6323,0.0002930829068645835
204,0.00019455472647678107,6329,
204,0.00012613947910722345,6339,
204,8.904671267373487e-05,6349,
204,,6354,0.0003835408133454621
205,0.0003865594044327736,6359,
205,0.0003286708961240947,6369,
205,0.0001095217521651648,6379,
205,,6385,0.00032148248283192515
206,0.00017507791926618665,6389,
206,0.00037829542998224497,6399,
206,0.00019390697707422078,6409,
206,,6416,0.0005929044564254582
207,0.00023316152510233223,6419,
207,0.00011540999548742548,6429,
207,0.00012921702000312507,6439,
207,,6447,0.0004273844533599913
208,0.0003942842304240912,6449,
208,0.00034708253224380314,6459,
208,0.00016735645476728678,6469,
208,,6478,0.0008498570532537997
209,0.0006453488604165614,6479,
209,0.00016928644618019462,6489,
209,0.0002649506786838174,6499,
209,0.0004178022500127554,6509,
209,,6509,0.0004517435736488551
210,0.000295819976599887,6519,
210,0.00019704963779076934,6529,
210,0.00015372830966953188,6539,
210,,6540,0.000755918154027313
211,0.00014557030226569623,6549,
211,0.00037815177347511053,6559,
211,0.0001650553458603099,6569,
211,,6571,0.0003426835755817592
212,0.00020293542183935642,6579,
212,0.0003514179843477905,6589,
212,0.0001579343806952238,6599,
212,,6602,0.0006491670501418412
213,0.0002041294501395896,6609,
213,0.0002577202976681292,6619,
213,0.00016283745935652405,6629,
213,,6633,0.000284977606497705
214,0.00016809903900139034,6639,
214,0.0001943882234627381,6649,
214,0.00016071018762886524,6659,
214,,6664,0.0007278643315657973
215,0.0002847181458491832,6669,
215,0.00042880402179434896,6679,
215,0.00018867589824367315,6689,
215,,6695,0.0002249341778224334
216,0.00018159222963731736,6699,
216,0.0004224963195156306,6709,
216,0.000184673786861822,6719,
216,,6726,0.0007418018067255616
217,0.00028015076532028615,6729,
217,0.00025601760717108846,6739,
217,0.0001931682345457375,6749,
217,,6757,0.00014671850658487529
218,0.0002501049020793289,6759,
218,0.0003298709343653172,6769,
218,0.00015584574430249631,6779,
218,,6788,0.0005383697571232915
219,0.00037076001171953976,6789,
219,0.00016074646555352956,6799,
219,0.0002661709731910378,6809,
219,0.0003489213704597205,6819,
219,,6819,0.00011194720718776807
220,0.0002223680348834023,6829,
220,0.00024871027562767267,6839,
220,0.0002640102757140994,6849,
220,,6850,0.000353976443875581
221,0.0001739095605444163,6859,
221,0.0003874317044392228,6869,
221,0.00014806586841586977,6879,
221,,6881,0.0001540490338811651
222,0.0002492049243301153,6889,
222,0.000271241064183414,6899,
222,0.00021771913452539593,6909,
222,,6912,0.0003179312334395945
223,0.00021278814529068768,6919,
223,0.0002743134100455791,6929,
223,0.00013835197023581713,6939,
223,,6943,0.00018159762839786708
224,0.00020624915487132967,6949,
224,0.00015543245535809547,6959,
224,0.0001425287628080696,6969,
224,,6974,0.000298092927550897
225,0.00036792614264413714,6979,
225,0.00040307349991053343,6989,
225,0.00015382736455649137,6999,
225,,7005,0.00020290311658754945
226,0.00014211733650881797,7009,
226,0.00030468404293060303,7019,
226,0.00011754190927604213,7029,
226,,7036,0.00029627798357978463
227,0.00014328472025226802,7039,
227,0.0001653915096540004,7049,
227,0.0001517016935395077,7059,
227,,7067,0.00022905152582097799
228,0.0002890806645154953,7069,
228,0.00032763209310360253,7079,
228,0.00017503436538390815,7089,
228,,7098,0.000316811230732128
229,0.0002839626104105264,7099,
229,0.0001489927526563406,7109,
229,0.0002154282556148246,7119,
229,6.406771717593074e-05,7129,
229,,7129,0.000259068125160411
230,0.00019765629258472472,7139,
230,0.00017946191655937582,7149,
230,0.00014618714340031147,7159,
230,,7160,0.0003408653719816357
231,0.0001784162304829806,7169,
231,0.0003406840842217207,7179,
231,0.000218546309042722,7189,
231,,7191,0.00027582046459428966
232,0.000208777142688632,7199,
232,0.00037617000634782016,7209,
232,0.0001540738740004599,7219,
232,,7222,0.0003238035715185106
233,0.0001562921388540417,7229,
233,0.000322099745972082,7239,
233,9.158252214547247e-05,7249,
233,,7253,0.00025058252504095435
234,0.0003074553678743541,7259,
234,0.00011333072325214744,7269,
234,0.00023834919556975365,7279,
234,,7284,0.00024870652123354375
235,0.0002328227274119854,7289,
235,0.0005686410004273057,7299,
235,0.00019665350555442274,7309,
235,,7315,0.00018755269411485642
236,8.908098971005529e-05,7319,
236,0.0005423417896963656,7329,
236,6.558577297255397e-05,7339,
236,,7346,0.000175886059878394
237,0.0002069444308290258,7349,
237,0.0002030147152254358,7359,
237,0.00044818242895416915,7369,
237,,7377,0.0002603737229947001
238,0.00036909396294504404,7379,
238,0.0006515392451547086,7389,
238,0.0002065218286588788,7399,
238,,7408,0.0004721886361949146
239,0.0005353686865419149,7409,
239,0.00042721835779957473,7419,
239,0.00011564263695618138,7429,
239,0.0005442438996396959,7439,
239,,7439,0.0007097997586242855
240,0.00015737468493171036,7449,
240,0.0003760958497878164,7459,
240,0.00014582379662897438,7469,
240,,7470,0.0003490076051093638
241,0.0005767989787273109,7479,
241,0.0004131732857786119,7489,
241,9.488152136327699e-05,7499,
241,,7501,0.0003049269434995949
242,0.00030661115306429565,7509,
242,0.00018897195695899427,7519,
242,0.00017092905181925744,7529,
242,,7532,0.00013284044689498842
243,0.00013164870324544609,7539,
243,0.00029099901439622045,7549,
243,0.00011877767246915027,7559,
243,,7563,0.0001742357708280906
244,0.0002423658297630027,7569,
244,0.0002197418361902237,7579,
244,0.00015623045328538865,7589,
244,,7594,0.00013827046495862305
245,0.00034511974081397057,7599,
245,0.0003442665620241314,7609,
245,9.161525667877868e-05,7619,
245,,7625,0.0001944096729857847
246,0.00010872914572246373,7629,
246,0.000240362249314785,7639,
246,9.330714965471998e-05,7649,
246,,7656,0.00012360904656816274
247,0.00013930790009908378,7659,
247,0.00014802237274125218,7669,
247,0.0001909045095089823,7679,
247,,7687,0.00019834651902783662
248,0.00027054338715970516,7689,
248,0.0003617657639551908,7699,
248,0.00012062873429385945,7709,
248,,7718,0.00012870848877355456
249,0.00014252480468712747,7719,
249,0.0001783916086424142,7729,
249,8.86420821188949e-05,7739,
249,0.000239979344769381,7749,
249,,7749,0.00020810842397622764
250,0.00017706099606584758,7759,
250,0.00020724035857710987,7769,
250,0.00014831720909569412,7779,
250,,7780,0.00014254161214921623
251,0.00017901670071296394,7789,
251,0.0002687378728296608,7799,
251,0.0001015197194647044,7809,
251,,7811,0.00022409274242818356
252,0.00023334292927756906,7819,
252,0.00018356653163209558,7829,
252,0.00014641942107118666,7839,
252,,7842,0.00014292231935542077
253,0.00016257645620498806,7849,
253,0.00018820188415702432,7859,
253,7.93149447417818e-05,7869,
253,,7873,0.00022472899581771344
254,0.00036323865060694516,7879,
254,0.00015943731705192477,7889,
254,0.0001927849225467071,7899,
254,,7904,0.00012117945880163461
255,0.00030156938009895384,7909,
255,0.00031494160066358745,7919,
255,0.00011156201071571559,7929,
255,,7935,0.00019506293756421655
256,9.833001968218014e-05,7939,
256,0.00025768447085283697,7949,
256,6.270576704991981e-05,7959,
256,,7966,0.00010011081030825153
257,0.00021912423835601658,7969,
257,0.00012481292651500553,7979,
257,0.0002116244868375361,7989,
257,,7997,0.0001686610485194251
258,0.00029633170925080776,7999,
258,0.00034587402478791773,8009,
258,0.00014165579341351986,8019,
258,,8028,9.949845116352662e-05
259,0.0001245963212568313,8029,
259,0.00016536634939257056,8039,
259,0.00015477725537493825,8049,
259,0.0002643984626047313,8059,
259,,8059,0.00016152150055859238
260,0.00012562822666950524,8069,
260,0.00025645276764407754,8079,
260,0.00016939446504693478,8089,
260,,8090,0.00010035536979557946
261,0.00015098752919584513,8099,
261,0.0002729765838012099,8109,
261,7.838293822715059e-05,8119,
261,,8121,0.00015058083226904273
262,0.0001979854132514447,8129,
262,0.00012638434418477118,8139,
262,0.00012722292740363628,8149,
262,,8152,9.274218609789386e-05
263,0.00015312910545617342,8159,
263,0.00017039358499459922,8169,
263,7.448948599630967e-05,8179,
263,,8183,0.00013626845611725003
264,0.00019146835256833583,8189,
264,0.00014262183685787022,8199,
264,0.00011442384129622951,8209,
264,,8214,9.197396866511554e-05
265,0.00023302518820855767,8219,
265,0.00024592666886746883,8229,
265,6.836086686234921e-05,8239,
265,,8245,0.00012337598309386522
266,8.47073461045511e-05,8249,
266,0.00016945113020483404,8259,
266,7.646027370356023e-05,8269,
266,,8276,0.0001129822849179618
267,0.00018897437257692218,8279,
267,9.533589764032513e-05,8289,
267,0.00011562758299987763,8299,
267,,8307,0.00012748326116707176
268,0.00018664415983948857,8309,
268,0.0002968927728943527,8319,
268,0.00011116878886241466,8329,
268,,8338,0.00018434951198287308
269,0.00021778405061922967,8339,
269,0.00013774384569842368,8349,
269,0.00014430980081669986,8359,
269,0.0004070998402312398,8369,
269,,8369,0.00016559632786083966
270,0.00010340666631236672,8379,
270,0.0002110573841491714,8389,
270,0.000168248254340142,8399,
270,,8400,0.0003051220846828073
271,0.0001308707578573376,8409,
271,0.00026054878253489733,8419,
271,0.00012756793876178563,8429,
271,,8431,0.00022833219554740936
272,0.00022153159079607576,8439,
272,0.000148000122862868,8449,
272,0.00015626729873474687,8459,
272,,8462,0.0003408564953133464
273,0.00028874946292489767,8469,
273,0.00018451585492584854,8479,
273,8.157160482369363e-05,8489,
273,,8493,0.00020071746257599443
274,0.0001600072719156742,8499,
274,0.00024462214787490666,8509,
274,0.00014424654364120215,8519,
274,,8524,0.00031017223955132067
275,0.0003448305942583829,8529,
275,0.00041282002348452806,8539,
275,8.597228588769212e-05,8549,
275,,8555,0.00015492472448386252
276,8.838428038870916e-05,8559,
276,0.0002008048031711951,8569,
276,9.715252963360399e-05,8579,
276,,8586,0.00031347936601378024
277,0.00015414935478474945,8589,
277,0.00016807984502520412,8599,
277,0.00015734352928120643,8609,
277,,8617,0.0001814523129723966
278,0.00013455333828460425,8619,
278,0.0003049468214157969,8629,
278,0.00010879754699999467,8639,
278,,8648,0.0004035058955196291
279,0.00030462758149951696,8649,
279,0.00021824182476848364,8659,
279,0.00010652772471075878,8669,
279,0.00021538102009799331,8679,
279,,8679,0.0002820394583977759
280,0.00019261724082753062,8689,
280,0.00027573617990128696,8699,
280,0.00022785327746532857,8709,
280,,8710,0.000516763364430517
281,0.0001533570612082258,8719,
281,0.0002294006699230522,8729,
281,8.991980575956404e-05,8739,
281,,8741,0.00015274186444003135
282,0.00017124311125371605,8749,
282,0.0001499965146649629,8759,
282,0.00013436459994409233,8769,
282,,8772,0.00015659422206226736
283,0.00014745150110684335,8779,
283,0.00019516660540830344,8789,
283,5.1090388296870515e-05,8799,
283,,8803,0.0001464912056690082
284,0.00022030471882317215,8809,
284,0.00015367699961643666,8819,
284,0.00013534283789340407,8829,
284,,8834,0.00010665247828001156
285,0.0002867734292522073,8839,
285,0.0003024066681973636,8849,
285,8.118092227960005e-05,8859,
285,,8865,0.00015934118709992617
286,8.782793884165585e-05,8869,
286,0.00014465750427916646,8879,
286,8.578987763030455e-05,8889,
286,,8896,0.0001221175625687465
287,0.00016207166481763124,8899,
287,0.00011095053923781961,8909,
287,8.401984086958691e-05,8919,
287,,8927,0.00018051904044114053
288,0.0002295399026479572,8929,
288,0.0002537689288146794,8939,
288,8.107384201139212e-05,8949,
288,,8958,0.00012801741831935942
289,0.0001334154949290678,8959,
289,0.0001337297580903396,8969,
289,0.0001292670494876802,8979,
289,0.0002358421916142106,8989,
289,,8989,0.00019078039622399956
290,0.00012917349522467703,8999,
290,0.00022943480871617794,9009,
290,0.00018474404350854456,9019,
290,,9020,0.0001322193129453808
291,0.00011536572128534317,9029,
291,0.00020022255193907768,9039,
291,6.707901047775522e-05,9049,
291,,9051,0.00019711462664417922
292,0.00015143521886784583,9059,
292,0.0001097257700166665,9069,
292,9.863899322226644e-05,9079,
292,,9082,0.00013582143583334982
293,0.00012120806786697358,9089,
293,0.00018745758279692382,9099,
293,5.562930891755968e-05,9109,
293,,9113,0.00020856982155237347
294,0.00025908913812600076,9119,
294,0.0001403002825099975,9129,
294,0.00013721888535656035,9139,
294,,9144,0.00014245318016037345
295,0.0002984368475154042,9149,
295,0.00029948080191388726,9159,
295,8.429738954873756e-05,9169,
295,,9175,0.00023050302115734667
296,0.00011179389548487961,9179,
296,0.00013625191058963537,9189,
296,8.760605851421133e-05,9199,
296,,9206,0.00015504169277846813
297,0.00013733516971115023,9209,
297,0.00011234782868996263,9219,
297,7.539484067820013e-05,9229,
297,,9237,0.0002672051195986569
298,0.00031703448621556163,9239,
298,0.0002165144687751308,9249,
298,7.382087642326951e-05,9259,
298,,9268,0.00018033226660918444
299,0.00012947891082149,9269,
299,0.0001485608663642779,9279,
299,0.00016767691704444587,9289,
299,0.0003676835913211107,9299,
299,,9299,0.0003188888658769429
300,0.00016801734454929829,9309,
300,0.0002710408007260412,9319,
300,0.00018822637503035367,9329,
300,,9330,0.00023273256374523044
301,0.00017875309276860207,9339,
301,0.00029821041971445084,9349,
301,9.353869972983375e-05,9359,
301,,9361,0.00033066028845496476
302,0.00017022893007379025,9369,
302,0.00013080435746815056,9379,
302,0.00010035977902589366,9389,
302,,9392,0.0002703728969208896
303,0.00020267443323973566,9399,
303,0.00033774867188185453,9409,
303,0.00014036647917237133,9419,
303,,9423,0.00027578099980019033
304,0.00030890805646777153,9429,
304,0.0001551670575281605,9439,
304,0.0002177589776692912,9449,
304,,9454,0.00027543757460080087
305,0.00047374857240356505,9459,
305,0.0004803402116522193,9469,
305,0.000125276405015029,9479,
305,,9485,0.00021259734057821333
306,0.00013324602332431823,9489,
306,0.00016576543566770852,9499,
306,5.994230377837084e-05,9509,
306,,9516,0.0003227245179004967
307,0.0002037578378804028,9519,
307,0.000291245523840189,9529,
307,0.00014407670823857188,9539,
307,,9547,0.00021080338046886027
308,0.00024981817114166915,9549,
308,0.0004014325968455523,9559,
308,0.00011178954446222633,9569,
308,,9578,0.0003910392406396568
309,0.00036705302773043513,9579,
309,0.0002921085979323834,9589,
309,0.0001770270027918741,9599,
309,0.0001347423967672512,9609,
309,,9609,0.0002453609777148813
310,0.00010470058623468503,9619,
310,0.00022091864957474172,9629,
310,0.00014682098117191344,9639,
310,,9640,0.00040583329973742366
311,0.000267159630311653,9649,
311,0.0002359333448112011,9659,
311,8.014413469936699e-05,9669,
311,,9671,0.0002424319536658004
312,0.00019693390640895814,9679,
312,0.0001084938267013058,9689,
312,0.00018982699839398265,9699,
312,,9702,0.0003803456202149391
313,0.00022843990882392973,9709,
313,0.0005387167329899967,9719,
313,0.0001440228516003117,9729,
313,,9733,0.00022476747108157724
314,0.00032553027267567813,9739,
314,0.00015594839351251721,9749,
314,0.0001712897646939382,9759,
314,,9764,0.0003619691706262529
315,0.00047845704830251634,9769,
315,0.00024689463316462934,9779,
315,0.00010139574442291632,9789,
315,,9795,0.0002276240411447361
316,7.732268568361178e-05,9799,
316,0.0002495702647138387,9809,
316,0.00011036835348932073,9819,
316,,9826,0.00034715820220299065
317,0.0002439746167510748,9829,
317,0.000385981984436512,9839,
317,0.00014221234596334398,9849,
317,,9857,0.00025543643278069794
318,0.0004746108315885067,9859,
318,0.0003146289964206517,9869,
318,0.0001359448942821473,9879,
318,,9888,0.00031902201590128243
319,0.0002895586076192558,9889,
319,0.00024367689911741763,9899,
319,0.0001773171388776973,9909,
319,0.00036373428883962333,9919,
319,,9919,0.0003033923276234418
320,0.00014740170445293188,9929,
320,0.00017053856572601944,9939,
320,6.92834728397429e-05,9949,
320,,9950,0.0003045625053346157
321,0.0003436816041357815,9959,
321,0.00015893866657279432,9969,
321,0.00010877708700718358,9979,
321,,9981,0.0003290318709332496
322,0.00032263656612485647,9989,
322,0.0003879531577695161,9999,
322,0.00035475127515383065,10009,
322,,10012,0.0002747992111835629
323,0.0001438027247786522,10019,
323,0.0005524830194190145,10029,
323,0.0001146738140960224,10039,
323,,10043,0.00029173813527449965
324,0.00035881323856301606,10049,
324,0.00013522934750653803,10059,
324,0.00012870971113443375,10069,
324,,10074,0.00022909117978997529
325,0.00040586685645394027,10079,
325,0.00015949585940688848,10089,
325,0.0001098103093681857,10099,
325,,10105,0.00020590620988514274
326,0.0001942728995345533,10109,
326,0.00043982843635603786,10119,
326,0.00027711084112524986,10129,
326,,10136,0.0002244202623842284
327,0.0001967733696801588,10139,
327,0.00031346085597760975,10149,
327,0.00013310486974660307,10159,
327,,10167,0.00017539365217089653
328,0.0003382087452337146,10169,
328,0.00025996266049332917,10179,
328,8.681086910655722e-05,10189,
328,,10198,0.00022749764320906252
329,0.00020605846657417715,10199,
329,0.00011193120008101687,10209,
329,0.00012216631148476154,10219,
329,0.0004254639206919819,10229,
329,,10229,0.00016900822811294347
330,0.0001461721840314567,10239,
330,0.0001836396404542029,10249,
330,0.00016851301188580692,10259,
330,,10260,0.0002453031192999333
331,0.0002332031144760549,10269,
331,0.00015617470489814878,10279,
331,0.00010777397983474657,10289,
331,,10291,0.00017837445193435997
332,0.00020597167895175517,10299,
332,0.0002350381255382672,10309,
332,0.00022244197316467762,10319,
332,,10322,0.0002688727399799973
333,7.167088187998161e-05,10329,
333,0.0003065072523895651,10339,
333,8.287632226711139e-05,10349,
333,,10353,0.00019857226288877428
334,0.0002454841451253742,10359,
334,0.00012196676107123494,10369,
334,0.000126961269415915,10379,
334,,10384,0.00029267289210110903
335,0.00034052622504532337,10389,
335,0.00013865243818145245,10399,
335,0.00011668328079394996,10409,
335,,10415,0.00024199085601139814
336,0.00016617993242107332,10419,
336,0.00039643366471864283,10429,
336,0.00022869165695738047,10439,
336,,10446,0.00029569215257652104
337,0.00013958827184978873,10449,
337,0.00017814332386478782,10459,
337,0.000130705680930987,10469,
337,,10477,0.00030468899058178067
338,0.0005298794130794704,10479,
338,0.000307700625853613,10489,
338,0.00015141282347030938,10499,
338,,10508,0.00023684618645347655
339,0.00016303984739352018,10509,
339,0.00017294585995841771,10519,
339,0.00015870279457885772,10529,
339,0.0005991988582536578,10539,
339,,10539,0.0002940648118965328
340,0.00017023325199261308,10549,
340,0.0002654311538208276,10559,
340,0.00021021667635068297,10569,
340,,10570,0.00022533653827849776
341,0.00013838493032380939,10579,
341,0.00021812574414070696,10589,
341,0.00013853245764039457,10599,
341,,10601,0.0002709875116124749
342,0.00024583819322288036,10609,
342,0.00032842354266904294,10619,
342,0.00022321019787341356,10629,
342,,10632,0.00017293254495598376
343,0.00010802938777487725,10639,
343,0.00025984938838519156,10649,
343,8.678890299052e-05,10659,
343,,10663,0.00020072484039701521
344,0.0003070083330385387,10669,
344,0.00013228868192527443,10679,
344,0.00023016126942820847,10689,
344,,10694,0.00014765678497496992
345,0.00022779247956350446,10699,
345,0.00020413639140315354,10709,
345,9.508735820418224e-05,10719,
345,,10725,0.00019427922961767763
346,0.00017029058653861284,10729,
346,0.00038806843804195523,10739,
346,0.00023850591969676316,10749,
346,,10756,0.0001568111911183223
347,0.00022577056370209903,10759,
347,0.00021140767785254866,10769,
347,0.00018423057917971164,10779,
347,,10787,0.00019484209769871086
348,0.00039181875763460994,10789,
348,0.00031358739943243563,10799,
348,0.000116105264169164,10809,
348,,10818,0.00015836147940717638
349,0.00022559129865840077,10819,
349,0.00014752557035535574,10829,
349,0.00012664278619922698,10839,
349,0.00022317864932119846,10849,
349,,10849,0.00017793072038330138
350,0.00014122991706244648,10859,
350,0.00016200097161345184,10869,
350,0.0002102386933984235,10879,
350,,10880,0.00012530539243016392
351,0.00020860230142716318,10889,
351,0.000253573787631467,10899,
351,9.605024388292804e-05,10909,
351,,10911,0.00015127410006243736
352,0.00020512491755653173,10919,
352,0.00026848731795325875,10929,
352,0.0002998041163664311,10939,
352,,10942,9.627242980059236e-05
353,7.954434113344178e-05,10949,
353,0.00028561477665789425,10959,
353,7.577349606435746e-05,10969,
353,,10973,0.00014405648107640445
354,0.0002420738455839455,10979,
354,8.502880518790334e-05,10989,
354,0.0001264637103304267,10999,
354,,11004,0.00010194313654210418
355,0.00037335880915634334,11009,
355,0.00011233109398745,11019,
355,9.122671326622367e-05,11029,
355,,11035,0.0001483393571106717
356,0.00013658346142619848,11039,
356,0.00046540721086785197,11049,
356,0.0002562333538662642,11059,
356,,11066,0.00012768276792485267
357,0.00019868357048835605,11069,
357,0.00030924068414606154,11079,
357,0.0001599990646354854,11089,
357,,11097,0.00013239665713626891
358,0.0003467571805231273,11099,
358,0.00021352438488975167,11109,
358,6.73398535582237e-05,11119,
358,,11128,0.00013999934890307486
359,0.00020318360475357622,11129,
359,6.914307596161962e-05,11139,
359,9.327808220405132e-05,11149,
359,0.0003685800184030086,11159,
359,,11159,0.00010328073403798044
360,0.00014106114394962788,11169,
360,0.00017110486805904657,11179,
360,0.00020786531968042254,11189,
360,,11190,0.00011237576109124348
361,0.00028054072754457593,11199,
361,0.00017323187785223126,11209,
361,7.333895337069407e-05,11219,
361,,11221,9.168897668132558e-05
362,0.00011847812129417434,11229,
362,0.0001557750947540626,11239,
362,0.00017643414321355522,11249,
362,,11252,9.750585013534874e-05
363,5.076603702036664e-05,11259,
363,0.00020731924450956285,11269,
363,6.246317207114771e-05,11279,
363,,11283,9.980360482586548e-05
364,0.00020566931925714016,11289,
364,0.00010522553202463314,11299,
364,0.00010040481720352545,11309,
364,,11314,0.00010153404582524672
365,0.0003244760155212134,11319,
365,0.00012030221841996536,11329,
365,8.880627137841657e-05,11339,
365,,11345,0.00012509238149505109
366,8.246315701398998e-05,11349,
366,0.00027461262652650476,11359,
366,0.00018372246995568275,11369,
366,,11376,0.00012213313311804086
367,9.549163951305673e-05,11379,
367,0.00015466383774764836,11389,
367,8.526385499862954e-05,11399,
367,,11407,0.00016255330410785973
368,0.0002884898567572236,11409,
368,0.00017156517424155027,11419,
368,7.501863728975877e-05,11429,
368,,11438,0.00014181937149260193
369,0.00020187758491374552,11439,
369,0.00012251152656972408,11449,
369,0.0001164799032267183,11459,
369,0.00024070809013210237,11469,
369,,11469,0.0001899045892059803
370,0.00010624560673022643,11479,
370,0.00011041480320272967,11489,
370,8.171487570507452e-05,11499,
370,,11500,0.00012898021668661386
371,0.00018464405729901046,11509,
371,0.00015238826745189726,11519,
371,6.201181531650946e-05,11529,
371,,11531,0.00019376449927221984
372,0.00014501294936053455,11539,
372,0.00023774341389071196,11549,
372,0.00025317660765722394,11559,
372,,11562,9.665744437370449e-05
373,4.234253356116824e-05,11569,
373,0.00030675370362587273,11579,
373,7.071971049299464e-05,11589,
373,,11593,0.00019837818399537355
374,0.00027072848752141,11599,
374,5.805799810332246e-05,11609,
374,8.114000229397789e-05,11619,
374,,11624,8.367164991796017e-05
375,0.00029522637487389147,11629,
375,6.536831642733887e-05,11639,
375,6.861606379970908e-05,11649,
375,,11655,0.00020439154468476772
376,0.00010110316361533478,11659,
376,0.00041542277904227376,11669,
376,0.000216744898352772,11679,
376,,11686,0.00010218142415396869
377,0.00017813866725191474,11689,
377,0.00019994706963188946,11699,
377,0.0001266814215341583,11709,
377,,11717,0.0001803287595976144
378,0.00031216407660394907,11719,
378,0.00013591362221632153,11729,
378,4.76019959023688e-05,11739,
378,,11748,0.00012166595843154937
379,0.00019441230688244104,11749,
379,7.788356742821634e-05,11759,
379,5.930189581704326e-05,11769,
379,0.00032012033625505865,11779,
379,,11779,0.00013338860298972577
380,0.0001149297968368046,11789,
380,7.558389188488945e-05,11799,
380,0.00010501114593353122,11809,
380,,11810,0.0001041829091263935
381,0.0002182450407417491,11819,
381,0.00016797335410956293,11829,
381,6.043992470949888e-05,11839,
381,,11841,9.99291441985406e-05
382,6.416766700567678e-05,11849,
382,0.00017763518553692847,11859,
382,0.00018162117339670658,11869,
382,,11872,9.872492955764756e-05
383,6.618312909267843e-05,11879,
383,0.00028734857914969325,11889,
383,7.177211955422536e-05,11899,
383,,11903,8.180070290109143e-05
384,0.00019352791423443705,11909,
384,5.8448524214327335e-05,11919,
384,6.929944356670603e-05,11929,
384,,11934,0.00010997014760505408
385,0.00024425273295491934,11939,
385,9.93507492239587e-05,11949,
385,5.6316774134757e-05,11959,
385,,11965,7.333570829359815e-05
386,4.399082172312774e-05,11969,
386,0.0003180136263836175,11979,
386,0.00018610576807986945,11989,
386,,11996,0.00012258184142410755
387,0.0003779732796829194,11999,
387,0.00019940058700740337,12009,
387,0.0001574996713316068,12019,
387,,12027,8.160171273630112e-05
388,0.0001232239737873897,12029,
388,0.00010248561738990247,12039,
388,3.5920464142691344e-05,12049,
388,,12058,0.0001274769165320322
389,0.00017583153385203332,12059,
389,7.351406384259462e-05,12069,
389,4.825209907721728e-05,12079,
389,0.0003072360996156931,12089,
389,,12089,9.860989666776732e-05
390,0.00010380113235441968,12099,
390,7.635745714651421e-05,12109,
390,0.00013121224765200168,12119,
390,,12120,0.0001280699943890795
391,0.00010875157749978825,12129,
391,0.00017982399731408805,12139,
391,6.367977039190009e-05,12149,
391,,12151,9.630113345338032e-05
392,8.296401938423514e-05,12159,
392,0.00013495230814442039,12169,
392,0.00014845420082565397,12179,
392,,12182,0.00012108334340155125
393,8.949170296546072e-05,12189,
393,0.0002512230712454766,12199,
393,6.206133548403159e-05,12209,
393,,12213,8.813340537017211e-05
394,0.0001796751021174714,12219,
394,0.00011455045023467392,12229,
394,7.404910866171122e-05,12239,
394,,12244,9.724606934469193e-05
395,0.00013988491264171898,12249,
395,0.00013606397260446101,12259,
395,9.267075802199543e-05,12269,
395,,12275,0.00011437888315413147
396,8.81692540133372e-05,12279,
396,0.00035653458326123655,12289,
396,0.0001902545045595616,12299,
396,,12306,6.729352026013657e-05
397,0.0002671820402611047,12309,
397,0.0001278964919038117,12319,
397,9.623535152059048e-05,12329,
397,,12337,0.00015693293244112283
398,0.00021832212223671377,12339,
398,0.000147859551361762,12349,
398,4.806697688763961e-05,12359,
398,,12368,7.114087202353403e-05
399,0.00013128947466611862,12369,
399,6.39215431874618e-05,12379,
399,8.300868648802862e-05,12389,
399,0.00028740614652633667,12399,
399,,12399,0.00016025455261114985
400,0.0001224637817358598,12409,
400,0.00010829963866854087,12419,
400,0.000148690291098319,12429,
400,,12430,8.838782378006727e-05
401,8.718371100258082e-05,12439,
401,0.00016764170140959322,12449,
401,6.543238851008937e-05,12459,
401,,12461,0.00012956511636730283
402,0.00010437141463626176,12469,
402,0.00019060376507695764,12479,
402,0.00014681860920973122,12489,
402,,12492,8.850419544614851e-05
403,8.275511936517432e-05,12499,
403,0.00013862988271284848,12509,
403,5.0702234148047864e-05,12519,
403,,12523,0.00010574580664979294
404,0.00018680625362321734,12529,
404,7.464816007995978e-05,12539,
404,6.144618237158284e-05,12549,
404,,12554,7.767324859742075e-05
405,0.00016564977704547346,12559,
405,0.00010384652705397457,12569,
405,7.770511729177088e-05,12579,
405,,12585,9.403561125509441e-05
406,0.00010029927943833172,12589,
406,0.0003353298525325954,12599,
406,0.00019631008035503328,12609,
406,,12616,7.766935596009716e-05
407,0.00014151296636555344,12619,
407,6.791942723793909e-05,12629,
407,6.783800199627876e-05,12639,
407,,12647,0.00010404200293123722
408,0.0002742796787060797,12649,
408,0.0001315669360337779,12659,
408,3.671720332931727e-05,12669,
408,,12678,8.09980629128404e-05
409,9.2303343990352e-05,12679,
409,6.334568752208725e-05,12689,
409,6.905280315550044e-05,12699,
409,0.00045309917186386883,12709,
409,,12709,0.00011221031309105456
410,0.0001226888271048665,12719,
410,0.00010457453754497692,12729,
410,0.00013012028648518026,12739,
410,,12740,7.919506606413051e-05
411,5.843767576152459e-05,12749,
411,0.00013619943638332188,12759,
411,4.734705726150423e-05,12769,
411,,12771,0.00011251999967498705
412,0.00010929902055067942,12779,
412,0.00020632070663850754,12789,
412,0.0001695962273515761,12799,
412,,12802,6.890056101838127e-05
413,7.477834151359275e-05,12809,
413,0.00011439472291385755,12819,
413,4.040753628942184e-05,12829,
413,,12833,8.180230361176655e-05
414,0.0002008219889830798,12839,
414,5.985300231259316e-05,12849,
414,4.8351179430028424e-05,12859,
414,,12864,6.852190563222393e-05
415,0.00013313682575244457,12869,
415,0.00010246191231999546,12879,
415,6.354693323373795e-05,12889,
415,,12895,7.095796900102869e-05
416,7.976152119226754e-05,12899,
416,0.0003361260751262307,12909,
416,0.00018053068197332323,12919,
416,,12926,6.640921492362395e-05
417,8.144548337440938e-05,12929,
417,6.31783768767491e-05,12939,
417,5.7604978792369366e-05,12949,
417,,12957,6.65671905153431e-05
418,0.00020244928600732237,12959,
418,9.044434409588575e-05,12969,
418,3.537561497068964e-05,12979,
418,,12988,6.800251867389306e-05
419,9.102385956794024e-05,12989,
419,6.923046021256596e-05,12999,
419,6.143553764559329e-05,13009,
419,0.00021005611051805317,13019,
419,,13019,6.982425111345947e-05
420,8.767081453697756e-05,13029,
420,8.937403617892414e-05,13039,
420,9.134697756962851e-05,13049,
420,,13050,7.850105612305924e-05
421,7.395710417767987e-05,13059,
421,0.00011983801960013807,13069,
421,4.653042560676113e-05,13079,
421,,13081,8.19369379314594e-05
422,6.337137165246531e-05,13089,
422,0.00015623003127984703,13099,
422,0.0001398944586981088,13109,
422,,13112,9.754880738910288e-05
423,8.008482109289616e-05,13119,
423,0.00011584551248233765,13129,
423,4.052074291394092e-05,13139,
423,,13143,9.611053974367678e-05
424,0.00019531820726115257,13149,
424,4.5956465328345075e-05,13159,
424,5.2451032388489693e-05,13169,
424,,13174,0.00011559444101294503
425,0.00019887025700882077,13179,
425,9.271274757338688e-05,13189,
425,5.869314190931618e-05,13199,
425,,13205,0.00010231648775516078
426,9.311836038250476e-05,13209,
426,0.0003003565361723304,13219,
426,0.00015178330068010837,13229,
426,,13236,0.00012770952889695764
427,5.75030644540675e-05,13239,
427,7.328203355427831e-05,13249,
427,5.4509837354999036e-05,13259,
427,,13267,9.900855366140604e-05
428,0.0002454545465297997,13269,
428,9.277199569623917e-05,13279,
428,3.932075196644291e-05,13289,
428,,13298,0.0001288221392314881
429,0.00014173673116602004,13299,
429,8.46282418933697e-05,13309,
429,6.610694254050031e-05,13319,
429,0.0002526656026020646,13329,
429,,13329,8.316799357999116e-05
430,8.549846097594127e-05,13339,
430,8.353549492312595e-05,13349,
430,6.705945997964591e-05,13359,
430,,13360,0.00011818833445431665
431,8.015608909772709e-05,13369,
431,0.00012580706970766187,13379,
431,4.933223681291565e-05,13389,
431,,13391,7.074465975165367e-05
432,5.41998197149951e-05,13399,
432,0.0001372234255541116,13409,
432,0.00013206624134909362,13419,
432,,13422,0.00010783476318465546
433,6.044758629286662e-05,13429,
433,0.000132222383399494,13439,
433,4.0163031371776015e-05,13449,
433,,13453,6.402613507816568e-05
434,0.00017971590568777174,13459,
434,4.74415319331456e-05,13469,
434,4.424109647516161e-05,13479,
434,,13484,0.0001068263009074144
435,0.00016061421774793416,13489,
435,9.225226676790044e-05,13499,
435,5.061188858235255e-05,13509,
435,,13515,5.982820221106522e-05
436,6.122187915025279e-05,13519,
436,0.0002680911566130817,13529,
436,0.00012931815581396222,13539,
436,,13546,0.00012055520346621051
437,7.468282274203375e-05,13549,
437,7.854029536247253e-05,13559,
437,6.258477515075356e-05,13569,
437,,13577,5.670592508977279e-05
438,0.00016322603914886713,13579,
438,7.818144513294101e-05,13589,
438,4.332361640990712e-05,13599,
438,,13608,0.00015448773046955466
439,0.00017504789866507053,13609,
439,8.158745913533494e-05,13619,
439,6.026212213328108e-05,13629,
439,0.00028661848045885563,13639,
439,,13639,5.8205900131724775e-05
440,0.00010905579256359488,13649,
440,9.317432704847306e-05,13659,
440,7.05468119122088e-05,13669,
440,,13670,0.0002128357155015692
441,0.00012025063915643841,13679,
441,0.00013928931730333716,13689,
441,4.758560680784285e-05,13699,
441,,13701,7.361983443843201e-05
442,6.720522651448846e-05,13709,
442,0.00012108373630326241,13719,
442,0.00012083020556019619,13729,
442,,13732,0.00025255262153223157
443,9.083310578716919e-05,13739,
443,0.00022627822181675583,13749,
443,7.340050797211006e-05,13759,
443,,13763,8.614279795438051e-05
444,0.0001578136143507436,13769,
444,8.551031351089478e-05,13779,
444,5.117719410918653e-05,13789,
444,,13794,0.00022356958652380854
445,0.00018717859347816557,13799,
445,8.407389395870268e-05,13809,
445,4.38239767390769e-05,13819,
445,,13825,8.386784611502662e-05
446,5.4218104196479544e-05,13829,
446,0.00024134961131494492,13839,
446,0.00014387334522325546,13849,
446,,13856,0.00016825390048325062
447,0.00020364455122034997,13859,
447,8.903903653845191e-05,13869,
447,6.773036875529215e-05,13879,
447,,13887,8.757514297030866e-05
448,0.00012369219621177763,13889,
448,8.650371455587447e-05,13899,
448,3.254080729675479e-05,13909,
448,,13918,0.00013771896192338318
449,0.00017005042172968388,13919,
449,7.599424861837178e-05,13929,
449,5.208345100982115e-05,13939,
449,0.00012129989045206457,13949,
449,,13949,9.297311771661043e-05
450,8.640924352221191e-05,13959,
450,0.00010021442722063512,13969,
450,6.773315544705838e-05,13979,
450,,13980,0.00012715095363091677
451,4.982241807738319e-05,13989,
451,0.00012144120410084724,13999,
451,3.6452733183978125e-05,14009,
451,,14011,0.00010114582983078435
452,5.474631325341761e-05,14019,
452,8.785303361946717e-05,14029,
452,0.0001052884035743773,14039,
452,,14042,0.0001261530996998772
453,5.244143903837539e-05,14049,
453,0.00017264060443267226,14059,
453,5.186797716305591e-05,14069,
453,,14073,0.00010422178456792608
454,0.000129858628497459,14079,
454,6.600403867196292e-05,14089,
454,5.388383942772634e-05,14099,
454,,14104,0.0001323181641055271
455,0.0001524356339359656,14109,
455,6.511832907563075e-05,14119,
455,3.4665557905100286e-05,14129,
455,,14135,0.00010460747580509633
456,5.478697130456567e-05,14139,
456,0.00021734523761551827,14149,
456,0.00012606993550434709,14159,
456,,14166,0.0001396277657477185
457,0.0001475577155360952,14169,
457,6.0018192016286775e-05,14179,
457,5.3570449381368235e-05,14189,
457,,14197,9.902373130898923e-05
458,0.00011064511636504903,14199,
458,7.866371743148193e-05,14209,
458,3.210801514796913e-05,14219,
458,,14228,0.00015504617476835847
459,0.00017507946176920086,14229,
459,8.132149378070608e-05,14239,
459,5.485947986016981e-05,14249,
459,0.00014239366282708943,14259,
459,,14259,9.141080954577774e-05
460,0.00010262394062010571,14269,
460,0.00011238034494454041,14279,
460,5.485407018568367e-05,14289,
460,,14290,0.00018747577269095927
461,4.737290510092862e-05,14299,
461,0.00011397757043596357,14309,
461,3.516328433761373e-05,14319,
461,,14321,9.1546171461232e-05
462,0.00011131589417345822,14329,
462,0.00012106525537092239,14339,
462,9.522191248834133e-05,14349,
462,,14352,0.00026539675309322774
463,7.308545900741592e-05,14359,
463,0.0001659942790865898,14369,
463,5.4342581279342994e-05,14379,
463,,14383,0.00011352293950039893
464,0.00015269235882442445,14389,
464,8.457600779365748e-05,14399,
464,6.80468583595939e-05,14409,
464,,14414,0.00037566685932688415
465,0.0002008188603213057,14419,
465,6.188577390275896e-05,14429,
465,4.549571895040572e-05,14439,
465,,14445,0.00012098217121092603
466,4.8790145228849724e-05,14449,
466,0.0002823957474902272,14459,
466,0.00012649581185542047,14469,
466,,14476,0.0003087394288741052
467,8.077974780462682e-05,14479,
467,6.658958591287956e-05,14489,
467,5.1479542889865115e-05,14499,
467,,14507,0.0001504016836406663
468,0.0002328419650439173,14509,
468,0.0001493923191446811,14519,
468,6.398920231731609e-05,14529,
468,,14538,0.00022403553884942085
469,0.00022035205620341003,14539,
469,9.353234054287896e-05,14549,
469,9.99580297502689e-05,14559,
469,0.0002531962818466127,14569,
469,,14569,0.00018135923892259598
470,8.833185711409897e-05,14579,
470,8.35973332868889e-05,14589,
470,7.380460010608658e-05,14599,
470,,14600,0.0001805913052521646
471,4.9364545702701434e-05,14609,
471,8.251405961345881e-05,14619,
471,4.8571288061793894e-05,14629,
471,,14631,0.0001831282424973324
472,7.712833030382171e-05,14639,
472,0.0001382541231578216,14649,
472,0.00010722564184106886,14659,
472,,14662,0.0001471997529733926
473,6.474328256445006e-05,14669,
473,0.0001640628179302439,14679,
473,5.445425631478429e-05,14689,
473,,14693,0.00014349239063449204
474,0.0002368008135817945,14699,
474,5.0161568651674315e-05,14709,
474,6.03939188295044e-05,14719,
474,,14724,0.0001286352489842102
475,0.00010206045408267528,14729,
475,6.78530996083282e-05,14739,
475,4.647386958822608e-05,14749,
475,,14755,0.00011606601037783548
476,4.687292312155478e-05,14759,
476,0.0002547159674577415,14769,
476,9.141256305156276e-05,14779,
476,,14786,0.00011944065772695467
477,6.741919060004875e-05,14789,
477,6.336702062981203e-05,14799,
477,4.529050784185529e-05,14809,
477,,14817,0.00010046874376712367
478,0.0001884936646092683,14819,
478,7.064123201416805e-05,14829,
478,4.194155189907178e-05,14839,
478,,14848,0.00011517731036292389
479,0.0001038116097333841,14849,
479,6.792339263483882e-05,14859,
479,7.154759805416688e-05,14869,
479,6.290507008088753e-05,14879,
479,,14879,9.42070983001031e-05
480,8.081993291852996e-05,14889,
480,6.175989983603358e-05,14899,
480,5.9290454373694956e-05,14909,
480,,14910,0.00011361922224750742
481,5.875997158000246e-05,14919,
481,0.0001000087067950517,14929,
481,4.648829053621739e-05,14939,
481,,14941,9.155285079032183e-05
482,5.156380939297378e-05,14949,
482,0.00011661885218927637,14959,
482,7.977194763952866e-05,14969,
482,,14972,0.00011850458395201713
483,3.784853106481023e-05,14979,
483,0.00013228037278167903,14989,
483,3.8143050915095955e-05,14999,
483,,15003,9.118432353716344e-05
484,0.00015645360690541565,15009,
484,3.416769322939217e-05,15019,
484,6.13692682236433e-05,15029,
484,,15034,0.00013042775390204042
485,0.00011960502160945907,15039,
485,9.038305142894387e-05,15049,
485,4.455176895135082e-05,15059,
485,,15065,9.689407306723297e-05
486,6.496479909401387e-05,15069,
486,0.00022635784989688545,15079,
486,9.468897042097524e-05,15089,
486,,15096,0.0001545326376799494
487,9.963516640709713e-05,15099,
487,5.683251583832316e-05,15109,
487,4.12353256251663e-05,15119,
487,,15127,0.00011148398334626108
488,0.0002116620453307405,15129,
488,6.073944314266555e-05,15139,
488,4.3346484744688496e-05,15149,
488,,15158,0.00016817281721159816
489,0.00016885859076865017,15159,
489,7.789931260049343e-05,15169,
489,9.133169805863872e-05,15179,
489,0.00023880774097051471,15189,
489,,15189,0.00011932926281588152
490,0.00010833097621798515,15199,
490,6.980633770581335e-05,15209,
490,5.97867947362829e-05,15219,
490,,15220,0.0001441971689928323
491,7.903443474788219e-05,15229,
491,0.00012701109517365694,15239,
491,6.440162542276084e-05,15249,
491,,15251,0.00012285273987799883
492,6.783170101698488e-05,15259,
492,0.00013297774421516806,15269,
492,9.442698501516134e-05,15279,
492,,15282,0.00010306476178811863
493,5.044175122748129e-05,15289,
493,0.000130107335280627,15299,
493,3.4831504308385774e-05,15309,
493,,15313,0.00014661579916719347
494,0.00021008461771998554,15319,
494,3.857674528262578e-05,15329,
494,7.047985127428547e-05,15339,
494,,15344,6.99431766406633e-05
495,0.0001767322391970083,15349,
495,0.00016116382903419435,15359,
495,6.49343928671442e-05,15369,
495,,15375,0.00018641731003299356
496,0.00012131732364650816,15379,
496,0.00028119151829741895,15389,
496,9.199201303999871e-05,15399,
496,,15406,5.92546202824451e-05
497,7.016905874479562e-05,15409,
497,0.00010513023153180256,15419,
497,0.00011194762191735208,15429,
497,,15437,0.00016726303147152066
498,0.00044644938316196203,15439,
498,9.508659422863275e-05,15449,
498,9.11200258997269e-05,15459,
498,,15468,8.884618000593036e-05
499,0.00019472857820801437,15469,
499,0.00012709276052191854,15479,
499,6.215653411345556e-05,15489,
499,0.0003206029941793531,15499,
499,,15499,0.0001401933841407299
500,0.00010913421283476055,15509,
500,0.0001424029323970899,15519,
500,0.00011827186972368509,15529,
500,,15530,0.00018278739298693836
501,0.00048176111886277795,15539,
501,0.00014805443061050028,15549,
501,5.172480086912401e-05,15559,
501,,15561,0.00021837161330040544
502,0.00014824565732851624,15569,
502,0.00010014964936999604,15579,
502,0.00012698615319095552,15589,
502,,15592,0.00012939164298586547
503,8.394425094593316e-05,15599,
503,0.00018006731988862157,15609,
503,6.335257785394788e-05,15619,
503,,15623,0.00020645366748794913
504,0.0002863663830794394,15629,
504,9.437153494218364e-05,15639,
504,0.00010440550249768421,15649,
504,,15654,7.120610098354518e-05
505,0.00025088299298658967,15659,
505,6.732480687787756e-05,15669,
505,3.05230678350199e-05,15679,
505,,15685,0.00015885726315900683
506,6.332090561045334e-05,15689,
506,0.00019162226817570627,15699,
506,7.04235935700126e-05,15709,
506,,15716,5.098601832287386e-05
507,5.590901855612174e-05,15719,
507,8.154114766512066e-05,15729,
507,4.8279325710609555e-05,15739,
507,,15747,0.00014065536379348487
508,0.0002783109375741333,15749,
508,0.000157658796524629,15759,
508,6.0476948419818655e-05,15769,
508,,15778,5.5503678595414385e-05
509,0.00011662739416351542,15779,
509,5.162036541150883e-05,15789,
509,5.0589813326951116e-05,15799,
509,0.00017761520575731993,15809,
509,,15809,0.0001305445039179176
510,4.59558614238631e-05,15819,
510,6.0137230320833623e-05,15829,
510,5.5527332733618096e-05,15839,
510,,15840,6.715056952089071e-05
511,0.00011315272422507405,15849,
511,0.00011091953638242558,15859,
511,3.7844572943868116e-05,15869,
511,,15871,0.00011779309716075659
512,7.4090959969908e-05,15879,
512,0.0001369463134324178,15889,
512,0.00013691620551981032,15899,
512,,15902,7.773174002068117e-05
513,4.030016134493053e-05,15909,
513,0.00016768947534728795,15919,
513,5.472996781463735e-05,15929,
513,,15933,0.00010578129149507731
514,0.00026531991898082197,15939,
514,6.187514372868463e-05,15949,
514,7.084368553478271e-05,15959,
514,,15964,9.68169333646074e-05
515,0.000302063359413296,15969,
515,4.4391999836079776e-05,15979,
515,4.2020394175779074e-05,15989,
515,,15995,9.294516348745674e-05
516,5.3156887588556856e-05,15999,
516,0.0002795873733703047,16009,
516,0.000110777655208949,16019,
516,,16026,0.00012125330249546096
517,7.346500206040218e-05,16029,
517,0.00013980717631056905,16039,
517,6.488816143246368e-05,16049,
517,,16057,8.128063927870244e-05
518,0.0002505187876522541,16059,
518,0.00012787013838533312,16069,
518,6.0400416259653866e-05,16079,
518,,16088,0.00014524025027640164
519,0.00019718224939424545,16089,
519,5.878760202904232e-05,16099,
519,6.267477147048339e-05,16109,
519,0.00024048800696618855,16119,
519,,16119,7.311080844374374e-05
520,7.786078640492633e-05,16129,
520,4.621460902853869e-05,16139,
520,7.031158747849986e-05,16149,
520,,16150,0.00017978479445446283
521,0.00011533447832334787,16159,
521,0.00012362815323285758,16169,
521,5.730026532546617e-05,16179,
521,,16181,7.190902397269383e-05
522,6.176342139951885e-05,16189,
522,0.0001748167269397527,16199,
522,0.0001442765205865726,16209,
522,,16212,0.00023875087208580226
523,9.844292799243703e-05,16219,
523,0.0001743833563523367,16229,
523,5.999639688525349e-05,16239,
523,,16243,6.895945989526808e-05
524,0.00017862959066405892,16249,
524,5.276223964756355e-05,16259,
524,6.079512240830809e-05,16269,
524,,16274,0.00011875867494381964
525,0.0001818019081838429,16279,
525,0.00012661097571253777,16289,
525,6.880860746605322e-05,16299,
525,,16305,0.00010659969120752066
526,6.283188122324646e-05,16309,
526,0.0003199717029929161,16319,
526,0.00014790728164371103,16329,
526,,16336,9.77995150606148e-05
527,5.662090188707225e-05,16339,
527,5.2271738240960985e-05,16349,
527,6.808537000324577e-05,16359,
527,,16367,0.00010289661440765485
528,0.00019496663298923522,16369,
528,9.207455150317401e-05,16379,
528,5.3160591050982475e-05,16389,
528,,16398,7.931036088848487e-05
529,8.121604332700372e-05,16399,
529,5.3912495786789805e-05,16409,
529,4.709282438852824e-05,16419,
529,0.0002120491990353912,16429,
529,,16429,0.00010583925904938951
530,8.326556417159736e-05,16439,
530,6.53226743452251e-05,16449,
530,0.00010984122491208836,16459,
530,,16460,7.692710642004386e-05
531,4.4906835682922974e-05,16469,
531,0.00013906662934459746,16479,
531,6.011832374497317e-05,16489,
531,,16491,0.00011608177737798542
532,0.00010893399303313345,16499,
532,0.00018877509864978492,16509,
532,0.00011511961201904342,16519,
532,,16522,7.294244278455153e-05
533,7.108125282684341e-05,16529,
533,8.924670692067593e-05,16539,
533,3.9848015148891136e-05,16549,
533,,16553,0.00013207046140450984
534,0.00018475372053217143,16559,
534,9.37168370001018e-05,16569,
534,9.860394493443891e-05,16579,
534,,16584,6.287307041930035e-05
535,9.123655036091805e-05,16589,
535,0.00011305910447845235,16599,
535,7.860592450015247e-05,16609,
535,,16615,0.00014340091729536653
536,0.00010556154302321374,16619,
536,0.00028746583848260343,16629,
536,0.00014984613517299294,16639,
536,,16646,5.354554014047608e-05
537,0.00010959253268083557,16649,
537,4.584772977977991e-05,16659,
537,6.72214591759257e-05,16669,
537,,16677,0.00014305536751635373
538,0.0002457180235069245,16679,
538,0.00017588955233804882,16689,
538,6.35566029814072e-05,16699,
538,,16708,5.376887565944344e-05
539,9.400476847076789e-05,16709,
539,5.8713361795526e-05,16719,
539,5.578350101131946e-05,16729,
539,0.00023541398695670068,16739,
539,,16739,0.00011385756079107523
540,0.00014251688844524324,16749,
540,6.324410787783563e-05,16759,
540,0.0001616484805708751,16769,
540,,16770,5.371655061026104e-05
541,4.209543840261176e-05,16779,
541,0.00016975642938632518,16789,
541,6.318680971162394e-05,16799,
541,,16801,0.0001003719589789398
542,0.00010048587137134746,16809,
542,0.00013252673670649529,16819,
542,0.00011530665506143123,16829,
542,,16832,5.5482851166743785e-05
543,7.65307413530536e-05,16839,
543,0.00014538835966959596,16849,
543,5.222738400334492e-05,16859,
543,,16863,9.95699010672979e-05
544,0.00020702957408502698,16869,
544,0.0001112439640564844,16879,
544,8.56977712828666e-05,16889,
544,,16894,5.941156268818304e-05
545,8.1513928307686e-05,16899,
545,0.00012894696556031704,16909,
545,7.207004819065332e-05,16919,
545,,16925,8.780463394941762e-05
546,4.9595484597375616e-05,16929,
546,0.0002869626914616674,16939,
546,0.00013543397653847933,16949,
546,,16956,6.037141793058254e-05
547,0.00023238932772073895,16959,
547,8.924277790356427e-05,16969,
547,9.486410272074863e-05,16979,
547,,16987,6.83882026351057e-05
548,0.00012221008364576846,16989,
548,8.470122702419758e-05,16999,
548,4.79686314065475e-05,17009,
548,,17018,5.709054312319495e-05
549,0.00010327457130188122,17019,
549,4.593619814841077e-05,17029,
549,3.7659377994714305e-05,17039,
549,0.00016232002235483378,17049,
549,,17049,5.5466738558607176e-05
550,0.00011412864114390686,17059,
550,6.982264312682673e-05,17069,
550,0.0001723135355859995,17079,
550,,17080,6.231811130419374e-05
551,8.624746260466054e-05,17089,
551,0.0001342739851679653,17099,
551,3.719899905263446e-05,17109,
551,,17111,5.629688166663982e-05
552,7.10450840415433e-05,17119,
552,9.677773778093979e-05,17129,
552,0.00010477067553438246,17139,
552,,17142,8.143015293171629e-05
553,5.8041343436343595e-05,17149,
553,0.00013189481978770345,17159,
553,5.044045974500477e-05,17169,
553,,17173,6.31593429716304e-05
554,7.105644181137905e-05,17179,
554,8.139049168676138e-05,17189,
554,5.958871042821556e-05,17199,
554,,17204,0.00010384940833318979
555,0.0002005738642765209,17209,
555,0.00012459245044738054,17219,
555,6.948592636035755e-05,17229,
555,,17235,7.161926623666659e-05
556,5.4609783546766266e-05,17239,
556,0.00023186413454823196,17249,
556,0.00016271461208816618,17259,
556,,17266,0.00011548371548997238
557,0.0001691895886324346,17269,
557,8.460741810267791e-05,17279,
557,6.997321906965226e-05,17289,
557,,17297,7.355636626016349e-05
558,5.825785774504766e-05,17299,
558,7.940630166558549e-05,17309,
558,5.197145583224483e-05,17319,
558,,17328,0.00011600813013501465
559,0.00011552960495464504,17329,
559,5.248223169473931e-05,17339,
559,6.065815614419989e-05,17349,
559,0.00015184676158241928,17359,
559,,17359,7.176995131885633e-05
560,9.214349847752601e-05,17369,
560,8.278071618406102e-05,17379,
560,0.00012204016093164682,17389,
560,,17390,0.00010763505997601897
561,0.0001175357901956886,17399,
561,0.00012481925659812987,17409,
561,5.1210125093348324e-05,17419,
561,,17421,6.625317473663017e-05
562,5.08745142724365e-05,17429,
562,8.546683238819242e-05,17439,
562,8.258231537183747e-05,17449,
562,,17452,9.753385529620573e-05
563,5.304109072312713e-05,17459,
563,0.00012072437675669789,17469,
563,4.043549779453315e-05,17479,
563,,17483,6.23146042926237e-05
564,8.836484630592167e-05,17489,
564,9.153949213214219e-05,17499,
564,4.9028203648049384e-05,17509,
564,,17514,8.575769606977701e-05
565,0.00021309629664756358,17519,
565,0.00015700559015385807,17529,
565,6.656371260760352e-05,17539,
565,,17545,5.884635538677685e-05
566,3.370608465047553e-05,17549,
566,0.00022250358597375453,17559,
566,0.0001527339336462319,17569,
566,,17576,7.31542895664461e-05
567,0.00013522617518901825,17579,
567,6.336721708066761e-05,17589,
567,5.483252607518807e-05,17599,
567,,17607,5.672422776115127e-05
568,8.140623685903847e-05,17609,
568,9.64259379543364e-05,17619,
568,6.910954107297584e-05,17629,
568,,17638,6.353683420456946e-05
569,6.663472595391795e-05,17639,
569,4.244222873239778e-05,17649,
569,5.342088115867227e-05,17659,
569,0.00019650002650450915,17669,
569,,17669,5.465020876727067e-05
570,9.881574078463018e-05,17679,
570,8.507442544214427e-05,17689,
570,0.00010052547440864146,17699,
570,,17700,6.651656440226361e-05
571,7.603930134791881e-05,17709,
571,0.0001154251949628815,17719,
571,4.778746733791195e-05,17729,
571,,17731,5.797600169898942e-05
572,5.4177813581191e-05,17739,
572,7.869194087106735e-05,17749,
572,7.965410623000935e-05,17759,
572,,17762,8.614310354460031e-05
573,5.6835175200831145e-05,17769,
573,9.85816222964786e-05,17779,
573,3.964411735069007e-05,17789,
573,,17793,6.877228588564321e-05
574,9.022800077218562e-05,17799,
574,8.331048593390733e-05,17809,
574,5.344296369003132e-05,17819,
574,,17824,0.00010347911302233115
575,0.000129613938042894,17829,
575,0.00015611077833455056,17839,
575,5.900929318158887e-05,17849,
575,,17855,9.235553443431854e-05
576,5.0772923714248464e-05,17859,
576,0.00020967915770597756,17869,
576,0.00015442278527189046,17879,
576,,17886,6.512992695206776e-05
577,0.00010779505100799724,17889,
577,5.590912769548595e-05,17899,
577,5.886385770281777e-05,17909,
577,,17917,8.758672629483044e-05
578,0.00010738585115177557,17919,
578,8.595654071541503e-05,17929,
578,5.557598706218414e-05,17939,
578,,17948,4.517498018685728e-05
579,7.249198097269982e-05,17949,
579,3.881228985846974e-05,17959,
579,2.9524435376515612e-05,17969,
579,0.00020271647372283041,17979,
579,,17979,7.244484004331753e-05
580,0.00011418702342780307,17989,
580,7.870994886616245e-05,17999,
580,8.64918838487938e-05,18009,
580,,18010,5.031379623687826e-05
581,7.057706534396857e-05,18019,
581,0.00010577551438473165,18029,
581,3.3371652534697205e-05,18039,
581,,18041,6.84900805936195e-05
582,6.730692985001951e-05,18049,
582,4.7483779781032354e-05,18059,
582,6.559090252267197e-05,18069,
582,,18072,5.820354272145778e-05
583,5.857739961356856e-05,18079,
583,0.00013536136248148978,18089,
583,5.516165401786566e-05,18099,
583,,18103,5.5501401220681146e-05
584,9.648993727751076e-05,18109,
584,8.392187737626955e-05,18119,
584,4.6341392589965835e-05,18129,
584,,18134,4.9541060434421524e-05
585,0.0001158950908575207,18139,
585,0.00010127161658601835,18149,
585,7.552616443717852e-05,18159,
585,,18165,4.47596212325152e-05
586,3.621460564318113e-05,18169,
586,0.00016302691074088216,18179,
586,0.00012036423868266866,18189,
586,,18196,4.102514503756538e-05
587,0.00014249735977500677,18199,
587,5.6843407946871594e-05,18209,
587,4.9437036068411544e-05,18219,
587,,18227,4.536820051725954e-05
588,5.370347207644954e-05,18229,
588,8.567928307456896e-05,18239,
588,4.97799992444925e-05,18249,
588,,18258,4.173960769549012e-05
589,9.269666770705953e-05,18259,
589,3.894206747645512e-05,18269,
589,5.203095861361362e-05,18279,
589,0.00013198996020946652,18289,
589,,18289,5.0256574468221515e-05
590,9.052820678334683e-05,18299,
590,7.853929128032178e-05,18309,
590,9.64140854193829e-05,18319,
590,,18320,4.443084981176071e-05
591,5.489636896527372e-05,18329,
591,0.00010238969116471708,18339,
591,4.071914008818567e-05,18349,
591,,18351,5.740670167142525e-05
592,5.150327706360258e-05,18359,
592,5.286640953272581e-05,18369,
592,5.864842751179822e-05,18379,
592,,18382,4.742077362607233e-05
593,4.898451152257621e-05,18389,
593,7.354147237492725e-05,18399,
593,3.642435694928281e-05,18409,
593,,18413,6.65282568661496e-05
594,8.274128776974976e-05,18419,
594,7.530874427175149e-05,18429,
594,4.827318116440438e-05,18439,
594,,18444,5.19064451509621e-05
595,0.00011520460247993469,18449,
595,9.934177796822041e-05,18459,
595,5.849722947459668e-05,18469,
595,,18475,7.877470488892868e-05
596,3.055962952203117e-05,18479,
596,0.0001511583977844566,18489,
596,0.0001177088197437115,18499,
596,,18506,5.941501149209216e-05
597,0.00014653921243734658,18509,
597,4.7329478547908366e-05,18519,
597,4.685742169385776e-05,18529,
597,,18537,9.046506602317095e-05
598,8.016172068892047e-05,18539,
598,8.252900443039834e-05,18549,
598,6.365701847244054e-05,18559,
598,,18568,6.685371045023203e-05
599,9.142944327322766e-05,18569,
599,4.671727219829336e-05,18579,
599,3.2361585908802226e-05,18589,
599,0.00018143463239539415,18599,
599,,18599,8.88092108652927e-05
600,0.00010031869169324636,18609,
600,8.67466296767816e-05,18619,
600,7.835527503630146e-05,18629,
600,,18630,6.697632488794625e-05
601,7.208080205600709e-05,18639,
601,9.238076017936692e-05,18649,
601,2.9903505492256954e-05,18659,
601,,18661,8.63262903294526e-05
602,5.519003752851859e-05,18669,
602,4.84740266983863e-05,18679,
602,5.845928535563871e-05,18689,
602,,18692,6.582451896974817e-05
603,5.2399882406461984e-05,18699,
603,7.84231597208418e-05,18709,
603,3.991650009993464e-05,18719,
603,,18723,7.459027256118134e-05
604,7.71710037952289e-05,18729,
604,7.082701631588861e-05,18739,
604,4.603930938174017e-05,18749,
604,,18754,5.953729851171374e-05
605,0.00013051893620286137,18759,
605,7.75805747252889e-05,18769,
605,4.9060676246881485e-05,18779,
605,,18785,6.707470311084762e-05
606,3.4836855775211006e-05,18789,
606,0.00015493448881898075,18799,
606,0.00011864984116982669,18809,
606,,18816,5.865482671651989e-05
607,9.48844535741955e-05,18819,
607,3.822494181804359e-05,18829,
607,3.659684080048464e-05,18839,
607,,18847,6.156903691589832e-05
608,7.507147529395297e-05,18849,
608,5.2129700634395704e-05,18859,
608,4.566122152027674e-05,18869,
608,,18878,6.412568473024294e-05
609,7.013168942648917e-05,18879,
609,4.2030089389299974e-05,18889,
609,3.4655375202419236e-05,18899,
609,0.00010387885413365439,18909,
609,,18909,5.739104017266072e-05
610,8.515140507370234e-05,18919,
610,8.309156692121178e-05,18929,
610,5.902553675696254e-05,18939,
610,,18940,7.985605043359101e-05
611,7.475129677914083e-05,18949,
611,8.091465861070901e-05,18959,
611,2.9201088182162493e-05,18969,
611,,18971,5.277479067444801e-05
612,4.135574272368103e-05,18979,
612,5.242148108663969e-05,18989,
612,6.955940625630319e-05,18999,
612,,19002,9.680817311163992e-05
613,6.134939758339897e-05,19009,
613,7.063068187562749e-05,19019,
613,3.537362863426097e-05,19029,
613,,19033,4.8640886234352365e-05
614,0.00010952894808724523,19039,
614,4.312294186092913e-05,19049,
614,3.60716694558505e-05,19059,
614,,19064,8.737804455449805e-05
615,0.00014694343553856015,19069,
615,7.206850568763912e-05,19079,
615,4.8902187700150535e-05,19089,
615,,19095,4.770956002175808e-05
616,4.561854439089075e-05,19099,
616,0.00016153852629940957,19109,
616,0.00011627197091002017,19119,
616,,19126,5.669050005963072e-05
617,4.111286762054078e-05,19129,
617,4.462163633434102e-05,19139,
617,4.0361923311138526e-05,19149,
617,,19157,4.850577897741459e-05
618,0.00014383102825377136,19159,
618,6.579222099389881e-05,19169,
618,5.2178209443809465e-05,19179,
618,,19188,4.495944449445233e-05
619,7.264569285325706e-05,19189,
619,5.7162123994203284e-05,19199,
619,4.3531457777135074e-05,19209,
619,0.00017339408805128187,19219,
619,,19219,4.7293568059103563e-05
620,8.72712698765099e-05,19229,
620,5.387060809880495e-05,19239,
620,4.563815309666097e-05,19249,
620,,19250,4.846117371926084e-05
621,0.00011124640877824277,19259,
621,9.765563299879432e-05,19269,
621,3.905453559127636e-05,19279,
621,,19281,4.603676643455401e-05
622,4.0653594624018297e-05,19289,
622,8.923828863771632e-05,19299,
622,6.420326099032536e-05,19309,
622,,19312,5.694054198102094e-05
623,6.292192847467959e-05,19319,
623,7.227819878607988e-05,19329,
623,4.880388587480411e-05,19339,
623,,19343,4.615968282450922e-05
624,0.00014545426529366523,19349,
624,3.1817831768421456e-05,19359,
624,4.520572838373482e-05,19369,
624,,19374,6.1034574173390865e-05
625,0.00014157964324112982,19379,
625,6.897596176713705e-05,19389,
625,4.803349656867795e-05,19399,
625,,19405,4.587691728374921e-05
626,5.250428876024671e-05,19409,
626,0.00015790066390763968,19419,
626,9.212332952301949e-05,19429,
626,,19436,5.723679714719765e-05
627,4.536038977676071e-05,19439,
627,4.802061084774323e-05,19449,
627,3.816200842265971e-05,19459,
627,,19467,4.361760875326581e-05
628,0.00011493426427477971,19469,
628,7.23393022781238e-05,19479,
628,3.765695873880759e-05,19489,
628,,19498,5.1673207053681836e-05
629,7.697939145145938e-05,19499,
629,5.062288619228639e-05,19509,
629,4.663427171180956e-05,19519,
629,0.00021427063620649278,19529,
629,,19529,4.3163065129192546e-05
630,6.344507710309699e-05,19539,
630,4.938224083161913e-05,19549,
630,5.002565012546256e-05,19559,
630,,19560,4.846642696065828e-05
631,0.00010956668847939,19569,
631,7.561338861705735e-05,19579,
631,2.821453381329775e-05,19589,
631,,19591,4.534673280431889e-05
632,5.431546742329374e-05,19599,
632,4.965608604834415e-05,19609,
632,6.32771771051921e-05,19619,
632,,19622,4.961942249792628e-05
633,5.075266017229296e-05,19629,
633,6.078683873056434e-05,19639,
633,4.029278352390975e-05,19649,
633,,19653,4.8742473154561594e-05
634,0.00010711514187278226,19659,
634,3.434862082940526e-05,19669,
634,3.538080636644736e-05,19679,
634,,19684,5.813466850668192e-05
635,0.00017036260396707803,19689,
635,5.295338269206695e-05,19699,
635,4.419617835083045e-05,19709,
635,,19715,4.9751950427889824e-05
636,3.896834823535755e-05,19719,
636,0.00011209437798243016,19729,
636,9.131240949500352e-05,19739,
636,,19746,7.351199019467458e-05
637,3.327218655613251e-05,19749,
637,5.213160329731181e-05,19759,
637,2.687995038286317e-05,19769,
637,,19777,4.367386645753868e-05
638,8.931305637815967e-05,19779,
638,4.969396104570478e-05,19789,
638,3.275281051173806e-05,19799,
638,,19808,8.937227539718151e-05
639,0.00010279614798491821,19809,
639,5.175573460292071e-05,19819,
639,4.456142050912604e-05,19829,
639,0.00015486621123272926,19839,
639,,19839,3.5768542147707194e-05
640,4.306286427890882e-05,19849,
640,6.020659566274844e-05,19859,
640,3.363940413692035e-05,19869,
640,,19870,0.00010328949429094791
641,0.00010838638263521716,19879,
641,7.851100963307545e-05,19889,
641,2.7538415451999754e-05,19899,
641,,19901,3.393422593944706e-05
642,3.6509361962089315e-05,19909,
642,3.329324317746796e-05,19919,
642,5.69857656955719e-05,19929,
642,,19932,0.00011325134983053431
643,7.97985412646085e-05,19939,
643,7.595320494147018e-05,19949,
643,3.4541582863312215e-05,19959,
643,,19963,4.553663166007027e-05
644,0.00010545698751229793,19969,
644,3.3902648283401504e-05,19979,
644,3.7315556255634874e-05,19989,
644,,19994,0.00010169442248297855
645,0.00018682990048546344,19999,
645,7.091234874678776e-05,20009,
645,4.33539753430523e-05,20019,
645,,20025,5.9560363297350705e-05
646,4.3152558646397665e-05,20029,
646,0.00011016905045835301,20039,
646,8.99434307939373e-05,20049,
646,,20056,4.771479143528268e-05
647,3.628074409789406e-05,20059,
647,4.4703414459945634e-05,20069,
647,2.844136361090932e-05,20079,
647,,20087,4.5480959670385346e-05
648,0.00010425404616398737,20089,
648,5.3290823416318744e-05,20099,
648,4.0069688111543655e-05,20109,
648,,20118,4.601047476171516e-05
649,8.818224159767851e-05,20119,
649,5.753068035119213e-05,20129,
649,4.811993130715564e-05,20139,
649,0.0001833035348681733,20149,
649,,20149,4.202195123070851e-05
650,5.0804155762307346e-05,20159,
650,6.438035779865459e-05,20169,
650,2.364382817177102e-05,20179,
650,,20180,5.0343875045655295e-05
651,0.0001060229551512748,20189,
651,6.85131672071293e-05,20199,
651,2.6758680178318173e-05,20209,
651,,20211,3.743583511095494e-05
652,3.979322355007753e-05,20219,
652,4.2687963286880404e-05,20229,
652,5.163177411304787e-05,20239,
652,,20242,4.028663897770457e-05
653,4.228589386912063e-05,20249,
653,7.476274186046794e-05,20259,
653,3.700159504660405e-05,20269,
653,,20273,3.7123965739738196e-05
654,9.58534874371253e-05,20279,
654,2.996335388161242e-05,20289,
654,2.573255005700048e-05,20299,
654,,20304,3.66841813956853e-05
655,0.00015022698789834976,20309,
655,4.7496512706857175e-05,20319,
655,3.6748035199707374e-05,20329,
655,,20335,3.9755075704306364e-05
656,2.660954669408966e-05,20339,
656,8.999309648061171e-05,20349,
656,7.912918226793408e-05,20359,
656,,20366,3.688790093292482e-05
657,4.2627681978046894e-05,20369,
657,4.300166619941592e-05,20379,
657,2.6047739083878696e-05,20389,
657,,20397,4.274871389498003e-05
658,8.26489194878377e-05,20399,
658,3.71667010767851e-05,20409,
658,2.681170190044213e-05,20419,
658,,20428,3.967218435718678e-05
659,6.42923841951415e-05,20429,
659,3.819838821073063e-05,20439,
659,3.7958969187457114e-05,20449,
659,0.0001252300717169419,20459,
659,,20459,4.627461385098286e-05
660,4.38665047113318e-05,20469,
660,7.385404023807496e-05,20479,
660,2.382027560088318e-05,20489,
660,,20490,4.480355710256845e-05
661,0.00010695163655327633,20499,
661,4.726731276605278e-05,20509,
661,2.2366335542756133e-05,20519,
661,,20521,4.8867710574995726e-05
662,3.685128103825264e-05,20529,
662,3.987421951023862e-05,20539,
662,5.223600965109654e-05,20549,
662,,20552,5.46428382222075e-05
663,3.376007953193039e-05,20559,
663,4.391552283777855e-05,20569,
663,3.145372465951368e-05,20579,
663,,20583,5.4093761718831956e-05
664,9.500116721028462e-05,20589,
664,3.526104046613909e-05,20599,
664,2.358216261200141e-05,20609,
664,,20614,6.844326708232984e-05
665,0.00018528959481045604,20619,
665,3.533233393682167e-05,20629,
665,2.7566844437387772e-05,20639,
665,,20645,5.1278610044391826e-05
666,3.125791408820078e-05,20649,
666,8.807457197690383e-05,20659,
666,8.84367836988531e-05,20669,
666,,20676,6.230700819287449e-05
667,7.78964240453206e-05,20679,
667,3.8060952647356316e-05,20689,
667,2.462754309817683e-05,20699,
667,,20707,4.522277231444605e-05
668,9.19388112379238e-05,20709,
668,3.000048855028581e-05,20719,
668,2.7554078769753687e-05,20729,
668,,20738,5.637926369672641e-05
669,5.957216490060091e-05,20739,
669,4.331388117861934e-05,20749,
669,2.6198589694104157e-05,20759,
669,0.00010263914009556174,20769,
669,,20769,3.806209861068055e-05
670,3.9986101910471916e-05,20779,
670,5.8600773627404124e-05,20789,
670,2.0623709133360535e-05,20799,
670,,20800,5.154233440407552e-05
671,6.626835238421336e-05,20809,
671,6.190774729475379e-05,20819,
671,2.487000347173307e-05,20829,
671,,20831,3.336187364766374e-05
672,3.519269739626907e-05,20839,
672,3.344156721141189e-05,20849,
672,4.621559492079541e-05,20859,
672,,20862,5.04750496475026e-05
673,3.41384147759527e-05,20869,
673,4.803853153134696e-05,20879,
673,2.8101621865062043e-05,20889,
673,,20893,3.5020388168049976e-05
674,7.999613444553688e-05,20899,
674,2.432498149573803e-05,20909,
674,2.4543975086999126e-05,20919,
674,,20924,5.128852717461996e-05
675,8.610622899141163e-05,20929,
675,4.468057886697352e-05,20939,
675,2.8068361643818207e-05,20949,
675,,20955,5.6014319852693006e-05
676,4.4837510358775035e-05,20959,
676,8.139679994201288e-05,20969,
676,6.138415483292192e-05,20979,
676,,20986,6.269930599955842e-05
677,3.187803304172121e-05,20989,
677,3.926224235328846e-05,20999,
677,3.4227257856400684e-05,21009,
677,,21017,0.00010156339703826234
678,0.00014960614498704672,21019,
678,4.90906932100188e-05,21029,
678,3.190168354194611e-05,21039,
678,,21048,7.673590880585834e-05
679,9.962134208763018e-05,21049,
679,6.441520963562652e-05,21059,
679,3.813580042333342e-05,21069,
679,0.0002222894545411691,21079,
679,,21079,9.73280257312581e-05
680,4.9983551434706897e-05,21089,
680,5.3883210057392716e-05,21099,
680,2.749129089352209e-05,21109,
680,,21110,6.474561814684421e-05
681,6.936499266885221e-05,21119,
681,6.739841046510264e-05,21129,
681,2.7640086045721546e-05,21139,
681,,21141,6.137950549600646e-05
682,4.6784098231000826e-05,21149,
682,3.626714533311315e-05,21159,
682,4.220293340040371e-05,21169,
682,,21172,4.1203667933586985e-05
683,3.0701379728270695e-05,21179,
683,7.97866377979517e-05,21189,
683,3.49905967595987e-05,21199,
683,,21203,4.9899816076504067e-05
684,9.626809332985431e-05,21209,
684,2.7983640393358655e-05,21219,
684,3.401461071916856e-05,21229,
684,,21234,3.074885898968205e-05
685,6.795726221753284e-05,21239,
685,3.471139643806964e-05,21249,
685,2.6245214030495845e-05,21259,
685,,21265,4.753865869133733e-05
686,2.6526964575168677e-05,21269,
686,6.74289622111246e-05,21279,
686,5.227144356467761e-05,21289,
686,,21296,2.9623599402839318e-05
687,2.5433788323425688e-05,21299,
687,3.6486708268057555e-05,21309,
687,2.626243258418981e-05,21319,
687,,21327,4.638802056433633e-05
688,6.473173561971635e-05,21329,
688,3.8249341741902754e-05,21339,
688,2.2230444301385432e-05,21349,
688,,21358,3.272090179962106e-05
689,4.344306216808036e-05,21359,
689,3.727853618329391e-05,21369,
689,4.696312316809781e-05,21379,
689,0.00013009966642130166,21389,
689,,21389,4.747259299620055e-05
690,2.559040513006039e-05,21399,
690,3.9787460991647094e-05,21409,
690,3.679566361824982e-05,21419,
690,,21420,3.980035398853943e-05
691,4.2388259316794574e-05,21429,
691,5.765334572060965e-05,21439,
691,2.351971488678828e-05,21449,
691,,21451,5.6216616940218955e-05
692,4.510333019425161e-05,21459,
692,3.231474329368211e-05,21469,
692,3.979256871389225e-05,21479,
692,,21482,4.707649350166321e-05
693,4.638334212359041e-05,21489,
693,6.860029679955915e-05,21499,
693,2.95624922728166e-05,21509,
693,,21513,6.677133205812424e-05
694,0.00011607505439314991,21519,
694,3.014451067429036e-05,21529,
694,4.1248225898016244e-05,21539,
694,,21544,4.839890243601985e-05
695,5.4793879826320335e-05,21549,
695,2.8766120522050187e-05,21559,
695,1.8209091649623588e-05,21569,
695,,21575,7.09311498212628e-05
696,2.3994716684683226e-05,21579,
696,6.80191587889567e-05,21589,
696,4.885799717158079e-05,21599,
696,,21606,4.673691000789404e-05
697,3.628060585469939e-05,21609,
697,3.136350278509781e-05,21619,
697,2.2475936930277385e-05,21629,
697,,21637,7.162000110838562e-05
698,0.00010205523722106591,21639,
698,4.350492235971615e-05,21649,
698,2.5311459467047825e-05,21659,
698,,21668,4.4032054574927315e-05
699,4.62124080513604e-05,21669,
699,3.585881495382637e-05,21679,
699,3.8308033253997564e-05,21689,
699,0.00016554024477954954,21699,
699,,21699,7.110444857971743e-05
700,3.557767558959313e-05,21709,
700,3.8754154957132414e-05,21719,
700,3.552518683136441e-05,21729,
700,,21730,4.382395127322525e-05
701,3.482460306258872e-05,21739,
701,5.402415990829468e-05,21749,
701,2.1779338567284867e-05,21759,
701,,21761,7.340631418628618e-05
702,6.255789048736915e-05,21769,
702,3.089745223405771e-05,21779,
702,3.5816326999338344e-05,21789,
702,,21792,4.830608668271452e-05
703,4.5786691771354526e-05,21799,
703,6.21345461695455e-05,21809,
703,2.2114594685263e-05,21819,
703,,21823,7.898635521996766e-05
704,0.00010156205826206133,21829,
704,3.1883031624602154e-05,21839,
704,4.539998190011829e-05,21849,
704,,21854,5.962815339444205e-05
705,8.838842040859163e-05,21859,
705,3.3983444154728204e-05,21869,
705,2.3552402126369998e-05,21879,
705,,21885,7.294891838682815e-05
706,4.979197183274664e-05,21889,
706,6.978442979743704e-05,21899,
706,4.1340877942275256e-05,21909,
706,,21916,8.102981519186869e-05
707,5.263423372525722e-05,21919,
707,3.3790365705499426e-05,21929,
707,2.1487698177224956e-05,21939,
707,,21947,4.7295990952989087e-05
708,9.546874207444489e-05,21949,
708,4.036631071357988e-05,21959,
708,2.941680941148661e-05,21969,
708,,21978,6.676972407149151e-05
709,6.252717139432207e-05,21979,
709,5.203560067457147e-05,21989,
709,4.852944039157592e-05,21999,
709,9.177435276797041e-05,22009,
709,,22009,5.276109368423931e-05
710,3.4877284633694217e-05,22019,
710,3.39249600074254e-05,22029,
710,3.398952685529366e-05,22039,
710,,22040,4.6346558519871905e-05
711,4.1002509533427656e-05,22049,
711,3.778522295760922e-05,22059,
711,2.1929201466264203e-05,22069,
711,,22071,6.165717059047893e-05
712,3.516247670631856e-05,22079,
712,2.5464078134973533e-05,22089,
712,2.855781167454552e-05,22099,
712,,22102,4.644384534913115e-05
713,3.0422237614402547e-05,22109,
713,5.3654333896702155e-05,22119,
713,2.2325813915813342e-05,22129,
713,,22133,5.6587898143334314e-05
714,6.440826109610498e-05,22139,
714,2.296312595717609e-05,22149,
714,3.527233639033511e-05,22159,
714,,22164,4.6467434003716335e-05
715,9.576167212799191e-05,22169,
715,3.4170501749031246e-05,22179,
715,2.365650470892433e-05,22189,
715,,22195,5.6296474213013425e-05
716,3.099901005043648e-05,22199,
716,5.092348510515876e-05,22209,
716,3.857165211229585e-05,22219,
716,,22226,4.239525515004061e-05
717,3.388839104445651e-05,22229,
717,2.021893669734709e-05,22239,
717,2.1490677681867965e-05,22249,
717,,22257,6.950236274860799e-05
718,7.304741302505136e-05,22259,
718,3.650492362794466e-05,22269,
718,1.9300296116853133e-05,22279,
718,,22288,4.06679100706242e-05
719,4.262520815245807e-05,22289,
719,4.365308996057138e-05,22299,
719,4.861611159867607e-05,22309,
719,0.00018059159629046917,22319,
719,,22319,9.921497257892042e-05
720,3.90924651583191e-05,22329,
720,3.7620273360516876e-05,22339,
720,3.682035821839236e-05,22349,
720,,22350,4.470330895856023e-05
721,4.8086851165862754e-05,22359,
721,5.0937225751113147e-05,22369,
721,2.5917781385942362e-05,22379,
721,,22381,0.00012939995212946087
722,5.790036448161118e-05,22389,
722,4.771452950080857e-05,22399,
722,4.404475839692168e-05,22409,
722,,22412,4.2004608985735103e-05
723,4.668018300435506e-05,22419,
723,6.558889435837045e-05,22429,
723,2.7459129341877997e-05,22439,
723,,22443,0.00012029222125420347
724,0.00014111663040239364,22449,
724,3.368762554600835e-05,22459,
724,4.343736145528965e-05,22469,
724,,22474,3.966980511904694e-05
725,5.3026982641313225e-05,22479,
725,2.8711039703921415e-05,22489,
725,1.8509737856220454e-05,22499,
725,,22505,8.50279611768201e-05
726,3.6765770346391946e-05,22509,
726,6.593567377422005e-05,22519,
726,4.07419829571154e-05,22529,
726,,22536,4.063130836584605e-05
727,4.1058839997276664e-05,22539,
727,2.887366463255603e-05,22549,
727,1.795543903426733e-05,22559,
727,,22567,6.704149564029649e-05
728,0.00012205878738313913,22569,
728,3.717305662576109e-05,22579,
728,2.7847701858263463e-05,22589,
728,,22598,4.7791851102374494e-05
729,4.47733691544272e-05,22599,
729,4.2118201236007735e-05,22609,
729,3.417628613533452e-05,22619,
729,0.0001364379859296605,22629,
729,,22629,6.265346746658906e-05
730,3.800085687544197e-05,22639,
730,3.8934747863095254e-05,22649,
730,4.1612249333411455e-05,22659,
730,,22660,5.701847476302646e-05
731,3.74711598851718e-05,22669,
731,4.472264481591992e-05,22679,
731,1.883780350908637e-05,22689,
731,,22691,6.263400427997112e-05
732,5.677547960658558e-05,22699,
732,2.786373624985572e-05,22709,
732,2.8622955142054707e-05,22719,
732,,22722,6.55612166156061e-05
733,3.250438021495938e-05,22729,
733,5.5396751122316346e-05,22739,
733,1.8772465409711003e-05,22749,
733,,22753,6.387720350176096e-05
734,9.897228301269934e-05,22759,
734,2.880772626667749e-05,22769,
734,4.3831536459038034e-05,22779,
734,,22784,6.961379403946921e-05
735,5.298086398397572e-05,22789,
735,3.256885247537866e-05,22799,
735,2.049696740868967e-05,22809,
735,,22815,6.843481969553977e-05
736,3.161612767144106e-05,22819,
736,7.506155816372484e-05,22829,
736,4.315504338592291e-05,22839,
736,,22846,7.484263187507167e-05
737,4.1443992813583463e-05,22849,
737,3.650349754025228e-05,22859,
737,2.2304979211185127e-05,22869,
737,,22877,9.589168621459976e-05
738,0.00015110254753381014,22879,
738,4.8603458708385006e-05,22889,
738,3.818841651082039e-05,22899,
738,,22908,7.290223584277555e-05
739,5.679717651219107e-05,22909,
739,6.0504553403006867e-05,22919,
739,5.040491669205949e-05,22929,
739,0.00029146732413209975,22939,
739,,22939,0.00012825582234654576
740,7.093352905940264e-05,22949,
740,5.097705434309319e-05,22959,
740,4.346515561337583e-05,22969,
740,,22970,7.051250577205792e-05
741,4.741601151181385e-05,22979,
741,3.988004755228758e-05,22989,
741,2.1934536562184803e-05,22999,
741,,23001,0.00010324354661861435
742,5.1098555559292436e-05,23009,
742,3.255345654906705e-05,23019,
742,3.04136974591529e-05,23029,
742,,23032,5.839468212798238e-05
743,3.410171848372556e-05,23039,
743,6.818702240707353e-05,23049,
743,2.5801129595492966e-05,23059,
743,,23063,8.501698903273791e-05
744,9.900206350721419e-05,23069,
744,3.08175731333904e-05,23079,
744,4.0472317778039724e-05,23089,
744,,23094,5.0939441280206665e-05
745,5.391438753576949e-05,23099,
745,3.267064312240109e-05,23109,
745,1.9944078303524293e-05,23119,
745,,23125,8.157662523444742e-05
746,3.5613466025097296e-05,23129,
746,5.627162317978218e-05,23139,
746,4.039378109155223e-05,23149,
746,,23156,4.870839984505437e-05
747,3.022012060682755e-05,23159,
747,2.9210568754933774e-05,23169,
747,1.9982044250355102e-05,23179,
747,,23187,9.315503120888025e-05
748,0.00010300360736437142,23189,
748,5.2182524086674675e-05,23199,
748,2.6709440135164186e-05,23209,
748,,23218,5.410631274571642e-05
749,4.541005546343513e-05,23219,
749,4.5505465095629916e-05,23229,
749,4.702905425801873e-05,23239,
749,9.982836490962654e-05,23249,
749,,23249,0.0001101425223168917
750,3.449962969170883e-05,23259,
750,3.95783172280062e-05,23269,
750,3.744196510524489e-05,23279,
750,,23280,5.934838918619789e-05
751,2.8126996767241508e-05,23289,
751,4.779619484907016e-05,23299,
751,1.9839510059682652e-05,23309,
751,,23311,0.000123059464385733
752,5.49528376723174e-05,23319,
752,4.75002707389649e-05,23329,
752,4.5064996811561286e-05,23339,
752,,23342,6.289984594332054e-05
753,4.447515675565228e-05,23349,
753,8.002547838259488e-05,23359,
753,3.652111627161503e-05,23369,
753,,23373,0.00012428038462530822
754,0.00013875195872969925,23379,
754,3.397011823835783e-05,23389,
754,4.6875338739482686e-05,23399,
754,,23404,6.660180952167138e-05
755,8.507275197189301e-05,23409,
755,3.271398236392997e-05,23419,
755,1.948103090398945e-05,23429,
755,,23435,0.0001159662424470298
756,4.7184123104671016e-05,23439,
756,7.29019011487253e-05,23449,
756,6.069802839192562e-05,23459,
756,,23466,7.195062062237412e-05
757,5.771634096163325e-05,23469,
757,3.639697752078064e-05,23479,
757,4.054692908539437e-05,23489,
757,,23497,0.00010581040260149166
758,0.0001398070016875863,23499,
758,5.855338531546295e-05,23509,
758,4.56956222478766e-05,23519,
758,,23528,8.210036321543157e-05
759,0.00011812507000286132,23529,
759,5.0327827921137214e-05,23539,
759,5.626579513773322e-05,23549,
759,0.00014842778909951448,23559,
759,,23559,9.712753671919927e-05
760,3.680538065964356e-05,23569,
760,4.434452421264723e-05,23579,
760,3.5364661016501486e-05,23589,
760,,23590,9.182044595945626e-05
761,4.3928219383815303e-05,23599,
761,0.00021568436932284385,23609,
761,6.187597318785265e-05,23619,
761,,23621,7.879501936258748e-05
762,8.598373096901923e-05,23629,
762,6.672594463452697e-05,23639,
762,3.458452192717232e-05,23649,
762,,23652,9.4254755822476e-05
763,5.564813909586519e-05,23659,
763,0.00019559089560061693,23669,
763,7.772490062052384e-05,23679,
763,,23683,0.00010752051457529888
764,7.60172915761359e-05,23689,
764,7.70927726989612e-05,23699,
764,3.898243812727742e-05,23709,
764,,23714,8.73669414431788e-05
765,9.076271089725196e-05,23719,
765,8.066659938776866e-05,23729,
765,3.353990177856758e-05,23739,
765,,23745,9.666413097875193e-05
766,3.6263198126107454e-05,23749,
766,0.00013439336908049881,23759,
766,5.158841668162495e-05,23769,
766,,23776,8.406084816670045e-05
767,9.287812281399965e-05,23779,
767,4.493661617743783e-05,23789,
767,4.7516950871795416e-05,23799,
767,,23807,9.623709775041789e-05
768,8.85923218447715e-05,23809,
768,6.327412120299414e-05,23819,
768,4.1673119994811714e-05,23829,
768,,23838,6.308675074251369e-05
769,5.529807094717398e-05,23839,
769,4.807950972463004e-05,23849,
769,6.200448842719197e-05,23859,
769,3.890803418471478e-05,23869,
769,,23869,9.0715431724675e-05
770,5.455778955365531e-05,23879,
770,5.446632712846622e-05,23889,
770,4.00786375394091e-05,23899,
770,,23900,4.975761112291366e-05
771,3.144339279970154e-05,23909,
771,7.486897811759263e-05,23919,
771,4.6284039854072034e-05,23929,
771,,23931,8.260358299594373e-05
772,2.773344203887973e-05,23939,
772,6.951990508241579e-05,23949,
772,4.2388084693811834e-05,23959,
772,,23962,4.791362152900547e-05
773,2.703880272747483e-05,23969,
773,8.111900388030335e-05,23979,
773,3.365662996657193e-05,23989,
773,,23993,7.414833817165345e-05
774,8.22096990304999e-05,23999,
774,3.236498378100805e-05,24009,
774,5.519423939404078e-05,24019,
774,,24024,5.170665463083424e-05
775,5.360055365599692e-05,24029,
775,7.586822175653651e-05,24039,
775,4.6200730139389634e-05,24049,
775,,24055,6.811670027673244e-05
776,3.28585047100205e-05,24059,
776,0.00012675908510573208,24069,
776,4.714745591627434e-05,24079,
776,,24086,5.880911703570746e-05
777,9.508705988992006e-05,24089,
777,2.4136008505593054e-05,24099,
777,5.6939788919407874e-05,24109,
777,,24117,6.983312778174877e-05
778,7.708647899562493e-05,24119,
778,8.417002391070127e-05,24129,
778,5.5514236009912565e-05,24139,
778,,24148,6.945020868442953e-05
779,5.930523548158817e-05,24149,
779,5.483952190843411e-05,24159,
779,8.949599578045309e-05,24169,
779,3.575971277314238e-05,24179,
779,,24179,7.84861549618654e-05
780,7.545330299763009e-05,24189,
780,4.8274585424223915e-05,24199,
780,0.00011551089846761897,24209,
780,,24210,7.113596802810207e-05
781,4.940311919199303e-05,24219,
781,0.00017619853315409273,24229,
781,9.968920494429767e-05,24239,
781,,24241,6.59929501125589e-05
782,0.00011578211706364527,24249,
782,0.00010007661330746487,24259,
782,5.684070856659673e-05,24269,
782,,24272,5.609959771391004e-05
783,8.727757085580379e-05,24279,
783,0.00011108870239695534,24289,
783,0.0001541077217552811,24299,
783,,24303,0.00011763348447857425
784,9.366424637846649e-05,24309,
784,0.0001892100990517065,24319,
784,4.211470513837412e-05,24329,
784,,24334,8.49033531267196e-05
785,0.00027285973192192614,24339,
785,5.4403873946284875e-05,24349,
785,3.888751598424278e-05,24359,
785,,24365,0.00013838404265698045
786,7.108513818820938e-05,24369,
786,0.00014989555347710848,24379,
786,5.052607230027206e-05,24389,
786,,24396,5.468990275403485e-05
