epoch,loss,skeleton,smooth,step,val_loss
0,0.33249157667160034,0.08137321472167969,1.689455530140549e-05,9,
0,0.27224019169807434,0.033703457564115524,1.7312830095761456e-05,19,
0,0.1940804421901703,0.032972801476716995,1.7560394553584047e-05,29,
0,,,,30,0.18391180038452148
1,0.1299975961446762,0.014664660207927227,1.780856109689921e-05,39,
1,0.07031405717134476,0.007548634894192219,1.743334905768279e-05,49,
1,0.04799719527363777,0.00610046973451972,1.5546731447102502e-05,59,
1,,,,61,0.04674801602959633
2,0.046757981181144714,0.004699173383414745,1.3811303688271437e-05,69,
2,0.04365358501672745,0.004020766820758581,1.2921779671160039e-05,79,
2,0.04457501322031021,0.0034535143058747053,1.187826637760736e-05,89,
2,,,,92,0.04331417754292488
3,0.04239589720964432,0.0032652877271175385,1.1263813576078974e-05,99,
3,0.04287358373403549,0.0029804257210344076,1.0795334674185142e-05,109,
3,0.04522610828280449,0.002671336056664586,9.881538062472828e-06,119,
3,,,,123,0.042589202523231506
4,0.04275152459740639,0.0025523388758301735,9.545025932311546e-06,129,
4,0.043892309069633484,0.0023277204018086195,8.898219675756991e-06,139,
4,0.04267159476876259,0.0020636057015508413,8.482412340526935e-06,149,
4,,,,154,0.042073797434568405
5,0.04274895787239075,0.0019873925484716892,8.195842383429408e-06,159,
5,0.03979095071554184,0.0020189587958157063,8.318826075992547e-06,169,
5,0.043239716440439224,0.0018183131469413638,7.922732038423419e-06,179,
5,,,,185,0.04168497025966644
6,0.043273553252220154,0.001682558679021895,7.47608737583505e-06,189,
6,0.04240633547306061,0.0015203215880319476,7.124566764105111e-06,199,
6,0.041561681777238846,0.0014692535623908043,7.090335202519782e-06,209,
6,,,,216,0.041349951177835464
7,0.042138464748859406,0.0013700005365535617,6.837513410573592e-06,219,
7,0.038656920194625854,0.0013163905823603272,6.786946414649719e-06,229,
7,0.042294811457395554,0.0012327476870268583,6.9061038630024996e-06,239,
7,,,,247,0.0410410612821579
8,0.03988255187869072,0.0011200689477846026,6.437640422518598e-06,249,
8,0.04023578763008118,0.0011258156737312675,6.605731869058218e-06,259,
8,0.0389353446662426,0.0010326914489269257,6.536716227856232e-06,269,
8,,,,278,0.04070460796356201
9,0.04147525876760483,0.0009703587857075036,6.49028970656218e-06,279,
9,0.038678623735904694,0.0009265799890272319,6.47026263322914e-06,289,
9,0.04127795621752739,0.0008346859249286354,6.4979544731613714e-06,299,
9,0.018541306257247925,0.0006400711718015373,4.787729679378572e-08,309,
9,,,,309,0.04015432298183441
10,0.04014443978667259,0.000848318450152874,7.017718417046126e-06,319,
10,0.03997848927974701,0.0008285901858471334,7.249326245073462e-06,329,
10,0.036767177283763885,0.0007296110852621496,7.398508387268521e-06,339,
10,,,,340,0.039725277572870255
11,0.039296705275774,0.0007549762376584113,8.007156793610193e-06,349,
11,0.038495346903800964,0.0006379518308676779,8.140744284901302e-06,359,
11,0.03641040623188019,0.0005867803702130914,8.749428161536343e-06,369,
11,,,,371,0.03845643624663353
12,0.037408363074064255,0.0005491591873578727,9.114930435316637e-06,379,
12,0.03512518107891083,0.0005078242975287139,9.471170415054075e-06,389,
12,0.03595579043030739,0.0004646273737307638,1.0028486940427683e-05,399,
12,,,,402,0.03681078925728798
13,0.03550301492214203,0.0005982347065582871,1.051056733558653e-05,409,
13,0.034498754888772964,0.0005167106864973903,1.1129042832180858e-05,419,
13,0.036374568939208984,0.00044923272798769176,1.1138240552099887e-05,429,
13,,,,433,0.03448111563920975
14,0.03298574686050415,0.0005029263556934893,1.2167901331849862e-05,439,
14,0.03367782384157181,0.0004746527411043644,1.2091286407667212e-05,449,
14,0.03303168714046478,0.0004949173307977617,1.308098217123188e-05,459,
14,,,,464,0.03237581625580788
15,0.03185408189892769,0.0005857972428202629,1.3687470527656842e-05,469,
15,0.028800932690501213,0.0005553754162974656,1.527601489215158e-05,479,
15,0.029802875593304634,0.0005565633182413876,1.6191186659852974e-05,489,
15,,,,495,0.031170494854450226
16,0.028376678004860878,0.0005584981990978122,1.6859859897522256e-05,499,
16,0.026748672127723694,0.0004877235915046185,1.6833691915962845e-05,509,
16,0.025181354954838753,0.0005119866109453142,1.801321195671335e-05,519,
16,,,,526,0.02720990590751171
17,0.03209247812628746,0.0005398220964707434,1.789246016414836e-05,529,
17,0.02530079334974289,0.0006517264409922063,1.8227348846266977e-05,539,
17,0.02476460300385952,0.0005115258973091841,1.997234176087659e-05,549,
17,,,,557,0.0245499387383461
18,0.025041870772838593,0.00046890738303773105,1.8747885405900888e-05,559,
18,0.023893915116786957,0.00045022187987342477,1.9360153601155616e-05,569,
18,0.020898932591080666,0.0004286326584406197,1.9684141079778783e-05,579,
18,,,,588,0.02256305329501629
19,0.022739306092262268,0.00041084643453359604,1.9765649994951673e-05,589,
19,0.0209303367882967,0.0003904932818841189,1.9016013538930565e-05,599,
19,0.020268132910132408,0.0003751025360543281,1.9230232283007354e-05,609,
19,0.010217427276074886,0.0002591830852907151,1.6469236641114549e-07,619,
19,,,,619,0.02124517410993576
20,0.020261745899915695,0.0003627102414611727,2.0396879335748963e-05,629,
20,0.020567048341035843,0.0003571313282009214,2.024912646447774e-05,639,
20,0.018954606726765633,0.00034710715408436954,1.9675626390380785e-05,649,
20,,,,650,0.020787181332707405
21,0.02069200575351715,0.0003636390611063689,2.062747626041528e-05,659,
21,0.019647300243377686,0.0003473406541161239,1.9324608729220927e-05,669,
21,0.018706057220697403,0.00034632760798558593,2.0158720872132108e-05,679,
21,,,,681,0.019661065191030502
22,0.020550493150949478,0.0003185560926795006,1.968146716535557e-05,689,
22,0.01886322721838951,0.00031997039332054555,1.980635897780303e-05,699,
22,0.01860247738659382,0.0003006609040312469,1.9751190848182887e-05,709,
22,,,,712,0.01949296146631241
23,0.01845136471092701,0.00032509947777725756,2.0072309780516662e-05,719,
23,0.017859572544693947,0.000307365640765056,1.979289299924858e-05,729,
23,0.01877802051603794,0.00029169279150664806,1.8648943296284415e-05,739,
23,,,,743,0.01864740438759327
24,0.017460942268371582,0.0002839024818968028,1.97194949578261e-05,749,
24,0.01759723573923111,0.0002823223767336458,1.8299238945473917e-05,759,
24,0.017350468784570694,0.00025517583708278835,1.830438668548595e-05,769,
24,,,,774,0.018438095226883888
25,0.01864950731396675,0.00028838517027907073,1.771829010976944e-05,779,
25,0.017785001546144485,0.000289192859781906,1.9397853975533508e-05,789,
25,0.018036477267742157,0.0002708320098463446,1.8632641513249837e-05,799,
25,,,,805,0.017918413504958153
26,0.017579147592186928,0.0002643628104124218,1.8416067177895457e-05,809,
26,0.01727835275232792,0.00023609957133885473,1.76462453964632e-05,819,
26,0.016142111271619797,0.00024437790852971375,1.8168857423006557e-05,829,
26,,,,836,0.017834089696407318
27,0.017259906977415085,0.00022910900588613003,1.796047763491515e-05,839,
27,0.017321981489658356,0.00021919405844528228,1.7729049432091415e-05,849,
27,0.01729656383395195,0.0002321535284863785,1.8580491087050177e-05,859,
27,,,,867,0.017395932227373123
28,0.017042923718690872,0.00022409451776184142,1.7317503079539165e-05,869,
28,0.01754157431423664,0.00024104649492073804,1.7205753465532325e-05,879,
28,0.01610722951591015,0.0002236310683656484,1.7184329408337362e-05,889,
28,,,,898,0.017360489815473557
29,0.017581239342689514,0.0002292235440108925,1.728857751004398e-05,899,
29,0.01721229963004589,0.00022495175653602928,1.6079135093605146e-05,909,
29,0.01663566380739212,0.0002200983726652339,1.6347177734132856e-05,919,
29,0.009203854948282242,0.000163407574291341,1.3547131061386608e-07,929,
29,,,,929,0.017063770443201065
30,0.01640324294567108,0.00019911616982426494,1.6839185263961554e-05,939,
30,0.01677592657506466,0.00019930563576053828,1.664654519117903e-05,949,
30,0.015507026575505733,0.0001882990327430889,1.5870746210566722e-05,959,
30,,,,960,0.01699114218354225
31,0.016467440873384476,0.00021131872199475765,1.6744923414080404e-05,969,
31,0.01603829301893711,0.0002009996969718486,1.5694873582106084e-05,979,
31,0.01567702926695347,0.00020083489653188735,1.5914223695290275e-05,989,
31,,,,991,0.016776971518993378
32,0.017635731026530266,0.0001943925308296457,1.5678513591410592e-05,999,
32,0.016401007771492004,0.00021052126248832792,1.5662797522963956e-05,1009,
32,0.015786677598953247,0.00017834326718002558,1.5405143130919896e-05,1019,
32,,,,1022,0.01644054614007473
33,0.016069157049059868,0.00020798142941202968,1.5600493497913703e-05,1029,
33,0.01554013043642044,0.00019684531434904784,1.530914414615836e-05,1039,
33,0.015439518727362156,0.0001797559962142259,1.4571814062946942e-05,1049,
33,,,,1053,0.016041399911046028
34,0.01549136359244585,0.00017408911662641913,1.5220831301121507e-05,1059,
34,0.01498930063098669,0.00017592997755855322,1.4089572687225882e-05,1069,
34,0.014743885956704617,0.00016576795314904302,1.4211245797923766e-05,1079,
34,,,,1084,0.015784403309226036
35,0.01589827425777912,0.00018430512864142656,1.3750635844189674e-05,1089,
35,0.015744270756840706,0.0001997916551772505,1.4992936485214159e-05,1099,
35,0.01575980894267559,0.0001762545871315524,1.4384298992808908e-05,1109,
35,,,,1115,0.015631597489118576
36,0.01563309133052826,0.0001756596757331863,1.4251500942918938e-05,1119,
36,0.015484755858778954,0.00016854656860232353,1.3607962500827853e-05,1129,
36,0.014054611325263977,0.00015822295972611755,1.3933506124885753e-05,1139,
36,,,,1146,0.015496354550123215
37,0.01509124506264925,0.00014867409481666982,1.3929069609730504e-05,1149,
37,0.015351759269833565,0.0001465100795030594,1.3771094018011354e-05,1159,
37,0.015125267207622528,0.00015623307263012975,1.4020954949955922e-05,1169,
37,,,,1177,0.015360175631940365
38,0.015548456460237503,0.00015507826174143702,1.3552787095250096e-05,1179,
38,0.015254225581884384,0.00016356473497580737,1.3413710803433787e-05,1189,
38,0.014581809751689434,0.00015197444008663297,1.3147263416612986e-05,1199,
38,,,,1208,0.0152332978323102
39,0.01536532025784254,0.00015777388762217015,1.3464588846545666e-05,1209,
39,0.01570752263069153,0.00016041003982536495,1.2583246643771417e-05,1219,
39,0.014997893944382668,0.00014671294775325805,1.2879352652817033e-05,1229,
39,0.008065454661846161,0.00012375983351375908,1.0336854217030123e-07,1239,
39,,,,1239,0.015118438750505447
40,0.014781025238335133,0.00014226583880372345,1.3088636478642002e-05,1249,
40,0.015026283450424671,0.00013896198652219027,1.3239626241556834e-05,1259,
40,0.013830776326358318,0.00013168150326237082,1.2306331882427912e-05,1269,
40,,,,1270,0.015013668686151505
41,0.014394103549420834,0.00015094145783223212,1.3117683010932524e-05,1279,
41,0.014503270387649536,0.00013790393131785095,1.2531510947155766e-05,1289,
41,0.014165273867547512,0.0001416434970451519,1.251954472536454e-05,1299,
41,,,,1301,0.014917376451194286
42,0.01604566164314747,0.00015128907398320735,1.2449206224118825e-05,1309,
42,0.014722618274390697,0.00014024617848917842,1.2384826732159127e-05,1319,
42,0.014157971367239952,0.00012759679520968348,1.2261060874152463e-05,1329,
42,,,,1332,0.014828243292868137
43,0.014936921186745167,0.00015889934729784727,1.2468959539546631e-05,1339,
43,0.014468012377619743,0.00014512984489556402,1.2062746463925578e-05,1349,
43,0.014194791205227375,0.00013245925947558135,1.1674133020278532e-05,1359,
43,,,,1363,0.014744138345122337
44,0.013766540214419365,0.00012908605276606977,1.2301748029130977e-05,1369,
44,0.013620926067233086,0.00013258616672828794,1.1270386494288687e-05,1379,
44,0.013338894583284855,0.0001237618998857215,1.1529257790243719e-05,1389,
44,,,,1394,0.014661312103271484
45,0.014396379701793194,0.0001410588010912761,1.1131750397908036e-05,1399,
45,0.014081528410315514,0.00013988782302476466,1.2157590390415862e-05,1409,
45,0.014379539526998997,0.00013264978770166636,1.1750847079383675e-05,1419,
45,,,,1425,0.014573122374713421
46,0.014495083130896091,0.00014064258721191436,1.1467794138297904e-05,1429,
46,0.014240399934351444,0.00012999871978536248,1.1138136869703885e-05,1439,
46,0.012790242210030556,0.00012114145647501573,1.1392940905352589e-05,1449,
46,,,,1456,0.014468256384134293
47,0.013543594628572464,0.00011790655844379216,1.1293851457594428e-05,1459,
47,0.014453905634582043,0.00012151031842222437,1.1399494724173564e-05,1469,
47,0.013994931243360043,0.00012495693226810545,1.1340807759552263e-05,1479,
47,,,,1487,0.014330058358609676
48,0.013980372808873653,0.00011938792886212468,1.1178861313965172e-05,1489,
48,0.013627286069095135,0.00012438527483027428,1.1211561286472715e-05,1499,
48,0.013520099222660065,0.0001185647925012745,1.0695091077650432e-05,1509,
48,,,,1518,0.014143386855721474
49,0.014247018843889236,0.00013053732982371002,1.120366323448252e-05,1519,
49,0.014052568934857845,0.00012177575990790501,1.0523986929911189e-05,1529,
49,0.0137717230245471,0.00011260023893555626,1.0565547199803405e-05,1539,
49,0.006773064844310284,0.00010917439794866368,8.86018298729141e-08,1549,
49,,,,1549,0.013919953256845474
50,0.013826833106577396,0.0001256948453374207,1.074022293323651e-05,1559,
50,0.013759533874690533,0.00011752792488550767,1.094912840926554e-05,1569,
50,0.012728960253298283,0.00011151801300002262,1.0333200407330878e-05,1579,
50,,,,1580,0.0137185575440526
51,0.013328280299901962,0.00012774804781656712,1.0751840818556957e-05,1589,
51,0.013376673683524132,0.00011774800077546388,1.0544223187025636e-05,1599,
51,0.013098514638841152,0.0001246796891791746,1.0481166100362316e-05,1609,
51,,,,1611,0.013586184941232204
52,0.014159793965518475,0.00011952436034334823,1.034302476909943e-05,1619,
52,0.013369988650083542,0.00011684546916512772,1.057569170370698e-05,1629,
52,0.01297048944979906,0.00011363482190063223,1.018322836898733e-05,1639,
52,,,,1642,0.013512207195162773
53,0.014042210765182972,0.000147931175888516,1.0451261914568022e-05,1649,
53,0.01318336557596922,0.00012232715380378067,1.0329124961572234e-05,1659,
53,0.013205030001699924,0.00011427472782088444,9.649880666984245e-06,1669,
53,,,,1673,0.013481004163622856
54,0.012708324007689953,0.0001249873748747632,1.0442839084134903e-05,1679,
54,0.012698983773589134,0.00012247897393535823,9.549899914418347e-06,1689,
54,0.012243660166859627,0.00011179182183695957,9.60884881351376e-06,1699,
54,,,,1704,0.013468127697706223
55,0.012830364517867565,0.00012242724187672138,9.412161489308346e-06,1709,
55,0.012869143858551979,0.0001278495037695393,1.0143857252842281e-05,1719,
55,0.013109758496284485,0.0001240551209775731,9.850414244283456e-06,1729,
55,,,,1735,0.013449514284729958
56,0.013317575678229332,0.00013250821211840957,9.532668627798557e-06,1739,
56,0.013010234571993351,0.00011139160778839141,9.22577328310581e-06,1749,
56,0.011928965337574482,0.00011805586109403521,9.741630492499098e-06,1759,
56,,,,1766,0.01341330073773861
57,0.012517765164375305,0.00011442273535067216,9.448423952562734e-06,1769,
57,0.012989445589482784,0.00011747708776965737,9.567765118845273e-06,1779,
57,0.012685107067227364,0.00012120718747610226,9.811002200876828e-06,1789,
57,,,,1797,0.013344512321054935
58,0.01283924002200365,0.0001160548345069401,9.544942258798983e-06,1799,
58,0.012850443832576275,0.00013683717406820506,9.616428542358335e-06,1809,
58,0.012387054041028023,0.00011727034871000797,9.333391062682495e-06,1819,
58,,,,1828,0.013191832229495049
59,0.013227971270680428,0.00012854087981395423,9.668675374996383e-06,1829,
59,0.013019795529544353,0.00012668930867221206,9.217533261107747e-06,1839,
59,0.012661936692893505,0.00012010786304017529,9.17168927117018e-06,1849,
59,0.006345613859593868,0.00011303526116535068,7.924310807538859e-08,1859,
59,,,,1859,0.012866453267633915
60,0.012322350405156612,0.00012163240899099037,9.325218343292363e-06,1869,
60,0.012710423208773136,0.0001308729115407914,9.410795428266283e-06,1879,
60,0.011777249164879322,0.00011756370076909661,9.035899893206079e-06,1889,
60,,,,1890,0.012603271752595901
61,0.012355901300907135,0.00013568838767241687,9.183580914395861e-06,1899,
61,0.01215275190770626,0.00012725753185804933,9.063033758138772e-06,1909,
61,0.011944767087697983,0.00013539196515921503,9.190151104121469e-06,1919,
61,,,,1921,0.012846613302826881
62,0.01316892821341753,0.0001335773413302377,8.682822226546705e-06,1929,
62,0.012120098806917667,0.00012864639575127512,8.964375410869252e-06,1939,
62,0.01184801198542118,0.00013267765461932868,8.891530342225451e-06,1949,
62,,,,1952,0.012782825157046318
63,0.012480468489229679,0.0001511230511823669,9.024938663060311e-06,1959,
63,0.012030379846692085,0.00014422972162719816,8.77231104823295e-06,1969,
63,0.012111508287489414,0.00013197700900491327,8.31884790386539e-06,1979,
63,,,,1983,0.012562068179249763
64,0.01195208728313446,0.00015180611808318645,9.317848707723897e-06,1989,
64,0.011504917405545712,0.00014199841825757176,8.388536116399337e-06,1999,
64,0.011203467845916748,0.00013371050590649247,8.305199116875883e-06,2009,
64,,,,2014,0.01264582946896553
65,0.011096253991127014,0.00014244862541090697,8.499510840920266e-06,2019,
65,0.012081685476005077,0.0001493731833761558,9.211612450599205e-06,2029,
65,0.011475048027932644,0.000146058140671812,8.637714017822873e-06,2039,
65,,,,2045,0.012640701606869698
66,0.011952606029808521,0.00016010877152439207,8.390246875933371e-06,2049,
66,0.011422167532145977,0.00013769020733889192,8.300068657263182e-06,2059,
66,0.010642719455063343,0.0001493611343903467,8.727576641831547e-06,2069,
66,,,,2076,0.012502224184572697
67,0.011378636583685875,0.0001519711222499609,8.251316103269346e-06,2079,
67,0.011417703703045845,0.00014321306662168354,8.317572792293504e-06,2089,
67,0.011208632960915565,0.0001586451689945534,8.742145837459248e-06,2099,
67,,,,2107,0.012351919896900654
68,0.011291653849184513,0.00014295813161879778,8.472168701700866e-06,2109,
68,0.011568702757358551,0.00015432537475135177,8.17901764094131e-06,2119,
68,0.010808290913701057,0.00014674592239316553,8.300157787743956e-06,2129,
68,,,,2138,0.012080333195626736
69,0.012028069235384464,0.0001577993098180741,8.56963379192166e-06,2139,
69,0.011069941334426403,0.00014572573127225041,8.143161721818615e-06,2149,
69,0.010923522524535656,0.00013965595280751586,8.159562639775686e-06,2159,
69,0.005564301740378141,0.00013446927187032998,7.040235772137748e-08,2169,
69,,,,2169,0.011334482580423355
70,0.010622978210449219,0.00014945799193810672,8.324331247422379e-06,2179,
70,0.010498172603547573,0.00015231224824674428,8.260404683824163e-06,2189,
70,0.009888563305139542,0.00013792903337161988,7.89713976701023e-06,2199,
70,,,,2200,0.011404233984649181
71,0.010164439678192139,0.0001542991813039407,8.402344064961653e-06,2209,
71,0.010454796254634857,0.00014537794049829245,8.062128472374752e-06,2219,
71,0.010364921763539314,0.00015392158820759505,7.950693543534726e-06,2229,
71,,,,2231,0.010381686501204967
72,0.011049792170524597,0.0001497750636190176,7.74347881815629e-06,2239,
72,0.010334608145058155,0.00014625958283431828,7.8851198850316e-06,2249,
72,0.009714710526168346,0.00014295114669948816,7.822465704521164e-06,2259,
72,,,,2262,0.0102362846955657
73,0.010026316158473492,0.0001604879944352433,7.933871529530734e-06,2269,
73,0.00976000726222992,0.00015009618073236197,7.794601515342947e-06,2279,
73,0.009776880033314228,0.00014003776595927775,7.482631190214306e-06,2289,
73,,,,2293,0.00996148306876421
74,0.009810702875256538,0.00014936353545635939,8.150371286319569e-06,2299,
74,0.010181602090597153,0.00015102299221325666,7.502336302422918e-06,2309,
74,0.00879701878875494,0.00013856512669008225,7.441158231813461e-06,2319,
74,,,,2324,0.010133649222552776
75,0.009130815975368023,0.00014216643467079848,7.305447525141062e-06,2329,
75,0.009626943618059158,0.00015054456889629364,7.839325007807929e-06,2339,
75,0.009079817682504654,0.0001482994412072003,7.544376330770319e-06,2349,
75,,,,2355,0.00926321279257536
76,0.008942547254264355,0.00014269315579440445,7.469619504263392e-06,2359,
76,0.009097820147871971,0.00013832956028636545,7.209680916275829e-06,2369,
76,0.008258037269115448,0.00013918134209234267,7.475079200958135e-06,2379,
76,,,,2386,0.00936276838183403
77,0.0089646577835083,0.00014035511412657797,7.318077223317232e-06,2389,
77,0.008758711628615856,0.00014344775991048664,7.411662409140263e-06,2399,
77,0.009073899127542973,0.00014746215310879052,7.5616667345457245e-06,2409,
77,,,,2417,0.008792941458523273
78,0.008761336095631123,0.00013491114077623934,7.234880285977852e-06,2419,
78,0.008896125480532646,0.0001413901336491108,7.239116257551359e-06,2429,
78,0.00846534501761198,0.00014424357505049556,7.307981377380202e-06,2439,
78,,,,2448,0.008708572015166283
79,0.008538645692169666,0.00013898614270146936,7.260886832227698e-06,2449,
79,0.008738118223845959,0.0001429532130714506,7.078969247231726e-06,2459,
79,0.009128686971962452,0.00014169694622978568,7.2834131970012095e-06,2469,
79,0.0041123428381979465,0.00012724974658340216,6.273781849586157e-08,2479,
79,,,,2479,0.008441174402832985
80,0.008551983162760735,0.00014643384201917797,7.076240308379056e-06,2489,
80,0.008271291851997375,0.00014804706734139472,6.997363925620448e-06,2499,
80,0.008848955854773521,0.00013812775432597846,7.144350547605427e-06,2509,
80,,,,2510,0.008650125935673714
81,0.008358420804142952,0.00014074606588110328,7.094695774867432e-06,2519,
81,0.00839725136756897,0.0001420659973518923,6.841627055109711e-06,2529,
81,0.008112669922411442,0.00014510066830553114,6.909996955073439e-06,2539,
81,,,,2541,0.00821781624108553
82,0.009284787811338902,0.00013696309179067612,6.988674158492358e-06,2549,
82,0.008130693808197975,0.00013252906501293182,6.971728453208925e-06,2559,
82,0.007840238511562347,0.0001332675601588562,6.754483820259338e-06,2569,
82,,,,2572,0.008016979321837425
83,0.008358808234333992,0.00014849650324322283,6.796299203415401e-06,2579,
83,0.007822124287486076,0.0001390685938531533,6.907683200552128e-06,2589,
83,0.008172852918505669,0.00013280280109029263,6.4994201238732785e-06,2599,
83,,,,2603,0.008684122003614902
84,0.0077308425679802895,0.0001341758033959195,6.928017683094367e-06,2609,
84,0.010936287231743336,0.00015265213733073324,6.143346581666265e-06,2619,
84,0.007886769250035286,0.0001235635281773284,6.480081538029481e-06,2629,
84,,,,2634,0.009274578653275967
85,0.007747866678982973,0.00012787025480065495,6.567014224856393e-06,2639,
85,0.008073735050857067,0.00013539781502913684,7.056004506011959e-06,2649,
85,0.007522761356085539,0.0001344788761343807,6.756169568689074e-06,2659,
85,,,,2665,0.007712821010500193
86,0.007443626876920462,0.0001289811043534428,6.625843525398523e-06,2669,
86,0.008143075741827488,0.0001247078034793958,6.319357453321572e-06,2679,
86,0.007062391843646765,0.0001276670373044908,6.583216418221127e-06,2689,
86,,,,2696,0.007630620617419481
87,0.007912982255220413,0.00012558461457956582,6.596222647203831e-06,2699,
87,0.007467672694474459,0.0001262327714357525,6.727093477820745e-06,2709,
87,0.007584820501506329,0.00012973036791663617,6.555645086336881e-06,2719,
87,,,,2727,0.007728700991719961
88,0.007763544097542763,0.00012366897135507315,6.405492058547679e-06,2729,
88,0.007501134183257818,0.0001289137580897659,6.567431682924507e-06,2739,
88,0.007130269892513752,0.00012678744678851217,6.516345365525922e-06,2749,
88,,,,2758,0.007808134891092777
89,0.0076168859377503395,0.0001296988339163363,6.4532951000728644e-06,2759,
89,0.00781599897891283,0.0001293025998165831,6.17214345766115e-06,2769,
89,0.008409383706748486,0.00012887862976640463,6.599127573281294e-06,2779,
89,0.0034347698092460632,0.00011279110185569152,5.6292520866918494e-08,2789,
89,,,,2789,0.007533412892371416
90,0.007553264498710632,0.0001307220518356189,6.385147571563721e-06,2799,
90,0.007115789223462343,0.0001297120179515332,6.299583674262976e-06,2809,
90,0.006744678597897291,0.0001191555566038005,6.251770628296072e-06,2819,
90,,,,2820,0.008588300086557865
91,0.007012477610260248,0.00013078248593956232,6.4283658502972685e-06,2829,
91,0.0075150844641029835,0.00012799537216778845,6.2358381001104135e-06,2839,
91,0.007096120156347752,0.0001321478484896943,6.343776931316825e-06,2849,
91,,,,2851,0.007860204204916954
92,0.007895167917013168,0.00012737051292788237,6.1278906287043355e-06,2859,
92,0.007270620204508305,0.00012575164146255702,6.363338798109908e-06,2869,
92,0.006943702697753906,0.00012421782594174147,6.132594990049256e-06,2879,
92,,,,2882,0.007261376362293959
93,0.007137981243431568,0.00014056876534596086,6.308031061053043e-06,2889,
93,0.006912587210536003,0.00012882004375569522,6.211765139596537e-06,2899,
93,0.007556315045803785,0.00012266177509445697,5.929411599936429e-06,2909,
93,,,,2913,0.007097658701241016
94,0.007023883517831564,0.00012911598605569452,6.470655534940306e-06,2919,
94,0.007036907132714987,0.00012949990923516452,5.7837896747514606e-06,2929,
94,0.006190903950482607,0.000119827214803081,5.995131687086541e-06,2939,
94,,,,2944,0.007574514951556921
95,0.00736237782984972,0.00012889881327282637,5.772750228061341e-06,2949,
95,0.007695341482758522,0.00013149529695510864,6.434177066694247e-06,2959,
95,0.006676850374788046,0.00013105450489092618,6.141639460111037e-06,2969,
95,,,,2975,0.00685895886272192
96,0.00634288415312767,0.00012256376794539392,5.973874976916704e-06,2979,
96,0.006746943574398756,0.00011932249617530033,5.8274317780160345e-06,2989,
96,0.006314693484455347,0.00012696928752120584,6.000440862408141e-06,2999,
96,,,,3006,0.007360356859862804
97,0.007034824229776859,0.00012384087312966585,6.0274655879766215e-06,3009,
97,0.006772576365619898,0.00011978707334492356,6.070674317015801e-06,3019,
97,0.006947656627744436,0.0001261016441276297,6.179886895552045e-06,3029,
97,,,,3037,0.007328885607421398
98,0.006883382797241211,0.00012136374425608665,5.94314451518585e-06,3039,
98,0.006900203414261341,0.00012727417924907058,5.973880433884915e-06,3049,
98,0.0064013353548944,0.00012008855264866725,5.87949807595578e-06,3059,
98,,,,3068,0.0067113544791936874
99,0.006522189825773239,0.00012671806325670332,5.915367182751652e-06,3069,
99,0.006443161051720381,0.000126196799101308,5.733147645514691e-06,3079,
99,0.0070835864171385765,0.00012549130769912153,6.000285793561488e-06,3089,
99,0.002837125211954117,0.00010846180521184579,4.9000576041180466e-08,3099,
99,,,,3099,0.006982812192291021
100,0.0063624875620007515,0.00012505194172263145,5.7980805650004186e-06,3109,
100,0.0064074196852743626,0.00012345083814579993,5.7406286941841245e-06,3119,
100,0.006021489389240742,0.00011808995623141527,5.760540261690039e-06,3129,
100,,,,3130,0.006643856409937143
101,0.006296548992395401,0.00013205518189352006,6.032811143086292e-06,3139,
101,0.006558757275342941,0.00012023317685816437,5.727339612349169e-06,3149,
101,0.006363992113620043,0.00013196705549489707,5.874258476978866e-06,3159,
101,,,,3161,0.00707250228151679
102,0.00736406072974205,0.0001215080774272792,5.573729140451178e-06,3169,
102,0.0068597043864429,0.00012617785250768065,6.001722340442939e-06,3179,
102,0.006373634096235037,0.00012337071530055255,5.712659913115203e-06,3189,
102,,,,3192,0.006379434838891029
103,0.0064714341424405575,0.00013479440531227738,5.887205134058604e-06,3199,
103,0.0061716013588011265,0.00012722241808660328,5.8237719713361e-06,3209,
103,0.006648159120231867,0.0001165433568530716,5.507874902832555e-06,3219,
103,,,,3223,0.006770347710698843
104,0.006108710542321205,0.00012323180271778256,6.016143743181601e-06,3229,
104,0.006143426056951284,0.00012294900079723448,5.427210453490261e-06,3239,
104,0.005548715125769377,0.00011801745131378993,5.552412858378375e-06,3249,
104,,,,3254,0.00701333349570632
105,0.0071928901597857475,0.00012739180237986147,5.370566213969141e-06,3259,
105,0.00682273181155324,0.00012638697808142751,5.913179847993888e-06,3269,
105,0.006168707273900509,0.0001281771546928212,5.769623385276645e-06,3279,
105,,,,3285,0.006428359542042017
106,0.005752635188400745,0.00011800654465332627,5.640165909426287e-06,3289,
106,0.006425197701901197,0.00011711620027199388,5.365597644413356e-06,3299,
106,0.00567343644797802,0.00011862810788443312,5.6743165259831585e-06,3309,
106,,,,3316,0.006757244002074003
107,0.006220764014869928,0.00011963747965637594,5.584019618254388e-06,3319,
107,0.005879278760403395,0.00011869717127410695,5.652603249473032e-06,3329,
107,0.0058673713356256485,0.00012077499559381977,5.661705472448375e-06,3339,
107,,,,3347,0.006426905747503042
108,0.006404629908502102,0.00012058339780196548,5.494271590578137e-06,3349,
108,0.006424540653824806,0.00012217175390105695,5.584206064668251e-06,3359,
108,0.005938439629971981,0.0001182044725283049,5.462825356516987e-06,3369,
108,,,,3378,0.006220126524567604
109,0.00603575399145484,0.00011841178638860583,5.630055511574028e-06,3379,
109,0.005746795795857906,0.00011823487147921696,5.410843641584506e-06,3389,
109,0.006166118662804365,0.00011937686940655112,5.58944839212927e-06,3399,
109,0.0022805260960012674,0.00010501755605218932,4.5317126051713785e-08,3409,
109,,,,3409,0.006136683281511068
110,0.005708329379558563,0.00011978312249993905,5.454006441141246e-06,3419,
110,0.0056680431589484215,0.00011994531814707443,5.431993940874236e-06,3429,
110,0.0054071201011538506,0.0001119686639867723,5.365272045310121e-06,3439,
110,,,,3440,0.007100322283804417
111,0.005474194884300232,0.0001222543214680627,5.620056072075386e-06,3449,
111,0.005745059810578823,0.00011677471047732979,5.467256869451376e-06,3459,
111,0.00567676080390811,0.00012366769078653306,5.466752099891892e-06,3469,
111,,,,3471,0.005945551674813032
112,0.005925399716943502,0.00011493993224576116,5.311057066137437e-06,3479,
112,0.005626997444778681,0.00011578753037611023,5.50953473066329e-06,3489,
112,0.005800125654786825,0.00011999656999250874,5.462522040033946e-06,3499,
112,,,,3502,0.006189756561070681
113,0.0068391310051083565,0.00013350002700462937,5.5138593779702205e-06,3509,
113,0.005458795931190252,0.0001200697515741922,5.501006853592116e-06,3519,
113,0.00590025307610631,0.00011062817793572322,5.168471489014337e-06,3529,
113,,,,3533,0.007012852933257818
114,0.007563931867480278,0.00012785660510417074,5.87092608839157e-06,3539,
114,0.005760551430284977,0.00011561047722352669,5.158200110599864e-06,3549,
114,0.0051529197953641415,0.00010847471276065335,5.251371931080939e-06,3559,
114,,,,3564,0.005823388695716858
115,0.00565143721178174,0.00011592328519327566,5.1544102461775765e-06,3569,
115,0.005837521981447935,0.00011717221786966547,5.482976575876819e-06,3579,
115,0.005430375225841999,0.00012033196253469214,5.398524535848992e-06,3589,
115,,,,3595,0.005704106763005257
116,0.0050454819574952126,0.00011082534183515236,5.273797796689905e-06,3599,
116,0.0054994188249111176,0.00010666827438399196,5.066150606580777e-06,3609,
116,0.005152958910912275,0.0001144413254223764,5.2659220273199026e-06,3619,
116,,,,3626,0.0054792920127511024
117,0.005706229247152805,0.00010927290713880211,5.246928139968077e-06,3629,
117,0.005269118119031191,0.00010840829054359347,5.324871835910017e-06,3639,
117,0.005382204428315163,0.00011596314288908616,5.361725925467908e-06,3649,
117,,,,3657,0.005986802279949188
118,0.006299092434346676,0.00011225190246477723,5.1243141570012085e-06,3659,
118,0.006332332734018564,0.00011572429502848536,5.367183803173248e-06,3669,
118,0.005599483847618103,0.00011277582962065935,5.178279934625607e-06,3679,
118,,,,3688,0.005424502305686474
119,0.005275479983538389,0.00010806508362293243,5.234642230789177e-06,3689,
119,0.005211742129176855,0.00011013358744094148,5.1278311730129644e-06,3699,
119,0.005711255129426718,0.00011210843513254076,5.297626103129005e-06,3709,
119,0.0019335212418809533,9.683847019914538e-05,4.220136062826896e-08,3719,
119,,,,3719,0.005579513031989336
120,0.005140261724591255,0.00011126641038572416,5.177944331080653e-06,3729,
120,0.005129808560013771,0.00011300748883513734,5.1737638386839535e-06,3739,
120,0.0048060049302875996,0.00010314609244232997,5.096870609122561e-06,3749,
120,,,,3750,0.0052978843450546265
121,0.004944100510329008,0.0001120640808949247,5.337105903890915e-06,3759,
121,0.0051802112720906734,0.00010830169776454568,5.1956531024188735e-06,3769,
121,0.005262696649879217,0.00011436703061917797,5.143713224242674e-06,3779,
121,,,,3781,0.005610247608274221
122,0.005333258304744959,0.00010445149382576346,5.029351541452343e-06,3789,
122,0.005165769252926111,0.00010689569171518087,5.186177986615803e-06,3799,
122,0.0052570439875125885,0.00011019107478205115,5.168436473468319e-06,3809,
122,,,,3812,0.0057030911557376385
123,0.006064159329980612,0.00012227460683789104,5.234311629465083e-06,3819,
123,0.005145840346813202,0.00011167243792442605,5.1988449740747456e-06,3829,
123,0.005453059915453196,0.00010236073285341263,4.88932937514619e-06,3839,
123,,,,3843,0.005795545410364866
124,0.006062347441911697,0.0001111691162805073,5.459354269987671e-06,3849,
124,0.005628296639770269,0.00011355609603924677,4.842145244765561e-06,3859,
124,0.0045919534750282764,0.00010129715519724414,4.934076969220769e-06,3869,
124,,,,3874,0.00515074422582984
125,0.0051079122349619865,0.00010380451567471027,4.9035893425752874e-06,3879,
125,0.005161156412214041,0.00010742211452452466,5.22330674357363e-06,3889,
125,0.004894855432212353,0.00010997376375598833,5.077247351437109e-06,3899,
125,,,,3905,0.004987560212612152
126,0.004690732341259718,0.0001018410112010315,4.9588265937927645e-06,3909,
126,0.005037577357143164,9.737125219544396e-05,4.8079741645778995e-06,3919,
126,0.004899010062217712,0.0001039136914187111,5.010440872865729e-06,3929,
126,,,,3936,0.004994680639356375
127,0.00516403466463089,9.990360558731481e-05,4.959341822541319e-06,3939,
127,0.005027629900723696,0.00010081331856781617,5.076240086054895e-06,3949,
127,0.005451772827655077,0.00010949352144962177,5.111965492687887e-06,3959,
127,,,,3967,0.004911212716251612
128,0.005123954266309738,9.778595267562196e-05,4.860225089942105e-06,3969,
128,0.00509208207949996,0.000101653509773314,4.907202765025431e-06,3979,
128,0.0049508861266076565,0.00010455218580318615,4.900230123894289e-06,3989,
128,,,,3998,0.004920326638966799
129,0.004804973024874926,0.0001016947571770288,4.913500106340507e-06,3999,
129,0.004597293213009834,0.00010125028347829357,4.835810614167713e-06,4009,
129,0.005330437794327736,0.00010138307698071003,5.0074590944859665e-06,4019,
129,0.0017852087039500475,9.437478001927957e-05,3.92126970893969e-08,4029,
129,,,,4029,0.004972345661371946
130,0.005093272775411606,0.00010441140329930931,5.0119251682190225e-06,4039,
130,0.004836812615394592,0.00010007018136093393,4.881092081632232e-06,4049,
130,0.004473773762583733,9.276247874367982e-05,4.794025699084159e-06,4059,
130,,,,4060,0.004980200435966253
131,0.004663404542952776,0.00010217179078608751,5.068270183983259e-06,4069,
131,0.0050050741992890835,9.560724720358849e-05,4.895360234513646e-06,4079,
131,0.004997692536562681,0.00010457733878865838,4.8334682105632965e-06,4089,
131,,,,4091,0.005213722586631775
132,0.00489532295614481,9.551850234856829e-05,4.777746653417125e-06,4099,
132,0.0047909533604979515,9.847800538409501e-05,4.929370334139094e-06,4109,
132,0.004817361477762461,0.00010084015229949728,4.909021299681626e-06,4119,
132,,,,4122,0.004791232291609049
133,0.004942520521581173,0.00010418612509965897,4.896581685898127e-06,4129,
133,0.004621249623596668,9.792049240786582e-05,4.955753865942825e-06,4139,
133,0.005090425722301006,9.513965778751299e-05,4.632487161870813e-06,4149,
133,,,,4153,0.0047270869836211205
134,0.0045297653414309025,9.829605551203713e-05,5.007895197195467e-06,4159,
134,0.004552185535430908,9.88297033472918e-05,4.59405237052124e-06,4169,
134,0.004351760260760784,9.452302037971094e-05,4.702119440480601e-06,4179,
134,,,,4184,0.004667656030505896
135,0.004875853657722473,9.452927042730153e-05,4.6513623601640575e-06,4189,
135,0.004944356624037027,0.00010149374429602176,4.984899987903191e-06,4199,
135,0.004534290172159672,0.00010002918861573562,4.830005309486296e-06,4209,
135,,,,4215,0.004664402920752764
136,0.004408625885844231,9.33097762754187e-05,4.699246801465051e-06,4219,
136,0.004900903441011906,8.961519051808864e-05,4.537730092124548e-06,4229,
136,0.004609160590916872,9.477961430093274e-05,4.7394873945449945e-06,4239,
136,,,,4246,0.004599770996719599
137,0.004988705739378929,9.326732833869755e-05,4.733410150947748e-06,4249,
137,0.004729848820716143,9.346473234472796e-05,4.827265911444556e-06,4259,
137,0.0049303253181278706,0.00010101462248712778,4.895324764220277e-06,4269,
137,,,,4277,0.0047103348188102245
138,0.00461611058562994,9.118275920627639e-05,4.684785835706862e-06,4279,
138,0.004614205565303564,9.402688010595739e-05,4.686243755713804e-06,4289,
138,0.0047268010675907135,9.635906462790444e-05,4.649079983209958e-06,4299,
138,,,,4308,0.004535295069217682
139,0.004446190781891346,9.211793076246977e-05,4.642002295440761e-06,4309,
139,0.004694195464253426,9.287778084399179e-05,4.714544502348872e-06,4319,
139,0.004868138115853071,9.274034528061748e-05,4.782872110808967e-06,4329,
139,0.0016462542116641998,8.833246101858094e-05,3.650468727300904e-08,4339,
139,,,,4339,0.004976888652890921
140,0.005050020758062601,9.917300485540181e-05,4.58191516372608e-06,4349,
140,0.004540629219263792,9.161928028333932e-05,4.74224498248077e-06,4359,
140,0.0041419570334255695,8.641982276458293e-05,4.63093647340429e-06,4369,
140,,,,4370,0.005066423211246729
141,0.004522024653851986,9.46770014706999e-05,4.839587745664176e-06,4379,
141,0.004545828327536583,9.027359919855371e-05,4.7200614972098265e-06,4389,
141,0.00460174260661006,9.832275100052357e-05,4.6514983296219725e-06,4399,
141,,,,4401,0.004496103152632713
142,0.004602446220815182,8.996303949970752e-05,4.600708507496165e-06,4409,
142,0.00437775207683444,9.11129973246716e-05,4.680789970734622e-06,4419,
142,0.004461401142179966,9.266958659281954e-05,4.69253109258716e-06,4429,
142,,,,4432,0.004478489514440298
143,0.004625099711120129,9.585722000338137e-05,4.68463122160756e-06,4439,
143,0.004286758601665497,9.15469354367815e-05,4.8006004362832755e-06,4449,
143,0.004820205736905336,8.928102033678442e-05,4.445914782991167e-06,4459,
143,,,,4463,0.004618705715984106
144,0.004319734405726194,9.195427264785394e-05,4.7120506678766105e-06,4469,
144,0.004309120122343302,9.179177141049877e-05,4.387065018818248e-06,4479,
144,0.0043192170560359955,8.827150304568931e-05,4.517365141509799e-06,4489,
144,,,,4494,0.0047309319488704205
145,0.004813724663108587,8.706907101441175e-05,4.359011199994711e-06,4499,
145,0.004509268328547478,9.376757952850312e-05,4.6941026994318236e-06,4509,
145,0.0043667880818247795,9.530839452054352e-05,4.64139111500117e-06,4519,
145,,,,4525,0.004763020668178797
146,0.00430926913395524,8.797986083664e-05,4.542335318546975e-06,4529,
146,0.004516026005148888,8.413165778620169e-05,4.391760739963502e-06,4539,
146,0.0042240009643137455,8.873098704498261e-05,4.516842636803631e-06,4549,
146,,,,4556,0.00445805536583066
147,0.004596511367708445,8.589802746428177e-05,4.551655365503393e-06,4559,
147,0.004441383760422468,8.72833770699799e-05,4.630803687177831e-06,4569,
147,0.004992125555872917,9.502595639787614e-05,4.6757468226132914e-06,4579,
147,,,,4587,0.0052557229064404964
148,0.0052272784523665905,8.548484765924513e-05,4.402149897941854e-06,4589,
148,0.005198071710765362,9.176631283480674e-05,4.634535343939206e-06,4599,
148,0.004574292805045843,8.804702520137653e-05,4.464123321668012e-06,4609,
148,,,,4618,0.004456256050616503
149,0.004407969303429127,8.750858251005411e-05,4.4949342736799736e-06,4619,
149,0.004147250205278397,8.869566954672337e-05,4.465691290533869e-06,4629,
149,0.004473618697375059,8.557243563700467e-05,4.56877205579076e-06,4639,
149,0.0015821863198652864,8.306231029564515e-05,3.5822708355226496e-08,4649,
149,,,,4649,0.004559846594929695
150,0.0041809710673987865,8.898678788682446e-05,4.552615791908465e-06,4659,
150,0.004262910690158606,8.647341746836901e-05,4.49500430477201e-06,4669,
150,0.003894518129527569,8.164586324710399e-05,4.440066732058767e-06,4679,
150,,,,4680,0.004247392527759075
151,0.003981020767241716,8.878195512806997e-05,4.646362867788412e-06,4689,
151,0.004162971395999193,8.392353629460558e-05,4.578272182698129e-06,4699,
151,0.0042295195162296295,9.106763900490478e-05,4.498516318562906e-06,4709,
151,,,,4711,0.004234615247696638
152,0.004406721796840429,8.522578718839213e-05,4.478186383494176e-06,4719,
152,0.004134887829422951,8.559643902117386e-05,4.524426458374364e-06,4729,
152,0.004215930122882128,8.742307545617223e-05,4.5487458919524215e-06,4739,
152,,,,4742,0.004194986540824175
153,0.00433958088979125,9.010941721498966e-05,4.535445441433694e-06,4749,
153,0.004182818811386824,8.651230746181682e-05,4.677317974710604e-06,4759,
153,0.004500980488955975,8.432826143689454e-05,4.3335244299669284e-06,4769,
153,,,,4773,0.004288905765861273
154,0.004016976337879896,8.613388490630314e-05,4.65385664938367e-06,4779,
154,0.004176153335720301,8.685405919095501e-05,4.249781341059133e-06,4789,
154,0.0038577294908463955,8.428155706496909e-05,4.307943527237512e-06,4799,
154,,,,4804,0.004152863286435604
155,0.004144385922700167,8.475514914607629e-05,4.312068085710052e-06,4809,
155,0.0042360322549939156,8.934324432630092e-05,4.570716100715799e-06,4819,
155,0.0041669877246022224,8.789196726866066e-05,4.469922259886516e-06,4829,
155,,,,4835,0.004281600005924702
156,0.0038033081218600273,8.063369750743732e-05,4.455357156984974e-06,4839,
156,0.004057867452502251,8.022911060834303e-05,4.298784460843308e-06,4849,
156,0.003904234617948532,8.29622003948316e-05,4.437019924807828e-06,4859,
156,,,,4866,0.004290252458304167
157,0.004261023830622435,8.025395072763786e-05,4.368951977085089e-06,4869,
157,0.0040518250316381454,8.414507465204224e-05,4.382884071674198e-06,4879,
157,0.004012081306427717,8.688316302141175e-05,4.541931048152037e-06,4889,
157,,,,4897,0.00428827153518796
158,0.00491331284865737,8.755615272093564e-05,4.5410879465634935e-06,4899,
158,0.0042810989543795586,8.559470006730407e-05,4.464124231162714e-06,4909,
158,0.0039434656500816345,8.254445128841326e-05,4.405043910082895e-06,4919,
158,,,,4928,0.004396345000714064
159,0.004299851134419441,8.696176519151777e-05,4.31657099397853e-06,4929,
159,0.003919198177754879,8.359949424630031e-05,4.266147243470186e-06,4939,
159,0.004460794385522604,8.104465814540163e-05,4.423156497068703e-06,4949,
159,0.0014675518032163382,8.222087490139529e-05,3.3566088575298636e-08,4959,
159,,,,4959,0.004787601064890623
160,0.004464196972548962,8.96084529813379e-05,4.503091531660175e-06,4969,
160,0.0041084433905780315,8.143622108036652e-05,4.336819529271452e-06,4979,
160,0.003713419195264578,7.733071106486022e-05,4.303848072595429e-06,4989,
160,,,,4990,0.005051040090620518
161,0.0044166287407279015,8.775605965638533e-05,4.448505933396518e-06,4999,
161,0.004117526113986969,7.872207061154768e-05,4.42501686848118e-06,5009,
161,0.0040536741726100445,8.454356429865584e-05,4.3405857468314935e-06,5019,
161,,,,5021,0.004053870681673288
162,0.0043443916365504265,8.247783989645541e-05,4.377224286145065e-06,5029,
162,0.0038896871265023947,8.066237933235243e-05,4.38734832641785e-06,5039,
162,0.003984779119491577,8.270240505225956e-05,4.422446636453969e-06,5049,
162,,,,5052,0.004470692947506905
163,0.004206312820315361,8.81891101016663e-05,4.507638095674338e-06,5059,
163,0.0038558803498744965,8.128993067657575e-05,4.501844614424044e-06,5069,
163,0.004396044183522463,7.946039841044694e-05,4.154638190811966e-06,5079,
163,,,,5083,0.004167357459664345
164,0.003799355123192072,8.051245094975457e-05,4.455139333003899e-06,5089,
164,0.003795204684138298,8.206686470657587e-05,4.203168373351218e-06,5099,
164,0.0036617950536310673,7.847653614589944e-05,4.284248916519573e-06,5109,
164,,,,5114,0.004049462731927633
165,0.0042754956521093845,8.130179048748687e-05,4.337734480941435e-06,5119,
165,0.0040397560223937035,8.374705794267356e-05,4.4622793211601675e-06,5129,
165,0.004013739991933107,8.322606299770996e-05,4.369313046481693e-06,5139,
165,,,,5145,0.003941324073821306
166,0.003880202304571867,7.73638384998776e-05,4.267201347829541e-06,5149,
166,0.004066876135766506,7.612036279169843e-05,4.183692453807453e-06,5159,
166,0.003779831575229764,8.0022458860185e-05,4.291460754757281e-06,5169,
166,,,,5176,0.003950571175664663
167,0.004409272689372301,7.756063132546842e-05,4.338744929555105e-06,5179,
167,0.004253702703863382,8.008578879525885e-05,4.344213721196866e-06,5189,
167,0.004014867357909679,8.337337931152433e-05,4.418179742060602e-06,5199,
167,,,,5207,0.004796656314283609
168,0.004382298793643713,7.537169585702941e-05,4.263582013663836e-06,5209,
168,0.004127806983888149,7.976371853146702e-05,4.29478950536577e-06,5219,
168,0.0038418134208768606,7.970865408424288e-05,4.289098342269426e-06,5229,
168,,,,5238,0.0038622033316642046
169,0.003816625801846385,8.020121458685026e-05,4.248858658684185e-06,5239,
169,0.0036039678379893303,7.920574716990814e-05,4.22586390413926e-06,5249,
169,0.004044004715979099,7.799160812282935e-05,4.355796136223944e-06,5259,
169,0.0014264915371313691,7.710634963586926e-05,3.1888571783156294e-08,5269,
169,,,,5269,0.0040173460729420185
170,0.004012172110378742,8.364437962882221e-05,4.33038576375111e-06,5279,
170,0.003940329421311617,7.690701022511348e-05,4.225693828630028e-06,5289,
170,0.003648582147434354,7.581306272186339e-05,4.310681106289849e-06,5299,
170,,,,5300,0.004045510198920965
171,0.003753635101020336,8.120384154608473e-05,4.374897343950579e-06,5309,
171,0.0039538489654660225,7.584780541947111e-05,4.376830474939197e-06,5319,
171,0.003944396041333675,8.172311936505139e-05,4.2221522562613245e-06,5329,
171,,,,5331,0.004034054931253195
172,0.003910827916115522,7.772750541334972e-05,4.2144984035985544e-06,5339,
172,0.004133719485253096,7.706257019890472e-05,4.187459580862196e-06,5349,
172,0.003872023895382881,7.95699015725404e-05,4.321278538554907e-06,5359,
172,,,,5362,0.004305742215365171
173,0.004210642538964748,8.176243136404082e-05,4.400454599817749e-06,5369,
173,0.004009674768894911,7.740414730506018e-05,4.4110270209785085e-06,5379,
173,0.004344597924500704,7.701714639551938e-05,4.0407071537629236e-06,5389,
173,,,,5393,0.004631140735000372
174,0.003729723859578371,7.826332148397341e-05,4.3418594941613264e-06,5399,
174,0.003739616135135293,8.017601066967472e-05,4.132908088649856e-06,5409,
174,0.003465337445959449,7.549791916972026e-05,4.1306666389573365e-06,5419,
174,,,,5424,0.0038388113025575876
175,0.003879756201058626,7.613109482917935e-05,4.203873231745092e-06,5429,
175,0.00379096413962543,7.947118865558878e-05,4.332652679295279e-06,5439,
175,0.0037199819926172495,8.042601257329807e-05,4.320481366448803e-06,5449,
175,,,,5455,0.00391065888106823
176,0.0034711621701717377,7.428770186379552e-05,4.2245355871273205e-06,5459,
176,0.0037523815408349037,7.318695861613378e-05,4.132470166950952e-06,5469,
176,0.003647125791758299,7.652329077245668e-05,4.2052138269355055e-06,5479,
176,,,,5486,0.0038193080108612776
177,0.00393279641866684,7.258523692144081e-05,4.195181645627599e-06,5489,
177,0.0036320749204605818,7.617799565196037e-05,4.234735115460353e-06,5499,
177,0.0036849130410701036,8.08437034720555e-05,4.364307642390486e-06,5509,
177,,,,5517,0.0037316004745662212
178,0.0037978498730808496,7.377960719168186e-05,4.269171768100932e-06,5519,
178,0.0037574858870357275,7.6899683335796e-05,4.236256245349068e-06,5529,
178,0.0038987058214843273,7.760142034385353e-05,4.155431270191912e-06,5539,
178,,,,5548,0.003958243411034346
179,0.003914300352334976,7.348128565354273e-05,4.099370016774628e-06,5549,
179,0.0035930583253502846,7.79412075644359e-05,4.1123266782960854e-06,5559,
179,0.003919073846191168,7.375785935437307e-05,4.263403752702288e-06,5569,
179,0.00137990468647331,7.20706520951353e-05,3.064185349899162e-08,5579,
179,,,,5579,0.0037848486099392176
180,0.003710709745064378,7.922047370811924e-05,4.234200787323061e-06,5589,
180,0.004019474145025015,7.470940909115598e-05,4.109952442377107e-06,5599,
180,0.0033644719514995813,7.08147490513511e-05,4.1895450522133615e-06,5609,
180,,,,5610,0.004081480670720339
181,0.003594369161874056,7.911758439149708e-05,4.313771114539122e-06,5619,
181,0.0036497428081929684,7.112983439583331e-05,4.247580818628194e-06,5629,
181,0.003894770285114646,7.886024832259864e-05,4.160980097367428e-06,5639,
181,,,,5641,0.0036838382948189974
182,0.003751297015696764,7.520506187574938e-05,4.140759756410262e-06,5649,
182,0.0038016217295080423,7.35059438738972e-05,4.112463557248702e-06,5659,
182,0.0036283768713474274,7.56255685701035e-05,4.229030309943482e-06,5669,
182,,,,5672,0.0037501780316233635
183,0.00377296912483871,7.894125883467495e-05,4.283942871552426e-06,5679,
183,0.0036171937827020884,7.438703323714435e-05,4.411132977111265e-06,5689,
183,0.004023163579404354,7.330362859647721e-05,4.017958872282179e-06,5699,
183,,,,5703,0.0038702944293618202
184,0.0036275163292884827,7.615671347593889e-05,4.259456090949243e-06,5709,
184,0.003720364300534129,7.519056089222431e-05,3.994836788479006e-06,5719,
184,0.0033888930920511484,7.477639883290976e-05,4.072176579938969e-06,5729,
184,,,,5734,0.0036368558648973703
185,0.0036786014679819345,7.242255378514528e-05,4.1036146285478026e-06,5739,
185,0.0036114926915615797,7.497374463127926e-05,4.197908765490865e-06,5749,
185,0.003608412342146039,7.946526602609083e-05,4.208595328236697e-06,5759,
185,,,,5765,0.004155220929533243
186,0.0033388505689799786,7.107916462700814e-05,4.197446742182365e-06,5769,
186,0.0037442143075168133,7.04738704371266e-05,4.04344473281526e-06,5779,
186,0.003688553813844919,7.351595559157431e-05,4.090642960363766e-06,5789,
186,,,,5796,0.0039011987391859293
187,0.003941571339964867,7.03635741956532e-05,4.030174295621691e-06,5799,
187,0.003460995852947235,7.419371831929311e-05,4.138013537158258e-06,5809,
187,0.0035949661396443844,7.729602657491341e-05,4.2813267100427765e-06,5819,
187,,,,5827,0.003807716304436326
188,0.004127820488065481,7.324780017370358e-05,4.2867982301686425e-06,5829,
188,0.0037489826790988445,7.421805639751256e-05,4.204037850286113e-06,5839,
188,0.0034436644054949284,7.434326835209504e-05,4.14048190577887e-06,5849,
188,,,,5858,0.0037062480114400387
189,0.003645100863650441,7.567380089312792e-05,4.096066277270438e-06,5859,
189,0.003430349286645651,7.459293556166813e-05,4.10158190788934e-06,5869,
189,0.003813084913417697,7.389152597170323e-05,4.253779479768127e-06,5879,
189,0.0012809491017833352,6.918699364177883e-05,3.007282600719918e-08,5889,
189,,,,5889,0.0038292657118290663
190,0.0036720680072903633,7.824438944226131e-05,4.209312464809045e-06,5899,
190,0.0035273574758321047,7.192268822109327e-05,4.11910059483489e-06,5909,
190,0.0033023934811353683,6.85549239278771e-05,4.1697749111335725e-06,5919,
190,,,,5920,0.003641421440988779
191,0.0033212080597877502,7.520320650655776e-05,4.238162091496633e-06,5929,
191,0.0038213932421058416,7.150998135330155e-05,4.295139660825953e-06,5939,
191,0.0036647887900471687,7.418505265377462e-05,4.097809323866386e-06,5949,
191,,,,5951,0.004040380474179983
192,0.0038988261949270964,7.379759335890412e-05,4.112518126930809e-06,5959,
192,0.003589467378333211,6.98031290085055e-05,4.081000042788219e-06,5969,
192,0.003602538723498583,7.4139898060821e-05,4.18628678744426e-06,5979,
192,,,,5982,0.003978647291660309
193,0.0040212757885456085,8.027011062949896e-05,4.244302999723004e-06,5989,
193,0.003805942600592971,7.262272265506908e-05,4.340960913395975e-06,5999,
193,0.0038091856986284256,7.333084067795426e-05,3.969854788010707e-06,6009,
193,,,,6013,0.004125094041228294
194,0.003691268153488636,7.47871381463483e-05,4.112428086955333e-06,6019,
194,0.0034645467530936003,7.262980216182768e-05,3.994509370386368e-06,6029,
194,0.003382534021511674,7.396454020636156e-05,4.067208010383183e-06,6039,
194,,,,6044,0.0047476086765527725
195,0.004940300714224577,7.669116166653112e-05,4.2770975596795324e-06,6049,
195,0.0038472632877528667,7.566587009932846e-05,4.066792371304473e-06,6059,
195,0.003578242613002658,7.454785372829065e-05,4.229058049531886e-06,6069,
195,,,,6075,0.0035496612545102835
196,0.0033309210557490587,6.933327676961198e-05,4.084240572410636e-06,6079,
196,0.0034446371719241142,6.818514521000907e-05,4.06828894483624e-06,6089,
196,0.0033067415934056044,7.19531744834967e-05,4.115590400033398e-06,6099,
196,,,,6106,0.0036758522037416697
197,0.003661572001874447,6.865991599624977e-05,4.066795554535929e-06,6109,
197,0.0033717025071382523,7.035247108433396e-05,4.145128968957579e-06,6119,
197,0.0035973789636045694,7.626959268236533e-05,4.295069629733916e-06,6129,
197,,,,6137,0.003545196261256933
198,0.0035424022935330868,6.897073035361245e-05,4.180847099632956e-06,6139,
198,0.003506834851577878,7.15941860107705e-05,4.131250534555875e-06,6149,
198,0.0033665408845990896,7.253205694723874e-05,4.0776321839075536e-06,6159,
198,,,,6168,0.003561490448191762
199,0.003505503060296178,7.193668716354296e-05,4.0629288378113415e-06,6169,
199,0.003322043688967824,7.244238804560155e-05,4.07514244216145e-06,6179,
199,0.0035789301618933678,7.141841342672706e-05,4.187987542536575e-06,6189,
199,0.0012879770947620273,6.82187601341866e-05,2.911619390033593e-08,6199,
199,,,,6199,0.0034614268224686384
200,0.003414918901398778,7.454542355844751e-05,4.124516181036597e-06,6209,
200,0.0036607207730412483,7.077862392179668e-05,3.9843566810304765e-06,6219,
200,0.003259907476603985,6.776324880775064e-05,4.112353963137139e-06,6229,
200,,,,6230,0.003622323740273714
201,0.0033119157887995243,7.44188655517064e-05,4.180348241789034e-06,6239,
201,0.003540433244779706,6.857668631710112e-05,4.221494691591943e-06,6249,
201,0.0034149109851568937,7.240036939037964e-05,4.072082447237335e-06,6259,
201,,,,6261,0.0034452674444764853
202,0.0035020411014556885,7.184556307038292e-05,4.0467270991939586e-06,6269,
202,0.003504730761051178,6.95528433425352e-05,4.007953066320624e-06,6279,
202,0.003485581139102578,7.076466135913506e-05,4.1605067053751554e-06,6289,
202,,,,6292,0.0036298041231930256
203,0.0036150244995951653,7.51206316635944e-05,4.196912414045073e-06,6299,
203,0.003684920957311988,7.116380584193394e-05,4.340166015026625e-06,6309,
203,0.0038005320820957422,6.927001959411427e-05,3.9796946111891884e-06,6319,
203,,,,6323,0.0033954379614442587
204,0.0032768414821475744,7.257280958583578e-05,4.160039225098444e-06,6329,
204,0.003322537988424301,6.981100887060165e-05,3.936863777198596e-06,6339,
204,0.003191443160176277,7.11507091182284e-05,4.00785847887164e-06,6349,
204,,,,6354,0.0038766800425946712
205,0.003961231093853712,6.961444887565449e-05,4.08767482440453e-06,6359,
205,0.003805419895797968,7.30631873011589e-05,4.162014647590695e-06,6369,
205,0.0037562288343906403,7.395770080620423e-05,4.178727522230474e-06,6379,
205,,,,6385,0.0036631396505981684
206,0.0034168174024671316,7.249255577335134e-05,4.108192570129177e-06,6389,
206,0.00351288472302258,6.814813968958333e-05,4.046833055326715e-06,6399,
206,0.0033080754801630974,7.076519977999851e-05,4.029159299534513e-06,6409,
206,,,,6416,0.0036981317680329084
207,0.004070344381034374,6.809365731896833e-05,3.882782038999721e-06,6419,
207,0.0033391271717846394,7.012930291239172e-05,3.995938186562853e-06,6429,
207,0.0032077026553452015,7.312534580705687e-05,4.165039172221441e-06,6439,
207,,,,6447,0.003421182045713067
208,0.003593407804146409,6.83836915413849e-05,4.18639456256642e-06,6449,
208,0.003474027384072542,7.051447755657136e-05,4.135371909796959e-06,6459,
208,0.0032484489493072033,7.125209231162444e-05,4.042446562380064e-06,6469,
208,,,,6478,0.0035203176084905863
209,0.003459130646660924,6.857164407847449e-05,3.9434321479348e-06,6479,
209,0.003175403457134962,7.212276250356808e-05,3.990890945715364e-06,6489,
209,0.0034796532709151506,6.924554327270016e-05,4.157677722105291e-06,6499,
209,0.0012217783369123936,6.603710789931938e-05,2.8973918375641006e-08,6509,
209,,,,6509,0.0035250375512987375
210,0.003353892592713237,7.305218605324626e-05,4.104397703486029e-06,6519,
210,0.003454352729022503,6.916502024978399e-05,3.951910002797376e-06,6529,
210,0.003066058037802577,6.559754547197372e-05,4.0828153942129575e-06,6539,
210,,,,6540,0.00344113539904356
211,0.003123688278719783,7.218243990791962e-05,4.160812295594951e-06,6549,
211,0.0035218645352870226,6.758567178621888e-05,4.205102868581889e-06,6559,
211,0.003426006529480219,7.010214176261798e-05,3.994744474766776e-06,6569,
211,,,,6571,0.0034976608585566282
212,0.0034152704756706953,7.055009336909279e-05,3.993601239926647e-06,6579,
212,0.003491187933832407,6.796578963985667e-05,3.953418399760267e-06,6589,
212,0.0033085558097809553,6.936300633242354e-05,4.089914909854997e-06,6599,
212,,,,6602,0.0035447014961391687
213,0.0034167247358709574,7.289525092346594e-05,4.122779955650913e-06,6609,
213,0.0034163009840995073,6.922108150320128e-05,4.281793280824786e-06,6619,
213,0.0035925223492085934,6.764356658095494e-05,3.906638085027225e-06,6629,
213,,,,6633,0.003435460152104497
214,0.0031917011365294456,7.135186024243012e-05,4.1194921323040035e-06,6639,
214,0.0032049203291535378,6.822955037932843e-05,3.9239921534317546e-06,6649,
214,0.003026987425982952,6.892668170621619e-05,3.937941073672846e-06,6659,
214,,,,6664,0.0034063479397445917
215,0.00334373046644032,6.708850560244173e-05,3.958206889365101e-06,6669,
215,0.003299030475318432,6.918302096892148e-05,4.024953796033515e-06,6679,
215,0.0033126696944236755,7.269134221132845e-05,4.109008841624018e-06,6689,
215,,,,6695,0.0035973803605884314
216,0.0030535575933754444,6.609337287954986e-05,4.0841732698027045e-06,6699,
216,0.003241313621401787,6.58416684018448e-05,4.005559276265558e-06,6709,
216,0.0030112629756331444,6.80511657265015e-05,4.060630999447312e-06,6719,
216,,,,6726,0.003346100216731429
217,0.003688032506033778,6.605192174902186e-05,3.895208465110045e-06,6729,
217,0.003220801707357168,6.734676571795717e-05,3.965817995776888e-06,6739,
217,0.003410009667277336,7.306440238608047e-05,4.203714524919633e-06,6749,
217,,,,6757,0.0034751847852021456
218,0.0041734203696250916,6.81472010910511e-05,4.208761311019771e-06,6759,
218,0.003594455774873495,7.134442421374843e-05,4.092718882020563e-06,6769,
218,0.003323011565953493,7.066065882099792e-05,4.001084562332835e-06,6779,
218,,,,6788,0.0039075822569429874
219,0.0038926969282329082,6.962690531508997e-05,3.890722837240901e-06,6789,
219,0.003113463055342436,7.062494842102751e-05,3.986219326179707e-06,6799,
219,0.0034375442191958427,6.72335663693957e-05,4.075242486578645e-06,6809,
219,0.0011852341704070568,6.439318531192839e-05,2.787631459000295e-08,6819,
219,,,,6819,0.0033321003429591656
220,0.003260023193433881,7.125856063794345e-05,3.994877260993235e-06,6829,
220,0.003344387747347355,6.737194053130224e-05,3.9053034015523735e-06,6839,
220,0.0030394364148378372,6.595407467102632e-05,4.073167019669199e-06,6849,
220,,,,6850,0.003598429262638092
221,0.0031498291064053774,7.018623728072271e-05,4.162666755291866e-06,6859,
221,0.003119801403954625,6.439246499212459e-05,4.071301191288512e-06,6869,
221,0.0035212214570492506,7.016742165433243e-05,3.912884949386353e-06,6879,
221,,,,6881,0.0037339425180107355
222,0.0033827507868409157,6.868816126370803e-05,4.031189746456221e-06,6889,
222,0.0031765003222972155,6.738014781149104e-05,4.048139089718461e-06,6899,
222,0.0033180322498083115,6.884105823701248e-05,4.096918473805999e-06,6909,
222,,,,6912,0.003972138278186321
223,0.0032435155007988214,7.52885898691602e-05,4.085711680090753e-06,6919,
223,0.0031779450364410877,6.857146945549175e-05,4.156808245170396e-06,6929,
223,0.0034834383986890316,6.691450107609853e-05,3.904527602571761e-06,6939,
223,,,,6943,0.0032083557453006506
224,0.002978141652420163,6.911111267982051e-05,4.087217803316889e-06,6949,
224,0.0031453813426196575,6.769115861970931e-05,3.900710908055771e-06,6959,
224,0.0029626607429236174,6.74034163239412e-05,3.888268565788167e-06,6969,
224,,,,6974,0.003228141926229
225,0.0032202014699578285,6.689690053462982e-05,3.93822028854629e-06,6979,
225,0.0031167767010629177,6.810404011048377e-05,3.997815383627312e-06,6989,
225,0.0031566626857966185,7.113684114301577e-05,4.0560639718023594e-06,6999,
225,,,,7005,0.0033843866549432278
226,0.0029120028484612703,6.491923704743385e-05,4.039254235976841e-06,7009,
226,0.003193511860445142,6.51859154459089e-05,4.0080690268951e-06,7019,
226,0.0028988143894821405,6.666981789749116e-05,4.034403445984935e-06,7029,
226,,,,7036,0.0032179660629481077
227,0.0035709210205823183,6.550697435159236e-05,3.8695202420058195e-06,7039,
227,0.003026318736374378,6.632258737226948e-05,3.938599093089579e-06,7049,
227,0.0031199315562844276,7.085720426402986e-05,4.164719030086417e-06,7059,
227,,,,7067,0.0033687015529721975
228,0.003978081047534943,6.777818634873256e-05,4.19204252466443e-06,7069,
228,0.0032980344258248806,6.952147668926045e-05,4.080613052792614e-06,7079,
228,0.0030220767948776484,6.857432163087651e-05,3.9688079596089665e-06,7089,
228,,,,7098,0.0033727872651070356
229,0.0033292651642113924,6.730578024871647e-05,3.85327393814805e-06,7099,
229,0.00297067454084754,6.889245560159907e-05,3.9296637623920105e-06,7109,
229,0.0033330132719129324,6.718424265272915e-05,4.098404588148696e-06,7119,
229,0.0011195073602721095,6.285408016992733e-05,2.7750925113423364e-08,7129,
229,,,,7129,0.003269347595050931
230,0.0031946429517120123,7.063828525133431e-05,4.016941602458246e-06,7139,
230,0.003275334369391203,6.677518103970215e-05,3.865571216010721e-06,7149,
230,0.0029406838584691286,6.435801333282143e-05,4.038927727378905e-06,7159,
230,,,,7160,0.003227637615054846
231,0.002948377514258027,6.959014717722312e-05,4.082136001670733e-06,7169,
231,0.0032850983552634716,6.508991646114737e-05,4.130008619540604e-06,7179,
231,0.003247049869969487,6.76391864544712e-05,3.910932719008997e-06,7189,
231,,,,7191,0.003422194393351674
232,0.003313054796308279,6.814917287556455e-05,3.941107479477068e-06,7199,
232,0.0032392176799476147,6.567349191755056e-05,3.877099061355693e-06,7209,
232,0.0031364415772259235,6.707235297653824e-05,3.989919605373871e-06,7219,
232,,,,7222,0.003294149646535516
233,0.0031304683070629835,7.055926835164428e-05,4.010271823062794e-06,7229,
233,0.0030494213569909334,6.672943709418178e-05,4.1829084693745244e-06,7239,
233,0.0034253441262990236,6.565200601471588e-05,3.851236670016078e-06,7249,
233,,,,7253,0.0036504233721643686
234,0.002926897257566452,6.817257963120937e-05,4.058779722981853e-06,7259,
234,0.0034830900840461254,6.721146201016381e-05,3.812707291217521e-06,7269,
234,0.002785021672025323,6.394857336999848e-05,3.822821327048587e-06,7279,
234,,,,7284,0.0034586393740028143
235,0.0033676985185593367,6.547020893776789e-05,3.865832695737481e-06,7289,
235,0.0030755093321204185,6.687886343570426e-05,3.983406713814475e-06,7299,
235,0.003244872437790036,7.006111991358921e-05,4.067604550073156e-06,7309,
235,,,,7315,0.0032566110603511333
236,0.002868142444640398,6.749628664692864e-05,4.019902007712517e-06,7319,
236,0.003049994818866253,6.487718201242387e-05,3.9350152292172424e-06,7329,
236,0.0029992694035172462,6.694676994811743e-05,3.9373221625282895e-06,7339,
236,,,,7346,0.003498713718727231
237,0.003700555767863989,6.505010969704017e-05,3.791750259551918e-06,7349,
237,0.0029848492704331875,6.551286060130224e-05,3.987851414422039e-06,7359,
237,0.003429250093176961,7.156898936955258e-05,4.1860043893393595e-06,7369,
237,,,,7377,0.004519739653915167
238,0.004891116637736559,7.285055471584201e-05,4.296978659112938e-06,7379,
238,0.0031784444581717253,6.718594522681087e-05,4.024782811029581e-06,7389,
238,0.004299912601709366,7.204885332612321e-05,3.8084533571236534e-06,7399,
238,,,,7408,0.003629929618909955
239,0.003558770753443241,6.890761869726703e-05,3.8135956401674775e-06,7409,
239,0.0033654281869530678,6.996386946411803e-05,3.879982614307664e-06,7419,
239,0.003261672332882881,6.680279329884797e-05,4.0312024793820456e-06,7429,
239,0.0010746896732598543,6.174834561534226e-05,2.7616367859195634e-08,7439,
239,,,,7439,0.00330948899500072
240,0.003058166243135929,7.042549987090752e-05,4.0823829294822644e-06,7449,
240,0.003014251124113798,6.666039553238079e-05,3.9190940697153565e-06,7459,
240,0.0027581274043768644,6.329296593321487e-05,4.012988028989639e-06,7469,
240,,,,7470,0.0030555983539670706
241,0.0028425082564353943,6.837544060545042e-05,4.071442162967287e-06,7479,
241,0.002949465997517109,6.45448308205232e-05,4.051194991916418e-06,7489,
241,0.0030268796253949404,6.693755130982026e-05,3.949170604755636e-06,7499,
241,,,,7501,0.003115920815616846
242,0.0032093366608023643,6.813942309236154e-05,4.009785698144697e-06,7509,
242,0.0029265470802783966,6.59466240904294e-05,3.943222509406041e-06,7519,
242,0.0030559308361262083,6.684865365969017e-05,4.026189344585873e-06,7529,
242,,,,7532,0.00302786473184824
243,0.0030744909308850765,6.878917338326573e-05,3.999094133178005e-06,7539,
243,0.002943773288279772,6.672162999166176e-05,4.167987754044589e-06,7549,
243,0.003415642073377967,6.473965913755819e-05,3.841127181658521e-06,7559,
243,,,,7563,0.003043986624106765
244,0.002826370531693101,6.661540101049468e-05,3.997092790086754e-06,7569,
244,0.0029654093086719513,6.615819438593462e-05,3.8653824958601035e-06,7579,
244,0.0028373890090733767,6.481110904132947e-05,3.842693331534974e-06,7589,
244,,,,7594,0.0030081765726208687
245,0.003059940878301859,6.551214028149843e-05,3.909181486960733e-06,7599,
245,0.0030024442821741104,6.614333688048646e-05,3.91719777326216e-06,7609,
245,0.0029505647253245115,6.757443043170497e-05,3.977326286985772e-06,7619,
245,,,,7625,0.0031191566959023476
246,0.002755449153482914,6.432599184336141e-05,3.990142431575805e-06,7629,
246,0.0030321762897074223,6.429250788642094e-05,3.94434027839452e-06,7639,
246,0.0027439568657428026,6.516887515317649e-05,3.959813511755783e-06,7649,
246,,,,7656,0.00309845432639122
247,0.003523272229358554,6.39829013380222e-05,3.7850550143048167e-06,7659,
247,0.0028845586348325014,6.46384505671449e-05,3.859458047372755e-06,7669,
247,0.002856816863641143,6.819498230470344e-05,4.07978495786665e-06,7679,
247,,,,7687,0.0030990096274763346
248,0.0034699169918894768,6.571647827513516e-05,4.0805161916068755e-06,7689,
248,0.0030658480245620012,6.683746323687956e-05,4.004096354037756e-06,7699,
248,0.0029328607488423586,6.685076368739828e-05,3.891091182595119e-06,7709,
248,,,,7718,0.003075979882851243
249,0.0030285955872386694,6.437799311242998e-05,3.808306928476668e-06,7719,
249,0.0028862478211522102,6.676723569398746e-05,3.882534201693488e-06,7729,
249,0.0032232278026640415,6.602751091122627e-05,4.05712080464582e-06,7739,
249,0.0010550911538302898,6.076276258681901e-05,2.6780829998074296e-08,7749,
249,,,,7749,0.003102279035374522
250,0.003114079125225544,6.843634037068114e-05,3.969398676417768e-06,7759,
250,0.0030673735309392214,6.521026807604358e-05,3.8004759517207276e-06,7769,
250,0.00272957282140851,6.291779573075473e-05,3.982378984801471e-06,7779,
250,,,,7780,0.003172626020386815
251,0.0029512986075133085,6.806885357946157e-05,4.007732059108093e-06,7789,
251,0.003099908586591482,6.37402554275468e-05,4.073805030202493e-06,7799,
251,0.002964404411613941,6.589672557311133e-05,3.863793153868755e-06,7809,
251,,,,7811,0.003106173826381564
252,0.003064665012061596,6.654417666140944e-05,3.8682701415382326e-06,7819,
252,0.0030273946467787027,6.423995364457369e-05,3.834704784821952e-06,7829,
252,0.002970682689920068,6.514994311146438e-05,3.966894382756436e-06,7839,
252,,,,7842,0.003085183911025524
253,0.0030587895307689905,6.810612103436142e-05,4.015598733531078e-06,7849,
253,0.002915570978075266,6.504179327748716e-05,4.133999937039334e-06,7859,
253,0.003380804555490613,6.433502858271822e-05,3.796765668084845e-06,7869,
253,,,,7873,0.003071785904467106
254,0.0027480132412165403,6.59781726426445e-05,3.954037310904823e-06,7879,
254,0.0028718430548906326,6.47951674181968e-05,3.857512638205662e-06,7889,
254,0.002739724237471819,6.421163561753929e-05,3.824122813966824e-06,7899,
254,,,,7904,0.0030825897119939327
255,0.002967557869851589,6.487764039775357e-05,3.8669563764415216e-06,7909,
255,0.0029757744632661343,6.53683819109574e-05,3.857237516058376e-06,7919,
255,0.0029246113263070583,6.752255285391584e-05,3.9408064367307816e-06,7929,
255,,,,7935,0.0031822461169213057
256,0.0027268200647085905,6.422300793929026e-05,3.970485067839036e-06,7939,
256,0.0029256120324134827,6.392758223228157e-05,3.9121287045418285e-06,7949,
256,0.002718971809372306,6.456708797486499e-05,3.9466626731154975e-06,7959,
256,,,,7966,0.0030333264730870724
257,0.003404171671718359,6.362876592902467e-05,3.7482677726075053e-06,7969,
257,0.002892245538532734,6.372786447172984e-05,3.8259904613369144e-06,7979,
257,0.002953858347609639,6.880904402351007e-05,4.044370598421665e-06,7989,
257,,,,7997,0.003444378962740302
258,0.003987303469330072,6.645531539106742e-05,4.0700892895984e-06,7999,
258,0.0029156184755265713,6.601089989999309e-05,3.925473720300943e-06,8009,
258,0.0028863034676760435,6.607091199839488e-05,3.87019235859043e-06,8019,
258,,,,8028,0.0031847588252276182
259,0.003135515144094825,6.503642362076789e-05,3.733441644726554e-06,8029,
259,0.002746524987742305,6.83228499838151e-05,3.858160198433325e-06,8039,
259,0.0030210299883037806,6.430329813156277e-05,3.899385774275288e-06,8049,
259,0.001067578443326056,6.170195410959423e-05,2.607066207360731e-08,8059,
259,,,,8059,0.003008471569046378
260,0.0028619898948818445,6.745463178958744e-05,3.962696609960403e-06,8069,
260,0.002827947260811925,6.445994949899614e-05,3.860368451569229e-06,8079,
260,0.002824016148224473,6.36300683254376e-05,4.003578396805096e-06,8089,
260,,,,8090,0.0031467615626752377
261,0.0026986715383827686,6.670827860943973e-05,3.959870355174644e-06,8099,
261,0.0028072213754057884,6.283822585828602e-05,3.943360752600711e-06,8109,
261,0.0031292163766920567,6.554393621627241e-05,3.791016524701263e-06,8119,
261,,,,8121,0.0036966626066714525
262,0.003379330039024353,6.573012069566175e-05,4.005062237411039e-06,8129,
262,0.002830993616953492,6.409623165382072e-05,3.842505975626409e-06,8139,
262,0.002897824626415968,6.578166357940063e-05,3.964619281759951e-06,8149,
262,,,,8152,0.0032129983883351088
263,0.0028645521961152554,6.790464249206707e-05,3.9643377931497525e-06,8159,
263,0.0027686438988894224,6.545922224177048e-05,4.057039859617362e-06,8169,
263,0.003121586050838232,6.425088213291019e-05,3.7637078094121534e-06,8179,
263,,,,8183,0.0032350150868296623
264,0.0028991741128265858,6.645772373303771e-05,3.880395070154918e-06,8189,
264,0.0028080730699002743,6.444223981816322e-05,3.821949576376937e-06,8199,
264,0.0025929284747689962,6.344643043121323e-05,3.8056664379837457e-06,8209,
264,,,,8214,0.0031442593317478895
265,0.003157632891088724,6.685125845251605e-05,3.961064521718072e-06,8219,
265,0.0028571344446390867,6.544029020005837e-05,3.937049314117758e-06,8229,
265,0.00289606349542737,6.635976751567796e-05,3.956198270316236e-06,8239,
265,,,,8245,0.0029062582179903984
266,0.0025935189332813025,6.308560114121065e-05,3.903209290001541e-06,8249,
266,0.0027093617245554924,6.306124123511836e-05,3.89763226849027e-06,8259,
266,0.0026068224105983973,6.366881279973313e-05,3.906694928446086e-06,8269,
266,,,,8276,0.002826627576723695
267,0.003118549706414342,6.414424569811672e-05,3.7765212255180813e-06,8279,
267,0.0026949583552777767,6.294979539234191e-05,3.819591711362591e-06,8289,
267,0.0028156423941254616,6.822393334005028e-05,4.040853127662558e-06,8299,
267,,,,8307,0.0029532001353800297
268,0.0033029764890670776,6.403506267815828e-05,4.046570211357903e-06,8309,
268,0.003074290230870247,6.669448339380324e-05,3.986981027992442e-06,8319,
268,0.0027032566722482443,6.562017370015383e-05,3.864247901219642e-06,8329,
268,,,,8338,0.003063612151890993
269,0.003015616675838828,6.457656127167866e-05,3.7398101540020434e-06,8339,
269,0.002628107788041234,6.531218241434544e-05,3.8111086269054795e-06,8349,
269,0.0029643711168318987,6.487175414804369e-05,3.969867975683883e-06,8359,
269,0.0009739454253576696,5.807627530884929e-05,2.5770114930878663e-08,8369,
269,,,,8369,0.0029560700058937073
270,0.0028950748965144157,6.730714812874794e-05,3.904155164491385e-06,8379,
270,0.00287063280120492,6.484885670943186e-05,3.752867996809073e-06,8389,
270,0.002671813825145364,6.27480840194039e-05,3.9412775549863e-06,8399,
270,,,,8400,0.0029758696909993887
271,0.0029320840258151293,6.68951979605481e-05,3.926516455976525e-06,8409,
271,0.0029908870346844196,6.302302790572867e-05,4.018636445835e-06,8419,
271,0.0029205188620835543,6.40946309431456e-05,3.7840259210497607e-06,8429,
271,,,,8431,0.003405245253816247
272,0.0034219331573694944,6.682808452751487e-05,3.893283974321093e-06,8439,
272,0.003003360703587532,6.423556624213234e-05,3.7607576359732775e-06,8449,
272,0.0028001463506370783,6.524718628497794e-05,3.869304237014148e-06,8459,
272,,,,8462,0.003203027881681919
273,0.0033238448668271303,7.11217217030935e-05,3.966571966884658e-06,8469,
273,0.0030413290951400995,6.706933345412835e-05,4.111570888198912e-06,8479,
273,0.002991934074088931,6.477381248259917e-05,3.7836730371054728e-06,8489,
273,,,,8493,0.0030615737196058035
274,0.00285389949567616,6.480400770669803e-05,3.838504198938608e-06,8499,
274,0.002959646750241518,6.442191079258919e-05,3.7345942018873757e-06,8509,
274,0.0025020812172442675,6.291563477134332e-05,3.7047354908281704e-06,8519,
274,,,,8524,0.0033184238709509373
275,0.003361935494467616,6.795900844736025e-05,3.9847491279942915e-06,8529,
275,0.0027056680992245674,6.557316373800859e-05,3.862812263832893e-06,8539,
275,0.002733288798481226,6.654587195953354e-05,3.86199508284335e-06,8549,
275,,,,8555,0.0031556757166981697
276,0.0025919503532350063,6.459037103923038e-05,3.8507309909618925e-06,8559,
276,0.0027894191443920135,6.360947736538947e-05,3.82505959350965e-06,8569,
276,0.0026485666166990995,6.41363367321901e-05,3.846114395855693e-06,8579,
276,,,,8586,0.003005220089107752
277,0.0029350051190704107,6.349373143166304e-05,3.7640695609297836e-06,8589,
277,0.0025706461165100336,6.2670158513356e-05,3.840508270513965e-06,8599,
277,0.002677261596545577,6.764198042219505e-05,4.024567715532612e-06,8609,
277,,,,8617,0.002792221726849675
278,0.002800366375595331,6.347005546558648e-05,3.954920885007596e-06,8619,
278,0.002832830185070634,6.515162385767326e-05,3.948057383240666e-06,8629,
278,0.0025905142538249493,6.545840733451769e-05,3.865940925606992e-06,8639,
278,,,,8648,0.002768720733001828
279,0.0027179622557014227,6.468293577199802e-05,3.7551353671005927e-06,8649,
279,0.0025816147681325674,6.507211946882308e-05,3.819040102825966e-06,8659,
279,0.0029279543086886406,6.524812488351017e-05,3.976046173193026e-06,8669,
279,0.0009640798671171069,5.8097608416574076e-05,2.5467615571983515e-08,8679,
279,,,,8679,0.002856639912351966
280,0.002788079436868429,6.750301690772176e-05,3.888171704602428e-06,8689,
280,0.002802097238600254,6.42962331767194e-05,3.7278225590853253e-06,8699,
280,0.0024918646086007357,6.266434502322227e-05,3.90082323065144e-06,8709,
280,,,,8710,0.003008052473887801
281,0.0027815536595880985,6.643477536272258e-05,3.910767190973274e-06,8719,
281,0.002754713874310255,6.34557000012137e-05,3.986816409451421e-06,8729,
281,0.002737794304266572,6.447231135098264e-05,3.775444383791182e-06,8739,
281,,,,8741,0.002841584850102663
282,0.0028097450267523527,6.506467616418377e-05,3.7971472011122387e-06,8749,
282,0.0027136739809066057,6.419229612220079e-05,3.7628558402502676e-06,8759,
282,0.002778664231300354,6.462828605435789e-05,3.908658527507214e-06,8769,
282,,,,8772,0.002896710531786084
283,0.0028505611699074507,6.736637442372739e-05,3.940016540582292e-06,8779,
283,0.00267519592307508,6.452714296756312e-05,4.044358774990542e-06,8789,
283,0.0029350311961025,6.377626414177939e-05,3.7280212836776627e-06,8799,
283,,,,8803,0.002834870247170329
284,0.002604388166218996,6.583377398783341e-05,3.873931746056769e-06,8809,
284,0.0026904388796538115,6.414070230675861e-05,3.7883908134972444e-06,8819,
284,0.002483883174136281,6.264408148126677e-05,3.7301952033885755e-06,8829,
284,,,,8834,0.002831826452165842
285,0.0027534207329154015,6.424824096029624e-05,3.7619472550431965e-06,8839,
285,0.0026885480619966984,6.439737626351416e-05,3.7752861317130737e-06,8849,
285,0.0026985849253833294,6.596992898266762e-05,3.863601250486681e-06,8859,
285,,,,8865,0.002884061774238944
286,0.002580746542662382,6.35115138720721e-05,3.909433871740475e-06,8869,
286,0.0027582135517150164,6.372000643750653e-05,3.886388185492251e-06,8879,
286,0.002529994584619999,6.353131902869791e-05,3.8590342228417285e-06,8889,
286,,,,8896,0.0029566066805273294
287,0.003360735485330224,6.479425792349502e-05,3.6380672554514604e-06,8899,
287,0.002694708527997136,6.421616853913292e-05,3.7615393466694513e-06,8909,
287,0.0025086000096052885,6.667218258371577e-05,3.9384394767694175e-06,8919,
287,,,,8927,0.002800771500915289
288,0.0031909351237118244,6.439790013246238e-05,3.982686848758021e-06,8929,
288,0.002765938173979521,6.648959242738783e-05,3.91317598769092e-06,8939,
288,0.002507997676730156,6.545881478814408e-05,3.827691671176581e-06,8949,
288,,,,8958,0.0028986025135964155
289,0.002833324484527111,6.381401908583939e-05,3.6805490708502475e-06,8959,
289,0.002619872335344553,6.650458817603067e-05,3.752501243070583e-06,8969,
289,0.0027649144176393747,6.461078737629578e-05,3.912396550731501e-06,8979,
289,0.0008917259983718395,5.571260044234805e-05,2.5115367563444124e-08,8989,
289,,,,8989,0.002734470646828413
290,0.0026458147913217545,6.605742237297818e-05,3.845571427518735e-06,8999,
290,0.0026779600884765387,6.41340302536264e-05,3.7071733913762728e-06,9009,
290,0.0025228329468518496,6.342089181998745e-05,3.899688636010978e-06,9019,
290,,,,9020,0.0027704632375389338
291,0.0025776210241019726,6.566476804437116e-05,3.934170308639295e-06,9029,
291,0.002891751006245613,6.329485040623695e-05,4.005444225185784e-06,9039,
291,0.0026824125088751316,6.461079465225339e-05,3.7549787066382123e-06,9049,
291,,,,9051,0.002862163819372654
292,0.002841153647750616,6.522304465761408e-05,3.745851017811219e-06,9059,
292,0.0027291246224194765,6.392664363374934e-05,3.712651277965051e-06,9069,
292,0.00263137836009264,6.427623884519562e-05,3.860667220578762e-06,9079,
292,,,,9082,0.002899083076044917
293,0.0027124613989144564,6.602278153877705e-05,3.861111963487929e-06,9089,
293,0.0026157661341130733,6.508173828478903e-05,3.959894456784241e-06,9099,
293,0.0028193353209644556,6.376392411766574e-05,3.6835619994235458e-06,9109,
293,,,,9113,0.0028173259925097227
294,0.0026347197126597166,6.682582170469686e-05,3.853713678836357e-06,9119,
294,0.0025701881386339664,6.314706115517765e-05,3.746073616639478e-06,9129,
294,0.0022989660501480103,6.218437192728743e-05,3.6878921036986867e-06,9139,
294,,,,9144,0.002963015343993902
295,0.00273355795070529,6.479158764705062e-05,3.771170668187551e-06,9149,
295,0.0025874704588204622,6.458681309595704e-05,3.8001742268534144e-06,9159,
295,0.002626319183036685,6.597098399652168e-05,3.866740826197201e-06,9169,
295,,,,9175,0.0027400588151067495
296,0.0024837986566126347,6.590067641809583e-05,3.875797119690105e-06,9179,
296,0.0025455185677856207,6.393583316821605e-05,3.863053734676214e-06,9189,
296,0.0023955286014825106,6.383826985256746e-05,3.861216555378633e-06,9199,
296,,,,9206,0.0027717628981918097
297,0.0031546284444630146,6.658046186203137e-05,3.6192441257298924e-06,9209,
297,0.0025763162411749363,6.243000825634226e-05,3.6862713841401273e-06,9219,
297,0.0024482484441250563,6.639240746153519e-05,3.866573933919426e-06,9229,
297,,,,9237,0.0029730163514614105
298,0.003603491000831127,6.610444688703865e-05,4.021010227006627e-06,9239,
298,0.0026550607290118933,6.47292981739156e-05,3.8578205021622125e-06,9249,
298,0.0026265382766723633,6.648907583439723e-05,3.7607433114317246e-06,9259,
298,,,,9268,0.0035556366201490164
299,0.003420646069571376,6.41816295683384e-05,3.595313955884194e-06,9269,
299,0.0032913764007389545,6.5919230110012e-05,3.870197360811289e-06,9279,
299,0.003079602960497141,6.626138201681897e-05,3.875124093610793e-06,9289,
299,0.000987385748885572,5.627952850772999e-05,2.536065046854219e-08,9299,
299,,,,9299,0.0035329407546669245
300,0.0027803941629827023,6.893806130392477e-05,3.905039648088859e-06,9309,
300,0.0026805931702256203,6.564298382727429e-05,3.7168579183344264e-06,9319,
300,0.0023372347932308912,6.218982161954045e-05,3.828321041510208e-06,9329,
300,,,,9330,0.002698133699595928
301,0.00245053693652153,6.50945512461476e-05,3.8105308703961782e-06,9339,
301,0.002499729162082076,6.306793511612341e-05,3.900041065207915e-06,9349,
301,0.002565003465861082,6.450285582104698e-05,3.7477477690117666e-06,9359,
301,,,,9361,0.0026645485777407885
302,0.0026797351893037558,6.37816556263715e-05,3.7310253446776187e-06,9369,
302,0.002556733088567853,6.485483754659072e-05,3.712685156642692e-06,9379,
302,0.0025598492939025164,6.458084681071341e-05,3.806837639785954e-06,9389,
302,,,,9392,0.0026313522830605507
303,0.0026587271131575108,6.701643724227324e-05,3.861037384922383e-06,9399,
303,0.0025861775502562523,6.488944200100377e-05,3.997000931121875e-06,9409,
303,0.002880049403756857,6.45577601972036e-05,3.6968622225685976e-06,9419,
303,,,,9423,0.00267063663341105
304,0.002580481581389904,6.566519004991278e-05,3.7880211039009737e-06,9429,
304,0.002644853200763464,6.333015335258096e-05,3.676320147860679e-06,9439,
304,0.002453756518661976,6.317913357634097e-05,3.6343260489957174e-06,9449,
304,,,,9454,0.0027462041471153498
305,0.002857619896531105,6.48905333946459e-05,3.7477573187061353e-06,9459,
305,0.002684615086764097,6.540730828419328e-05,3.780885663218214e-06,9469,
305,0.0027065423782914877,6.572851998498663e-05,3.808895826296066e-06,9479,
305,,,,9485,0.002839209046214819
306,0.0027074648533016443,6.856113759567961e-05,3.876412847603206e-06,9489,
306,0.0025906141381710768,6.36601253063418e-05,3.7795068692503264e-06,9499,
306,0.002470022765919566,6.456572009483352e-05,3.778695599976345e-06,9509,
306,,,,9516,0.0027733666356652975
307,0.0031524542719125748,6.751518958481029e-05,3.5827295050694374e-06,9519,
307,0.0023772206623107195,6.261302769416943e-05,3.7084289488120703e-06,9529,
307,0.002462265780195594,6.804105214541778e-05,3.927862053387798e-06,9539,
307,,,,9547,0.0029925755225121975
308,0.003472870448604226,6.610699347220361e-05,3.995704901171848e-06,9549,
308,0.0025848352815955877,6.465829937951639e-05,3.7849506497877883e-06,9559,
308,0.0025279035326093435,6.56910051475279e-05,3.729816853592638e-06,9569,
308,,,,9578,0.0028167569544166327
309,0.0027451899368315935,6.366419984260574e-05,3.6286969589127693e-06,9579,
309,0.002381187165156007,6.465736078098416e-05,3.720518861882738e-06,9589,
309,0.0025619762018322945,6.462894816650078e-05,3.85559815185843e-06,9599,
309,0.0008476848597638309,5.479125684360042e-05,2.4664286613074182e-08,9609,
309,,,,9609,0.0026770143304020166
310,0.0025348470080643892,6.58068383927457e-05,3.8780676732130814e-06,9619,
310,0.002410304034128785,6.475872942246497e-05,3.7281720324244816e-06,9629,
310,0.0022743872832506895,6.312773621175438e-05,3.820220626948867e-06,9639,
310,,,,9640,0.0025306909810751677
311,0.002366301603615284,6.56140546198003e-05,3.847754669550341e-06,9649,
311,0.002542796079069376,6.327309529297054e-05,3.907716290996177e-06,9659,
311,0.0025254436768591404,6.449295324273407e-05,3.706581082951743e-06,9669,
311,,,,9671,0.002630901290103793
312,0.0026977593079209328,6.469844811363146e-05,3.699127773870714e-06,9679,
312,0.002592141041532159,6.481377931777388e-05,3.6496553548204247e-06,9689,
312,0.0025915580336004496,6.450759246945381e-05,3.8051327919674804e-06,9699,
312,,,,9702,0.0025753462687134743
313,0.0026323937345296144,6.608924741158262e-05,3.837258191197179e-06,9709,
313,0.002448120154440403,6.475646659964696e-05,3.928563273802865e-06,9719,
313,0.0027599011082202196,6.434542592614889e-05,3.629297452789615e-06,9729,
313,,,,9733,0.002596410922706127
314,0.00250837579369545,6.56727934256196e-05,3.7861486816836987e-06,9739,
314,0.0025019096210598946,6.391897477442399e-05,3.7015236102888593e-06,9749,
314,0.002208306919783354,6.220391514943913e-05,3.619776862251456e-06,9759,
314,,,,9764,0.0027005719020962715
315,0.002871283097192645,6.501732423203066e-05,3.6713886402139906e-06,9769,
315,0.002411354100331664,6.432062218664214e-05,3.6860226373391924e-06,9779,
315,0.002442958764731884,6.519848830066621e-05,3.762729420486721e-06,9789,
315,,,,9795,0.002692746464163065
316,0.0025535128079354763,6.611204298678786e-05,3.85501334676519e-06,9799,
316,0.00246319267898798,6.379862315952778e-05,3.804487278102897e-06,9809,
316,0.0022770697250962257,6.364389992086217e-05,3.8093962757557165e-06,9819,
316,,,,9826,0.002572224708274007
317,0.003010506508871913,6.649910210398957e-05,3.573381036403589e-06,9829,
317,0.0024089340586215258,6.270013545872644e-05,3.6290309708419954e-06,9839,
317,0.0022731367498636246,6.624007801292464e-05,3.83112319468637e-06,9849,
317,,,,9857,0.0026351904962211847
318,0.003021818120032549,6.47658234811388e-05,3.908676717401249e-06,9859,
318,0.0026710836682468653,6.770723121007904e-05,3.855491286230972e-06,9869,
318,0.002317252103239298,6.534990097861737e-05,3.7669694847863866e-06,9879,
318,,,,9888,0.002528625773265958
319,0.002467005280777812,6.402487633749843e-05,3.6229052966518793e-06,9889,
319,0.0022796608973294497,6.520237366203219e-05,3.709009433805477e-06,9899,
319,0.0025056637823581696,6.422641308745369e-05,3.82887128580478e-06,9909,
319,0.000798200664576143,5.369374048314057e-05,2.37853434725821e-08,9919,
319,,,,9919,0.0025788696948438883
320,0.0024085647892206907,6.674620817648247e-05,3.761670541280182e-06,9929,
320,0.002389686880633235,6.409912748495117e-05,3.6508397442958085e-06,9939,
320,0.0022420035675168037,6.28199995844625e-05,3.803412482739077e-06,9949,
320,,,,9950,0.0025878038723021746
321,0.002310145879164338,6.548238889081404e-05,3.825831754511455e-06,9959,
321,0.0024073116946965456,6.285318522714078e-05,3.8785760807513725e-06,9969,
321,0.0025098014157265425,6.419554847525433e-05,3.6671938232757384e-06,9979,
321,,,,9981,0.0026495347265154123
322,0.002613306976854801,6.343862332869321e-05,3.6683952657767804e-06,9989,
322,0.0023498437367379665,6.43543535261415e-05,3.681047019199468e-06,9999,
322,0.002584670903161168,6.536926230182871e-05,3.85200701202848e-06,10009,
322,,,,10012,0.0031570754945278168
323,0.0025824178010225296,6.603722431464121e-05,3.802030050792382e-06,10019,
323,0.002462935633957386,6.481546006398275e-05,3.933673724532127e-06,10029,
323,0.0025573940947651863,6.433104135794565e-05,3.6425458347366657e-06,10039,
323,,,,10043,0.002979084849357605
324,0.0023415694013237953,6.352841592160985e-05,3.736923872565967e-06,10049,
324,0.002776928013190627,6.442610174417496e-05,3.605000301831751e-06,10059,
324,0.002352704294025898,6.262087117647752e-05,3.6655903841165127e-06,10069,
324,,,,10074,0.00273603992536664
325,0.002549577271565795,6.652712181676179e-05,3.7564684589597164e-06,10079,
325,0.0025359299033880234,6.624016532441601e-05,3.77000310436415e-06,10089,
325,0.002429864602163434,6.592919089598581e-05,3.7936290482321056e-06,10099,
325,,,,10105,0.003468812210485339
326,0.0029205684550106525,6.735123315593228e-05,3.629738102972624e-06,10109,
326,0.0030689830891788006,6.616416794713587e-05,3.9355595617962535e-06,10119,
326,0.002601726446300745,6.405011663446203e-05,3.865189682983328e-06,10129,
326,,,,10136,0.002959976904094219
327,0.00282167992554605,6.614506855839863e-05,3.7922484352748143e-06,10139,
327,0.0022758396808058023,6.516295979963616e-05,3.7237075503071537e-06,10149,
327,0.002286751288920641,6.670553557341918e-05,3.8260600376816e-06,10159,
327,,,,10167,0.0024214459117501974
328,0.0024297735653817654,6.502764153992757e-05,3.72586782759754e-06,10169,
328,0.0024807751178741455,6.575980660272762e-05,3.84230634153937e-06,10179,
328,0.002235694322735071,6.563797069247812e-05,3.7726183563790983e-06,10189,
328,,,,10198,0.0024103750474750996
329,0.002354895230382681,6.525949720526114e-05,3.6434023513720604e-06,10199,
329,0.002199833746999502,6.449975626310334e-05,3.721618895724532e-06,10209,
329,0.002395621035248041,6.463570025516674e-05,3.7934221381874522e-06,10219,
329,0.0007469896227121353,5.402282113209367e-05,2.38927313489512e-08,10229,
329,,,,10229,0.0024667801335453987
330,0.0023332545533776283,6.649417628068477e-05,3.756397063625627e-06,10239,
330,0.0023188518825918436,6.411413778550923e-05,3.649061454780167e-06,10249,
330,0.002139508491382003,6.373016367433593e-05,3.7836473438801477e-06,10259,
330,,,,10260,0.0024317684583365917
331,0.0022472573909908533,6.623108492931351e-05,3.797811586991884e-06,10269,
331,0.002355779753997922,6.341002153931186e-05,3.875391485053115e-06,10279,
331,0.0024110330268740654,6.500021845567971e-05,3.654824467957951e-06,10289,
331,,,,10291,0.0024990474339574575
332,0.0025402398314327,6.349087925627828e-05,3.6701164844998857e-06,10299,
332,0.0023753659334033728,6.491912790806964e-05,3.6355957035993924e-06,10309,
332,0.002367001725360751,6.468116771429777e-05,3.7690033423132263e-06,10319,
332,,,,10322,0.0024622154887765646
333,0.0024315633345395327,6.582182686543092e-05,3.819166977336863e-06,10329,
333,0.002336141187697649,6.541537004522979e-05,3.8917228266655e-06,10339,
333,0.002530524507164955,6.472705717897043e-05,3.6084632029087516e-06,10349,
333,,,,10353,0.002497390378266573
334,0.002236653584986925,6.39335994492285e-05,3.7045883800601587e-06,10359,
334,0.0023806763347238302,6.315549399005249e-05,3.6058331716048997e-06,10369,
334,0.0020922354888170958,6.221146759344265e-05,3.5383825434109895e-06,10379,
334,,,,10384,0.0025323613081127405
335,0.0023755189031362534,6.748447776772082e-05,3.7051299841550644e-06,10389,
335,0.0023371302522718906,6.504307384602726e-05,3.7150548450881615e-06,10399,
335,0.002483326243236661,6.523399497382343e-05,3.786402203331818e-06,10409,
335,,,,10415,0.0029266513884067535
336,0.0022529226262122393,6.797926471335813e-05,3.653085286714486e-06,10419,
336,0.0022593815810978413,6.339785613818094e-05,3.6704632293549366e-06,10429,
336,0.0021770279854536057,6.350193143589422e-05,3.7695701848861063e-06,10439,
336,,,,10446,0.0025955482851713896
337,0.002487763063982129,6.637803016928956e-05,3.585308149922639e-06,10449,
337,0.002292124554514885,6.354143260978162e-05,3.691784741022275e-06,10459,
337,0.0021598986349999905,6.710327579639852e-05,3.8078110264905263e-06,10469,
337,,,,10477,0.0026342265773564577
338,0.002602278022095561,6.632330769207329e-05,3.784467708101147e-06,10479,
338,0.0024085703771561384,6.491345993708819e-05,3.7276427065080497e-06,10489,
338,0.0022042840719223022,6.574900908162817e-05,3.6586247915693093e-06,10499,
338,,,,10508,0.00252232002094388
339,0.0024424209259450436,6.447835039580241e-05,3.555779812813853e-06,10509,
339,0.0021727627608925104,6.433678208850324e-05,3.6508233733911766e-06,10519,
339,0.002338623395189643,6.445993494708091e-05,3.7398949643829837e-06,10529,
339,0.0007974377949722111,5.331797365215607e-05,2.3555021044785462e-08,10539,
339,,,,10539,0.0026521405670791864
340,0.0024009905755519867,6.71243979013525e-05,3.7920901831967058e-06,10549,
340,0.002301385859027505,6.491375097539276e-05,3.6490582715487108e-06,10559,
340,0.002005118876695633,6.243821553653106e-05,3.6991107208450558e-06,10569,
340,,,,10570,0.0024344143457710743
341,0.0021978975273668766,6.613370351260528e-05,3.717684649018338e-06,10579,
341,0.002252440433949232,6.28856141702272e-05,3.7560200780717423e-06,10589,
341,0.0023808390833437443,6.466128252213821e-05,3.6168191854812903e-06,10599,
341,,,,10601,0.0024454458616673946
342,0.002342129359021783,6.255908374441788e-05,3.6422266020963434e-06,10609,
342,0.0022034798748791218,6.546269287355244e-05,3.6489125250227517e-06,10619,
342,0.0025486182421445847,6.536196451634169e-05,3.7642737424903316e-06,10629,
342,,,,10632,0.0024507821071892977
343,0.002320807194337249,6.516071880469099e-05,3.720656422956381e-06,10639,
343,0.002170427003875375,6.571306585101411e-05,3.7874767713219626e-06,10649,
343,0.002530628815293312,6.509933155030012e-05,3.5172754451195942e-06,10659,
343,,,,10663,0.002546853618696332
344,0.002354600001126528,6.359899998642504e-05,3.682131364257657e-06,10669,
344,0.0023067817091941833,6.405758176697418e-05,3.6658934732258786e-06,10679,
344,0.00229094666428864,6.256336928345263e-05,3.5976627259515226e-06,10689,
344,,,,10694,0.0023837615735828876
345,0.0023186644539237022,6.578311149496585e-05,3.6112758152739843e-06,10699,
345,0.002306847833096981,6.497547292383388e-05,3.550362180249067e-06,10709,
345,0.002332066185772419,6.461902376031503e-05,3.64106813321996e-06,10719,
345,,,,10725,0.00226953299716115
346,0.0020416455809026957,6.833589577581733e-05,3.644242497102823e-06,10729,
346,0.002125407103449106,6.298726657405496e-05,3.6650244510383345e-06,10739,
346,0.0020905653946101665,6.376673263730481e-05,3.6913434087182395e-06,10749,
346,,,,10756,0.0023019895888864994
347,0.002512970007956028,6.59327270113863e-05,3.5211230624554446e-06,10759,
347,0.0021148589439690113,6.277513602981344e-05,3.6151895983493887e-06,10769,
347,0.0021202852949500084,6.521860632346943e-05,3.7682391393900616e-06,10779,
347,,,,10787,0.0022980268113315105
348,0.002358900150284171,6.461725570261478e-05,3.690322273541824e-06,10789,
348,0.002432837849482894,6.463586032623425e-05,3.636807150542154e-06,10799,
348,0.002104380400851369,6.501012103399262e-05,3.6294197798270034e-06,10809,
348,,,,10818,0.0026342824567109346
349,0.0025461267214268446,6.379016122082248e-05,3.5109169402858242e-06,10819,
349,0.0020842731464654207,6.662057421635836e-05,3.6196515793562867e-06,10829,
349,0.0024475313257426023,6.404799205483869e-05,3.667519877126324e-06,10839,
349,0.0006957484874874353,5.27203046658542e-05,2.311131375165587e-08,10849,
349,,,,10849,0.0024601484183222055
350,0.0022831226233392954,6.604611553484574e-05,3.6995311347709503e-06,10859,
350,0.0022238893434405327,6.353954086080194e-05,3.5633411243907176e-06,10869,
350,0.002051143441349268,6.202672375366092e-05,3.6925048334524035e-06,10879,
350,,,,10880,0.002440725453197956
351,0.0022843678016215563,6.654104072367772e-05,3.6990866192354588e-06,10889,
351,0.00219791941344738,6.305929127847776e-05,3.7903171232755994e-06,10899,
351,0.002237653359770775,6.334040517685935e-05,3.59495288648759e-06,10909,
351,,,,10911,0.0024152486585080624
352,0.002390943467617035,6.306322757154703e-05,3.6673984595836373e-06,10919,
352,0.002169364830479026,6.534318526973948e-05,3.5834661957778735e-06,10929,
352,0.002255059313029051,6.349492468871176e-05,3.7070290090923663e-06,10939,
352,,,,10942,0.0025733313523232937
353,0.002317106118425727,6.527889490826055e-05,3.668724957606173e-06,10949,
353,0.0023988508619368076,6.491248495876789e-05,3.822819508059183e-06,10959,
353,0.002337408484891057,6.384788866853341e-05,3.5099121760140406e-06,10969,
353,,,,10973,0.002572527388110757
354,0.002112763933837414,6.320865213638172e-05,3.6551457469613524e-06,10979,
354,0.002245890209451318,6.164623482618481e-05,3.555679313649307e-06,10989,
354,0.002006608759984374,6.153540016384795e-05,3.4736340239760466e-06,10999,
354,,,,11004,0.002324075438082218
355,0.002231375314295292,6.672152085229754e-05,3.638867383415345e-06,11009,
355,0.0021446184255182743,6.413950904970989e-05,3.608263796195388e-06,11019,
355,0.0022084256634116173,6.44016545265913e-05,3.7003624129283708e-06,11029,
355,,,,11035,0.0023404923267662525
356,0.0020569125190377235,6.659470818703994e-05,3.6986841678299243e-06,11039,
356,0.002095024334266782,6.284780101850629e-05,3.6812077723880066e-06,11049,
356,0.002033851807937026,6.31452930974774e-05,3.6906897094013402e-06,11059,
356,,,,11066,0.0022999285720288754
357,0.002684725448489189,6.653415039181709e-05,3.4724755550996633e-06,11069,
357,0.00211909506469965,6.179574847919866e-05,3.5241378100181464e-06,11079,
357,0.0019987523555755615,6.643737287959084e-05,3.711174258569372e-06,11089,
357,,,,11097,0.002359648235142231
358,0.0027784400153905153,6.613336154259741e-05,3.797089448198676e-06,11099,
358,0.0023216658737510443,6.560024485224858e-05,3.7319553030101815e-06,11109,
358,0.0020194416865706444,6.490287341875955e-05,3.6384212762641255e-06,11119,
358,,,,11128,0.002357122953981161
359,0.0022980286739766598,6.493317050626501e-05,3.499786998872878e-06,11129,
359,0.0021387627348303795,6.533401756314561e-05,3.5751352243096335e-06,11139,
359,0.0021856012754142284,6.373006908688694e-05,3.6718786304845707e-06,11149,
359,0.0006693816394545138,5.186066482565366e-05,2.2690477052833558e-08,11159,
359,,,,11159,0.0024212028365582228
360,0.0023531289771199226,6.726956053171307e-05,3.726752311195014e-06,11169,
360,0.0020965004805475473,6.436465628212318e-05,3.615481546148658e-06,11179,
360,0.0020257355645298958,6.209153070813045e-05,3.7021172829554416e-06,11189,
360,,,,11190,0.002684858161956072
361,0.0023871646262705326,6.688656139886007e-05,3.636203928181203e-06,11199,
361,0.0020460840314626694,6.321519322227687e-05,3.740348574865493e-06,11209,
361,0.002189896535128355,6.437787669710815e-05,3.6153296605334617e-06,11219,
361,,,,11221,0.0023647260386496782
362,0.0023492949549108744,6.143579230410978e-05,3.5872162698069587e-06,11229,
362,0.0020823508966714144,6.460928125306964e-05,3.58581905857136e-06,11239,
362,0.002311786636710167,6.425973697332665e-05,3.7141046504984843e-06,11249,
362,,,,11252,0.0025800534058362246
363,0.002195195760577917,6.491921521956101e-05,3.728180445250473e-06,11259,
363,0.002201891504228115,6.443968595704064e-05,3.6897833979310235e-06,11269,
363,0.002239848021417856,6.457787822000682e-05,3.4869635783252306e-06,11279,
363,,,,11283,0.0023045598063617945
364,0.002067007590085268,6.22397565166466e-05,3.6090675621380797e-06,11289,
364,0.002075051888823509,6.2391503888648e-05,3.573710500859306e-06,11299,
364,0.0018917130073532462,6.17619589320384e-05,3.4944669096148573e-06,11309,
364,,,,11314,0.002349645597860217
365,0.0022673935163766146,6.65983825456351e-05,3.6433989407669287e-06,11319,
365,0.002111441222950816,6.435388058889657e-05,3.6067553992324974e-06,11329,
365,0.002144266152754426,6.426445179386064e-05,3.643646323325811e-06,11339,
365,,,,11345,0.0023318298626691103
366,0.001942802919074893,6.491563544841483e-05,3.5888433558284305e-06,11349,
366,0.0021200659684836864,6.203515658853576e-05,3.5494128951540915e-06,11359,
366,0.002101764315739274,6.226006371434778e-05,3.57498720404692e-06,11369,
366,,,,11376,0.0023467359133064747
367,0.0022464825306087732,6.346808368107304e-05,3.4892468647740316e-06,11379,
367,0.0020603672601282597,6.298958032857627e-05,3.586021193768829e-06,11389,
367,0.0021185963414609432,6.677860073978081e-05,3.75192257706658e-06,11399,
367,,,,11407,0.0022262567654252052
368,0.002111101523041725,6.426585605368018e-05,3.629930461102049e-06,11409,
368,0.0024276399053633213,6.434864917537197e-05,3.5429122817731695e-06,11419,
368,0.002153752837330103,6.340949767036363e-05,3.5056891647400334e-06,11429,
368,,,,11438,0.002181049669161439
369,0.0021259281784296036,6.42367813270539e-05,3.481640533209429e-06,11439,
369,0.002138283336535096,6.452629895647988e-05,3.6710150652652374e-06,11449,
369,0.002223216462880373,6.280012166826054e-05,3.690333642225596e-06,11459,
369,0.0008339862688444555,5.104398587718606e-05,2.295528567231031e-08,11469,
369,,,,11469,0.0022254842333495617
370,0.0021284250542521477,6.666617991868407e-05,3.613326498452807e-06,11479,
370,0.002150940243154764,6.378499529091641e-05,3.4844556466850918e-06,11489,
370,0.001793730421923101,6.21993895038031e-05,3.581560122256633e-06,11499,
370,,,,11500,0.0022740336135029793
371,0.002165591809898615,6.925449997652322e-05,3.6393225855135825e-06,11509,
371,0.0020080911926925182,6.241403752937913e-05,3.7095765037520323e-06,11519,
371,0.002081254031509161,6.504730845335871e-05,3.5543364447221393e-06,11529,
371,,,,11531,0.002107259351760149
372,0.002232238184660673,6.199489143909886e-05,3.5460286653687945e-06,11539,
372,0.0020179650746285915,6.457239942392334e-05,3.5413061141298385e-06,11549,
372,0.002112914575263858,6.282780668698251e-05,3.6233702758181607e-06,11559,
372,,,,11562,0.002105429768562317
373,0.0024497059639543295,6.645560642937198e-05,3.595308726289659e-06,11569,
373,0.0019942650105804205,6.468581705121323e-05,3.6632659430324566e-06,11579,
373,0.0021300737280398607,6.382444553310052e-05,3.449631321927882e-06,11589,
373,,,,11593,0.0022413008846342564
374,0.002163708908483386,6.420710269594565e-05,3.657292836578563e-06,11599,
374,0.002043252345174551,6.249135185498744e-05,3.5106195355183445e-06,11609,
374,0.0018291618907824159,5.998389679007232e-05,3.447796871114406e-06,11619,
374,,,,11624,0.0021178312599658966
375,0.0020595139358192682,6.643411325057968e-05,3.5370096611586632e-06,11629,
375,0.00204825378023088,6.355318328132853e-05,3.5015796129300725e-06,11639,
375,0.002096859272569418,6.356149970088154e-05,3.5674956961884163e-06,11649,
375,,,,11655,0.002126389881595969
376,0.0019712490029633045,6.647176633123308e-05,3.623479642556049e-06,11659,
376,0.002004744717851281,6.26921173534356e-05,3.623818656706135e-06,11669,
376,0.0020534121431410313,6.257140194065869e-05,3.616452659116476e-06,11679,
376,,,,11686,0.0020871323067694902
377,0.002330904360860586,6.637546903220937e-05,3.4300549032195704e-06,11689,
377,0.0020062546245753765,6.211897562025115e-05,3.5387822663324187e-06,11699,
377,0.0020419524516910315,6.647392001468688e-05,3.6483493204286788e-06,11709,
377,,,,11717,0.0021518110297620296
378,0.0022481430787593126,6.467756611527875e-05,3.6407168408914004e-06,11719,
378,0.002229259582236409,6.485444464487955e-05,3.5867712995241163e-06,11729,
378,0.0021038532722741365,6.46739499643445e-05,3.523037321429001e-06,11739,
378,,,,11748,0.0022403732873499393
379,0.00219758041203022,6.566795491380617e-05,3.44634213433892e-06,11749,
379,0.0018775903154164553,6.426867184927687e-05,3.5528760236047674e-06,11759,
379,0.0021126456558704376,6.418965494958684e-05,3.6335411550680874e-06,11769,
379,0.0005911464686505497,5.002271063858643e-05,2.2446723590974216e-08,11779,
379,,,,11779,0.002319592284038663
380,0.002039380371570587,6.785778532503173e-05,3.5763277992373332e-06,11789,
380,0.002007559174671769,6.329899042611942e-05,3.4938684621010907e-06,11799,
380,0.001818013028241694,6.276209023781121e-05,3.597432169044623e-06,11809,
380,,,,11810,0.0024744777474552393
381,0.0019355592085048556,6.913505785632879e-05,3.6508965877146693e-06,11819,
381,0.002037664642557502,6.334309000521898e-05,3.702509502545581e-06,11829,
381,0.0020210985094308853,6.695458432659507e-05,3.536434405759792e-06,11839,
381,,,,11841,0.002169276587665081
382,0.0022243645507842302,6.162444333313033e-05,3.5026810110139195e-06,11849,
382,0.002165829297155142,6.480397860286757e-05,3.4650490761123365e-06,11859,
382,0.0020023982506245375,6.219830538611859e-05,3.562274741852889e-06,11869,
382,,,,11872,0.002098480938002467
383,0.002003531204536557,6.688663415843621e-05,3.6431463286135113e-06,11879,
383,0.0019178055226802826,6.378866964951158e-05,3.657170282167499e-06,11889,
383,0.002110690576955676,6.39742283965461e-05,3.436878387219622e-06,11899,
383,,,,11903,0.0020318508613854647
384,0.002074924763292074,6.36019030935131e-05,3.6559490581566934e-06,11909,
384,0.0019680282566696405,6.281166133703664e-05,3.4909453461295925e-06,11919,
384,0.0018263055244460702,6.0103815485490486e-05,3.3575170164112933e-06,11929,
384,,,,11934,0.002037993399426341
385,0.002280141692608595,6.520606984850019e-05,3.429037406021962e-06,11939,
385,0.00201052101328969,6.300280801951885e-05,3.5212165130360518e-06,11949,
385,0.0020593025255948305,6.41713704681024e-05,3.6014819215779426e-06,11959,
385,,,,11965,0.0020893930923193693
386,0.0023097938392311335,6.580742774531245e-05,3.668142653623363e-06,11969,
386,0.00200860807672143,6.264044350245968e-05,3.586456614357303e-06,11979,
386,0.0018648473778739572,6.163118814583868e-05,3.5575017136579845e-06,11989,
386,,,,11996,0.0022345290053635836
387,0.002933901734650135,6.70744848321192e-05,3.3502301448606886e-06,11999,
387,0.0019988268613815308,6.086253051762469e-05,3.4147421956731705e-06,12009,
387,0.0018544667400419712,6.642044172622263e-05,3.5932503124058712e-06,12019,
387,,,,12027,0.0020950590260326862
388,0.002344428328797221,6.6315260482952e-05,3.6570013435266446e-06,12029,
388,0.002121320925652981,6.482679600594565e-05,3.6202850424160715e-06,12039,
388,0.0018767572473734617,6.465736805694178e-05,3.5527264117263258e-06,12049,
388,,,,12058,0.002080902922898531
389,0.0020305896177887917,6.336424121400341e-05,3.435772896409617e-06,12059,
389,0.0018455222016200423,6.430997018469498e-05,3.517385039231158e-06,12069,
389,0.002007564529776573,6.403865700121969e-05,3.5713437682716176e-06,12079,
389,0.0005942542920820415,4.815584543393925e-05,2.204487969947877e-08,12089,
389,,,,12089,0.002016141079366207
390,0.0019489593105390668,6.550190300913528e-05,3.5552077406464377e-06,12099,
390,0.00186898373067379,6.258098437683657e-05,3.489817572699394e-06,12109,
390,0.0017724960343912244,6.146099622128531e-05,3.5756133911490906e-06,12119,
390,,,,12120,0.0020131885539740324
391,0.0018653732258826494,6.679377111140639e-05,3.547227379385731e-06,12129,
391,0.0018566519720479846,6.24784006504342e-05,3.587822220652015e-06,12139,
391,0.0019102627411484718,6.668150308541954e-05,3.532935807015747e-06,12149,
391,,,,12151,0.0021402298007160425
392,0.002081997925415635,6.0997397667961195e-05,3.5446405490802135e-06,12159,
392,0.00196811999194324,6.507457874249667e-05,3.515071057336172e-06,12169,
392,0.001956409774720669,6.130828842287883e-05,3.539334329616395e-06,12179,
392,,,,12182,0.002077287994325161
393,0.0021081860177218914,6.772326014470309e-05,3.5945815852755914e-06,12189,
393,0.0018791562179103494,6.286379357334226e-05,3.5923490031564143e-06,12199,
393,0.002013259334489703,6.350028706947342e-05,3.4191791655757697e-06,12209,
393,,,,12213,0.0021088046487420797
394,0.0019669157918542624,6.225256947800517e-05,3.5066104828729294e-06,12219,
394,0.0019775244873017073,6.121442129369825e-05,3.421676638026838e-06,12229,
394,0.0017474910710006952,5.99333543505054e-05,3.3323897241643863e-06,12239,
394,,,,12244,0.0022446794901043177
395,0.002066373825073242,6.280976958805695e-05,3.503018888295628e-06,12249,
395,0.0019237202359363437,6.290148303378373e-05,3.5273553748993436e-06,12259,
395,0.0019870237447321415,6.246918928809464e-05,3.567087105693645e-06,12269,
395,,,,12275,0.0022089965641498566
396,0.001897879526950419,6.475480040535331e-05,3.5476593893690733e-06,12279,
396,0.0019043601350858808,6.145923543954268e-05,3.478711732896045e-06,12289,
396,0.0020103228744119406,6.225890683708712e-05,3.4944546314363834e-06,12299,
396,,,,12306,0.0026269780937582254
397,0.002291533164680004,6.556672451552004e-05,3.373770368853002e-06,12309,
397,0.001945101423189044,6.302849214989692e-05,3.4979241263499716e-06,12319,
397,0.0018229859415441751,6.523141928482801e-05,3.56537634615961e-06,12329,
397,,,,12337,0.0020577649120241404
398,0.0020248941145837307,6.527645018650219e-05,3.5985706290375674e-06,12339,
398,0.001973983133211732,6.279591616475955e-05,3.529206878738478e-06,12349,
398,0.0018166438676416874,6.323807610897347e-05,3.4681906981859356e-06,12359,
398,,,,12368,0.0021145350765436888
399,0.0020555309019982815,6.274688348639756e-05,3.402692755116732e-06,12369,
399,0.001766378991305828,6.257175118662417e-05,3.5001339711016044e-06,12379,
399,0.001951063983142376,6.374547228915617e-05,3.550914243533043e-06,12389,
399,0.0006088315858505666,4.793535845237784e-05,2.2253191289678398e-08,12399,
399,,,,12399,0.0020095130894333124
400,0.0018991866381838918,6.417358963517472e-05,3.5325463159097126e-06,12409,
400,0.0018566969083622098,6.252891034819186e-05,3.4319109545322135e-06,12419,
400,0.0016814396949484944,6.061263775336556e-05,3.496152885418269e-06,12429,
400,,,,12430,0.0019313779193907976
401,0.0017459457740187645,6.68213251628913e-05,3.5639757243188797e-06,12439,
401,0.0018627381650730968,6.316362851066515e-05,3.6120059121458326e-06,12449,
401,0.0018595731817185879,6.55699914204888e-05,3.4923170915135415e-06,12459,
401,,,,12461,0.0020133396610617638
402,0.002005190122872591,6.149315595394e-05,3.4956685794895748e-06,12469,
402,0.0019608805887401104,6.568267417605966e-05,3.465627969490015e-06,12479,
402,0.001915784552693367,6.154143920866773e-05,3.4975860216945875e-06,12489,
402,,,,12492,0.0019652137998491526
403,0.002090592635795474,6.807247700635344e-05,3.537551265253569e-06,12499,
403,0.0018165489891543984,6.321568071143702e-05,3.5399834814597853e-06,12509,
403,0.0019237460801377892,6.336487422231585e-05,3.3614128369663376e-06,12519,
403,,,,12523,0.002035305369645357
404,0.0018844334408640862,6.12668736721389e-05,3.517372306305333e-06,12529,
404,0.0019017899176105857,6.107688386691734e-05,3.402982656552922e-06,12539,
404,0.001666124677285552,5.8810048358282074e-05,3.3133189845102606e-06,12549,
404,,,,12554,0.0019928745459765196
405,0.0019505725940689445,6.306669092737138e-05,3.399065008125035e-06,12559,
405,0.0018769556190818548,6.206047692103311e-05,3.436397719269735e-06,12569,
405,0.0018557702424004674,6.158719043014571e-05,3.501633273117477e-06,12579,
405,,,,12585,0.0019252817146480083
406,0.0020023358520120382,6.444758764700964e-05,3.556402589310892e-06,12589,
406,0.0017663968028500676,6.352147465804592e-05,3.5075738651357824e-06,12599,
406,0.001786267152056098,6.0707337979692966e-05,3.4774184314301237e-06,12609,
406,,,,12616,0.001916476059705019
407,0.002466464415192604,6.569344986928627e-05,3.3296807941951556e-06,12619,
407,0.0017713840352371335,6.115046562626958e-05,3.394305394976982e-06,12629,
407,0.0017282933695241809,6.480255979113281e-05,3.5597331589087844e-06,12639,
407,,,,12647,0.001978134037926793
408,0.002353496616706252,6.918040162418038e-05,3.574648189896834e-06,12649,
408,0.0019472837448120117,6.200119241839275e-05,3.4485087780922186e-06,12659,
408,0.0017949799075722694,6.26997061772272e-05,3.411694706301205e-06,12669,
408,,,,12678,0.0019952538423240185
409,0.0019639546517282724,6.49858484393917e-05,3.379732333996799e-06,12679,
409,0.001778809237293899,6.592968566110358e-05,3.4588879316288512e-06,12689,
409,0.0018958832370117307,6.424610910471529e-05,3.501682385831373e-06,12699,
409,0.0005167578347027302,4.7038058255566284e-05,2.18201012813779e-08,12709,
409,,,,12709,0.002173492917791009
410,0.0019845422357320786,6.576245505129918e-05,3.5555119666241808e-06,12719,
410,0.0019094517920166254,6.478245632024482e-05,3.493259782771929e-06,12729,
410,0.0017781035276129842,6.142076017567888e-05,3.538364808264305e-06,12739,
410,,,,12740,0.0022067201789468527
411,0.0018685009563341737,6.510621460620314e-05,3.4768154364428483e-06,12749,
411,0.0017874310724437237,6.266823038458824e-05,3.5167759051546454e-06,12759,
411,0.0017993859946727753,6.472413224400952e-05,3.4698973649938125e-06,12769,
411,,,,12771,0.0022951748687773943
412,0.002014260273426771,6.012209996697493e-05,3.5263929021311924e-06,12779,
412,0.0018660216592252254,6.612757715629414e-05,3.506813982312451e-06,12789,
412,0.0018960887100547552,6.122855847934261e-05,3.4858189792430494e-06,12799,
412,,,,12802,0.00192923448048532
413,0.0018650612328201532,6.829783524153754e-05,3.5588302580435993e-06,12809,
413,0.0017884400440379977,6.364659202517942e-05,3.552499265424558e-06,12819,
413,0.0019062366336584091,6.311468314379454e-05,3.32983177031565e-06,12829,
413,,,,12833,0.0018463981105014682
414,0.0016984149115160108,6.0091395425843075e-05,3.46830074704485e-06,12839,
414,0.0017739486647769809,6.0747330280719325e-05,3.3931114558072295e-06,12849,
414,0.001614993205294013,5.914471694268286e-05,3.2855712106538704e-06,12859,
414,,,,12864,0.0018668855773285031
415,0.001848210347816348,6.275049963733181e-05,3.3610012906137854e-06,12869,
415,0.001787083107046783,6.180995114846155e-05,3.397088903511758e-06,12879,
415,0.0018886127509176731,6.159718031994998e-05,3.446189339229022e-06,12889,
415,,,,12895,0.0018479484133422375
416,0.0018110501114279032,6.307240255409852e-05,3.476343863439979e-06,12899,
416,0.0017426873091608286,6.39298596070148e-05,3.467865553830052e-06,12909,
416,0.0018189692636951804,6.06706780672539e-05,3.4530742141214432e-06,12919,
416,,,,12926,0.00185603357385844
417,0.0021966947242617607,6.480528827523813e-05,3.2907805689319503e-06,12929,
417,0.0017591760260984302,6.087977817514911e-05,3.36189623340033e-06,12939,
417,0.0017459348309785128,6.409025809261948e-05,3.495693363220198e-06,12949,
417,,,,12957,0.0019147886196151376
418,0.0020716888830065727,6.75413102726452e-05,3.5106770610582316e-06,12959,
418,0.0018951382953673601,6.31963848718442e-05,3.422924692131346e-06,12969,
418,0.0017039715312421322,6.19225756963715e-05,3.390424126337166e-06,12979,
418,,,,12988,0.001961395377293229
419,0.0019171907333657146,6.228929851204157e-05,3.338333044666797e-06,12989,
419,0.001648164470680058,6.297567597357556e-05,3.426935109018814e-06,12999,
419,0.0018651154823601246,6.363598367897794e-05,3.4565996429591905e-06,13009,
419,0.0005009434535168111,4.6453973482130095e-05,2.1659211313362903e-08,13019,
419,,,,13019,0.0018208256224170327
420,0.0018033977830782533,6.48505738354288e-05,3.436755378061207e-06,13029,
420,0.0017801757203415036,6.262557144509628e-05,3.3761059512471547e-06,13039,
420,0.0016263766447082162,6.002333975629881e-05,3.4524916827649577e-06,13049,
420,,,,13050,0.0018235992174595594
421,0.0018969802185893059,6.640575884375721e-05,3.488938318696455e-06,13059,
421,0.0019138099160045385,6.15150056546554e-05,3.512241391945281e-06,13069,
421,0.0018475259421393275,6.518771260743961e-05,3.439200327193248e-06,13079,
421,,,,13081,0.0022119181230664253
422,0.0021919962018728256,5.8888464991468936e-05,3.3522494504723e-06,13089,
422,0.0019528710981830955,6.458641291828826e-05,3.3436847388657043e-06,13099,
422,0.001799724530428648,6.051631135051139e-05,3.3717931273713475e-06,13109,
422,,,,13112,0.0019860065076500177
423,0.0017864195397123694,6.82872487232089e-05,3.48074581779656e-06,13119,
423,0.0017436037305742502,6.354362267302349e-05,3.4671386401896598e-06,13129,
423,0.001856048358604312,6.340918480418622e-05,3.296972636235296e-06,13139,
423,,,,13143,0.0018737034406512976
424,0.001775802462361753,6.011801815475337e-05,3.4430859159328975e-06,13149,
424,0.0017572272336110473,6.131409463705495e-05,3.3536132377776084e-06,13159,
424,0.0015745486598461866,5.791019066236913e-05,3.2292116429744055e-06,13169,
424,,,,13174,0.0018730324227362871
425,0.0019814949482679367,6.19763377471827e-05,3.307839961053105e-06,13179,
425,0.0017987147439271212,6.218242197064683e-05,3.3783983326429734e-06,13189,
425,0.0018067529890686274,6.06228677497711e-05,3.446606797297136e-06,13199,
425,,,,13205,0.001829309738241136
426,0.001998066669330001,6.244904216146097e-05,3.491435563773848e-06,13209,
426,0.0016859647585079074,6.43600506009534e-05,3.4428924209350953e-06,13219,
426,0.001706706709228456,5.98010046815034e-05,3.3816204449976794e-06,13229,
426,,,,13236,0.0018575155409052968
427,0.002501292619854212,6.583585491171107e-05,3.2554135032114573e-06,13239,
427,0.001654543331824243,6.059457882656716e-05,3.2795385322970105e-06,13249,
427,0.0016377483261749148,6.415216921595857e-05,3.4938782391691348e-06,13259,
427,,,,13267,0.0019058403559029102
428,0.0023565024603158236,6.901251617819071e-05,3.551736426743446e-06,13269,
428,0.0018018236150965095,6.275728082982823e-05,3.4135725854866905e-06,13279,
428,0.0016636266373097897,6.177881004987285e-05,3.3428696042392403e-06,13289,
428,,,,13298,0.0019060405902564526
429,0.0018736929632723331,6.283821858232841e-05,3.309637349957484e-06,13299,
429,0.0016766772605478764,6.38934361631982e-05,3.3776129839679925e-06,13309,
429,0.0018037157133221626,6.4042404119391e-05,3.3991943837463623e-06,13319,
429,0.000484773307107389,4.603915294865146e-05,2.135275600778641e-08,13329,
429,,,,13329,0.0018870721105486155
430,0.0017752430867403746,6.447943451348692e-05,3.434079644648591e-06,13339,
430,0.001669536461122334,6.297657819231972e-05,3.37296910402074e-06,13349,
430,0.00158208841457963,6.0172314988449216e-05,3.4339880130573874e-06,13359,
430,,,,13360,0.0018203536747023463
431,0.0016416289145126939,6.594875594601035e-05,3.4979132124135504e-06,13369,
431,0.001671629841439426,6.17563709965907e-05,3.5057578315900173e-06,13379,
431,0.001703831017948687,6.395862874342129e-05,3.408836391827208e-06,13389,
431,,,,13391,0.001841290737502277
432,0.001957084285095334,5.9473812143551186e-05,3.350965926074423e-06,13399,
432,0.0017728866077959538,6.480961747001857e-05,3.3466083095845534e-06,13409,
432,0.0017428689170628786,6.027834751876071e-05,3.366722012287937e-06,13419,
432,,,,13422,0.0018647961551323533
433,0.0019384796032682061,7.006677333265543e-05,3.5606469737103907e-06,13429,
433,0.0016691595083102584,6.313212361419573e-05,3.485328306851443e-06,13439,
433,0.0017530758632346988,6.328185554593801e-05,3.2849084163899533e-06,13449,
433,,,,13453,0.002033842261880636
434,0.0019383623730391264,6.0345402744133025e-05,3.36109087584191e-06,13459,
434,0.0017276722937822342,6.218189810169861e-05,3.3751157388905995e-06,13469,
434,0.001579577219672501,5.8754143537953496e-05,3.218506208213512e-06,13479,
434,,,,13484,0.0019273635698482394
435,0.0019426146754994988,6.169798143673688e-05,3.3628882647462888e-06,13489,
435,0.0017095338553190231,6.27266927040182e-05,3.395902467673295e-06,13499,
435,0.001910629216581583,6.063660839572549e-05,3.449415544309886e-06,13509,
435,,,,13515,0.002099194098263979
436,0.0015883231535553932,6.2785686168354e-05,3.3462374631199054e-06,13519,
436,0.0017690076492726803,6.352304626489058e-05,3.3432513646403095e-06,13529,
436,0.0016336824046447873,5.97835132793989e-05,3.3891815292008687e-06,13539,
436,,,,13546,0.0020521669648587704
437,0.0019934079609811306,6.460170698119327e-05,3.2802786336105783e-06,13549,
437,0.0017803712980821729,6.103991472627968e-05,3.3299425012955908e-06,13559,
437,0.0016422647750005126,6.431289511965588e-05,3.4500912988733035e-06,13569,
437,,,,13577,0.0018142416374757886
438,0.0018170747207477689,6.654135358985513e-05,3.4274273730261484e-06,13579,
438,0.0018859688425436616,6.194231536937878e-05,3.4146892176067922e-06,13589,
438,0.0016731838695704937,6.109495734563097e-05,3.331881771373446e-06,13599,
438,,,,13608,0.0017487473087385297
439,0.0017238412983715534,6.22040533926338e-05,3.3087283100030618e-06,13609,
439,0.0016728205373510718,6.26853434368968e-05,3.349460939716664e-06,13619,
439,0.0017609443748369813,6.293784099398181e-05,3.3731607800291386e-06,13629,
439,0.0004862553905695677,4.649218681151979e-05,2.115147168524345e-08,13639,
439,,,,13639,0.0018147833179682493
440,0.0018527425127103925,6.703258259221911e-05,3.4133654480683617e-06,13649,
440,0.0016415020218119025,6.276141357375309e-05,3.3460210033808835e-06,13659,
440,0.001622338080778718,6.0027785366401076e-05,3.4211591355415294e-06,13669,
440,,,,13670,0.0018242523074150085
441,0.0015899126883596182,6.820304406573996e-05,3.4167223930126056e-06,13679,
441,0.0016258925898000598,6.266720447456464e-05,3.4243360005348222e-06,13689,
441,0.001698027248494327,6.351798219839111e-05,3.3553374123584945e-06,13699,
441,,,,13701,0.0018221669597551227
442,0.0018856951501220465,5.9934245655313134e-05,3.3288354188698577e-06,13709,
442,0.0017184698954224586,6.468156789196655e-05,3.3220530895050615e-06,13719,
442,0.0016831062966957688,6.0215261328266934e-05,3.331973630338325e-06,13729,
442,,,,13732,0.0018430602503940463
443,0.001829766551963985,6.963581836316735e-05,3.50601067111711e-06,13739,
443,0.0016149610746651888,6.358879909384996e-05,3.4453985335858306e-06,13749,
443,0.001695614424534142,6.276450585573912e-05,3.2549919524171855e-06,13759,
443,,,,13763,0.0018535663839429617
444,0.001784999156370759,6.058996223146096e-05,3.3495041407149984e-06,13769,
444,0.0016435806173831224,6.119115278124809e-05,3.2780005767563125e-06,13779,
444,0.0015347662847489119,5.841058009536937e-05,3.161326276313048e-06,13789,
444,,,,13794,0.001865470432676375
445,0.0018426714232191443,6.131632108008489e-05,3.3118144528998528e-06,13799,
445,0.001683742506429553,6.358726386679336e-05,3.354346517880913e-06,13809,
445,0.0017133295768871903,5.994506136630662e-05,3.3847747999971034e-06,13819,
445,,,,13825,0.0018914890242740512
446,0.0017835283651947975,6.218332418939099e-05,3.3760559290385572e-06,13829,
446,0.0016346329357475042,6.268290599109605e-05,3.3271810480073327e-06,13839,
446,0.0018009336199611425,5.990135468891822e-05,3.295059286756441e-06,13849,
446,,,,13856,0.002203092910349369
447,0.0020281218457967043,6.359503458952531e-05,3.225693717467948e-06,13859,
447,0.0018379100365564227,6.076792487874627e-05,3.3516387247800594e-06,13869,
447,0.0015772146871313453,6.313138146651909e-05,3.3917474411282456e-06,13879,
447,,,,13887,0.001800169819034636
448,0.0018057271372526884,6.646854308201e-05,3.4334796055190964e-06,13889,
448,0.0017146568279713392,6.110104004619643e-05,3.357085006427951e-06,13899,
448,0.0015667107654735446,6.015061080688611e-05,3.2624268442305038e-06,13909,
448,,,,13918,0.0018829822074621916
449,0.001848416170105338,6.204649253049865e-05,3.25543282997387e-06,13919,
449,0.0015314448392018676,6.106538057792932e-05,3.3190849535458256e-06,13929,
449,0.001730885822325945,6.25688408035785e-05,3.379316922291764e-06,13939,
449,0.0005025567952543497,4.557233478408307e-05,2.1233935498798928e-08,13949,
449,,,,13949,0.001795765245333314
450,0.0016931050922721624,6.439594289986417e-05,3.3805908969952725e-06,13959,
450,0.001616703812032938,6.437047704821452e-05,3.282293619122356e-06,13969,
450,0.0014645057963207364,5.95867277297657e-05,3.3182639072038e-06,13979,
450,,,,13980,0.0017091415356844664
451,0.0015093975234776735,6.713089533150196e-05,3.389976882317569e-06,13989,
451,0.0016294491942971945,6.323801790131256e-05,3.4459442304068943e-06,13999,
451,0.001597140566445887,6.334252975648269e-05,3.3459716632933123e-06,14009,
451,,,,14011,0.0017541272100061178
452,0.0017399800708517432,6.122310878708959e-05,3.320712949061999e-06,14019,
452,0.0017385914688929915,6.460082659032196e-05,3.294207772341906e-06,14029,
452,0.0016706765163689852,6.0264330386416987e-05,3.299442823845311e-06,14039,
452,,,,14042,0.0016910340636968613
453,0.0017162193544209003,6.911923992447555e-05,3.3943140351766488e-06,14049,
453,0.0015628032851964235,6.347489397739992e-05,3.364805934324977e-06,14059,
453,0.0016524677630513906,6.265028787311167e-05,3.200197625119472e-06,14069,
453,,,,14073,0.0017153286607936025
454,0.0016476252349093556,6.0862850659759715e-05,3.3635933505138382e-06,14079,
454,0.00168989144731313,6.123836647020653e-05,3.2503555758012226e-06,14089,
454,0.0014665924245491624,5.835203410242684e-05,3.132273604933289e-06,14099,
454,,,,14104,0.0017448945436626673
455,0.0017095535295084119,6.0048078012187034e-05,3.2330590329365805e-06,14109,
455,0.0016706177266314626,6.42025115666911e-05,3.2907842069107573e-06,14119,
455,0.0016350336372852325,5.941928247921169e-05,3.335367409817991e-06,14129,
455,,,,14135,0.0017264188500121236
456,0.0017403482925146818,6.129840039648116e-05,3.3612000152061228e-06,14139,
456,0.0015896137338131666,6.224214303074405e-05,3.3203741622855887e-06,14149,
456,0.0015777719672769308,5.9654645156115294e-05,3.2790121622383595e-06,14159,
456,,,,14166,0.00170807761605829
457,0.002201599068939686,6.367161404341459e-05,3.1802123885427136e-06,14169,
457,0.0015063704922795296,5.801957013318315e-05,3.1929694159771316e-06,14179,
457,0.0015178689500316978,6.231057341210544e-05,3.3898913898156025e-06,14189,
457,,,,14197,0.0017384412931278348
458,0.0021549516823142767,6.706341810058802e-05,3.4473534924472915e-06,14199,
458,0.0017247225623577833,6.286305142566562e-05,3.343105390740675e-06,14209,
458,0.0015124627389013767,5.938093090662733e-05,3.2395125799666857e-06,14219,
458,,,,14228,0.0017873431788757443
459,0.0017677303403615952,6.164736987557262e-05,3.226851504223305e-06,14229,
459,0.0015396898379549384,6.262271199375391e-05,3.2783843835204607e-06,14239,
459,0.0016586187994107604,6.220168870640919e-05,3.305270411146921e-06,14249,
459,0.0004412960261106491,4.414643262862228e-05,2.062296644567141e-08,14259,
459,,,,14259,0.001736265723593533
460,0.0016692123608663678,6.468473293352872e-05,3.329330183987622e-06,14269,
460,0.0015480306465178728,6.433315866161138e-05,3.26418694385211e-06,14279,
460,0.0014087619492784142,5.9822526964126155e-05,3.3222106594621437e-06,14289,
460,,,,14290,0.0017104095313698053
461,0.0015233625890687108,6.666246190434322e-05,3.3999797324213432e-06,14299,
461,0.0015817324165254831,6.238551577553153e-05,3.4231172776344465e-06,14309,
461,0.0015568790258839726,6.290136661846191e-05,3.3318651730951387e-06,14319,
461,,,,14321,0.0016828366788104177
462,0.0017852751770988107,6.091437171562575e-05,3.2672539873601636e-06,14329,
462,0.0017021259991452098,6.445822509704158e-05,3.2364364415116142e-06,14339,
462,0.0016305656172335148,6.0132249927846715e-05,3.2404236662841868e-06,14349,
462,,,,14352,0.001658912282437086
463,0.0016592419706285,6.902206223458052e-05,3.394874283912941e-06,14359,
463,0.0015987645601853728,6.320606917142868e-05,3.392958888071007e-06,14369,
463,0.001653681742027402,6.211967411218211e-05,3.2225991617451655e-06,14379,
463,,,,14383,0.0016574326436966658
464,0.0015862712170928717,6.0601912991842255e-05,3.324909130242304e-06,14389,
464,0.0016002124175429344,5.996150503051467e-05,3.180213525411091e-06,14399,
464,0.001433727564290166,5.767124821431935e-05,3.086425067522214e-06,14409,
464,,,,14414,0.001654361141845584
465,0.0016518805641680956,5.956052336841822e-05,3.2034313335316256e-06,14419,
465,0.001571434666402638,6.344761641230434e-05,3.293816916993819e-06,14429,
465,0.001571972039528191,5.896922812098637e-05,3.2834509511303622e-06,14439,
465,,,,14445,0.0016422719927504659
466,0.0015924581093713641,6.115569703979418e-05,3.3024932690750575e-06,14449,
466,0.0015013969969004393,6.086189023335464e-05,3.2994121283991262e-06,14459,
466,0.0015507055213674903,5.9625170251820236e-05,3.2587249734206125e-06,14469,
466,,,,14476,0.0016683381982147694
467,0.0021190454717725515,6.375966040650383e-05,3.1679815037932713e-06,14479,
467,0.0015408783219754696,5.777660044259392e-05,3.220470489395666e-06,14489,
467,0.0015154965221881866,6.233297608559951e-05,3.337804173497716e-06,14499,
467,,,,14507,0.0018708197167143226
468,0.002578790532425046,6.871413643239066e-05,3.513634055707371e-06,14509,
468,0.0017192119266837835,6.40492798993364e-05,3.248816710765823e-06,14519,
468,0.0015409316401928663,5.980949572403915e-05,3.1664703783462755e-06,14529,
468,,,,14538,0.0022861878387629986
469,0.002242031740024686,6.163768557598814e-05,3.187537004123442e-06,14539,
469,0.0016072849975898862,6.279842637013644e-05,3.3543042263772804e-06,14549,
469,0.0016543243546038866,6.32173105259426e-05,3.2769628433015896e-06,14559,
469,0.00047836516750976443,4.623817585525103e-05,2.0738053052582472e-08,14569,
469,,,,14569,0.001884913886897266
470,0.0016560828080400825,6.498544098576531e-05,3.3348428587487433e-06,14579,
470,0.001585911842994392,6.425451283575967e-05,3.3226428968191613e-06,14589,
470,0.0013573491014540195,5.933642387390137e-05,3.2992854812619044e-06,14599,
470,,,,14600,0.001873027766123414
471,0.0014618696877732873,6.767622835468501e-05,3.325421175759402e-06,14609,
471,0.0014769691042602062,6.187857798067853e-05,3.3650273962848587e-06,14619,
471,0.0016237846575677395,6.229614518815652e-05,3.2929717690421967e-06,14629,
471,,,,14631,0.0016348331701010466
472,0.0017128355102613568,6.129584653535858e-05,3.3009666822181316e-06,14639,
472,0.0016210838221013546,6.288685835897923e-05,3.2330785870726686e-06,14649,
472,0.0015701379161328077,6.001921065035276e-05,3.2582468065811554e-06,14659,
472,,,,14662,0.001601560739800334
473,0.0015485925832763314,6.772355845896527e-05,3.353158490426722e-06,14669,
473,0.0014754129806533456,6.29854403086938e-05,3.320038331366959e-06,14679,
473,0.001559106050990522,6.11819195910357e-05,3.1640850011172006e-06,14689,
473,,,,14693,0.001602787058800459
474,0.0014925259165465832,6.019556531100534e-05,3.2751709113654215e-06,14699,
474,0.0015209638513624668,6.0042420955142006e-05,3.1975446290744003e-06,14709,
474,0.0014510147739201784,5.7641544117359444e-05,3.0505962058668956e-06,14719,
474,,,,14724,0.001610642415471375
475,0.0016420388128608465,5.9416572185000405e-05,3.1971594580681995e-06,14729,
475,0.0015332604525610805,6.323913112282753e-05,3.2522295896342257e-06,14739,
475,0.0016453354619443417,5.969560152152553e-05,3.3035382784873946e-06,14749,
475,,,,14755,0.0016315457178279757
476,0.0016856397269293666,6.082075560698286e-05,3.2727398320275825e-06,14759,
476,0.0014927571173757315,5.984379822621122e-05,3.2651767014613142e-06,14769,
476,0.0015514427796006203,5.964859155938029e-05,3.207771896995837e-06,14779,
476,,,,14786,0.0017238124273717403
477,0.0021754696499556303,6.210070569068193e-05,3.130210870949668e-06,14789,
477,0.0014937985688447952,5.744181908085011e-05,3.168491275573615e-06,14799,
477,0.0015293200267478824,6.213643791852519e-05,3.3693297609715955e-06,14809,
477,,,,14817,0.0018551399698480964
478,0.0022492974530905485,6.564518844243139e-05,3.445320317041478e-06,14819,
478,0.0018487186171114445,6.277020293055102e-05,3.252137503295671e-06,14829,
478,0.0014768918044865131,5.850861998624168e-05,3.1936510822561104e-06,14839,
478,,,,14848,0.0017611783696338534
479,0.0017406271072104573,5.947783574811183e-05,3.177366579620866e-06,14849,
479,0.0014821331715211272,6.103622581576928e-05,3.206882865924854e-06,14859,
479,0.0016170504968613386,6.0846465203212574e-05,3.2535931495658588e-06,14869,
479,0.00046340422704815865,4.474499655771069e-05,2.0443868820052558e-08,14879,
479,,,,14879,0.0019492220599204302
480,0.0016418148297816515,6.351304182317108e-05,3.333375616421108e-06,14889,
480,0.0015051653608679771,6.4320040110033e-05,3.216943241568515e-06,14899,
480,0.0013861707411706448,5.9343183238524944e-05,3.2821301374497125e-06,14909,
480,,,,14910,0.0017356337048113346
481,0.0015686615370213985,6.617842154810205e-05,3.2497343909199117e-06,14919,
481,0.0014705352950841188,6.083846164983697e-05,3.3165845252369763e-06,14929,
481,0.0015635156305506825,6.132487033028156e-05,3.2546545298828278e-06,14939,
481,,,,14941,0.0016940628411248326
482,0.0017238663276657462,6.178959301905707e-05,3.3117260045401054e-06,14949,
482,0.0015311797615140676,6.256764754652977e-05,3.2336956792278215e-06,14959,
482,0.001588782761245966,5.9690093621611595e-05,3.219050540792523e-06,14969,
482,,,,14972,0.0016316198743879795
483,0.0015196383465081453,6.704256520606577e-05,3.3267126582359197e-06,14979,
483,0.0014506183797493577,6.342129199765623e-05,3.278539452367113e-06,14989,
483,0.0015172392595559359,6.047734132152982e-05,3.1339097859017784e-06,14999,
483,,,,15003,0.0016202429542317986
484,0.0015006683534011245,6.011705409036949e-05,3.235692474845564e-06,15009,
484,0.001469567883759737,5.987642362015322e-05,3.167133854731219e-06,15019,
484,0.00139370106626302,5.733276702812873e-05,3.032234872080153e-06,15029,
484,,,,15034,0.0016114703612402081
485,0.0016272569773718715,5.907868762733415e-05,3.1894360290607437e-06,15039,
485,0.0015096379211172462,6.285696872510016e-05,3.2263023967971094e-06,15049,
485,0.001592017593793571,5.92107062402647e-05,3.271489958933671e-06,15059,
485,,,,15065,0.0016151388408616185
486,0.0016023439820855856,6.0382742958609015e-05,3.2297780307999346e-06,15069,
486,0.001482522115111351,5.908401726628654e-05,3.2327343433280475e-06,15079,
486,0.0015095206908881664,5.917753514950164e-05,3.176246082148282e-06,15089,
486,,,,15096,0.0016847059596329927
487,0.00210580974817276,6.131050758995116e-05,3.1082540772331413e-06,15099,
487,0.0014627642231062055,5.691278420272283e-05,3.1352190035249805e-06,15109,
487,0.0014606021577492356,6.164941441966221e-05,3.3266098853346193e-06,15119,
487,,,,15127,0.0017580885905772448
488,0.002134293783456087,6.429286440834403e-05,3.4024490105366567e-06,15129,
488,0.0017009048024192452,6.149165710667148e-05,3.225052978450549e-06,15139,
488,0.0014642783207818866,5.769627387053333e-05,3.1442548333870945e-06,15149,
488,,,,15158,0.001691700192168355
489,0.0016774465329945087,5.8819743571802974e-05,3.155168997182045e-06,15159,
489,0.0014799495693296194,5.993465310893953e-05,3.1542401757178595e-06,15169,
489,0.001601363648660481,5.9602567489491776e-05,3.1942477107804734e-06,15179,
489,0.0004371686663944274,4.389588866615668e-05,1.9903898973439027e-08,15189,
489,,,,15189,0.001837588264606893
490,0.001706415438093245,6.308482261374593e-05,3.3331689337501302e-06,15199,
490,0.0014497298980131745,6.383453001035377e-05,3.178445922458195e-06,15209,
490,0.0012924830662086606,5.8316054492024705e-05,3.205094571967493e-06,15219,
490,,,,15220,0.0016916715539991856
491,0.001485611079260707,6.465872138505802e-05,3.2271138934447663e-06,15229,
491,0.0014242077013477683,6.030838267179206e-05,3.2686809845472453e-06,15239,
491,0.0015079517615959048,6.0689711972372606e-05,3.2212008136411896e-06,15249,
491,,,,15251,0.001593360211700201
492,0.0016317999688908458,6.164233491290361e-05,3.2363980153604643e-06,15259,
492,0.0015512454556301236,6.231708539417014e-05,3.1856945952313254e-06,15269,
492,0.001614648150280118,5.9163514379179105e-05,3.1924682843964547e-06,15279,
492,,,,15282,0.0015360824763774872
493,0.0015384493162855506,6.656684126937762e-05,3.2977800401567947e-06,15289,
493,0.0014733899151906371,6.257888162508607e-05,3.280417558926274e-06,15299,
493,0.0015560598112642765,6.00311323069036e-05,3.1249298899638234e-06,15309,
493,,,,15313,0.001518144505098462
494,0.0014557735994458199,5.976072861813009e-05,3.2001348699850496e-06,15319,
494,0.001506150234490633,5.951173443463631e-05,3.0980565952631878e-06,15329,
494,0.0013725202297791839,5.6595636124257e-05,2.9822469969076337e-06,15339,
494,,,,15344,0.0015899684512987733
495,0.0015413792571052909,5.8581732446327806e-05,3.1786437375558307e-06,15349,
495,0.001510988804511726,6.366255547618493e-05,3.230833954148693e-06,15359,
495,0.0015437693800777197,5.880464595975354e-05,3.2368848223995883e-06,15369,
495,,,,15375,0.0016212649643421173
496,0.001588486135005951,6.091712202760391e-05,3.1959314128471306e-06,15379,
496,0.0014639191795140505,5.838893775944598e-05,3.194287501173676e-06,15389,
496,0.001488269423134625,5.8925106714013964e-05,3.1462473089050036e-06,15399,
496,,,,15406,0.0015706430422142148
497,0.0020602343138307333,6.069428854971193e-05,3.083333467657212e-06,15409,
497,0.0014479999663308263,5.584784594248049e-05,3.0624298688053386e-06,15419,
497,0.001370864687487483,6.0474732890725136e-05,3.2356069823435973e-06,15429,
497,,,,15437,0.0016692482167854905
498,0.002077426528558135,6.339477113215253e-05,3.3684843856462976e-06,15439,
498,0.0015810573240742087,6.0486916481750086e-05,3.2414291126769967e-06,15449,
498,0.0013893397990614176,5.663639967679046e-05,3.1104179925023345e-06,15459,
498,,,,15468,0.0016149274306371808
499,0.0016147311544045806,5.9383648476796225e-05,3.11781309392245e-06,15469,
499,0.0013848140370100737,5.9379319282015786e-05,3.1242821023624856e-06,15479,
499,0.0015171226114034653,5.856293864781037e-05,3.187130687365425e-06,15489,
499,0.00040945116779766977,4.0762926801107824e-05,1.951633166186184e-08,15499,
499,,,,15499,0.0016722066793590784
500,0.0015895972028374672,6.33319650660269e-05,3.2626990105200093e-06,15509,
500,0.0014408034039661288,6.302344991127029e-05,3.195439148839796e-06,15519,
500,0.0014047084841877222,5.815166514366865e-05,3.252784381402307e-06,15529,
500,,,,15530,0.0017304258653894067
501,0.0014405972324311733,6.34215321042575e-05,3.2029317935666768e-06,15539,
501,0.001465357607230544,6.018653584760614e-05,3.216966888430761e-06,15549,
501,0.001463735243305564,6.0198934079380706e-05,3.1858394322625827e-06,15559,
501,,,,15561,0.0018527695210650563
502,0.0017972980858758092,6.218645285116509e-05,3.3105804959632223e-06,15569,
502,0.0014538246905431151,6.166767707327381e-05,3.1750398648000555e-06,15579,
502,0.001455133082345128,5.8345787692815065e-05,3.1403412776853656e-06,15589,
502,,,,15592,0.0015087107894942164
503,0.0014831040753051639,6.542740447912365e-05,3.255534011259442e-06,15599,
503,0.0014044003328308463,6.208708509802818e-05,3.236521024518879e-06,15609,
503,0.0014911920297890902,5.929980761720799e-05,3.089920710408478e-06,15619,
503,,,,15623,0.00150692043825984
504,0.001415521721355617,5.8995945437345654e-05,3.1708636925031897e-06,15629,
504,0.001424836809746921,5.870734457857907e-05,3.0787889500061283e-06,15639,
504,0.0013108529383316636,5.587787745753303e-05,2.967228283523582e-06,15649,
504,,,,15654,0.0014934333739802241
505,0.0014462415128946304,5.785043686046265e-05,3.141671186313033e-06,15659,
505,0.001443459652364254,6.279403896769509e-05,3.201878143954673e-06,15669,
505,0.0014559740666300058,5.873967529623769e-05,3.2083685255202e-06,15679,
505,,,,15685,0.0015772628830745816
506,0.0013580656377598643,5.935405715717934e-05,3.141230536130024e-06,15689,
506,0.001466192421503365,5.8231682487530634e-05,3.151807277390617e-06,15699,
506,0.0014296825975179672,5.8565085055306554e-05,3.1299725833378034e-06,15709,
506,,,,15716,0.001561791286803782
507,0.0018707596464082599,6.0203699831617996e-05,3.074879714404233e-06,15719,
507,0.0013855601428076625,5.558687917073257e-05,3.0729918307770276e-06,15729,
507,0.0013469832483679056,6.0482627304736525e-05,3.2380273751186905e-06,15739,
507,,,,15747,0.001588322571478784
508,0.0019226922886446118,6.216836482053623e-05,3.3181502203660784e-06,15749,
508,0.0015503538306802511,5.967884135316126e-05,3.2140105759026483e-06,15759,
508,0.0013801050372421741,5.605400656349957e-05,3.0974520086601842e-06,15769,
508,,,,15778,0.0015465938486158848
509,0.0015444635646417737,5.8417575928615406e-05,3.099654577454203e-06,15779,
509,0.001374927000142634,5.8348541642772034e-05,3.082029934375896e-06,15789,
509,0.0015495416009798646,5.771868381998502e-05,3.133947984679253e-06,15799,
509,0.00040502724004909396,4.109429573873058e-05,1.9023856268063355e-08,15809,
509,,,,15809,0.001594172092154622
510,0.0016135170590132475,6.254290201468393e-05,3.2693822049623122e-06,15819,
510,0.001457035425119102,6.314779602689669e-05,3.201679646736011e-06,15829,
510,0.001311573083512485,5.77288847125601e-05,3.2225975701294374e-06,15839,
510,,,,15840,0.0017956029623746872
511,0.001575788832269609,6.49427529424429e-05,3.1901813599688467e-06,15849,
511,0.0013694057706743479,5.944712393102236e-05,3.2893462957872543e-06,15859,
511,0.0014242540346458554,6.006250623613596e-05,3.1959571060724556e-06,15869,
511,,,,15871,0.0015360041288658977
512,0.001619552611373365,6.116521399235353e-05,3.206419705747976e-06,15879,
512,0.0014763444196432829,6.066860441933386e-05,3.161500217174762e-06,15889,
512,0.0014273865381255746,5.793204400106333e-05,3.1353411031886935e-06,15899,
512,,,,15902,0.0015901644947007298
513,0.0014913186896592379,6.532936822623014e-05,3.2580658171355026e-06,15909,
513,0.0013998476788401604,6.203458178788424e-05,3.203533196938224e-06,15919,
513,0.0014173111412674189,5.864476042916067e-05,3.090518248427543e-06,15929,
513,,,,15933,0.001544040278531611
514,0.0014077124651521444,5.846679050591774e-05,3.143747790090856e-06,15939,
514,0.0014431573217734694,5.810589573229663e-05,3.0582918952859472e-06,15949,
514,0.001356684137135744,5.582614176091738e-05,2.950076577690197e-06,15959,
514,,,,15964,0.0015676200855523348
515,0.0014805319951847196,5.7675468269735575e-05,3.1640302040614188e-06,15969,
515,0.001472589443437755,6.122225750004873e-05,3.2152147468877956e-06,15979,
515,0.0014861600939184427,5.869917367817834e-05,3.201431354682427e-06,15989,
515,,,,15995,0.0017201382433995605
516,0.0013190157478675246,5.847520151291974e-05,3.0578646601497894e-06,15999,
516,0.0014465347630903125,5.667550067300908e-05,3.117317419309984e-06,16009,
516,0.0013807641807943583,5.8065237681148574e-05,3.1262795801012544e-06,16019,
516,,,,16026,0.0015370617620646954
517,0.0015240368666127324,5.886584040126763e-05,3.132390020255116e-06,16029,
517,0.001376444473862648,5.6480268540326506e-05,3.115493200311903e-06,16039,
517,0.001356578548438847,5.991923899273388e-05,3.2264297260553576e-06,16049,
517,,,,16057,0.0014695462305098772
518,0.001384209026582539,6.069484516046941e-05,3.153033958369633e-06,16059,
518,0.0014281864278018475,5.771910218754783e-05,3.153602847305592e-06,16069,
518,0.0013035291340202093,5.536630123970099e-05,3.0403107302845456e-06,16079,
518,,,,16088,0.0014465645654127002
519,0.0014514991780743003,5.9202629927312955e-05,3.0958947263570735e-06,16089,
519,0.001250850036740303,5.770754796685651e-05,3.090274731221143e-06,16099,
519,0.0014866992132738233,5.694949140888639e-05,3.1493327696807683e-06,16109,
519,0.00039051007479429245,3.949910023948178e-05,1.88450695048914e-08,16119,
519,,,,16119,0.0014488610904663801
520,0.001395106315612793,6.048532304703258e-05,3.1462457172892755e-06,16129,
520,0.0013777210842818022,6.09359958616551e-05,3.0968590181146283e-06,16139,
520,0.0012178358156234026,5.6860630138544366e-05,3.155746981065022e-06,16149,
520,,,,16150,0.0014514393405988812
521,0.0012783902930095792,6.221993680810556e-05,3.212578121747356e-06,16159,
521,0.0014121176209300756,5.927865277044475e-05,3.2631730846333085e-06,16169,
521,0.001372769009321928,6.02388936385978e-05,3.189006292814156e-06,16179,
521,,,,16181,0.0014304120559245348
522,0.0015685871476307511,6.153899448690936e-05,3.1520687571173767e-06,16189,
522,0.001379016088321805,5.967649121885188e-05,3.080522219534032e-06,16199,
522,0.001420290325768292,5.716815576306544e-05,3.0855999284540303e-06,16209,
522,,,,16212,0.0014429863076657057
523,0.001413727761246264,6.408157787518576e-05,3.203585492883576e-06,16219,
523,0.0012958406005054712,5.909843821427785e-05,3.1603174193151062e-06,16229,
523,0.001401634537614882,5.7469158491585404e-05,3.0436881388595793e-06,16239,
523,,,,16243,0.0014661118621006608
524,0.0013224375434219837,5.886103099328466e-05,3.159487278026063e-06,16249,
524,0.0013323281891644,5.717757812817581e-05,3.0610674457420828e-06,16259,
524,0.0013049474218860269,5.567500556935556e-05,2.9706106943194754e-06,16269,
524,,,,16274,0.0014502090634778142
525,0.0016351580852642655,5.7918117818189785e-05,3.0963046810938977e-06,16279,
525,0.0014449971495196223,6.0874433984281495e-05,3.131914127152413e-06,16289,
525,0.00135336525272578,5.816666453029029e-05,3.130444383714348e-06,16299,
525,,,,16305,0.00140836788341403
526,0.0014275817666202784,5.864443301106803e-05,3.1301024137064815e-06,16309,
526,0.001342534669674933,5.545124440686777e-05,3.180255134793697e-06,16319,
526,0.0014393781311810017,5.824678373755887e-05,3.110022817054414e-06,16329,
526,,,,16336,0.0014247513609007
527,0.0017047893488779664,5.847496140631847e-05,3.035172312593204e-06,16339,
527,0.0013102268567308784,5.484284702106379e-05,3.0419189442909556e-06,16349,
527,0.0013099820353090763,5.914580469834618e-05,3.14297767545213e-06,16359,
527,,,,16367,0.001427277224138379
528,0.0015327592846006155,5.928159225732088e-05,3.1695965390099445e-06,16369,
528,0.001398372813127935,5.732638601330109e-05,3.1031411253934493e-06,16379,
528,0.0012824350269511342,5.487156522576697e-05,3.0065473310969537e-06,16389,
528,,,,16398,0.0014579512644559145
529,0.0014551874483004212,5.7255303545389324e-05,3.052429292438319e-06,16399,
529,0.0012306469725444913,5.8245026593795046e-05,3.0698636237502797e-06,16409,
529,0.0014516599476337433,5.684488496626727e-05,3.106849362666253e-06,16419,
529,0.0003805413143709302,3.931001265300438e-05,1.8432849913097016e-08,16429,
529,,,,16429,0.0014536535600200295
530,0.0013797556748613715,5.956451059319079e-05,3.1443762509297812e-06,16439,
530,0.0013418260496109724,6.025733455317095e-05,3.103778681179392e-06,16449,
530,0.0013218192616477609,5.743467409047298e-05,3.1754759675095556e-06,16459,
530,,,,16460,0.0015072425594553351
531,0.0012552341213449836,6.184317317092791e-05,3.1633214803150622e-06,16469,
531,0.001411096891388297,5.786485780845396e-05,3.188963091815822e-06,16479,
531,0.001400144537910819,5.883089761482552e-05,3.119631628578645e-06,16489,
531,,,,16491,0.001743561471812427
532,0.0015880976570770144,6.0594695241888985e-05,3.1664160360378446e-06,16499,
532,0.0013949553249403834,5.926927042310126e-05,3.052882902920828e-06,16509,
532,0.0013632610207423568,5.715530278393999e-05,3.0648654956166865e-06,16519,
532,,,,16522,0.0014603588497266173
533,0.0014289922546595335,6.448197382269427e-05,3.181632564519532e-06,16529,
533,0.0013143696123734117,6.054974437574856e-05,3.1598101486451924e-06,16539,
533,0.0013970116851851344,5.815770055050962e-05,3.0785115541220875e-06,16549,
533,,,,16553,0.0013997895875945687
534,0.0012910423101857305,5.743824294768274e-05,3.1281981591746444e-06,16559,
534,0.0013082824880257249,5.6668093748157844e-05,3.04610716739262e-06,16569,
534,0.001215298194438219,5.395724656409584e-05,2.9392924716376e-06,16579,
534,,,,16584,0.0014213385293260217
535,0.0013934875605627894,5.7138095144182444e-05,3.114802211712231e-06,16589,
535,0.0013691135682165623,6.0928672610316426e-05,3.1465715437661856e-06,16599,
535,0.0013169985031709075,5.747218892793171e-05,3.125788452962297e-06,16609,
535,,,,16615,0.0014376628678292036
536,0.0012724563712254167,5.835487900185399e-05,3.0777887332078535e-06,16619,
536,0.0013145261909812689,5.5334181524813175e-05,3.1375536764244316e-06,16629,
536,0.0012958801817148924,5.721365596400574e-05,3.0521043754561106e-06,16639,
536,,,,16646,0.0014153331285342574
537,0.0017351533751934767,5.760370913776569e-05,3.016019945789594e-06,16649,
537,0.0012438353151082993,5.484857319970615e-05,3.007321993209189e-06,16659,
537,0.001255091279745102,5.842245809617452e-05,3.1462768674828112e-06,16669,
537,,,,16677,0.0014218951109796762
538,0.001681245514191687,6.000057328492403e-05,3.212439651179011e-06,16679,
538,0.0014031324535608292,5.793996388092637e-05,3.132103302050382e-06,16689,
538,0.0012308269506320357,5.43436108273454e-05,3.0062917630857555e-06,16699,
538,,,,16708,0.0014435604680329561
539,0.001450889278203249,5.8397035900270566e-05,3.043461219931487e-06,16709,
539,0.0012606309028342366,5.6382788898190483e-05,3.050306986551732e-06,16719,
539,0.0013748647179454565,5.5695018090773374e-05,3.1084769034350757e-06,16729,
539,0.0003931392857339233,3.9014728827169165e-05,1.7944829622251746e-08,16739,
539,,,,16739,0.0014305590884760022
540,0.0014740870101377368,5.940888149780221e-05,3.1074409889697563e-06,16749,
540,0.0013045556843280792,5.997563130222261e-05,3.0615228752139956e-06,16759,
540,0.0011830043513327837,5.569538552663289e-05,3.1298889098252403e-06,16769,
540,,,,16770,0.0015268441056832671
541,0.001336709363386035,6.026394112268463e-05,3.211520379409194e-06,16779,
541,0.0012601810740306973,5.7232060498790815e-05,3.192827080056304e-06,16789,
541,0.001341896946541965,5.8294925111113116e-05,3.1068357202457264e-06,16799,
541,,,,16801,0.0014327551471069455
542,0.0015408762264996767,6.00195380684454e-05,3.0999372029327787e-06,16809,
542,0.0013294455129653215,5.840468293172307e-05,3.0304070151032647e-06,16819,
542,0.0013862374471500516,5.6069024140015244e-05,3.0594103463954525e-06,16829,
542,,,,16832,0.0015658688498660922
543,0.0014634676044806838,6.314413622021675e-05,3.2179648314922815e-06,16839,
543,0.001324796350672841,5.874715498066507e-05,3.0971398246038007e-06,16849,
543,0.0013911640271544456,5.664966374752112e-05,3.0375060759979533e-06,16859,
543,,,,16863,0.0016360352747142315
544,0.0013617724180221558,5.707933087251149e-05,3.0950918699090835e-06,16869,
544,0.0013398564187809825,5.734323713113554e-05,3.088932771788677e-06,16879,
544,0.0011957248207181692,5.363189848139882e-05,2.9214934329502285e-06,16889,
544,,,,16894,0.0013915668241679668
545,0.001371321501210332,5.617753049591556e-05,3.1370684610010358e-06,16899,
545,0.0012898235581815243,5.887775478186086e-05,3.148060841340339e-06,16909,
545,0.0013642366975545883,5.6837929150788113e-05,3.14142585011723e-06,16919,
545,,,,16925,0.0014408526476472616
546,0.0012367856688797474,5.709733159164898e-05,3.030381549251615e-06,16929,
546,0.0013382579199969769,5.450599201139994e-05,3.0836331461614463e-06,16939,
546,0.001288532861508429,5.6949083955259994e-05,3.044436880372814e-06,16949,
546,,,,16956,0.0014293425483629107
547,0.001679056789726019,5.737176616094075e-05,3.0223047815525206e-06,16959,
547,0.0013139867223799229,5.451901233755052e-05,3.0084097488725092e-06,16969,
547,0.0012216808972880244,5.804594184155576e-05,3.122233465546742e-06,16979,
547,,,,16987,0.0014105846639722586
548,0.0016024020733311772,5.79717343498487e-05,3.2025693599280203e-06,16989,
548,0.001433124183677137,5.652672189171426e-05,3.157384981022915e-06,16999,
548,0.0012581191258504987,5.408982542576268e-05,3.011971330124652e-06,17009,
548,,,,17018,0.00146848289296031
549,0.001469230162911117,5.7232700783060864e-05,3.006323822773993e-06,17019,
549,0.0012585045769810677,5.6014770962065086e-05,2.9854782042093575e-06,17029,
549,0.0013579161604866385,5.594524191110395e-05,3.0900439469405683e-06,17039,
549,0.00036907740286551416,4.022437133244239e-05,1.8099814980132578e-08,17049,
549,,,,17049,0.0016332570230588317
550,0.0014179226709529757,5.8794110373128206e-05,3.177248572683311e-06,17059,
550,0.0012947394279763103,6.069283335818909e-05,3.0527405670000007e-06,17069,
550,0.0011292491108179092,5.555050665861927e-05,3.101413312833756e-06,17079,
550,,,,17080,0.001365819713100791
551,0.0012108180671930313,5.9316436818335205e-05,3.1327017495641485e-06,17089,
551,0.0012278708163648844,5.575912291533314e-05,3.151741111651063e-06,17099,
551,0.0013360882876440883,5.769508425146341e-05,3.083103592871339e-06,17109,
551,,,,17111,0.0014008063590154052
552,0.0014174537500366569,5.997160405968316e-05,3.12147062686563e-06,17119,
552,0.0012969784438610077,5.761317515862174e-05,3.0561113817384467e-06,17129,
552,0.001326737692579627,5.527428584173322e-05,3.059036544073024e-06,17139,
552,,,,17142,0.0013991370797157288
553,0.0013451059348881245,6.129007670097053e-05,3.159510470140958e-06,17149,
553,0.0012161016929894686,5.781488289358094e-05,3.105445330220391e-06,17159,
553,0.001316211884841323,5.59182844881434e-05,3.0557444006262813e-06,17169,
553,,,,17173,0.001412276062183082
554,0.0013341120211407542,5.675047941622324e-05,3.077791006944608e-06,17179,
554,0.0012761775869876146,5.559068449656479e-05,2.998226364070433e-06,17189,
554,0.001193205127492547,5.334043089533225e-05,2.8968463539058575e-06,17199,
554,,,,17204,0.0014494661008939147
555,0.0014773437287658453,5.6328612117795274e-05,3.1239569580066018e-06,17209,
555,0.0012698700884357095,5.801065708510578e-05,3.116426341875922e-06,17219,
555,0.0013992649037390947,5.6999619118869305e-05,3.1070619570527924e-06,17229,
555,,,,17235,0.0014260689495131373
556,0.0013118850765749812,5.661601971951313e-05,3.039992861886276e-06,17239,
556,0.0012388653121888638,5.2873623644700274e-05,3.059076107092551e-06,17249,
556,0.0014023793628439307,5.631601015920751e-05,3.003984147653682e-06,17259,
556,,,,17266,0.0015111920656636357
557,0.0015715787885710597,5.612230961560272e-05,2.980142880915082e-06,17269,
557,0.0013489254051819444,5.482938286149874e-05,3.060167273361003e-06,17279,
557,0.0012909343931823969,5.734587466577068e-05,3.143995400023414e-06,17289,
557,,,,17297,0.0014726817607879639
558,0.0014896509237587452,5.87572249060031e-05,3.1644951832277e-06,17299,
558,0.0014391375007107854,5.685226642526686e-05,3.0865489861753304e-06,17309,
558,0.0012395352823659778,5.378720743465237e-05,2.951488340841024e-06,17319,
558,,,,17328,0.0013654184294864535
559,0.0013731654034927487,5.9602618421195075e-05,3.0157348192005884e-06,17329,
559,0.0012136503355577588,5.490046532941051e-05,2.995341219502734e-06,17339,
559,0.0013373054098337889,5.50393779121805e-05,3.0730682283319766e-06,17349,
559,0.00032452645245939493,3.939339512726292e-05,1.7491789350287945e-08,17359,
559,,,,17359,0.0013620107201859355
560,0.0013538191560655832,5.837413118570112e-05,3.126086994598154e-06,17369,
560,0.0012402076972648501,5.966018215985969e-05,3.0714641070517246e-06,17379,
560,0.0012052557431161404,5.5356947996187955e-05,3.1239676445693476e-06,17389,
560,,,,17390,0.001367403892800212
561,0.0011920833494514227,5.860388046130538e-05,3.1185129500954645e-06,17399,
561,0.0012170833069831133,5.5864024034235626e-05,3.1328863769886084e-06,17409,
561,0.0012785557191818953,5.693859566235915e-05,3.061634515688638e-06,17419,
561,,,,17421,0.001372491824440658
562,0.0014187656342983246,5.878359661437571e-05,3.0903820515959524e-06,17429,
562,0.0012942991452291608,5.676736691384576e-05,3.0247053928178502e-06,17439,
562,0.001270877430215478,5.445097485790029e-05,3.0197957130440045e-06,17449,
562,,,,17452,0.0013791370438411832
563,0.0013327954802662134,6.027016934240237e-05,3.1370364013127983e-06,17459,
563,0.001189960166811943,5.688613236998208e-05,3.0780124689044897e-06,17469,
563,0.0012630315031856298,5.522772698896006e-05,3.045792254852131e-06,17479,
563,,,,17483,0.001383779221214354
564,0.0012685322435572743,5.609138315776363e-05,3.0637347663287073e-06,17489,
564,0.0012209006818011403,5.45635302842129e-05,2.959325229312526e-06,17499,
564,0.0011438761139288545,5.228049849392846e-05,2.8597078198799863e-06,17509,
564,,,,17514,0.0013789524091407657
565,0.001346461707726121,5.513824362424202e-05,3.0550295377906878e-06,17519,
565,0.0012537692673504353,5.659844828187488e-05,3.0824896839476423e-06,17529,
565,0.00124020641669631,5.565797982853837e-05,3.0781000077695353e-06,17539,
565,,,,17545,0.0013702308060601354
566,0.0013178163208067417,5.563956801779568e-05,3.0404883091250667e-06,17549,
566,0.0012646082323044538,5.283281279844232e-05,3.0733965559193166e-06,17559,
566,0.0012146037770435214,5.532558498089202e-05,2.988299456774257e-06,17569,
566,,,,17576,0.001366397482343018
567,0.001674401224590838,5.558826887863688e-05,2.956812977572554e-06,17579,
567,0.0011884457198902965,5.3244737500790507e-05,2.9480884222721215e-06,17589,
567,0.0011674362467601895,5.648067963193171e-05,3.077484734603786e-06,17599,
567,,,,17607,0.0013681300915777683
568,0.001640872098505497,5.6877255701692775e-05,3.206698693247745e-06,17609,
568,0.0012879159767180681,5.54834732611198e-05,3.088882976953755e-06,17619,
568,0.0011544759618118405,5.272079215501435e-05,2.931536528194556e-06,17629,
568,,,,17638,0.0013794099213555455
569,0.0013844056520611048,5.647703801514581e-05,2.972897846120759e-06,17639,
569,0.0011294966097921133,5.5060285376384854e-05,2.9663128771062475e-06,17649,
569,0.0013102933298796415,5.4123236623127013e-05,3.0869875899952604e-06,17659,
569,0.0003299051895737648,3.758007369469851e-05,1.714195718705014e-08,17669,
569,,,,17669,0.0013944745296612382
570,0.0012884164461866021,5.708864773623645e-05,3.0726969271199778e-06,17679,
570,0.001339475973509252,5.8736593928188086e-05,3.070244019909296e-06,17689,
570,0.0011996409157291055,5.486166992341168e-05,3.1037066037242766e-06,17699,
570,,,,17700,0.0015190428821370006
571,0.001358336303383112,5.744497320847586e-05,3.065463943130453e-06,17709,
571,0.0012072395766153932,5.6166180002037436e-05,3.09856045532797e-06,17719,
571,0.0012270247098058462,5.724871880374849e-05,3.0437865916610463e-06,17729,
571,,,,17731,0.0014675117563456297
572,0.0015509508084505796,5.9444104408612475e-05,3.191920086464961e-06,17739,
572,0.0012647256953641772,5.618655268335715e-05,3.0371209049917525e-06,17749,
572,0.0012869504280388355,5.456210419652052e-05,3.006526867466164e-06,17759,
572,,,,17762,0.0012978747254237533
573,0.0012580096954479814,5.923092976445332e-05,3.0875426091370173e-06,17769,
573,0.001162258442491293,5.597843119176105e-05,3.0519211122737033e-06,17779,
573,0.0012346872827038169,5.4751737479818985e-05,3.0369171781785553e-06,17789,
573,,,,17793,0.0013265782035887241
574,0.0012420216808095574,5.5532000260427594e-05,3.0446617529378273e-06,17799,
574,0.0011936979135498405,5.395154221332632e-05,2.9377538339758758e-06,17809,
574,0.0011425710981711745,5.212607356952503e-05,2.851862063835142e-06,17819,
574,,,,17824,0.0013270218623802066
575,0.0013002230552956462,5.465383947012015e-05,3.0654082365799695e-06,17829,
575,0.001224573003128171,5.5668348068138584e-05,3.0761302696191706e-06,17839,
575,0.001229565474204719,5.5189502745633945e-05,3.0709213660884416e-06,17849,
575,,,,17855,0.0013334028190001845
576,0.0012661042856052518,5.498488826560788e-05,2.999332309627789e-06,17859,
576,0.0012588368263095617,5.2241703087929636e-05,3.045400262635667e-06,17869,
576,0.0011936883674934506,5.469650568556972e-05,2.9663353871001163e-06,17879,
576,,,,17886,0.0013268186012282968
577,0.0015916571719571948,5.490368857863359e-05,2.947451093859854e-06,17889,
577,0.0011917605297639966,5.268513996270485e-05,2.929637958004605e-06,17899,
577,0.0011426103301346302,5.575820250669494e-05,3.044998038603808e-06,17909,
577,,,,17917,0.0013238585088402033
578,0.0015070977387949824,5.554817835218273e-05,3.160230107823736e-06,17919,
578,0.0012894978281110525,5.466844959300943e-05,3.092821543759783e-06,17929,
578,0.0011281544575467706,5.214535121922381e-05,2.9311438538570656e-06,17939,
578,,,,17948,0.001330723986029625
579,0.0013326512416824698,5.6013184803305194e-05,2.957596507258131e-06,17949,
579,0.001127582392655313,5.430040982901119e-05,2.925697572209174e-06,17959,
579,0.0012747029541060328,5.28337259311229e-05,3.0251451335061574e-06,17969,
579,0.0003301468095742166,3.669547368190251e-05,1.6717352835371457e-08,17979,
579,,,,17979,0.0013531347503885627
580,0.0013690050691366196,5.695165600627661e-05,3.096065711361007e-06,17989,
580,0.001174360397271812,5.705192597815767e-05,3.0230301035771845e-06,17999,
580,0.001132141100242734,5.4069259931566194e-05,3.0478515782306204e-06,18009,
580,,,,18010,0.001332231448031962
581,0.0013609424931928515,5.662526746164076e-05,3.155111926389509e-06,18019,
581,0.0011382459197193384,5.2948838856536895e-05,3.1254937766789226e-06,18029,
581,0.0012852407526224852,5.580015204031952e-05,3.0316934953589225e-06,18039,
581,,,,18041,0.0014423237880691886
582,0.001333165098913014,5.667387813446112e-05,3.054884018638404e-06,18049,
582,0.0013195967767387629,5.59444997634273e-05,3.038151817236212e-06,18059,
582,0.0013755107065662742,5.4100080888019875e-05,3.041110176127404e-06,18069,
582,,,,18072,0.0015004366869106889
583,0.0012632739963009953,5.8726385759655386e-05,3.027561660928768e-06,18079,
583,0.0011887233704328537,5.6074728490784764e-05,3.0069998047110857e-06,18089,
583,0.0012805663282051682,5.5092532420530915e-05,3.090171503572492e-06,18099,
583,,,,18103,0.0013078757328912616
584,0.0012540507595986128,5.419847366283648e-05,3.0250939744291827e-06,18109,
584,0.0011852711904793978,5.387893907027319e-05,2.976369387397426e-06,18119,
584,0.0010929008712992072,5.1126728067174554e-05,2.845921017069486e-06,18129,
584,,,,18134,0.0013204548740759492
585,0.001350252190604806,5.476328078657389e-05,3.12866791318811e-06,18139,
585,0.0011498311068862677,5.5171178246382624e-05,3.033085931747337e-06,18149,
585,0.0012538674054667354,5.533631338039413e-05,3.076765096921008e-06,18159,
585,,,,18165,0.0013094728346914053
586,0.0011134775122627616,5.4652791732223704e-05,2.9410086881398456e-06,18169,
586,0.001161010004580021,5.1643473852891475e-05,3.0446501568803797e-06,18179,
586,0.0012188204564154148,5.4609543440165e-05,3.018650431840797e-06,18189,
586,,,,18196,0.0013865254586562514
587,0.0014333368744701147,5.4915504733799025e-05,2.9514649213524535e-06,18199,
587,0.0012412823271006346,5.3254098020261154e-05,2.9020727652095957e-06,18209,
587,0.0013661010889336467,5.86165115237236e-05,3.2071397981781047e-06,18219,
587,,,,18227,0.001343641779385507
588,0.0016653728671371937,5.6871813285397366e-05,3.2754705898696557e-06,18229,
588,0.0013190635945647955,5.622658136417158e-05,3.1307220069720643e-06,18239,
588,0.0011296438751742244,5.395025436882861e-05,2.9222558168839896e-06,18249,
588,,,,18258,0.0015492344973608851
589,0.0015601429622620344,6.046663838787936e-05,2.9568518584710546e-06,18259,
589,0.001153438352048397,5.5301981774391606e-05,2.939974137916579e-06,18269,
589,0.001297839917242527,5.441285975393839e-05,3.0616649837611476e-06,18279,
589,0.0003767618618439883,3.7616799090756103e-05,1.6924222023817492e-08,18289,
589,,,,18289,0.0013745167525485158
590,0.0013569033471867442,5.713751306757331e-05,3.1616118576494046e-06,18299,
590,0.0013151998864486814,6.140048935776576e-05,3.1010815746412845e-06,18309,
590,0.00108601083047688,5.4487434681504965e-05,3.0331048037623987e-06,18319,
590,,,,18320,0.001421559602022171
591,0.0012092675315216184,5.839833102072589e-05,3.1248202958522597e-06,18329,
591,0.0011868730653077364,5.8002853620564565e-05,3.166002215948538e-06,18339,
591,0.0012269639410078526,5.765970126958564e-05,3.044069217139622e-06,18349,
591,,,,18351,0.0012632606085389853
592,0.0014338084729388356,6.248856516322121e-05,3.0562237043341156e-06,18359,
592,0.001217584009282291,5.636260539176874e-05,3.0443750347330933e-06,18369,
592,0.0012939759762957692,5.427851647255011e-05,3.0731682727491716e-06,18379,
592,,,,18382,0.00123055768199265
593,0.0012569579994305968,5.961512943031266e-05,3.103688868577592e-06,18389,
593,0.0012425791937857866,5.7538931287126616e-05,3.0313019578898093e-06,18399,
593,0.0012000586139038205,5.5330590839730576e-05,3.079117050219793e-06,18409,
593,,,,18413,0.0012360758846625686
594,0.001154070720076561,5.3306070185499266e-05,3.0985827379481634e-06,18419,
594,0.0012057252461090684,5.2955841965740547e-05,2.9796215130772907e-06,18429,
594,0.0011537757236510515,5.165309630683623e-05,2.816688265738776e-06,18439,
594,,,,18444,0.0012741608079522848
595,0.0012326950673013926,5.470214455272071e-05,2.9908953820267925e-06,18449,
595,0.0012113174889236689,5.499473991221748e-05,3.126762067040545e-06,18459,
595,0.001347790122963488,5.57598214072641e-05,3.181921783834696e-06,18469,
595,,,,18475,0.00137620628811419
596,0.0010713632218539715,5.455492646433413e-05,2.9682000786124263e-06,18479,
596,0.0012756767682731152,5.187854912946932e-05,2.9691491363337263e-06,18489,
596,0.0011940895346924663,5.446909926831722e-05,2.983240392495645e-06,18499,
596,,,,18506,0.0013011670671403408
597,0.0013136606430634856,5.549960405915044e-05,3.0610724479629425e-06,18509,
597,0.0011162450537085533,5.5509644880658016e-05,3.0087060167716118e-06,18519,
597,0.0012086977949365973,5.592529123532586e-05,3.056181412830483e-06,18529,
597,,,,18537,0.001236498705111444
598,0.0012437526602298021,5.7997163821710274e-05,2.9536272450059187e-06,18539,
598,0.001219662488438189,5.4156396799953654e-05,3.1034289804665605e-06,18549,
598,0.0011328925611451268,5.277459786157124e-05,2.9648638246726478e-06,18559,
598,,,,18568,0.0012265027035027742
599,0.0012326324358582497,5.716051236959174e-05,3.0296953354991274e-06,18569,
599,0.0011068617459386587,5.491860429174267e-05,2.9287255074450513e-06,18579,
599,0.0012437939876690507,5.459293242893182e-05,3.0317371511046076e-06,18589,
599,0.0003255234332755208,3.594621011870913e-05,1.625248735592777e-08,18599,
599,,,,18599,0.0012222473742440343
600,0.0011899281525984406,5.5466178309870884e-05,3.045165385628934e-06,18609,
600,0.0012212246656417847,5.9262849390506744e-05,3.0191220048436662e-06,18619,
600,0.0011067892191931605,5.2982890338171273e-05,3.057314415855217e-06,18629,
600,,,,18630,0.0012523526092991233
601,0.0011007278226315975,5.732226054533385e-05,3.131450284854509e-06,18639,
601,0.0011780870845541358,5.464650530484505e-05,3.1477986794925528e-06,18649,
601,0.0012781519908457994,5.612139284494333e-05,3.010481577803148e-06,18659,
601,,,,18661,0.0013530438300222158
602,0.0013436105800792575,6.01760002609808e-05,3.043621290998999e-06,18669,
602,0.001243339735083282,5.536861135624349e-05,3.0558014714188175e-06,18679,
602,0.0013162280665710568,5.340865391190164e-05,3.0594005693274084e-06,18689,
602,,,,18692,0.0012843002332374454
603,0.0012376212980598211,5.8113033446716145e-05,3.079856242038659e-06,18699,
603,0.0012016870314255357,5.8097859437111765e-05,2.9888396966271102e-06,18709,
603,0.0011866509448736906,5.4950418416410685e-05,3.035364670722629e-06,18719,
603,,,,18723,0.0012348577147349715
604,0.0011206782655790448,5.289219188853167e-05,3.071397713938495e-06,18729,
604,0.0011492205085232854,5.311745553626679e-05,2.962997086797259e-06,18739,
604,0.0010852589039132,5.1686041842913255e-05,2.8108424885431305e-06,18749,
604,,,,18754,0.001219042926095426
605,0.0012037024134770036,5.4066320444690064e-05,2.9750110570603283e-06,18759,
605,0.0011182603193446994,5.381757000577636e-05,3.047851350856945e-06,18769,
605,0.001195509103126824,5.474531280924566e-05,3.118815357083804e-06,18779,
605,,,,18785,0.0012148625683039427
606,0.0011439020745456219,5.4302912758430466e-05,3.0049816359678516e-06,18789,
606,0.0012177764438092709,5.145807517692447e-05,3.004827931363252e-06,18799,
606,0.001145576941780746,5.3721556469099596e-05,2.9715556593146175e-06,18809,
606,,,,18816,0.0012417722027748823
607,0.001508304732851684,5.431439058156684e-05,2.9719506073888624e-06,18819,
607,0.0010880480986088514,5.316431634128094e-05,2.9307827844604617e-06,18829,
607,0.0011771117569878697,5.5475797125836834e-05,3.029274466825882e-06,18839,
607,,,,18847,0.0013316948898136616
608,0.0014988002367317677,5.673068153555505e-05,3.093153054578579e-06,18849,
608,0.001225201180204749,5.328094630385749e-05,3.0768212582188426e-06,18859,
608,0.0011482853442430496,5.263049388304353e-05,2.900832441810053e-06,18869,
608,,,,18878,0.0012629929697141051
609,0.0012628445401787758,5.83354958507698e-05,2.996235934915603e-06,18879,
609,0.0011164350435137749,5.5221502407221124e-05,2.9258681024657562e-06,18889,
609,0.0012054465478286147,5.475645957631059e-05,3.0439673537330236e-06,18899,
609,0.00029887407436035573,3.624180317274295e-05,1.6246554324084173e-08,18909,
609,,,,18909,0.0012186132371425629
610,0.0011970256455242634,5.5378564866259694e-05,3.0614617116953013e-06,18919,
610,0.0011594827519729733,5.966124081169255e-05,3.004954123753123e-06,18929,
610,0.001068116631358862,5.237985169515014e-05,3.0209503165679052e-06,18939,
610,,,,18940,0.001206424436531961
611,0.0010670104529708624,5.611854066955857e-05,3.108426881226478e-06,18949,
611,0.001106775482185185,5.400554073275998e-05,3.1566285088047152e-06,18959,
611,0.0011441063834354281,5.537709148484282e-05,3.0135684028209653e-06,18969,
611,,,,18971,0.0012025578180328012
612,0.001401471788994968,5.831335511174984e-05,3.0023534236534033e-06,18979,
612,0.0011704839998856187,5.38775602763053e-05,2.9429163532768143e-06,18989,
612,0.0011537940008565784,5.236965444055386e-05,2.9622171950904885e-06,18999,
612,,,,19002,0.0012190055567771196
613,0.001369271776638925,5.6731125368969515e-05,3.108818646069267e-06,19009,
613,0.0012284169206395745,5.540214624488726e-05,3.0360342861968093e-06,19019,
613,0.0011432610917836428,5.395795960794203e-05,3.0595770112995524e-06,19029,
613,,,,19033,0.0012968801893293858
614,0.0012837949907407165,5.21493966516573e-05,3.013557943631895e-06,19039,
614,0.0011163733433932066,5.260572652332485e-05,2.913284333772026e-06,19049,
614,0.0010860022157430649,5.121687354403548e-05,2.822792339429725e-06,19059,
614,,,,19064,0.00128085701726377
615,0.0012763802660629153,5.500010593095794e-05,3.0399089610000374e-06,19069,
615,0.001130205811932683,5.409980076365173e-05,3.0540361422026763e-06,19079,
615,0.0011789293494075537,5.490580224432051e-05,3.1097686132852687e-06,19089,
615,,,,19095,0.001199049991555512
616,0.0010463063372299075,5.4611835366813466e-05,2.948465180452331e-06,19099,
616,0.0011723311617970467,5.179475556360558e-05,2.958900950034149e-06,19109,
616,0.0011317387688905,5.3315827244659886e-05,2.946009544757544e-06,19119,
616,,,,19126,0.0011943950084969401
617,0.0012865265598520637,5.3654046496376395e-05,2.9750060548394686e-06,19129,
617,0.001079396577551961,5.329654231900349e-05,2.9270522645674646e-06,19139,
617,0.00110166787635535,5.5122505727922544e-05,2.9827033358742483e-06,19149,
617,,,,19157,0.0011866942513734102
618,0.0012791435001417994,5.52150777366478e-05,3.0053508908167714e-06,19159,
618,0.001258583040907979,5.318005059962161e-05,3.1060592391440878e-06,19169,
618,0.0011052099289372563,5.163308378541842e-05,2.9313146114873234e-06,19179,
618,,,,19188,0.0011948600877076387
619,0.0011938490206375718,5.574911483563483e-05,2.9614793675136752e-06,19189,
619,0.0010827218648046255,5.376513217925094e-05,2.8832726002292475e-06,19199,
619,0.0012484370963647962,5.333253284334205e-05,2.9840634852007497e-06,19209,
619,0.0003059692098759115,3.5113855119561777e-05,1.5698134347985615e-08,19219,
619,,,,19219,0.0012340655084699392
620,0.0012411689385771751,5.503743886947632e-05,3.0657056413474493e-06,19229,
620,0.001282659824937582,5.934042201261036e-05,3.036979023818276e-06,19239,
620,0.0010068389819934964,5.240755854174495e-05,2.9877260203647893e-06,19249,
620,,,,19250,0.001311630243435502
621,0.0011124297743663192,5.633752516587265e-05,3.0384453566512093e-06,19259,
621,0.0011317760217934847,5.426281859399751e-05,3.0941000659368e-06,19269,
621,0.0011579347774386406,5.541219070437364e-05,2.9969003207952483e-06,19279,
621,,,,19281,0.0012052577221766114
622,0.0013378736330196261,5.915049769100733e-05,3.0125072498776717e-06,19289,
622,0.0011243470944464207,5.467591108754277e-05,2.9769421416858677e-06,19299,
622,0.0012168156681582332,5.235306525719352e-05,3.0072442314121872e-06,19309,
622,,,,19312,0.0011835844488814473
623,0.0012021773727610707,5.663928095600568e-05,3.042995331270504e-06,19319,
623,0.00111591094173491,5.5366366723319516e-05,2.9725754302489804e-06,19329,
623,0.0011203769827261567,5.391330341808498e-05,3.0383675948542077e-06,19339,
623,,,,19343,0.0011703413911163807
624,0.0010695145465433598,5.145748218637891e-05,3.022644023076282e-06,19349,
624,0.0010972684249281883,5.1632967370096594e-05,2.9098778213665355e-06,19359,
624,0.0010588055010885,5.0925154937431216e-05,2.766196303127799e-06,19369,
624,,,,19374,0.0011738730827346444
625,0.001136851729825139,5.308405525283888e-05,2.9417392397590447e-06,19379,
625,0.0010826758807525039,5.286242958391085e-05,3.0108333248790586e-06,19389,
625,0.001151878503151238,5.408567449194379e-05,3.093208988502738e-06,19399,
625,,,,19405,0.001182468724437058
626,0.001098009292036295,5.4069259931566194e-05,2.979194277941133e-06,19409,
626,0.0011418379144743085,5.049841638538055e-05,2.9418333724606782e-06,19419,
626,0.0011221184395253658,5.276725278235972e-05,2.928977664851118e-06,19429,
626,,,,19436,0.001235462841577828
627,0.0014371121069416404,5.379665162763558e-05,2.944821972050704e-06,19439,
627,0.0010253930231556296,5.3042906074551865e-05,2.9264012937346706e-06,19449,
627,0.0011956769740208983,5.5391999921994284e-05,3.0252365377236856e-06,19459,
627,,,,19467,0.0012896825792267919
628,0.0013030675472691655,5.6481258070562035e-05,3.015372385561932e-06,19469,
628,0.0011776939500123262,5.23514136148151e-05,3.0259957384259906e-06,19479,
628,0.0011030419263988733,5.1946415624115616e-05,2.8605261377379065e-06,19489,
628,,,,19498,0.0011765465606004
629,0.0011765997624024749,5.8165456721326336e-05,2.9736527267232304e-06,19499,
629,0.0010492614237591624,5.413472536019981e-05,2.888667040679138e-06,19509,
629,0.0011628662468865514,5.358732960303314e-05,3.0012963634362677e-06,19519,
629,0.00028599685174413025,3.4721200790954754e-05,1.5660283736451674e-08,19529,
629,,,,19529,0.001166262780316174
630,0.0011433406034484506,5.421373134595342e-05,3.011122316820547e-06,19539,
630,0.0011181026929989457,5.8802805142477155e-05,2.964274017358548e-06,19549,
630,0.0010123385582119226,5.1619543228298426e-05,2.978640395667753e-06,19559,
630,,,,19560,0.0011535979574546218
631,0.001049725105985999,5.4734660807298496e-05,3.0751980375498533e-06,19569,
631,0.0010653194040060043,5.3265081078279763e-05,3.113840421065106e-06,19579,
631,0.0010913796722888947,5.4503721912624314e-05,2.983761987707112e-06,19589,
631,,,,19591,0.001159090781584382
632,0.0013512865407392383,5.702292037312873e-05,2.9612513117172057e-06,19599,
632,0.0011251840041950345,5.346335456124507e-05,2.9137725050532026e-06,19609,
632,0.0011075501097366214,5.152152880327776e-05,2.919156486314023e-06,19619,
632,,,,19622,0.0011646603234112263
633,0.0012886894401162863,5.548819899559021e-05,3.050274244742468e-06,19629,
633,0.0011981334537267685,5.436603896669112e-05,3.002168568855268e-06,19639,
633,0.0011187699856236577,5.328106999513693e-05,3.053150066989474e-06,19649,
633,,,,19653,0.0012075613485649228
634,0.0012063191970810294,5.121204230817966e-05,2.9777422696497524e-06,19659,
634,0.0011299160541966558,5.187425995245576e-05,2.8646054488490336e-06,19669,
634,0.001027046935632825,5.082233838038519e-05,2.7571240934776142e-06,19679,
634,,,,19684,0.0012824306031689048
635,0.0012425470631569624,5.416938802227378e-05,3.0398273338505533e-06,19689,
635,0.0011043255217373371,5.350762148736976e-05,3.0354326554515865e-06,19699,
635,0.0011185462353751063,5.40587461728137e-05,3.0659180083603133e-06,19709,
635,,,,19715,0.0011725223157554865
636,0.0010202439734712243,5.4543525038752705e-05,2.9019042813160922e-06,19719,
636,0.0011518840910866857,5.115107705933042e-05,2.8970525818294846e-06,19729,
636,0.0010882256319746375,5.218972728471272e-05,2.906064082708326e-06,19739,
636,,,,19746,0.0011538536055013537
637,0.0011771880090236664,5.347904152586125e-05,2.9779187116218964e-06,19749,
637,0.0010194012429565191,5.368566417018883e-05,2.914647438956308e-06,19759,
637,0.0010574234183877707,5.501611303770915e-05,2.949952886410756e-06,19769,
637,,,,19777,0.0011396014597266912
638,0.001185543485917151,5.518362740986049e-05,2.952520389953861e-06,19779,
638,0.0011678223963826895,5.224531196290627e-05,3.045711764571024e-06,19789,
638,0.0010513497982174158,5.082130883238278e-05,2.8771121378667885e-06,19799,
638,,,,19808,0.001142240478657186
639,0.001140004605986178,5.527658140636049e-05,2.9309990168258082e-06,19809,
639,0.0010045573581010103,5.258725650492124e-05,2.8471215500758262e-06,19819,
639,0.0011586793698370457,5.215727287577465e-05,2.962075768664363e-06,19829,
639,0.000287054106593132,3.387429387657903e-05,1.5305870348925055e-08,19839,
639,,,,19839,0.001143778208643198
640,0.0011073866626247764,5.3470226703211665e-05,2.972192987726885e-06,19849,
640,0.0011232940014451742,5.76735837967135e-05,2.9547516078309854e-06,19859,
640,0.0010072566801682115,5.19046516274102e-05,2.9670136427739635e-06,19869,
640,,,,19870,0.0011610678629949689
641,0.0010079381754621863,5.420971501735039e-05,3.033022949239239e-06,19879,
641,0.0010668706381693482,5.309207699610852e-05,3.0543587854481302e-06,19889,
641,0.0011600740253925323,5.4332824220182374e-05,2.9460150017257547e-06,19899,
641,,,,19901,0.001244502840563655
642,0.0012196943862363696,5.7564349845051765e-05,2.9656250717380317e-06,19909,
642,0.001157931750640273,5.4380932851927355e-05,2.999567186634522e-06,19919,
642,0.001225877902470529,5.2031555242137983e-05,2.9923096462880494e-06,19929,
642,,,,19932,0.0012157915625721216
643,0.0011386190308257937,5.634842091239989e-05,2.9846960387658328e-06,19939,
643,0.0011132668005302548,5.567132757278159e-05,2.8944823498022743e-06,19949,
643,0.0011073127388954163,5.329322812031023e-05,2.9750815428997157e-06,19959,
643,,,,19963,0.001138397608883679
644,0.0010388545924797654,5.135458195582032e-05,2.9977713893458713e-06,19969,
644,0.0010444755898788571,5.232159674051218e-05,2.891765007007052e-06,19979,
644,0.0009911635424941778,5.1600516599137336e-05,2.7366759240976535e-06,19989,
644,,,,19994,0.001133156125433743
645,0.0011092990171164274,5.315475209499709e-05,2.9312468541320413e-06,19999,
645,0.0010228228056803346,5.208659786148928e-05,2.9604659630422248e-06,20009,
645,0.0010986299021169543,5.3363473853096366e-05,3.0553253509424394e-06,20019,
645,,,,20025,0.0011242344044148922
646,0.0010514952009543777,5.360620707506314e-05,2.9447560336848255e-06,20029,
646,0.0011378040071576834,5.03455703437794e-05,2.9228124276414746e-06,20039,
646,0.0010415951255708933,5.1665952923940495e-05,2.906431291194167e-06,20049,
646,,,,20056,0.0011265005450695753
647,0.0013340850127860904,5.314578811521642e-05,2.923331294368836e-06,20059,
647,0.0010651886695995927,5.241809049039148e-05,2.8493388981587486e-06,20069,
647,0.001053734333254397,5.4908188758417964e-05,2.8950005344086094e-06,20079,
647,,,,20087,0.0011287446832284331
648,0.0012587205274030566,5.429092198028229e-05,2.9936506962258136e-06,20089,
648,0.001237134332768619,5.232631883700378e-05,3.0699727631144924e-06,20099,
648,0.0010668366448953748,5.037887240177952e-05,2.8738254513882566e-06,20109,
648,,,,20118,0.0011593090603128076
649,0.001156995422206819,5.5069740483304486e-05,2.891123131121276e-06,20119,
649,0.001067392062395811,5.209137452766299e-05,2.8129791189712705e-06,20129,
649,0.001184825669042766,5.156791303306818e-05,2.933857331299805e-06,20139,
649,0.000263660418568179,3.376268068677746e-05,1.520145254119143e-08,20149,
649,,,,20149,0.001250316621735692
650,0.0012402485590428114,5.399261863203719e-05,3.053868340430199e-06,20159,
650,0.0011379559291526675,5.827000131830573e-05,2.9304965210030787e-06,20169,
650,0.0009068061481229961,5.210205199546181e-05,2.8618023861781694e-06,20179,
650,,,,20180,0.0011581172002479434
651,0.0010030880803242326,5.450643948279321e-05,2.9822058422723785e-06,20189,
651,0.0010370826348662376,5.450591561384499e-05,3.0412084015551955e-06,20199,
651,0.0010714817326515913,5.439974120236002e-05,2.9493915008060867e-06,20209,
651,,,,20211,0.001123163616284728
652,0.0012325200950726867,5.74241166759748e-05,2.933492623924394e-06,20219,
652,0.0010375234996899962,5.314699956215918e-05,2.8927356652275193e-06,20229,
652,0.0010998229263350368,5.116244574310258e-05,2.9216546408861177e-06,20239,
652,,,,20242,0.0011132515501230955
653,0.0011499562533572316,5.52651472389698e-05,2.9776952032989357e-06,20249,
653,0.0010604324052110314,5.317212708177976e-05,2.909843715315219e-06,20259,
653,0.0010598324006423354,5.267709639156237e-05,3.0007386158104055e-06,20269,
653,,,,20273,0.0011095592053607106
654,0.0010065773967653513,5.037141454522498e-05,2.966174633911578e-06,20279,
654,0.0010225520236417651,5.0688347982941195e-05,2.8489550913946005e-06,20289,
654,0.0010017199674621224,5.040961696067825e-05,2.6949267066811444e-06,20299,
654,,,,20304,0.001109385397285223
655,0.0010608305456116796,5.1948456530226395e-05,2.890309133363189e-06,20309,
655,0.0010190429165959358,5.1376042392803356e-05,2.943310619230033e-06,20319,
655,0.0010786255588755012,5.294990478432737e-05,3.0347205211000983e-06,20329,
655,,,,20335,0.0011118873953819275
656,0.0010439634788781404,5.304973092279397e-05,2.921887244156096e-06,20339,
656,0.001089677563868463,4.9622929509496316e-05,2.8741787900798954e-06,20349,
656,0.0010350222000852227,5.134903403813951e-05,2.8752233447448816e-06,20359,
656,,,,20366,0.0011412054300308228
657,0.0013660837430506945,5.31366458744742e-05,2.9026257379882736e-06,20369,
657,0.000977413379587233,5.2326202421681955e-05,2.8385081805026857e-06,20379,
657,0.0010549642611294985,5.516885357792489e-05,2.917084657383384e-06,20389,
657,,,,20397,0.001234225113876164
658,0.0013948144624009728,5.540830534300767e-05,3.0326518754009157e-06,20399,
658,0.0010880219051614404,5.117708496982232e-05,2.943658500953461e-06,20409,
658,0.0010614199563860893,5.071765190223232e-05,2.7752985261031426e-06,20419,
658,,,,20428,0.0011440381640568376
659,0.0011412454769015312,5.7205277698813006e-05,2.9040245408396004e-06,20429,
659,0.0009928273502737284,5.281533958623186e-05,2.8258434667804977e-06,20439,
659,0.0011020125821232796,5.192621028982103e-05,2.961810196211445e-06,20449,
659,0.0002664685307536274,3.322948396089487e-05,1.5184554058578215e-08,20459,
659,,,,20459,0.0011059168027713895
660,0.0011033492628484964,5.3990090236766264e-05,2.9769144020974636e-06,20469,
660,0.0010610740864649415,5.812339441035874e-05,2.9114407880115323e-06,20479,
660,0.0009555892902426422,5.137842890690081e-05,2.893657438107766e-06,20489,
660,,,,20490,0.0010978186037391424
661,0.0009548485977575183,5.290705666993745e-05,2.9800760330545017e-06,20499,
661,0.001001287717372179,5.293213325785473e-05,3.0263138341979356e-06,20509,
661,0.0010152471950277686,5.31013538420666e-05,2.924318323493935e-06,20519,
661,,,,20521,0.0010930775897577405
662,0.0012534527340903878,5.5647145927650854e-05,2.8857846245955443e-06,20529,
662,0.0010445539373904467,5.251864422461949e-05,2.8469012249843217e-06,20539,
662,0.0010444993386045098,5.070652696304023e-05,2.8594452032848494e-06,20549,
662,,,,20552,0.0010927157709375024
663,0.001159620238468051,5.425120980362408e-05,2.9576285669463687e-06,20559,
663,0.0010954231256619096,5.24573952134233e-05,2.9041457310086116e-06,20569,
663,0.0010592101607471704,5.211457028053701e-05,3.0075259473960614e-06,20579,
663,,,,20583,0.001093053724616766
664,0.0010165473213419318,5.0221799028804526e-05,2.936272949227714e-06,20589,
664,0.0010362593457102776,5.071350824437104e-05,2.809929583236226e-06,20599,
664,0.001021190662868321,5.0202372221974656e-05,2.664093699422665e-06,20609,
664,,,,20614,0.0011116027599200606
665,0.001029854523949325,5.174944453756325e-05,2.894885938076186e-06,20619,
665,0.0010602883994579315,5.1476614316925406e-05,2.9806544716848293e-06,20629,
665,0.0011608023196458817,5.3398987802211195e-05,3.0703754418937024e-06,20639,
665,,,,20645,0.0011985927121713758
666,0.0009318397496826947,5.25233153894078e-05,2.8419774480425986e-06,20649,
666,0.0011227562790736556,4.919433922623284e-05,2.783809122774983e-06,20659,
666,0.0010496847098693252,5.140219582244754e-05,2.8516251404653303e-06,20669,
666,,,,20676,0.001157520804554224
667,0.0011092743370682001,5.3756619308842346e-05,2.9664483918168116e-06,20679,
667,0.000985821709036827,5.427577343652956e-05,2.880521151382709e-06,20689,
667,0.001058791996911168,5.466309448820539e-05,2.8964493594685337e-06,20699,
667,,,,20707,0.0010859755566343665
668,0.001057884655892849,5.517284807865508e-05,2.8292074603086803e-06,20709,
668,0.0010481857461854815,5.1418261136859655e-05,2.920966835517902e-06,20719,
668,0.0009947010548785329,5.07888980791904e-05,2.782542651402764e-06,20729,
668,,,,20738,0.001083694281987846
669,0.0010843093041330576,5.626794882118702e-05,2.893012606364209e-06,20739,
669,0.0009365028236061335,5.1202619943069294e-05,2.779711394396145e-06,20749,
669,0.0010898512555286288,5.092734863865189e-05,2.902276492022793e-06,20759,
669,0.00027058031992055476,3.13789896608796e-05,1.4663337211118233e-08,20769,
669,,,,20769,0.0010749615030363202
670,0.0010587630094960332,5.253373456071131e-05,2.9110638024576474e-06,20779,
670,0.0010339668951928616,5.612885070149787e-05,2.8700533221126534e-06,20789,
670,0.0009064500918611884,5.0785380153683946e-05,2.856044375221245e-06,20799,
670,,,,20800,0.0010757402051240206
671,0.0010008725803345442,5.23655726283323e-05,2.9987734251335496e-06,20809,
671,0.0009877128759399056,5.227509609539993e-05,3.012021124959574e-06,20819,
671,0.0009988155215978622,5.2380502893356606e-05,2.9004993393755285e-06,20829,
671,,,,20831,0.0010731503134593368
672,0.001244542421773076,5.455029895529151e-05,2.8567285426106537e-06,20839,
672,0.0010411827825009823,5.252448681858368e-05,2.8206084152770927e-06,20849,
672,0.001025823294185102,5.0458969781175256e-05,2.8342717541818274e-06,20859,
672,,,,20862,0.0010801556054502726
673,0.0011979618575423956,5.436718856799416e-05,2.9553698368545156e-06,20869,
673,0.0011180348228663206,5.202530883252621e-05,2.9039611035841517e-06,20879,
673,0.0010413863928988576,5.170488657313399e-05,2.9867935609217966e-06,20889,
673,,,,20893,0.0011246440699324012
674,0.0011246094945818186,5.039363168179989e-05,2.893006239901297e-06,20899,
674,0.001042126677930355,5.080306073068641e-05,2.7779717584053287e-06,20909,
674,0.0009408110054209828,5.018178126192652e-05,2.664567318788613e-06,20919,
674,,,,20924,0.0011971349595114589
675,0.0011597097618505359,5.2575720474123955e-05,2.9754057777608978e-06,20929,
675,0.0010032273130491376,5.136173058417626e-05,2.928643198174541e-06,20939,
675,0.0010316087864339352,5.2375289669726044e-05,2.9838074624422006e-06,20949,
675,,,,20955,0.0010844474891200662
676,0.0009620300843380392,5.3354244300862774e-05,2.8144247607997386e-06,20959,
676,0.0010625632712617517,4.92020626552403e-05,2.7820606192108244e-06,20969,
676,0.0010053579462692142,5.0502650992712006e-05,2.8266783829167252e-06,20979,
676,,,,20986,0.0010701962746679783
677,0.0010759406723082066,5.282209167489782e-05,2.9158904908399563e-06,20989,
677,0.0009421915747225285,5.383387906476855e-05,2.8163751721876906e-06,20999,
677,0.0009722912800498307,5.4038409871282056e-05,2.840096612999332e-06,21009,
677,,,,21017,0.0010589446173980832
678,0.0010840605245903134,5.363269156077877e-05,2.8560862119775265e-06,21019,
678,0.001065445365384221,5.096841050544754e-05,2.933241148639354e-06,21029,
678,0.0009738567750900984,4.964551408193074e-05,2.7694559321389534e-06,21039,
678,,,,21048,0.0010594450868666172
679,0.0010580208618193865,5.448461160995066e-05,2.844376922439551e-06,21049,
679,0.0009148255921900272,5.0286333134863526e-05,2.7516705358721083e-06,21059,
679,0.001070842961780727,4.9944002967095e-05,2.8912963898619637e-06,21069,
679,0.000257512234384194,3.065376586164348e-05,1.4545362247986304e-08,21079,
679,,,,21079,0.0010562255047261715
680,0.001038990681990981,5.217801299295388e-05,2.8846802706539165e-06,21089,
680,0.0010237712413072586,5.520627018995583e-05,2.8472175017668633e-06,21099,
680,0.0008906532893888652,5.06182259414345e-05,2.832324298651656e-06,21109,
680,,,,21110,0.001055253786034882
681,0.0009791824268177152,5.177099592401646e-05,2.970294872284285e-06,21119,
681,0.0009702122770249844,5.194047844270244e-05,2.984138973260997e-06,21129,
681,0.0009768103482201695,5.184438850847073e-05,2.878392706406885e-06,21139,
681,,,,21141,0.0010616729268804193
682,0.0012255979236215353,5.364211028791033e-05,2.8287315672059776e-06,21149,
682,0.001015441375784576,5.2469229558482766e-05,2.7952794425800676e-06,21159,
682,0.001010119216516614,5.04441159137059e-05,2.829204731824575e-06,21169,
682,,,,21172,0.001098720938898623
683,0.0012405975721776485,5.4659871238982305e-05,2.9672492019017227e-06,21179,
683,0.0010174319613724947,5.1280887419125065e-05,2.8450926947698463e-06,21189,
683,0.0010050906566902995,5.1352464652154595e-05,2.908911710619577e-06,21199,
683,,,,21203,0.0011908655287697911
684,0.0011024007108062506,5.035565118305385e-05,2.8648448733292753e-06,21209,
684,0.0009480497683398426,5.1038776291534305e-05,2.796270337057649e-06,21219,
684,0.0009446783806197345,5.0364826165605336e-05,2.685794243006967e-06,21229,
684,,,,21234,0.0010828367667272687
685,0.0011242356849834323,5.237684308667667e-05,2.9138705031073187e-06,21239,
685,0.0009513015393167734,5.106148819322698e-05,2.8703643693006597e-06,21249,
685,0.0010172197362408042,5.242722909315489e-05,2.975451025122311e-06,21259,
685,,,,21265,0.0010530435247346759
686,0.0009302292019128799,5.29940880369395e-05,2.8068600386177422e-06,21269,
686,0.0010148375295102596,4.868424730375409e-05,2.76076934824232e-06,21279,
686,0.0009837951511144638,5.022594632464461e-05,2.8062072487955447e-06,21289,
686,,,,21296,0.0010450691916048527
687,0.001105508883483708,5.232229159446433e-05,2.8572815153893316e-06,21299,
687,0.0009432272636331618,5.2883267926517874e-05,2.764266355370637e-06,21309,
687,0.0009462455054745078,5.353037340682931e-05,2.7907085495826323e-06,21319,
687,,,,21327,0.0010401499457657337
688,0.0010912091238424182,5.2590243285521865e-05,2.8507781735243043e-06,21329,
688,0.0010643054265528917,5.1090377382934093e-05,2.9263242140586954e-06,21339,
688,0.0009540753089822829,4.908447226625867e-05,2.7453402253740933e-06,21349,
688,,,,21358,0.0010362612083554268
689,0.0010349544463679194,5.36821607965976e-05,2.816625283230678e-06,21359,
689,0.0008907393785193563,4.962367165717296e-05,2.7268163194094086e-06,21369,
689,0.0010531978914514184,4.9350423068972304e-05,2.8757172003679443e-06,21379,
689,0.00025085260858759284,2.9942806577309966e-05,1.4418811922212171e-08,21389,
689,,,,21389,0.0010322510497644544
690,0.0010235944064334035,5.184797919355333e-05,2.861743723769905e-06,21399,
690,0.0010041340719908476,5.416595013230108e-05,2.820700956362998e-06,21409,
690,0.0008694223361089826,5.045685247750953e-05,2.8046197257936e-06,21419,
690,,,,21420,0.0010321942390874028
691,0.0009727462311275303,5.1248476665932685e-05,2.9500140499294503e-06,21429,
691,0.0009527681395411491,5.1413397159194574e-05,2.9605355393869104e-06,21439,
691,0.0009553575655445457,5.1358743803575635e-05,2.8610027129616356e-06,21449,
691,,,,21451,0.00103513163048774
692,0.0012070630909875035,5.2381819841684774e-05,2.7966784728050698e-06,21459,
692,0.0010027838870882988,5.2341238188091666e-05,2.77212166110985e-06,21469,
692,0.000993942841887474,5.028771920478903e-05,2.8143238068878418e-06,21479,
692,,,,21482,0.0010520124342292547
693,0.0011900844983756542,5.364546086639166e-05,2.9379009447438875e-06,21489,
693,0.0010736922267824411,5.112364306114614e-05,2.8573681447596755e-06,21499,
693,0.0009844969026744366,5.1033810450462624e-05,2.9272021038195817e-06,21509,
693,,,,21513,0.0011452084872871637
694,0.0011269755195826292,5.0148810259997845e-05,2.831108986356412e-06,21519,
694,0.0009373474167659879,5.011808389099315e-05,2.7610833512881072e-06,21529,
694,0.0009068991057574749,4.9411242798669264e-05,2.6667107704270165e-06,21539,
694,,,,21544,0.0011249762028455734
695,0.0011428820434957743,5.225484710535966e-05,2.918837481047376e-06,21549,
695,0.0009284742409363389,5.119519119034521e-05,2.845646122295875e-06,21559,
695,0.0009924106998369098,5.1755203458014876e-05,2.949065446955501e-06,21569,
695,,,,21575,0.0010342795867472887
696,0.0009275339543819427,5.169428186491132e-05,2.7856558517669328e-06,21579,
696,0.0009944088524207473,4.723427628050558e-05,2.7271221370028798e-06,21589,
696,0.0009709247387945652,5.034123387304135e-05,2.7859532565344125e-06,21599,
696,,,,21606,0.001029728096909821
697,0.0010552597232162952,5.209849405218847e-05,2.8438903427741025e-06,21609,
697,0.0009139106841757894,5.2110623073531315e-05,2.7491009859659243e-06,21619,
697,0.000919572077691555,5.282288839225657e-05,2.7634416710498044e-06,21629,
697,,,,21637,0.0010134533513337374
698,0.0010439098114147782,5.1101244025630876e-05,2.8144722818979062e-06,21639,
698,0.0010283214505761862,5.160556247574277e-05,2.898270622608834e-06,21649,
698,0.0009329275344498456,4.872481440543197e-05,2.728402705542976e-06,21659,
698,,,,21668,0.0010097397025674582
699,0.0010079583153128624,5.219585364102386e-05,2.7996018161502434e-06,21669,
699,0.0008642863249406219,4.94026935484726e-05,2.70426085080544e-06,21679,
699,0.0010351589880883694,4.885885209660046e-05,2.8642477900575614e-06,21689,
699,0.0002448330633342266,2.93399061774835e-05,1.431491281067565e-08,21699,
699,,,,21699,0.0010054918238893151
700,0.001007595332339406,5.112675717100501e-05,2.838454520315281e-06,21709,
700,0.0009855874814093113,5.2973857236793265e-05,2.797744173221872e-06,21719,
700,0.00085470947669819,5.018024967284873e-05,2.7856351607624674e-06,21729,
700,,,,21730,0.0010051920544356108
701,0.000968789856415242,5.072173735243268e-05,2.93231323666987e-06,21739,
701,0.0009307367145083845,5.034586865804158e-05,2.9334380542422878e-06,21749,
701,0.0009431397193111479,5.096963650430553e-05,2.8398535505402833e-06,21759,
701,,,,21761,0.001005828264169395
702,0.0011838333448395133,5.11292128066998e-05,2.7675021101458697e-06,21769,
702,0.0009837872348725796,5.206702553550713e-05,2.7579130801314022e-06,21779,
702,0.000973631686065346,4.9883205065270886e-05,2.8006734282826073e-06,21789,
702,,,,21792,0.0010115065379068255
703,0.0011157664703205228,5.216317003942095e-05,2.891303665819578e-06,21799,
703,0.0010602229740470648,5.0993607146665454e-05,2.826742274919525e-06,21809,
703,0.000995345995761454,5.086688543087803e-05,2.9426262244669488e-06,21819,
703,,,,21823,0.001047049299813807
704,0.0010311559308320284,4.923103915643878e-05,2.8135971206211252e-06,21829,
704,0.001026398385874927,4.943622843711637e-05,2.7152423172083218e-06,21839,
704,0.0009002489969134331,4.8614743718644604e-05,2.5892225039569894e-06,21849,
704,,,,21854,0.0011592054506763816
705,0.0011307097738608718,5.196380152483471e-05,2.9334501050470863e-06,21859,
705,0.0009160629706457257,5.0552811444504187e-05,2.837346983142197e-06,21869,
705,0.0009608946274966002,5.074499131296761e-05,2.9106104193488136e-06,21879,
705,,,,21885,0.001047790632583201
706,0.0009198800544254482,4.992317917640321e-05,2.7624591893982142e-06,21889,
706,0.0009899430442601442,4.645696753868833e-05,2.698217258512159e-06,21899,
706,0.0009395243250764906,5.01664871990215e-05,2.7715173018805217e-06,21909,
706,,,,21916,0.0009982261108234525
707,0.0010055245365947485,5.111707287142053e-05,2.8582085178641137e-06,21919,
707,0.0008856531931087375,5.0007743993774056e-05,2.7462299385661026e-06,21929,
707,0.0009133239509537816,5.2681221859529614e-05,2.751842657744419e-06,21939,
707,,,,21947,0.0009798714891076088
708,0.0009707834105938673,5.070880433777347e-05,2.7718829187506344e-06,21949,
708,0.000995949492789805,5.126114047016017e-05,2.86730460175022e-06,21959,
708,0.0009121316252276301,4.8434914788231254e-05,2.7088979095424293e-06,21969,
708,,,,21978,0.0009757962543517351
709,0.0009735492640174925,5.1307742978679016e-05,2.7835396849695826e-06,21979,
709,0.0008396566845476627,4.9635938921710476e-05,2.6821508072316647e-06,21989,
709,0.0010164424311369658,4.8584508476778865e-05,2.851022827599081e-06,21999,
709,0.0002400348021183163,2.8782606023014523e-05,1.4200181475132467e-08,22009,
709,,,,22009,0.0009822247084230185
710,0.0009893139358609915,5.065914228907786e-05,2.818642315105535e-06,22019,
710,0.0009697891655378044,5.2356150263221934e-05,2.778841007966548e-06,22029,
710,0.0008431011228822172,4.958869612892158e-05,2.768739705061307e-06,22039,
710,,,,22040,0.0009827838512137532
711,0.0009532845579087734,5.011044777347706e-05,2.907258249251754e-06,22049,
711,0.0009140116162598133,4.9414054956287146e-05,2.9057168831059244e-06,22059,
711,0.0009275567717850208,5.047650120104663e-05,2.815606876538368e-06,22069,
711,,,,22071,0.0009840958518907428
712,0.0011626348132267594,5.032765329815447e-05,2.741886646617786e-06,22079,
712,0.0009670560830272734,5.142048394191079e-05,2.7400355975260027e-06,22089,
712,0.0009545566863380373,4.9401609430788085e-05,2.784539674394182e-06,22099,
712,,,,22102,0.0009913754183799028
713,0.0010968685382977128,5.1375107432249933e-05,2.8661725082201883e-06,22109,
713,0.0010453613940626383,5.111154314363375e-05,2.802036760840565e-06,22119,
713,0.0009742584079504013,5.055075962445699e-05,2.920290171459783e-06,22129,
713,,,,22133,0.0010350364027544856
714,0.0010245961602777243,4.8774807510199025e-05,2.7829867121909047e-06,22139,
714,0.0009974989807233214,4.9192371079698205e-05,2.695441025934997e-06,22149,
714,0.0008669067756272852,4.815746797248721e-05,2.571829782027635e-06,22159,
714,,,,22164,0.001135262195020914
715,0.001103247981518507,5.158017302164808e-05,2.9054733658995247e-06,22169,
715,0.0008966323221102357,5.000628880225122e-05,2.813308128679637e-06,22179,
715,0.000940489349886775,5.0247268518432975e-05,2.8956378628208768e-06,22189,
715,,,,22195,0.0010181384859606624
716,0.0008927944581955671,4.924472523271106e-05,2.7403063995734556e-06,22199,
716,0.0009697292698547244,4.654642179957591e-05,2.671169340828783e-06,22209,
716,0.0009227345581166446,4.9531488912180066e-05,2.747489588728058e-06,22219,
716,,,,22226,0.0009733944316394627
717,0.0009833986405283213,5.0472528528189287e-05,2.824516514010611e-06,22229,
717,0.0008632218232378364,4.899732448393479e-05,2.7064202186011244e-06,22239,
717,0.0008946321904659271,5.232415423961356e-05,2.716527433221927e-06,22249,
717,,,,22257,0.0009546959772706032
718,0.0009463074384257197,5.045428406447172e-05,2.7550497634365456e-06,22259,
718,0.0009824844310060143,5.061281262896955e-05,2.8475619728851598e-06,22269,
718,0.0008910537580959499,4.826145595870912e-05,2.6811351290234597e-06,22279,
718,,,,22288,0.0009591578273102641
719,0.000956311880145222,5.134188904776238e-05,2.7628343559626956e-06,22289,
719,0.0008214347180910408,4.977408752893098e-05,2.6587686079437844e-06,22299,
719,0.000999622163362801,4.854293729295023e-05,2.8334632133919513e-06,22309,
719,0.00023415648320224136,2.812354068737477e-05,1.410732242135282e-08,22319,
719,,,,22319,0.0009653248125687242
720,0.0009701336966827512,5.0423132051946595e-05,2.803406914608786e-06,22329,
720,0.0009551504626870155,5.214485645410605e-05,2.7618366402748507e-06,22339,
720,0.0008257813169620931,4.9226509872823954e-05,2.7437470180302626e-06,22349,
720,,,,22350,0.0009664474637247622
721,0.0009287879220210016,4.953855022904463e-05,2.8739141271216795e-06,22359,
721,0.0009037781273946166,4.896461541648023e-05,2.8810284220526228e-06,22369,
721,0.0009021465084515512,4.9943286285270005e-05,2.7903686259378446e-06,22379,
721,,,,22381,0.0009709933656267822
722,0.001146421767771244,4.9470872909296304e-05,2.7158853299624752e-06,22389,
722,0.0009491610690020025,5.057620728621259e-05,2.7126193344884086e-06,22399,
722,0.0009387630270794034,4.893188088317402e-05,2.766661964415107e-06,22409,
722,,,,22412,0.0009907728526741266
723,0.0011220209999009967,5.09645433339756e-05,2.8646977625612635e-06,22419,
723,0.0010128351859748363,5.073991997051053e-05,2.782178853522055e-06,22429,
723,0.0009340023389086127,5.005425919080153e-05,2.8718277462758124e-06,22439,
723,,,,22443,0.0010842335177585483
724,0.0010662312852218747,4.875295780948363e-05,2.748099404925597e-06,22449,
724,0.0008880391833372414,4.9125374061986804e-05,2.702334995774436e-06,22459,
724,0.0008462117984890938,4.786103454534896e-05,2.603951770652202e-06,22469,
724,,,,22474,0.001058378373272717
725,0.001066360273398459,5.135823812452145e-05,2.8472786652855575e-06,22479,
725,0.000866886111907661,4.9398746341466904e-05,2.779214355541626e-06,22489,
725,0.0009272538009099662,4.990951492800377e-05,2.8913871119584655e-06,22499,
725,,,,22505,0.0009669140563346446
726,0.000847053830511868,4.914156670565717e-05,2.7184487407794222e-06,22509,
726,0.000937017728574574,4.640347106033005e-05,2.646107759574079e-06,22519,
726,0.0009101788164116442,4.929037459078245e-05,2.7256198791292263e-06,22529,
726,,,,22536,0.0009479019208811224
727,0.001007050508633256,5.023592530051246e-05,2.763877546385629e-06,22539,
727,0.0008664363995194435,4.8384401452494785e-05,2.648323970788624e-06,22549,
727,0.0008733663707971573,5.1706458179978654e-05,2.6706679818744306e-06,22559,
727,,,,22567,0.0009425938478671014
728,0.0009633285226300359,4.968714347342029e-05,2.7600231078395154e-06,22569,
728,0.0009822322754189372,4.9752376071410254e-05,2.8376416594255716e-06,22579,
728,0.0008725321386009455,4.7793626436032355e-05,2.655199068613001e-06,22589,
728,,,,22598,0.0009500767337158322
729,0.0009469852084293962,5.1076414820272475e-05,2.7414732812758302e-06,22599,
729,0.0008081689011305571,4.977185380994342e-05,2.632351424836088e-06,22609,
729,0.0009854441741481423,4.878923573414795e-05,2.8065255719411653e-06,22619,
729,0.00022957962937653065,2.7715524993254803e-05,1.4014713833887527e-08,22629,
729,,,,22629,0.000950510089751333
730,0.0009467477793805301,5.032704211771488e-05,2.790437520161504e-06,22639,
730,0.0009374421206302941,5.216969293542206e-05,2.7500566375238122e-06,22649,
730,0.0008158921846188605,4.922413427266292e-05,2.7229175429965835e-06,22659,
730,,,,22660,0.0009545987704768777
731,0.0008851648308336735,4.872258796240203e-05,2.8273125280975364e-06,22669,
731,0.0008843643008731306,4.8481659177923575e-05,2.8483245841925964e-06,22679,
731,0.0008897597435861826,4.955559779773466e-05,2.7596652216743678e-06,22689,
731,,,,22691,0.0009756823419593275
732,0.0011027761502191424,4.888104376732372e-05,2.6942727799905697e-06,22699,
732,0.0008943265420384705,5.00366986670997e-05,2.7018777473131195e-06,22709,
732,0.0009750970057211816,4.916643592878245e-05,2.798900823108852e-06,22719,
732,,,,22722,0.0010635209036991
733,0.0010282392613589764,5.0439070037100464e-05,2.8158840450487332e-06,22729,
733,0.0008949993643909693,4.942069062963128e-05,2.669162540769321e-06,22739,
733,0.0009767486480996013,4.972966780769639e-05,2.8076624403183814e-06,22749,
733,,,,22753,0.0010035262675955892
734,0.0009082805481739342,4.962320235790685e-05,2.7674352622852894e-06,22759,
734,0.0008695709402672946,5.001098179491237e-05,2.699243850656785e-06,22769,
734,0.0008242069743573666,4.829674435313791e-05,2.548190195739153e-06,22779,
734,,,,22784,0.0009448441560380161
735,0.0009476366103626788,5.097651228425093e-05,2.7702783427230315e-06,22789,
735,0.0008550171623937786,4.865353548666462e-05,2.7699541078618495e-06,22799,
735,0.0009300045785494149,4.962733873981051e-05,2.892679503929685e-06,22809,
735,,,,22815,0.0009309464949183166
736,0.0008260802133008838,4.8555401008343324e-05,2.7204937396163587e-06,22819,
736,0.000939555000513792,4.639443795895204e-05,2.654692707437789e-06,22829,
736,0.0008699907339178026,4.910323696094565e-05,2.7229118586546974e-06,22839,
736,,,,22846,0.0009318028460256755
737,0.0010689476039260626,5.018292722525075e-05,2.7299408884573495e-06,22849,
737,0.0008909731404855847,4.795378481503576e-05,2.6078148493979825e-06,22859,
737,0.0008748349500820041,5.12764927407261e-05,2.635458031363669e-06,22869,
737,,,,22877,0.0009351948974654078
738,0.000977646210230887,4.887436080025509e-05,2.7610167308012024e-06,22879,
738,0.0009862520964816213,4.886666647507809e-05,2.833147163983085e-06,22889,
738,0.0008657478610984981,4.7377488954225555e-05,2.6433588118379703e-06,22899,
738,,,,22908,0.0009356603259220719
739,0.0009328318410553038,5.0448674301151186e-05,2.7288415367365815e-06,22909,
739,0.0008031699690036476,4.9453170504420996e-05,2.6053992314700736e-06,22919,
739,0.0009734334889799356,4.85345626657363e-05,2.7726150619855616e-06,22929,
739,0.00022834398259874433,2.7292320737615228e-05,1.3881377824986885e-08,22939,
739,,,,22939,0.0009413679945282638
740,0.0009295516647398472,5.02248112752568e-05,2.7861349281010916e-06,22949,
740,0.0009286576532758772,5.213541953708045e-05,2.7503790533955907e-06,22959,
740,0.0008309895638376474,4.947857451043092e-05,2.7118978778162273e-06,22969,
740,,,,22970,0.0009651758591644466
741,0.0008149025961756706,4.787149009644054e-05,2.751451802396332e-06,22979,
741,0.0008883406408131123,4.805420394404791e-05,2.7912749374081613e-06,22989,
741,0.000945046660490334,4.928041744278744e-05,2.7370376756152837e-06,22999,
741,,,,23001,0.0010473919101059437
742,0.0009971469407901168,4.868486212217249e-05,2.6980114853358828e-06,23009,
742,0.0009284885600209236,5.0168211600976065e-05,2.7455223516881233e-06,23019,
742,0.001011702581308782,4.9452159146312624e-05,2.80747440228879e-06,23029,
742,,,,23032,0.0009948272490873933
743,0.0009362061973661184,4.972478564013727e-05,2.734544295890373e-06,23039,
743,0.0008860260713845491,4.952583913109265e-05,2.6472228000784526e-06,23049,
743,0.0009160357294604182,4.894742232863791e-05,2.792135092022363e-06,23059,
743,,,,23063,0.0009324083221144974
744,0.0008666458888910711,4.900637941318564e-05,2.7344433419784764e-06,23069,
744,0.0008513135835528374,4.9156205932376906e-05,2.6559948764770525e-06,23079,
744,0.0008162613376043737,4.798734516953118e-05,2.505414613551693e-06,23089,
744,,,,23094,0.0009164195507764816
745,0.0008819017093628645,5.126072937855497e-05,2.7082030555902747e-06,23099,
745,0.0008424520492553711,4.830358739127405e-05,2.736911710599088e-06,23109,
745,0.0008901142864488065,4.972270835423842e-05,2.8483307232818333e-06,23119,
745,,,,23125,0.0009157453896477818
746,0.0008494812645949423,4.7965488192858174e-05,2.7147127639182145e-06,23129,
746,0.000964333419688046,4.59894617961254e-05,2.650114765856415e-06,23139,
746,0.000855302787385881,4.884352892986499e-05,2.7165337996848393e-06,23149,
746,,,,23156,0.0009165665251202881
747,0.0010662996210157871,4.979761069989763e-05,2.7105304525321117e-06,23159,
747,0.0008885561255738139,4.759721196023747e-05,2.5778592771530384e-06,23169,
747,0.000863770314026624,5.104147203383036e-05,2.6064128633151995e-06,23179,
747,,,,23187,0.0009151407284662127
748,0.0009536930592730641,4.846507727052085e-05,2.7426308406575117e-06,23189,
748,0.0009746049181558192,4.8153986426768824e-05,2.8162485250504687e-06,23199,
748,0.0008543588919565082,4.7120705858105794e-05,2.6252273528371006e-06,23209,
748,,,,23218,0.0009157888707704842
749,0.0009127742960117757,4.9487873184261844e-05,2.7100713850813918e-06,23219,
749,0.0007873053546063602,4.836840889765881e-05,2.5807971724134404e-06,23229,
749,0.0009587851236574352,4.7921068471623585e-05,2.7485095870360965e-06,23239,
749,0.00022470128897111863,2.697444688237738e-05,1.3759269279489672e-08,23249,
749,,,,23249,0.0009208936826325953
750,0.0009134743013419211,5.003768819733523e-05,2.766042371149524e-06,23259,
750,0.0009178670006804168,5.214755583438091e-05,2.73396562988637e-06,23269,
750,0.0008226755890063941,4.98559202242177e-05,2.6962893571180757e-06,23279,
750,,,,23280,0.0009483863832429051
751,0.0007977260393090546,4.735610491479747e-05,2.7179944481758866e-06,23289,
751,0.0008840205846354365,4.7637477109674364e-05,2.7623152618616587e-06,23299,
751,0.0009345000726170838,4.9071684770751745e-05,2.7161461275682086e-06,23309,
751,,,,23311,0.0010254117660224438
752,0.0009811564814299345,4.8172198148677126e-05,2.6763837013277225e-06,23319,
752,0.0009053232497535646,4.972856186213903e-05,2.7242313080932945e-06,23329,
752,0.0009917422430589795,4.927265763399191e-05,2.787221092148684e-06,23339,
752,,,,23342,0.0009564742795191705
753,0.0009120572358369827,4.917770274914801e-05,2.703303152884473e-06,23349,
753,0.0008693061536177993,4.853458813158795e-05,2.6258055640937528e-06,23359,
753,0.0008956455858424306,4.826177246286534e-05,2.7735736694012303e-06,23369,
753,,,,23373,0.0009090641397051513
754,0.000848206807859242,4.756432826980017e-05,2.708080501179211e-06,23379,
754,0.0008347762050107121,4.814115527551621e-05,2.631607685543713e-06,23389,
754,0.0008037380175665021,4.709616405307315e-05,2.4829678295645863e-06,23399,
754,,,,23404,0.0008937701350077987
755,0.0008618201245553792,5.032808621763252e-05,2.684662149476935e-06,23409,
755,0.0008317019673995674,4.821954280487262e-05,2.7212056465941714e-06,23419,
755,0.0008712837588973343,4.9914855480892584e-05,2.8266083518246887e-06,23429,
755,,,,23435,0.0008949378971010447
756,0.0008247021469287574,4.774583430844359e-05,2.6838763460546033e-06,23439,
756,0.0009412883082404733,4.5635159040102735e-05,2.620328586999676e-06,23449,
756,0.000839764135889709,4.875189915765077e-05,2.699340711842524e-06,23459,
756,,,,23466,0.0008938118699006736
757,0.001036115805618465,4.880263804807328e-05,2.6851394068216905e-06,23469,
757,0.0008663633489049971,4.6944525820435956e-05,2.5478241241216892e-06,23479,
757,0.0008450683671981096,5.088830948807299e-05,2.5758843094081385e-06,23489,
757,,,,23497,0.0008949979091994464
758,0.0009371719206683338,4.864507354795933e-05,2.7312248676025774e-06,23499,
758,0.0009719194495119154,4.789393278770149e-05,2.805398935379344e-06,23509,
758,0.0008550272905267775,4.698431075667031e-05,2.6193597477686126e-06,23519,
758,,,,23528,0.0008992753573693335
759,0.0008964299340732396,4.898017505183816e-05,2.6866475764109055e-06,23529,
759,0.0007946473779156804,4.7272827941924334e-05,2.552714931880473e-06,23539,
759,0.000981300137937069,4.7092209570109844e-05,2.7085809506388614e-06,23549,
759,0.00023014652833808213,2.6401516151963733e-05,1.3559331435430977e-08,23559,
759,,,,23559,0.0009280687081627548
760,0.0009710103622637689,5.022593541070819e-05,2.8094616482121637e-06,23569,
760,0.001011645421385765,5.238274025032297e-05,2.776901737888693e-06,23579,
760,0.000774890067987144,5.0035352614941075e-05,2.6518252980167745e-06,23589,
760,,,,23590,0.000973714457359165
761,0.0008402938838116825,4.724378595710732e-05,2.6660311505111167e-06,23599,
761,0.0008709559333510697,4.765635458170436e-05,2.73027717412333e-06,23609,
761,0.0008561916183680296,4.9402973672840744e-05,2.692804173420882e-06,23619,
761,,,,23621,0.0009071612730622292
762,0.00098283716943115,4.743779936688952e-05,2.639425019879127e-06,23629,
762,0.0008461386896669865,4.926115070702508e-05,2.672392838576343e-06,23639,
762,0.0009231369476765394,4.8615780542604625e-05,2.738301418503397e-06,23649,
762,,,,23652,0.0008836112101562321
763,0.0009077285649254918,4.832053309655748e-05,2.6864054234465584e-06,23659,
763,0.0008685688953846693,4.746505510411225e-05,2.632983978401171e-06,23669,
763,0.0008579203276894987,4.805316712008789e-05,2.793353814922739e-06,23679,
763,,,,23683,0.0008757097530178726
764,0.0008235129644162953,4.658266334445216e-05,2.6789830371853895e-06,23689,
764,0.0008200902957469225,4.681634163716808e-05,2.602112317617866e-06,23699,
764,0.0008054619538597763,4.576469291350804e-05,2.4499283881596057e-06,23709,
764,,,,23714,0.0008828748250380158
765,0.0008392871241085231,4.8713827709434554e-05,2.658866833371576e-06,23719,
765,0.0008240540628321469,4.788704973179847e-05,2.7213366138312267e-06,23729,
765,0.0008669361704960465,4.961738522979431e-05,2.818084112732322e-06,23739,
765,,,,23745,0.000888157868757844
766,0.0008262725314125419,4.7593493945896626e-05,2.66557890427066e-06,23749,
766,0.0008914449717849493,4.5502802095143124e-05,2.5737317628227174e-06,23759,
766,0.0008359679486602545,4.868223550147377e-05,2.6643863293429604e-06,23769,
766,,,,23776,0.0009150611003860831
767,0.001086331787519157,4.8605310439597815e-05,2.6595416784402914e-06,23779,
767,0.0007780090090818703,4.670739872381091e-05,2.533570068408153e-06,23789,
767,0.0008509577019140124,5.092125138617121e-05,2.605914005471277e-06,23799,
767,,,,23807,0.0009523055050522089
768,0.0009897082345560193,4.883228029939346e-05,2.7482767563924426e-06,23809,
768,0.0008601882145740092,4.7142042603809386e-05,2.7035091534344247e-06,23819,
768,0.0008293482242152095,4.6956200094427913e-05,2.5562105747667374e-06,23829,
768,,,,23838,0.0008948266040533781
769,0.0008909966563805938,4.927503687213175e-05,2.698825710467645e-06,23839,
769,0.0007509878487326205,4.739449650514871e-05,2.5366368845425313e-06,23849,
769,0.000915700918994844,4.729108695755713e-05,2.707004796320689e-06,23859,
769,0.0002093956427415833,2.7130599846714176e-05,1.3793314934673617e-08,23869,
769,,,,23869,0.0008710285183042288
770,0.0008912169141694903,4.944899046677165e-05,2.7571843475016067e-06,23879,
770,0.000875330762937665,5.033385241404176e-05,2.6821503524843138e-06,23889,
770,0.0007637961534783244,4.869157783105038e-05,2.6394197902845917e-06,23899,
770,,,,23900,0.0008639212464913726
771,0.0007911899592727423,4.656340024666861e-05,2.695435796340462e-06,23909,
771,0.000819366134237498,4.781543611898087e-05,2.7501291697262786e-06,23919,
771,0.0008111890056170523,4.8434987547807395e-05,2.6687180252338294e-06,23929,
771,,,,23931,0.0008719227043911815
772,0.0010127793066203594,4.6609024138888344e-05,2.5927940896508517e-06,23939,
772,0.0008592286030761898,4.787940633832477e-05,2.6088091544806957e-06,23949,
772,0.0008455897914245725,4.738709321827628e-05,2.652128841873491e-06,23959,
772,,,,23962,0.000879657338373363
773,0.0009815656812861562,4.834406354348175e-05,2.7015489649784286e-06,23969,
773,0.0009322559926658869,4.754378096549772e-05,2.661331791387056e-06,23979,
773,0.0008513966458849609,4.751428059535101e-05,2.7889202556252712e-06,23989,
773,,,,23993,0.0009144088835455477
774,0.0009227090631611645,4.620542677002959e-05,2.636763611008064e-06,23999,
774,0.0008533525397069752,4.674239971791394e-05,2.5700701371533796e-06,24009,
774,0.0007740072906017303,4.558917135000229e-05,2.4508194655936677e-06,24019,
774,,,,24024,0.0009250608854927123
775,0.000903122709132731,4.8560279537923634e-05,2.731566837610444e-06,24029,
775,0.0008403786923736334,4.866785820922814e-05,2.749259920165059e-06,24039,
775,0.0008511498454026878,4.933017407893203e-05,2.805429630825529e-06,24049,
775,,,,24055,0.0008721318445168436
776,0.0007338305003941059,4.631543197319843e-05,2.58409545494942e-06,24059,
776,0.0008650642703287303,4.5542466978076845e-05,2.518974497434101e-06,24069,
776,0.0008279812755063176,4.8519272240810096e-05,2.6462680580152664e-06,24079,
776,,,,24086,0.000856038008350879
777,0.0009276964701712132,4.8597194108879194e-05,2.6514758246776182e-06,24089,
777,0.0007824361091479659,4.60953451693058e-05,2.5078038561332505e-06,24099,
777,0.0007980099180713296,5.136915933690034e-05,2.533789029257605e-06,24109,
777,,,,24117,0.0008563303272239864
778,0.000874943274538964,4.8137950216187164e-05,2.6836785309569677e-06,24119,
778,0.0009143796632997692,4.773312321049161e-05,2.7511766802490456e-06,24129,
778,0.000818478234577924,4.5866327127441764e-05,2.5825802367762662e-06,24139,
778,,,,24148,0.0008659838349558413
779,0.0008644564659334719,4.95477179356385e-05,2.663250370460446e-06,24149,
779,0.0007549258880317211,4.524517498794012e-05,2.5059750896616606e-06,24159,
779,0.0009400877170264721,4.646657544071786e-05,2.6572054139251122e-06,24169,
779,0.00021787489822600037,2.520390262361616e-05,1.3433696821607555e-08,24179,
779,,,,24179,0.0008876993088051677
780,0.0009167681564576924,4.976376658305526e-05,2.7627199870039476e-06,24189,
780,0.0009483865578658879,5.0234346417710185e-05,2.725262220337754e-06,24199,
780,0.0007560201920568943,4.7981910029193386e-05,2.6265072392561706e-06,24209,
780,,,,24210,0.0009259904036298394
781,0.0007989568402990699,4.655157317756675e-05,2.6215441266685957e-06,24219,
781,0.0008413356263190508,4.72332067147363e-05,2.684061882973765e-06,24229,
781,0.000832253135740757,4.8144316679099575e-05,2.6489485662750667e-06,24239,
781,,,,24241,0.0008744190563447773
782,0.0009360592812299728,4.6563214709749445e-05,2.5979863949032733e-06,24249,
782,0.0008140935096889734,4.827197335544042e-05,2.639354761413415e-06,24259,
782,0.0008837439818307757,4.768994404003024e-05,2.695615876291413e-06,24269,
782,,,,24272,0.0008489342289976776
783,0.000865593203343451,4.79997179354541e-05,2.6300308491045143e-06,24279,
783,0.000837781757581979,4.651023118640296e-05,2.5922327040461823e-06,24289,
783,0.0008276163716800511,4.7384844947373495e-05,2.76223386208585e-06,24299,
783,,,,24303,0.000842301466036588
784,0.0007930417195893824,4.5414275518851355e-05,2.630529706948437e-06,24309,
784,0.0007885985542088747,4.606488801073283e-05,2.5601318611734314e-06,24319,
784,0.000781911367084831,4.4717860873788595e-05,2.408315822322038e-06,24329,
784,,,,24334,0.0008520272676832974
785,0.0008088453323580325,4.9629372369963676e-05,2.6239956696372246e-06,24339,
785,0.000794116233009845,4.719862045021728e-05,2.6978036657965276e-06,24349,
785,0.0008455505012534559,4.964699110132642e-05,2.788977553791483e-06,24359,
785,,,,24365,0.000865906709805131
786,0.0007877323660068214,4.626696681953035e-05,2.6162017547903815e-06,24369,
786,0.0008443977567367256,4.560873276204802e-05,2.510579406589386e-06,24379,
786,0.0008343223016709089,4.763061224366538e-05,2.628254151204601e-06,24389,
786,,,,24396,0.0009147748933173716
787,0.0009958106093108654,4.839799294131808e-05,2.623150521685602e-06,24399,
787,0.0007474204758182168,4.61598792753648e-05,2.5218218979716767e-06,24409,
787,0.0008575712563470006,5.106255048303865e-05,2.575884991529165e-06,24419,
787,,,,24427,0.0008741879719309509
788,0.0008076393278315663,4.7746805648785084e-05,2.6348357096139807e-06,24429,
788,0.0008346352260559797,4.7003206418594345e-05,2.6649115625332342e-06,24439,
788,0.000791245955042541,4.535517291515134e-05,2.5316169285360957e-06,24449,
788,,,,24458,0.0008410539012402296
789,0.0008390850271098316,4.839699249714613e-05,2.672114305823925e-06,24459,
789,0.0007197866216301918,4.487208934733644e-05,2.4905884856707416e-06,24469,
789,0.000890467781573534,4.581984467222355e-05,2.65069184024469e-06,24479,
789,0.00020568528270814568,2.4135752028087154e-05,1.343759059579952e-08,24489,
789,,,,24489,0.0008316505118273199
790,0.0008509873296134174,4.8334026359952986e-05,2.700627419471857e-06,24499,
790,0.0008305853698402643,4.796100256498903e-05,2.630189783303649e-06,24509,
790,0.000729236810002476,4.683103543356992e-05,2.5978924895753153e-06,24519,
790,,,,24520,0.0008400674560107291
791,0.000780485279392451,4.6866545744705945e-05,2.6648460789147066e-06,24529,
791,0.0007956749759614468,4.668663677875884e-05,2.7118887828692095e-06,24539,
791,0.0007875520968809724,4.640009137801826e-05,2.6243685624649515e-06,24549,
791,,,,24551,0.0008523542783223093
792,0.0009817347163334489,4.6340366679942235e-05,2.561411065471475e-06,24559,
792,0.0008098533726297319,4.7207617171807215e-05,2.581634589660098e-06,24569,
792,0.0008418715442530811,4.6555622247979045e-05,2.6585962586977985e-06,24579,
792,,,,24582,0.0009044863400049508
793,0.0009468321804888546,4.806811921298504e-05,2.6812010673893383e-06,24589,
793,0.0007945105899125338,4.6092052798485383e-05,2.5626122805988416e-06,24599,
793,0.000847994233481586,4.681628706748597e-05,2.704518465179717e-06,24609,
793,,,,24613,0.000888548674993217
794,0.0008155647083185613,4.497319241636433e-05,2.6051766326418146e-06,24619,
794,0.0007676138775423169,4.6715198550373316e-05,2.564474698374397e-06,24629,
794,0.0007397953304462135,4.457282557268627e-05,2.4154414859367535e-06,24639,
794,,,,24644,0.0008419657824561
795,0.0008341940701939166,4.9518806918058544e-05,2.6482364319235785e-06,24649,
795,0.000777382287196815,4.721142977359705e-05,2.6903712750936393e-06,24659,
795,0.0008247242658399045,4.851451012655161e-05,2.771756044239737e-06,24669,
795,,,,24675,0.0008268757374025881
796,0.000727229518815875,4.6057451982051134e-05,2.5808997179410653e-06,24679,
796,0.0008489359170198441,4.4184325815876946e-05,2.5192507564497646e-06,24689,
796,0.0007754803518764675,4.721870209323242e-05,2.6222021460853284e-06,24699,
796,,,,24706,0.0008331742719747126
797,0.0009679074864834547,4.856958912569098e-05,2.6025243187177693e-06,24709,
797,0.000791967089753598,4.584766793414019e-05,2.4645746634632815e-06,24719,
797,0.0007714442326687276,4.9317350203637034e-05,2.4909043077059323e-06,24729,
797,,,,24737,0.0008524534641765058
798,0.0009514304692856967,4.663559593609534e-05,2.717066081459052e-06,24739,
798,0.0009137742454186082,4.6531218686141074e-05,2.747233565969509e-06,24749,
798,0.0007794112898409367,4.501320290728472e-05,2.5489716790616512e-06,24759,
798,,,,24768,0.0008946942398324609
799,0.0008914339705370367,4.7047615225892514e-05,2.6544928459770745e-06,24769,
799,0.0007315193070098758,4.452725261216983e-05,2.474209395586513e-06,24779,
799,0.0008688331581652164,4.538429493550211e-05,2.6339087071391987e-06,24789,
799,0.00020471977768465877,2.5205876227119006e-05,1.3629976258755505e-08,24799,
799,,,,24799,0.0008569826022721827
800,0.0008738409378565848,4.787141369888559e-05,2.7394344215281308e-06,24809,
800,0.0008482288685627282,4.778956645168364e-05,2.6308835003874265e-06,24819,
800,0.0007116324850358069,4.662875653593801e-05,2.5734839255164843e-06,24829,
800,,,,24830,0.0008254172862507403
801,0.0007256583194248378,4.6225908590713516e-05,2.5985723368648905e-06,24839,
801,0.000767052173614502,4.605922367773019e-05,2.662853376023122e-06,24849,
801,0.0007856046431697905,4.6093762648524716e-05,2.604946985229617e-06,24859,
801,,,,24861,0.0008180664153769612
802,0.0009345518774352968,4.7209130570990965e-05,2.541738467698451e-06,24869,
802,0.0008000483503565192,4.642907151719555e-05,2.563151156209642e-06,24879,
802,0.0007993914769031107,4.593548510456458e-05,2.604489964141976e-06,24889,
802,,,,24892,0.0008296271553263068
803,0.0009209626587107778,4.745485421153717e-05,2.633775011418038e-06,24899,
803,0.00088245834922418,4.6773329813731834e-05,2.605665258670342e-06,24909,
803,0.0007977572968229651,4.62307216366753e-05,2.728917252170504e-06,24919,
803,,,,24923,0.0008608187781646848
804,0.0008525135344825685,4.5188011426944286e-05,2.566784132795874e-06,24929,
804,0.0008075080695562065,4.5411998144118115e-05,2.5272508992202347e-06,24939,
804,0.0007308717467822134,4.427343446877785e-05,2.394952389295213e-06,24949,
804,,,,24954,0.0008651029784232378
805,0.0008517989190295339,4.841078771278262e-05,2.671963557077106e-06,24959,
805,0.000784597301390022,4.753105895360932e-05,2.698565140235587e-06,24969,
805,0.0008066080044955015,4.7954115871107206e-05,2.7569165013119346e-06,24979,
805,,,,24985,0.0008279859321191907
806,0.0006836637621745467,4.5297467295313254e-05,2.5347060272906674e-06,24989,
806,0.0008172462112270296,4.361659739515744e-05,2.471995912856073e-06,24999,
806,0.000776098167989403,4.658440229832195e-05,2.6026214072771836e-06,25009,
806,,,,25016,0.0008133106166496873
807,0.0008995006210170686,4.7823959903325886e-05,2.591980546640116e-06,25019,
807,0.0007460822234861553,4.493687811191194e-05,2.44853004005563e-06,25029,
807,0.0007568541914224625,4.932697265758179e-05,2.473724634910468e-06,25039,
807,,,,25047,0.0008193824323825538
808,0.0008571315556764603,4.553306280286051e-05,2.6672232706914656e-06,25049,
808,0.0008996505057439208,4.631700358004309e-05,2.733683459155145e-06,25059,
808,0.000775605090893805,4.471645661396906e-05,2.539614570196136e-06,25069,
808,,,,25078,0.0008445227285847068
809,0.0008421236416324973,4.670309499488212e-05,2.634161774039967e-06,25079,
809,0.0007501807413063943,4.382736733532511e-05,2.4518685677321628e-06,25089,
809,0.0008862936520017684,4.494098175200634e-05,2.6028112642961787e-06,25099,
809,0.0001908467966131866,2.4495297111570835e-05,1.331935362003378e-08,25109,
809,,,,25109,0.0008603323949500918
810,0.0008817253983579576,4.751419328385964e-05,2.7349353786121355e-06,25119,
810,0.0008489089086651802,4.797269866685383e-05,2.625155730129336e-06,25129,
810,0.000692580477334559,4.57881651527714e-05,2.5481940610916354e-06,25139,
810,,,,25140,0.0008289780234917998
811,0.000716300739441067,4.608591189025901e-05,2.566404418757884e-06,25149,
811,0.000763335672672838,4.583388727041893e-05,2.6375589641247643e-06,25159,
811,0.0007864137296564877,4.55566005257424e-05,2.5876672680169577e-06,25169,
811,,,,25171,0.0008111713104881346
812,0.0008973016520030797,4.821516267838888e-05,2.5268270746892085e-06,25179,
812,0.0007699850830249488,4.6040739107411355e-05,2.5511212697892915e-06,25189,
812,0.0007921068463474512,4.570232704281807e-05,2.5988781544583617e-06,25199,
812,,,,25202,0.0008134363451972604
813,0.0008891498437151313,4.631448246072978e-05,2.6068591978400946e-06,25209,
813,0.0008488493040204048,4.560463275993243e-05,2.5801653009693837e-06,25219,
813,0.0007829044479876757,4.638643076759763e-05,2.709359478103579e-06,25229,
813,,,,25233,0.0008354066521860659
814,0.0008193176472559571,4.5572989620268345e-05,2.540802597650327e-06,25239,
814,0.0007978693465702236,4.5533171942224726e-05,2.5143567654595245e-06,25249,
814,0.0007199891842901707,4.369861198938452e-05,2.3724032871541567e-06,25259,
814,,,,25264,0.0008477359660901129
815,0.0008245175704360008,4.809880192624405e-05,2.647410838108044e-06,25269,
815,0.0007777276914566755,4.6675369958393276e-05,2.6898387659457512e-06,25279,
815,0.0007969996077008545,4.7771070967428386e-05,2.744753146544099e-06,25289,
815,,,,25295,0.0008195264381356537
816,0.0006704250699840486,4.516613989835605e-05,2.517415396141587e-06,25299,
816,0.000803678878583014,4.3212025047978386e-05,2.454967670928454e-06,25309,
816,0.0007642116397619247,4.6209399442886934e-05,2.5870583613141207e-06,25319,
816,,,,25326,0.0008036615909077227
817,0.0008803929667919874,4.733472451334819e-05,2.576447741375887e-06,25329,
817,0.000723132980056107,4.435041773831472e-05,2.431742586850305e-06,25339,
817,0.0007428617682307959,4.942538362229243e-05,2.4581388515798608e-06,25349,
817,,,,25357,0.00080673344200477
818,0.0008426975109614432,4.500064460444264e-05,2.658247694853344e-06,25359,
818,0.0008752977009862661,4.5973054511705413e-05,2.7102764761366416e-06,25369,
818,0.0007534159230999649,4.42984928668011e-05,2.5136330350505887e-06,25379,
818,,,,25388,0.0008281877380795777
819,0.0008252384723164141,4.5844812120776623e-05,2.6200143565802136e-06,25389,
819,0.0007284606108441949,4.363332118373364e-05,2.432819883324555e-06,25399,
819,0.0008688699454069138,4.456707392819226e-05,2.584507456049323e-06,25409,
819,0.00018495229596737772,2.3631420845049433e-05,1.3135385223961293e-08,25419,
819,,,,25419,0.0008345411624759436
820,0.0008580830763094127,4.708114647655748e-05,2.7033433980250265e-06,25429,
820,0.0008421026868745685,4.7769597586011514e-05,2.603326493044733e-06,25439,
820,0.0006850497447885573,4.5220847823657095e-05,2.5421597911190474e-06,25449,
820,,,,25450,0.0008074818179011345
821,0.0007028603577055037,4.5271772250998765e-05,2.5470530999882612e-06,25459,
821,0.000747219892218709,4.55162298749201e-05,2.617746531541343e-06,25469,
821,0.0007749167270958424,4.474685192690231e-05,2.5676272343844175e-06,25479,
821,,,,25481,0.0007946180994622409
822,0.000881493731867522,4.838488166569732e-05,2.5121591988863656e-06,25489,
822,0.0007577185751870275,4.558131695375778e-05,2.535000248826691e-06,25499,
822,0.00077768974006176,4.5333868911257014e-05,2.578492058091797e-06,25509,
822,,,,25512,0.0007999387453310192
823,0.0008784123929217458,4.5570650399895385e-05,2.5857025320874527e-06,25519,
823,0.0008315337472595274,4.488185732043348e-05,2.5657434434833704e-06,25529,
823,0.0007688822806812823,4.620079926098697e-05,2.690292603801936e-06,25539,
823,,,,25543,0.0008223848417401314
824,0.0008092898642644286,4.516190165304579e-05,2.5163594727928285e-06,25549,
824,0.0007751595694571733,4.4904470996698365e-05,2.4963349005702185e-06,25559,
824,0.0007072933367453516,4.339919541962445e-05,2.358978917982313e-06,25569,
824,,,,25574,0.0008222894975915551
825,0.0008024782873690128,4.7039331548148766e-05,2.63133938460669e-06,25579,
825,0.0007647880702279508,4.6147739340085536e-05,2.6762143079395173e-06,25589,
825,0.0007789505762048066,4.777127469424158e-05,2.7225585199630586e-06,25599,
825,,,,25605,0.0007957511697895825
826,0.0006557796732522547,4.502250158111565e-05,2.493146439519478e-06,25609,
826,0.0007869440596550703,4.284789611119777e-05,2.4424734874628484e-06,25619,
826,0.0007477058679796755,4.592931145452894e-05,2.575920916569885e-06,25629,
826,,,,25636,0.0007855474832467735
827,0.0008701195474714041,4.664333755499683e-05,2.559833092163899e-06,25639,
827,0.000714174413587898,4.391003676573746e-05,2.4089804355753586e-06,25649,
827,0.000730421394109726,4.9247271817876026e-05,2.437524926790502e-06,25659,
827,,,,25667,0.000792978098616004
828,0.0008316442836076021,4.464685480343178e-05,2.6559055186226033e-06,25669,
828,0.0008635593694634736,4.544662078842521e-05,2.6955062821798492e-06,25679,
828,0.0007341709570027888,4.3749863834818825e-05,2.4901030428736703e-06,25689,
828,,,,25698,0.0008166871266439557
829,0.0008129922207444906,4.498799899010919e-05,2.599547769932542e-06,25699,
829,0.0007124883122742176,4.358102160040289e-05,2.416149754935759e-06,25709,
829,0.000850993616040796,4.431727938936092e-05,2.5706035557959694e-06,25719,
829,0.00018289676518179476,2.349773967580404e-05,1.29685533423185e-08,25729,
829,,,,25729,0.0008108816691674292
830,0.0008385312976315618,4.638309110305272e-05,2.6759328193293186e-06,25739,
830,0.000823372567538172,4.651683775591664e-05,2.5770093543542316e-06,25749,
830,0.0006792338099330664,4.5251868868945166e-05,2.537340606068028e-06,25759,
830,,,,25760,0.0007849863031879067
831,0.000690589367877692,4.454873487702571e-05,2.526584694351186e-06,25769,
831,0.0007274863892234862,4.51666783192195e-05,2.5950066628865898e-06,25779,
831,0.0007599262171424925,4.423165592015721e-05,2.548127667978406e-06,25789,
831,,,,25791,0.0007777618011459708
832,0.0008622817695140839,4.695809548138641e-05,2.4974913230835227e-06,25799,
832,0.000746785313822329,4.493368396651931e-05,2.515733285690658e-06,25809,
832,0.0007587629952467978,4.5348915591603145e-05,2.545652478147531e-06,25819,
832,,,,25822,0.0007867158274166286
833,0.0008721459889784455,4.51761698059272e-05,2.5598606043786276e-06,25829,
833,0.0008016654755920172,4.4305375922704116e-05,2.553732201704406e-06,25839,
833,0.0007604939164593816,4.50549487140961e-05,2.6808706934389193e-06,25849,
833,,,,25853,0.000813013466540724
834,0.0008077388629317284,4.393294148030691e-05,2.4947617021098267e-06,25859,
834,0.0007506795809604228,4.3876956624444574e-05,2.467870444888831e-06,25869,
834,0.0006939945160411298,4.364941196399741e-05,2.343369715163135e-06,25879,
834,,,,25884,0.0008083786233328283
835,0.0007714759558439255,4.599181193043478e-05,2.633198846524465e-06,25889,
835,0.0007591770263388753,4.5705521188210696e-05,2.661377948243171e-06,25899,
835,0.0007470682612620294,4.6443303290288895e-05,2.6811749194166623e-06,25909,
835,,,,25915,0.0007875318988226354
836,0.0006566196097992361,4.395217547426e-05,2.4487146674800897e-06,25919,
836,0.0007388935191556811,4.290647848392837e-05,2.4285534436785383e-06,25929,
836,0.0007411062833853066,4.576761421049014e-05,2.5550984901201446e-06,25939,
836,,,,25946,0.0007790128001943231
837,0.0008615801343694329,4.621155312634073e-05,2.529354787839111e-06,25949,
837,0.0006920803571119905,4.333263132139109e-05,2.3721036086499225e-06,25959,
837,0.0006818646797910333,4.727784471469931e-05,2.419048087176634e-06,25969,
837,,,,25977,0.0007861365447752178
838,0.0008408175781369209,4.567884388961829e-05,2.684208993741777e-06,25979,
838,0.0008210880914703012,4.484537566895597e-05,2.636070576045313e-06,25989,
838,0.0006989025860093534,4.344553963164799e-05,2.4324922378582414e-06,25999,
838,,,,26008,0.0008187370840460062
839,0.000813920225482434,4.477491893339902e-05,2.5606018425605725e-06,26009,
839,0.0006874594837427139,4.3096792069263756e-05,2.4039422896748874e-06,26019,
839,0.0008077145903371274,4.347563299234025e-05,2.535517978685675e-06,26029,
839,0.0001832259149523452,2.454220702929888e-05,1.2791274706103195e-08,26039,
839,,,,26039,0.0008156225667335093
840,0.0008658566512167454,4.6177523472579196e-05,2.6597633677738486e-06,26049,
840,0.0007339712465181947,4.459091724129394e-05,2.5413630737602944e-06,26059,
840,0.000667475163936615,4.421407720656134e-05,2.5137567263300298e-06,26069,
840,,,,26070,0.000782296119723469
841,0.0006831710343249142,4.495971370488405e-05,2.460207269905368e-06,26079,
841,0.0007048322004266083,4.3917832954321057e-05,2.5353949695272604e-06,26089,
841,0.0007341730524785817,4.49857470812276e-05,2.5271287995565217e-06,26099,
841,,,,26101,0.00077269715256989
842,0.0008395351469516754,4.603524939739145e-05,2.510535750843701e-06,26109,
842,0.0007173173944465816,4.415223520481959e-05,2.4623186618555337e-06,26119,
842,0.0007354995468631387,4.388890374684706e-05,2.493257852620445e-06,26129,
842,,,,26132,0.0007796900463290513
843,0.0008334076846949756,4.456539681996219e-05,2.498788717275602e-06,26139,
843,0.0007285578176379204,4.4133852497907355e-05,2.5281294711021474e-06,26149,
843,0.000759385759010911,4.40053700003773e-05,2.6620862172421766e-06,26159,
843,,,,26163,0.0008000938687473536
844,0.0007378287264145911,4.294819154893048e-05,2.4324460810021264e-06,26169,
844,0.0007335939444601536,4.355626515462063e-05,2.441895048832521e-06,26179,
844,0.0006930967210792005,4.3447635107440874e-05,2.302954726474127e-06,26189,
844,,,,26194,0.0008278228342533112
845,0.0007816505967639387,4.5562395825982094e-05,2.662302904354874e-06,26199,
845,0.0007741099689155817,4.575104685500264e-05,2.6280938527634135e-06,26209,
845,0.0007478648913092911,4.5656910515390337e-05,2.6761313165479805e-06,26219,
845,,,,26225,0.0008266777149401605
846,0.0006620162748731673,4.3825180910062045e-05,2.4166922685253667e-06,26229,
846,0.000760351016651839,4.293164602131583e-05,2.410939714536653e-06,26239,
846,0.0007365535711869597,4.506365075940266e-05,2.51349524660327e-06,26249,
846,,,,26256,0.0007865654770284891
847,0.0007779548759572208,4.5945809688419104e-05,2.5179735985148e-06,26259,
847,0.000661232159473002,4.34548310295213e-05,2.3921850242913933e-06,26269,
847,0.0006783780409023166,4.619776154868305e-05,2.4317566840181826e-06,26279,
847,,,,26287,0.0007716596592217684
848,0.0007738614222034812,4.547854405245744e-05,2.653110641404055e-06,26289,
848,0.0007597921648994088,4.4213458750164136e-05,2.5384897526237182e-06,26299,
848,0.0006794471410103142,4.350887320470065e-05,2.397189064140548e-06,26309,
848,,,,26318,0.0007707059266977012
849,0.0007664533914066851,4.376953074824996e-05,2.536894271543133e-06,26319,
849,0.0006301284302026033,4.256011379766278e-05,2.375055601078202e-06,26329,
849,0.0008165442268364131,4.315141632105224e-05,2.506013743186486e-06,26339,
849,0.00018453692609909922,2.3038101062411442e-05,1.23730492518348e-08,26349,
849,,,,26349,0.000789891870226711
850,0.0007897966424934566,4.525016629486345e-05,2.5960698621929623e-06,26359,
850,0.0007389457314275205,4.3618620111374184e-05,2.517456550776842e-06,26369,
850,0.0007113888277672231,4.402054400998168e-05,2.551257011873531e-06,26379,
850,,,,26380,0.0008335685706697404
851,0.0006778097595088184,4.421812991495244e-05,2.4411597223661374e-06,26389,
851,0.0006942974869161844,4.318895298638381e-05,2.5152951366180787e-06,26399,
851,0.0007372669060714543,4.572913530864753e-05,2.513039135010331e-06,26409,
851,,,,26411,0.0008147167391143739
852,0.0008161708246916533,4.666222594096325e-05,2.5097942852880806e-06,26419,
852,0.0007008546963334084,4.391219772514887e-05,2.489181042619748e-06,26429,
852,0.0008020666427910328,4.4393727876013145e-05,2.5595998067728942e-06,26439,
852,,,,26442,0.0007951846928335726
853,0.0007797623402439058,4.3882646423298866e-05,2.451920408930164e-06,26449,
853,0.0006688915309496224,4.2968440538970754e-05,2.4697892513358966e-06,26459,
853,0.0007407180382870138,4.344803164713085e-05,2.5866313535516383e-06,26469,
853,,,,26473,0.0007724285824224353
854,0.0007130220765247941,4.2262468923581764e-05,2.410741672065342e-06,26479,
854,0.0006885436014272273,4.281373185222037e-05,2.427801291560172e-06,26489,
854,0.0006513171247206628,4.2408984882058576e-05,2.2940751023270423e-06,26499,
854,,,,26504,0.0007648419123142958
855,0.0007353749242611229,4.4883294322062284e-05,2.600378820716287e-06,26509,
855,0.000695187016390264,4.544401599559933e-05,2.5572237518645125e-06,26519,
855,0.0007409786339849234,4.460155469132587e-05,2.6331977096560877e-06,26529,
855,,,,26535,0.0007720858557149768
856,0.0006604708614759147,4.4100655941292644e-05,2.4192206637962954e-06,26539,
856,0.0007005910156294703,4.129879380343482e-05,2.4058526832959615e-06,26549,
856,0.0007185988361015916,4.576281935442239e-05,2.5178287614835426e-06,26559,
856,,,,26566,0.0008010424207895994
857,0.0008678299491293728,4.5729626435786486e-05,2.4750295324338367e-06,26569,
857,0.0006551187252625823,4.342972897575237e-05,2.343991582165472e-06,26579,
857,0.000654981064144522,4.564507617033087e-05,2.3844563656894024e-06,26589,
857,,,,26597,0.0008260566974058747
858,0.0009224439272657037,4.467003600439057e-05,2.760727284112363e-06,26599,
858,0.000751020445022732,4.394471034174785e-05,2.5350127543788403e-06,26609,
858,0.0006633481243625283,4.3862619349965826e-05,2.3640700419491623e-06,26619,
858,,,,26628,0.0008016492938622832
859,0.0007964250980876386,4.500420982367359e-05,2.538334683777066e-06,26629,
859,0.0006399717531166971,4.2772186134243384e-05,2.372490598645527e-06,26639,
859,0.0007719063432887197,4.2311905417591333e-05,2.4880205273802858e-06,26649,
859,0.00016719147970434278,2.3685161067987792e-05,1.229639767785784e-08,26659,
859,,,,26659,0.0007723732269369066
860,0.0008212227839976549,4.4993044866714627e-05,2.5990898393501993e-06,26669,
860,0.0007113507599569857,4.3013857066398486e-05,2.494993623258779e-06,26679,
860,0.0006587410462088883,4.335361154517159e-05,2.496690740372287e-06,26689,
860,,,,26690,0.000760195660404861
861,0.0006564116338267922,4.349326991359703e-05,2.413558149783057e-06,26699,
861,0.0006798567483201623,4.245035597705282e-05,2.4971823222585954e-06,26709,
861,0.000700031581800431,4.4804237404605374e-05,2.4914297682698816e-06,26719,
861,,,,26721,0.0007574756746180356
862,0.0008192200330086052,4.4005086238030344e-05,2.490838596713729e-06,26729,
862,0.0006867939373478293,4.330533556640148e-05,2.4381363346037688e-06,26739,
862,0.000717776594683528,4.3570958951022476e-05,2.4609232696093386e-06,26749,
862,,,,26752,0.0007700889836996794
863,0.000798681634478271,4.360117236501537e-05,2.447225597279612e-06,26759,
863,0.0006936521385796368,4.276181789464317e-05,2.485073537172866e-06,26769,
863,0.0007258018013089895,4.3371943320380524e-05,2.6014183731604135e-06,26779,
863,,,,26783,0.0008025610004551709
864,0.0007385862409137189,4.300643558963202e-05,2.376853672103607e-06,26789,
864,0.0006920390878804028,4.2813615436898544e-05,2.404128736088751e-06,26799,
864,0.000640983518678695,4.1016144677996635e-05,2.2718236323271412e-06,26809,
864,,,,26814,0.0008183956961147487
865,0.0007946018013171852,4.503918898990378e-05,2.6819384402188007e-06,26819,
865,0.0007183786365203559,4.5871605834690854e-05,2.559918812039541e-06,26829,
865,0.0007203613640740514,4.4662621803581715e-05,2.642670324348728e-06,26839,
865,,,,26845,0.0007803553598932922
866,0.000638694385997951,4.537147469818592e-05,2.38154393628065e-06,26849,
866,0.0007077081245370209,4.1793868149397895e-05,2.3940635855979053e-06,26859,
866,0.0007134369225241244,4.411904592416249e-05,2.478443093423266e-06,26869,
866,,,,26876,0.0007593381451442838
867,0.0007868048269301653,4.5456119551090524e-05,2.4773830773483496e-06,26879,
867,0.0006321053369902074,4.249022822477855e-05,2.3346126454271143e-06,26889,
867,0.0006418321281671524,4.5042794226901606e-05,2.3770392090227688e-06,26899,
867,,,,26907,0.0007572959293611348
868,0.0007889044936746359,4.3813273805426434e-05,2.651149998200708e-06,26909,
868,0.000744157878216356,4.313324825488962e-05,2.5022368390636984e-06,26919,
868,0.0006534205167554319,4.291254299459979e-05,2.3471857275580987e-06,26929,
868,,,,26938,0.0007639916730113328
869,0.0007588664884679019,4.293952588341199e-05,2.500734126442694e-06,26939,
869,0.0006250147125683725,4.2089155613211915e-05,2.348446741962107e-06,26949,
869,0.0007815260905772448,4.2156014387728646e-05,2.4639184630359523e-06,26959,
869,0.00016461113409604877,2.190813211200293e-05,1.194518528535582e-08,26969,
869,,,,26969,0.0007807942456565797
870,0.0007868309039622545,4.436401286511682e-05,2.5619988264224958e-06,26979,
870,0.0007127511198632419,4.26186561526265e-05,2.4730509267101297e-06,26989,
870,0.000666194420773536,4.368504596641287e-05,2.497410378055065e-06,26999,
870,,,,27000,0.0007991182501427829
871,0.0006631206488236785,4.265316601959057e-05,2.3916691134218127e-06,27009,
871,0.0006749911117367446,4.251296559232287e-05,2.4715031941013876e-06,27019,
871,0.0007106199045665562,4.397861994220875e-05,2.4684106847416842e-06,27029,
871,,,,27031,0.0007774861296638846
872,0.0008199505973607302,4.436891686054878e-05,2.5071026357181836e-06,27039,
872,0.0006832395447418094,4.4363554479787126e-05,2.4282687718368834e-06,27049,
872,0.0007479648338630795,4.334102777647786e-05,2.5020326575031504e-06,27059,
872,,,,27062,0.0007658474496565759
873,0.0007989641162566841,4.367294968687929e-05,2.417998075543437e-06,27069,
873,0.0006531805265694857,4.258877015672624e-05,2.4557257347623818e-06,27079,
873,0.0007048898260109127,4.240575435687788e-05,2.546248651924543e-06,27089,
873,,,,27093,0.0007616141228936613
874,0.0007045931997708976,4.2438783566467464e-05,2.3571869860461447e-06,27099,
874,0.0006733494810760021,4.21416771132499e-05,2.3867771687946515e-06,27109,
874,0.0006291539175435901,4.1093662730418146e-05,2.2523192910739454e-06,27119,
874,,,,27124,0.0007597633521072567
875,0.0007359150913543999,4.399288445711136e-05,2.6004431674664374e-06,27129,
875,0.0006930599338375032,4.500618524616584e-05,2.5296881176473107e-06,27139,
875,0.0007149236043915153,4.377136065158993e-05,2.610272758829524e-06,27149,
875,,,,27155,0.0007634863723069429
876,0.000636470562312752,4.403839920996688e-05,2.361276756346342e-06,27159,
876,0.000682868470903486,4.129932131036185e-05,2.3789659735484747e-06,27169,
876,0.0006931659299880266,4.340711166150868e-05,2.471875859555439e-06,27179,
876,,,,27186,0.0007742351153865457
877,0.0008107826579362154,4.493972301133908e-05,2.4493599539709976e-06,27189,
877,0.0006266369600780308,4.2241914343321696e-05,2.309252295162878e-06,27199,
877,0.0006313035264611244,4.3949032260570675e-05,2.3489276372856693e-06,27209,
877,,,,27217,0.0007787430658936501
878,0.0008181236335076392,4.335018456913531e-05,2.664491830728366e-06,27219,
878,0.0007284758612513542,4.231206185068004e-05,2.4795299395918846e-06,27229,
878,0.0006416842807084322,4.213394640828483e-05,2.3181457891041646e-06,27239,
878,,,,27248,0.0007690628408454359
879,0.0007639523828402162,4.401561091071926e-05,2.490775386831956e-06,27249,
879,0.000635925738606602,4.2789430153789e-05,2.3555828647658927e-06,27259,
879,0.0007502424414269626,4.249606718076393e-05,2.434552698105108e-06,27269,
879,0.00015639839693903923,2.23260485654464e-05,1.1715657777244814e-08,27279,
879,,,,27279,0.0007559253717772663
880,0.0007903047371655703,4.4200289266882464e-05,2.537275804570527e-06,27289,
880,0.0006894702673889697,4.219183392706327e-05,2.4407966066064546e-06,27299,
880,0.0006408501649275422,4.299266583984718e-05,2.4680605292815017e-06,27309,
880,,,,27310,0.0007446730160154402
881,0.000636936048977077,4.2447412852197886e-05,2.3688473902439e-06,27319,
881,0.0006603425717912614,4.144355625612661e-05,2.4516730263712816e-06,27329,
881,0.0006821456481702626,4.365501445136033e-05,2.4502180622221204e-06,27339,
881,,,,27341,0.000738815579097718
882,0.0007915331516414881,4.292575249564834e-05,2.460032874296303e-06,27349,
882,0.000660663703456521,4.240408452460542e-05,2.4035841761360643e-06,27359,
882,0.0007005268707871437,4.284945680410601e-05,2.431734401397989e-06,27369,
882,,,,27372,0.0007426379597745836
883,0.0007640157709829509,4.277541665942408e-05,2.393003569522989e-06,27379,
883,0.0006675528711639345,4.18266499764286e-05,2.447946371830767e-06,27389,
883,0.0006942063337191939,4.197607631795108e-05,2.5481931515969336e-06,27399,
883,,,,27403,0.0007581269019283354
884,0.0007069340208545327,4.083944077137858e-05,2.3236684683070052e-06,27409,
884,0.0006810703780502081,4.2256477172486484e-05,2.367671186220832e-06,27419,
884,0.0006147141102701426,3.9903879951452836e-05,2.2310593976726523e-06,27429,
884,,,,27434,0.0007746725459583104
885,0.0007646072772331536,4.3914482375839725e-05,2.6272393824910978e-06,27439,
885,0.0006931475945748389,4.297797568142414e-05,2.5127494609478163e-06,27449,
885,0.0006890697404742241,4.325142072048038e-05,2.5822464522207156e-06,27459,
885,,,,27465,0.000774044543504715
886,0.0006318702362477779,4.312861346988939e-05,2.3207423964777263e-06,27469,
886,0.0006898003630340099,4.216644083498977e-05,2.390160034337896e-06,27479,
886,0.0006778049282729626,4.231570346746594e-05,2.4531955205020495e-06,27489,
886,,,,27496,0.0007588673615828156
887,0.0007738267304375768,4.4516666093841195e-05,2.445704012643546e-06,27499,
887,0.0006139050237834454,4.094828909728676e-05,2.2881081349623855e-06,27509,
887,0.0006117108860053122,4.336152778705582e-05,2.32499701269262e-06,27519,
887,,,,27527,0.0007445010705851018
888,0.0007695897947996855,4.271725993021391e-05,2.611856871226337e-06,27529,
888,0.0007327121566049755,4.2518800910329446e-05,2.4716678126424085e-06,27539,
888,0.0006316971848718822,4.1335260902997106e-05,2.2938017991691595e-06,27549,
888,,,,27558,0.0007520276703871787
889,0.0007464370573870838,4.206879384582862e-05,2.465242914695409e-06,27559,
889,0.0006246835109777749,4.120689118281007e-05,2.328498567294446e-06,27569,
889,0.0007427019882015884,4.165075733908452e-05,2.414135224171332e-06,27579,
889,0.00015174641157500446,2.1566975192399696e-05,1.1439113656308564e-08,27589,
889,,,,27589,0.0007602504920214415
890,0.0007869644905440509,4.3990610720356926e-05,2.5218093924195273e-06,27599,
890,0.0006773245986551046,4.255413296050392e-05,2.4243961433967343e-06,27609,
890,0.000623383850324899,4.1933169995900244e-05,2.453214847264462e-06,27619,
890,,,,27620,0.0007493447628803551
891,0.0006406226311810315,4.20755532104522e-05,2.34602453019761e-06,27629,
891,0.0006547654629684985,4.192051710560918e-05,2.424766307740356e-06,27639,
891,0.0006822195136919618,4.2061536078108475e-05,2.430666881991783e-06,27649,
891,,,,27651,0.0007361250463873148
892,0.0007919317577034235,4.1805713408393785e-05,2.46606418841111e-06,27659,
892,0.0006497143767774105,4.1431969293626025e-05,2.3812019662727835e-06,27669,
892,0.000688650063239038,4.189163519185968e-05,2.4178355033654952e-06,27679,
892,,,,27682,0.0007282926817424595
893,0.000751466432120651,4.304734102333896e-05,2.355855485802749e-06,27689,
893,0.0006521313916891813,4.1518233047099784e-05,2.4352762011403684e-06,27699,
893,0.0006828991463407874,4.177784649073146e-05,2.531205154809868e-06,27709,
893,,,,27713,0.0007307406631298363
894,0.0006721561076119542,4.024611189379357e-05,2.300158939760877e-06,27719,
894,0.000666064559482038,4.169166641077027e-05,2.3498578229919076e-06,27729,
894,0.0006197160109877586,4.027160321129486e-05,2.2079575501265936e-06,27739,
894,,,,27744,0.000752170686610043
895,0.0007152972975745797,4.4259304559091106e-05,2.5550036752974847e-06,27749,
895,0.0006920242449268699,4.2887706513283774e-05,2.497350351404748e-06,27759,
895,0.000691983150318265,4.349504524725489e-05,2.568941681602155e-06,27769,
895,,,,27775,0.000781271664891392
896,0.0006371649214997888,4.270442150300369e-05,2.2999454358796356e-06,27779,
896,0.0007119965739548206,4.287753836251795e-05,2.3974864689080277e-06,27789,
896,0.0006799604161642492,4.259858906152658e-05,2.4334981389984023e-06,27799,
896,,,,27806,0.0007466547540389001
897,0.0007478452171199024,4.444573278306052e-05,2.4511518859071657e-06,27809,
897,0.0006011008517816663,4.0581671783002093e-05,2.2824740426585777e-06,27819,
897,0.0006126200896687806,4.2842537368414924e-05,2.3255865926330443e-06,27829,
897,,,,27837,0.0007232133648358285
898,0.0007051267311908305,4.216407614876516e-05,2.5558299512340454e-06,27839,
898,0.0006951267132535577,4.172502303845249e-05,2.42523265114869e-06,27849,
898,0.0006139863398857415,4.048499613418244e-05,2.255154413433047e-06,27859,
898,,,,27868,0.0007114700856618583
899,0.0007053777808323503,4.136269126320258e-05,2.443191533529898e-06,27869,
899,0.0005800944054499269,4.033917866763659e-05,2.2850044842925854e-06,27879,
899,0.000743886164855212,4.114486000617035e-05,2.402789959887741e-06,27889,
899,0.00015766422438900918,2.1248106349958107e-05,1.118177284098465e-08,27899,
899,,,,27899,0.0007064800010994077
900,0.0007273005321621895,4.3851676309714094e-05,2.4679279704287183e-06,27909,
900,0.0006715094204992056,4.164682104601525e-05,2.387710992479697e-06,27919,
900,0.0006318846717476845,4.286421972210519e-05,2.442690174575546e-06,27929,
900,,,,27930,0.0007171184988692403
901,0.000609724665991962,4.134667324251495e-05,2.3248023808264406e-06,27939,
901,0.0006389719783328474,4.0439830627292395e-05,2.390610006841598e-06,27949,
901,0.0006805214798077941,4.180050746072084e-05,2.414619984847377e-06,27959,
901,,,,27961,0.000749005121178925
902,0.0007487867842428386,4.151650864514522e-05,2.4183957521017874e-06,27969,
902,0.0006419882993213832,4.17932569689583e-05,2.3953887193783885e-06,27979,
902,0.0007362622418440878,4.226370219839737e-05,2.43776503339177e-06,27989,
902,,,,27992,0.0007422259659506381
903,0.0006766265141777694,4.16152470279485e-05,2.2943588646739954e-06,27999,
903,0.0006233206368051469,4.2176456190645695e-05,2.373709094172227e-06,28009,
903,0.0006773865898139775,4.1731298551894724e-05,2.4885498532967176e-06,28019,
903,,,,28023,0.0007084508542902768
904,0.000650018104352057,3.9804912375984713e-05,2.2751141841581557e-06,28029,
904,0.0006289695738814771,4.079797145095654e-05,2.321169631613884e-06,28039,
904,0.0006026970222592354,3.934518827009015e-05,2.2011311102687614e-06,28049,
904,,,,28054,0.0006921509630046785
905,0.000645118416287005,4.178160452283919e-05,2.462523525537108e-06,28059,
905,0.0006295364000834525,4.168524174019694e-05,2.452414037179551e-06,28069,
905,0.0006985085783526301,4.265059396857396e-05,2.5424783416383434e-06,28079,
905,,,,28085,0.0006860244320705533
906,0.0005999160348437726,4.2594532715156674e-05,2.330434654140845e-06,28089,
906,0.0006424370221793652,4.096336124348454e-05,2.333328893655562e-06,28099,
906,0.0006531564868055284,4.2228955862810835e-05,2.409547050774563e-06,28109,
906,,,,28116,0.0006991671398282051
907,0.0008113215444609523,4.4232187065063044e-05,2.399150162091246e-06,28119,
907,0.0006050066440366209,4.040222484036349e-05,2.233256964245811e-06,28129,
907,0.000589619972743094,4.235491724102758e-05,2.2830633952253265e-06,28139,
907,,,,28147,0.0007361099123954773
908,0.0008249807870015502,4.2866002331720665e-05,2.6195293685304932e-06,28149,
908,0.0006841233698651195,4.460620039026253e-05,2.409823537163902e-06,28159,
908,0.000627352565061301,3.9768696296960115e-05,2.202681571361609e-06,28169,
908,,,,28178,0.0007367018843069673
909,0.0007288767374120653,4.237933171680197e-05,2.4222756564995507e-06,28179,
909,0.0005609761574305594,4.124047700315714e-05,2.2729343527316814e-06,28189,
909,0.0007601832621730864,4.156046998105012e-05,2.4649127681186656e-06,28199,
909,0.00014725631626788527,2.0974706785636954e-05,1.0996313193345486e-08,28209,
909,,,,28209,0.0006923379260115325
910,0.0007342819008044899,4.249899575370364e-05,2.4509474769729422e-06,28219,
910,0.0006518312147818506,4.107760832994245e-05,2.3598399820912164e-06,28229,
910,0.0006211924483068287,4.08784399041906e-05,2.4327753180841682e-06,28239,
910,,,,28240,0.0006932729738764465
911,0.0005982285947538912,4.0841532609192654e-05,2.3062214040692197e-06,28249,
911,0.0006224968237802386,3.9969752833712846e-05,2.3669074380450184e-06,28259,
911,0.0006707010907121003,4.109058863832615e-05,2.3898555809864774e-06,28269,
911,,,,28271,0.0007047142134979367
912,0.0007288692868314683,4.093021561857313e-05,2.361748101975536e-06,28279,
912,0.0006384578300639987,4.1923321987269446e-05,2.3707902983005624e-06,28289,
912,0.0007100074435584247,4.129079025005922e-05,2.429143250992638e-06,28299,
912,,,,28302,0.0007236970122903585
913,0.0007208198076114058,4.670432099374011e-05,2.3046059141051956e-06,28309,
913,0.0006469649961218238,4.444810838322155e-05,2.366482931392966e-06,28319,
913,0.0006663220701739192,4.2455645598238334e-05,2.4531061626476003e-06,28329,
913,,,,28333,0.0007034781156107783
914,0.000664284045342356,4.094268660992384e-05,2.2612796328758122e-06,28339,
914,0.0006261003436520696,4.05910614063032e-05,2.297983883181587e-06,28349,
914,0.000579659768845886,3.903553442796692e-05,2.1802297851536423e-06,28359,
914,,,,28364,0.0006941143656149507
915,0.0006636589532718062,4.138367876294069e-05,2.4850687623256817e-06,28369,
915,0.0006392241921275854,4.177634764346294e-05,2.459524012010661e-06,28379,
915,0.0006649147835560143,4.207287202007137e-05,2.517065013307729e-06,28389,
915,,,,28395,0.0006908546783961356
916,0.0005616298876702785,4.1606796003179625e-05,2.270589675390511e-06,28399,
916,0.0006558760651387274,4.392325718072243e-05,2.2972208171267994e-06,28409,
916,0.0006535338470712304,4.073317177244462e-05,2.3829691144783283e-06,28419,
916,,,,28426,0.0006936267018318176
917,0.0007505215471610427,4.2688010580604896e-05,2.391992893535644e-06,28429,
917,0.0006164952646940947,3.989509787061252e-05,2.251761998195434e-06,28439,
917,0.0006140178884379566,4.179883035249077e-05,2.312943706783699e-06,28449,
917,,,,28457,0.0006987653905525804
918,0.0007298717391677201,4.1065930417971686e-05,2.503796167729888e-06,28459,
918,0.0007022101781331003,4.342712418292649e-05,2.4056439542619046e-06,28469,
918,0.0006062629399821162,3.928270598407835e-05,2.181495119657484e-06,28479,
918,,,,28488,0.0007068382110446692
919,0.0006989127141423523,4.0733240894041955e-05,2.401699703113991e-06,28489,
919,0.0005502415588125587,4.081912265974097e-05,2.231656935691717e-06,28499,
919,0.0006941609317436814,4.007575989817269e-05,2.3777249680279056e-06,28509,
919,0.0001493833406129852,2.1045367248007096e-05,1.0753026025156487e-08,28519,
919,,,,28519,0.0006868366617709398
920,0.0007336934213526547,4.245066156727262e-05,2.451553200444323e-06,28529,
920,0.0006291168974712491,4.087029446964152e-05,2.3333809622272383e-06,28539,
920,0.0005866075516678393,4.01617944589816e-05,2.392170017628814e-06,28549,
920,,,,28550,0.0006743977428413928
921,0.0006214641616679728,4.079166319570504e-05,2.293731768077123e-06,28559,
921,0.0006314404308795929,3.966827716794796e-05,2.3532891191280214e-06,28569,
921,0.0006262561655603349,4.0067436202662066e-05,2.3663833417231217e-06,28579,
921,,,,28581,0.0006658443016931415
922,0.0007574988412670791,4.1288752981927246e-05,2.365531372561236e-06,28589,
922,0.0006492932443507016,4.039434134028852e-05,2.3348470676864963e-06,28599,
922,0.0006568502867594361,4.0406644984614104e-05,2.359182190048159e-06,28609,
922,,,,28612,0.0006838388508185744
923,0.0007499257917515934,4.2048952309414744e-05,2.309826413693372e-06,28619,
923,0.0006069621886126697,4.071685179951601e-05,2.375484882577439e-06,28629,
923,0.0006519643939100206,4.0236471249954775e-05,2.4396413209615275e-06,28639,
923,,,,28643,0.0006823072908446193
924,0.0006326606380753219,3.97654039261397e-05,2.228197899967199e-06,28649,
924,0.0005955175729468465,3.995686347479932e-05,2.275023462061654e-06,28659,
924,0.0005712739075534046,3.887231650878675e-05,2.1513617411983432e-06,28669,
924,,,,28674,0.0006742608384229243
925,0.0006242447416298091,4.0643575630383566e-05,2.388128223174135e-06,28679,
925,0.0006065123598091304,4.135374547331594e-05,2.3935779154271586e-06,28689,
925,0.0006610367563553154,4.147581057623029e-05,2.4796929665171774e-06,28699,
925,,,,28705,0.000670003006234765
926,0.0005963982548564672,4.1610459447838366e-05,2.3119209799915552e-06,28709,
926,0.0006273480248637497,4.1375253204023466e-05,2.3164841422840254e-06,28719,
926,0.0006350936600938439,4.118188735446893e-05,2.3690386115049478e-06,28729,
926,,,,28736,0.0006830792990513146
927,0.0008081264677457511,4.2347553971922025e-05,2.368882178416243e-06,28739,
927,0.0005803482490591705,4.010191696579568e-05,2.186468009313103e-06,28749,
927,0.0005751018179580569,4.175276990281418e-05,2.2426418126997305e-06,28759,
927,,,,28767,0.0007000847836025059
928,0.0007562874816358089,4.1037059418158606e-05,2.5451834062550915e-06,28769,
928,0.000660352932754904,4.4425625674193725e-05,2.3722734567854786e-06,28779,
928,0.0005813562893308699,3.908740109181963e-05,2.1615192054014187e-06,28789,
928,,,,28798,0.0006935333949513733
929,0.0006845247698947787,4.0077746234601364e-05,2.3745619728288148e-06,28799,
929,0.0005455182981677353,4.011103737866506e-05,2.2146048195281764e-06,28809,
929,0.0006909340154379606,3.9498627302236855e-05,2.3444708858733065e-06,28819,
929,0.00014381376968231052,2.0654202671721578e-05,1.0436939312796767e-08,28829,
929,,,,28829,0.0006776789668947458
930,0.0006991492118686438,4.188494858681224e-05,2.3794009393895976e-06,28839,
930,0.0006282739341259003,4.139258089708164e-05,2.2870333395985654e-06,28849,
930,0.000599398510530591,4.034586527268402e-05,2.40255349126528e-06,28859,
930,,,,28860,0.0006717349751852453
931,0.0005758834886364639,4.122176324017346e-05,2.291282726218924e-06,28869,
931,0.0005987639888189733,3.9616348658455536e-05,2.3413263079419266e-06,28879,
931,0.0006323617999441922,4.008627001894638e-05,2.3532816157967318e-06,28889,
931,,,,28891,0.0006784687866456807
932,0.0007154736667871475,4.0396149415755644e-05,2.2994304345047567e-06,28899,
932,0.0006088173831813037,3.9849866880103946e-05,2.3048958155413857e-06,28909,
932,0.0006681665545329452,4.012269346276298e-05,2.3596887785970466e-06,28919,
932,,,,28922,0.0006982942577451468
933,0.0007052177679724991,4.2265044612577185e-05,2.3043514829623746e-06,28929,
933,0.000591372256167233,4.1026225517271087e-05,2.3519589831266785e-06,28939,
933,0.0006430260837078094,3.96360301238019e-05,2.417872337900917e-06,28949,
933,,,,28953,0.0007014881120994687
934,0.0006515543791465461,4.096256088814698e-05,2.1981322788633406e-06,28959,
934,0.0005888048908673227,3.9211183320730925e-05,2.2561951027455507e-06,28969,
934,0.0005545809981413186,3.794239819399081e-05,2.133759835487581e-06,28979,
934,,,,28984,0.0006842683651484549
935,0.0006501559400931001,4.1362494812346995e-05,2.4213820779550588e-06,28989,
935,0.0005988316843286157,4.0401668229606e-05,2.3921627416712e-06,28999,
935,0.0006394714000634849,4.121551683056168e-05,2.461145641063922e-06,29009,
935,,,,29015,0.0006724619888700545
936,0.0005661473842337728,4.036913742311299e-05,2.2737360723112943e-06,29019,
936,0.0006144861108623445,4.123435792280361e-05,2.291634245921159e-06,29029,
936,0.0006170464912429452,4.032361539429985e-05,2.3518825855717296e-06,29039,
936,,,,29046,0.0006697429926134646
937,0.0007797703146934509,4.212953717797063e-05,2.356042159590288e-06,29049,
937,0.0005748103139922023,3.936662324122153e-05,2.1652285795425996e-06,29059,
937,0.0005573990056291223,4.0361897845286876e-05,2.2139727207104443e-06,29069,
937,,,,29077,0.0006874382961541414
938,0.0007693603984080255,4.1855622839648277e-05,2.549542614360689e-06,29079,
938,0.0006550781545229256,4.118139622732997e-05,2.3681141101405956e-06,29089,
938,0.0005783616215921938,3.902296521118842e-05,2.1345008462958504e-06,29099,
938,,,,29108,0.0007090134313330054
939,0.0007005790248513222,4.165059726801701e-05,2.364915872021811e-06,29109,
939,0.0005206216592341661,3.822152939392254e-05,2.1833893697476014e-06,29119,
939,0.0007003354839980602,4.001723573310301e-05,2.398945071035996e-06,29129,
939,0.00016376268467865884,2.275713086419273e-05,1.0334723299365578e-08,29139,
939,,,,29139,0.0006564867217093706
940,0.0006966799846850336,4.149051528656855e-05,2.3956015411386034e-06,29149,
940,0.0006104508065618575,4.010464181192219e-05,2.25481744564604e-06,29159,
940,0.0005511061172001064,3.975330400862731e-05,2.3313748442888027e-06,29169,
940,,,,29170,0.0006440693396143615
941,0.0006091568502597511,3.992897109128535e-05,2.2461690605268814e-06,29179,
941,0.000603998894803226,3.914266198989935e-05,2.299101652170066e-06,29189,
941,0.0006112896371632814,3.911589737981558e-05,2.3262161903403467e-06,29199,
941,,,,29201,0.0006467067287303507
942,0.0006843267474323511,4.126943531446159e-05,2.3313264136959333e-06,29209,
942,0.0005993790691718459,3.959130117436871e-05,2.3209047412819928e-06,29219,
942,0.00065928406547755,4.100205478607677e-05,2.338088961550966e-06,29229,
942,,,,29232,0.0006513948319479823
943,0.0006112756091170013,3.9038532122503966e-05,2.1870321234018775e-06,29239,
943,0.0005750981508754194,4.009479016531259e-05,2.3129989585868316e-06,29249,
943,0.0006340382969938219,3.942741750506684e-05,2.3867617073847214e-06,29259,
943,,,,29263,0.00065316550899297
944,0.0006174599984660745,3.834506424027495e-05,2.199396931246156e-06,29269,
944,0.0005785836256109178,3.8718379073543474e-05,2.231556436527171e-06,29279,
944,0.0005533216171897948,3.72012254956644e-05,2.1075154563732212e-06,29289,
944,,,,29294,0.000653205846901983
945,0.0006599996704608202,4.044454908580519e-05,2.4024689082580153e-06,29299,
945,0.0006009609205648303,4.167043880443089e-05,2.3842069367674412e-06,29309,
945,0.0006135298172011971,4.0435588744003326e-05,2.4333601231774082e-06,29319,
945,,,,29325,0.0006510420935228467
946,0.0005992795340716839,4.2157003917964175e-05,2.2382491806638427e-06,29329,
946,0.0006266371929086745,4.1426854295423254e-05,2.2356373392540263e-06,29339,
946,0.0006132121197879314,3.968621604144573e-05,2.3203735963761574e-06,29349,
946,,,,29356,0.0006491215899586678
947,0.0007193092606030405,4.15481990785338e-05,2.3436807623511413e-06,29359,
947,0.0005666555371135473,3.9291440771194175e-05,2.1833914161106804e-06,29369,
947,0.0005696521257050335,4.037676626467146e-05,2.2212655039766105e-06,29379,
947,,,,29387,0.0006480535375885665
948,0.0006205679383128881,4.0025370253715664e-05,2.378906629019184e-06,29389,
948,0.0006303956615738571,4.203449861961417e-05,2.2880153665028047e-06,29399,
948,0.0005695452564395964,3.81770842068363e-05,2.0916227185807656e-06,29409,
948,,,,29418,0.0006446843617595732
949,0.0006382290739566088,4.00242606701795e-05,2.335352746740682e-06,29419,
949,0.0005159087013453245,3.8375907024601474e-05,2.160049689337029e-06,29429,
949,0.0006641368963755667,3.855506292893551e-05,2.3041166059556417e-06,29439,
949,0.00013707690231967717,1.976818202820141e-05,9.924847610420784e-09,29449,
949,,,,29449,0.000642928178422153
950,0.0006756266811862588,4.131650712224655e-05,2.3420459456247045e-06,29459,
950,0.0006028999341651797,3.920369999832474e-05,2.2465098936663708e-06,29469,
950,0.0005564101738855243,3.93785594496876e-05,2.3372424493572908e-06,29479,
950,,,,29480,0.0006437486154027283
951,0.0005590912187471986,4.019341940875165e-05,2.214603455286124e-06,29489,
951,0.0005871514440514147,3.842662772512995e-05,2.279244881719933e-06,29499,
951,0.0005866422434337437,3.94771559513174e-05,2.304385589013691e-06,29509,
951,,,,29511,0.0006422221194952726
952,0.0006732619367539883,4.0376973629463464e-05,2.278485681017628e-06,29519,
952,0.0005951539496891201,3.9941634895512834e-05,2.2616711703449255e-06,29529,
952,0.0006259132642298937,3.93537302443292e-05,2.279839918628568e-06,29539,
952,,,,29542,0.0006395240779966116
953,0.0006760988035239279,3.904394179699011e-05,2.1781809209642233e-06,29549,
953,0.0005777264013886452,3.9390524761984125e-05,2.316509608135675e-06,29559,
953,0.0006204144447110593,3.867539999191649e-05,2.367830120419967e-06,29569,
953,,,,29573,0.0006409856141544878
954,0.0006881688605062664,3.8139474781928584e-05,2.2500325940200128e-06,29579,
954,0.0005804490065202117,3.916287096217275e-05,2.2113129034551093e-06,29589,
954,0.0005518269026651978,3.670656224130653e-05,2.081261982311844e-06,29599,
954,,,,29604,0.0006434461683966219
955,0.0006472923560068011,4.106576307094656e-05,2.337304067623336e-06,29609,
955,0.0005879475502297282,4.111700764042325e-05,2.357703124289401e-06,29619,
955,0.0006119046011008322,4.0243776311399415e-05,2.4220539671659935e-06,29629,
955,,,,29635,0.0006366493180394173
956,0.000590649142395705,4.1811654227785766e-05,2.2430654098570812e-06,29639,
956,0.0006008883938193321,3.995748920715414e-05,2.224413947260473e-06,29649,
956,0.0006065942579880357,3.961549373343587e-05,2.2999868178885663e-06,29659,
956,,,,29666,0.0006327347946353257
957,0.0007241909625008702,4.117459320696071e-05,2.319686018381617e-06,29669,
957,0.0005573210655711591,3.970491889049299e-05,2.138285026376252e-06,29679,
957,0.0005446043214760721,4.06430299335625e-05,2.1735445443482604e-06,29689,
957,,,,29697,0.0006343082059174776
958,0.0006692630122415721,4.027412069262937e-05,2.411760078757652e-06,29699,
958,0.0006859874119982123,4.242262730258517e-05,2.2852102574688615e-06,29709,
958,0.0005544994492083788,3.772979471250437e-05,2.0735699308715994e-06,29719,
958,,,,29728,0.000643799256067723
959,0.0006366473971866071,3.9996437408262864e-05,2.3166592200141167e-06,29729,
959,0.0005480888648889959,3.842831574729644e-05,2.188473899877863e-06,29739,
959,0.0006643282249569893,3.869291322189383e-05,2.313430513822823e-06,29749,
959,0.0001498123601777479,1.949675970536191e-05,9.748292839617534e-09,29759,
959,,,,29759,0.0006610537529923022
960,0.0007156384526751935,4.151498433202505e-05,2.3089612568583107e-06,29769,
960,0.0006155844312161207,4.0183422242989764e-05,2.232312908745371e-06,29779,
960,0.000601145438849926,3.8964117266004905e-05,2.3976526790647767e-06,29789,
960,,,,29790,0.0006786120939068496
961,0.0005804762477055192,4.0675873606232926e-05,2.240835328848334e-06,29799,
961,0.0005743904621340334,3.867593113682233e-05,2.268853222631151e-06,29809,
961,0.0006030997610650957,3.927059515262954e-05,2.3045590751280542e-06,29819,
961,,,,29821,0.0006765045109204948
962,0.000677978212479502,4.0407070628134534e-05,2.2780991457693744e-06,29829,
962,0.0005965980817563832,4.03584235755261e-05,2.304617510162643e-06,29839,
962,0.0006631752476096153,3.9409551391145214e-05,2.3419499939336674e-06,29849,
962,,,,29852,0.0006951956311240792
963,0.0006525667267851532,4.242085924488492e-05,2.2011352029949194e-06,29859,
963,0.0005701558548025787,4.1867922845995054e-05,2.2714000351697905e-06,29869,
963,0.000624888576567173,3.935755739803426e-05,2.348846919630887e-06,29879,
963,,,,29883,0.0006503752083517611
964,0.0006025197799317539,3.967033262597397e-05,2.1397929685917916e-06,29889,
964,0.000569463474676013,3.9047950849635527e-05,2.2109020392235834e-06,29899,
964,0.000553940306417644,3.70019770343788e-05,2.094235014737933e-06,29909,
964,,,,29914,0.0006416801479645073
965,0.0006067987415008247,3.955383363063447e-05,2.3869899905548664e-06,29919,
965,0.0005857521900907159,3.9468068280257285e-05,2.364065721849329e-06,29929,
965,0.0006455659749917686,4.028515832033008e-05,2.4429728000541218e-06,29939,
965,,,,29945,0.0006425242754630744
966,0.0005156322149559855,3.914122862624936e-05,2.1660744096152484e-06,29949,
966,0.0005937746609561145,4.0522663766751066e-05,2.2226747660170076e-06,29959,
966,0.0006071988609619439,3.955000647692941e-05,2.292962335559423e-06,29969,
966,,,,29976,0.0006409896886907518
967,0.000697169394697994,4.096951670362614e-05,2.3204320314107463e-06,29979,
967,0.0005360423820093274,3.893757093464956e-05,2.1108617147547193e-06,29989,
967,0.0005396222113631666,3.95554889109917e-05,2.170612106056069e-06,29999,
967,,,,30007,0.0006467573111876845
968,0.0006643497035838664,4.072219962836243e-05,2.410720753687201e-06,30009,
968,0.0006279501249082386,4.03684753109701e-05,2.3006825813354226e-06,30019,
968,0.000565044698305428,3.790196205954999e-05,2.071362359856721e-06,30029,
968,,,,30038,0.0006586097297258675
969,0.0006498643197119236,4.015006197732873e-05,2.3061770662025083e-06,30039,
969,0.0005135460523888469,3.74134469893761e-05,2.1201883555477252e-06,30049,
969,0.0006777375238016248,3.943543561035767e-05,2.3205618617794244e-06,30059,
969,0.0001489713613409549,2.1683290469809435e-05,9.577934889648532e-09,30069,
969,,,,30069,0.0006384361768141389
970,0.0006667778361588717,4.127965439693071e-05,2.3209011033031857e-06,30079,
970,0.0006418320699594915,4.0326562157133594e-05,2.2332583284878638e-06,30089,
970,0.0005519753322005272,3.817180549958721e-05,2.3460816009901464e-06,30099,
970,,,,30100,0.0006477375864051282
971,0.0005574331735260785,3.9328904676949605e-05,2.1772236777906073e-06,30109,
971,0.0005692698177881539,3.84347586077638e-05,2.2361052742780885e-06,30119,
971,0.0006017000414431095,3.896998168784194e-05,2.276698523928644e-06,30129,
971,,,,30131,0.0006334372446872294
972,0.000643457577098161,4.059509956277907e-05,2.2395925043383613e-06,30139,
972,0.0005724599468521774,3.868999920086935e-05,2.2381932467396837e-06,30149,
972,0.0006152058485895395,3.875184484058991e-05,2.276573241033475e-06,30159,
972,,,,30162,0.0006311281467787921
973,0.0006552334525622427,3.934284541173838e-05,2.1997259409545222e-06,30169,
973,0.0005784120294265449,3.874153480865061e-05,2.3032393983157817e-06,30179,
973,0.0006045185145922005,3.79155098926276e-05,2.3286629584617913e-06,30189,
973,,,,30193,0.0006412013317458332
974,0.0005987884942442179,3.691553501994349e-05,2.105891780956881e-06,30199,
974,0.0005751549615524709,3.873817695421167e-05,2.1764328721474158e-06,30209,
974,0.0005369063001126051,3.59303921868559e-05,2.0644899905164493e-06,30219,
974,,,,30224,0.0006495259003713727
975,0.0006187268299981952,4.078857091371901e-05,2.3812767722120043e-06,30229,
975,0.0005704566719941795,4.1270202927989885e-05,2.3327563667407958e-06,30239,
975,0.0006209623534232378,3.944749914808199e-05,2.3692928152740933e-06,30249,
975,,,,30255,0.000631911912932992
976,0.000547252013348043,4.0790593629935756e-05,2.144836344086798e-06,30259,
976,0.0005900273099541664,4.1837451135506853e-05,2.2101592094259104e-06,30269,
976,0.0006182946381159127,3.9365182601613924e-05,2.286546305185766e-06,30279,
976,,,,30286,0.000640293350443244
977,0.0006662074592895806,4.0818213165039197e-05,2.312115384484059e-06,30289,
977,0.0005242008483037353,3.8269667129497975e-05,2.090452198899584e-06,30299,
977,0.0005287796375341713,3.9358663343591616e-05,2.1453918179759057e-06,30309,
977,,,,30317,0.0006270806770771742
978,0.0006281664245761931,3.907752761733718e-05,2.376346174060018e-06,30319,
978,0.0006172158755362034,4.018515392090194e-05,2.2813494524598354e-06,30329,
978,0.0005484494031406939,3.741999535122886e-05,2.0612017124221893e-06,30339,
978,,,,30348,0.0006234553875401616
979,0.0006142021156847477,3.764401117223315e-05,2.2811582311987877e-06,30349,
979,0.0005199062870815396,3.678802022477612e-05,2.1013288460380863e-06,30359,
979,0.0006633150042034686,3.792152347159572e-05,2.2501549210574012e-06,30369,
979,0.00013297352415975183,1.9857616280205548e-05,9.373964715564398e-09,30379,
979,,,,30379,0.0006333167548291385
980,0.0006790847983211279,4.165856444160454e-05,2.3355601115326863e-06,30389,
980,0.0005927029415033758,3.7858797441003844e-05,2.221431486759684e-06,30399,
980,0.0005425414419732988,3.8259571738308296e-05,2.3244590465765214e-06,30409,
980,,,,30410,0.0006485046469606459
981,0.0005816976190544665,3.817020478891209e-05,2.167517777706962e-06,30419,
981,0.0005867868312634528,3.768469832721166e-05,2.2254803297983017e-06,30429,
981,0.0005496045341715217,3.820890196948312e-05,2.2639515009359457e-06,30439,
981,,,,30441,0.0006175705348141491
982,0.0007047349354252219,3.9554441173095256e-05,2.2920801256987033e-06,30449,
982,0.0006142368074506521,3.909778024535626e-05,2.2611052372667473e-06,30459,
982,0.0005947450990788639,3.8087160646682605e-05,2.222731836809544e-06,30469,
982,,,,30472,0.000622832216322422
983,0.0006923171458765864,3.8685593608533964e-05,2.1849743916391162e-06,30479,
983,0.000570037285797298,3.9045327866915613e-05,2.2838369204691844e-06,30489,
983,0.0005912382621318102,3.7628455174854025e-05,2.323092758160783e-06,30499,
983,,,,30503,0.0006220347131602466
984,0.0005799494101665914,3.763753193197772e-05,2.08658229894354e-06,30509,
984,0.0005513178766705096,3.805747110163793e-05,2.1622633994411444e-06,30519,
984,0.0005312440916895866,3.5952321923105046e-05,2.0314232642704155e-06,30529,
984,,,,30534,0.0006103010382503271
985,0.0005667501827701926,3.825777457677759e-05,2.2806887045589974e-06,30539,
985,0.0005476005608215928,3.92668298445642e-05,2.294973228345043e-06,30549,
985,0.0006183717050589621,3.9680344343651086e-05,2.3853453967603855e-06,30559,
985,,,,30565,0.0006116293370723724
986,0.0005324785015545785,3.932724575861357e-05,2.163839099011966e-06,30569,
986,0.0005712661659345031,3.835542156593874e-05,2.2063134110794635e-06,30579,
986,0.0005866751889698207,3.9004295103950426e-05,2.255539584439248e-06,30589,
986,,,,30596,0.0006268193246796727
987,0.0007249798509292305,3.958331581088714e-05,2.2974199964664876e-06,30599,
987,0.0005255356663838029,3.865825055981986e-05,2.0547267922665924e-06,30609,
987,0.000520195986609906,3.9587564970133826e-05,2.116914401995018e-06,30619,
987,,,,30627,0.0006307263975031674
988,0.0006658735801465809,3.8706031773472205e-05,2.397965772615862e-06,30629,
988,0.0006048777140676975,4.185610669082962e-05,2.2563592665392207e-06,30639,
988,0.0005292042624205351,3.706859570229426e-05,2.0253623915778007e-06,30649,
988,,,,30658,0.0006239058566279709
989,0.000612679636105895,3.744870627997443e-05,2.2567776341020362e-06,30659,
989,0.0005017993389628828,3.717570143635385e-05,2.0882916942355223e-06,30669,
989,0.000643617648165673,3.7873931432841346e-05,2.2388180695998017e-06,30679,
989,0.00012949582014698535,1.9080875063082203e-05,9.127141709086573e-09,30689,
989,,,,30689,0.0006185975507833064
990,0.0006525045027956367,4.092615927220322e-05,2.2662732135358965e-06,30699,
990,0.0005825918633490801,3.8640795537503436e-05,2.167311095035984e-06,30709,
990,0.0005551318172365427,3.873089372063987e-05,2.3330685507971793e-06,30719,
990,,,,30720,0.0006182155921123922
991,0.0005306995590217412,3.9079186535673216e-05,2.161098109354498e-06,30729,
991,0.0005489920149557292,3.6646622902480885e-05,2.2066226392780663e-06,30739,
991,0.0005848167929798365,3.836539326584898e-05,2.244308689114405e-06,30749,
991,,,,30751,0.0006230301805771887
992,0.0006352434284053743,3.806965833064169e-05,2.1828498120157747e-06,30759,
992,0.0005542672006413341,3.790889968513511e-05,2.204920974691049e-06,30769,
992,0.0006067436770536005,3.782508065341972e-05,2.2417793843487743e-06,30779,
992,,,,30782,0.0006271132733672857
993,0.0006333029014058411,3.935832864954136e-05,2.1817540982738137e-06,30789,
993,0.0005442950641736388,3.883543467964046e-05,2.255817662444315e-06,30799,
993,0.0005800924845971167,3.7450863601407036e-05,2.2909116523806006e-06,30809,
993,,,,30813,0.0006264047115109861
994,0.0005864374688826501,3.774254219024442e-05,2.059823600575328e-06,30819,
994,0.0005508767208084464,3.822673170361668e-05,2.143100346074789e-06,30829,
994,0.0005188868963159621,3.601407661335543e-05,2.0118602606089553e-06,30839,
994,,,,30844,0.0006248338031582534
995,0.0005819217185489833,3.8074253097875044e-05,2.298497975061764e-06,30849,
995,0.0005643239128403366,4.032229117001407e-05,2.314161520189373e-06,30859,
995,0.0005971482023596764,3.870786167681217e-05,2.3777261048962828e-06,30869,
995,,,,30875,0.0006245783297345042
996,0.0005137393600307405,3.759614264708944e-05,2.1316295715223532e-06,30879,
996,0.0005766440881416202,3.801102138822898e-05,2.168520722989342e-06,30889,
996,0.0005842778482474387,3.819691119133495e-05,2.245069026685087e-06,30899,
996,,,,30906,0.0006261413218453526
997,0.0006732564070262015,3.845232640742324e-05,2.2992446702119196e-06,30909,
997,0.0005086833843961358,3.7658752262359485e-05,2.0655452317441814e-06,30919,
997,0.0005329489358700812,3.802337960223667e-05,2.147771283489419e-06,30929,
997,,,,30937,0.000622228835709393
998,0.0006014491082169116,3.9267524698516354e-05,2.3214320208353456e-06,30939,
998,0.000572396966163069,3.910888699465431e-05,2.2068602447689045e-06,30949,
998,0.0005336378235369921,3.691752863232978e-05,1.9910833088943036e-06,30959,
998,,,,30968,0.000609109119977802
999,0.0005979113047942519,3.8540911191375926e-05,2.2454514692071825e-06,30969,
999,0.0004735766851808876,3.607345206546597e-05,2.0530417259578826e-06,30979,
999,0.0006220106151886284,3.740827742149122e-05,2.237079115730012e-06,30989,
999,0.00012869376223534346,1.827849519031588e-05,8.953751517992714e-09,30999,
999,,,,30999,0.0006004038150422275
