epoch,loss,skeleton,smooth,step,val_loss
0,0.2964234948158264,0.2469750940799713,4.993694346921984e-07,9,
0,0.26155316829681396,0.11228322237730026,1.0671939207895775e-06,19,
0,0.18851549923419952,0.0651000365614891,1.378952902086894e-06,29,
0,,,,30,0.17591094970703125
1,0.12249914556741714,0.032864782959222794,1.5407514410981094e-06,39,
1,0.06744641810655594,0.01574818789958954,1.496179606874648e-06,49,
1,0.04857993870973587,0.010915874503552914,1.2515749858721392e-06,59,
1,,,,61,0.045209601521492004
2,0.04271823167800903,0.008633418008685112,1.1408458249206888e-06,69,
2,0.037881411612033844,0.0068990797735750675,1.1508966508699814e-06,79,
2,0.03735289350152016,0.006015253718942404,1.1991797919108649e-06,89,
2,,,,92,0.03489610180258751
3,0.033967506140470505,0.0055793835781514645,1.2945430398758617e-06,99,
3,0.03194243460893631,0.00519756181165576,1.3323621033123345e-06,109,
3,0.031890951097011566,0.004893279168754816,1.4785989606025396e-06,119,
3,,,,123,0.02949116937816143
4,0.029514091089367867,0.004522852599620819,1.467954348299827e-06,129,
4,0.027878321707248688,0.00450767669826746,1.600634163878567e-06,139,
4,0.024873128160834312,0.004225831013172865,1.6818929680084693e-06,149,
4,,,,154,0.02356847934424877
5,0.023224078118801117,0.004150124732404947,1.7743258240443538e-06,159,
5,0.01993940956890583,0.003982724156230688,1.9349440663063433e-06,169,
5,0.018498171120882034,0.003821125254034996,1.9914214135496877e-06,179,
5,,,,185,0.01615571416914463
6,0.016020825132727623,0.0037625536788254976,1.934542751769186e-06,189,
6,0.013409033417701721,0.003472090233117342,1.8667860786081292e-06,199,
6,0.011851820163428783,0.0031230284366756678,1.9678939224831993e-06,209,
6,,,,216,0.011149625293910503
7,0.011540142819285393,0.0031452642288058996,1.9093924947810592e-06,219,
7,0.0099938390776515,0.002742369659245014,1.88604417417082e-06,229,
7,0.009114429354667664,0.00267311604693532,1.9138906282023527e-06,239,
7,,,,247,0.00815700925886631
8,0.007787267677485943,0.0024266913533210754,1.8151039284930448e-06,249,
8,0.007524419110268354,0.0022833419498056173,1.8708204834183562e-06,259,
8,0.00640066945925355,0.002221871865913272,1.7547990864841267e-06,269,
8,,,,278,0.00603103544563055
9,0.00620737811550498,0.00204346957616508,1.7859578065326787e-06,279,
9,0.005560563877224922,0.002041095634922385,1.69520922099764e-06,289,
9,0.0050261737778782845,0.001773438649252057,1.7716322417982155e-06,299,
9,0.0025569007266312838,0.0018993065459653735,1.1608175753963224e-08,309,
9,,,,309,0.0046558077447116375
10,0.004520801827311516,0.0016001558396965265,1.8856469523598207e-06,319,
10,0.00419587129727006,0.0015046120388433337,1.9100400550087215e-06,329,
10,0.0035884662065654993,0.001416414394043386,1.8252510471938876e-06,339,
10,,,,340,0.0037980228662490845
11,0.0037008742801845074,0.001426098053343594,1.918115685839439e-06,349,
11,0.0033287012483924627,0.0012680510990321636,1.864087153080618e-06,359,
11,0.0034118753392249346,0.0012449549976736307,1.95841676031705e-06,369,
11,,,,371,0.003255434101447463
12,0.0032658239360898733,0.001184389111585915,2.0733725705213146e-06,379,
12,0.003144351067021489,0.0011409278959035873,1.9927499579353025e-06,389,
12,0.003034105058759451,0.0010803794721141458,2.064471800622414e-06,399,
12,,,,402,0.002881776774302125
13,0.0030482669826596975,0.0010178386000916362,2.1262187601678306e-06,409,
13,0.002750752493739128,0.0009742378606460989,2.1345636014302727e-06,419,
13,0.0026992245111614466,0.0009585380903445184,2.0901579773635603e-06,429,
13,,,,433,0.0025969103444367647
14,0.002659880556166172,0.0008740781922824681,2.1797632143716328e-06,439,
14,0.002573205390945077,0.0008677070145495236,2.1504779397218954e-06,449,
14,0.0022452566772699356,0.0007956125773489475,2.031648136835429e-06,459,
14,,,,464,0.0023681833408772945
15,0.0023654589895159006,0.0007832125993445516,2.220588157797465e-06,469,
15,0.0024568450171500444,0.0007477427716366947,2.3257580323843285e-06,479,
15,0.0022870153188705444,0.0006979699828661978,2.170644847865333e-06,489,
15,,,,495,0.0021828883327543736
16,0.002104064216837287,0.0006689226138405502,2.1774942524643848e-06,499,
16,0.002028520917519927,0.0006416247924789786,2.0243712697265437e-06,509,
16,0.002096862532198429,0.0006095446296967566,2.266096544190077e-06,519,
16,,,,526,0.0020292936824262142
17,0.0021356912329792976,0.0006191124557517469,2.177955593651859e-06,529,
17,0.001975210150703788,0.0005610024090856314,2.1008179373893654e-06,539,
17,0.0019421157194301486,0.0005558491102419794,2.3043307919579092e-06,549,
17,,,,557,0.0018982159672304988
18,0.0018582171760499477,0.0004936543409712613,2.1589946754829725e-06,559,
18,0.0018988848896697164,0.0004927496775053442,2.274213102282374e-06,569,
18,0.0017880379455164075,0.0004817061999347061,2.176228917960543e-06,579,
18,,,,588,0.0017841093940660357
19,0.0019022870110347867,0.00045740682980977,2.210234924859833e-06,589,
19,0.0017438139766454697,0.0004622879496309906,2.1071380160719855e-06,599,
19,0.0016878150636330247,0.00039913272485136986,2.179220018660999e-06,609,
19,0.0010929752606898546,0.00041202158899977803,1.4163813233381006e-08,619,
19,,,,619,0.0016833676490932703
20,0.0017512912163510919,0.0003659190551843494,2.2515082491736393e-06,629,
20,0.001676663407124579,0.00035154595389030874,2.254870651086094e-06,639,
20,0.0014961897395551205,0.0003227868292015046,2.027271875704173e-06,649,
20,,,,650,0.00159343215636909
21,0.0015796032967045903,0.0003345446311868727,2.206596718679066e-06,659,
21,0.0014871717430651188,0.0002956177049782127,2.0128570668020984e-06,669,
21,0.0015451540239155293,0.00029356524464674294,2.1394557734311093e-06,679,
21,,,,681,0.0015124516794458032
22,0.0015373919159173965,0.0002833140315487981,2.208061459896271e-06,689,
22,0.001514289528131485,0.0002777649788185954,2.0920344923069933e-06,699,
22,0.0015092462999746203,0.00026600208366289735,2.147930672435905e-06,709,
22,,,,712,0.0014390405267477036
23,0.00151473144069314,0.0002505646843928844,2.1366502096498152e-06,719,
23,0.0014114017831161618,0.00023979115940164775,2.0948668861819897e-06,729,
23,0.0014271266991272569,0.00024266750551760197,2.033424607361667e-06,739,
23,,,,743,0.0013721316354349256
24,0.001410595839843154,0.0002160964795621112,2.067664127025637e-06,749,
24,0.0013981639640405774,0.0002225432835984975,2.0298243725846987e-06,759,
24,0.0012410787167027593,0.00020030885934829712,1.816220787986822e-06,769,
24,,,,774,0.0013108833227306604
25,0.0013192000333219767,0.00020021216187160462,2.0246616259100847e-06,779,
25,0.00136960216332227,0.00019632031035143882,2.0685088202299085e-06,789,
25,0.0013035095762461424,0.0001845832448452711,1.8746685555015574e-06,799,
25,,,,805,0.0012546206125989556
26,0.0012065541232004762,0.00017675997514743358,1.8435681568007567e-06,809,
26,0.0011848054127767682,0.00017541741544846445,1.6547073755646124e-06,819,
26,0.001226058229804039,0.0001666186872171238,1.8895846096711466e-06,829,
26,,,,836,0.0012027943739667535
27,0.0012615881860256195,0.00017357688921038061,1.801575422177848e-06,839,
27,0.0011819791980087757,0.00015905025065876544,1.6873993899935158e-06,849,
27,0.0011622089659795165,0.0001584598358022049,1.8455374402037705e-06,859,
27,,,,867,0.001154945115558803
28,0.0011322874343022704,0.0001437040336895734,1.66441316196142e-06,869,
28,0.001156542799435556,0.00014895987987983972,1.7733893855620408e-06,879,
28,0.0011054060887545347,0.0001423109060851857,1.6748934967836249e-06,889,
28,,,,898,0.0011106779566034675
29,0.0011802463559433818,0.00014171123621053994,1.7046114635377307e-06,899,
29,0.0010917423060163856,0.000140219897730276,1.6074508266683551e-06,909,
29,0.0010614583734422922,0.00012871382932644337,1.6104224869195605e-06,919,
29,0.000715085247065872,0.00012018231063848361,9.556043067959763e-09,929,
29,,,,929,0.0010696467943489552
30,0.0011085267178714275,0.00012181308557046577,1.642866095608042e-06,939,
30,0.0010708271292969584,0.00012097171565983444,1.6146120742632775e-06,949,
30,0.0009699552902020514,0.00011485657159937546,1.3881551694794325e-06,959,
30,,,,960,0.0010315414983779192
31,0.001016847905702889,0.00011442071991041303,1.5880254977673758e-06,969,
31,0.0009734550840221345,0.00010965132241835818,1.3703120202990249e-06,979,
31,0.0010089786956086755,0.00010770226799650118,1.500005737398169e-06,989,
31,,,,991,0.0009960869792848825
32,0.0010131755843758583,0.00011148276826133952,1.5329532061514328e-06,999,
32,0.0009963682387024164,0.00010952835873467848,1.466573621655698e-06,1009,
32,0.0010011614067479968,0.0001060186987160705,1.5187179087661207e-06,1019,
32,,,,1022,0.0009630408021621406
33,0.0010078870691359043,0.00010882468632189557,1.4818772342550801e-06,1029,
33,0.0009469733340665698,0.00010331370867788792,1.4315318139779265e-06,1039,
33,0.0009674636530689895,0.00010234026558464393,1.4093520803726278e-06,1049,
33,,,,1053,0.0009321863180957735
34,0.0009508111397735775,9.430455247638747e-05,1.4135206356513663e-06,1059,
34,0.0009516917634755373,9.967968799173832e-05,1.40897873279755e-06,1069,
34,0.0008573856903240085,9.244414832210168e-05,1.2120623296141275e-06,1079,
34,,,,1084,0.0009033286478370428
35,0.0009079734445549548,9.040526492753997e-05,1.3930172144682729e-06,1089,
35,0.0009340128744952381,9.46450891206041e-05,1.4108651384958648e-06,1099,
35,0.0009063946199603379,9.146433876594529e-05,1.2789040511052008e-06,1109,
35,,,,1115,0.0008762969519011676
36,0.0008395758923143148,8.864128176355734e-05,1.2397600812619203e-06,1119,
36,0.0008352712029591203,9.028599015437067e-05,1.1012673439836362e-06,1129,
36,0.00085647456580773,8.601701119914651e-05,1.2798623174603563e-06,1139,
36,,,,1146,0.0008509384351782501
37,0.0008858150686137378,8.977493416750804e-05,1.2378002338664373e-06,1149,
37,0.0008394622709602118,8.519953553332016e-05,1.1484714832477039e-06,1159,
37,0.0008197135757654905,8.31732977530919e-05,1.2404423159750877e-06,1169,
37,,,,1177,0.0008271175320260227
38,0.0008122967556118965,8.156649710144848e-05,1.1229642495891312e-06,1179,
38,0.0008260922622866929,8.461114339297637e-05,1.2118562153773382e-06,1189,
38,0.0007944094832055271,7.745475886622444e-05,1.1226138667552732e-06,1199,
38,,,,1208,0.0008047130540944636
39,0.0008502228884026408,8.051999611780047e-05,1.1729471225407906e-06,1209,
39,0.0007910976419225335,7.74009240558371e-05,1.093998662327067e-06,1219,
39,0.0007716460968367755,7.740953878965229e-05,1.0782164281408768e-06,1229,
39,0.0005398752982728183,6.717971700709313e-05,5.914516876259768e-09,1239,
39,,,,1239,0.0007836160366423428
40,0.0008059359388425946,7.350889791268855e-05,1.1127538073196774e-06,1249,
40,0.0007858479511924088,7.417532469844446e-05,1.0756888286778121e-06,1259,
40,0.0007232390344142914,7.22637923900038e-05,9.103815159505757e-07,1269,
40,,,,1270,0.0007637279923073947
41,0.0007476002210751176,6.954237323952839e-05,1.0676172905732528e-06,1279,
41,0.000727447506505996,7.034154987195507e-05,9.036000960804813e-07,1289,
41,0.0007510938448831439,6.829821359133348e-05,1.011110725812614e-06,1299,
41,,,,1301,0.0007449584663845599
42,0.0007573475013487041,7.167741568991914e-05,1.0270266557199648e-06,1309,
42,0.0007400130270980299,7.061903306748718e-05,9.954478628060315e-07,1319,
42,0.0007488508126698434,6.72514652251266e-05,1.0462748605277739e-06,1329,
42,,,,1332,0.0007272245129570365
43,0.0007565970299765468,7.260112761287019e-05,1.009659285955422e-06,1339,
43,0.0007164751878008246,6.816575478296727e-05,9.661114290793194e-07,1349,
43,0.0007344835321418941,6.679203943349421e-05,9.629377473174827e-07,1359,
43,,,,1363,0.0007104498217813671
44,0.0007186746806837618,6.239185313461348e-05,9.555473070577136e-07,1369,
44,0.0007217500824481249,6.608201510971412e-05,9.641332781029632e-07,1379,
44,0.0006616587634198368,6.249131547519937e-05,8.099528372440545e-07,1389,
44,,,,1394,0.0006945647182874382
45,0.0006948704831302166,5.9758105635410175e-05,9.434423873244668e-07,1399,
45,0.000708555628079921,6.47331980871968e-05,9.56981011768221e-07,1409,
45,0.0006993274437263608,6.252116145333275e-05,8.853011195242289e-07,1419,
45,,,,1425,0.0006795056397095323
46,0.0006499426090158522,6.0246256907703355e-05,8.321305244862742e-07,1429,
46,0.0006528867525048554,6.177005707286298e-05,7.497559408875532e-07,1439,
46,0.0006608462426811457,5.93362856307067e-05,8.653714189676975e-07,1449,
46,,,,1456,0.0006652140873484313
47,0.0006859698332846165,6.110195681685582e-05,8.565237408220128e-07,1459,
47,0.0006566757219843566,5.812913877889514e-05,7.954734542181541e-07,1469,
47,0.0006364003638736904,5.671934559359215e-05,8.307974326271506e-07,1479,
47,,,,1487,0.000651636510156095
48,0.0006412577349692583,5.706020965590142e-05,7.761045139886846e-07,1489,
48,0.0006475155241787434,5.910001345910132e-05,8.378767120120756e-07,1499,
48,0.0006255031912587583,5.3165993449511006e-05,7.591393114125822e-07,1509,
48,,,,1518,0.0006387236644513905
49,0.0006704276311211288,5.569167115027085e-05,8.19380943539727e-07,1519,
49,0.0006261970847845078,5.3781364840688184e-05,7.551232670266472e-07,1529,
49,0.0006124344654381275,5.466191214509308e-05,7.318789698729233e-07,1539,
49,0.000436972186435014,4.6095316065475345e-05,3.989447883157027e-09,1549,
49,,,,1549,0.0006264323019422591
50,0.0006384133594110608,5.249225796433166e-05,7.688781806791667e-07,1559,
50,0.0006278328946791589,5.2674866310553625e-05,7.311294325518247e-07,1569,
50,0.0005876215291209519,5.108097320771776e-05,6.309140871962882e-07,1579,
50,,,,1580,0.0006147105013951659
51,0.0005975107196718454,5.0243677833350375e-05,7.289269774446439e-07,1589,
51,0.0005893704365007579,5.063085336587392e-05,6.278596060838026e-07,1599,
51,0.000607204157859087,5.007020808989182e-05,7.080211616994347e-07,1609,
51,,,,1611,0.0006035143160261214
52,0.0006124898791313171,5.179634899832308e-05,7.090368399076397e-07,1619,
52,0.0005942309508100152,5.111388236400671e-05,6.961633403079759e-07,1629,
52,0.0006054409313946962,4.8270994739141315e-05,7.456322350662958e-07,1639,
52,,,,1642,0.0005928083555772901
53,0.0006132121197879314,5.307321043801494e-05,7.18346996109176e-07,1649,
53,0.0005853335605934262,4.9492624384583905e-05,6.81877281749621e-07,1659,
53,0.0005989960627630353,4.95418680657167e-05,6.863359658382251e-07,1669,
53,,,,1673,0.0005825568223372102
54,0.0005856291390955448,4.5998996938578784e-05,6.731337975907081e-07,1679,
54,0.0005869727465324104,4.875250670011155e-05,6.845228313068219e-07,1689,
54,0.0005473046330735087,4.6442426537396386e-05,5.741109703194525e-07,1699,
54,,,,1704,0.0005727240932174027
55,0.0005699788453057408,4.418410753714852e-05,6.616099312850565e-07,1709,
55,0.0005783491651527584,4.890122727374546e-05,6.832080998719903e-07,1719,
55,0.0005770117277279496,4.713365706265904e-05,6.531347480631666e-07,1729,
55,,,,1735,0.000563276291359216
56,0.0005389143479987979,4.462464858079329e-05,5.887805514248612e-07,1739,
56,0.0005440947716124356,4.6251701860455796e-05,5.514690428753966e-07,1749,
56,0.0005446390132419765,4.490960418479517e-05,6.168974664433335e-07,1759,
56,,,,1766,0.0005541815189644694
57,0.0005656186840496957,4.5945907913846895e-05,6.278727937569784e-07,1769,
57,0.0005462277331389487,4.350702874944545e-05,5.932672593189636e-07,1779,
57,0.0005271824775263667,4.3071700929431245e-05,5.92203662108659e-07,1789,
57,,,,1797,0.0005454100319184363
58,0.000537258805707097,4.4023898226441815e-05,5.774396640845225e-07,1799,
58,0.0005395479965955019,4.555043778964318e-05,6.209510843291355e-07,1809,
58,0.0005217809230089188,4.0774346416583285e-05,5.51443122276396e-07,1819,
58,,,,1828,0.0005369329592213035
59,0.0005603997851721942,4.277665357221849e-05,6.13065026300319e-07,1829,
59,0.0005238482262939215,4.1899933421518654e-05,5.61911974727991e-07,1839,
59,0.0005144852329976857,4.225403245072812e-05,5.361404191717156e-07,1849,
59,0.00036824209382757545,3.456404010648839e-05,3.1851639104019114e-09,1859,
59,,,,1859,0.0005287235253490508
60,0.0005345873069018126,4.1747523937374353e-05,5.765737682850158e-07,1869,
60,0.0005301227211020887,4.083972817170434e-05,5.441203825284902e-07,1879,
60,0.0005016791983507574,3.937653309549205e-05,4.918673539577867e-07,1889,
60,,,,1890,0.0005207544309087098
61,0.0005035679205320776,4.05855753342621e-05,5.41755923677556e-07,1899,
61,0.0005008117877878249,3.997412932221778e-05,4.900792873741011e-07,1909,
61,0.0005152843659743667,4.0518250898458064e-05,5.488235501616145e-07,1919,
61,,,,1921,0.0005129995406605303
62,0.00052070920355618,4.0800288843456656e-05,5.386279440244834e-07,1929,
62,0.0005009391461499035,4.0811486542224884e-05,5.354593781703443e-07,1939,
62,0.0005128783523105085,3.8606871385127306e-05,5.833844056724047e-07,1949,
62,,,,1952,0.0005054346402175725
63,0.0005205721245147288,4.260877540218644e-05,5.657201995745709e-07,1959,
63,0.000500401365570724,3.974534047301859e-05,5.366039204091066e-07,1969,
63,0.0005105271120555699,4.070509385201149e-05,5.43072928849142e-07,1979,
63,,,,1983,0.0004980386584065855
64,0.0004994231858290732,3.803381332545541e-05,5.250092840469733e-07,1989,
64,0.0004965858533978462,3.993625796283595e-05,5.363393142943096e-07,1999,
64,0.00046940334141254425,3.8268877688096836e-05,4.571164993194543e-07,2009,
64,,,,2014,0.0004907919792458415
65,0.00048718348261900246,3.666425618575886e-05,5.141075689607533e-07,2019,
65,0.000492868828587234,4.070782597409561e-05,5.443029635898711e-07,2029,
65,0.0004932060255669057,3.935120184905827e-05,5.359252099879086e-07,2039,
65,,,,2045,0.00048367466661147773
66,0.0004635151708498597,3.6583089240593836e-05,4.6664897013215523e-07,2049,
66,0.0004680114798247814,3.813458533841185e-05,4.547474361515924e-07,2059,
66,0.00046472143731079996,3.7657224311260507e-05,4.914512601317256e-07,2069,
66,,,,2076,0.0004766656784340739
67,0.0004811585240531713,3.8585269066970795e-05,5.119553065924265e-07,2079,
67,0.000468015787191689,3.596809256123379e-05,4.93522406941338e-07,2089,
67,0.0004509525606408715,3.648407800938003e-05,4.771564476868662e-07,2099,
67,,,,2107,0.00046974423457868397
68,0.00046255739289335907,3.783509600907564e-05,4.780359859068994e-07,2109,
68,0.0004633408389054239,3.883373210555874e-05,5.120411969983252e-07,2119,
68,0.00044608567259274423,3.524520798237063e-05,4.5088299316375924e-07,2129,
68,,,,2138,0.0004628929600585252
69,0.0004811795079149306,3.645351171144284e-05,5.077841933598393e-07,2139,
69,0.0004481935466174036,3.677109634736553e-05,4.6638464823445247e-07,2149,
69,0.0004423597711138427,3.6236004234524444e-05,4.4005369659316784e-07,2159,
69,0.0003194419841747731,3.041115814994555e-05,2.906308527172996e-09,2169,
69,,,,2169,0.00045609971857629716
70,0.000458814378362149,3.703600668814033e-05,4.812117708752339e-07,2179,
70,0.00045726390089839697,3.563692371244542e-05,4.548479921595572e-07,2189,
70,0.0004336120910011232,3.3493713999632746e-05,4.2791472765202343e-07,2199,
70,,,,2200,0.0004493582237046212
71,0.0004318983410485089,3.639889109763317e-05,4.5114410340829636e-07,2209,
71,0.00043135849409736693,3.476332130958326e-05,4.257101409166353e-07,2219,
71,0.0004422102647367865,3.59466030204203e-05,4.721492246062553e-07,2229,
71,,,,2231,0.0004426664672791958
72,0.00044903659727424383,3.675989501061849e-05,4.541119267287286e-07,2239,
72,0.00042756047332659364,3.624241435318254e-05,4.547085552530916e-07,2249,
72,0.00043884466867893934,3.4403081372147426e-05,5.022677100896544e-07,2259,
72,,,,2262,0.00043602316873148084
73,0.00044759034062735736,3.853671660181135e-05,4.879974540017429e-07,2269,
73,0.0004314497346058488,3.611149077187292e-05,4.649205891382735e-07,2279,
73,0.0004403393540997058,3.683707836898975e-05,4.7231856115104165e-07,2289,
73,,,,2293,0.0004294256796129048
74,0.0004305527254473418,3.579227995942347e-05,4.486668103709235e-07,2299,
74,0.0004221040871925652,3.6366232961881906e-05,4.6061103375905077e-07,2309,
74,0.00040273426566272974,3.496503995847888e-05,3.988313324043702e-07,2319,
74,,,,2324,0.0004228660836815834
75,0.00041987327858805656,3.50265036104247e-05,4.389856371744827e-07,2329,
75,0.0004230391641613096,3.801045022555627e-05,4.734413892037992e-07,2339,
75,0.00042198406299576163,3.67215798178222e-05,4.749011850435636e-07,2349,
75,,,,2355,0.0004163307894486934
76,0.0003991904959548265,3.46426350006368e-05,4.039504233332991e-07,2359,
76,0.0004011820419691503,3.521122926031239e-05,4.033667266867269e-07,2369,
76,0.00039621200994588435,3.4985001548193395e-05,4.269782323262916e-07,2379,
76,,,,2386,0.0004098032077308744
77,0.0004080281942151487,3.809891495620832e-05,4.504240393998771e-07,2389,
77,0.0003994620929006487,3.265029226895422e-05,4.4024767476003035e-07,2399,
77,0.00038495141780003905,3.502124673104845e-05,4.198650458420161e-07,2409,
77,,,,2417,0.0004032691940665245
78,0.0003972237173002213,3.572462810552679e-05,4.2188659676867246e-07,2419,
78,0.0003976963344030082,3.7050791434012353e-05,4.5162207129578746e-07,2429,
78,0.00037877121940255165,3.272308094892651e-05,3.9887325442578003e-07,2439,
78,,,,2448,0.0003967229858972132
79,0.0004112503374926746,3.7060934118926525e-05,4.4852691871710704e-07,2449,
79,0.0003799385449383408,3.437538543948904e-05,4.1453674270997e-07,2459,
79,0.000377783493604511,3.4663033147808164e-05,3.871585931847221e-07,2469,
79,0.00028792419470846653,2.8435737476684153e-05,2.645821783886504e-09,2479,
79,,,,2479,0.00039017293602228165
80,0.00039181526517495513,3.565511360648088e-05,4.250606480127317e-07,2489,
80,0.0003914132830686867,3.304642814327963e-05,4.045603532176756e-07,2499,
80,0.00036946102045476437,3.093762643402442e-05,3.884208581439452e-07,2509,
80,,,,2510,0.00038364369538612664
81,0.00036800431553274393,3.556750016286969e-05,4.007326595001359e-07,2519,
81,0.00036528066266328096,3.2798889151308686e-05,3.8540642322004715e-07,2529,
81,0.00037473844713531435,3.36995035468135e-05,4.2548396095298813e-07,2539,
81,,,,2541,0.0003771666088141501
82,0.00038251435034908354,3.42966231983155e-05,4.0229278397418966e-07,2549,
82,0.0003606041718740016,3.425972681725398e-05,4.05052077212531e-07,2559,
82,0.00037042656913399696,3.1804211175767705e-05,4.5167888629293884e-07,2569,
82,,,,2572,0.0003707646101247519
83,0.0003820446436293423,3.756802107091062e-05,4.3607116140265134e-07,2579,
83,0.0003672899620141834,3.398808985366486e-05,4.17590399592882e-07,2589,
83,0.00037477040314115584,3.440216096350923e-05,4.2593325133566395e-07,2599,
83,,,,2603,0.0003644304524641484
84,0.00036505499156191945,3.245113111915998e-05,4.0006344192988763e-07,2609,
84,0.00035540098906494677,3.472303069429472e-05,4.129216222281684e-07,2619,
84,0.0003393022052478045,3.3071435609599575e-05,3.596543081130221e-07,2629,
84,,,,2634,0.0003581352939363569
85,0.00035567418672144413,3.438474232098088e-05,3.917598689895385e-07,2639,
85,0.00035747248330153525,3.4793763916241005e-05,4.2473229200368223e-07,2649,
85,0.0003552898415364325,3.506820212351158e-05,4.3159766960343404e-07,2659,
85,,,,2665,0.00035185753949917853
86,0.00033783999970182776,3.238843419239856e-05,3.6279365644986683e-07,2669,
86,0.0003372718347236514,3.2779902539914474e-05,3.6620829746425443e-07,2679,
86,0.0003333690110594034,3.346557423355989e-05,3.835095867543714e-07,2689,
86,,,,2696,0.00034560172935016453
87,0.0003396862593945116,3.5458891943562776e-05,4.064986853791197e-07,2699,
87,0.0003366104792803526,3.1455459975404665e-05,4.0060058381641284e-07,2709,
87,0.0003238126519136131,3.2543273846386e-05,3.8100623100945086e-07,2719,
87,,,,2727,0.0003393807273823768
88,0.00033701976644806564,3.454884426901117e-05,3.8052218087614165e-07,2729,
88,0.00033675113809295,3.344833021401428e-05,4.067181009759224e-07,2739,
88,0.0003183115622960031,3.12280681100674e-05,3.6151908489046036e-07,2749,
88,,,,2758,0.0003332024207338691
89,0.00034618290374055505,3.435636972426437e-05,4.0497863551536284e-07,2759,
89,0.0003173919685650617,3.341537740197964e-05,3.7833510191376263e-07,2769,
89,0.0003180906060151756,3.2513984479010105e-05,3.4869304954554536e-07,2779,
89,0.0002563738089520484,2.441692959109787e-05,2.1963681984260575e-09,2789,
89,,,,2789,0.00032707571517676115
90,0.0003295807691756636,3.372461651451886e-05,3.817834510755347e-07,2799,
90,0.00033118764986284077,3.16264049615711e-05,3.6539839243232564e-07,2809,
90,0.0003085877397097647,2.9686285415664315e-05,3.5442644730210304e-07,2819,
90,,,,2820,0.0003210226714145392
91,0.00030520628206431866,3.465931149548851e-05,3.646250092970149e-07,2829,
91,0.00030118285212665796,3.166732130921446e-05,3.513339947858185e-07,2839,
91,0.0003134818107355386,3.240764272050001e-05,3.865127951030445e-07,2849,
91,,,,2851,0.0003150847624056041
92,0.00031591125298291445,3.3349562727380544e-05,3.6311928397481097e-07,2859,
92,0.0003003738820552826,3.325028228573501e-05,3.6586112628356204e-07,2869,
92,0.00031136954203248024,3.0674007575726137e-05,4.106127562408801e-07,2879,
92,,,,2882,0.0003093079139944166
93,0.00031952225253917277,3.5338682209840044e-05,3.9372420701511146e-07,2889,
93,0.0003065652272198349,3.4385993785690516e-05,3.773365051529254e-07,2899,
93,0.000314587727189064,3.2370619010180235e-05,3.88193882372434e-07,2909,
93,,,,2913,0.0003036688722204417
94,0.0003039971925318241,3.183596709277481e-05,3.633891765275621e-07,2919,
94,0.00029613901278935373,3.467358328634873e-05,3.767629266349104e-07,2929,
94,0.00028223873232491314,3.153211218887009e-05,3.291416135198233e-07,2939,
94,,,,2944,0.00029804432415403426
95,0.0002947218017652631,3.1134692108025774e-05,3.573925084765506e-07,2949,
95,0.00029701762832701206,3.383284274605103e-05,3.8358405163307907e-07,2959,
95,0.00029665447073057294,3.5017350455746055e-05,3.9662879203206103e-07,2969,
95,,,,2975,0.0002923478023149073
96,0.00028338521951809525,3.225500768166967e-05,3.318459960155451e-07,2979,
96,0.0002782054652925581,3.238688441342674e-05,3.370230388100026e-07,2989,
96,0.00027871059137396514,3.248698340030387e-05,3.5013545129913837e-07,2999,
96,,,,3006,0.00028665189165621996
97,0.0002791712468024343,3.228087007300928e-05,3.721555685842759e-07,3009,
97,0.0002799718640744686,3.0325825719046406e-05,3.6825971960752213e-07,3019,
97,0.00026856164913624525,3.191759606124833e-05,3.5017478694499005e-07,3029,
97,,,,3037,0.00028103875229135156
98,0.00027626840164884925,3.292965266155079e-05,3.4951770544466854e-07,3039,
98,0.00027734547620639205,3.150832708342932e-05,3.708157976234361e-07,3049,
98,0.0002638988080434501,2.9741722755716182e-05,3.31587528989985e-07,3059,
98,,,,3068,0.00027550384402275085
99,0.0002881995460484177,3.181240754202008e-05,3.724433099705493e-07,3069,
99,0.00026152105419896543,3.1868457881500944e-05,3.5178814528080693e-07,3079,
99,0.00026390189304947853,3.209306669305079e-05,3.202651157607761e-07,3089,
99,0.00021966008353047073,2.029792631219607e-05,1.7325058054851183e-09,3099,
99,,,,3099,0.00027000991394743323
100,0.0002714282600209117,3.154815567540936e-05,3.4649698932298634e-07,3109,
100,0.00027329035219736397,2.942249375337269e-05,3.341315846228099e-07,3119,
100,0.00025366173940710723,3.0176077416399494e-05,3.26106032844109e-07,3129,
100,,,,3130,0.0002645173226483166
101,0.00025146931875497103,3.267869396950118e-05,3.370876413555379e-07,3139,
101,0.00024655781453475356,2.9887925848015584e-05,3.2377590741816675e-07,3149,
101,0.0002560831781011075,3.1697771191829816e-05,3.5379667906454415e-07,3159,
101,,,,3161,0.00025901509798131883
102,0.000258144544204697,3.136382292723283e-05,3.3363161833221966e-07,3169,
102,0.00024645536905154586,3.0606759537477046e-05,3.344913181990705e-07,3179,
102,0.00025672459742054343,3.0165105272317305e-05,3.771548051645368e-07,3189,
102,,,,3192,0.00025352599914185703
103,0.00026302511105313897,3.273297261330299e-05,3.585230956559826e-07,3199,
103,0.00025145537802018225,3.260878656874411e-05,3.436630322539713e-07,3209,
103,0.00025778356939554214,3.0182727641658857e-05,3.5798376529783127e-07,3219,
103,,,,3223,0.00024813818163238466
104,0.000250997138209641,2.9679145882255398e-05,3.33774409000398e-07,3229,
104,0.0002458656672388315,3.1325140298577026e-05,3.4828838124667527e-07,3239,
104,0.0002324507659068331,2.936222699645441e-05,3.052931560887373e-07,3249,
104,,,,3254,0.0002429886080790311
105,0.00024246804241556674,2.916899939009454e-05,3.298635817827744e-07,3259,
105,0.0002454311470501125,3.165262387483381e-05,3.4999249010070344e-07,3269,
105,0.00024348085571546108,3.101388210779987e-05,3.6615568888009875e-07,3279,
105,,,,3285,0.00023812420840840787
106,0.00023063208209350705,2.931681774498429e-05,3.070048819608928e-07,3289,
106,0.00022749793424736708,2.8678628950729035e-05,3.143113644910045e-07,3299,
106,0.000229638593737036,2.8991978979320265e-05,3.2306647312907444e-07,3309,
106,,,,3316,0.00023357963073067367
107,0.00022929564875084907,2.858470907085575e-05,3.423074588226882e-07,3319,
107,0.00023074992350302637,2.7624875656329095e-05,3.407569124647125e-07,3329,
107,0.00022010179236531258,2.7560396119952202e-05,3.237483952034381e-07,3339,
107,,,,3347,0.00022937683388590813
108,0.00022480970073956996,2.839701483026147e-05,3.227890772450337e-07,3349,
108,0.0002276891318615526,2.8422129616956227e-05,3.4035826956824167e-07,3359,
108,0.00021847964671906084,2.685213075892534e-05,3.052965098504501e-07,3369,
108,,,,3378,0.00022522597282659262
109,0.00023712038819212466,2.8168127755634487e-05,3.4297249840165023e-07,3379,
109,0.0002148169296560809,2.85124024230754e-05,3.2944529948508716e-07,3389,
109,0.0002158234710805118,2.800681431835983e-05,2.9517838129322627e-07,3399,
109,0.00017835131438914686,2.0014760593767278e-05,1.3202652304755702e-09,3409,
109,,,,3409,0.00022091952268965542
110,0.0002232213446404785,2.7709509595297277e-05,3.1408521294906677e-07,3419,
110,0.0002227303193649277,2.5964971428038552e-05,3.038361739982065e-07,3429,
110,0.0002088930777972564,2.6443478418514132e-05,3.0059487698963494e-07,3439,
110,,,,3440,0.00021662810468114913
111,0.00020609518105629832,2.8230453608557582e-05,3.116348636922339e-07,3449,
111,0.00020184862660244107,2.5359480787301436e-05,2.9796717626595637e-07,3459,
111,0.0002100561687257141,2.746657446550671e-05,3.223512976546772e-07,3469,
111,,,,3471,0.00021243092487566173
112,0.00021160703909117728,2.7470223358250223e-05,3.053011141673778e-07,3479,
112,0.00020271696848794818,2.686115294636693e-05,3.046206700219045e-07,3489,
112,0.00021058859420008957,2.655217031133361e-05,3.4294887996111356e-07,3499,
112,,,,3502,0.0002083227300317958
113,0.00021757920330855995,2.937524186563678e-05,3.244921060741035e-07,3509,
113,0.0002074136136798188,2.8240294341230765e-05,3.1048432447278174e-07,3519,
113,0.00021265976829454303,2.749118721112609e-05,3.267037698151398e-07,3529,
113,,,,3533,0.0002043018612312153
114,0.0002072715578833595,2.7444917577668093e-05,3.040850060642697e-07,3539,
114,0.0002032987104030326,2.7145224521518685e-05,3.184587171745079e-07,3549,
114,0.0001928859855979681,2.566496368672233e-05,2.794754152546375e-07,3559,
114,,,,3564,0.00020040254457853734
115,0.0002000903623411432,2.5914443540386856e-05,3.0034297537895327e-07,3569,
115,0.00020124041475355625,2.79934611171484e-05,3.1614717954653315e-07,3579,
115,0.00020013564790133387,2.6667030397220515e-05,3.318057224532822e-07,3589,
115,,,,3595,0.00019662755948957056
116,0.00018894445383921266,2.6985293516190723e-05,2.8061745638297e-07,3599,
116,0.00018695449398364872,2.5480014301138e-05,2.9019045655331865e-07,3609,
116,0.00018880398420151323,2.5391325834789313e-05,2.945986636859743e-07,3619,
116,,,,3626,0.0001929071731865406
117,0.0001886312966234982,2.5583298338460736e-05,3.078838801684469e-07,3629,
117,0.00018941382586490363,2.482439776940737e-05,3.1005507139525434e-07,3639,
117,0.0001809548557503149,2.4119242880260572e-05,2.9411231139420124e-07,3649,
117,,,,3657,0.00018918493879027665
118,0.00018510223890189081,2.754411252681166e-05,2.916509629358188e-07,3659,
118,0.00018804198771249503,2.4921875592553988e-05,3.0633617598141427e-07,3669,
118,0.0001796421129256487,2.427044637443032e-05,2.773892333607364e-07,3679,
118,,,,3688,0.00018549228843767196
119,0.00019742941367439926,2.6147550670430064e-05,3.0819620633337763e-07,3689,
119,0.00017786087119020522,2.599502658995334e-05,3.020664109953941e-07,3699,
119,0.00017698726151138544,2.536942520237062e-05,2.687332596451597e-07,3709,
119,0.0001344957563560456,1.6952608348219655e-05,1.017350426124608e-09,3719,
119,,,,3719,0.00018185532826464623
120,0.00018445502792019397,2.5456785806454718e-05,2.8147306352366286e-07,3729,
120,0.00018257593910675496,2.4195183868869208e-05,2.7301226168674475e-07,3739,
120,0.00017215432308148593,2.400649100309238e-05,2.7472361807667767e-07,3749,
120,,,,3750,0.0001782341132638976
121,0.00016965893155429512,2.479794784449041e-05,2.8439148991310503e-07,3759,
121,0.00016474543372169137,2.2718426407664083e-05,2.7177711103831825e-07,3769,
121,0.00017260448657907546,2.5543049559928477e-05,2.9130771395102784e-07,3779,
121,,,,3781,0.0001745974295772612
122,0.00017731475236359984,2.7222238713875413e-05,2.7589163664742955e-07,3789,
122,0.00016660609981045127,2.4570070308982395e-05,2.747143810211128e-07,3799,
122,0.00017266189388465136,2.4039190975599922e-05,3.089162419200875e-07,3809,
122,,,,3812,0.00017097477393690497
123,0.00017586775356903672,2.714474976528436e-05,2.9190340455897967e-07,3819,
123,0.00016858756134752184,2.5923605790012516e-05,2.7901518251383095e-07,3829,
123,0.00017533205391373485,2.5234383429051377e-05,2.950995110495569e-07,3839,
123,,,,3843,0.00016745232278481126
124,0.0001714281679596752,2.6022669771919027e-05,2.7431582338977023e-07,3849,
124,0.00016690776101313531,2.475248766131699e-05,2.8789588668587385e-07,3859,
124,0.0001592340850038454,2.3336935555562377e-05,2.535747967158386e-07,3869,
124,,,,3874,0.00016410967509727925
125,0.00016311186482198536,2.5130697395070456e-05,2.704558141886082e-07,3879,
125,0.00016378852888010442,2.5840799935394898e-05,2.842839705863298e-07,3889,
125,0.00016172313189599663,2.4213311917264946e-05,2.9739598517153354e-07,3899,
125,,,,3905,0.00016085912648122758
126,0.0001510174188297242,2.4296137780766003e-05,2.5596906993996527e-07,3909,
126,0.0001508041750639677,2.2870333850733005e-05,2.662667100139515e-07,3919,
126,0.00015284857363440096,2.2817768694949336e-05,2.6591476398607483e-07,3929,
126,,,,3936,0.00015741803508717567
127,0.00015274458564817905,2.3529397367383353e-05,2.754053127773659e-07,3939,
127,0.00015192554565146565,2.2925200028112158e-05,2.808227748118952e-07,3949,
127,0.0001460074126953259,2.1839337932760827e-05,2.656319679772423e-07,3959,
127,,,,3967,0.00015371860354207456
128,0.00014814274618402123,2.6698155124904588e-05,2.6212555326310394e-07,3969,
128,0.00014894270861987025,2.3732727640890516e-05,2.7523682888386247e-07,3979,
128,0.00014446306158788502,2.2089496269472875e-05,2.5223911848115677e-07,3989,
128,,,,3998,0.00014983402797952294
129,0.0001590476167621091,2.4931045118137263e-05,2.753469630079053e-07,3999,
129,0.000142876582685858,2.2837049982626922e-05,2.7409879521655967e-07,4009,
129,0.00014040866517461836,2.2562462618225254e-05,2.447243048209202e-07,4019,
129,9.55237919697538e-05,1.6248799511231482e-05,8.391095596138598e-10,4029,
129,,,,4029,0.00014586547331418842
130,0.00014611419464927167,2.3191400032374077e-05,2.514268828690547e-07,4039,
130,0.00014570524217560887,2.117462281603366e-05,2.4495258799106523e-07,4049,
130,0.00013694449444301426,2.160082476621028e-05,2.512438470603229e-07,4059,
130,,,,4060,0.0001420296757714823
131,0.00013656599912792444,2.249341741844546e-05,2.5902980382852547e-07,4069,
131,0.00013183779083192348,1.961524503713008e-05,2.4824393562994373e-07,4079,
131,0.00013801234308630228,2.339418097108137e-05,2.642739787006576e-07,4089,
131,,,,4091,0.00013857978046871722
132,0.00013965682592242956,2.2563786842511036e-05,2.4987105007312493e-07,4099,
132,0.0001316603011218831,2.1751035092165694e-05,2.484913466105354e-07,4109,
132,0.00013587239664047956,2.2017466108081862e-05,2.7716316708392696e-07,4119,
132,,,,4122,0.00013553760072682053
133,0.00013783744361717254,2.327558831893839e-05,2.639478964283626e-07,4129,
133,0.0001326580677414313,2.2591088054468855e-05,2.5323552677036787e-07,4139,
133,0.0001394324644934386,2.2676327716908418e-05,2.657453705978696e-07,4149,
133,,,,4153,0.00013217347441241145
134,0.0001371555117657408,2.350305840082001e-05,2.4788545260889805e-07,4159,
134,0.00013353141548577696,2.144453173968941e-05,2.6151579390898405e-07,4169,
134,0.00012612440332304686,2.0656863853218965e-05,2.288312543896609e-07,4179,
134,,,,4184,0.00012910700752399862
135,0.0001303731551161036,2.263730129925534e-05,2.4379735918955703e-07,4189,
135,0.0001274176756851375,2.263085298181977e-05,2.557466416419629e-07,4199,
135,0.00012798442912753671,2.1112176909809932e-05,2.667891578767012e-07,4209,
135,,,,4215,0.00012606782547663897
136,0.0001195810255012475,2.075382144539617e-05,2.3469627308259078e-07,4219,
136,0.00012039733701385558,2.2837344658910297e-05,2.439578281610011e-07,4229,
136,0.00011805121903307736,1.958045868377667e-05,2.396463401055371e-07,4239,
136,,,,4246,0.00012326838623266667
137,0.00012249329301994294,2.094481715175789e-05,2.4758136873970216e-07,4249,
137,0.00011962551070610061,2.04241896426538e-05,2.547214421610988e-07,4259,
137,0.00011517224629642442,1.9553435777197592e-05,2.4005257159842586e-07,4269,
137,,,,4277,0.00012074576079612598
138,0.00011745043593691662,2.233071245427709e-05,2.3794544290467456e-07,4279,
138,0.00011846095003420487,2.1152598492335528e-05,2.487103643034061e-07,4289,
138,0.00011489155440358445,1.9028078895644285e-05,2.290991574227519e-07,4299,
138,,,,4308,0.00011882768740179017
139,0.00012544592027552426,2.1994757844367996e-05,2.4647576424285944e-07,4309,
139,0.00011755670857382938,2.1817590095452033e-05,2.489327357579896e-07,4319,
139,0.00011130727943964303,1.8643002476892434e-05,2.2393516019292292e-07,4329,
139,7.200871186796576e-05,1.3097996088617947e-05,6.963344345578548e-10,4339,
139,,,,4339,0.00011716401786543429
140,0.0001181036641355604,2.0266432329663076e-05,2.2666648646918475e-07,4349,
140,0.0001155306090367958,1.7454205590183847e-05,2.203961599889226e-07,4359,
140,0.00010933414887404069,1.738998071232345e-05,2.310607527533648e-07,4369,
140,,,,4370,0.00011577532131923363
141,0.00011122770956717432,1.8591705156723037e-05,2.3604538057497848e-07,4379,
141,0.00010826789366547018,1.715586768114008e-05,2.2735194704637252e-07,4389,
141,0.00011043214908568189,1.8550101231085137e-05,2.4171791324079095e-07,4399,
141,,,,4401,0.0001141688771895133
142,0.00011252924014115706,1.8023301890934817e-05,2.2671886767966498e-07,4409,
142,0.00010858794121304527,1.844534563133493e-05,2.2532532284458284e-07,4419,
142,0.00011030587484128773,1.8261405784869567e-05,2.5006420401041396e-07,4429,
142,,,,4432,0.00011162450391566381
143,0.00011074926442233846,1.9923678337363526e-05,2.401231142812321e-07,4439,
143,0.00010816804569913074,1.8946959244203754e-05,2.313970952627642e-07,4449,
143,0.00011361314682289958,1.814389179344289e-05,2.400223024778825e-07,4459,
143,,,,4463,0.00010886381642194465
144,0.00011318179895170033,1.807878288673237e-05,2.253030402243894e-07,4469,
144,0.00011036272917408496,1.7980388292926364e-05,2.387560584793391e-07,4479,
144,0.00010387357178842649,1.6632055121590383e-05,2.0734486838591693e-07,4489,
144,,,,4494,0.00010638816456776112
145,0.00010649723844835535,1.7199365174747072e-05,2.2115048636806023e-07,4499,
145,0.00010706786997616291,1.8982160327141173e-05,2.3129692294787674e-07,4509,
145,0.00010649869363987818,1.7952050257008523e-05,2.4088362238217087e-07,4519,
145,,,,4525,0.00010441870108479634
146,9.962105832528323e-05,1.7245874914806336e-05,2.1642398451149347e-07,4529,
146,9.998110181186348e-05,1.6656411389703862e-05,2.2531820320637053e-07,4539,
146,9.96650560409762e-05,1.707341471046675e-05,2.1782831538530445e-07,4549,
146,,,,4556,0.00010298578126821667
147,0.00010130099690286443,1.8541888493928127e-05,2.2505622609969578e-07,4559,
147,0.00010181178367929533,1.862631870608311e-05,2.3282611039121548e-07,4569,
147,9.640752978157252e-05,1.5327095752581954e-05,2.1873542266348522e-07,4579,
147,,,,4587,0.00010167498112423345
148,9.928060171660036e-05,1.8599290342535824e-05,2.1881385237065842e-07,4589,
148,0.00010098906204802915,1.7455322449677624e-05,2.2661197363049723e-07,4599,
148,0.00010034553270088509,1.7529708202346228e-05,2.1083297951918212e-07,4609,
148,,,,4618,0.00010039041080744937
149,0.00010434160503791645,1.7312164345639758e-05,2.2374953800863295e-07,4619,
149,9.623449295759201e-05,1.6052339560701512e-05,2.274460655371513e-07,4629,
149,9.666843106970191e-05,1.6516829418833368e-05,2.0791480892512482e-07,4639,
149,5.937731111771427e-05,1.042552958097076e-05,6.032803145927801e-10,4649,
149,,,,4649,9.898799180518836e-05
150,0.00010068714618682861,1.8150065443478525e-05,2.0791679844478494e-07,4659,
150,9.718393994262442e-05,1.456646259612171e-05,2.0059283656337357e-07,4669,
150,9.274890180677176e-05,1.4998120605014265e-05,2.152421529899584e-07,4679,
150,,,,4680,9.771099576028064e-05
151,9.476210834691301e-05,1.7483527699369006e-05,2.1805686856168904e-07,4689,
151,9.63966449489817e-05,1.6303782103932463e-05,2.1158206209292985e-07,4699,
151,9.541743929730728e-05,1.6135496480274014e-05,2.2389640719211457e-07,4709,
151,,,,4711,9.64615901466459e-05
152,9.654376481194049e-05,1.5743553376523778e-05,2.08059404371852e-07,4719,
152,9.415389649802819e-05,1.6334101019310765e-05,2.0799632238777122e-07,4729,
152,9.670681902207434e-05,1.6644173228996806e-05,2.2930450427338656e-07,4739,
152,,,,4742,9.537954611005262e-05
153,9.596638847142458e-05,1.626175617275294e-05,2.2105537311745138e-07,4749,
153,9.187695104628801e-05,1.512194921815535e-05,2.1477256950674928e-07,4759,
153,9.879464778350666e-05,1.6218151358771138e-05,2.2070832983445143e-07,4769,
153,,,,4773,9.432926890440285e-05
154,9.607724496163428e-05,1.5134524801396765e-05,2.0813831724808551e-07,4779,
154,9.801024134503677e-05,1.63478671311168e-05,2.2201531635346328e-07,4789,
154,8.98726939340122e-05,1.4255727364798076e-05,1.9176323462488654e-07,4799,
154,,,,4804,9.304883860750124e-05
155,9.397896064911038e-05,1.558055737405084e-05,2.0542789513910975e-07,4809,
155,9.187953401124105e-05,1.6132402379298583e-05,2.1309128328539373e-07,4819,
155,9.345938451588154e-05,1.581031574460212e-05,2.220334636149346e-07,4829,
155,,,,4835,9.156046871794388e-05
156,8.877203799784184e-05,2.0229306755936705e-05,2.032488168879354e-07,4839,
156,8.804584649624303e-05,1.7977885363507085e-05,2.113920771762423e-07,4849,
156,8.677146979607642e-05,1.5271089068846777e-05,2.0199941275222955e-07,4859,
156,,,,4866,9.346267324872315e-05
157,9.078952280106023e-05,2.4574588678660803e-05,2.0942017897596088e-07,4869,
157,8.941321721067652e-05,2.6046434868476354e-05,2.1602529898245848e-07,4879,
157,8.49497810122557e-05,1.4004962395119946e-05,2.032168566756809e-07,4889,
157,,,,4897,9.121956827584654e-05
158,8.975048694992438e-05,2.6603311198414303e-05,2.051254455182061e-07,4899,
158,9.133577259490266e-05,1.7428654246032238e-05,2.1013164541727747e-07,4909,
158,8.709296525921673e-05,1.4514113900077064e-05,1.973440504343671e-07,4919,
158,,,,4928,9.058342402568087e-05
159,9.348725143354386e-05,2.0058154404978268e-05,2.0699714298189065e-07,4929,
159,8.585034083807841e-05,1.9105656974716112e-05,2.1147785389530327e-07,4939,
159,8.635288395453244e-05,1.4845238183625042e-05,1.9641171888906683e-07,4949,
159,5.205891648074612e-05,8.967276698967908e-06,5.559095406226788e-10,4959,
159,,,,4959,8.852481551002711e-05
160,8.847034041536972e-05,1.7931572074303403e-05,1.9433986153671867e-07,4969,
160,8.571068610763177e-05,1.3507243238564115e-05,1.8624751874085632e-07,4979,
160,8.240425813710317e-05,1.303547924180748e-05,2.0365719421988615e-07,4989,
160,,,,4990,8.668706868775189e-05
161,8.375791367143393e-05,1.4166357686917763e-05,2.0574441350618144e-07,4999,
161,8.236073335865512e-05,1.460357725591166e-05,1.9963154329616373e-07,5009,
161,8.428123692283407e-05,1.4599519090552349e-05,2.114309438638884e-07,5019,
161,,,,5021,8.487717423122376e-05
162,8.385171531699598e-05,1.3208053132984787e-05,1.9463489309146098e-07,5029,
162,8.040926331887022e-05,1.314715791522758e-05,1.9628646441560704e-07,5039,
162,8.47380215418525e-05,1.4256763279263396e-05,2.13385916936204e-07,5049,
162,,,,5052,8.48911950015463e-05
163,8.464969141641632e-05,1.555079325044062e-05,2.0701456548977148e-07,5059,
163,8.186858030967414e-05,1.3911670066590887e-05,2.0307297177168948e-07,5069,
163,8.521338895661756e-05,1.393220190948341e-05,2.0713073922706826e-07,5079,
163,,,,5083,8.387987327296287e-05
164,8.527433965355158e-05,1.5919673387543298e-05,1.956751560783232e-07,5089,
164,8.479960524709895e-05,1.4219734111975413e-05,2.096811044793867e-07,5099,
164,8.158521814038977e-05,1.3041247257206123e-05,1.8009582447575667e-07,5109,
164,,,,5114,8.217416325351223e-05
165,8.17131221992895e-05,1.367714776279172e-05,1.9459838540569763e-07,5119,
165,7.954576722113416e-05,1.4567674952559173e-05,1.9985741062100715e-07,5129,
165,8.219435403589159e-05,1.5172403436736204e-05,2.0804321820833138e-07,5139,
165,,,,5145,8.261107723228633e-05
166,7.639293471584097e-05,1.322539355896879e-05,1.9240283677390835e-07,5149,
166,7.92042919783853e-05,1.421283286617836e-05,2.004228321084156e-07,5159,
166,7.607918814755976e-05,1.4109237781667616e-05,1.8992493266978272e-07,5169,
166,,,,5176,8.374639583053067e-05
167,8.097786485450342e-05,1.8497074051992968e-05,1.983198956168053e-07,5179,
167,7.882464706199244e-05,1.4853415450488683e-05,2.0367795627862506e-07,5189,
167,7.675892993574962e-05,1.7417183698853478e-05,1.916986036576418e-07,5199,
167,,,,5207,8.014263585209846e-05
168,7.87611716077663e-05,1.6150203009601682e-05,1.9436302522990445e-07,5209,
168,7.846181688364595e-05,1.4829104657110292e-05,1.9818830310214253e-07,5219,
168,7.724319584667683e-05,1.2836891983170062e-05,1.8773067722577252e-07,5229,
168,,,,5238,7.914021261967719e-05
169,8.102333231363446e-05,1.3357646821532398e-05,1.9464711442651605e-07,5239,
169,7.64111100579612e-05,1.3414289242064115e-05,1.9974487486251746e-07,5249,
169,7.469144475180656e-05,1.201235136250034e-05,1.8900352927175845e-07,5259,
169,4.7113397158682346e-05,7.748012649244629e-06,5.368223643387182e-10,5269,
169,,,,5269,8.036268991418183e-05
170,7.949195423861966e-05,1.3936681170889642e-05,1.848380861702026e-07,5279,
170,7.645360165042803e-05,1.3133115317032207e-05,1.75463824803046e-07,5289,
170,7.665624434594065e-05,1.2344748029136099e-05,1.9537441175998538e-07,5299,
170,,,,5300,8.03518487373367e-05
171,7.497746264562011e-05,1.2333138329267967e-05,1.9688599195433198e-07,5309,
171,7.445604569511488e-05,1.5294146578526124e-05,1.9147232421801164e-07,5319,
171,7.836993609089404e-05,1.3571858289651573e-05,2.021089215986649e-07,5329,
171,,,,5331,8.002594404388219e-05
172,7.578977238154039e-05,1.3621931429952383e-05,1.856256801602285e-07,5339,
172,7.267174805747345e-05,1.4480268873739988e-05,1.8788608713293797e-07,5349,
172,7.624465069966391e-05,1.2386541129671969e-05,2.0174533688077645e-07,5359,
172,,,,5362,7.932467269711196e-05
173,7.611048204125836e-05,1.4335698324430268e-05,1.9678088847285835e-07,5369,
173,7.439225009875372e-05,1.2105503628845327e-05,1.94856838220403e-07,5379,
173,7.703163282712922e-05,1.303142198594287e-05,1.9729864675355202e-07,5389,
173,,,,5393,7.93720391811803e-05
174,7.951904262881726e-05,1.2865740245615598e-05,1.8678066737720656e-07,5399,
174,7.696676038904116e-05,1.3086946637486108e-05,2.0133936118327256e-07,5409,
174,7.362143514910713e-05,1.2010430509690195e-05,1.7191673862271273e-07,5419,
174,,,,5424,7.915969035821036e-05
175,7.685140735702589e-05,1.2493779649958014e-05,1.8769389953376958e-07,5429,
175,7.20559764886275e-05,1.5922509192023426e-05,1.9022462538487162e-07,5439,
175,7.429595279973e-05,1.2171807611593977e-05,1.9827616881684662e-07,5449,
175,,,,5455,7.788477523718029e-05
176,7.037787872832268e-05,1.1983534022874665e-05,1.8559623526925861e-07,5459,
176,7.211566844489425e-05,1.3292767107486725e-05,1.9318861177453073e-07,5469,
176,6.92850662744604e-05,1.1759387234633323e-05,1.8166423387810937e-07,5479,
176,,,,5486,7.675275992369279e-05
177,7.449855183949694e-05,1.2819262337870896e-05,1.9103264037312329e-07,5489,
177,7.163632835727185e-05,1.2035197869408876e-05,1.9564379272196675e-07,5499,
177,6.988226959947497e-05,1.3164559277356602e-05,1.8345369312555704e-07,5509,
177,,,,5517,7.678746624151245e-05
178,8.04077644716017e-05,1.5649042325094342e-05,1.8801375745169935e-07,5519,
178,7.156405627029017e-05,1.6173438780242577e-05,1.8977023330535303e-07,5529,
178,7.095615728758276e-05,1.2668067938648164e-05,1.812406935641775e-07,5539,
178,,,,5548,7.73476276663132e-05
179,7.860974437789991e-05,1.363011688226834e-05,1.8639396159869648e-07,5549,
179,7.038822514005005e-05,1.6727348338463344e-05,1.9180541244168126e-07,5559,
179,6.861569272587076e-05,1.1052399713662453e-05,1.8422413461394171e-07,5569,
179,4.3019899749197066e-05,6.7654814301931765e-06,5.154934257234345e-10,5579,
179,,,,5579,7.608572923345491e-05
180,7.27110673324205e-05,1.2651225915760733e-05,1.785179080115995e-07,5589,
180,6.983379716984928e-05,1.0943537745333742e-05,1.6829947924179578e-07,5599,
180,6.991426926106215e-05,1.1372952940291725e-05,1.892099703582062e-07,5609,
180,,,,5610,7.422198541462421e-05
181,6.908865907462314e-05,1.1850737791974097e-05,1.9129105055526452e-07,5619,
181,6.840016430942342e-05,1.2514894478954375e-05,1.8644367116849025e-07,5629,
181,7.166260911617428e-05,1.2269325452507474e-05,1.961576003850496e-07,5639,
181,,,,5641,7.431650737999007e-05
182,6.965782813495025e-05,1.3346565538085997e-05,1.7938918972504325e-07,5649,
182,6.664550892310217e-05,1.2377632629068103e-05,1.823265591838208e-07,5659,
182,7.037704926915467e-05,1.1182893103978131e-05,1.9391693228953955e-07,5669,
182,,,,5672,7.54497668822296e-05
183,7.040458149276674e-05,1.5093942238308955e-05,1.8993446815329662e-07,5679,
183,6.871182995382696e-05,1.1143102710775565e-05,1.8951354263663234e-07,5689,
183,7.072451990097761e-05,1.1710661055985838e-05,1.9098615666734986e-07,5699,
183,,,,5703,7.50546096242033e-05
184,7.381974864983931e-05,1.2171880371170118e-05,1.8071133922603622e-07,5709,
184,7.069972343742847e-05,1.1665702004393097e-05,1.962841764679979e-07,5719,
184,6.773001223336905e-05,1.0932873010460753e-05,1.66537020618307e-07,5729,
184,,,,5734,7.22275726730004e-05
185,7.060121424729005e-05,1.1201481356692966e-05,1.8370143095580715e-07,5739,
185,6.60463483654894e-05,1.3099692296236753e-05,1.839883623233618e-07,5749,
185,6.855750689283013e-05,1.111897927330574e-05,1.9210254720292141e-07,5759,
185,,,,5765,7.166013529058546e-05
186,6.518091686302796e-05,1.1301838640065398e-05,1.8156008252390166e-07,5769,
186,6.673899770248681e-05,1.128718849940924e-05,1.8884168184740702e-07,5779,
186,6.406515603885055e-05,1.1136024113511667e-05,1.7621430004055583e-07,5789,
186,,,,5796,7.331145752687007e-05
187,7.138438377296552e-05,1.2834610060963314e-05,1.8674560919862415e-07,5799,
187,6.633625162066892e-05,1.1402854397601914e-05,1.9057991096360638e-07,5809,
187,6.484866025857627e-05,1.1696486581058707e-05,1.7805129459702584e-07,5819,
187,,,,5827,7.44185017538257e-05
188,7.830592949176207e-05,1.579830677655991e-05,1.8382438327080308e-07,5829,
188,6.649458373431116e-05,1.4039573215995915e-05,1.8448108107804728e-07,5839,
188,6.627346010645851e-05,1.109087224904215e-05,1.770823274682698e-07,5849,
188,,,,5858,7.147937139961869e-05
189,7.236730016302317e-05,1.2878650522907265e-05,1.8145676961012214e-07,5859,
189,6.490678788395599e-05,1.3301546459842939e-05,1.8698563053476391e-07,5869,
189,6.371803465299308e-05,1.0106432455359027e-05,1.81448044145327e-07,5879,
189,3.98692864109762e-05,5.931188297836343e-06,5.056871588138279e-10,5889,
189,,,,5889,6.924558692844585e-05
190,6.711859168717638e-05,1.1172316590091214e-05,1.7462369328313798e-07,5899,
190,6.479107105406001e-05,1.037576930684736e-05,1.6401008906541392e-07,5909,
190,6.612429569941014e-05,1.1128871847176924e-05,1.8536400148150278e-07,5919,
190,,,,5920,7.039275806164369e-05
191,6.473686516983435e-05,1.1620345503615681e-05,1.881117839275248e-07,5929,
191,6.387462053680792e-05,1.0905458111665212e-05,1.8393726008980593e-07,5939,
191,6.851845682831481e-05,1.1681459909596015e-05,1.924207282399948e-07,5949,
191,,,,5951,7.15451969881542e-05
192,6.543421477545053e-05,1.3123343705956358e-05,1.7571689170381433e-07,5959,
192,6.275446503423154e-05,1.0015319276135415e-05,1.7893992776407686e-07,5969,
192,6.590993143618107e-05,1.0382954314991366e-05,1.8905494414411805e-07,5979,
192,,,,5982,7.073588494677097e-05
193,6.483970355475321e-05,1.319404964306159e-05,1.8529411249801342e-07,5989,
193,6.428405322367325e-05,1.0642231245583389e-05,1.8640888299614744e-07,5999,
193,6.568984827026725e-05,1.0271491191815585e-05,1.8726163375504257e-07,6009,
193,,,,6013,6.851486978121102e-05
194,6.708753062412143e-05,1.0694494449126069e-05,1.7719268896598805e-07,6019,
194,6.591192504856735e-05,1.15926541184308e-05,1.9372409099105425e-07,6029,
194,6.45494947093539e-05,1.007956871035276e-05,1.6331624408394418e-07,6039,
194,,,,6044,6.822649447713047e-05
195,6.654116441495717e-05,1.1343363439664245e-05,1.8198267071056762e-07,6049,
195,6.213476444827393e-05,1.1534796612977516e-05,1.7997420798110397e-07,6059,
195,6.44513129373081e-05,1.0668502909538802e-05,1.884529723383821e-07,6069,
195,,,,6075,6.875574763398618e-05
196,6.240215589059517e-05,1.1964095392613672e-05,1.7959767717456998e-07,6079,
196,6.313978519756347e-05,1.01264249678934e-05,1.866054333277134e-07,6089,
196,6.006941111991182e-05,9.395111192134209e-06,1.7297965371199098e-07,6099,
196,,,,6106,6.746999133611098e-05
197,6.367285823216662e-05,1.1231429198232945e-05,1.8485471287021937e-07,6109,
197,6.206317630130798e-05,1.0492296496522613e-05,1.8786954569804948e-07,6119,
197,6.166384264361113e-05,9.810109077079687e-06,1.7487829495621554e-07,6129,
197,,,,6137,6.662455416517332e-05
198,6.740353273926303e-05,1.2792607776646037e-05,1.8155851932988298e-07,6139,
198,6.331691110972315e-05,1.1272553820163012e-05,1.815651700098897e-07,6149,
198,6.294471677392721e-05,9.991315891966224e-06,1.745629560900852e-07,6159,
198,,,,6168,6.580033368663862e-05
199,6.653380842180923e-05,1.2389077710395213e-05,1.786414003390746e-07,6169,
199,6.228375423233956e-05,1.0906671377597377e-05,1.8445840055392182e-07,6179,
199,5.9831345424754545e-05,9.313627742812969e-06,1.8039706617400952e-07,6189,
199,3.753327837330289e-05,5.534028332476737e-06,4.985979407123864e-10,6199,
199,,,,6199,6.545818905578926e-05
200,6.354129436658695e-05,1.0389815543021541e-05,1.7228218496256886e-07,6209,
200,6.074348129914142e-05,9.00156646821415e-06,1.613507407682846e-07,6219,
200,6.148894317448139e-05,9.857907571131364e-06,1.83240530304829e-07,6229,
200,,,,6230,6.489171937573701e-05
201,5.9886573581025004e-05,1.078563855116954e-05,1.8701173587487574e-07,6239,
201,6.0570378991542384e-05,9.209663403453305e-06,1.8307414961782342e-07,6249,
201,6.364743603626266e-05,1.0795706657518167e-05,1.9050200705805764e-07,6259,
201,,,,6261,6.465905607910827e-05
202,6.12059302511625e-05,9.760117791302036e-06,1.7418548736714e-07,6269,
202,5.927866732235998e-05,9.20363800105406e-06,1.7737933433181752e-07,6279,
202,6.155419396236539e-05,9.513185432297178e-06,1.8640555765614408e-07,6289,
202,,,,6292,6.400216079782695e-05
203,6.0597070842050016e-05,9.333733942185063e-06,1.8278899460710818e-07,6299,
203,6.0639013099716976e-05,9.793594472284894e-06,1.8495052245270927e-07,6309,
203,6.165200466057286e-05,9.625455277273431e-06,1.8542866087045695e-07,6319,
203,,,,6323,6.318486703094095e-05
204,6.195012974785641e-05,1.0293893865309656e-05,1.752015066358581e-07,6329,
204,6.24567037448287e-05,9.731652426125947e-06,1.9286399322027137e-07,6339,
204,6.051868695067242e-05,9.299522389483172e-06,1.618954428295183e-07,6349,
204,,,,6354,6.297117943177e-05
205,6.290199962677434e-05,1.0908975127676968e-05,1.8164003279252938e-07,6359,
205,5.86337482673116e-05,1.3348330867302138e-05,1.780290972419607e-07,6369,
205,6.027335984981619e-05,9.666700861998834e-06,1.8676320223676157e-07,6379,
205,,,,6385,6.390826456481591e-05
206,6.153980939416215e-05,1.3716741705138702e-05,1.7887273884298338e-07,6389,
206,6.087599467718974e-05,1.6373067410313524e-05,1.8560419334789913e-07,6399,
206,5.667338700732216e-05,1.026310656015994e-05,1.7124909845733782e-07,6409,
206,,,,6416,6.59630968584679e-05
207,6.101415419834666e-05,1.7451075109420344e-05,1.847533042109717e-07,6419,
207,6.015557664795779e-05,1.303448971157195e-05,1.8711244820224238e-07,6429,
207,5.972150756861083e-05,1.0744410246843472e-05,1.7347618097574014e-07,6439,
207,,,,6447,6.20087084826082e-05
208,6.306991417659447e-05,1.2697346392087638e-05,1.8027843395884702e-07,6449,
208,5.926163066760637e-05,1.1406743396946695e-05,1.8008469737651467e-07,6459,
208,5.924846846028231e-05,1.0633292731654365e-05,1.73186180063567e-07,6469,
208,,,,6478,6.451126682804897e-05
209,6.497284630313516e-05,1.6049072655732743e-05,1.772282445244855e-07,6479,
209,6.0729165852535516e-05,1.1667220860545058e-05,1.833635536740985e-07,6489,
209,5.6834785937098786e-05,9.181725545204245e-06,1.805613862870814e-07,6499,
209,3.5836816095979884e-05,5.1803162932628766e-06,5.014913484480132e-10,6509,
209,,,,6509,6.159043550724164e-05
210,6.161224155221134e-05,1.0933375961030833e-05,1.7152080999949249e-07,6519,
210,5.716808664146811e-05,9.844972737482749e-06,1.6037355976550316e-07,6529,
210,5.697959568351507e-05,8.497729140799493e-06,1.8246245758746227e-07,6539,
210,,,,6540,6.04442939220462e-05
211,5.813595271320082e-05,1.0266486242471728e-05,1.8741673102340428e-07,6549,
211,5.6742344895610586e-05,9.9563176263473e-06,1.8315454042294732e-07,6559,
211,5.970578422420658e-05,9.60205670708092e-06,1.899497732438249e-07,6569,
211,,,,6571,5.9681660786736757e-05
212,5.803634485346265e-05,1.1327305401209742e-05,1.7367393922995689e-07,6579,
212,5.756910104537383e-05,1.0156752068724018e-05,1.7729404078181688e-07,6589,
212,5.756951213697903e-05,9.299867087975144e-06,1.8535658341534145e-07,6599,
212,,,,6602,6.18340854998678e-05
213,5.84019762754906e-05,1.2025408977933694e-05,1.8191036588177667e-07,6609,
213,5.791395960841328e-05,9.46746422414435e-06,1.8477224728030706e-07,6619,
213,5.810496804770082e-05,9.053227586264256e-06,1.849761588346155e-07,6629,
213,,,,6633,6.059356019250117e-05
214,5.8957277360605076e-05,8.60713316797046e-06,1.7482901171206322e-07,6639,
214,5.8459394495002925e-05,8.809096470940858e-06,1.9310758148094465e-07,6649,
214,5.589619104284793e-05,8.607985364506021e-06,1.6172025141258928e-07,6659,
214,,,,6664,6.085070708650164e-05
215,5.8077534049516544e-05,1.0581351489236113e-05,1.826615942945864e-07,6669,
215,5.6423978094244376e-05,9.553602467349265e-06,1.7783516170766234e-07,6679,
215,5.7098128309007734e-05,9.101026989810634e-06,1.8660213640941947e-07,6689,
215,,,,6695,5.893196430406533e-05
216,5.562467413255945e-05,9.161197340290528e-06,1.795407627014356e-07,6699,
216,5.720940316678025e-05,1.1840092156489845e-05,1.8670193924208434e-07,6709,
216,5.383225288824178e-05,1.0178661796089727e-05,1.7096847670927673e-07,6719,
216,,,,6726,5.973130464553833e-05
217,5.567837069975212e-05,1.4049716810404789e-05,1.8477250307569193e-07,6729,
217,5.613221583189443e-05,1.0128628673555795e-05,1.8717113903221616e-07,6739,
217,5.557978147407994e-05,9.394722837896552e-06,1.7357602644096914e-07,6749,
217,,,,6757,5.876996146980673e-05
218,5.9519032220123336e-05,1.0962537089653779e-05,1.8083439101701515e-07,6759,
218,5.5621527280891314e-05,9.861028956947848e-06,1.8001198043293698e-07,6769,
218,5.5801116104703397e-05,9.359124305774458e-06,1.7326716772458894e-07,6779,
218,,,,6788,5.9732712543336675e-05
219,6.009206117596477e-05,1.5170476217463147e-05,1.7731048274072236e-07,6789,
219,5.643698386847973e-05,9.983478776121046e-06,1.836246354969262e-07,6799,
219,5.367426638258621e-05,8.537926987628452e-06,1.817951442717458e-07,6809,
219,3.3624171919655055e-05,4.939063273923239e-06,5.054406893023611e-10,6819,
219,,,,6819,5.813115421915427e-05
220,5.738390245824121e-05,9.96681319520576e-06,1.7189854872867727e-07,6829,
220,5.387262353906408e-05,8.547537618142087e-06,1.6059017582392698e-07,6839,
220,5.423874972620979e-05,8.138237717503216e-06,1.8329544104744855e-07,6849,
220,,,,6850,5.910607796977274e-05
221,5.589860666077584e-05,1.0567709068709519e-05,1.8900196607773978e-07,6859,
221,5.466578295454383e-05,9.01464227354154e-06,1.848906379109394e-07,6869,
221,5.731738929171115e-05,9.81290122581413e-06,1.9106380477751372e-07,6879,
221,,,,6881,5.687488373951055e-05
222,5.442207111627795e-05,1.046449597197352e-05,1.7471595015194907e-07,6889,
222,5.363867967389524e-05,8.94319327926496e-06,1.7817431796629535e-07,6899,
222,5.4335236200131476e-05,8.36365779832704e-06,1.8582035465897206e-07,6909,
222,,,,6912,5.8192927099298686e-05
223,5.5152002460090443e-05,1.2624019291251898e-05,1.8243731858547108e-07,6919,
223,5.486365262186155e-05,8.674722266732715e-06,1.860182976543001e-07,6929,
223,5.5195818276843056e-05,8.51155255077174e-06,1.859203280218935e-07,6939,
223,,,,6943,5.674564090440981e-05
224,5.570311259361915e-05,8.029800483200233e-06,1.7561355036832538e-07,6949,
224,5.526865061256103e-05,8.170530236384366e-06,1.9481781521335506e-07,6959,
224,5.3139487135922536e-05,7.971039849508088e-06,1.627365833201111e-07,6969,
224,,,,6974,5.7418368669459596e-05
225,5.5706499551888555e-05,1.0194450624112505e-05,1.8476580976312107e-07,6979,
225,5.312378198141232e-05,8.925059773901012e-06,1.786640098089265e-07,6989,
225,5.4016094509279355e-05,8.252871339209378e-06,1.8755824271465826e-07,6999,
225,,,,7005,5.67373244848568e-05
226,5.292992864269763e-05,8.486743354296777e-06,1.8132553236682725e-07,7009,
226,5.3481260692933574e-05,1.1158131201227661e-05,1.8843113025468483e-07,7019,
226,5.128743578097783e-05,9.73188980424311e-06,1.7201415403178544e-07,7029,
226,,,,7036,5.699750181520358e-05
227,5.2885254262946546e-05,1.2518949006334879e-05,1.8637511800534412e-07,7039,
227,5.311755376169458e-05,9.309004781243857e-06,1.8831542547559366e-07,7049,
227,5.265855725156143e-05,8.405516382481437e-06,1.747351490166693e-07,7059,
227,,,,7067,5.660807073581964e-05
228,5.704967043129727e-05,1.1267265108472202e-05,1.8216665864656534e-07,7069,
228,5.269335815683007e-05,9.840958227869123e-06,1.8121272660209797e-07,7079,
228,5.3158415539655834e-05,9.331432920589577e-06,1.7449551137360686e-07,7089,
228,,,,7098,5.749286719947122e-05
229,5.78141407459043e-05,1.5443138181581162e-05,1.785871859283361e-07,7099,
229,5.4179261496756226e-05,9.673472959548235e-06,1.850670230396645e-07,7109,
229,5.106835669721477e-05,8.309617442137096e-06,1.8431670412155654e-07,7119,
229,3.241235390305519e-05,4.940717190038413e-06,5.14300546594626e-10,7129,
229,,,,7129,5.6743832828942686e-05
230,5.4829957662150264e-05,9.591803973307833e-06,1.7343074887321563e-07,7139,
230,5.1418224757071584e-05,7.472524885088205e-06,1.616765246126306e-07,7149,
230,5.1563241868279874e-05,8.982794497569557e-06,1.8517673083806585e-07,7159,
230,,,,7160,5.689798854291439e-05
231,5.450606840895489e-05,1.2017453627777286e-05,1.9196571088286873e-07,7169,
231,5.2110721298959106e-05,9.06275545276003e-06,1.8745777197182178e-07,7179,
231,5.4104169976199046e-05,8.898382475308608e-06,1.9343244161973416e-07,7189,
231,,,,7191,5.449236778076738e-05
232,5.155955659574829e-05,1.0100237886945251e-05,1.7669454166480136e-07,7199,
232,5.0479859055485576e-05,8.24733706394909e-06,1.8023440873093932e-07,7209,
232,5.149633580003865e-05,7.3399201028223615e-06,1.8743214980077028e-07,7219,
232,,,,7222,5.5029024224495515e-05
233,5.2097777370363474e-05,1.0208378625975456e-05,1.8404588786324894e-07,7229,
233,5.2086932555539533e-05,8.414653166255448e-06,1.882565641153633e-07,7239,
233,5.270796100376174e-05,7.993146937224083e-06,1.8807392621056351e-07,7249,
233,,,,7253,5.400660302257165e-05
234,5.3630679758498445e-05,7.776723577990197e-06,1.7727731460581708e-07,7259,
234,5.286860323394649e-05,7.853522220102604e-06,1.9763763248192845e-07,7269,
234,5.0749506044667214e-05,7.365738838416291e-06,1.6466232466427755e-07,7279,
234,,,,7284,5.4184467444429174e-05
235,5.325533857103437e-05,8.74477882462088e-06,1.8787271471865097e-07,7289,
235,4.9554357246961445e-05,7.513121090596542e-06,1.8068092799694568e-07,7299,
235,5.114114173920825e-05,7.407039902318502e-06,1.8968742665492755e-07,7309,
235,,,,7315,5.389631769503467e-05
236,5.053387940279208e-05,7.274366453202674e-06,1.8428598025366227e-07,7319,
236,5.0033100706059486e-05,9.183112524624448e-06,1.9123244499041903e-07,7329,
236,4.966093911207281e-05,8.490914296999108e-06,1.7412739339306427e-07,7339,
236,,,,7346,5.476161459228024e-05
237,5.141780638950877e-05,8.799506758805364e-06,1.8880241725582891e-07,7349,
237,5.122665606904775e-05,8.511222404194996e-06,1.90476640682391e-07,7359,
237,5.0390997785143554e-05,7.513736818509642e-06,1.7682613417946413e-07,7369,
237,,,,7377,5.541990321944468e-05
238,5.887067163712345e-05,1.0958576240227558e-05,1.8471908447281749e-07,7379,
238,5.1783710659947246e-05,8.455681381747127e-06,1.836362315543738e-07,7389,
238,5.059887917013839e-05,7.4044978646270465e-06,1.767439243849367e-07,7399,
238,,,,7408,5.76356724195648e-05
239,5.775625322712585e-05,1.0843322343134787e-05,1.8067996165882505e-07,7409,
239,5.1747098041232675e-05,9.428480552742258e-06,1.8767516962725495e-07,7419,
239,4.9002610467141494e-05,1.0008297067543026e-05,1.8792056266647705e-07,7429,
239,3.1610146834282205e-05,4.560698926070472e-06,5.259805369028925e-10,7439,
239,,,,7439,5.7567478506825864e-05
240,5.2787909226026386e-05,1.0669834409782197e-05,1.756916390149854e-07,7449,
240,5.0738835852826014e-05,1.186225017590914e-05,1.636627047219008e-07,7459,
240,4.944093961967155e-05,7.63104617362842e-06,1.880812021681777e-07,7469,
240,,,,7470,5.425092240329832e-05
241,4.861774868913926e-05,7.176683084253455e-06,1.9520636840297811e-07,7479,
241,4.869812255492434e-05,6.996068350417772e-06,1.9125384653762012e-07,7489,
241,5.01690519740805e-05,7.645827281521633e-06,1.955206272441501e-07,7499,
241,,,,7501,5.098749170429073e-05
242,4.938853089697659e-05,8.437119504378643e-06,1.7974394950215355e-07,7509,
242,4.93580628244672e-05,1.0730651410995051e-05,1.8339150642532331e-07,7519,
242,4.934149910695851e-05,7.65443382988451e-06,1.900615700378694e-07,7529,
242,,,,7532,5.320894342730753e-05
243,5.060018156655133e-05,1.6848209270392545e-05,1.8647445187980338e-07,7539,
243,5.073967622593045e-05,1.1203480426047463e-05,1.9135345041831897e-07,7549,
243,5.021926335757598e-05,7.916629328974523e-06,1.9112252402919694e-07,7559,
243,,,,7563,5.5320721003226936e-05
244,5.302475256030448e-05,1.1988454389211256e-05,1.8058042883239978e-07,7569,
244,5.1277897000545636e-05,1.0542166819504928e-05,2.0136607759013714e-07,7579,
244,4.9090624088421464e-05,1.0933726116491016e-05,1.6766992416705762e-07,7589,
244,,,,7594,5.458750092657283e-05
245,5.188077193452045e-05,1.2945072739967145e-05,1.9187027078260144e-07,7599,
245,4.8028319724835455e-05,8.986357897811104e-06,1.839298562344993e-07,7609,
245,4.924619497614913e-05,7.316991286643315e-06,1.9245067051087972e-07,7619,
245,,,,7625,5.317497198120691e-05
246,4.851909034186974e-05,7.083574928401504e-06,1.8785773647778115e-07,7629,
246,4.798364534508437e-05,7.614563401148189e-06,1.9489583280574152e-07,7639,
246,4.6000182919669896e-05,6.3574516389053315e-06,1.7653816541951528e-07,7649,
246,,,,7656,5.1389528380241245e-05
247,4.7873560106381774e-05,7.997677130333614e-06,1.9219318403429497e-07,7659,
247,4.764140976476483e-05,7.199103038146859e-06,1.933446895918678e-07,7669,
247,4.679087214753963e-05,6.810083050368121e-06,1.7976564947730367e-07,7679,
247,,,,7687,5.020375465392135e-05
248,5.15270367031917e-05,9.839378435572144e-06,1.8791942579809984e-07,7689,
248,4.7669411287643015e-05,7.3674004852364305e-06,1.8655059363936743e-07,7699,
248,4.749672734760679e-05,6.747037787135923e-06,1.7959297338165925e-07,7709,
248,,,,7718,4.9892012611962855e-05
249,5.015194255975075e-05,7.77043078414863e-06,1.8350569064295996e-07,7719,
249,4.6099255996523425e-05,6.527735877170926e-06,1.906083468838915e-07,7729,
249,4.587401417666115e-05,6.76244098940515e-06,1.91628686252443e-07,7739,
249,2.953858347609639e-05,3.822555299848318e-06,5.449583562189275e-10,7749,
249,,,,7749,4.9717087676981464e-05
250,4.903462831862271e-05,8.320573215314653e-06,1.7876277524919715e-07,7759,
250,4.763843026012182e-05,6.907357146701543e-06,1.6653144996325864e-07,7769,
250,4.7288824134739116e-05,6.976654731261078e-06,1.9161956288371584e-07,7779,
250,,,,7780,4.9958158342633396e-05
251,4.80951348436065e-05,9.14941028895555e-06,1.9912131676846911e-07,7789,
251,4.761387754115276e-05,8.635453013994265e-06,1.9630479641818965e-07,7799,
251,4.670215639634989e-05,6.775994734198321e-06,1.9892402747245796e-07,7809,
251,,,,7811,5.067694291938096e-05
252,4.9172231229022145e-05,9.135368600254878e-06,1.8343027363698639e-07,7819,
252,4.6833811211399734e-05,9.11958977667382e-06,1.8712758276251407e-07,7829,
252,4.771756721311249e-05,6.960888185858494e-06,1.9316985344630666e-07,7839,
252,,,,7842,5.195829362492077e-05
253,4.952115341438912e-05,8.975989658210892e-06,1.9047892863000015e-07,7849,
253,4.806847209692933e-05,7.129445293685421e-06,1.9523605487847817e-07,7859,
253,4.824873758479953e-05,7.617376923008123e-06,1.9509280946294894e-07,7869,
253,,,,7873,5.235629214439541e-05
254,5.027390943723731e-05,7.347370683419285e-06,1.8353314601426973e-07,7879,
254,4.923400774714537e-05,7.549905603809748e-06,2.0588126403708884e-07,7889,
254,4.6178349293768406e-05,7.325935712287901e-06,1.7113498529397475e-07,7899,
254,,,,7904,5.230964598013088e-05
255,5.1229952077846974e-05,8.792224434728269e-06,1.96104238625594e-07,7909,
255,4.652959978557192e-05,7.532893050665734e-06,1.8773003773731034e-07,7919,
255,4.728080239146948e-05,6.846674750704551e-06,1.965990179542132e-07,7929,
255,,,,7935,5.260468242340721e-05
256,4.8179015720961615e-05,8.222253200074192e-06,1.9232085435305635e-07,7939,
256,4.778229049406946e-05,1.164963668998098e-05,1.9979104592948715e-07,7949,
256,4.454305599210784e-05,9.208122719428502e-06,1.799596418550209e-07,7959,
256,,,,7966,5.118957415106706e-05
257,4.8683104978408664e-05,1.630868064239621e-05,1.9666822481667623e-07,7969,
257,4.623707718565129e-05,9.936349670169875e-06,1.9760875602514716e-07,7979,
257,4.483425436774269e-05,7.355326943070395e-06,1.8376940147390997e-07,7989,
257,,,,7997,5.335581226972863e-05
258,5.416087151388638e-05,1.8525794075685553e-05,1.925429131688361e-07,7999,
258,4.979156074114144e-05,1.3326915905054193e-05,1.9043304178012477e-07,8009,
258,4.752911991090514e-05,1.241904010385042e-05,1.830284048764952e-07,8019,
258,,,,8028,5.133145896252245e-05
259,5.129136479808949e-05,1.6984886315185577e-05,1.8791160982800648e-07,8029,
259,4.660726699512452e-05,1.0717635632317979e-05,1.9491679381644644e-07,8039,
259,4.5321106881601736e-05,7.740880391793326e-06,1.9677284512908955e-07,8049,
259,2.918681457231287e-05,3.840574663627194e-06,5.661098811948762e-10,8059,
259,,,,8059,5.0557155191199854e-05
260,4.695728421211243e-05,6.85131180944154e-06,1.8207677499049169e-07,8069,
260,4.516633634921163e-05,5.779600996902445e-06,1.6964419558007648e-07,8079,
260,4.472946602618322e-05,6.9933157647028565e-06,1.9565811726351967e-07,8089,
260,,,,8090,4.7948811698006466e-05
261,4.442578574526124e-05,6.349098384816898e-06,2.0435476244529127e-07,8099,
261,4.4119267840869725e-05,5.872526799066691e-06,2.002894206043493e-07,8109,
261,4.5289059926290065e-05,6.49097728455672e-06,2.0361908070753998e-07,8119,
261,,,,8121,4.645703302230686e-05
262,4.421681660460308e-05,6.116536042100051e-06,1.8760381692572992e-07,8129,
262,4.3072690459666774e-05,5.9138105825695675e-06,1.9119386251986725e-07,8139,
262,4.473060471354984e-05,5.991661055304576e-06,1.9748580371015123e-07,8149,
262,,,,8152,4.6429620851995423e-05
263,4.495993198361248e-05,6.901270808157278e-06,1.936793552204108e-07,8159,
263,4.562618778436445e-05,6.376225883286679e-06,1.995678644561849e-07,8169,
263,4.5081862481310964e-05,6.205490990396356e-06,1.9955297148044338e-07,8179,
263,,,,8183,4.609434472513385e-05
264,4.762164826388471e-05,6.747069619450485e-06,1.87290652320371e-07,8189,
264,4.57739042758476e-05,6.640675110247685e-06,2.1080653311855713e-07,8199,
264,4.341304156696424e-05,5.881825472897617e-06,1.7529062290577713e-07,8209,
264,,,,8214,4.6175675379345194e-05
265,4.5756998588331044e-05,6.7071678131469525e-06,2.0124281263633748e-07,8219,
265,4.317584171076305e-05,6.59838178762584e-06,1.920747791928079e-07,8229,
265,4.561013338388875e-05,6.729144843120594e-06,2.0109604292883887e-07,8239,
265,,,,8245,4.594278652803041e-05
266,4.362823528936133e-05,6.162830686662346e-06,1.9765391812143207e-07,8249,
266,4.5470653276424855e-05,1.1552053365448955e-05,2.0443222581434384e-07,8259,
266,4.266086034476757e-05,7.284227649506647e-06,1.843139614265965e-07,8269,
266,,,,8276,4.702002843259834e-05
267,4.59196962765418e-05,9.523441804049071e-06,2.0111259857458208e-07,8279,
267,4.617418744601309e-05,7.567735337943304e-06,2.023090672764738e-07,8289,
267,4.3322532292222604e-05,6.163714715512469e-06,1.8787959277233313e-07,8299,
267,,,,8307,4.67677200504113e-05
268,4.910937059321441e-05,9.429839337826706e-06,1.9627337621841434e-07,8309,
268,4.466946847969666e-05,6.171035693114391e-06,1.952445813913073e-07,8319,
268,4.5014385250397027e-05,7.53920039642253e-06,1.8726844075445115e-07,8329,
268,,,,8338,4.604713467415422e-05
269,4.630956027540378e-05,8.486777915095445e-06,1.9144871998832969e-07,8339,
269,4.3205047404626384e-05,7.133623057598015e-06,1.9930665473566478e-07,8349,
269,4.2575156840030104e-05,6.703988674416905e-06,2.0184003801659856e-07,8359,
269,2.7639202016871423e-05,3.112879994660034e-06,5.920148260507574e-10,8369,
269,,,,8369,4.485712997848168e-05
270,4.548105425783433e-05,8.363695997104514e-06,1.8638287713201862e-07,8379,
270,4.402234117151238e-05,8.180813892977312e-06,1.7392025597473548e-07,8389,
270,4.288794661988504e-05,6.110520189395174e-06,2.0065482431164128e-07,8399,
270,,,,8400,4.657115277950652e-05
271,4.5573600800707936e-05,9.59395219979342e-06,2.0987155835427984e-07,8409,
271,4.242372597218491e-05,6.0660850067506544e-06,2.0561840585742175e-07,8419,
271,4.290501237846911e-05,7.88213492342038e-06,2.0831565450407652e-07,8429,
271,,,,8431,4.62812531623058e-05
272,4.646996603696607e-05,7.844627361919265e-06,1.9255482186508743e-07,8439,
272,4.4582389818970114e-05,1.178935963253025e-05,1.9622287084075651e-07,8449,
272,4.45108198618982e-05,6.438904620154062e-06,2.0178073611987202e-07,8459,
272,,,,8462,4.7113488108152524e-05
273,4.7048200940480456e-05,1.4234047739591915e-05,1.9915965765449073e-07,8469,
273,4.573912883643061e-05,7.380595434369752e-06,2.0460981886571972e-07,8479,
273,4.407536835060455e-05,6.205174486240139e-06,2.0476808515468292e-07,8489,
273,,,,8493,4.5358796342043206e-05
274,4.5999546273378655e-05,6.9359080043795984e-06,1.9144370355661522e-07,8499,
274,4.3394218664616346e-05,5.880170647287741e-06,2.1637387703776767e-07,8509,
274,4.1739989683264866e-05,5.456108283397043e-06,1.8001979640303034e-07,8519,
274,,,,8524,4.3790681957034394e-05
275,4.311028169468045e-05,7.741164154140279e-06,2.0664249689161807e-07,8529,
275,4.19547941419296e-05,6.0578058764804155e-06,1.9724893718375824e-07,8539,
275,4.374257332528941e-05,6.142957772681257e-06,2.0555191326820932e-07,8549,
275,,,,8555,4.409582834341563e-05
276,4.1405026422580704e-05,5.422446520242374e-06,2.0337598982678173e-07,8559,
276,4.235800224705599e-05,6.604688223887933e-06,2.1010467321502801e-07,8569,
276,4.006948074675165e-05,5.652289019053569e-06,1.8868492190904362e-07,8579,
276,,,,8586,4.386118598631583e-05
277,4.34725297964178e-05,8.205443009501323e-06,2.0655168952998793e-07,8589,
277,4.3200994696235284e-05,6.4814444158400875e-06,2.0711807735551702e-07,8599,
277,4.113837712793611e-05,5.5183172662509605e-06,1.9267901052444358e-07,8609,
277,,,,8617,4.548114520730451e-05
278,4.747547791339457e-05,9.171661076834425e-06,2.0135685474542697e-07,8619,
278,4.256028842064552e-05,6.926290552655701e-06,1.998834591177001e-07,8629,
278,4.258313856553286e-05,7.261046448547859e-06,1.9196765776996472e-07,8639,
278,,,,8648,4.533574610832147e-05
279,4.54691362392623e-05,1.193325351778185e-05,1.964877753835026e-07,8649,
279,4.27987688453868e-05,6.094114269217243e-06,2.0445260418000544e-07,8659,
279,4.298644125810824e-05,7.242011179187102e-06,2.078927394677521e-07,8669,
279,2.7772046450991184e-05,3.1399999897985253e-06,6.169666999511492e-10,8679,
279,,,,8679,4.7380290197907016e-05
280,4.49930812465027e-05,7.592877409479115e-06,1.9131704220853862e-07,8689,
280,4.2497049435041845e-05,5.945171324128751e-06,1.780861254019328e-07,8699,
280,4.182095290161669e-05,6.082989330025157e-06,2.0588839788615587e-07,8709,
280,,,,8710,4.824263305636123e-05
281,4.993956827092916e-05,1.4238226867746562e-05,2.1672114769444306e-07,8719,
281,4.262381844455376e-05,7.848479071981274e-06,2.1151232942884235e-07,8729,
281,4.2190004023723304e-05,8.093643373285886e-06,2.139893098274115e-07,8739,
281,,,,8741,4.421738049131818e-05
282,4.293508754926734e-05,5.8861219258687925e-06,1.9761333192036545e-07,8749,
282,4.174686546321027e-05,8.31284614832839e-06,2.0130693201281247e-07,8759,
282,4.248054756317288e-05,6.056348411220824e-06,2.0700210257018625e-07,8769,
282,,,,8772,4.4034219172317535e-05
283,4.406118023325689e-05,6.5679591898515355e-06,2.0336433692591527e-07,8779,
283,4.4722914026351646e-05,7.711922989983577e-06,2.0990282223465329e-07,8789,
283,4.2949086491717026e-05,5.822618732054252e-06,2.1041375930508366e-07,8799,
283,,,,8803,4.410293695400469e-05
284,4.495459870668128e-05,6.892828878335422e-06,1.968545007002831e-07,8809,
284,4.3530144466785714e-05,6.01939018451958e-06,2.222956965169942e-07,8819,
284,4.105437619728036e-05,5.623546257993439e-06,1.8526748135627713e-07,8829,
284,,,,8834,4.37880698882509e-05
285,4.4176795199746266e-05,6.221537660167087e-06,2.1292380836257507e-07,8839,
285,4.047856782563031e-05,5.5614386837987695e-06,2.0250485022188514e-07,8849,
285,4.2673938878579065e-05,6.452659818023676e-06,2.1119531368185562e-07,8859,
285,,,,8865,4.3379361159168184e-05
286,4.110527515877038e-05,5.433415481093107e-06,2.095885633934813e-07,8869,
286,4.2154391849180683e-05,6.7820396907336544e-06,2.162500436497794e-07,8879,
286,4.027360773761757e-05,5.476328169606859e-06,1.9397118933284219e-07,8889,
286,,,,8896,4.304507820052095e-05
287,4.248448021826334e-05,7.0504679570149165e-06,2.1233825009403517e-07,8899,
287,4.259540219209157e-05,7.002603069850011e-06,2.1252590443054942e-07,8909,
287,4.046495814691298e-05,5.485879682964878e-06,1.9780581794748286e-07,8919,
287,,,,8927,4.2031613702420145e-05
288,4.4115979108028114e-05,7.286832442332525e-06,2.0656112553751882e-07,8929,
288,4.0334329241886735e-05,5.750732725573471e-06,2.052767769100683e-07,8939,
288,4.045439345645718e-05,6.265303909458453e-06,1.9691127306487033e-07,8949,
288,,,,8958,4.1357518057338893e-05
289,4.1643470467533916e-05,5.885538030270254e-06,2.0143144752182707e-07,8959,
289,3.941690010833554e-05,5.42706129635917e-06,2.1009201134347677e-07,8969,
289,4.0211467421613634e-05,5.6594685702293646e-06,2.137984438377316e-07,8979,
289,2.606617817946244e-05,2.5620247470214963e-06,6.487962389556401e-10,8989,
289,,,,8989,4.129827721044421e-05
290,4.246767275617458e-05,7.326567811105633e-06,1.9565170816804311e-07,8999,
290,4.096372504136525e-05,6.649619990639621e-06,1.8285290082076244e-07,9009,
290,3.95818060496822e-05,5.256924396235263e-06,2.1151409157482703e-07,9019,
290,,,,9020,4.195073779555969e-05
291,4.1708932258188725e-05,6.780066996725509e-06,2.220498203087118e-07,9029,
291,4.099109719390981e-05,7.435680345224682e-06,2.186872620768554e-07,9039,
291,3.983431088272482e-05,5.267783308227081e-06,2.1948247308500868e-07,9049,
291,,,,9051,4.28240055043716e-05
292,4.14345740864519e-05,6.673552888969425e-06,2.0299242464716372e-07,9059,
292,4.106695269001648e-05,8.353829798579682e-06,2.0714486481665517e-07,9069,
292,4.099039870197885e-05,5.8315413298259955e-06,2.1274526318393328e-07,9079,
292,,,,9082,4.180933683528565e-05
293,4.1332521504955366e-05,6.363885859173024e-06,2.088869877070465e-07,9089,
293,4.311368320486508e-05,6.093267074902542e-06,2.1561874063991127e-07,9099,
293,4.0473354601999745e-05,5.223362222750438e-06,2.1610490819057304e-07,9109,
293,,,,9113,4.114556577405892e-05
294,4.260697460267693e-05,5.621793206955772e-06,2.0183364313197671e-07,9119,
294,4.1849194531096146e-05,6.001460860716179e-06,2.2886271722200036e-07,9129,
294,3.968346572946757e-05,5.178084393264726e-06,1.9056915334658697e-07,9139,
294,,,,9144,4.055774479638785e-05
295,3.93831251130905e-05,5.7088141147687566e-06,2.1886322087993904e-07,9149,
295,3.88053958886303e-05,5.619707280857256e-06,2.0824185753554048e-07,9159,
295,4.098716453881934e-05,6.3489001149719115e-06,2.1647031189786503e-07,9169,
295,,,,9175,4.2098075937246904e-05
296,4.0127430111169815e-05,9.079421033675317e-06,2.161802257205636e-07,9179,
296,4.081829683855176e-05,6.756625225534663e-06,2.225579862624727e-07,9189,
296,3.773109710891731e-05,5.524731932382565e-06,1.9894682168342115e-07,9199,
296,,,,9206,4.5639801101060584e-05
297,4.416076262714341e-05,2.0216957636876032e-05,2.192091699271259e-07,9209,
297,4.968800931237638e-05,1.5295567209250294e-05,2.1967149166357558e-07,9219,
297,4.070102659170516e-05,8.495845577272121e-06,2.0374133669065486e-07,9229,
297,,,,9237,4.734809772344306e-05
298,4.773934051627293e-05,1.002403769234661e-05,2.1316593290521269e-07,9239,
298,4.4661093852482736e-05,8.912910743674729e-06,2.1048796838840644e-07,9249,
298,4.0859205910237506e-05,6.49891308057704e-06,2.0218759289036825e-07,9259,
298,,,,9268,4.1334285924676806e-05
299,4.140592136536725e-05,8.477482879243325e-06,2.069101725510336e-07,9269,
299,3.864131576847285e-05,6.577542990271468e-06,2.1593803012365242e-07,9279,
299,3.931027458747849e-05,6.880040928081144e-06,2.2007648681210412e-07,9289,
299,2.5613942852942273e-05,2.9455075036821654e-06,6.798549501141338e-10,9299,
299,,,,9299,4.0405793697573245e-05
300,4.020655978820287e-05,6.838206445536343e-06,2.0075705720046244e-07,9309,
300,3.8718902942491695e-05,4.632182481145719e-06,1.8766509413126187e-07,9319,
300,3.7965372030157596e-05,4.945054115523817e-06,2.1721282905673434e-07,9329,
300,,,,9330,3.950033715227619e-05
301,3.79642442567274e-05,4.9525579015607946e-06,2.2864141158152052e-07,9339,
301,3.799590558628552e-05,4.415345756569877e-06,2.2463878224243672e-07,9349,
301,3.846128674922511e-05,4.5912502173450775e-06,2.2542833733041334e-07,9359,
301,,,,9361,3.957583976443857e-05
302,3.855968316202052e-05,5.086822056910023e-06,2.0856313653894176e-07,9369,
302,3.8265003240667284e-05,5.130117187945871e-06,2.1301971742104797e-07,9379,
302,3.860726792481728e-05,4.953330517309951e-06,2.1859538890112162e-07,9389,
302,,,,9392,4.037476173834875e-05
303,4.1192986827809364e-05,6.778501301596407e-06,2.1449419307373319e-07,9399,
303,3.9072132494766265e-05,5.479448645928642e-06,2.2197089322162356e-07,9409,
303,3.888517676386982e-05,4.757799160870491e-06,2.2247272113418148e-07,9419,
303,,,,9423,4.0516599256079644e-05
304,4.24839454353787e-05,6.9683987931057345e-06,2.0701239122900006e-07,9429,
304,3.977887172368355e-05,4.984934093954507e-06,2.3550813921247027e-07,9439,
304,3.737869337783195e-05,4.6497202674800064e-06,1.9611327672919288e-07,9449,
304,,,,9454,4.070716749993153e-05
305,3.779308099183254e-05,5.660147962771589e-06,2.2533386356826668e-07,9459,
305,3.836808537016623e-05,4.754794190375833e-06,2.1428296292924642e-07,9469,
305,3.9053418731782585e-05,5.114097348268842e-06,2.2233257368498016e-07,9479,
305,,,,9485,4.0630555304232985e-05
306,3.756481601158157e-05,4.340071427577641e-06,2.2273174238307547e-07,9489,
306,3.8527916331076995e-05,6.0062175180064514e-06,2.2908143648692203e-07,9499,
306,3.6814919440075755e-05,4.835631443711463e-06,2.045546523277153e-07,9509,
306,,,,9516,4.0785078454064205e-05
307,3.986403680755757e-05,6.254725576582132e-06,2.2422752010697877e-07,9519,
307,3.8240523281274363e-05,6.091280283726519e-06,2.2428515933370363e-07,9529,
307,3.742044646060094e-05,4.860673016082728e-06,2.0942913181443146e-07,9539,
307,,,,9547,4.100261503481306e-05
308,4.266352334525436e-05,7.17638840797008e-06,2.181726443950538e-07,9549,
308,3.768417809624225e-05,4.997063570044702e-06,2.168410162539658e-07,9559,
308,3.799467958742753e-05,5.790945124317659e-06,2.08030712656182e-07,9569,
308,,,,9578,4.1855273593682796e-05
309,4.1790190152823925e-05,6.273382950894302e-06,2.123992288716181e-07,9579,
309,3.808013934758492e-05,8.552538020012435e-06,2.2256158160871564e-07,9589,
309,3.924780685338192e-05,9.671401130617596e-06,2.2735061122602929e-07,9599,
309,2.6094898203155026e-05,3.861802269966574e-06,7.154173364831706e-10,9609,
309,,,,9609,4.3391406506998464e-05
310,4.148434891249053e-05,1.0713320989452768e-05,2.0601311234713648e-07,9619,
310,4.232797073200345e-05,9.831528586801142e-06,1.9259034900187544e-07,9629,
310,3.824275700026192e-05,5.35446270077955e-06,2.2346030448261445e-07,9639,
310,,,,9640,4.121586971450597e-05
311,3.93307491322048e-05,5.35324716111063e-06,2.3571266183353146e-07,9649,
311,3.886593185598031e-05,5.123768005432794e-06,2.3101817703263805e-07,9659,
311,3.778681275434792e-05,4.761363015859388e-06,2.315436660182968e-07,9669,
311,,,,9671,4.108144639758393e-05
312,4.058697595610283e-05,7.3917167355830316e-06,2.1532527227918763e-07,9679,
312,3.83935148420278e-05,6.313628546195105e-06,2.1898468105518987e-07,9689,
312,3.8023663364583626e-05,5.284719918563496e-06,2.2471294869319536e-07,9699,
312,,,,9702,4.1589031752664596e-05
313,4.642548447009176e-05,8.885802344593685e-06,2.2065883342747838e-07,9709,
313,3.963735798606649e-05,5.5994923968683e-06,2.2807782329437032e-07,9719,
313,3.835710958810523e-05,5.109608991915593e-06,2.288179814513569e-07,9729,
313,,,,9733,4.133837501285598e-05
314,4.541996895568445e-05,6.20931450612261e-06,2.1295662122611247e-07,9739,
314,3.91870598832611e-05,6.177654995553894e-06,2.425601053346327e-07,9749,
314,3.7313227949198335e-05,5.604115813184762e-06,2.0211460594055097e-07,9759,
314,,,,9764,4.038906263303943e-05
315,3.873463356285356e-05,8.168156455212738e-06,2.3216855993268837e-07,9769,
315,3.728551746462472e-05,6.540076810779283e-06,2.2075309402680432e-07,9779,
315,3.8774982385803014e-05,5.672274255630327e-06,2.2829742363228434e-07,9789,
315,,,,9795,4.066855035489425e-05
316,3.805221422226168e-05,5.822262664878508e-06,2.2979591562943824e-07,9799,
316,3.8507576391566545e-05,6.089390808483586e-06,2.3602486010076973e-07,9809,
316,3.562035635695793e-05,4.304996309656417e-06,2.105317662426387e-07,9819,
316,,,,9826,3.895152985933237e-05
317,3.8106249121483415e-05,7.216681296995375e-06,2.3099659074432566e-07,9829,
317,3.849759741569869e-05,5.61279966859729e-06,2.305958730630664e-07,9839,
317,3.6115467082709074e-05,4.962402726960136e-06,2.155615561605373e-07,9849,
317,,,,9857,3.958953311666846e-05
318,4.023641304229386e-05,7.931378604553174e-06,2.2476370986623806e-07,9859,
318,3.716492938110605e-05,5.963064722891431e-06,2.2269405519637075e-07,9869,
318,3.674060644698329e-05,5.107484412292251e-06,2.1368184377479338e-07,9879,
318,,,,9888,3.754592398763634e-05
319,3.7787056498927996e-05,7.499432740587508e-06,2.183471679018112e-07,9889,
319,3.61520578735508e-05,4.7979970076994505e-06,2.2875808269873232e-07,9899,
319,3.5968983866041526e-05,4.522572908172151e-06,2.3370721180526743e-07,9909,
319,2.482088348187972e-05,2.3596005576109746e-06,7.514492916804727e-10,9919,
319,,,,9919,4.012606950709596e-05
320,4.256206375430338e-05,7.455535524059087e-06,2.1219203460987046e-07,9929,
320,3.993580685346387e-05,7.33948854758637e-06,1.9824737762519362e-07,9939,
320,3.695366467582062e-05,5.041958957008319e-06,2.300420192113961e-07,9949,
320,,,,9950,4.146413266425952e-05
321,4.003048161393963e-05,6.421520083677024e-06,2.431063137464662e-07,9959,
321,3.6400022509042174e-05,4.711100245913258e-06,2.3794221704065421e-07,9969,
321,3.681757516460493e-05,5.583406164078042e-06,2.385920652159257e-07,9979,
321,,,,9981,4.246287062414922e-05
322,4.111367525183596e-05,6.080819275666727e-06,2.212725433992091e-07,9989,
322,3.774986180360429e-05,8.149326276907232e-06,2.254358690834124e-07,9999,
322,3.737786755664274e-05,5.005687398806913e-06,2.3102469981495233e-07,10009,
322,,,,10012,3.8643822335870937e-05
323,3.942849798477255e-05,9.488054274697788e-06,2.2595554582949262e-07,10019,
323,3.763046333915554e-05,4.809643996850355e-06,2.3464212972612586e-07,10029,
323,3.697382999234833e-05,4.415931471157819e-06,2.3544032501376932e-07,10039,
323,,,,10043,4.157553848926909e-05
324,4.170985994278453e-05,4.6522072807420045e-06,2.1887424850319803e-07,10049,
324,3.7179634091444314e-05,5.642887117573991e-06,2.4951759769464843e-07,10059,
324,3.694606857607141e-05,4.918334980175132e-06,2.0819983603814762e-07,10069,
324,,,,10074,3.802050559897907e-05
325,3.703557013068348e-05,8.96093752089655e-06,2.3879749733168865e-07,10079,
325,3.6780107620870695e-05,4.997960786568001e-06,2.2702806745655835e-07,10089,
325,3.731347169377841e-05,5.135526862432016e-06,2.3409721450207144e-07,10099,
325,,,,10105,4.093742973054759e-05
326,3.767457383219153e-05,4.458686817088164e-06,2.365916031976667e-07,10109,
326,3.794380972976796e-05,9.267142559110653e-06,2.428142238386499e-07,10119,
326,3.485659181023948e-05,5.399564543040469e-06,2.1662036431280285e-07,10129,
326,,,,10136,3.836993346340023e-05
327,3.769967588596046e-05,9.48462820815621e-06,2.3820859951229068e-07,10139,
327,3.857900810544379e-05,5.422491994977463e-06,2.3721329966974736e-07,10149,
327,3.5378910979488865e-05,4.570285000227159e-06,2.2161179913382512e-07,10159,
327,,,,10167,4.006233939435333e-05
328,4.342631291365251e-05,6.938936621736502e-06,2.3103574164906604e-07,10169,
328,3.8192225474631414e-05,7.806301255186554e-06,2.2901168961197982e-07,10179,
328,3.728957017301582e-05,7.113690116966609e-06,2.1930949856141524e-07,10189,
328,,,,10198,3.905166158801876e-05
329,3.906450001522899e-05,8.078219252638519e-06,2.245142525225674e-07,10199,
329,3.569500768207945e-05,5.177908406039933e-06,2.3562496664908394e-07,10209,
329,3.562922211131081e-05,5.0309104153711814e-06,2.4071638904388237e-07,10219,
329,2.4239254344138317e-05,2.056560560959042e-06,7.863235618188469e-10,10229,
329,,,,10229,3.9542534068459645e-05
330,3.9422535337507725e-05,5.546617103391327e-06,2.1762292590210564e-07,10239,
330,3.6261757486499846e-05,4.386355612950865e-06,2.0362969621601223e-07,10249,
330,3.5573913919506595e-05,4.652493771573063e-06,2.3639037749489944e-07,10259,
330,,,,10260,3.908453436451964e-05
331,3.9066402678145096e-05,6.201379619596992e-06,2.5030180950125214e-07,10269,
331,3.596848182496615e-05,4.828436431125738e-06,2.448582563374657e-07,10279,
331,3.659812136902474e-05,4.69495262223063e-06,2.452035516853357e-07,10289,
331,,,,10291,4.0469789382768795e-05
332,3.7635436456184834e-05,5.024695838073967e-06,2.2674522881516168e-07,10299,
332,3.826869942713529e-05,8.092066309473012e-06,2.3209159394355083e-07,10309,
332,3.6316247133072466e-05,4.613567398337182e-06,2.373302834257629e-07,10319,
332,,,,10322,3.887134153046645e-05
333,4.1187169699696824e-05,1.0429357644170523e-05,2.3309398500259704e-07,10329,
333,3.7044497730676085e-05,5.084380518383114e-06,2.4129172970788204e-07,10339,
333,3.596501119318418e-05,4.351148618297884e-06,2.4210837068494584e-07,10349,
333,,,,10353,4.225246448186226e-05
334,4.317361890571192e-05,5.175737442186801e-06,2.2485333772692684e-07,10359,
334,3.688524157041684e-05,6.754952664778102e-06,2.5639636191954196e-07,10369,
334,3.6749599530594423e-05,5.781385880254675e-06,2.1427250374017603e-07,10379,
334,,,,10384,3.956767250201665e-05
335,3.91549474443309e-05,9.495946869719774e-06,2.4621860461593315e-07,10389,
335,3.7045396311441436e-05,5.208542461332399e-06,2.3349213051915285e-07,10399,
335,3.665507392724976e-05,4.657267254515318e-06,2.402914560661884e-07,10409,
335,,,,10415,4.0746952436165884e-05
336,3.633002415881492e-05,4.4862108552479185e-06,2.436487704926549e-07,10419,
336,3.6611698305932805e-05,6.297577328950865e-06,2.495437456673244e-07,10429,
336,3.3944514143513516e-05,4.257788077666191e-06,2.2263813548306643e-07,10439,
336,,,,10446,3.7543220969382674e-05
337,3.604257290135138e-05,6.274913175730035e-06,2.4449784064017877e-07,10449,
337,3.671248850878328e-05,4.617192189471098e-06,2.4346965687982447e-07,10459,
337,3.423940870561637e-05,4.191959305899218e-06,2.2799046917043597e-07,10469,
337,,,,10477,3.904012919520028e-05
338,4.045079549541697e-05,7.1054246291168965e-06,2.3708736307526124e-07,10479,
338,3.670094156404957e-05,7.021094006631756e-06,2.3525944925495423e-07,10489,
338,3.60881895176135e-05,7.103052666934673e-06,2.252536717151088e-07,10499,
338,,,,10508,3.7935114960419014e-05
339,3.796611417783424e-05,8.092766620393377e-06,2.3070415977599623e-07,10509,
339,3.5288121580379084e-05,4.811049620911945e-06,2.4219150418502977e-07,10519,
339,3.479399674688466e-05,4.6789186853857245e-06,2.4767439299466787e-07,10529,
339,2.4032970031839795e-05,1.910085984491161e-06,8.263313922007853e-10,10539,
339,,,,10539,3.953172199544497e-05
340,3.830346395261586e-05,5.366096502257278e-06,2.2339686722716579e-07,10549,
340,3.4853957913583145e-05,4.158967385592405e-06,2.0896914065815508e-07,10559,
340,3.457212733337656e-05,4.317742423154414e-06,2.428563448120258e-07,10569,
340,,,,10570,3.7805508327437565e-05
341,3.853545058518648e-05,6.433230737457052e-06,2.5736704856171855e-07,10579,
341,3.5020526411244646e-05,4.390593858261127e-06,2.515613175546605e-07,10589,
341,3.518272205838002e-05,4.441414148459444e-06,2.5169870809804706e-07,10599,
341,,,,10601,4.037515464005992e-05
342,3.813367584371008e-05,7.00795817465405e-06,2.3288224326734053e-07,10609,
342,3.6057110264664516e-05,8.550521670258604e-06,2.3806488513855584e-07,10619,
342,3.559971082722768e-05,4.369854195829248e-06,2.436663919525017e-07,10629,
342,,,,10632,3.760880645131692e-05
343,3.915523848263547e-05,1.0074445526697673e-05,2.38557021248198e-07,10639,
343,3.591698987293057e-05,4.623645054380177e-06,2.475899236742407e-07,10649,
343,3.494698103168048e-05,4.0984800762089435e-06,2.4846579549375747e-07,10659,
343,,,,10663,4.0674898627912626e-05
344,4.1328708903165534e-05,5.314455393090611e-06,2.3076637489793939e-07,10669,
344,3.559721517376602e-05,6.211204436112894e-06,2.632534688018495e-07,10679,
344,3.503701736917719e-05,5.001910722057801e-06,2.2031697710644949e-07,10689,
344,,,,10694,3.633946107584052e-05
345,3.559405740816146e-05,7.076157089613844e-06,2.5263358338634134e-07,10699,
345,3.476610072539188e-05,4.472901764529524e-06,2.397434855083702e-07,10709,
345,3.5243036109022796e-05,4.241082933731377e-06,2.465058344114368e-07,10719,
345,,,,10725,3.939785165130161e-05
346,3.414476304897107e-05,4.2217557165713515e-06,2.5052216301446606e-07,10729,
346,3.608797851484269e-05,5.979845354886493e-06,2.564139833793888e-07,10739,
346,3.30403599946294e-05,3.5110581393382745e-06,2.2851459391404205e-07,10749,
346,,,,10756,3.6293567973189056e-05
347,3.469844159553759e-05,6.660172857664293e-06,2.509801504402276e-07,10759,
347,3.6276393075240776e-05,4.624601842806442e-06,2.4984132096506073e-07,10769,
347,3.330042818561196e-05,3.896389898727648e-06,2.3449123887075984e-07,10779,
347,,,,10787,3.8766989746363834e-05
348,3.940415263059549e-05,7.387954156001797e-06,2.434535986139963e-07,10789,
348,3.4914275602204725e-05,6.5443878156656865e-06,2.413924846678128e-07,10799,
348,3.571496927179396e-05,7.108523277565837e-06,2.3107395463739522e-07,10809,
348,,,,10818,3.6139383155386895e-05
349,3.6330671719042584e-05,8.10184792499058e-06,2.3666866866278724e-07,10819,
349,3.447659400990233e-05,4.496354449656792e-06,2.4870266202015046e-07,10829,
349,3.399462002562359e-05,4.256492957210867e-06,2.5460283836764575e-07,10839,
349,2.354185562580824e-05,1.7496322470833547e-06,8.679050256255039e-10,10849,
349,,,,10849,3.922647738363594e-05
350,3.735647987923585e-05,5.139176664670231e-06,2.289937128807651e-07,10859,
350,3.438813655520789e-05,4.2827850847970694e-06,2.1432170171920006e-07,10869,
350,3.38472927978728e-05,4.555805389827583e-06,2.4931878783718275e-07,10879,
350,,,,10880,3.6245095543563366e-05
351,3.814587034867145e-05,6.1848222685512155e-06,2.643560321757832e-07,10889,
351,3.46105225617066e-05,4.232907031109789e-06,2.5836186523520155e-07,10899,
351,3.473986726021394e-05,4.555718078336213e-06,2.58165243849362e-07,10909,
351,,,,10911,4.017587343696505e-05
352,3.664368705358356e-05,6.909605417604325e-06,2.389526230217598e-07,10919,
352,3.5914796171709895e-05,7.156975243560737e-06,2.4436263856841833e-07,10929,
352,3.520891550579108e-05,4.205038294458063e-06,2.4991248892547446e-07,10939,
352,,,,10942,3.6119505239184946e-05
353,3.67734937753994e-05,7.293777798622614e-06,2.4393636977038113e-07,10949,
353,3.475402627373114e-05,4.289270236768061e-06,2.538537273721886e-07,10959,
353,3.382293652975932e-05,3.761779680644395e-06,2.5487486254860414e-07,10969,
353,,,,10973,3.98607189708855e-05
354,4.0213053580373526e-05,5.5072428040148225e-06,2.3677726801452081e-07,10979,
354,3.5082495742244646e-05,5.542283361137379e-06,2.7023654070035263e-07,10989,
354,3.464169640210457e-05,4.560479283099994e-06,2.2646933928172075e-07,10999,
354,,,,11004,3.553666465450078e-05
355,3.495362398098223e-05,6.858659162389813e-06,2.5932968128472567e-07,11009,
355,3.40019614668563e-05,4.260095010977238e-06,2.4607231807749486e-07,11019,
355,3.450559961493127e-05,4.089456979272654e-06,2.5260422376049974e-07,11029,
355,,,,11035,3.900482624885626e-05
356,3.3805776183726266e-05,4.006075869256165e-06,2.5734854602887935e-07,11039,
356,3.5540189855964854e-05,5.791085641249083e-06,2.6339046144130407e-07,11049,
356,3.260611993027851e-05,3.76827165382565e-06,2.3475398336358921e-07,11059,
356,,,,11066,3.52300085069146e-05
357,3.4175369364675134e-05,7.431407993863104e-06,2.577297095740505e-07,11069,
357,3.613114313338883e-05,4.730513410322601e-06,2.561969836278877e-07,11079,
357,3.2799776818137616e-05,3.802727633228642e-06,2.4085014160846185e-07,11089,
357,,,,11097,3.9189715607790276e-05
358,3.9136051782406867e-05,8.353246812475845e-06,2.498178446330712e-07,11099,
358,3.507137080305256e-05,6.6112443164456636e-06,2.4767794570834667e-07,11109,
358,3.513498813845217e-05,7.119952442735666e-06,2.3696856032984215e-07,11119,
358,,,,11128,3.53721588908229e-05
359,3.560894765541889e-05,9.771300938155036e-06,2.4277966303998255e-07,11129,
359,3.392021244508214e-05,4.978693596058292e-06,2.551849718201993e-07,11139,
359,3.3365558920195326e-05,4.210463430354139e-06,2.611965044252429e-07,11149,
359,2.3582006178912707e-05,2.0076081455044914e-06,9.094133224252232e-10,11159,
359,,,,11159,3.94702292396687e-05
360,3.767405723920092e-05,4.865053597313818e-06,2.346474872183535e-07,11169,
360,3.4645243431441486e-05,4.2964506974385586e-06,2.1989220044815738e-07,11179,
360,3.278901567682624e-05,4.5816177589586005e-06,2.556708977863309e-07,11189,
360,,,,11190,3.5270906664663926e-05
361,3.6105269828112796e-05,5.759621217293898e-06,2.7107412847726664e-07,11199,
361,3.3379259548382834e-05,3.7244826671667397e-06,2.6511281703278655e-07,11209,
361,3.3419488318031654e-05,3.962247774325078e-06,2.6432516619934177e-07,11219,
361,,,,11221,3.8606336602242664e-05
362,3.4828924981411546e-05,5.973824954708107e-06,2.4491080807820254e-07,11229,
362,3.457453931332566e-05,5.748073363065487e-06,2.50521367206602e-07,11239,
362,3.4065153158735484e-05,3.936046141461702e-06,2.5621716304158326e-07,11249,
362,,,,11252,3.4582237276481465e-05
363,3.5150434996467084e-05,7.489545623684535e-06,2.495771127541957e-07,11259,
363,3.3868898754008114e-05,4.178245490038535e-06,2.6005750441981945e-07,11269,
363,3.297723378636874e-05,3.537789325491758e-06,2.612054004202946e-07,11279,
363,,,,11283,3.7675825296901166e-05
364,3.790127084357664e-05,5.71697773921187e-06,2.427628658097092e-07,11289,
364,3.3789416193030775e-05,4.371223440102767e-06,2.7693917559190595e-07,11299,
364,3.359983384143561e-05,3.955152806156548e-06,2.325479329101654e-07,11309,
364,,,,11314,3.433279198361561e-05
365,3.3382824767613783e-05,7.930336323624942e-06,2.658773610164644e-07,11319,
365,3.340464172651991e-05,4.187560080026742e-06,2.523053410641296e-07,11329,
365,3.37783494614996e-05,4.00946919398848e-06,2.585012737199577e-07,11339,
365,,,,11345,3.7352969229687005e-05
366,3.290126915089786e-05,4.463754066819092e-06,2.639929732595192e-07,11349,
366,3.57717253791634e-05,6.39222116660676e-06,2.7031077820538485e-07,11359,
366,3.216719414922409e-05,4.293945949029876e-06,2.407642796242726e-07,11369,
366,,,,11376,3.4407312341500074e-05
367,3.36531265929807e-05,8.415529919147957e-06,2.64315872300358e-07,11379,
367,3.561835546861403e-05,4.838001586904284e-06,2.622664680984599e-07,11389,
367,3.240280057070777e-05,4.021489075967111e-06,2.4714884716559027e-07,11399,
367,,,,11407,3.6834640923189e-05
368,3.7039993912912905e-05,9.12922860152321e-06,2.559719121109083e-07,11409,
368,3.354849468450993e-05,5.7039560488192365e-06,2.5388652602487127e-07,11419,
368,3.4170065191574395e-05,6.171111635921989e-06,2.4265852971439017e-07,11429,
368,,,,11438,3.399957495275885e-05
369,3.4223128750454634e-05,8.561026334064081e-06,2.485830350451579e-07,11439,
369,3.2698306313250214e-05,4.6490954446198884e-06,2.616756944462395e-07,11449,
369,3.241092781536281e-05,3.869204192596953e-06,2.680233421870071e-07,11459,
369,2.2762913431506604e-05,2.0042721189383883e-06,9.53543466408746e-10,11469,
369,,,,11469,3.6063942388864234e-05
370,3.5915170883527026e-05,4.464636276679812e-06,2.4027363565437554e-07,11479,
370,3.3480057027190924e-05,4.375253865873674e-06,2.2534831600751204e-07,11489,
370,3.191811265423894e-05,3.890012067131465e-06,2.6198713953817787e-07,11499,
370,,,,11500,3.372124410816468e-05
371,3.4127220715163276e-05,5.3434009714692365e-06,2.779642329642229e-07,11509,
371,3.2795011065900326e-05,4.12727740695118e-06,2.717937945817539e-07,11519,
371,3.231872688047588e-05,3.4899373986263527e-06,2.7082884912488225e-07,11529,
371,,,,11531,3.5587210732046515e-05
372,3.399948764126748e-05,7.342473054450238e-06,2.505292115984048e-07,11539,
372,3.535537689458579e-05,5.937288278801134e-06,2.567074943726766e-07,11549,
372,3.279740485595539e-05,4.101028935110662e-06,2.623980037697038e-07,11559,
372,,,,11562,3.386451135156676e-05
373,3.439591819187626e-05,6.7303385549166705e-06,2.556157312483265e-07,11569,
373,3.375734013388865e-05,3.855595423374325e-06,2.664054363776813e-07,11579,
373,3.249525252613239e-05,3.559249762474792e-06,2.6763183313960326e-07,11589,
373,,,,11593,3.519111851346679e-05
374,3.583622310543433e-05,6.405258318409324e-06,2.487476820078882e-07,11599,
374,3.2860571081982926e-05,3.783718739214237e-06,2.8359215775708435e-07,11609,
374,3.225351247237995e-05,3.565741053535021e-06,2.385000925642089e-07,11619,
374,,,,11624,3.3971482480410486e-05
375,3.252553506172262e-05,5.860810688318452e-06,2.7241529210186854e-07,11629,
375,3.1967178074410185e-05,3.5958696571469773e-06,2.584293099516799e-07,11639,
375,3.280242162873037e-05,3.660255970316939e-06,2.646874577294511e-07,11649,
375,,,,11655,3.4876386052928865e-05
376,3.228311470593326e-05,4.332925982453162e-06,2.707017756620189e-07,11659,
376,3.5117107472615317e-05,5.9767712627945e-06,2.770989624423237e-07,11669,
376,3.202507286914624e-05,5.41554436495062e-06,2.463897317284136e-07,11679,
376,,,,11686,3.471030140644871e-05
377,3.510309034027159e-05,5.024696747568669e-06,2.704094583805272e-07,11689,
377,3.309800013084896e-05,4.056867965118727e-06,2.6810846520675113e-07,11699,
377,3.1596762710250914e-05,3.4805700579454424e-06,2.533909082558239e-07,11709,
377,,,,11717,3.632470907177776e-05
378,3.762304186238907e-05,8.492373126500752e-06,2.627897117690736e-07,11719,
378,3.296626528026536e-05,4.943516159983119e-06,2.606412579098105e-07,11729,
378,3.318270682939328e-05,5.025912287237588e-06,2.483880621184653e-07,11739,
378,,,,11748,3.4812739613698795e-05
379,3.465864574536681e-05,4.7625339902879205e-06,2.5478206566731387e-07,11749,
379,3.328652019263245e-05,5.291499746817863e-06,2.683513002921245e-07,11759,
379,3.1468720408156514e-05,4.162704044574639e-06,2.7494121468407684e-07,11769,
379,2.2671898477710783e-05,1.7484007912571542e-06,9.98357951864648e-10,11779,
379,,,,11779,3.565526276361197e-05
380,3.6934528907295316e-05,5.5618870646867435e-06,2.461248129748128e-07,11789,
380,3.343450589454733e-05,6.874231530673569e-06,2.3107391200483107e-07,11799,
380,3.2695214031264186e-05,3.43252736456634e-06,2.6862701929530886e-07,11809,
380,,,,11810,3.324116187286563e-05
381,3.274237678851932e-05,3.399228035050328e-06,2.845969504505774e-07,11819,
381,3.233322058804333e-05,3.5720809137274045e-06,2.788486597182782e-07,11829,
381,3.106526855845004e-05,3.1284214401239296e-06,2.7726505891223496e-07,11839,
381,,,,11841,3.418155029066838e-05
382,3.273152105975896e-05,4.2771093831106555e-06,2.5627502964198356e-07,11849,
382,3.195812678313814e-05,4.607934897649102e-06,2.6277459141965664e-07,11859,
382,3.1852581741986796e-05,3.5662092159327585e-06,2.6907036954071373e-07,11869,
382,,,,11872,3.4154985769419e-05
383,3.399490378797054e-05,3.800476179094403e-06,2.617033487695153e-07,11879,
383,3.268909131293185e-05,3.746970151041751e-06,2.7225368626204727e-07,11889,
383,3.218328856746666e-05,3.6918952446285402e-06,2.7439045879873447e-07,11899,
383,,,,11903,3.6647372326115146e-05
384,3.6062137951375917e-05,5.932456588197965e-06,2.5551466364959197e-07,11909,
384,3.335702058393508e-05,5.396374945121352e-06,2.905493943217152e-07,11919,
384,3.230566653655842e-05,3.867424766212935e-06,2.4457935410282516e-07,11929,
384,,,,11934,3.356927845743485e-05
385,3.24916654790286e-05,3.3849544252007036e-06,2.7929198154197366e-07,11939,
385,3.1608396966475993e-05,4.169811290921643e-06,2.647709038683388e-07,11949,
385,3.175288293277845e-05,3.817833658104064e-06,2.7110405653729686e-07,11959,
385,,,,11965,3.3118805731646717e-05
386,3.0747087294002995e-05,3.206391966159572e-06,2.77664042869219e-07,11969,
386,3.215295873815194e-05,4.190312665741658e-06,2.8370021709633875e-07,11979,
386,3.0169905585353263e-05,4.172624812781578e-06,2.524660374092491e-07,11989,
386,,,,11996,3.2123090932145715e-05
387,3.247962013119832e-05,3.915139586752048e-06,2.764907947039319e-07,11999,
387,3.156265665893443e-05,3.194113105564611e-06,2.7442914074526925e-07,12009,
387,3.0811745091341436e-05,3.156767434120411e-06,2.595902230950742e-07,12019,
387,,,,12027,3.427439514780417e-05
388,3.600757918320596e-05,5.501934083440574e-06,2.688988161025918e-07,12029,
388,3.160089545417577e-05,4.709407676273258e-06,2.667121066224354e-07,12039,
388,3.16102996293921e-05,4.458107923710486e-06,2.543780794894701e-07,12049,
388,,,,12058,3.507851215545088e-05
389,3.483139880700037e-05,4.818746219825698e-06,2.6097154659510124e-07,12059,
389,3.326864680275321e-05,5.150668130227132e-06,2.7480672315505217e-07,12069,
389,3.1398631108459085e-05,4.51140977020259e-06,2.8179471200928674e-07,12079,
389,2.2897313101566397e-05,1.4588272279070225e-06,1.0405981631933514e-09,12089,
389,,,,12089,3.4907909139292315e-05
390,3.3788663131417707e-05,5.314397185429698e-06,2.513909294066252e-07,12099,
390,3.304909841972403e-05,5.746619990532054e-06,2.3604526688814076e-07,12109,
390,3.0872088245814666e-05,2.987602783832699e-06,2.751221757080202e-07,12119,
390,,,,12120,3.2612730137770995e-05
391,3.0898921977495775e-05,3.0656774470116943e-06,2.9109301635799056e-07,12129,
391,3.276369534432888e-05,3.6444100715016248e-06,2.852341083325882e-07,12139,
391,3.0452078135567717e-05,3.233975576222292e-06,2.8372099336593237e-07,12149,
391,,,,12151,3.2381889468524605e-05
392,3.182004002155736e-05,3.326191063024453e-06,2.623941952606401e-07,12159,
392,3.1164261599769816e-05,3.485694605842582e-06,2.688661595584563e-07,12169,
392,3.10956165776588e-05,3.559207243597484e-06,2.7532448143574584e-07,12179,
392,,,,12182,3.261389065301046e-05
393,3.2730778912082314e-05,3.329723085698788e-06,2.6749947323878587e-07,12189,
393,3.139486216241494e-05,3.246410415158607e-06,2.785509138902853e-07,12199,
393,3.0909268389223143e-05,3.1950301035976736e-06,2.8070522262169106e-07,12209,
393,,,,12213,3.441468652454205e-05
394,3.387183460290544e-05,5.144943315826822e-06,2.6097904992639087e-07,12219,
394,3.3301639632554725e-05,5.83896644457127e-06,2.9736168016825104e-07,12229,
394,3.094365092692897e-05,4.427042767929379e-06,2.5040961304512166e-07,12239,
394,,,,12244,3.437880877754651e-05
395,3.248637221986428e-05,4.3016621020797174e-06,2.8564500098582357e-07,12249,
395,3.2720672606956214e-05,5.461663022288121e-06,2.712319542297337e-07,12259,
395,3.182248110533692e-05,4.630218882084591e-06,2.771742515506048e-07,12269,
395,,,,12275,3.241971353418194e-05
396,3.260024459450506e-05,3.7158577015361516e-06,2.83974344483795e-07,12279,
396,3.141084380331449e-05,3.913413820555434e-06,2.906862164309132e-07,12289,
396,3.025779551535379e-05,3.2458069654239807e-06,2.5811846171563957e-07,12299,
396,,,,12306,3.2839805498952046e-05
397,3.110965553787537e-05,4.961964350513881e-06,2.823149714004103e-07,12309,
397,3.122858834103681e-05,5.363297532312572e-06,2.800691163429292e-07,12319,
397,3.040238698304165e-05,3.3233391150133684e-06,2.6554275223134027e-07,12329,
397,,,,12337,3.155928789055906e-05
398,3.2715754059609026e-05,4.975790943717584e-06,2.7458420959192154e-07,12339,
398,3.087135701207444e-05,3.881623797497014e-06,2.720194345329219e-07,12349,
398,3.009709507750813e-05,2.8596200536412653e-06,2.603032953629736e-07,12359,
398,,,,12368,3.188416303601116e-05
399,3.197008845745586e-05,3.4441175102983834e-06,2.662910105755145e-07,12369,
399,3.0410899853450246e-05,3.20606773129839e-06,2.8074643410036515e-07,12379,
399,3.0188257369445637e-05,3.029416120625683e-06,2.879773717268108e-07,12389,
399,2.18379391299095e-05,1.1856685659950017e-06,1.0854696030904165e-09,12399,
399,,,,12399,3.137879684800282e-05
400,3.2935811759671196e-05,4.266514224582352e-06,2.575727648945758e-07,12409,
400,3.297304647276178e-05,3.7703412090195343e-06,2.4152973310265224e-07,12419,
400,3.2246593036688864e-05,3.7959573546686443e-06,2.812813590935548e-07,12429,
400,,,,12430,3.8081743696238846e-05
401,4.201261617708951e-05,1.1299827747279778e-05,2.982771718507138e-07,12439,
401,4.225663360557519e-05,2.410096385574434e-05,2.9391955536084424e-07,12449,
401,3.5154473152942955e-05,7.418047061946709e-06,2.9029357051513216e-07,12459,
401,,,,12461,3.552202906575985e-05
402,3.7333116779336706e-05,7.855709554860368e-06,2.6799366992236173e-07,12469,
402,3.1930099794408306e-05,3.909763563569868e-06,2.746162408584496e-07,12479,
402,3.218361234758049e-05,3.8935081647650804e-06,2.81160396298219e-07,12489,
402,,,,12492,3.333326822030358e-05
403,3.225596810807474e-05,6.4744026531116106e-06,2.7304440664011054e-07,12499,
403,3.108561577391811e-05,3.4716047139227157e-06,2.8423136200217414e-07,12509,
403,3.0479701308649965e-05,3.0654093734483467e-06,2.8671362883869733e-07,12519,
403,,,,12523,3.3195476135006174e-05
404,3.249969086027704e-05,4.680399797507562e-06,2.6691577659221366e-07,12529,
404,3.144943548250012e-05,3.5542304885893827e-06,3.0390165761673416e-07,12539,
404,2.999629214173183e-05,3.189390554325655e-06,2.5596756358936545e-07,12549,
404,,,,12554,3.332597771077417e-05
405,3.158271647407673e-05,5.911585049034329e-06,2.9212745289441955e-07,12559,
405,3.0285549655673094e-05,3.3591263672860805e-06,2.7687121928465785e-07,12569,
405,3.100715912296437e-05,3.114569835815928e-06,2.8334946478025813e-07,12579,
405,,,,12585,3.427668707445264e-05
406,3.1732484785607085e-05,3.5262514757050667e-06,2.9041760285508644e-07,12589,
406,3.0972223612479866e-05,3.0907283417036524e-06,2.965229271012504e-07,12599,
406,2.936939381470438e-05,2.778083626253647e-06,2.6395579766358424e-07,12609,
406,,,,12616,3.2648480555508286e-05
407,3.080348324147053e-05,3.9055917113728356e-06,2.882942453652504e-07,12619,
407,3.069299054914154e-05,3.4063039038301213e-06,2.861200130155339e-07,12629,
407,2.945999221992679e-05,2.649685484357178e-06,2.713459252845496e-07,12639,
407,,,,12647,3.222037776140496e-05
408,3.3157473808387294e-05,5.300032626109896e-06,2.80362826288183e-07,12649,
408,2.9738497687503695e-05,3.5470443435769994e-06,2.7829170790028e-07,12659,
408,2.9568785976152867e-05,2.8431340979295783e-06,2.655179969224264e-07,12669,
408,,,,12678,3.131373523501679e-05
409,3.1455983844352886e-05,3.28846431330021e-06,2.7180627171219385e-07,12679,
409,2.9218490453786217e-05,2.9117404665157665e-06,2.8683029995590914e-07,12689,
409,2.9026898118900135e-05,2.9719815302087227e-06,2.9420166924865043e-07,12699,
409,2.117218537023291e-05,1.0017998874900513e-06,1.1292360380110722e-09,12709,
409,,,,12709,3.1355499231722206e-05
410,3.136213854304515e-05,3.3871187952172477e-06,2.6266886266057554e-07,12719,
410,3.146264862152748e-05,3.1353363283415092e-06,2.464466319906933e-07,12729,
410,3.034873770957347e-05,2.766228590189712e-06,2.871241804314195e-07,12739,
410,,,,12740,3.3109139621956274e-05
411,3.128887328784913e-05,3.091102598773432e-06,3.0390933147828036e-07,12749,
411,3.477460268186405e-05,4.7905950850690715e-06,2.9785266519866127e-07,12759,
411,2.9695913326577283e-05,3.505600716380286e-06,2.960239271487808e-07,12769,
411,,,,12771,3.359331822139211e-05
412,3.137602470815182e-05,3.7703823636547895e-06,2.7384209033698426e-07,12779,
412,3.0024295483599417e-05,5.217623765929602e-06,2.797445688429434e-07,12789,
412,3.093662962783128e-05,3.3657433959888294e-06,2.8707299293273536e-07,12799,
412,,,,12802,3.422897498239763e-05
413,3.477321661193855e-05,4.392079063109122e-06,2.783901038583281e-07,12809,
413,3.238817589590326e-05,5.0777084652509075e-06,2.9029084203102684e-07,12819,
413,3.0595365387853235e-05,3.5700315947906347e-06,2.926736044628342e-07,12829,
413,,,,12833,3.296750219305977e-05
414,3.260948142269626e-05,3.832386028079782e-06,2.7185927820028155e-07,12839,
414,3.056703644688241e-05,3.624438932092744e-06,3.101481240719295e-07,12849,
414,3.0306224289233796e-05,3.064509655814618e-06,2.618662051645515e-07,12859,
414,,,,12864,3.118619497399777e-05
415,3.0682440410600975e-05,5.723681169911288e-06,2.973341679535224e-07,12869,
415,3.104660572716966e-05,3.835561528831022e-06,2.828615777161758e-07,12879,
415,3.069479134865105e-05,4.261376034264686e-06,2.881955367683986e-07,12889,
415,,,,12895,3.441610897425562e-05
416,2.9775241273455322e-05,4.059653747390257e-06,2.9657522304660233e-07,12899,
416,3.277243740740232e-05,5.462604804051807e-06,3.0278681606432656e-07,12909,
416,2.994942587974947e-05,5.46243200005847e-06,2.697490799619118e-07,12919,
416,,,,12926,3.204870517947711e-05
417,2.9725124477408826e-05,5.213652457314311e-06,2.9441960691656277e-07,12929,
417,3.112175909336656e-05,4.036811333207879e-06,2.9129708423170086e-07,12939,
417,2.9847476980648935e-05,3.2047480544861173e-06,2.775788345843466e-07,12949,
417,,,,12957,3.460969674051739e-05
418,3.477486825431697e-05,7.69632970332168e-06,2.866189277028752e-07,12959,
418,3.15330435114447e-05,3.591763515942148e-06,2.839909996055212e-07,12969,
418,2.972787660837639e-05,3.1441584269487066e-06,2.7127697421747143e-07,12979,
418,,,,12988,3.135621955152601e-05
419,3.1397743441630155e-05,3.7829818211321253e-06,2.7754296638704545e-07,12989,
419,2.9670271032955498e-05,3.449597670623916e-06,2.9246734811749775e-07,12999,
419,2.8751042918884195e-05,2.8163058232166804e-06,3.0037426768103614e-07,13009,
419,2.1090185327921063e-05,9.21525327157724e-07,1.1720937553860722e-09,13019,
419,,,,13019,3.1991970899980515e-05
420,3.0916773539502174e-05,3.4109675652871374e-06,2.675193115919683e-07,13029,
420,3.065119744860567e-05,3.0572323339583818e-06,2.5130421477115306e-07,13039,
420,2.8950591513421386e-05,2.896716750910855e-06,2.928942990365613e-07,13049,
420,,,,13050,3.1156094337347895e-05
421,3.02359458146384e-05,3.3019093734765192e-06,3.1001178513179184e-07,13059,
421,3.036369162146002e-05,2.947209850390209e-06,3.032194797469856e-07,13069,
421,2.9254639230202883e-05,3.349208554936922e-06,3.0168553166731726e-07,13079,
421,,,,13081,3.2855132303666323e-05
422,3.0344855986186303e-05,3.555553121259436e-06,2.7849432626680937e-07,13089,
422,3.0924602469895035e-05,4.667843313654885e-06,2.856549485841242e-07,13099,
422,3.0037062970222905e-05,3.6776953038497595e-06,2.926286413185153e-07,13109,
422,,,,13112,3.4477387089282274e-05
423,3.199804632458836e-05,5.316969236446312e-06,2.842593858076725e-07,13119,
423,3.1463965569855645e-05,4.559324679576093e-06,2.956779496798845e-07,13129,
423,3.058039510506205e-05,4.6412405936280265e-06,2.983705940096115e-07,13139,
423,,,,13143,3.178798215230927e-05
424,3.3876229281304404e-05,7.859510333219077e-06,2.7711305961020116e-07,13149,
424,3.094635030720383e-05,3.341780484333867e-06,3.166374540342076e-07,13159,
424,2.911028786911629e-05,3.062500809392077e-06,2.6661371066438733e-07,13169,
424,,,,13174,3.493303302093409e-05
425,3.198673584847711e-05,7.977847417350858e-06,3.038564386770304e-07,13179,
425,3.163354631396942e-05,3.877858489431674e-06,2.883343483972567e-07,13189,
425,3.214620301150717e-05,3.202729885742883e-06,2.9386703204181686e-07,13199,
425,,,,13205,3.4079537726938725e-05
426,3.2192965591093525e-05,5.286006398819154e-06,3.026711112852354e-07,13209,
426,3.1713432690594345e-05,4.1270500332757365e-06,3.089893425567425e-07,13219,
426,2.941509046650026e-05,3.1399301860801643e-06,2.7467189056551433e-07,13229,
426,,,,13236,3.312342596473172e-05
427,3.1173756724456325e-05,5.021176093578106e-06,2.9946650670353847e-07,13239,
427,3.257912248955108e-05,5.762461114500184e-06,2.965032308566151e-07,13249,
427,2.9529535822803155e-05,2.982607838930562e-06,2.8261061402190535e-07,13259,
427,,,,13267,2.97047972708242e-05
428,3.0152352337609045e-05,3.424271199037321e-06,2.914559615874168e-07,13269,
428,2.8600783480214886e-05,3.5631867376650916e-06,2.891518420256034e-07,13279,
428,2.8728285542456433e-05,2.851764065781026e-06,2.757902564098913e-07,13289,
428,,,,13298,3.001873119501397e-05
429,3.023971112270374e-05,3.276365987403551e-06,2.8252631523173477e-07,13299,
429,2.8509721232694574e-05,3.3033300042006886e-06,2.980385147566267e-07,13309,
429,2.8446998840081505e-05,3.154146497763577e-06,3.061802544834791e-07,13319,
429,2.0654078980442137e-05,9.833231615630211e-07,1.2135976668048443e-09,13329,
429,,,,13329,2.9639038984896615e-05
430,3.030687730642967e-05,3.406932592042722e-06,2.72923330157937e-07,13339,
430,2.9094499041093513e-05,2.7604382921708748e-06,2.560529424044944e-07,13349,
430,2.8829941584262997e-05,2.7602709451457486e-06,2.9827788239344954e-07,13359,
430,,,,13360,3.117639425909147e-05
431,3.1321575079346076e-05,3.3141602671094006e-06,3.160809569635603e-07,13369,
431,3.0000450351508334e-05,3.5667969768837793e-06,3.089224094310339e-07,13379,
431,2.959580160677433e-05,3.1397635211760644e-06,3.071047842695407e-07,13389,
431,,,,13391,3.0414576031034812e-05
432,2.9993467251188122e-05,3.5780187772616046e-06,2.8365309390210314e-07,13399,
432,2.872188633773476e-05,2.445630116199027e-06,2.9080220542709867e-07,13409,
432,2.9118677048245445e-05,2.98148324873182e-06,2.9786377808704856e-07,13419,
432,,,,13422,3.1008137739263475e-05
433,2.9720620659645647e-05,3.853001544484869e-06,2.8894604042761785e-07,13429,
433,2.909297290898394e-05,4.922256266581826e-06,3.0101023185125086e-07,13439,
433,2.9553804779425263e-05,2.939033265647595e-06,3.0387715810320515e-07,13449,
433,,,,13453,3.024163561349269e-05
434,3.083052797592245e-05,5.6834564929886255e-06,2.8163626097921224e-07,13459,
434,3.043479773623403e-05,3.633382902989979e-06,3.2265685945276346e-07,13469,
434,2.8634702175622806e-05,3.5271184515295317e-06,2.716888332088274e-07,13479,
434,,,,13484,3.082581315538846e-05
435,2.866115391952917e-05,2.9788848223688547e-06,3.085624200593884e-07,13489,
435,2.9334029022720642e-05,3.860342076222878e-06,2.931900837666035e-07,13499,
435,2.9501623430405743e-05,4.179744792054407e-06,2.9920246902293e-07,13509,
435,,,,13515,3.1926723750075325e-05
436,3.158988693030551e-05,2.9608706881845137e-06,3.0822556595921924e-07,13519,
436,3.3178039302583784e-05,5.2726313697348814e-06,3.138723627671425e-07,13529,
436,3.0591410904889926e-05,7.452011686837068e-06,2.794378701764799e-07,13539,
436,,,,13546,3.310981628601439e-05
437,3.362013376317918e-05,5.221073934080778e-06,3.0479233714686416e-07,13549,
437,3.3209686080226675e-05,3.5274667880003108e-06,3.0233090342335345e-07,13559,
437,3.040771116502583e-05,6.380092145263916e-06,2.8836299748036254e-07,13569,
437,,,,13577,3.1548028346151114e-05
438,3.332300184410997e-05,9.30169608182041e-06,2.9720951033596066e-07,13579,
438,3.122413545497693e-05,4.848549906455446e-06,2.9467526019288925e-07,13589,
438,2.9781846023979597e-05,4.112623628316214e-06,2.8157765541436675e-07,13599,
438,,,,13608,3.2960619137156755e-05
439,3.3378895750502124e-05,5.4291149353957735e-06,2.8797563800253556e-07,13609,
439,3.0160590540617704e-05,6.833910447312519e-06,3.034168969406892e-07,13619,
439,2.9971713956911117e-05,3.478936605461058e-06,3.117868345725583e-07,13629,
439,2.0563811631291173e-05,1.1965803423663601e-06,1.2543255323294034e-09,13639,
439,,,,13639,3.090007521677762e-05
440,3.0033514121896587e-05,3.1460040190722793e-06,2.776160954454099e-07,13649,
440,2.909481008828152e-05,4.1032262743101455e-06,2.6085527338182146e-07,13659,
440,2.8175756597192958e-05,3.018197503479314e-06,3.0387238325602084e-07,13669,
440,,,,13670,3.0680763302370906e-05
441,2.8800792279071175e-05,2.8200295218994142e-06,3.211491730326088e-07,13679,
441,2.8400014343787916e-05,2.715582013479434e-06,3.143441063002683e-07,13689,
441,2.8342157747829333e-05,2.65410335487104e-06,3.1259079946721613e-07,13699,
441,,,,13701,2.910365401476156e-05
442,2.882186345232185e-05,3.6841065593762323e-06,2.88250902258369e-07,13709,
442,2.805154690577183e-05,3.4402455639792606e-06,2.9605942586385936e-07,13719,
442,2.8262182240723632e-05,2.438304136376246e-06,3.029586821412522e-07,13729,
442,,,,13732,2.9645123504451476e-05
443,2.9174536393838935e-05,3.360196160429041e-06,2.938002410246554e-07,13739,
443,2.8548771297209896e-05,3.3025394259311724e-06,3.0625679414697515e-07,13749,
443,2.828226024575997e-05,2.410534079899662e-06,3.08993207909225e-07,13759,
443,,,,13763,2.9068462026771158e-05
444,2.943990875792224e-05,3.8837069951114245e-06,2.871738900012133e-07,13769,
444,2.9060500310151838e-05,2.9981592888361774e-06,3.285089462679025e-07,13779,
444,2.79832529486157e-05,2.7658816179609857e-06,2.769607192476542e-07,13789,
444,,,,13794,2.915230106736999e-05
445,2.8098682378185913e-05,3.1573185879096854e-06,3.1429570412910834e-07,13799,
445,2.7874266379512846e-05,2.5795025067054667e-06,2.9859236860829697e-07,13809,
445,2.8582200684468262e-05,2.6785844511323376e-06,3.0443297305282613e-07,13819,
445,,,,13825,2.947465873148758e-05
446,2.8310554625932127e-05,2.6185516617260873e-06,3.1368594477498846e-07,13829,
446,2.8497323000920005e-05,3.995756742369849e-06,3.1970651548363094e-07,13839,
446,2.7568807126954198e-05,3.044048526135157e-06,2.8469980861700606e-07,13849,
446,,,,13856,2.950533598777838e-05
447,2.861963730538264e-05,4.157570856477832e-06,3.101300762864412e-07,13859,
447,2.9588032703031786e-05,3.879358700942248e-06,3.0715307275386294e-07,13869,
447,2.8340906283119693e-05,2.6450670702615753e-06,2.9383085120571195e-07,13879,
447,,,,13887,3.161439235555008e-05
448,3.435156031628139e-05,5.923360276938183e-06,3.0342246759573754e-07,13889,
448,3.1918782042339444e-05,3.863171059492743e-06,3.008168505402864e-07,13899,
448,2.8513624783954583e-05,3.5688915431819623e-06,2.8630250881178654e-07,13909,
448,,,,13918,3.387005563126877e-05
449,3.372856372152455e-05,7.994952284207102e-06,2.9337496698644827e-07,13919,
449,4.2364277760498226e-05,5.867698291694978e-06,3.0947325058150454e-07,13929,
449,3.307702354504727e-05,5.248739853414008e-06,3.178121801283851e-07,13939,
449,2.0557292373268865e-05,1.5844074141568854e-06,1.2936016702269626e-09,13949,
449,,,,13949,3.148148243781179e-05
450,3.142320201732218e-05,4.152086603426142e-06,2.828037111157755e-07,13959,
450,2.9590803023893386e-05,4.147787876718212e-06,2.658528615029354e-07,13969,
450,2.847442010533996e-05,3.0820713163848268e-06,3.0883683166393894e-07,13979,
450,,,,13980,3.347557139932178e-05
451,3.177306643920019e-05,5.229277121543419e-06,3.2684431516827317e-07,13989,
451,2.9352955607464537e-05,3.3101343888120027e-06,3.194962232555554e-07,13999,
451,2.85939167952165e-05,2.831219717336353e-06,3.178720362484455e-07,14009,
451,,,,14011,3.0023049475857988e-05
452,2.8301015845499933e-05,3.180786734446883e-06,2.9347853569561266e-07,14019,
452,2.7866673917742446e-05,2.6546822482487187e-06,3.011490719018184e-07,14029,
452,2.9176815587561578e-05,2.7830606086354237e-06,3.077118719829741e-07,14039,
452,,,,14042,3.196465695509687e-05
453,3.117716187261976e-05,5.6998064792423975e-06,2.995012380324624e-07,14049,
453,2.924723958130926e-05,5.132834303367417e-06,3.1140876899371506e-07,14059,
453,2.8704900614684448e-05,3.1618853881809628e-06,3.1438244718628994e-07,14069,
453,,,,14073,3.706447751028463e-05
454,3.428380296099931e-05,1.1969634215347469e-05,2.931165283825976e-07,14079,
454,2.9660413929377683e-05,3.970392754126806e-06,3.326656212720991e-07,14089,
454,2.8394781111273915e-05,3.1588781439495506e-06,2.8191379897180013e-07,14099,
454,,,,14104,3.52969036612194e-05
455,3.4021380997728556e-05,8.432843060290907e-06,3.2080399137157656e-07,14109,
455,2.9507031285902485e-05,4.6341151573869865e-06,3.0345970003509137e-07,14119,
455,3.048031430807896e-05,2.9509462819987675e-06,3.09998853254001e-07,14129,
455,,,,14135,3.083268893533386e-05
456,2.9830312996637076e-05,3.411144234632957e-06,3.1846010983827e-07,14139,
456,2.9169525078032166e-05,3.0084877380431863e-06,3.246111930366169e-07,14149,
456,2.7348845833330415e-05,2.337888872716576e-06,2.891883923439309e-07,14159,
456,,,,14166,2.8564018066390418e-05
457,2.7560567104956135e-05,2.8775066311936826e-06,3.147900997646502e-07,14169,
457,2.792972736642696e-05,2.5624101454013726e-06,3.117554570053471e-07,14179,
457,2.703989048313815e-05,2.0691666122729657e-06,2.983700824188418e-07,14189,
457,,,,14197,2.768109152384568e-05
458,2.7977843274129555e-05,2.693341457415954e-06,3.070801994908834e-07,14199,
458,2.6982115741702728e-05,2.4453181595163187e-06,3.0464789801953884e-07,14209,
458,2.7092100935988128e-05,2.139767957487493e-06,2.9054024253127864e-07,14219,
458,,,,14228,2.8688287784461863e-05
459,2.8859700250905007e-05,2.869247282433207e-06,2.972422805669339e-07,14229,
459,2.7074063837062567e-05,2.3643144686502637e-06,3.137614328352356e-07,14239,
459,2.6883224563789554e-05,2.4311175366165116e-06,3.228990124171105e-07,14249,
459,1.994611375266686e-05,8.99190524705773e-07,1.3369958473674615e-09,14259,
459,,,,14259,2.889847382903099e-05
460,2.8818989449064247e-05,3.119486791547388e-06,2.867539876660885e-07,14269,
460,2.8708835088764317e-05,2.931357585111982e-06,2.697330216960836e-07,14279,
460,2.754984780040104e-05,2.368446757827769e-06,3.141184095056815e-07,14289,
460,,,,14290,2.929043330368586e-05
461,2.9660463042091578e-05,4.018973413622007e-06,3.3170135793625377e-07,14299,
461,2.8693779313471168e-05,3.0654853162559448e-06,3.2425162999061286e-07,14309,
461,2.7637963285087608e-05,2.538283979447442e-06,3.2259654858535214e-07,14319,
461,,,,14321,2.8930953703820705e-05
462,2.9296765205799602e-05,3.080152282564086e-06,2.9831471692887135e-07,14329,
462,2.76688406302128e-05,2.412816229480086e-06,3.055107811178459e-07,14339,
462,2.7811722247861326e-05,2.581827629910549e-06,3.12838750460287e-07,14349,
462,,,,14352,2.9323826311156154e-05
463,2.9650325814145617e-05,3.929649210476782e-06,3.03378385524411e-07,14359,
463,2.861426219169516e-05,2.746927748376038e-06,3.156397099246533e-07,14369,
463,2.7687250621966086e-05,2.7268943085800856e-06,3.191738358054863e-07,14379,
463,,,,14383,3.1916992156766355e-05
464,3.4666547435335815e-05,4.412536782183452e-06,2.9701038783969125e-07,14389,
464,3.129556353087537e-05,4.307785275159404e-06,3.377396637915808e-07,14399,
464,2.9626264222315513e-05,4.1619000512582716e-06,2.8652249284277787e-07,14409,
464,,,,14414,3.191186624462716e-05
465,3.271756213507615e-05,6.4940732045215555e-06,3.24223179859473e-07,14419,
465,2.9238777642603964e-05,6.12256280874135e-06,3.079239547787438e-07,14429,
465,2.9468545108102262e-05,4.459469892026391e-06,3.1389711807605636e-07,14439,
465,,,,14445,3.160298729198985e-05
466,3.134034341201186e-05,3.994112830696395e-06,3.234703456200805e-07,14449,
466,3.075331187574193e-05,5.347078968043206e-06,3.297656974154961e-07,14459,
466,2.916928133345209e-05,5.202208740229253e-06,2.936174894330179e-07,14469,
466,,,,14476,3.121819099760614e-05
467,2.843972106347792e-05,3.7203551528364187e-06,3.193916597865609e-07,14479,
467,3.289697633590549e-05,4.256214651832124e-06,3.169935780533706e-07,14489,
467,2.9382670618360862e-05,6.0662291616608854e-06,3.03506823229327e-07,14499,
467,,,,14507,2.9935248676338233e-05
468,3.2316052966052666e-05,9.654758287069853e-06,3.1262081279237464e-07,14509,
468,2.9688264476135373e-05,4.149521828367142e-06,3.0949726692597324e-07,14519,
468,2.7956761186942458e-05,2.6476941457076464e-06,2.954513718123053e-07,14529,
468,,,,14538,3.079257658100687e-05
469,3.10722753056325e-05,3.497710395095055e-06,3.0175019105627143e-07,14539,
469,2.8420914532034658e-05,3.978034783358453e-06,3.186521269071818e-07,14549,
469,2.757443508016877e-05,2.696444880712079e-06,3.283377054685843e-07,14559,
469,1.9632567273220047e-05,1.2106729627703317e-06,1.3772567530878632e-09,14569,
469,,,,14569,2.9923534384579398e-05
470,3.0242146749515086e-05,3.608481392802787e-06,2.9190888994889974e-07,14579,
470,2.8172480597277172e-05,2.8159427074569976e-06,2.7417320325184846e-07,14589,
470,2.689958637347445e-05,2.3399620658892673e-06,3.1894205676508136e-07,14599,
470,,,,14600,2.893735290854238e-05
471,2.755433706624899e-05,2.5911215288942913e-06,3.367778447227465e-07,14609,
471,2.7013251383323222e-05,2.0265899820515187e-06,3.293264114745398e-07,14619,
471,2.6995689040631987e-05,2.144549171134713e-06,3.278182987287437e-07,14629,
471,,,,14631,2.774288077489473e-05
472,2.7136107746628113e-05,2.266977844556095e-06,3.025867272299365e-07,14639,
472,2.655813113960903e-05,2.203825715696439e-06,3.1034252856443345e-07,14649,
472,2.702930760278832e-05,2.279700993312872e-06,3.17687238293729e-07,14659,
472,,,,14662,2.8442633265512995e-05
473,2.7570482416194864e-05,2.402202426310396e-06,3.080240844610671e-07,14669,
473,2.735205998760648e-05,2.952686145363259e-06,3.2066330390989606e-07,14679,
473,2.7137371944263577e-05,2.2649651327810716e-06,3.239247803321632e-07,14689,
473,,,,14693,2.848261829058174e-05
474,2.8596172342076898e-05,3.3428675578761613e-06,3.007388897913188e-07,14699,
474,2.7811547624878585e-05,2.970381729028304e-06,3.4386562219879124e-07,14709,
474,2.680427860468626e-05,2.5094268494285643e-06,2.9069869356135314e-07,14719,
474,,,,14724,2.9049486329313368e-05
475,2.8446127544157207e-05,2.895602165153832e-06,3.289724190835841e-07,14729,
475,2.7870366466231644e-05,4.020009782834677e-06,3.128318439848954e-07,14739,
475,2.770315586531069e-05,4.219914444547612e-06,3.185372179359547e-07,14749,
475,,,,14755,3.181158172083087e-05
476,3.0991188396001235e-05,4.325249847170198e-06,3.2843226449585927e-07,14759,
476,3.279409429524094e-05,8.365414942090865e-06,3.348766313138185e-07,14769,
476,3.023255521839019e-05,1.111583424062701e-05,2.9803791790072864e-07,14779,
476,,,,14786,3.153422585455701e-05
477,3.300768003100529e-05,8.957571481005289e-06,3.2493170465386356e-07,14789,
477,3.503362677292898e-05,3.891964752256172e-06,3.2149048934115854e-07,14799,
477,2.935188422270585e-05,8.660801540827379e-06,3.079819919094007e-07,14809,
477,,,,14817,3.1849882361711934e-05
478,3.2055129850050434e-05,1.0249076694890391e-05,3.175085794282495e-07,14819,
478,2.9718068617512472e-05,4.081199222127907e-06,3.1401293654198525e-07,14829,
478,2.737036811595317e-05,2.6342595447204076e-06,2.995364809521561e-07,14839,
478,,,,14848,3.2690837542759255e-05
479,3.256193667766638e-05,5.222038453212008e-06,3.064826046283997e-07,14849,
479,2.797090564854443e-05,3.621511268647737e-06,3.229213803024322e-07,14859,
479,2.8459980967454612e-05,3.342068112033303e-06,3.327577076106536e-07,14869,
479,1.9286917449790053e-05,8.309982035825669e-07,1.4110715929049888e-09,14879,
479,,,,14879,2.7593598133535124e-05
480,2.7102963940706104e-05,2.278784222653485e-06,2.9505096676984977e-07,14889,
480,2.6987889214069583e-05,2.4543974177504424e-06,2.778366194888804e-07,14899,
480,2.643803418322932e-05,2.06617551157251e-06,3.2326317978004226e-07,14909,
480,,,,14910,2.806405973387882e-05
481,2.714629408728797e-05,2.2934734715818195e-06,3.41092004418897e-07,14919,
481,2.7009476980310865e-05,2.3207749109133147e-06,3.3366060847583867e-07,14929,
481,2.6878178687184118e-05,2.374451696596225e-06,3.319486552300077e-07,14939,
481,,,,14941,2.8806147383875214e-05
482,2.6927060389425606e-05,2.9904219900345197e-06,3.0631736080977134e-07,14949,
482,2.721107011893764e-05,2.5215135792677756e-06,3.141354341096303e-07,14959,
482,2.6839379643206485e-05,2.396860281805857e-06,3.2184786391553644e-07,14969,
482,,,,14972,2.992137524415739e-05
483,2.9785287551931106e-05,4.466890914045507e-06,3.1243357057064713e-07,14979,
483,3.056565037695691e-05,4.9724126256478485e-06,3.251473117416026e-07,14989,
483,2.7371936084819026e-05,2.97510678137769e-06,3.282183911323955e-07,14999,
483,,,,15003,3.168829425703734e-05
484,3.064256452489644e-05,4.569375505525386e-06,3.0505358949994843e-07,15009,
484,2.8157646738691255e-05,3.759800620173337e-06,3.482639385765651e-07,15019,
484,2.671378751983866e-05,3.266951125624473e-06,2.9497186915250495e-07,15029,
484,,,,15034,2.8385664336383343e-05
485,2.7904912712983787e-05,3.200933861080557e-06,3.331922187044256e-07,15039,
485,2.698832395253703e-05,3.7875604448345257e-06,3.1680153256274934e-07,15049,
485,2.7570076781557873e-05,2.984260163430008e-06,3.226358842312038e-07,15059,
485,,,,15065,2.816463165800087e-05
486,2.6887153580901213e-05,2.8134973035776056e-06,3.328559614601545e-07,15069,
486,2.731484710238874e-05,2.8165254661871586e-06,3.390900644717476e-07,15079,
486,2.625997512950562e-05,2.477109319443116e-06,3.0203028700270806e-07,15089,
486,,,,15096,2.779392889351584e-05
487,2.6252617317368276e-05,2.3276195406651823e-06,3.2825144558046304e-07,15099,
487,2.7056286853621714e-05,3.294024054412148e-06,3.2454963161399064e-07,15109,
487,2.614261393318884e-05,2.1518903849937487e-06,3.124034435586509e-07,15119,
487,,,,15127,2.750142266449984e-05
488,2.8275697331991978e-05,2.820853751472896e-06,3.212319654721796e-07,15129,
488,2.6854266252485104e-05,3.5174095955881057e-06,3.178664940151066e-07,15139,
488,2.648472218425013e-05,2.174114342778921e-06,3.038028069113352e-07,15149,
488,,,,15158,2.803895404213108e-05
489,2.823426984832622e-05,3.176216296196799e-06,3.104414076915418e-07,15159,
489,2.6833438823814504e-05,2.4865128125384217e-06,3.2710380537537276e-07,15169,
489,2.639114245539531e-05,2.4159148779290263e-06,3.373025379005412e-07,15179,
489,1.9151308151776902e-05,1.0798189578054007e-06,1.4479319965232662e-09,15189,
489,,,,15189,2.946276254078839e-05
490,3.405475945328362e-05,3.7153276934986934e-06,2.9987404559506103e-07,15199,
490,2.7925016183871776e-05,2.9727098080911674e-06,2.8223715275998984e-07,15209,
490,2.745286292338278e-05,2.393814611423295e-06,3.2793670357023075e-07,15219,
490,,,,15220,3.1116327591007575e-05
491,2.981328907480929e-05,3.2042696602729848e-06,3.4571681339912175e-07,15229,
491,2.8272990675759502e-05,2.2792471554566873e-06,3.3765647344807803e-07,15239,
491,2.757376933004707e-05,3.1022839266370283e-06,3.3662934129097266e-07,15249,
491,,,,15251,2.9536015063058585e-05
492,2.7847278033732437e-05,3.4463525935279904e-06,3.1070794648258016e-07,15259,
492,2.7127320208819583e-05,3.5634473078971496e-06,3.185696471064148e-07,15269,
492,2.651186332514044e-05,2.8358824692986673e-06,3.262441907736502e-07,15279,
492,,,,15282,2.838796172000002e-05
493,2.8163829483673908e-05,2.608474233056768e-06,3.1619296692042553e-07,15289,
493,2.7890173441846855e-05,3.2649634249537485e-06,3.289396772743203e-07,15299,
493,2.6533709387877025e-05,2.4546545773773687e-06,3.3241059327338007e-07,15309,
493,,,,15313,2.776274413918145e-05
494,2.7534091714187525e-05,2.4614773792563938e-06,3.0905934522706957e-07,15319,
494,2.633964322740212e-05,3.278086069258279e-06,3.523996667809115e-07,15329,
494,2.6087833248311654e-05,2.9350619570323033e-06,2.9881661589570285e-07,15339,
494,,,,15344,2.9164137231418863e-05
495,2.8662298063864e-05,3.7151039578020573e-06,3.3792647968766687e-07,15349,
495,2.816407686623279e-05,6.839778507128358e-06,3.2108994219015585e-07,15359,
495,2.8808461138396524e-05,6.557694632647326e-06,3.27105340147682e-07,15369,
495,,,,15375,2.843275979103055e-05
496,2.992488407471683e-05,3.4269626212335424e-06,3.369330840996554e-07,15379,
496,2.8589118301169947e-05,3.445564971116255e-06,3.433210622461047e-07,15389,
496,2.773368760244921e-05,5.713020982511807e-06,3.056863420169975e-07,15399,
496,,,,15406,2.8665044737863354e-05
497,3.209207352483645e-05,7.375919267360587e-06,3.333460938392818e-07,15409,
497,2.9872266168240458e-05,3.0501339551847195e-06,3.287121614903299e-07,15419,
497,2.795445834635757e-05,5.03962019138271e-06,3.166755959682632e-07,15429,
497,,,,15437,2.9191320209065452e-05
498,2.9273121981532313e-05,1.1978739166806918e-05,3.258425920193986e-07,15439,
498,2.89360286842566e-05,4.09211224905448e-06,3.22514722483902e-07,15449,
498,2.7431766284280457e-05,3.1948002288118005e-06,3.0828380204184214e-07,15459,
498,,,,15468,3.0418932510656305e-05
499,3.0376304493984208e-05,6.125269919721177e-06,3.143514675230108e-07,15469,
499,2.855016828107182e-05,3.4670435979933245e-06,3.313583079034288e-07,15479,
499,2.7648502509691752e-05,2.7854134714289103e-06,3.4144196092711354e-07,15489,
499,1.8776308934320696e-05,1.0517037480894942e-06,1.4775791701282515e-09,15499,
499,,,,15499,2.764683995337691e-05
500,2.6965910365106538e-05,2.996090643136995e-06,3.0315018761939427e-07,15509,
500,2.6479690859559923e-05,2.557832885941025e-06,2.85356719587071e-07,15519,
500,2.5918070605257526e-05,1.9804233488684986e-06,3.3188774750669836e-07,15529,
500,,,,15530,2.732824214035645e-05
501,2.7343452529748902e-05,2.9675873065571068e-06,3.495031819511496e-07,15539,
501,2.6712759790825658e-05,2.720084467000561e-06,3.4221289979541325e-07,15549,
501,2.6814910597749986e-05,2.6346278900746256e-06,3.4043247865156445e-07,15559,
501,,,,15561,2.8667322112596594e-05
502,2.6344616344431415e-05,2.610439651107299e-06,3.140135618195927e-07,15569,
502,2.8058726456947625e-05,3.5090292840322945e-06,3.2198258281823655e-07,15579,
502,2.7196774681215174e-05,2.8186050258227624e-06,3.3024286949512316e-07,15589,
502,,,,15592,3.0738930945517495e-05
503,2.9594522857223637e-05,3.2665520848240703e-06,3.205420000540471e-07,15599,
503,3.0701441573910415e-05,6.2618369156552944e-06,3.33136512153942e-07,15609,
503,2.837299689417705e-05,3.868495696224272e-06,3.3663016552054614e-07,15619,
503,,,,15623,3.656513217720203e-05
504,3.3164316846523434e-05,1.0051478056993801e-05,3.1378837661577563e-07,15629,
504,2.8137730623711832e-05,3.581060582291684e-06,3.568079023352766e-07,15639,
504,2.6863972379942425e-05,2.5599385935493046e-06,3.025586750027287e-07,15649,
504,,,,15654,3.4409247746225446e-05
505,3.4020558814518154e-05,8.777645234658848e-06,3.424334806823026e-07,15659,
505,2.8088912586099468e-05,3.711397539518657e-06,3.24949496643967e-07,15669,
505,2.841872446879279e-05,2.8715153348457534e-06,3.3124720744126535e-07,15679,
505,,,,15685,3.163723522447981e-05
506,3.0297493140096776e-05,3.2541465770918876e-06,3.4061241649396834e-07,15689,
506,2.712605601118412e-05,2.948974042737973e-06,3.477027519238618e-07,15699,
506,2.569852767919656e-05,2.1697812826459995e-06,3.093239229201572e-07,15709,
506,,,,15716,3.0305252948892303e-05
507,2.6101519324583933e-05,3.3677640658424934e-06,3.363078917573148e-07,15719,
507,2.7937507184105925e-05,2.9198872653068975e-06,3.326153432681167e-07,15729,
507,2.7369940653443336e-05,2.5460237793595297e-06,3.2040091468843457e-07,15739,
507,,,,15747,2.8778420528396964e-05
508,3.1597050110576674e-05,4.438540599949192e-06,3.2962600471364567e-07,15749,
508,2.8222530090715736e-05,3.986325737059815e-06,3.2610466860205634e-07,15759,
508,2.6096835426869802e-05,2.8086967631679727e-06,3.1139416023506783e-07,15769,
508,,,,15778,2.9683687898796052e-05
509,2.9908287615398876e-05,4.363738753454527e-06,3.1787152465767576e-07,15779,
509,2.7270361897535622e-05,2.476155259500956e-06,3.355057458520605e-07,15789,
509,2.6088146114489064e-05,2.380793375778012e-06,3.457479067492386e-07,15799,
509,1.9134498870698735e-05,1.2971212299817125e-06,1.5110834805653894e-09,15809,
509,,,,15809,2.8280770493438467e-05
510,2.87953680526698e-05,3.4507283999118954e-06,3.066520548600238e-07,15819,
510,2.738538387347944e-05,3.131794073851779e-06,2.885781782424601e-07,15829,
510,2.5798439310165122e-05,2.25726694225159e-06,3.3610098171266145e-07,15839,
510,,,,15840,2.8974589440622367e-05
511,2.6797688406077214e-05,2.2048918708605925e-06,3.536929682468326e-07,15849,
511,2.6487146897125058e-05,2.580629143267288e-06,3.4603698395585525e-07,15859,
511,2.606310954433866e-05,2.384486833761912e-06,3.442134186570911e-07,15869,
511,,,,15871,2.770061109913513e-05
512,2.8240556275704876e-05,3.934711912734201e-06,3.1776085052115377e-07,15879,
512,2.596588819869794e-05,2.4404450869042194e-06,3.2612834388601186e-07,15889,
512,2.6007530323113315e-05,2.302607072124374e-06,3.338617204917682e-07,15899,
512,,,,15902,2.8087644750485197e-05
513,2.7399792088544928e-05,2.206099679824547e-06,3.242130617309158e-07,15909,
513,2.629351001814939e-05,2.482157242411631e-06,3.364366989444534e-07,15919,
513,2.5743274818523787e-05,2.387217591603985e-06,3.4012794003501767e-07,15929,
513,,,,15933,2.6954854547511786e-05
514,2.761446921795141e-05,3.2861498766578734e-06,3.1648184517507616e-07,15939,
514,2.663544364622794e-05,2.6322768462705426e-06,3.6118927937422995e-07,15949,
514,2.542536094551906e-05,2.2644408090854995e-06,3.05833765423813e-07,15959,
514,,,,15964,2.76643786492059e-05
515,2.6857847842620686e-05,3.37395408678276e-06,3.451896191108972e-07,15969,
515,2.6407733457745053e-05,4.0969180190586485e-06,3.2845596820152423e-07,15979,
515,2.6631701985024847e-05,4.813325631403131e-06,3.3454136882937746e-07,15989,
515,,,,15995,2.888194467232097e-05
516,2.897020567615982e-05,3.375399273863877e-06,3.449236771757569e-07,15999,
516,2.869579111575149e-05,5.0697976803348865e-06,3.516646529533318e-07,16009,
516,2.669136483746115e-05,6.6573857111507095e-06,3.1276732670448837e-07,16019,
516,,,,16026,2.967609907500446e-05
517,2.8364633180899546e-05,5.746948318119394e-06,3.4056716913255514e-07,16029,
517,3.083363480982371e-05,3.683955583255738e-06,3.3687339850985154e-07,16039,
517,2.855712409655098e-05,7.0214491643127985e-06,3.247278641538287e-07,16049,
517,,,,16057,3.0981456802692264e-05
518,3.50648770108819e-05,1.8855833332054317e-05,3.3401627774765075e-07,16059,
518,3.0392522603506222e-05,6.274417955864919e-06,3.3039691516023595e-07,16069,
518,2.7560699891182594e-05,3.653335170383798e-06,3.154883643219364e-07,16079,
518,,,,16088,3.263691905885935e-05
519,3.2425170502392575e-05,4.486512807488907e-06,3.215652384369605e-07,16089,
519,2.840301203832496e-05,3.0133376185403904e-06,3.39148925831978e-07,16099,
519,2.6666759367799386e-05,3.2616776479699183e-06,3.4944770277434145e-07,16109,
519,1.8483822714188136e-05,1.2054113085468998e-06,1.5414994836149276e-09,16119,
519,,,,16119,2.7136391508975066e-05
520,2.6596351744956337e-05,2.4635558020236203e-06,3.0970753073233936e-07,16129,
520,2.5863160772132687e-05,2.4194555408030283e-06,2.918088171099953e-07,16139,
520,2.5034429199877195e-05,1.8250077573611634e-06,3.39428851248158e-07,16149,
520,,,,16150,2.802832932502497e-05
521,2.6052544853882864e-05,2.4276102976728e-06,3.5723655855690595e-07,16159,
521,2.5474006179138087e-05,2.250950046800426e-06,3.494190536912356e-07,16169,
521,2.553696140239481e-05,2.1376572476583533e-06,3.476808956293098e-07,16179,
521,,,,16181,2.837716237991117e-05
522,2.6947960577672347e-05,2.936796136054909e-06,3.20771334827441e-07,16189,
522,2.5160337827401236e-05,2.2081446786614833e-06,3.296355828297237e-07,16199,
522,2.5811859813984483e-05,1.956029791472247e-06,3.3730296422618267e-07,16209,
522,,,,16212,2.657864570210222e-05
523,2.5566234398866072e-05,2.6841714770853287e-06,3.2725813525757985e-07,16219,
523,2.634376687637996e-05,2.5209901650669053e-06,3.399266290671221e-07,16229,
523,2.528814184188377e-05,2.379654461037717e-06,3.436161648551206e-07,16239,
523,,,,16243,2.5667162844911218e-05
524,2.6457053536432795e-05,2.6014245122496504e-06,3.1981358006305527e-07,16249,
524,2.5044133508345112e-05,1.9089256966253743e-06,3.648575557235745e-07,16259,
524,2.4664157535880804e-05,1.7672364265308715e-06,3.093294367317867e-07,16269,
524,,,,16274,2.5637264116085134e-05
525,2.485158074705396e-05,2.391154339420609e-06,3.484627484340308e-07,16279,
525,2.4665092496434227e-05,2.0999675598432077e-06,3.321141832657304e-07,16289,
525,2.546385076129809e-05,2.017393171627191e-06,3.373715173893288e-07,16299,
525,,,,16305,2.5885188733809628e-05
526,2.5339777494082227e-05,1.9742931272048736e-06,3.484027502054232e-07,16309,
526,2.6340861950302497e-05,3.859223852487048e-06,3.5518272056833666e-07,16319,
526,2.5457276933593675e-05,3.638829412011546e-06,3.160882613428839e-07,16329,
526,,,,16336,2.8440252208383754e-05
527,2.6990061087417416e-05,2.9117816211510217e-06,3.4490653888497036e-07,16339,
527,2.805428630381357e-05,3.5845969250658527e-06,3.4004733606707305e-07,16349,
527,2.7972266252618283e-05,4.714952410722617e-06,3.2839363939274335e-07,16359,
527,,,,16367,2.794671308947727e-05
528,2.8552998628583737e-05,7.3202581916120835e-06,3.369670480424247e-07,16369,
528,2.7677744583343156e-05,3.3058045119105373e-06,3.33776256411511e-07,16379,
528,2.515062988095451e-05,2.5118586108874297e-06,3.1863993399383617e-07,16389,
528,,,,16398,2.811423473758623e-05
529,2.830346602422651e-05,5.252058599580778e-06,3.2474753197675454e-07,16399,
529,3.1164712709141895e-05,3.804025936915423e-06,3.426672776640771e-07,16409,
529,2.743179356912151e-05,3.0042629077797756e-06,3.530764729475777e-07,16419,
529,1.8702587112784386e-05,1.8624872382133617e-06,1.5662646735137287e-09,16429,
529,,,,16429,3.0712413717992604e-05
530,3.2847136026248336e-05,4.688963599619456e-06,3.1493715368924313e-07,16439,
530,2.793286148516927e-05,3.5024404496653005e-06,2.9573561732831877e-07,16449,
530,2.5919756808434613e-05,2.6336281280237017e-06,3.431553921018349e-07,16459,
530,,,,16460,2.8513157303677872e-05
531,2.7189229513169266e-05,5.543085080716992e-06,3.6096466260460147e-07,16469,
531,2.6216106562060304e-05,2.2444187379733194e-06,3.5251449048701033e-07,16479,
531,2.644329288159497e-05,2.6330565106036374e-06,3.51501029172141e-07,16489,
531,,,,16491,2.9007000193814747e-05
532,2.5859162633423693e-05,2.630000835779356e-06,3.2505553804185183e-07,16499,
532,2.4732371457503177e-05,2.4713644961593673e-06,3.326865680719493e-07,16509,
532,2.5589544748072512e-05,1.9932167560909875e-06,3.4057589459735027e-07,16519,
532,,,,16522,2.7194793801754713e-05
533,2.6573692593956366e-05,2.4613295863673557e-06,3.309571923182375e-07,16529,
533,2.5355619072797708e-05,3.043775677724625e-06,3.4332484233345895e-07,16539,
533,2.4741490051383153e-05,1.8743684222499724e-06,3.4705496432252403e-07,16549,
533,,,,16553,2.6732179321697913e-05
534,2.6756835723062977e-05,3.5366963402339024e-06,3.227539480121777e-07,16559,
534,2.4692530132597312e-05,2.488246764187352e-06,3.679242013276962e-07,16569,
534,2.4381568437092938e-05,1.8573397255750024e-06,3.125906857803784e-07,16579,
534,,,,16584,2.6203790184808895e-05
535,2.5051767806871794e-05,2.4744929305597907e-06,3.5155915156792616e-07,16589,
535,2.450020838296041e-05,2.2454571535490686e-06,3.352192265992926e-07,16599,
535,2.5395547709194943e-05,2.103336100844899e-06,3.4087764788637287e-07,16609,
535,,,,16615,2.6144543880946003e-05
536,2.5136150725302286e-05,2.1054518128948985e-06,3.5142332421855826e-07,16619,
536,2.4713004677323624e-05,2.6468862870387966e-06,3.5896445638172736e-07,16629,
536,2.427792969683651e-05,2.2915990030014655e-06,3.192474196112016e-07,16639,
536,,,,16646,2.6580586563795805e-05
537,2.50063712883275e-05,2.71997373602062e-06,3.4799782611116825e-07,16649,
537,2.6755897124530748e-05,4.3522968553588726e-06,3.425546992730233e-07,16659,
537,2.5551020371494815e-05,2.219591351604322e-06,3.31392129737651e-07,16669,
537,,,,16677,2.7336389393894933e-05
538,2.7680913262884133e-05,5.193128799874103e-06,3.404835524634109e-07,16679,
538,2.7761008823290467e-05,2.63148558588e-06,3.3701456914059236e-07,16689,
538,2.5200823074555956e-05,2.443871153445798e-06,3.2195509902521735e-07,16699,
538,,,,16708,2.8205009584780782e-05
539,2.8061618650099263e-05,3.9001365621516015e-06,3.2860771170817316e-07,16709,
539,2.813136779877823e-05,3.4811509976862e-06,3.46084050306672e-07,16719,
539,2.587200106063392e-05,3.2518375974177616e-06,3.5684703902916226e-07,16729,
539,1.8885693862102926e-05,1.0059719670607592e-06,1.5911247874811352e-09,16739,
539,,,,16739,3.363243013154715e-05
540,3.999216278316453e-05,8.302594324050006e-06,3.1886887086329807e-07,16749,
540,2.9319111490622163e-05,6.6628208514885046e-06,2.9864199291296245e-07,16759,
540,2.65650924120564e-05,2.6163650090893498e-06,3.4606381404955755e-07,16769,
540,,,,16770,3.3525564504088834e-05
541,3.1310653866967186e-05,3.730809567059623e-06,3.645677111308032e-07,16779,
541,2.7106274501420557e-05,2.624754642965854e-06,3.555364855856169e-07,16789,
541,2.5483530407655053e-05,2.8509336971183075e-06,3.545320623743464e-07,16799,
541,,,,16801,3.070895400014706e-05
542,2.7396825316827744e-05,3.244954541514744e-06,3.2810760330903577e-07,16809,
542,2.5785589969018474e-05,3.3332948987663258e-06,3.3669684285086987e-07,16819,
542,2.582617526059039e-05,2.287860070282477e-06,3.4415515415275877e-07,16829,
542,,,,16832,2.8983507945667952e-05
543,2.7987296562059782e-05,5.212848463997943e-06,3.3450854175498534e-07,16839,
543,2.633845724631101e-05,4.338819962868001e-06,3.465433167093579e-07,16849,
543,2.4921873773564585e-05,2.6742854970507324e-06,3.502180447867431e-07,16859,
543,,,,16863,2.7106842026114464e-05
544,2.6752832127385773e-05,2.452656644891249e-06,3.264400447733351e-07,16869,
544,2.4723536625970155e-05,2.0583700006682193e-06,3.721193024830427e-07,16879,
544,2.427875188004691e-05,1.9830001747322967e-06,3.1572642456012545e-07,16889,
544,,,,16894,2.7054660677094944e-05
545,2.6199708372587338e-05,3.006656697834842e-06,3.551156169123715e-07,16899,
545,2.474227949278429e-05,2.1373423351178644e-06,3.3852745673357276e-07,16909,
545,2.5187551727867685e-05,2.2434862785303267e-06,3.4433574569447956e-07,16919,
545,,,,16925,2.638316982483957e-05
546,2.4938806745922193e-05,2.3440964014298515e-06,3.546340963112016e-07,16929,
546,2.507110002625268e-05,2.2453489236795576e-06,3.6229664601705736e-07,16939,
546,2.4191151169361547e-05,1.8968781887451769e-06,3.2240382097370457e-07,16949,
546,,,,16956,2.592560849734582e-05
547,2.4413860955974087e-05,3.263685357524082e-06,3.5135695952703827e-07,16959,
547,2.5785780962905847e-05,2.264212298541679e-06,3.4557061212581175e-07,16969,
547,2.4384542484767735e-05,1.9649294245027704e-06,3.3465269666521635e-07,16979,
547,,,,16987,2.4751714590820484e-05
548,2.488072459527757e-05,3.702874664668343e-06,3.435812345742306e-07,16989,
548,2.4399443645961583e-05,2.337581236133701e-06,3.399335355425137e-07,16999,
548,2.3964918000274338e-05,1.9577091734390706e-06,3.252893918670452e-07,17009,
548,,,,17018,2.4956545530585572e-05
549,2.510645026632119e-05,2.6954555778502254e-06,3.314780485652591e-07,17019,
549,2.4306382329086773e-05,2.302843085999484e-06,3.4898945955319505e-07,17029,
549,2.4118531655403785e-05,1.983474930966622e-06,3.6032176353728573e-07,17039,
549,1.7311251212959178e-05,1.2160929827587097e-06,1.6179220185819077e-09,17049,
549,,,,17049,2.471721381880343e-05
550,2.4517972633475438e-05,2.356600816710852e-06,3.198630622591736e-07,17059,
550,2.4979881345643662e-05,2.0847035102633527e-06,3.014445724147663e-07,17069,
550,2.3969852918526158e-05,1.7050966789611266e-06,3.5027554190492083e-07,17079,
550,,,,17080,2.5526658646413125e-05
551,2.478004535078071e-05,2.656586048033205e-06,3.6768540212506196e-07,17089,
551,2.5253066269215196e-05,2.3738150503049837e-06,3.5970404610452533e-07,17099,
551,2.4336752176168375e-05,1.9216463442717213e-06,3.5837348377754097e-07,17109,
551,,,,17111,3.150367774651386e-05
552,3.016526170540601e-05,1.1972520951530896e-05,3.30291129557736e-07,17119,
552,3.605100937420502e-05,2.1328356524463743e-05,3.4062347253893677e-07,17129,
552,2.9256767447805032e-05,3.940484930353705e-06,3.4735694498522207e-07,17139,
552,,,,17142,3.9329544961219653e-05
553,4.170613829046488e-05,7.495043973904103e-06,3.4198146181552147e-07,17149,
553,2.8806040063500404e-05,6.683023002551636e-06,3.4985808383680705e-07,17159,
553,2.8039412427460775e-05,7.537404144386528e-06,3.5432773870525125e-07,17169,
553,,,,17173,3.531940819812007e-05
554,3.256906711612828e-05,6.737108378729317e-06,3.30084901634109e-07,17179,
554,2.934335861937143e-05,7.763370376778767e-06,3.759905951028486e-07,17189,
554,2.6289413654012606e-05,3.6298604300100124e-06,3.181354770731559e-07,17199,
554,,,,17204,2.9746377549599856e-05
555,2.6796913516591303e-05,5.121427875565132e-06,3.572245361738169e-07,17209,
555,2.6162884751101956e-05,3.399886281840736e-06,3.410552835703129e-07,17219,
555,2.5744971935637295e-05,2.7235573725192808e-06,3.463185009877634e-07,17229,
555,,,,17235,2.556529398134444e-05
556,2.4587054213043302e-05,1.921486045830534e-06,3.5671672549142386e-07,17239,
556,2.4325250706169754e-05,2.105963631038321e-06,3.644288710802357e-07,17249,
556,2.444689380354248e-05,2.028683184107649e-06,3.2458365240017883e-07,17259,
556,,,,17266,2.581478656793479e-05
557,2.4165490685845725e-05,2.5039078082045307e-06,3.5397505371292937e-07,17269,
557,2.7285572286928073e-05,2.36616438087367e-06,3.4861974995692435e-07,17279,
557,2.4711522200959735e-05,1.895489617709245e-06,3.3679918942652876e-07,17289,
557,,,,17297,2.6478470317670144e-05
558,2.8354197638691403e-05,5.160164164408343e-06,3.4661795211832214e-07,17299,
558,2.5168335923808627e-05,2.7976452656730544e-06,3.4324341413594084e-07,17309,
558,2.4709353965590708e-05,2.334712917217985e-06,3.2734237720433157e-07,17319,
558,,,,17328,2.5939600163837895e-05
559,2.598875289550051e-05,4.6801883399893995e-06,3.3377594377270725e-07,17329,
559,2.527535252738744e-05,2.9410202841972932e-06,3.5239830253885884e-07,17339,
559,2.4700533685972914e-05,2.0733227756863926e-06,3.6283637427914073e-07,17349,
559,1.707920091575943e-05,9.719491345094866e-07,1.6333076002794655e-09,17359,
559,,,,17359,2.51041983574396e-05
560,2.6974777938448824e-05,2.6482980501896236e-06,3.2272797056975833e-07,17369,
560,2.4641960408189334e-05,1.9936312583013205e-06,3.0405888651330315e-07,17379,
560,2.3745116777718067e-05,1.8696085817282437e-06,3.525572935814125e-07,17389,
560,,,,17390,2.5025672584888525e-05
561,2.535160274419468e-05,2.46630270339665e-06,3.701203183936741e-07,17399,
561,2.445954487484414e-05,1.88781905308133e-06,3.6215445220477704e-07,17409,
561,2.3850123398005962e-05,1.8487264696886996e-06,3.60689000444836e-07,17419,
561,,,,17421,2.477888483554125e-05
562,2.501609196770005e-05,2.188480493714451e-06,3.327943431941094e-07,17429,
562,2.410302113275975e-05,2.375960548306466e-06,3.4219260669487994e-07,17439,
562,2.4228798793046735e-05,2.3312466055358527e-06,3.500939840250794e-07,17449,
562,,,,17452,2.5081571948248893e-05
563,2.4830304028000683e-05,3.0066171348153148e-06,3.4022355066554155e-07,17459,
563,2.508378565835301e-05,2.334709961360204e-06,3.5247703067398106e-07,17469,
563,2.402904829068575e-05,2.0073496216355124e-06,3.56709733750904e-07,17479,
563,,,,17483,2.4391018087044358e-05
564,2.51516503340099e-05,2.4078738078969764e-06,3.3193083481819485e-07,17489,
564,2.4130780730047263e-05,1.7115831951741711e-06,3.781225075272232e-07,17499,
564,2.319562372576911e-05,1.7103639038396068e-06,3.215075707885262e-07,17509,
564,,,,17514,2.4268241759273224e-05
565,2.3699361918261275e-05,2.1190983261476504e-06,3.607486576129304e-07,17519,
565,2.334022065042518e-05,1.924489652083139e-06,3.444501146532275e-07,17529,
565,2.424877129669767e-05,2.0355932974780444e-06,3.500977356907242e-07,17539,
565,,,,17545,2.3967137167346664e-05
566,2.379184661549516e-05,1.7749192693372606e-06,3.610654459862417e-07,17549,
566,2.3546377633465454e-05,2.0022873741254443e-06,3.6852944163001666e-07,17559,
566,2.2964477466302924e-05,1.7881350231618853e-06,3.2759223245193425e-07,17569,
566,,,,17576,2.383192077104468e-05
567,2.327099718968384e-05,1.9661736132547958e-06,3.576180915842997e-07,17579,
567,2.4005432351259515e-05,2.576793576736236e-06,3.514985280617111e-07,17589,
567,2.3314341888180934e-05,1.7891305787998135e-06,3.405749851026485e-07,17599,
567,,,,17607,2.3721417164779268e-05
568,2.3962726118043065e-05,2.298281970070093e-06,3.4975954577021184e-07,17609,
568,2.3499398594140075e-05,1.736737090141105e-06,3.462654944996757e-07,17619,
568,2.3014499674900435e-05,1.7134018435172038e-06,3.308856832973106e-07,17629,
568,,,,17638,2.494862928870134e-05
569,2.495873013685923e-05,2.6320280994696077e-06,3.3736350246726943e-07,17639,
569,2.7873138606082648e-05,3.1812110137252603e-06,3.558937748948665e-07,17649,
569,2.5304410883109085e-05,3.936736902687699e-06,3.6660895830209483e-07,17659,
569,1.7194914107676595e-05,1.943717506946996e-06,1.6569150496081875e-09,17669,
569,,,,17669,2.795870204863604e-05
570,3.366047531017102e-05,5.112129656481557e-06,3.2663257343301666e-07,17679,
570,2.7705136744771153e-05,8.044560672715306e-06,3.077468306855735e-07,17689,
570,2.6208212148048915e-05,3.946588549297303e-06,3.5565375355872675e-07,17699,
570,,,,17700,2.6520690880715847e-05
571,2.567519186413847e-05,3.405331653993926e-06,3.7403373198685586e-07,17709,
571,2.5426461434108205e-05,2.9770337732770713e-06,3.6502299849416886e-07,17719,
571,2.4557719370932318e-05,3.6532019294099882e-06,3.6377829815137375e-07,17729,
571,,,,17731,2.624254921101965e-05
572,2.505943484720774e-05,3.3763183182600187e-06,3.3682479738672555e-07,17739,
572,2.579064130259212e-05,3.198528929715394e-06,3.4548469329820364e-07,17749,
572,2.4740327717154287e-05,2.1019343421357917e-06,3.531329184625065e-07,17759,
572,,,,17762,2.5118702978943475e-05
573,2.4477358238073066e-05,3.1762028811499476e-06,3.4310843943785585e-07,17769,
573,2.4395807486143894e-05,2.2234846710489364e-06,3.555540786237543e-07,17779,
573,2.3632888769498095e-05,2.172587073800969e-06,3.594749671265163e-07,17789,
573,,,,17793,2.4537843273719773e-05
574,2.4821578335831873e-05,2.693182750590495e-06,3.344944730088173e-07,17799,
574,2.332944677618798e-05,2.5326955892523983e-06,3.811253463936737e-07,17809,
574,2.335576391487848e-05,1.8466334950062446e-06,3.243838762045925e-07,17819,
574,,,,17824,2.499993752280716e-05
575,2.4823200874379836e-05,2.9690897918044357e-06,3.6341765508041135e-07,17829,
575,2.3520364266005345e-05,2.3128254724724684e-06,3.4761771416924603e-07,17839,
575,2.430165113764815e-05,2.0473660242714686e-06,3.528258503138204e-07,17849,
575,,,,17855,2.5378762074979022e-05
576,2.4353656044695526e-05,2.155532229153323e-06,3.640047339104058e-07,17859,
576,2.4979744921438396e-05,3.58430565938761e-06,3.7161015598030644e-07,17869,
576,2.3086999135557562e-05,2.383128048677463e-06,3.303567552848108e-07,17879,
576,,,,17886,2.6297251679352485e-05
577,2.3425733161275275e-05,4.185338639217662e-06,3.612698264987557e-07,17889,
577,2.626800960570108e-05,3.593285555325565e-06,3.5462454661683296e-07,17899,
577,2.3974444047780707e-05,3.0916071409592405e-06,3.436355200392427e-07,17909,
577,,,,17917,2.823091381287668e-05
578,2.9757564334431663e-05,5.282334313960746e-06,3.5373832929508353e-07,17919,
578,2.4443519578198902e-05,2.995067234223825e-06,3.493034057555633e-07,17929,
578,2.4559563826187514e-05,2.85309465652972e-06,3.337487726184918e-07,17939,
578,,,,17948,2.7538653739611618e-05
579,2.7882839276571758e-05,4.421453468239633e-06,3.404801134365698e-07,17949,
579,2.7999893063679338e-05,3.4344593586865813e-06,3.581928922358202e-07,17959,
579,2.5175500923069194e-05,2.827876642186311e-06,3.694023007483338e-07,17969,
579,1.7550108168506995e-05,1.127273549172969e-06,1.6763743726500024e-09,17979,
579,,,,17979,2.6940893803839572e-05
580,3.1629799195798114e-05,5.433533715404337e-06,3.286328080776002e-07,17989,
580,2.6458401407580823e-05,3.0868229714542395e-06,3.092671931881341e-07,17999,
580,2.384199615335092e-05,2.3701418285781983e-06,3.5902456829717266e-07,18009,
580,,,,18010,2.5365709007019177e-05
581,2.48925389314536e-05,2.527332071622368e-06,3.766125189486047e-07,18019,
581,2.3513188352808356e-05,2.6299098863091785e-06,3.6779394463337667e-07,18029,
581,2.343491360079497e-05,2.059515963992453e-06,3.6689587545879476e-07,18039,
581,,,,18041,2.4231911083916202e-05
582,2.4240785933216102e-05,3.5679481698025484e-06,3.39125222126313e-07,18049,
582,2.4375323846470565e-05,1.941495384016889e-06,3.482893475847959e-07,18059,
582,2.343096821277868e-05,2.0214260985085275e-06,3.5666801068146015e-07,18069,
582,,,,18072,2.529719495214522e-05
583,2.5498757167952135e-05,2.0693582882813644e-06,3.46686618968306e-07,18079,
583,2.3527096345787868e-05,2.0758886876137694e-06,3.583510590488004e-07,18089,
583,2.303447763551958e-05,1.8671729549168958e-06,3.6271865155868e-07,18099,
583,,,,18103,2.3379332560580224e-05
584,2.3589971533510834e-05,2.2439269287133357e-06,3.3774986718526634e-07,18109,
584,2.3062486434355378e-05,1.7803859009291045e-06,3.8473160657304106e-07,18119,
584,2.274590042361524e-05,1.8170270550399437e-06,3.272487276717584e-07,18129,
584,,,,18134,2.3883347239461727e-05
585,2.297946048201993e-05,1.9646595319500193e-06,3.6688624049929786e-07,18139,
585,2.325447348994203e-05,2.263840315208654e-06,3.5032428513659397e-07,18149,
585,2.3887743736850098e-05,2.826970103342319e-06,3.563837651654467e-07,18159,
585,,,,18165,2.37500062212348e-05
586,2.340341598028317e-05,2.013250878007966e-06,3.668856152216904e-07,18169,
586,2.4246081011369824e-05,2.4018027033889666e-06,3.749953805254336e-07,18179,
586,2.315824713150505e-05,2.2633446405961877e-06,3.3330368864881166e-07,18189,
586,,,,18196,2.5101564460783266e-05
587,2.4753848265390843e-05,3.108477585556102e-06,3.64553102372156e-07,18199,
587,2.778619818855077e-05,4.739265932585113e-06,3.581253054107947e-07,18209,
587,2.4872138965292834e-05,4.790125331055606e-06,3.4670947002268804e-07,18219,
587,,,,18227,2.7866226446349174e-05
588,3.058584843529388e-05,6.383683739841217e-06,3.5625475902634207e-07,18229,
588,2.7088135539088398e-05,3.3430640087317443e-06,3.522096960750787e-07,18239,
588,2.397416756139137e-05,2.590126086943201e-06,3.374207722117717e-07,18249,
588,,,,18258,2.644052801770158e-05
589,2.6393001462565735e-05,4.732568868348608e-06,3.4357239542259776e-07,18259,
589,2.6242840249324217e-05,8.611542398284655e-06,3.6163967820357357e-07,18269,
589,2.432986002531834e-05,3.7154641177039593e-06,3.7260926433191344e-07,18279,
589,1.6411126125603914e-05,1.514542873337632e-06,1.6962972138045984e-09,18289,
589,,,,18289,2.74107551376801e-05
590,2.66889783233637e-05,3.5429620766080916e-06,3.3233794738407596e-07,18299,
590,2.4612418201286346e-05,3.4612207855388988e-06,3.1233821573550813e-07,18309,
590,2.348432462895289e-05,2.0839943317696452e-06,3.62295367040133e-07,18319,
590,,,,18320,2.5678482415969484e-05
591,2.5415092750336044e-05,3.781078021347639e-06,3.7992970192135544e-07,18329,
591,2.441052311041858e-05,2.588896450106404e-06,3.7074752867738425e-07,18339,
591,2.333768679818604e-05,2.1885603018745314e-06,3.70037241737009e-07,18349,
591,,,,18351,2.4867318643373437e-05
592,2.4238079276983626e-05,2.0460297491808888e-06,3.4268103377144143e-07,18359,
592,2.2616484784521163e-05,1.9215792690374656e-06,3.5076996596217214e-07,18369,
592,2.288401265104767e-05,1.7205935591846355e-06,3.5954917620983906e-07,18379,
592,,,,18382,2.345722350582946e-05
593,2.338841113669332e-05,2.1713417481805664e-06,3.4906622659036657e-07,18389,
593,2.3033197066979483e-05,1.8219343473901972e-06,3.611870056374755e-07,18399,
593,2.2432897822000086e-05,1.6285811170746456e-06,3.656043929822772e-07,18409,
593,,,,18413,2.2492398784379475e-05
594,2.2958651243243366e-05,1.7672499552645604e-06,3.40450213798249e-07,18419,
594,2.234815292467829e-05,1.5618734323652461e-06,3.8755806031076645e-07,18429,
594,2.185374978580512e-05,1.5865682598814601e-06,3.301271078726131e-07,18439,
594,,,,18444,2.245177347504068e-05
595,2.2095497115515172e-05,1.8307915752302506e-06,3.6933514024894976e-07,18449,
595,2.2258782337303273e-05,1.7521579138701782e-06,3.535709822699573e-07,18459,
595,2.2943466319702566e-05,1.6884822571228142e-06,3.5884852422896074e-07,18469,
595,,,,18475,2.2946045646676794e-05
596,2.2247744709602557e-05,1.9026143718292587e-06,3.7027686516921676e-07,18479,
596,2.2435511709772982e-05,1.692578393885924e-06,3.7769825667055557e-07,18489,
596,2.1784062482765876e-05,1.6261367363767931e-06,3.3584765901650826e-07,18499,
596,,,,18506,2.3313008568948135e-05
597,2.2453868950833566e-05,2.0481184037635103e-06,3.6779823631150066e-07,18509,
597,2.3301152396015823e-05,3.1329570902016712e-06,3.606389213928196e-07,18519,
597,2.3070893803378567e-05,1.862570798039087e-06,3.498288663195126e-07,18529,
597,,,,18537,2.9782064302708022e-05
598,3.371697312104516e-05,6.9801621975784656e-06,3.611625629673654e-07,18539,
598,2.8765971364919096e-05,5.771166343038203e-06,3.5727424574361066e-07,18549,
598,3.680299414554611e-05,1.5969575542840175e-05,3.4080039768014103e-07,18559,
598,,,,18568,4.287646879674867e-05
599,4.394896677695215e-05,8.434654773736838e-06,3.485189097318653e-07,18569,
599,2.7671198040479794e-05,3.890948846674291e-06,3.638186285570555e-07,18579,
599,2.720520569710061e-05,4.30790669270209e-06,3.7474521263902716e-07,18589,
599,1.666767093411181e-05,2.3552677248517284e-06,1.7153813924863925e-09,18599,
599,,,,18599,2.9424589229165576e-05
600,2.656828291947022e-05,3.7650404465239262e-06,3.3508521823932824e-07,18609,
600,2.4389601094298996e-05,3.130534196316148e-06,3.1496784913542797e-07,18619,
600,2.3234724721987732e-05,1.839210995058238e-06,3.653121609659138e-07,18629,
600,,,,18630,2.408752880000975e-05
601,2.2797432393417694e-05,2.1995322185830446e-06,3.8250095713010523e-07,18639,
601,2.2659500245936215e-05,2.6864922801905777e-06,3.733177038611757e-07,18649,
601,2.2248514142120257e-05,1.931622819029144e-06,3.724769328528055e-07,18659,
601,,,,18661,2.2989615899859928e-05
602,2.3098311430658214e-05,2.2841038571641548e-06,3.444946230501955e-07,18669,
602,2.205377495556604e-05,1.7183383533847518e-06,3.5343498439033283e-07,18679,
602,2.274020152981393e-05,1.9349431568116415e-06,3.620542941007443e-07,18689,
602,,,,18692,2.61462864727946e-05
603,2.5596831619623117e-05,4.3618269955914e-06,3.529749221797829e-07,18699,
603,2.3553384380647913e-05,2.3409554614772787e-06,3.639900114649208e-07,18709,
603,2.2796817574999295e-05,2.0570880678860703e-06,3.6864085473098385e-07,18719,
603,,,,18723,2.627605681482237e-05
604,2.5429040761082433e-05,4.953658844897291e-06,3.4321820407967607e-07,18729,
604,2.314406810910441e-05,2.8631368422793457e-06,3.897411318121158e-07,18739,
604,2.2366448320099153e-05,1.8577562741484144e-06,3.32956631154957e-07,18749,
604,,,,18754,2.3345728550339118e-05
605,2.275363112858031e-05,2.3172337932919618e-06,3.7213504811006715e-07,18759,
605,2.2434040147345513e-05,1.6782440752649563e-06,3.562846302429534e-07,18769,
605,2.2694230210618116e-05,1.7985197473535663e-06,3.614500485582539e-07,18779,
605,,,,18785,2.274482903885655e-05
606,2.1877563995076343e-05,1.6941669400694082e-06,3.730165190063417e-07,18789,
606,2.3268172299140133e-05,1.689841042207263e-06,3.799355567934981e-07,18799,
606,2.1966492568026297e-05,1.5229655900839134e-06,3.3796237630667747e-07,18809,
606,,,,18816,2.2138665372040123e-05
607,2.145170401490759e-05,1.6768747173045995e-06,3.7080005199641164e-07,18819,
607,2.2559979697689414e-05,1.8826555105988518e-06,3.62765206318727e-07,18829,
607,2.1649037080351263e-05,1.5139015658860444e-06,3.521612086387904e-07,18839,
607,,,,18847,2.24769191845553e-05
608,2.328850132471416e-05,2.368590912738e-06,3.6159835303806176e-07,18849,
608,2.270959703309927e-05,2.4012049379962264e-06,3.5786635521617427e-07,18859,
608,2.1733501853304915e-05,2.199830987592577e-06,3.4276229143870296e-07,18869,
608,,,,18878,2.34658109548036e-05
609,2.3679776859353296e-05,3.2238754101854283e-06,3.490091557978303e-07,18879,
609,2.6111289116670378e-05,3.2343637030862737e-06,3.6708067341351125e-07,18889,
609,2.3441030862159096e-05,2.722853650993784e-06,3.776628432206053e-07,18899,
609,1.5327179426094517e-05,1.3487397154676728e-06,1.7356101000842727e-09,18909,
609,,,,18909,2.5538471163599752e-05
610,2.8074187866877764e-05,5.823945230076788e-06,3.3798926324379863e-07,18919,
610,2.4758383005973883e-05,2.6572322440188145e-06,3.179159477895155e-07,18929,
610,2.46301442530239e-05,3.322088787172106e-06,3.686198510877148e-07,18939,
610,,,,18940,2.8022581318509765e-05
611,2.8911670597153716e-05,4.198418537271209e-06,3.8568359173041245e-07,18949,
611,2.445862628519535e-05,2.1720065888075624e-06,3.767300427170994e-07,18959,
611,2.2999043721938506e-05,3.230159336453653e-06,3.761440154903539e-07,18969,
611,,,,18971,2.5345194444525987e-05
612,2.5215775167453103e-05,2.6369691568106646e-06,3.476000074442709e-07,18979,
612,2.2556030671694316e-05,2.5134590941888746e-06,3.566800046428398e-07,18989,
612,2.263399255753029e-05,1.89779166248627e-06,3.653509565992863e-07,18999,
612,,,,19002,2.4827442757668905e-05
613,2.3441378289135173e-05,3.2690786611055955e-06,3.549371001554391e-07,19009,
613,2.257593223475851e-05,3.2516873034182936e-06,3.670216415230243e-07,19019,
613,2.1885096430196427e-05,1.8722450931818457e-06,3.715319678576634e-07,19029,
613,,,,19033,2.395938463450875e-05
614,2.3570953999296762e-05,2.6895183964370517e-06,3.453079671089654e-07,19039,
614,2.2411912141251378e-05,2.667552280399832e-06,3.9434200971300015e-07,19049,
614,2.1634648874169216e-05,1.8174777096646721e-06,3.3560050383130147e-07,19059,
614,,,,19064,2.3946560759213753e-05
615,2.27820964937564e-05,3.1759179819346173e-06,3.7450197964972176e-07,19069,
615,2.2450009055319242e-05,2.450103920637048e-06,3.5960871969109576e-07,19079,
615,2.2736043320037425e-05,2.363926341786282e-06,3.644341006747709e-07,19089,
615,,,,19095,2.3546715965494514e-05
616,2.3811295250197873e-05,2.2685785552312154e-06,3.7565476418421895e-07,19099,
616,2.311329990334343e-05,2.235880856460426e-06,3.842905300643906e-07,19109,
616,2.221662361989729e-05,1.900968868540076e-06,3.41010121474028e-07,19119,
616,,,,19126,2.4905026293708943e-05
617,2.4367014702875167e-05,2.2610133783018682e-06,3.7406562114483677e-07,19129,
617,2.542945912864525e-05,4.093624283996178e-06,3.6687606552732177e-07,19139,
617,2.3899961888673715e-05,4.954451469529886e-06,3.554399938821007e-07,19149,
617,,,,19157,2.6495508791413158e-05
618,2.99492367048515e-05,3.5873065371561097e-06,3.650887379080814e-07,19159,
618,2.5482035198365338e-05,3.0984531349531608e-06,3.6082957421967876e-07,19169,
618,2.4604327336419374e-05,2.7116557248518802e-06,3.463578650553245e-07,19179,
618,,,,19188,2.5537701731082052e-05
619,2.5723347789607942e-05,3.6490023376245517e-06,3.517935169838893e-07,19189,
619,2.420110467937775e-05,6.190877229528269e-06,3.7014092413301114e-07,19199,
619,2.2876680304761976e-05,2.651154090926866e-06,3.807824668911053e-07,19209,
619,1.5061065823829267e-05,8.994426252684207e-07,1.7514505401550196e-09,19219,
619,,,,19219,2.6497729777474888e-05
620,2.609235525596887e-05,3.0601834168919595e-06,3.405755251151277e-07,19229,
620,2.3433924070559442e-05,3.41870213560469e-06,3.2044874842540594e-07,19239,
620,2.2382328097592108e-05,2.0013753783132415e-06,3.7151528431422776e-07,19249,
620,,,,19250,2.383711762377061e-05
621,2.461130679876078e-05,2.77685398941685e-06,3.8872767049724644e-07,19259,
621,2.2236305085243657e-05,2.0688894437626004e-06,3.792281972891942e-07,19269,
621,2.2000267563271336e-05,2.0367012893984793e-06,3.7904669625277165e-07,19279,
621,,,,19281,2.376630436629057e-05
622,2.19670582737308e-05,2.523532884879387e-06,3.509645694066421e-07,19289,
622,2.1580313841695897e-05,1.9904482542187907e-06,3.5958404964731017e-07,19299,
622,2.2193140466697514e-05,1.8170429711972247e-06,3.683709337565233e-07,19309,
622,,,,19312,2.2549094865098596e-05
623,2.3207190679386258e-05,2.1964413008390693e-06,3.578474832011125e-07,19319,
623,2.282692184962798e-05,2.4776456939434865e-06,3.700894808389421e-07,19329,
623,2.146405677194707e-05,1.7489173842477612e-06,3.744306980024703e-07,19339,
623,,,,19343,2.2960661226534285e-05
624,2.33744976867456e-05,1.9109156710328534e-06,3.487898254661559e-07,19349,
624,2.160728763556108e-05,1.6711443322492414e-06,3.9709686916467035e-07,19359,
624,2.1043526430730708e-05,1.8248001651954837e-06,3.387299614132644e-07,19369,
624,,,,19374,2.1821526388521306e-05
625,2.1764839402749203e-05,2.715213668125216e-06,3.7755043535980803e-07,19379,
625,2.1681611542589962e-05,2.577163968453533e-06,3.626597617767402e-07,19389,
625,2.2536853066412732e-05,2.133660927938763e-06,3.6703036698781943e-07,19399,
625,,,,19405,2.4050350475590676e-05
626,2.2822570826974697e-05,2.6078016617248068e-06,3.7929731888652896e-07,19409,
626,2.2194255507201888e-05,2.0064715045009507e-06,3.865238511480129e-07,19419,
626,2.124212733178865e-05,1.6383573893108405e-06,3.4360209610895254e-07,19429,
626,,,,19436,2.2180307496455498e-05
627,2.1727286366513e-05,3.897645910910796e-06,3.7766653804283123e-07,19439,
627,2.3991018679225817e-05,2.506706778149237e-06,3.690018388624594e-07,19449,
627,2.3079599486663938e-05,2.1605412712233374e-06,3.581614009817713e-07,19459,
627,,,,19467,2.4274999304907396e-05
628,2.710854278120678e-05,4.32972410635557e-06,3.6816672377426585e-07,19469,
628,2.2119700588518754e-05,1.7480327869634493e-06,3.639497663243674e-07,19479,
628,2.3187891201814637e-05,2.3601890006830217e-06,3.485340016595728e-07,19489,
628,,,,19498,2.3729464373900555e-05
629,2.3925802452140488e-05,2.194417447753949e-06,3.546588800418249e-07,19499,
629,2.175705049012322e-05,2.1543414732150268e-06,3.7338264746722416e-07,19509,
629,2.1928613932686858e-05,2.897012336688931e-06,3.840191311610397e-07,19519,
629,1.4604806892748456e-05,1.8154025838157395e-06,1.774625779660255e-09,19529,
629,,,,19529,2.5421926693525165e-05
630,2.814142317220103e-05,8.191090273612645e-06,3.4429785955580883e-07,19539,
630,2.697167292353697e-05,7.752928468107712e-06,3.247471340728225e-07,19549,
630,2.331160067114979e-05,4.056317720824154e-06,3.741330374396057e-07,19559,
630,,,,19560,2.9517927032429725e-05
631,2.8248097805771977e-05,7.660945811949205e-06,3.9244773120117316e-07,19569,
631,2.374536961724516e-05,3.1555991881759837e-06,3.809550435107667e-07,19579,
631,2.260450492030941e-05,2.9968039143568603e-06,3.8143528513501224e-07,19589,
631,,,,19591,3.337885209475644e-05
632,2.545657662267331e-05,4.645768058253452e-06,3.546740288129513e-07,19599,
632,2.4424283765256405e-05,5.020703611080535e-06,3.6280883364270267e-07,19609,
632,2.2590404114453122e-05,2.5311921945103677e-06,3.707696407673211e-07,19619,
632,,,,19622,2.4401379050686955e-05
633,2.2764181267120875e-05,2.197594312747242e-06,3.6038252915204794e-07,19629,
633,2.1722395104006864e-05,1.90021421531128e-06,3.722298060893081e-07,19639,
633,2.1282507077557966e-05,1.7115353330154903e-06,3.763148868074495e-07,19649,
633,,,,19653,2.214569212810602e-05
634,2.2144689864944667e-05,1.8158218608732568e-06,3.508071131363977e-07,19659,
634,2.1144869606359862e-05,1.5600410279148491e-06,3.993439747773664e-07,19669,
634,2.060245788015891e-05,1.5326722859754227e-06,3.4103842949662067e-07,19679,
634,,,,19684,2.1492754967766814e-05
635,2.102540383930318e-05,1.613249537513184e-06,3.7950485420878977e-07,19689,
635,2.0804303858312778e-05,1.5941621995807509e-06,3.647142818863358e-07,19699,
635,2.1421958081191406e-05,1.6085989500425057e-06,3.698480952607497e-07,19709,
635,,,,19715,2.1766656573163345e-05
636,2.1349995222408324e-05,1.6016791732909041e-06,3.808043516073667e-07,19719,
636,2.146748374798335e-05,1.765825686561584e-06,3.888616788572108e-07,19729,
636,2.0829866116400808e-05,1.7602609432287863e-06,3.457689388142171e-07,19739,
636,,,,19746,2.367282831983175e-05
637,2.122307341778651e-05,2.4851644866430433e-06,3.800028594014293e-07,19749,
637,2.3922195396153256e-05,2.4268815650430042e-06,3.726341901710839e-07,19759,
637,2.1611282136291265e-05,1.713728920549329e-06,3.6050874996362836e-07,19769,
637,,,,19777,2.421981298539322e-05
638,2.5608558644307777e-05,5.765948571934132e-06,3.705300457568228e-07,19779,
638,2.151393891836051e-05,2.4044577457971172e-06,3.6699867678180453e-07,19789,
638,2.087066059175413e-05,1.8095170162268914e-06,3.5148201504853205e-07,19799,
638,,,,19808,2.1995325369061902e-05
639,2.219547786808107e-05,2.6074014840560267e-06,3.568970043943409e-07,19809,
639,2.105719795508776e-05,1.7085679928641184e-06,3.7599775737362506e-07,19819,
639,2.1255666069919243e-05,1.7967321355172317e-06,3.8617980635535787e-07,19829,
639,1.3382024008024018e-05,5.483265681505145e-07,1.7877793689891064e-09,19839,
639,,,,19839,2.088933797494974e-05
640,2.101601057802327e-05,1.6953135855146684e-06,3.4587407071740017e-07,19849,
640,2.0863917598035187e-05,1.4672732504550368e-06,3.260511789449083e-07,19859,
640,2.0533914721454494e-05,1.4182754739522352e-06,3.7721869716733636e-07,19869,
640,,,,19870,2.098889854096342e-05
641,2.0636447516153567e-05,1.5535357533735805e-06,3.946547622035723e-07,19879,
641,2.0555769879138097e-05,1.3844723980582785e-06,3.8474692587442405e-07,19889,
641,2.042908272414934e-05,1.432992348782136e-06,3.849036431802233e-07,19899,
641,,,,19901,2.083143226627726e-05
642,2.0614665118046105e-05,1.5610896753059933e-06,3.563668542483356e-07,19909,
642,2.066091838059947e-05,1.809539639907598e-06,3.648715960480331e-07,19919,
642,2.0822761143790558e-05,1.5866319245105842e-06,3.7436484490172006e-07,19929,
642,,,,19932,2.107762156811077e-05
643,2.1282861780491658e-05,1.6687381503288634e-06,3.636925498540222e-07,19939,
643,2.1150201064301655e-05,2.1060920971649466e-06,3.755797308713227e-07,19949,
643,2.0507290173554793e-05,1.6370280491173617e-06,3.80432595648017e-07,19959,
643,,,,19963,2.1948046196484938e-05
644,2.2984906536294147e-05,2.7655933081405237e-06,3.537462305303052e-07,19969,
644,2.3446837076335214e-05,2.5045526399480877e-06,4.0263947198582173e-07,19979,
644,2.057120764220599e-05,2.1476082565641263e-06,3.445500453835848e-07,19989,
644,,,,19994,2.456907714076806e-05
645,2.3526172299170867e-05,2.4389692043769173e-06,3.82900452677859e-07,19999,
645,2.5250881662941538e-05,4.898370661976514e-06,3.6864526009594556e-07,20009,
645,2.303954715898726e-05,4.619502760760952e-06,3.738493319360714e-07,20019,
645,,,,20025,2.4420241970801726e-05
646,2.3145665181800723e-05,3.9925507735461e-06,3.845464675578114e-07,20029,
646,2.3371921997750178e-05,5.023161065764725e-06,3.9263412077161775e-07,20039,
646,2.310950367245823e-05,3.410445742701995e-06,3.488940478746372e-07,20049,
646,,,,20056,2.407444844720885e-05
647,2.2508727852255106e-05,3.895407189702382e-06,3.8481320530081575e-07,20059,
647,2.403941471129656e-05,6.207093974808231e-06,3.7572067412838805e-07,20069,
647,2.2911366613698192e-05,4.403767889016308e-06,3.638613748080388e-07,20079,
647,,,,20087,2.6185316528426483e-05
648,2.996110197273083e-05,4.350907602201914e-06,3.7544199926742294e-07,20089,
648,2.4062106604105793e-05,4.26909900852479e-06,3.6877227671539003e-07,20099,
648,2.125588980561588e-05,3.2520474633201957e-06,3.550054259449098e-07,20109,
648,,,,20118,2.379287798248697e-05
649,2.4315053451573476e-05,3.713083060574718e-06,3.598955515826674e-07,20119,
649,2.2275875380728394e-05,6.031669272488216e-06,3.787870639371249e-07,20129,
649,2.2038986571715213e-05,3.0898977456672583e-06,3.8888418885107967e-07,20139,
649,1.3316549484443385e-05,7.553105092483747e-07,1.8053346595436892e-09,20149,
649,,,,20149,2.4111468519549817e-05
650,2.217316796304658e-05,2.857119625332416e-06,3.483943089577224e-07,20159,
650,2.0845047401962802e-05,1.5128520090001984e-06,3.2866370247575105e-07,20169,
650,2.082749233522918e-05,1.544023120914062e-06,3.803600350238412e-07,20179,
650,,,,20180,2.2140016881166957e-05
651,2.2888960302225314e-05,2.3540458187198965e-06,3.9706509369352716e-07,20189,
651,2.0937961380695924e-05,1.6687703237039386e-06,3.8733480778319063e-07,20199,
651,2.2074702428653836e-05,2.0914164906571386e-06,3.8780692079853907e-07,20209,
651,,,,20211,2.568540548963938e-05
652,2.124425009242259e-05,2.311831622137106e-06,3.591913468881103e-07,20219,
652,2.0944908101228066e-05,1.7166051975436858e-06,3.674445281376393e-07,20229,
652,2.078408761008177e-05,1.8322862160857767e-06,3.773434400500264e-07,20239,
652,,,,20242,2.244052848254796e-05
653,2.2213866031961516e-05,2.804744326567743e-06,3.664676739845163e-07,20249,
653,2.20609363168478e-05,3.1357274110632716e-06,3.786317677167972e-07,20259,
653,2.0584440790116787e-05,1.8530384977566428e-06,3.830565731277602e-07,20269,
653,,,,20273,2.3424718165188096e-05
654,2.2376914785127155e-05,2.6670484203350497e-06,3.562508368304407e-07,20279,
654,2.0495614080573432e-05,2.0992190457036486e-06,4.05822902393993e-07,20289,
654,1.9857978259096853e-05,1.7716367892717244e-06,3.470687772733072e-07,20299,
654,,,,20304,2.206527096859645e-05
655,2.1277888663462363e-05,2.2324372821458383e-06,3.854755732390913e-07,20309,
655,2.0526687876554206e-05,1.8442011651131907e-06,3.713826686180255e-07,20319,
655,2.1403348000603728e-05,2.221724344053655e-06,3.7613190784213657e-07,20329,
655,,,,20335,2.2488346075988375e-05
656,2.139146818080917e-05,2.0277796011214377e-06,3.8751730357944325e-07,20339,
656,2.0627858248190023e-05,2.0014697383885505e-06,3.961550021358562e-07,20349,
656,2.0127466996200383e-05,1.7581689917278709e-06,3.514630009249231e-07,20359,
656,,,,20366,2.26170177484164e-05
657,2.1257785192574374e-05,2.8497845505626174e-06,3.873169305279589e-07,20369,
657,2.235715146525763e-05,3.1223742098518414e-06,3.783548834235262e-07,20379,
657,2.063594729406759e-05,2.003760982915992e-06,3.666533530122251e-07,20389,
657,,,,20397,2.5848587029031478e-05
658,2.729607149376534e-05,4.1634625631559175e-06,3.767142402466561e-07,20399,
658,2.482872696418781e-05,3.121330564681557e-06,3.7260542740114033e-07,20409,
658,2.3613019948243164e-05,3.773743173951516e-06,3.5891594052372966e-07,20419,
658,,,,20428,2.6934420020552352e-05
659,2.701264020288363e-05,3.959091827709926e-06,3.6374575529407593e-07,20429,
659,2.2648189769824967e-05,4.588851879816502e-06,3.824404188890185e-07,20439,
659,2.179819239245262e-05,2.236258978882688e-06,3.9228208947861276e-07,20449,
659,1.3118820788804442e-05,7.818122185199172e-07,1.8225607689714707e-09,20459,
659,,,,20459,2.4589759050286375e-05
660,2.2691679987474345e-05,2.3179370600701077e-06,3.5143096965839504e-07,20469,
660,2.094142655550968e-05,2.2037802409613505e-06,3.3138050525849394e-07,20479,
660,2.0250421584933065e-05,1.6614725382169127e-06,3.838860322957771e-07,20489,
660,,,,20490,2.2147340132505633e-05
661,2.0911877072649077e-05,2.081489355987287e-06,4.008167593383405e-07,20499,
661,2.04100306291366e-05,1.7731848629409797e-06,3.901617162682669e-07,20509,
661,2.0113033315283246e-05,1.6424970681327977e-06,3.912033434971818e-07,20519,
661,,,,20521,2.1446136088343337e-05
662,2.083517574646976e-05,2.2281965357251465e-06,3.627013427376369e-07,20529,
662,2.008745832426939e-05,1.7032394907801063e-06,3.7040081224404275e-07,20539,
662,2.047439556918107e-05,1.8512624819777557e-06,3.8079261344137194e-07,20549,
662,,,,20552,2.1421932615339756e-05
663,2.201369898102712e-05,2.3925235836941283e-06,3.69826722135258e-07,20559,
663,2.06446220545331e-05,1.803054146876093e-06,3.815171396581718e-07,20569,
663,2.0085330106667243e-05,1.592932107996603e-06,3.8623261389147956e-07,20579,
663,,,,20583,2.0607387341442518e-05
664,2.1342922991607338e-05,2.2997037376626395e-06,3.595538942136045e-07,20589,
664,2.0220546502969228e-05,1.7006834696076112e-06,4.093326424481347e-07,20599,
664,1.9387809516047128e-05,1.5920003306746366e-06,3.503037362406758e-07,20609,
664,,,,20614,2.0535726434900425e-05
665,2.009945637837518e-05,2.645174163262709e-06,3.88479151069987e-07,20619,
665,1.9958151824539527e-05,1.8865830497816205e-06,3.746887102806795e-07,20629,
665,2.0532183043542318e-05,1.6444304264950915e-06,3.791594735957915e-07,20639,
665,,,,20645,2.072327879432123e-05
666,2.0035808120155707e-05,1.8507352024244028e-06,3.905711594143213e-07,20649,
666,2.0154944650130346e-05,1.6554735111640184e-06,3.991890764609707e-07,20659,
666,1.9388799046282656e-05,1.8141962527806754e-06,3.54310884631559e-07,20669,
666,,,,20676,2.2552711016032845e-05
667,2.0674491679528728e-05,2.0768366084666923e-06,3.907133532266016e-07,20679,
667,2.1507605197257362e-05,2.9819282190146623e-06,3.8201292795747577e-07,20689,
667,2.0986417439416982e-05,2.245836412839708e-06,3.7002493513682566e-07,20699,
667,,,,20707,3.160829146509059e-05
668,3.360875052749179e-05,1.301301563216839e-05,3.8312691685860045e-07,20709,
668,2.763026895991061e-05,7.621490567544242e-06,3.78573844272978e-07,20719,
668,3.09174538415391e-05,1.776969111233484e-05,3.619859398895642e-07,20729,
668,,,,20738,5.6992674217326567e-05
669,5.578584750765003e-05,1.3706436220672913e-05,3.690629455377348e-07,20739,
669,3.297357397968881e-05,1.1497922969283536e-05,3.8551010561604926e-07,20749,
669,2.8475396902649663e-05,8.985529348137788e-06,3.9354134173663624e-07,20759,
669,1.4682578694191761e-05,5.057353973825229e-06,1.8367641851924077e-09,20769,
669,,,,20769,2.8474039936554618e-05
670,2.974353265017271e-05,9.355992915516254e-06,3.541899786796421e-07,20779,
670,2.4250948627013713e-05,4.766824986290885e-06,3.343372441122483e-07,20789,
670,2.213284642493818e-05,3.1980905532691395e-06,3.8532240864697087e-07,20799,
670,,,,20800,2.5280336558353156e-05
671,2.1854131773579866e-05,3.821901827905094e-06,4.029930948945548e-07,20809,
671,2.2300724594970234e-05,3.2507905416423455e-06,3.922928613064869e-07,20819,
671,1.9997050912934355e-05,2.1125049443071475e-06,3.922558562408085e-07,20829,
671,,,,20831,2.238412889710162e-05
672,2.1187222955632024e-05,3.254835291954805e-06,3.6358116517476446e-07,20839,
672,2.1220450435066596e-05,3.2928053315117722e-06,3.7203727742962656e-07,20849,
672,2.0101602785871364e-05,1.8004342337007984e-06,3.822129315267375e-07,20859,
672,,,,20862,2.2521004211739637e-05
673,2.0922288967994973e-05,2.1013709101680433e-06,3.7130430996512587e-07,20869,
673,2.027256050496362e-05,1.8990003809449263e-06,3.828789374438202e-07,20879,
673,1.9777999114012346e-05,1.593817046341428e-06,3.879965504438587e-07,20889,
673,,,,20893,2.0492121620918624e-05
674,2.0602003132808022e-05,1.6581576574026258e-06,3.611837087191816e-07,20899,
674,1.970385346794501e-05,1.4163252899379586e-06,4.1092772562478785e-07,20909,
674,1.8944394469144754e-05,1.348790306110459e-06,3.5210879900660075e-07,20919,
674,,,,20924,1.9469471226329915e-05
675,1.8927808923763223e-05,1.4517216868625837e-06,3.902659670984576e-07,20929,
675,1.9141172742820345e-05,1.379015770908154e-06,3.763484244245774e-07,20939,
675,1.9958939446951263e-05,1.5013085885584587e-06,3.809998929682479e-07,20949,
675,,,,20955,1.9388968212297186e-05
676,1.9049921320402063e-05,1.4301372175395954e-06,3.9258719652934815e-07,20959,
676,1.9376711861696094e-05,1.379749278385134e-06,4.0063105188892223e-07,20969,
676,1.8823997379513457e-05,1.2997768408240518e-06,3.558135688308539e-07,20979,
676,,,,20986,1.92663701454876e-05
677,1.842611345637124e-05,1.3321996448212303e-06,3.931867240680731e-07,20989,
677,1.9973920643678866e-05,1.387660404361668e-06,3.8305762473100913e-07,20999,
677,1.9010150936082937e-05,1.259644250239944e-06,3.7154097753955284e-07,21009,
677,,,,21017,1.9193892512703314e-05
678,1.903949487314094e-05,1.484841277488158e-06,3.8145762459862453e-07,21019,
678,1.8849726984626614e-05,1.4168582538331975e-06,3.7778602290927665e-07,21029,
678,1.8564609490567818e-05,1.31226340727153e-06,3.6363584854370856e-07,21039,
678,,,,21048,1.928650999616366e-05
679,1.9556264305720106e-05,1.4393953051694552e-06,3.6859961483060033e-07,21049,
679,1.9039713151869364e-05,1.3568608210334787e-06,3.8780819977546344e-07,21059,
679,1.895320565381553e-05,1.3212503517934238e-06,3.972272395458276e-07,21069,
679,1.1744865332730114e-05,5.027786187383754e-07,1.8576746807497102e-09,21079,
679,,,,21079,1.9501543647493236e-05
680,1.9789498765021563e-05,1.6725601881262264e-06,3.5692724509317486e-07,21089,
680,1.9524626623024233e-05,1.5313042922571185e-06,3.371264938323293e-07,21099,
680,1.9024781067855656e-05,1.361326326332346e-06,3.8934334156692785e-07,21109,
680,,,,21110,1.993165278690867e-05
681,1.9873208657372743e-05,1.6735363033149042e-06,4.06562691068757e-07,21119,
681,1.924153184518218e-05,1.4674022850158508e-06,3.956441503305541e-07,21129,
681,1.8955930499942042e-05,1.4260483567340998e-06,3.9703789411760226e-07,21139,
681,,,,21141,2.043453605438117e-05
682,1.991618592001032e-05,1.9418353076616768e-06,3.685931346808502e-07,21149,
682,1.9937986508011818e-05,1.7754884993337328e-06,3.7590081092275796e-07,21159,
682,1.9519626221153885e-05,1.7333974255961948e-06,3.8637901411675557e-07,21169,
682,,,,21172,2.198618858528789e-05
683,2.3672480892855674e-05,3.637115469246055e-06,3.761563505122467e-07,21179,
683,2.2287227693595923e-05,2.501833478163462e-06,3.8688116887897195e-07,21189,
683,2.0547164240269922e-05,2.035370016528759e-06,3.915021125067142e-07,21199,
683,,,,21203,2.905346264014952e-05
684,3.930279490305111e-05,8.82682616065722e-06,3.667495036552282e-07,21209,
684,3.0088322091614828e-05,6.626174581469968e-06,4.158355579875206e-07,21219,
684,2.5380748411407694e-05,5.703779152099742e-06,3.5672036347023095e-07,21229,
684,,,,21234,2.791409133351408e-05
685,2.8664500860031694e-05,1.29047284644912e-05,3.936505095225584e-07,21239,
685,2.7002588467439637e-05,4.700352292275056e-06,3.8113520872684603e-07,21249,
685,2.4678885893081315e-05,5.395116659201449e-06,3.837117503735499e-07,21259,
685,,,,21265,2.6605095627019182e-05
686,2.4811228286125697e-05,4.564362370729214e-06,3.960040260153619e-07,21269,
686,2.1958663637633435e-05,2.7702317311195657e-06,4.0501464582121116e-07,21279,
686,1.998387415369507e-05,2.017833367062849e-06,3.585583385756763e-07,21289,
686,,,,21296,2.1570032913587056e-05
687,1.9820277884718962e-05,5.04728950545541e-06,3.978785798608442e-07,21299,
687,2.3133052309276536e-05,4.625663677870762e-06,3.875749143844587e-07,21309,
687,2.0837704141740687e-05,2.7396570203563897e-06,3.748096446543059e-07,21319,
687,,,,21327,2.0324301658547483e-05
688,2.0998068066546693e-05,2.59089006249269e-06,3.844023979127087e-07,21329,
688,1.9753248125198297e-05,2.2176354832481593e-06,3.811973670053703e-07,21339,
688,1.8704293324844912e-05,1.6694535815986455e-06,3.66944163943117e-07,21349,
688,,,,21358,2.027510890911799e-05
689,2.0577006580424495e-05,2.012253162320121e-06,3.7140517861189437e-07,21359,
689,1.9709674234036356e-05,1.9826886727969395e-06,3.912109605153091e-07,21369,
689,1.8910963262896985e-05,1.5297990785256843e-06,4.001870763659099e-07,21379,
689,1.1429870937718078e-05,5.222598247200949e-07,1.869617793914813e-09,21389,
689,,,,21389,1.9565612092264928e-05
690,1.9490296836011112e-05,1.6836701206557336e-06,3.597826321311004e-07,21399,
690,1.929074278450571e-05,1.712431071609899e-06,3.3977735824919364e-07,21409,
690,1.8662623915588483e-05,1.351083710687817e-06,3.9216709524225735e-07,21419,
690,,,,21420,1.9510674974299036e-05
691,1.905918361444492e-05,1.9283902474853676e-06,4.096397105968208e-07,21429,
691,1.897503352665808e-05,1.461057195228932e-06,3.985341550105659e-07,21439,
691,1.8757538782665506e-05,1.5341755670306156e-06,3.9980528754313127e-07,21449,
691,,,,21451,1.939397770911455e-05
692,1.9206298020435497e-05,1.801763232833764e-06,3.704455480146862e-07,21459,
692,1.8636887034517713e-05,1.4974657460697927e-06,3.7868866797907685e-07,21469,
692,1.8890443243435584e-05,1.5297773643396795e-06,3.891097719588288e-07,21479,
692,,,,21482,1.9215785869164392e-05
693,1.9612083633546717e-05,1.9250869627285283e-06,3.7838148614355305e-07,21489,
693,1.9777819034061395e-05,1.5257081713571097e-06,3.898332465723797e-07,21499,
693,1.8689464923227206e-05,1.4676769524157862e-06,3.946489357531391e-07,21509,
693,,,,21513,1.89401598618133e-05
694,1.936119770107325e-05,1.6893878864721046e-06,3.6767593769582163e-07,21519,
694,1.8636563254403882e-05,1.3676014987140661e-06,4.1833339992081164e-07,21529,
694,1.8222079233964905e-05,1.3839649000146892e-06,3.5875288517672743e-07,21539,
694,,,,21544,1.9400988094275817e-05
695,1.8641161659616046e-05,1.643532641537604e-06,3.967060706600023e-07,21549,
695,1.975939085241407e-05,2.26825250138063e-06,3.8352067122104927e-07,21559,
695,1.9242792404838838e-05,1.7240844272237155e-06,3.876712071360089e-07,21569,
695,,,,21575,1.936287480930332e-05
696,1.9064133084611967e-05,1.7095334214900504e-06,3.9919660821396974e-07,21579,
696,1.9311064534122124e-05,1.8803119701260584e-06,4.0814762769514346e-07,21589,
696,1.87171117431717e-05,1.8585189991426887e-06,3.61816745453325e-07,21599,
696,,,,21606,1.9867906303261407e-05
697,1.865689227997791e-05,2.3036739094095537e-06,4.004132847512665e-07,21609,
697,2.0599321942427196e-05,3.111063506366918e-06,3.9052511624504405e-07,21619,
697,2.0050027160323225e-05,2.5943888886104105e-06,3.780218378324207e-07,21629,
697,,,,21637,2.1147221559658647e-05
698,2.1343792468542233e-05,5.686756139766658e-06,3.8916977018743637e-07,21639,
698,2.084488733089529e-05,2.638714022396016e-06,3.856635260035546e-07,21649,
698,1.9960350982728414e-05,3.906720394297736e-06,3.70251655112952e-07,21659,
698,,,,21668,2.2272059140959755e-05
699,2.2630916646448895e-05,3.4494332794565707e-06,3.749207166947599e-07,21669,
699,2.142135053873062e-05,3.4777888231474208e-06,3.938008887871547e-07,21679,
699,1.927456287376117e-05,1.867817331913102e-06,4.0327068973056157e-07,21689,
699,1.1345272469043266e-05,8.106853215394949e-07,1.8857513328640607e-09,21699,
699,,,,21699,2.2178881408763118e-05
700,2.1288591597112827e-05,4.028965122415684e-06,3.628538536304404e-07,21709,
700,2.040045910689514e-05,2.331437599423225e-06,3.426922887683759e-07,21719,
700,1.972796417248901e-05,1.5685054677305743e-06,3.955276497435989e-07,21729,
700,,,,21730,2.2489721231977455e-05
701,2.0670498997787945e-05,2.3938523554534186e-06,4.13604396953815e-07,21739,
701,2.083703293465078e-05,2.8247784484847216e-06,4.01342958866735e-07,21749,
701,1.9800787413259968e-05,1.795825824046915e-06,4.0294349901159876e-07,21759,
701,,,,21761,1.988281474041287e-05
702,1.8708220522967167e-05,1.874798613243911e-06,3.739238252364885e-07,21769,
702,1.8567101506050676e-05,1.4931061969036818e-06,3.812249076418084e-07,21779,
702,1.8634704247233458e-05,1.579489435243886e-06,3.9223198200488696e-07,21789,
702,,,,21792,1.9825902199954726e-05
703,1.9125927792629227e-05,1.6848143786774017e-06,3.812449165252474e-07,21799,
703,1.8999491658178158e-05,2.0591637621691916e-06,3.926353144834138e-07,21809,
703,1.850039916462265e-05,1.569448954796826e-06,3.9737059864819457e-07,21819,
703,,,,21823,2.018254963331856e-05
704,2.066801789624151e-05,3.7485381199076073e-06,3.702940318817127e-07,21829,
704,2.019934072450269e-05,2.6820014227268985e-06,4.215449393996096e-07,21839,
704,2.0055378627148457e-05,1.666674734224216e-06,3.6163649497211736e-07,21849,
704,,,,21854,2.2392605387722142e-05
705,2.051234696409665e-05,3.898901468346594e-06,3.9923634176375344e-07,21859,
705,2.357225093874149e-05,5.657103884004755e-06,3.8655988987557066e-07,21869,
705,2.144472091458738e-05,2.2841318241262343e-06,3.9060412859726057e-07,21879,
705,,,,21885,2.2388119759852998e-05
706,2.2249594621825963e-05,2.5644476409070194e-06,4.021348445348849e-07,21889,
706,2.2471278498414904e-05,4.6703912630619016e-06,4.099384796063532e-07,21899,
706,1.9673199858516455e-05,2.678049668247695e-06,3.6404853176463803e-07,21909,
706,,,,21916,2.2792328309151344e-05
707,2.0222691091476008e-05,2.01187299353478e-06,4.0384537669524434e-07,21919,
707,2.2248163077165373e-05,2.9517266284528887e-06,3.930418301933969e-07,21929,
707,1.953151513589546e-05,1.5557818642264465e-06,3.802934998020646e-07,21939,
707,,,,21947,2.299665538885165e-05
708,2.62599132838659e-05,3.362436473253183e-06,3.9161704989965074e-07,21949,
708,2.028715425694827e-05,2.884100240407861e-06,3.867523901135428e-07,21959,
708,1.8448447008267976e-05,1.7867486121758702e-06,3.732760944785696e-07,21969,
708,,,,21978,1.9764336684602313e-05
709,1.9918035832233727e-05,1.9552030607883353e-06,3.775624861646065e-07,21979,
709,1.922755836858414e-05,1.8899629594670841e-06,3.979144196364359e-07,21989,
709,1.877504837466404e-05,1.7103769778259448e-06,4.0574303739049355e-07,21999,
709,1.0960663530568127e-05,6.25013456101442e-07,1.8971229032160863e-09,22009,
709,,,,22009,2.0346913515822962e-05
710,1.979996159207076e-05,2.4198900518968003e-06,3.6609688436328724e-07,22019,
710,1.9756913388846442e-05,2.647605242600548e-06,3.45689358027812e-07,22029,
710,1.8463975720806047e-05,2.031139729297138e-06,3.9804390894460084e-07,22039,
710,,,,22040,1.8838160031009465e-05
711,1.8836331946658902e-05,1.7376402183799655e-06,4.1611735923652304e-07,22049,
711,1.8399938198854215e-05,1.939237108672387e-06,4.038189729271835e-07,22059,
711,1.83113879757002e-05,1.8901499743151362e-06,4.0586127170172404e-07,22069,
711,,,,22071,1.8653576262295246e-05
712,1.8209360860055313e-05,1.51866754549701e-06,3.767528369280626e-07,22079,
712,1.8082124370266683e-05,1.430749193787051e-06,3.8407097235904075e-07,22089,
712,1.821517253119964e-05,1.4872692872813786e-06,3.9522063843833166e-07,22099,
712,,,,22102,1.9626077119028196e-05
713,1.9589280782383867e-05,2.2566696316062007e-06,3.842624778371828e-07,22109,
713,1.9252380297984928e-05,1.8018236005445942e-06,3.9588965705661394e-07,22119,
713,1.8957645806949586e-05,1.9898207028745674e-06,4.004020013326226e-07,22129,
713,,,,22133,2.123475496773608e-05
714,2.0483728803810664e-05,2.3968837012944277e-06,3.7266929098223045e-07,22139,
714,1.9775223336182535e-05,3.3020039609255036e-06,4.241340718635911e-07,22149,
714,1.8750859453575686e-05,3.0443356990872417e-06,3.6419689308786474e-07,22159,
714,,,,22164,2.0323113858466968e-05
715,1.8790409740176983e-05,1.985137487281463e-06,4.016059165223851e-07,22169,
715,1.949435318238102e-05,2.9893644750700332e-06,3.8925864487282524e-07,22179,
715,1.9481203707982786e-05,2.35024640460324e-06,3.931154139991122e-07,22189,
715,,,,22195,1.9175213310518302e-05
716,1.920469912874978e-05,1.6259381254712935e-06,4.0468725615028234e-07,22199,
716,1.8447295587975532e-05,1.6974335039776633e-06,4.1361434455211565e-07,22209,
716,1.7852527889772318e-05,1.4509408856611117e-06,3.6639320910580864e-07,22219,
716,,,,22226,1.8855902453651652e-05
717,1.8038654161500745e-05,2.9137042929505697e-06,4.06837528998949e-07,22229,
717,1.9740275092772208e-05,2.5014462607941823e-06,3.960806225222768e-07,22239,
717,1.8342532712267712e-05,1.6384607306463295e-06,3.828943704320409e-07,22249,
717,,,,22257,1.94898293557344e-05
718,2.1174286302994005e-05,2.4077014586509904e-06,3.9418441133420856e-07,22259,
718,1.9749215425690636e-05,2.5021633973665303e-06,3.9081294289644575e-07,22269,
718,1.8398528482066467e-05,2.6383402200735873e-06,3.7645057204827026e-07,22279,
718,,,,22288,2.297509490745142e-05
719,2.291507917107083e-05,4.319877461966826e-06,3.8133049429234234e-07,22289,
719,3.119930261163972e-05,4.65029143015272e-06,4.0139144630302326e-07,22299,
719,2.7585458155954257e-05,6.017771283950424e-06,4.085588045654731e-07,22309,
719,1.102141322917305e-05,1.592785906723293e-06,1.907117130883762e-09,22319,
719,,,,22319,2.60934994003037e-05
720,2.0821871657972224e-05,3.007905434060376e-06,3.69212727946433e-07,22329,
720,2.123895683325827e-05,2.1947676032141317e-06,3.484684611976263e-07,22339,
720,1.8920334696304053e-05,2.0103459519305034e-06,4.0109145515998534e-07,22349,
720,,,,22350,2.2665184587822296e-05
721,1.9945679014199413e-05,3.0373539630090818e-06,4.1876509726535005e-07,22359,
721,1.877681825135369e-05,2.1861819732293952e-06,4.063298320033937e-07,22369,
721,1.8315649867872708e-05,1.6557087292312644e-06,4.084805311777018e-07,22379,
721,,,,22381,1.902534677356016e-05
722,1.87457881111186e-05,2.120224735335796e-06,3.799246997004957e-07,22389,
722,1.8347009245189838e-05,1.5116124814085197e-06,3.8642431832158763e-07,22399,
722,1.8339442249271087e-05,1.5985373238436296e-06,3.978148583883012e-07,22409,
722,,,,22412,1.9271692508482374e-05
723,1.945757685462013e-05,1.7654264183875057e-06,3.8646857092317077e-07,22419,
723,1.9076316675636917e-05,1.845798578870017e-06,3.981363931870874e-07,22429,
723,1.818841883505229e-05,1.6769035937613808e-06,4.0266996848004055e-07,22439,
723,,,,22443,1.9158147551934235e-05
724,1.928648998728022e-05,2.0549457531160442e-06,3.7494271509785904e-07,22449,
724,1.8258660929859616e-05,1.93663777281472e-06,4.271181524018175e-07,22459,
724,1.73313710547518e-05,1.3723711163038388e-06,3.6695467997560627e-07,22469,
724,,,,22474,1.910816899908241e-05
725,1.8898770576925017e-05,3.439854253883823e-06,4.0403747902928444e-07,22479,
725,1.827447886171285e-05,2.11727956411778e-06,3.92163769902254e-07,22489,
725,1.9036342564504594e-05,1.8153399423681549e-06,3.9566381815347995e-07,22499,
725,,,,22505,1.9299639461678453e-05
726,1.92812985915225e-05,2.49197023549641e-06,4.073257855452539e-07,22509,
726,1.8353297491557896e-05,1.865956278379599e-06,4.1669750316941645e-07,22519,
726,1.7712191038299352e-05,1.6618429299342097e-06,3.68749425661008e-07,22529,
726,,,,22536,1.9671908376039937e-05
727,1.7918677258421667e-05,1.9048683270739275e-06,4.0981848314913805e-07,22539,
727,1.9180180970579386e-05,2.4684866275492823e-06,3.989635501966404e-07,22549,
727,1.8155333236791193e-05,1.8991631804965436e-06,3.853143937249115e-07,22559,
727,,,,22567,2.1451705833896995e-05
728,2.210096499766223e-05,4.647291916626273e-06,3.971659054968768e-07,22569,
728,2.1249104975140654e-05,3.1866832159721525e-06,3.935696497592289e-07,22579,
728,1.9254206563346088e-05,1.8868558981921524e-06,3.790935920733318e-07,22589,
728,,,,22598,2.025319372478407e-05
729,2.045463043032214e-05,3.8183843571459875e-06,3.834069559616182e-07,22599,
729,2.135931390512269e-05,2.70237819677277e-06,4.0296845327247865e-07,22609,
729,1.9812287064269185e-05,2.5145172912743874e-06,4.103752928585891e-07,22619,
729,1.065298420144245e-05,1.1883734032380744e-06,1.9223698188852723e-09,22629,
729,,,,22629,2.4387933081015944e-05
730,2.4383418349316344e-05,4.054260898556095e-06,3.722977339748468e-07,22639,
730,1.9514271116349846e-05,2.6411125872982666e-06,3.5063936820733943e-07,22649,
730,2.04828756977804e-05,1.554382151880418e-06,4.0461745243192127e-07,22659,
730,,,,22660,2.575168946350459e-05
731,2.4341657990589738e-05,6.0196712183824275e-06,4.217190223698708e-07,22669,
731,2.018178020080086e-05,3.5869888961315155e-06,4.091706955478003e-07,22679,
731,1.9568658899515867e-05,2.3043846795189893e-06,4.1103439230028016e-07,22689,
731,,,,22691,2.644646338012535e-05
732,2.1171668777242303e-05,3.033976554434048e-06,3.8224632703531825e-07,22699,
732,1.9857363440678455e-05,3.3336314118059818e-06,3.890431230502145e-07,22709,
732,1.824497121560853e-05,1.6718468032195233e-06,4.001216495908011e-07,22719,
732,,,,22722,2.5941406420315616e-05
733,2.0464836779865436e-05,5.084350050310604e-06,3.8943224467402615e-07,22729,
733,1.9261729903519154e-05,2.0937452518410282e-06,4.008031453395233e-07,22739,
733,1.8323220501770265e-05,1.7956929241336184e-06,4.0490573383067385e-07,22749,
733,,,,22753,2.081714956148062e-05
734,1.993154000956565e-05,3.043038077521487e-06,3.7749839520984096e-07,22759,
734,1.8071586964651942e-05,1.6459611060781754e-06,4.2928431298605574e-07,22769,
734,1.7111844499595463e-05,1.3901557167628198e-06,3.6935242064828344e-07,22779,
734,,,,22784,2.0877620045212097e-05
735,2.002288238145411e-05,2.8120132355979877e-06,4.0667006828698504e-07,22789,
735,1.8002399883698672e-05,1.738744686008431e-06,3.9442181787308073e-07,22799,
735,1.8132977857021615e-05,1.4594915000998299e-06,3.9812965724195237e-07,22809,
735,,,,22815,1.9037763195228763e-05
736,1.820281431719195e-05,1.6904281210372574e-06,4.0943379531199753e-07,22819,
736,1.8140843167202547e-05,1.5687008954046178e-06,4.185972670711635e-07,22829,
736,1.7339865735266358e-05,1.478789499742561e-06,3.7084868154124706e-07,22839,
736,,,,22846,1.9194771084585227e-05
737,1.6992482414934784e-05,1.6559679352212697e-06,4.1293509411843843e-07,22849,
737,1.9516774045769125e-05,1.6232712596320198e-06,4.013199657038058e-07,22859,
737,1.7521257177577354e-05,1.3610750784209813e-06,3.876291714277613e-07,22869,
737,,,,22877,1.81858085852582e-05
738,1.8317845388082787e-05,2.492954536137404e-06,3.9886177205517015e-07,22879,
738,1.7317543097306043e-05,1.608800630492624e-06,3.951641076582746e-07,22889,
738,1.6733407392166555e-05,1.34660422190791e-06,3.819338587618404e-07,22899,
738,,,,22908,1.8288210412720218e-05
739,1.855820846685674e-05,1.93489881894493e-06,3.8566741977774655e-07,22909,
739,1.7415964975953102e-05,1.5702795508332201e-06,4.059579907789157e-07,22919,
739,1.724881076370366e-05,1.7661576521277311e-06,4.128805812797509e-07,22929,
739,9.764605238160584e-06,4.0679233848095464e-07,1.9365289372075267e-09,22939,
739,,,,22939,1.782702747732401e-05
740,1.760003033268731e-05,1.5573943983326899e-06,3.7416441500681685e-07,22949,
740,1.744779001455754e-05,1.7768952602637e-06,3.529715684180701e-07,22959,
740,1.704560054349713e-05,1.3235725191407255e-06,4.071775094871555e-07,22969,
740,,,,22970,1.7770931663108058e-05
741,1.7539803593535908e-05,1.57244812726276e-06,4.2473669736864395e-07,22979,
741,1.7167370970128104e-05,1.458761289541144e-06,4.115510137125966e-07,22989,
741,1.7038535588653758e-05,1.2920881999889389e-06,4.1440819131821627e-07,22999,
741,,,,23001,1.7904578271554783e-05
742,1.778118166839704e-05,2.0480463263083948e-06,3.8576203564844036e-07,23009,
742,1.735983823891729e-05,1.3940064036432886e-06,3.917575099876558e-07,23019,
742,1.7941238183993846e-05,1.5276336853276007e-06,4.039029306568409e-07,23029,
742,,,,23032,1.8873910448746756e-05
743,1.9367025743122213e-05,2.4920493615354644e-06,3.923886140455579e-07,23039,
743,1.945143230841495e-05,2.1140265289432136e-06,4.0397151224169647e-07,23049,
743,1.7871561794891022e-05,2.0098623281228356e-06,4.0856082250684267e-07,23059,
743,,,,23063,2.3882457753643394e-05
744,2.6404150048620068e-05,4.7708408601465635e-06,3.808057442711288e-07,23069,
744,2.162559758289717e-05,3.920871222362621e-06,4.3264427063149924e-07,23079,
744,2.3533775674877688e-05,4.550270659819944e-06,3.7329880342440447e-07,23089,
744,,,,23094,2.576884435256943e-05
745,2.5611743694753386e-05,6.030504209775245e-06,4.0921301547314215e-07,23099,
745,2.022075204877183e-05,3.1126248813961865e-06,3.9832977449805185e-07,23109,
745,1.9084774976363406e-05,3.104365987383062e-06,4.012136685105361e-07,23119,
745,,,,23125,2.2440233806264587e-05
746,2.1670335627277382e-05,3.0871622129780008e-06,4.1482172719042865e-07,23129,
746,1.8771501345327124e-05,2.5449633085372625e-06,4.220674156840687e-07,23139,
746,1.7513182683615014e-05,1.58204750277946e-06,3.732747870799358e-07,23149,
746,,,,23156,2.39735163631849e-05
747,1.8764438209473155e-05,4.600281044986332e-06,4.1718894294717757e-07,23159,
747,2.0218712961650454e-05,3.2255484256893396e-06,4.0460594163960195e-07,23169,
747,1.868783510872163e-05,2.759016297204653e-06,3.907137227088242e-07,23179,
747,,,,23187,2.2486703528556973e-05
748,2.2331572836264968e-05,4.104752861167071e-06,4.029615752187965e-07,23189,
748,1.9509365301928483e-05,3.0596493161283433e-06,3.9765774317856994e-07,23199,
748,1.741437881719321e-05,1.69319832821202e-06,3.8475675978588697e-07,23209,
748,,,,23218,2.148380553990137e-05
749,2.1503246898646466e-05,1.8724997516983422e-06,3.880828955971083e-07,23219,
749,1.826873813115526e-05,2.0654483705584425e-06,4.088679474989476e-07,23229,
749,1.8586475562187843e-05,1.7027844023687067e-06,4.1546198303876736e-07,23239,
749,9.908347237796988e-06,6.761373469998944e-07,1.9466555034597377e-09,23249,
749,,,,23249,1.84407126653241e-05
750,1.8533393813413568e-05,1.6669670230839984e-06,3.770981322759326e-07,23259,
750,1.8228975022793747e-05,1.9807575881714e-06,3.5582789337240683e-07,23269,
750,1.6898999092518352e-05,1.4304658861874486e-06,4.0984110682984465e-07,23279,
750,,,,23280,1.759926090016961e-05
751,1.674124905548524e-05,1.6944013623287901e-06,4.275729281744134e-07,23289,
751,1.676490319368895e-05,1.4740454616912757e-06,4.140240150718455e-07,23299,
751,1.6627433069515973e-05,1.315639110543998e-06,4.167181373304629e-07,23309,
751,,,,23311,1.6963133020908572e-05
752,1.6912697901716456e-05,1.3130592151355813e-06,3.881370389535732e-07,23319,
752,1.6823760233819485e-05,1.292697447752289e-06,3.942241733057017e-07,23329,
752,1.6967089322861284e-05,1.2821859627365484e-06,4.063046219471289e-07,23339,
752,,,,23342,1.7519820175948553e-05
753,1.8354132407694124e-05,1.745038275657862e-06,3.953190343963797e-07,23349,
753,1.770496237440966e-05,1.5438303080372862e-06,4.0630138187225384e-07,23359,
753,1.714796235319227e-05,1.5511892570430064e-06,4.1085311863753304e-07,23369,
753,,,,23373,1.8229733541375026e-05
754,1.951703779923264e-05,3.193689281033585e-06,3.830935781934386e-07,23379,
754,1.7942633348866366e-05,1.875270640994131e-06,4.35777877783039e-07,23389,
754,1.7441163436160423e-05,1.639587253521313e-06,3.7524290519286296e-07,23399,
754,,,,23404,2.2034859284758568e-05
755,2.1631985873682424e-05,1.8541546751293936e-06,4.1322471133753425e-07,23409,
755,2.0471114112297073e-05,5.06584410686628e-06,4.0073896911962947e-07,23419,
755,2.0831268557230942e-05,3.6081455618841574e-06,4.0467728013027227e-07,23429,
755,,,,23435,2.0301893528085202e-05
756,1.9392426111153327e-05,2.593012368379277e-06,4.156941315613949e-07,23439,
756,1.9821527530439198e-05,2.7314797534927493e-06,4.245343632192089e-07,23449,
756,1.923326817632187e-05,4.030536729260348e-06,3.7614609027514234e-07,23459,
756,,,,23466,1.9642902771010995e-05
757,1.83179035957437e-05,2.016024609474698e-06,4.205189441108814e-07,23469,
757,2.0763898646691814e-05,2.1903049400862074e-06,4.0723244865148445e-07,23479,
757,1.8259957869304344e-05,3.0078856525506126e-06,3.9310199895226106e-07,23489,
757,,,,23497,1.85523404070409e-05
758,1.836098999774549e-05,2.619402494019596e-06,4.0470962403560407e-07,23499,
758,1.709040952846408e-05,1.9602864540502196e-06,4.006194274097652e-07,23509,
758,1.6398040315834805e-05,1.3594949450634886e-06,3.8806106772426574e-07,23519,
758,,,,23528,1.7770227714208886e-05
759,1.8011789506999776e-05,2.1017992821725784e-06,3.9089997017072164e-07,23529,
759,1.7066487998818047e-05,1.9681474441313185e-06,4.112081910534471e-07,23539,
759,1.6969403077382594e-05,1.3424212284007808e-06,4.1801388306339504e-07,23549,
759,9.34221225179499e-06,4.0894789776757534e-07,1.9560801867157807e-09,23559,
759,,,,23559,1.79129492607899e-05
760,1.9208158846595325e-05,2.4779699288046686e-06,3.795961447394802e-07,23569,
760,1.8052438463200815e-05,1.9307719867356354e-06,3.582815395475336e-07,23579,
760,1.6932222933974117e-05,1.9394381070014788e-06,4.130883723973966e-07,23589,
760,,,,23590,2.0237592252669856e-05
761,2.132409281330183e-05,6.918156486790394e-06,4.3069155708508333e-07,23599,
761,2.1525858755921945e-05,7.990117410372477e-06,4.175265360117919e-07,23609,
761,1.8244716557092033e-05,4.993385118723381e-06,4.1950619333874783e-07,23619,
761,,,,23621,2.1410678527900018e-05
762,2.0465047782636248e-05,2.6042912395496387e-06,3.9237144733306195e-07,23629,
762,2.0763796783285215e-05,2.853273826985969e-06,3.9646073446419905e-07,23639,
762,1.782492472557351e-05,1.933157136591035e-06,4.086581668616418e-07,23649,
762,,,,23652,1.960772897291463e-05
763,2.017249607888516e-05,5.36113702764851e-06,3.9728121237203595e-07,23659,
763,1.9023071217816323e-05,2.224343688794761e-06,4.0881636209633143e-07,23669,
763,1.7582322470843792e-05,1.803587906579196e-06,4.1284323515355936e-07,23679,
763,,,,23683,2.0211364244460128e-05
764,2.3091693947208114e-05,4.81918823425076e-06,3.857233537019056e-07,23689,
764,1.830063592933584e-05,2.191347221014439e-06,4.379394056286401e-07,23699,
764,1.8312048268853687e-05,2.2852429992781254e-06,3.7751266290797503e-07,23709,
764,,,,23714,2.0473160475376062e-05
765,1.927142875501886e-05,2.696590172490687e-06,4.1438627818024543e-07,23719,
765,1.8586993974167854e-05,2.7591684101935243e-06,4.028524642762932e-07,23729,
765,1.7872029275167733e-05,1.7801024796426645e-06,4.056609270719491e-07,23739,
765,,,,23745,2.5454279239056632e-05
766,2.1623656721203588e-05,3.1322340419137618e-06,4.1887969359777344e-07,23749,
766,1.9225195501348935e-05,3.438068688410567e-06,4.261191293153388e-07,23759,
766,1.7714128262014128e-05,1.7220990002897452e-06,3.777082042688562e-07,23769,
766,,,,23776,1.880241688922979e-05
767,1.749406692397315e-05,2.784187699944596e-06,4.2322352555856924e-07,23779,
767,1.9365032130735926e-05,2.2431315755966352e-06,4.0879123730519495e-07,23789,
767,1.7590517018106766e-05,1.516204974905122e-06,3.9488944025833916e-07,23799,
767,,,,23807,2.0058732843608595e-05
768,1.9484923541313037e-05,2.6135055577469757e-06,4.073604884524684e-07,23809,
768,1.6908095858525485e-05,1.803787199605722e-06,4.031000457871414e-07,23819,
768,1.6365300325560383e-05,1.6307782289004535e-06,3.902119374288304e-07,23829,
768,,,,23838,1.730160329316277e-05
769,1.7608686903258786e-05,2.9776745122944703e-06,3.927592331365304e-07,23839,
769,1.7546683011460118e-05,1.648125703468395e-06,4.1409970208405866e-07,23849,
769,1.733939461701084e-05,1.530597614873841e-06,4.198201395411161e-07,23859,
769,9.016691365104634e-06,4.0495834241482953e-07,1.9619867952513914e-09,23869,
769,,,,23869,1.8241658835904673e-05
770,1.9238508684793487e-05,2.3029515432426706e-06,3.8227960885706125e-07,23879,
770,1.7414144167560153e-05,2.19189905692474e-06,3.600163154260372e-07,23889,
770,1.6803791368147358e-05,1.6636377040413208e-06,4.148081131916115e-07,23899,
770,,,,23900,1.9176726709702052e-05
771,1.7859338186099194e-05,2.008790943364147e-06,4.3321816178831796e-07,23909,
771,1.6649655663059093e-05,1.4642913583884365e-06,4.1867141931106744e-07,23919,
771,1.7203998140757903e-05,1.8304081095266156e-06,4.2190882254544704e-07,23929,
771,,,,23931,1.911243271024432e-05
772,1.7631888113101013e-05,1.6984682815746055e-06,3.925099463231163e-07,23939,
772,1.8252660083817318e-05,2.9804302812408423e-06,3.993042412275827e-07,23949,
772,1.792298280633986e-05,1.7526726878713816e-06,4.110287363801035e-07,23959,
772,,,,23962,2.1255311366985552e-05
773,1.897629044833593e-05,2.903135282394942e-06,4.000455362529465e-07,23969,
773,1.7926031432580203e-05,2.4520729766663862e-06,4.1107989545707824e-07,23979,
773,1.675340718065854e-05,1.7393516600350267e-06,4.155777730829868e-07,23989,
773,,,,23993,1.9040335246245377e-05
774,1.869184234237764e-05,2.589763425930869e-06,3.870409841510991e-07,23999,
774,1.715292273729574e-05,2.122498244716553e-06,4.4121389919382636e-07,24009,
774,1.6675383449182846e-05,1.5796089201103314e-06,3.7981649825269415e-07,24019,
774,,,,24024,1.984398659260478e-05
775,1.8933720639324747e-05,3.479966153463465e-06,4.1616382873144175e-07,24029,
775,1.7429179933969863e-05,2.684923629203695e-06,4.0546166246713256e-07,24039,
775,1.757690370141063e-05,1.5986399830580922e-06,4.082122870840976e-07,24049,
775,,,,24055,1.882111610029824e-05
776,1.799357050913386e-05,2.3474667614209466e-06,4.2040369407914113e-07,24059,
776,1.8600730982143432e-05,2.8890688099636463e-06,4.295661142350582e-07,24069,
776,1.7092299458454363e-05,2.3845354917284567e-06,3.7973967437210376e-07,24079,
776,,,,24086,1.996103128476534e-05
777,1.6310421415255405e-05,2.14932856579253e-06,4.247828542247589e-07,24089,
777,1.8273984096595086e-05,2.3284248982236022e-06,4.123135397549049e-07,24099,
777,1.6942225556704216e-05,1.5255334346875316e-06,3.971440492023248e-07,24109,
777,,,,24117,1.921059811138548e-05
778,2.1723886675317772e-05,2.3201525891636265e-06,4.100135129192495e-07,24119,
778,1.724521462165285e-05,2.2033052573533496e-06,4.0550074231759936e-07,24129,
778,1.764660919434391e-05,2.8682773063337663e-06,3.9262337736545305e-07,24139,
778,,,,24148,2.1141278921277262e-05
779,2.129232780134771e-05,2.331762289031758e-06,3.957870546855702e-07,24149,
779,1.7780374037101865e-05,3.622657914092997e-06,4.171427860910626e-07,24159,
779,1.824528408178594e-05,1.841032826632727e-06,4.223446126161434e-07,24169,
779,9.25435233511962e-06,6.609845399907499e-07,1.9674237794475857e-09,24179,
779,,,,24179,1.8641694623511285e-05
780,1.7454034605179913e-05,2.7692574349202914e-06,3.8390578538383124e-07,24189,
780,1.6932584912865423e-05,1.8368303926763474e-06,3.620509971824504e-07,24199,
780,1.629264806979336e-05,1.4126387668511597e-06,4.1760932845136267e-07,24209,
780,,,,24210,1.8716078557190485e-05
781,1.730518306430895e-05,1.5924626950436505e-06,4.3581019326666137e-07,24219,
781,1.635514672670979e-05,1.3441558621707372e-06,4.206717676424887e-07,24229,
781,1.6002821212168783e-05,1.42194971886056e-06,4.242076556693064e-07,24239,
781,,,,24241,1.8140712199965492e-05
782,1.6852845874382183e-05,1.768972310856043e-06,3.951334406337992e-07,24249,
782,1.708548006718047e-05,2.0823574686801294e-06,4.013035947991739e-07,24259,
782,1.654644074733369e-05,1.8399247210254543e-06,4.1343682255501335e-07,24269,
782,,,,24272,1.853059438872151e-05
783,1.7869168004835956e-05,1.604199383109517e-06,4.023495705496316e-07,24279,
783,1.7167360056191683e-05,2.0280426724639256e-06,4.1286781993221666e-07,24289,
783,1.6375541235902347e-05,2.219516545665101e-06,4.1798725192165875e-07,24299,
783,,,,24303,2.1421054043457843e-05
784,1.9972401787526906e-05,2.9056307084829314e-06,3.9001548657324747e-07,24309,
784,1.7903272237163037e-05,2.6516047455515945e-06,4.434967877386953e-07,24319,
784,1.8273645764566027e-05,2.7349647098162677e-06,3.824937380159099e-07,24329,
784,,,,24334,2.595562364149373e-05
785,2.3889564545243047e-05,5.7097877288470045e-06,4.188051718756469e-07,24339,
785,2.1318111976142973e-05,5.9825497373822145e-06,4.084518536728865e-07,24349,
785,1.8785962311085314e-05,4.147067102167057e-06,4.0901520037550654e-07,24359,
785,,,,24365,3.013855530298315e-05
786,2.3334619982051663e-05,3.936071152566001e-06,4.23124987491974e-07,24369,
786,2.012980985455215e-05,2.9834841370757204e-06,4.3084639855806017e-07,24379,
786,1.840129516494926e-05,2.5549809379299404e-06,3.8022071180421335e-07,24389,
786,,,,24396,3.316927904961631e-05
787,2.4396960725425743e-05,3.1219253742165165e-06,4.289675814561633e-07,24399,
787,2.2138645363156684e-05,4.3364002522139344e-06,4.129996398205549e-07,24409,
787,1.7943650163942948e-05,3.153421175738913e-06,3.9800158901925897e-07,24419,
787,,,,24427,2.6775804144563153e-05
788,2.6370020350441337e-05,5.041665644966997e-06,4.1375466253157356e-07,24429,
788,1.907427576952614e-05,3.5238306281826226e-06,4.051618986977701e-07,24439,
788,1.7460284652770497e-05,2.045553401330835e-06,3.941530337669974e-07,24449,
788,,,,24458,1.8992748664459214e-05
789,1.9003717170562595e-05,2.5983968043874484e-06,3.96526104395889e-07,24459,
789,1.825513936637435e-05,2.1720354652643437e-06,4.170933607383631e-07,24469,
789,1.6935033272602595e-05,1.938688683367218e-06,4.225682914693607e-07,24479,
789,9.21660102903843e-06,5.902716679884179e-07,1.9662158567967936e-09,24489,
789,,,,24489,1.8151738913729787e-05
790,1.7335049051325768e-05,1.6100204902613768e-06,3.8494025034196966e-07,24499,
790,1.6687696188455448e-05,1.5258813164109597e-06,3.6261803870729636e-07,24509,
790,1.5777728549437597e-05,1.1341413710397319e-06,4.187307638403581e-07,24519,
790,,,,24520,1.652619357628282e-05
791,1.6062376744230278e-05,1.3765609310212312e-06,4.3676891436916776e-07,24529,
791,1.572234214108903e-05,1.2233596180522e-06,4.211465522985236e-07,24539,
791,1.5576219084323384e-05,1.2009180636596284e-06,4.253583938407246e-07,24549,
791,,,,24551,1.6296262401738204e-05
792,1.5935022020130418e-05,1.3434573702397756e-06,3.963618553370907e-07,24559,
792,1.5768560842843726e-05,1.2681374528256129e-06,4.0241383203465375e-07,24569,
792,1.5940369848976843e-05,1.278816966987506e-06,4.1494868696645426e-07,24579,
792,,,,24582,1.635414082556963e-05
793,1.6857751688803546e-05,1.8583299379315577e-06,4.0371318732468353e-07,24589,
793,1.6218278688029386e-05,1.3485099543686374e-06,4.1474291379017814e-07,24599,
793,1.5710511434008367e-05,1.2525887314041029e-06,4.193085487713688e-07,24609,
793,,,,24613,1.746366251609288e-05
794,1.762330975907389e-05,2.9411542072921293e-06,3.911322039584775e-07,24619,
794,1.6757307093939744e-05,1.8934866830022656e-06,4.441636747287703e-07,24629,
794,1.571591928950511e-05,1.396113134433108e-06,3.837328961253661e-07,24639,
794,,,,24644,1.932908890012186e-05
795,1.809901550586801e-05,3.1568256417813245e-06,4.2050288584505324e-07,24649,
795,2.1509478756343015e-05,5.02350712849875e-06,4.0888161834118364e-07,24659,
795,1.9347276975167915e-05,2.1908006146986736e-06,4.121406789181492e-07,24669,
795,,,,24675,2.0476656573009677e-05
796,1.879767660284415e-05,3.2805824048409704e-06,4.2328534277658036e-07,24679,
796,1.8178243408328854e-05,2.3469444840884535e-06,4.3358093648748763e-07,24689,
796,1.639954643906094e-05,1.7575063111507916e-06,3.8274478697530867e-07,24699,
796,,,,24706,1.657401844568085e-05
797,1.5670311768190004e-05,1.945194981090026e-06,4.307261178837507e-07,24709,
797,1.884327139123343e-05,1.626276457500353e-06,4.157383273195592e-07,24719,
797,1.65179226314649e-05,1.5210225683404133e-06,4.0086933950078674e-07,24729,
797,,,,24737,1.6587562640779652e-05
798,1.6882446288946085e-05,2.1207476947893156e-06,4.130735362650739e-07,24739,
798,1.5885198081377894e-05,1.3221057315604412e-06,4.0951607616079855e-07,24749,
798,1.52173906826647e-05,1.2065128203175846e-06,3.9739020962770155e-07,24759,
798,,,,24768,1.612790219951421e-05
799,1.640824120840989e-05,1.407504896633327e-06,3.994183259692363e-07,24769,
799,1.5860334315220825e-05,1.224375637320918e-06,4.208354482670984e-07,24779,
799,1.578585579409264e-05,1.1953142120546545e-06,4.255355179338949e-07,24789,
799,8.473756679450162e-06,4.1200956957254675e-07,1.9825141528428958e-09,24799,
799,,,,24799,1.5894842363195494e-05
800,1.6507567124790512e-05,1.5688286794102169e-06,3.8860935092088766e-07,24809,
800,1.6042469724197872e-05,1.5134257864701794e-06,3.6616279430745635e-07,24819,
800,1.5695202819188125e-05,1.2707217820207006e-06,4.221890321787214e-07,24829,
800,,,,24830,1.6366901036235504e-05
801,1.5995885405573063e-05,1.305450382460549e-06,4.3990141307403974e-07,24839,
801,1.6477184544783086e-05,1.6534055475858622e-06,4.24422836431404e-07,24849,
801,1.5987550796126015e-05,1.5496929108849145e-06,4.2861418592110567e-07,24859,
801,,,,24861,1.83082083822228e-05
802,1.7342843420919962e-05,1.8896304254667484e-06,3.999287798706064e-07,24869,
802,1.8347347577218898e-05,2.548970542193274e-06,4.05386742841074e-07,24879,
802,1.7225927877007052e-05,1.7716846514304052e-06,4.1776084458433616e-07,24889,
802,,,,24892,1.8638735127751715e-05
803,1.703196539892815e-05,1.8467147810952156e-06,4.06035468358823e-07,24899,
803,1.6888967365957797e-05,2.358575329708401e-06,4.1810875472947373e-07,24909,
803,1.5888032066868618e-05,1.522448769719631e-06,4.2226406549161766e-07,24919,
803,,,,24923,1.80188817466842e-05
804,1.8921557057183236e-05,3.1475840387429344e-06,3.933998584670917e-07,24929,
804,1.677608634054195e-05,2.6748846266855253e-06,4.479667268242338e-07,24939,
804,1.541512210678775e-05,1.4140845223664655e-06,3.8634544807791826e-07,24949,
804,,,,24954,1.7969514374271967e-05
805,1.7173009837279096e-05,2.729340394580504e-06,4.2252861476299586e-07,24959,
805,1.7155602108687162e-05,2.1887794900976587e-06,4.1233252545680443e-07,24969,
805,1.6892392523004673e-05,1.8487301076675067e-06,4.1489698787700036e-07,24979,
805,,,,24985,1.7693631889414974e-05
806,1.7596112229512073e-05,1.7702632248983718e-06,4.2693733348642127e-07,24989,
806,1.6608351870672777e-05,2.337467776669655e-06,4.369343287180527e-07,24999,
806,1.600897121534217e-05,1.9634339878393803e-06,3.8527798551513115e-07,25009,
806,,,,25016,1.7987944374908693e-05
807,1.649340811127331e-05,2.9666462069144472e-06,4.3340949673620344e-07,25019,
807,1.8471069779479876e-05,3.741166210602387e-06,4.197771374947479e-07,25029,
807,1.7041109458659776e-05,1.8323556787436246e-06,4.03507385726698e-07,25039,
807,,,,25047,2.2279742552200332e-05
808,2.2470667317975312e-05,5.43578198630712e-06,4.1709236597853305e-07,25049,
808,1.9561321096261963e-05,2.584168896646588e-06,4.124969450458593e-07,25059,
808,1.6833660993142985e-05,1.5341826156145544e-06,4.0052009353530593e-07,25069,
808,,,,25078,1.7834689060691744e-05
809,1.7978381947614253e-05,2.0618804228433874e-06,4.0214459318121953e-07,25079,
809,1.849011823651381e-05,1.8719532590694143e-06,4.2368580466245476e-07,25089,
809,1.6542942830710672e-05,1.4337332459035679e-06,4.2811066691683664e-07,25099,
809,8.224218618124723e-06,5.704325758415507e-07,1.9869139666894853e-09,25109,
809,,,,25109,1.7036856661434285e-05
810,1.699087442830205e-05,1.496627987762622e-06,3.9054344824762666e-07,25119,
810,1.7039119484252296e-05,1.6521382804057794e-06,3.6836411254626e-07,25129,
810,1.5825482478248887e-05,1.5034300986371818e-06,4.251814118561015e-07,25139,
810,,,,25140,1.68934839166468e-05
811,1.634849286347162e-05,1.819313411033363e-06,4.426493376286089e-07,25149,
811,1.7107578969444148e-05,2.423853175059776e-06,4.2702473024291976e-07,25159,
811,1.579475065227598e-05,1.3353363783608074e-06,4.3125797333232185e-07,25169,
811,,,,25171,1.772208997863345e-05
812,1.6993022654787637e-05,1.8953269318444654e-06,4.0343314822166576e-07,25179,
812,1.6738184058340266e-05,2.253038246635697e-06,4.0751072560851753e-07,25189,
812,1.678129774518311e-05,1.3581974371845718e-06,4.207679467072012e-07,25199,
812,,,,25202,1.8874801753554493e-05
813,1.8150092728319578e-05,2.864981752281892e-06,4.0924919630924705e-07,25209,
813,1.6572663298575208e-05,1.5150397985053132e-06,4.201639569600957e-07,25219,
813,1.6021509509300813e-05,1.643116092964192e-06,4.243582623075781e-07,25229,
813,,,,25233,1.8107914002030157e-05
814,1.744757901178673e-05,2.0989687072869856e-06,3.9596125134266913e-07,25239,
814,1.676246029091999e-05,1.5069214214236126e-06,4.503242223563575e-07,25249,
814,1.5097184586920775e-05,1.5706581280028331e-06,3.887608386321517e-07,25259,
814,,,,25264,1.8528098735259846e-05
815,1.7347778339171782e-05,2.34279264077486e-06,4.2507377884248854e-07,25269,
815,2.084385596390348e-05,6.475773261627182e-06,4.144916943005228e-07,25279,
815,2.0216748453094624e-05,6.237633442651713e-06,4.1803718886512797e-07,25289,
815,,,,25295,1.926206641655881e-05
816,1.81032683030935e-05,2.207005081800162e-06,4.2860602889049915e-07,25299,
816,2.1332358301151544e-05,2.5091001134569524e-06,4.388166132685001e-07,25309,
816,1.6645983123453334e-05,1.7281457758144825e-06,3.863190443098574e-07,25319,
816,,,,25326,2.3611226424691267e-05
817,1.8868704501073807e-05,4.261133653926663e-06,4.3645079017551325e-07,25329,
817,2.008487717830576e-05,2.8589236080733826e-06,4.211979671708832e-07,25339,
817,1.7044578271452338e-05,1.8806593971021357e-06,4.0482075291947694e-07,25349,
817,,,,25357,2.23364622797817e-05
818,2.74707763310289e-05,5.094271273264894e-06,4.1876967316056835e-07,25359,
818,1.9544162569218315e-05,3.0597493605455384e-06,4.135996221066307e-07,25369,
818,1.6564845282118767e-05,1.9783924471994396e-06,4.021869131065614e-07,25379,
818,,,,25388,1.8186381566920318e-05
819,1.8357612134423107e-05,2.038472530330182e-06,4.032178821944399e-07,25389,
819,1.865030571934767e-05,2.4794912860670593e-06,4.2582286141623626e-07,25399,
819,1.791455360944383e-05,2.33317928177712e-06,4.2913157471957675e-07,25409,
819,8.790388164925389e-06,1.8838751429939293e-06,1.9910177950777097e-09,25419,
819,,,,25419,1.9481269191601314e-05
820,1.877385875559412e-05,4.320949756220216e-06,3.9316529409916257e-07,25429,
820,1.8275864931638353e-05,2.4602911707916064e-06,3.7028098631708417e-07,25439,
820,1.626821540412493e-05,1.6696627653800533e-06,4.2604216332620126e-07,25449,
820,,,,25450,1.881262505776249e-05
821,1.7965347069548443e-05,2.7329701879352797e-06,4.440322811660735e-07,25459,
821,1.6601918105152436e-05,1.3930903151049279e-06,4.2790892962329963e-07,25469,
821,1.538218930363655e-05,1.4481714742942131e-06,4.322514257637522e-07,25479,
821,,,,25481,1.9042779968003742e-05
822,1.6079487977549434e-05,2.6444463401276153e-06,4.0375519461122167e-07,25489,
822,1.668374170549214e-05,1.5671114397264319e-06,4.09334973028308e-07,25499,
822,1.5857085600146092e-05,1.5679773923693574e-06,4.216130093936954e-07,25509,
822,,,,25512,1.6773001334513538e-05
823,1.6682442947058007e-05,2.2713770704285707e-06,4.102171260456089e-07,25519,
823,1.6449435861431994e-05,1.6904408539630822e-06,4.21372220671401e-07,25529,
823,1.5928755601635203e-05,1.7646482319833012e-06,4.257332477664022e-07,25539,
823,,,,25543,1.6211441106861457e-05
824,1.6853755369083956e-05,1.7597291162019246e-06,3.974083711000276e-07,25549,
824,1.671535210334696e-05,1.588646114214498e-06,4.519887397691491e-07,25559,
824,1.5070699191710446e-05,1.4772374470339855e-06,3.9015409925013955e-07,25569,
824,,,,25574,1.7041951650753617e-05
825,1.6260968550341204e-05,1.6768623254392878e-06,4.263971220552776e-07,25579,
825,1.5192230421234854e-05,1.40605470733135e-06,4.161217930231942e-07,25589,
825,1.5965855709509924e-05,1.544145220577775e-06,4.183671080681961e-07,25599,
825,,,,25605,1.570245331095066e-05
826,1.4998742699390277e-05,1.324757818110811e-06,4.301133458284312e-07,25609,
826,1.5442032236023806e-05,1.4335263358589145e-06,4.401689182031987e-07,25619,
826,1.4902607290423475e-05,1.2464773817555397e-06,3.884306352119893e-07,25629,
826,,,,25636,1.5737847206764854e-05
827,1.4600198483094573e-05,1.4693185903524864e-06,4.3783896330751304e-07,25639,
827,1.632602834433783e-05,2.088929704768816e-06,4.231623336181656e-07,25649,
827,1.5256441656674724e-05,1.3478927485266468e-06,4.0714689930609893e-07,25659,
827,,,,25667,1.623905154701788e-05
828,1.6996427802951075e-05,2.686620746317203e-06,4.20618562202435e-07,25669,
828,1.571726352267433e-05,1.7243546608369797e-06,4.1618309865043557e-07,25679,
828,1.5279449144145474e-05,1.554638629386318e-06,4.048332300499169e-07,25689,
828,,,,25698,1.677463842497673e-05
829,1.708193121885415e-05,2.6025022634712514e-06,4.059833429437276e-07,25699,
829,1.7768432371667586e-05,2.205483042416745e-06,4.281311873910454e-07,25709,
829,1.5655044990126044e-05,1.6407738030466135e-06,4.319664981267124e-07,25719,
829,8.462058758595958e-06,4.943020712744328e-07,1.9995221034463384e-09,25729,
829,,,,25729,1.7941318219527602e-05
830,1.902587609947659e-05,4.092073140782304e-06,3.9514947047791793e-07,25739,
830,1.665496893110685e-05,3.169930323565495e-06,3.7185057522037823e-07,25749,
830,1.6722140571800992e-05,2.390997224210878e-06,4.2915954168165626e-07,25759,
830,,,,25760,2.042627238552086e-05
831,2.131265318894293e-05,3.0235580652515637e-06,4.4747218908014474e-07,25769,
831,1.651139791647438e-05,1.584853066560754e-06,4.3034651753259823e-07,25779,
831,1.6373247490264475e-05,2.108581384163699e-06,4.3515487391232455e-07,25789,
831,,,,25791,1.792240800568834e-05
832,1.699657877907157e-05,2.0143415895290673e-06,4.056560385379271e-07,25799,
832,1.6339989088010043e-05,2.2918104605196277e-06,4.1157309738082404e-07,25809,
832,1.6050309568527155e-05,2.1051712337794015e-06,4.244268438924337e-07,25819,
832,,,,25822,1.733967656036839e-05
833,1.745764348015655e-05,1.5401288919747458e-06,4.130415618419647e-07,25829,
833,1.6055384548963048e-05,1.4956040104152635e-06,4.235650692407944e-07,25839,
833,1.5029802852950525e-05,1.4211417465048726e-06,4.28105209948626e-07,25849,
833,,,,25853,1.5191496459010523e-05
834,1.5667486877646297e-05,1.4738466234121006e-06,3.9955679653758125e-07,25859,
834,1.506178068666486e-05,1.1906424788321601e-06,4.5423510641739995e-07,25869,
834,1.4281705261964817e-05,1.105893147723691e-06,3.9251952443919436e-07,25879,
834,,,,25884,1.5111557331692893e-05
835,1.4527277016895823e-05,1.1625036222540075e-06,4.2879469219769817e-07,25889,
835,1.4989755982242059e-05,1.27181408515753e-06,4.184453246125486e-07,25899,
835,1.5450925275217742e-05,1.5459092992387014e-06,4.208727659715805e-07,25909,
835,,,,25915,1.617875932424795e-05
836,1.539028926345054e-05,1.824902938096784e-06,4.32212914347474e-07,25919,
836,1.7035421478794888e-05,3.074066626140848e-06,4.427243709415052e-07,25929,
836,1.6368767319363542e-05,3.715856337294099e-06,3.904024481471424e-07,25939,
836,,,,25946,1.8332224499317817e-05
837,1.557230280013755e-05,2.2355711735144723e-06,4.4069236082577845e-07,25949,
837,1.863166835391894e-05,2.356127197344904e-06,4.2653721266106004e-07,25959,
837,1.7044365449692123e-05,4.201907813694561e-06,4.08944771379538e-07,25969,
837,,,,25977,1.8454418750479817e-05
838,1.8226053725811653e-05,3.86440615329775e-06,4.23259962190059e-07,25979,
838,1.7377513358951546e-05,1.844440362219757e-06,4.1786873339333397e-07,25989,
838,1.5507986972806975e-05,1.5743120229672058e-06,4.0671173451301e-07,25999,
838,,,,26008,1.9407727450015955e-05
839,1.941355185408611e-05,2.1340099465305684e-06,4.078019628650509e-07,26009,
839,1.726609298202675e-05,1.979873104573926e-06,4.298817088965734e-07,26019,
839,1.5332838302128948e-05,1.3175940694054589e-06,4.3305811914251535e-07,26029,
839,7.849658686609473e-06,4.7207740294652467e-07,1.9985717525372593e-09,26039,
839,,,,26039,1.6250422049779445e-05
840,1.582564800628461e-05,1.6014630546123954e-06,3.967223278777965e-07,26049,
840,1.5475854524993338e-05,1.4461579667113256e-06,3.7342712744248274e-07,26059,
840,1.5125923710002098e-05,1.1369262438165606e-06,4.311518466693087e-07,26069,
840,,,,26070,1.680398236203473e-05
841,1.706402144918684e-05,2.5649489998613717e-06,4.489036200538976e-07,26079,
841,1.898576010717079e-05,5.509476977749728e-06,4.324083704432269e-07,26089,
841,1.7166190446005203e-05,3.4106699331459822e-06,4.3713038166970364e-07,26099,
841,,,,26101,1.8326636563870125e-05
842,1.6568659702898003e-05,1.7991089862334775e-06,4.0895827169151744e-07,26109,
842,1.7874070181278512e-05,2.3169648102339124e-06,4.131668163154245e-07,26119,
842,1.573690678924322e-05,2.103152382915141e-06,4.261420372131397e-07,26129,
842,,,,26132,1.7708300219965167e-05
843,1.792765033314936e-05,2.5364245175296674e-06,4.1391066929463705e-07,26139,
843,1.6195823263842613e-05,1.532678311377822e-06,4.253851386692986e-07,26149,
843,1.5126861399039626e-05,1.3428178817775915e-06,4.2983566572729615e-07,26159,
843,,,,26163,1.732572309265379e-05
844,1.722862543829251e-05,2.0967361251678085e-06,4.011667726899759e-07,26169,
844,1.560994132887572e-05,1.727626113279257e-06,4.5572323870146647e-07,26179,
844,1.4648589058197103e-05,1.3226947430666769e-06,3.9399199636136473e-07,26189,
844,,,,26194,1.5566656657028943e-05
845,1.4682334949611686e-05,1.3744814850724651e-06,4.29986414474115e-07,26199,
845,1.4821703189227264e-05,1.3982369182485854e-06,4.200169314572122e-07,26209,
845,1.568757215864025e-05,1.6930686115301796e-06,4.2228919028275413e-07,26219,
845,,,,26225,1.551450441183988e-05
846,1.5648303815396503e-05,1.6086836467366084e-06,4.334789878157608e-07,26229,
846,1.683761365711689e-05,1.8543414626037702e-06,4.4494385065263486e-07,26239,
846,1.7226118870894425e-05,2.518271685403306e-06,3.917025708233268e-07,26249,
846,,,,26256,1.8854847439797595e-05
847,1.9589197108871303e-05,2.659171059349319e-06,4.4294935719335626e-07,26259,
847,2.082071478071157e-05,2.5214690140273888e-06,4.2776488839990634e-07,26269,
847,1.8815115254255943e-05,3.1537965696770698e-06,4.102195703126199e-07,26279,
847,,,,26287,1.9081311620539054e-05
848,1.9443032215349376e-05,4.495640951063251e-06,4.2453299897715624e-07,26289,
848,1.772330688254442e-05,3.326803152958746e-06,4.194931761958287e-07,26299,
848,1.578647606947925e-05,4.5656843212782405e-06,4.08519440497912e-07,26309,
848,,,,26318,2.0988234609831125e-05
849,2.108741318807006e-05,3.155006879751454e-06,4.09899968190075e-07,26319,
849,1.783285551937297e-05,4.468777660804335e-06,4.316911201840412e-07,26329,
849,1.620682087377645e-05,1.6792499764051172e-06,4.350348774551094e-07,26339,
849,8.37602601677645e-06,7.085389484018378e-07,2.0009609524862526e-09,26349,
849,,,,26349,1.8172755517298356e-05
850,1.6140287698362954e-05,2.5161605208268156e-06,3.9765578208061925e-07,26359,
850,1.5102704310265835e-05,1.6742681054893183e-06,3.7492523574655934e-07,26369,
850,1.481332401453983e-05,1.4731366491105291e-06,4.330613592173904e-07,26379,
850,,,,26380,1.7340464182780124e-05
851,1.6342466551577672e-05,2.0163633962511085e-06,4.5051177721688873e-07,26389,
851,1.468342998123262e-05,2.813613491525757e-06,4.3298331320329453e-07,26399,
851,1.5285473637050018e-05,1.6453971056762384e-06,4.3882221234525787e-07,26409,
851,,,,26411,1.6545889593544416e-05
852,1.5197277207334992e-05,1.8659684428712353e-06,4.0961433001029945e-07,26419,
852,1.5037379853310995e-05,1.9882952528860187e-06,4.148258199165866e-07,26429,
852,1.4805180398980156e-05,1.4704656905450975e-06,4.279336565105041e-07,26439,
852,,,,26442,1.533884642412886e-05
853,1.529744258732535e-05,1.5144805729505606e-06,4.161259141710616e-07,26449,
853,1.5499932487728074e-05,1.6338465229637222e-06,4.2727057802949275e-07,26459,
853,1.4642896530858707e-05,1.3568918575401767e-06,4.316227659728611e-07,26469,
853,,,,26473,1.7003541870508343e-05
854,1.900118513731286e-05,3.2522741548746126e-06,4.030276841149316e-07,26479,
854,1.6980549844447523e-05,2.5894610189425293e-06,4.5847480123484274e-07,26489,
854,1.587733277119696e-05,2.4255275548057398e-06,3.960185210871714e-07,26499,
854,,,,26504,1.8366992662777193e-05
855,1.7972439309232868e-05,2.7540770588529995e-06,4.323584619214671e-07,26509,
855,1.532811984361615e-05,1.8472567262506345e-06,4.220140681354678e-07,26519,
855,1.5432578948093578e-05,1.7457419971833588e-06,4.242780278218561e-07,26529,
855,,,,26535,1.5764462659717537e-05
856,1.4930375073163304e-05,1.5674459064030088e-06,4.3540595129343274e-07,26539,
856,1.5026421351649333e-05,1.5627080074409605e-06,4.4621612005357747e-07,26549,
856,1.4280267350841314e-05,1.5260824284268892e-06,3.932764514047449e-07,26559,
856,,,,26566,1.5801164408912882e-05
857,1.3978606148157269e-05,1.2732754157696036e-06,4.4491486050901585e-07,26569,
857,1.670457459113095e-05,3.001511458933237e-06,4.2955053913829033e-07,26579,
857,1.6133362805703655e-05,3.4247968869749457e-06,4.12450106068718e-07,26589,
857,,,,26597,1.7711947293719277e-05
858,1.818961027311161e-05,5.6833246162568685e-06,4.272567650787096e-07,26599,
858,1.7610778741072863e-05,2.0854201920883497e-06,4.2225920537930506e-07,26609,
858,1.592437365616206e-05,2.2013168745615985e-06,4.105157813683036e-07,26619,
858,,,,26628,1.966683157661464e-05
859,1.9886932932422496e-05,3.2686511985957623e-06,4.1145767681882717e-07,26629,
859,1.691488978394773e-05,2.2307424387690844e-06,4.3343902689230163e-07,26639,
859,1.62265441758791e-05,1.6960171933533275e-06,4.365115842119849e-07,26649,
859,8.350968528247904e-06,6.474018050539598e-07,2.0050638926960573e-09,26659,
859,,,,26659,1.907592377392575e-05
860,2.027342634391971e-05,2.5235665361833526e-06,4.0031483194979955e-07,26669,
860,1.587120641488582e-05,1.7764953099685954e-06,3.7614785242112703e-07,26679,
860,1.5093164620338939e-05,1.2889001936855493e-06,4.3437620433905977e-07,26689,
860,,,,26690,1.717662235023454e-05
861,1.6758729543653317e-05,1.4967062043069745e-06,4.5275305637915153e-07,26699,
861,1.4813305824645795e-05,1.221449224431126e-06,4.349986966190045e-07,26709,
861,1.4622151866205968e-05,1.598129188096209e-06,4.406528546496702e-07,26719,
861,,,,26721,1.6354606486856937e-05
862,1.642993083805777e-05,2.2753981738787843e-06,4.1143337625726417e-07,26729,
862,1.6346022675861605e-05,4.944459760736208e-06,4.171722309820325e-07,26739,
862,1.5429350241902284e-05,2.5650704174040584e-06,4.297314148971054e-07,26749,
862,,,,26752,1.7286170987063088e-05
863,1.731839802232571e-05,1.9954563867941033e-06,4.1861420640998404e-07,26759,
863,1.6082576621556655e-05,2.0104364466533298e-06,4.2867313254646433e-07,26769,
863,1.5478208297281526e-05,1.8528725149735692e-06,4.329955345383496e-07,26779,
863,,,,26783,1.8789949535857886e-05
864,1.707026967778802e-05,2.177666829084046e-06,4.0419143942926894e-07,26789,
864,1.5752015315229073e-05,2.1055718661955325e-06,4.59748235925872e-07,26799,
864,1.543584767205175e-05,1.450385752832517e-06,3.9790714367882174e-07,26809,
864,,,,26814,1.8566317521617748e-05
865,1.7165715689770877e-05,3.989958713646047e-06,4.330555611886666e-07,26819,
865,1.5671113942516968e-05,3.2264686069538584e-06,4.237610937707359e-07,26829,
865,1.6035848602768965e-05,1.4303135458249017e-06,4.253200813764124e-07,26839,
865,,,,26845,1.661572059674654e-05
866,1.608614547876641e-05,1.8050468497676775e-06,4.3740530486502394e-07,26849,
866,1.6014237189665437e-05,3.3997371247096453e-06,4.471494321478531e-07,26859,
866,1.4812552763032727e-05,2.501375320207444e-06,3.942339219520363e-07,26869,
866,,,,26876,1.774987867975142e-05
867,1.5499224900850095e-05,2.3323018467635848e-06,4.4627628881244163e-07,26879,
867,1.7625681721256115e-05,2.1017081053287257e-06,4.310145982344693e-07,26889,
867,1.529944347566925e-05,1.899731500998314e-06,4.1374343595634855e-07,26899,
867,,,,26907,1.7828355339588597e-05
868,2.0614255845430307e-05,2.4293092337757116e-06,4.2814602352336806e-07,26909,
868,1.552976573293563e-05,2.475920837241574e-06,4.233037032008724e-07,26919,
868,1.646105374675244e-05,2.8536073841678444e-06,4.1235702497033344e-07,26929,
868,,,,26938,1.966041963896714e-05
869,1.981897366931662e-05,2.5375290988449706e-06,4.1333930766995763e-07,26939,
869,1.672200050961692e-05,4.275488663552096e-06,4.3575820996011316e-07,26949,
869,1.5194031220744364e-05,1.445240172870399e-06,4.382231395538838e-07,26959,
869,7.607522093167063e-06,6.485720405180473e-07,2.014202360456352e-09,26969,
869,,,,26969,1.729800715111196e-05
870,1.574668931425549e-05,3.563485051927273e-06,4.0173841853174963e-07,26979,
870,1.4739588550582994e-05,1.6428724620709545e-06,3.7850583112231106e-07,26989,
870,1.4642372661910485e-05,1.6291074871332967e-06,4.3693023599189473e-07,26999,
870,,,,27000,1.698313280940056e-05
871,1.6853358829393983e-05,2.6978077585226856e-06,4.545644003428606e-07,27009,
871,1.4886770259181503e-05,5.607101684290683e-06,4.359190484137798e-07,27019,
871,1.4573222870239988e-05,1.4400316104001831e-06,4.425607187386049e-07,27029,
871,,,,27031,1.812188384064939e-05
872,1.575019814481493e-05,3.703880111061153e-06,4.128919499635231e-07,27039,
872,1.8167604139307514e-05,4.2370361370558385e-06,4.1921836668734613e-07,27049,
872,1.5705050827818923e-05,3.2774864848761354e-06,4.312858550292731e-07,27059,
872,,,,27062,2.8778005798812956e-05
873,2.1742067474406213e-05,5.702609541913262e-06,4.220140681354678e-07,27069,
873,1.8067572455038317e-05,2.357959601795301e-06,4.313039312364708e-07,27079,
873,1.5137847185542341e-05,1.99053260985238e-06,4.346210573658027e-07,27089,
873,,,,27093,3.357217428856529e-05
874,2.1696001567761414e-05,5.980857167742215e-06,4.0685125668460387e-07,27099,
874,1.769178925314918e-05,2.4376822693739086e-06,4.60344267594337e-07,27109,
874,1.5043253370095044e-05,1.929706741066184e-06,3.985504122283601e-07,27119,
874,,,,27124,2.205199962190818e-05
875,2.1989899323671125e-05,5.0867074605776e-06,4.3563733242990565e-07,27129,
875,1.642519600864034e-05,2.7087980924989097e-06,4.254110024248803e-07,27139,
875,1.6313155356328934e-05,1.789323164302914e-06,4.264028632405825e-07,27149,
875,,,,27155,1.7976273738895543e-05
876,1.7205893527716398e-05,2.912391209974885e-06,4.375526714284206e-07,27159,
876,1.698627238511108e-05,2.215023187090992e-06,4.4860499315291236e-07,27169,
876,1.5342091501224786e-05,1.634468958400248e-06,3.944728348415083e-07,27179,
876,,,,27186,1.5906665794318542e-05
877,1.4610275684390217e-05,1.5979143199729151e-06,4.472502439512027e-07,27189,
877,1.727150083752349e-05,1.7815588080338784e-06,4.323353550717002e-07,27199,
877,1.4965528862376232e-05,1.1834862334580976e-06,4.143633702824445e-07,27209,
877,,,,27217,1.546348721603863e-05
878,1.574978159624152e-05,1.845095766839222e-06,4.2900893504338455e-07,27219,
878,1.4538852155965287e-05,1.7810947383622988e-06,4.241757949330349e-07,27229,
878,1.3979236427985597e-05,1.2708079566436936e-06,4.1355795588060573e-07,27239,
878,,,,27248,1.5601563063682988e-05
879,1.5712023014202714e-05,1.357682776870206e-06,4.137751830057823e-07,27249,
879,1.4691023352497723e-05,1.7363012148052803e-06,4.368091310880118e-07,27259,
879,1.5021067156339996e-05,1.3066646715742536e-06,4.389213188460417e-07,27269,
879,6.958504400245147e-06,4.4977574020776956e-07,2.0190558114308033e-09,27279,
879,,,,27279,1.460278781451052e-05
880,1.42189064717968e-05,1.2569590808197972e-06,4.033553295812453e-07,27289,
880,1.4572873624274507e-05,1.2702500953309936e-06,3.795670409090235e-07,27299,
880,1.3792670870316215e-05,1.042481358126679e-06,4.38613881215133e-07,27309,
880,,,,27310,1.3896108612243552e-05
881,1.3925057828600984e-05,1.531675707155955e-06,4.556798955945851e-07,27319,
881,1.360023543384159e-05,1.0685688494049828e-06,4.3763367330029723e-07,27329,
881,1.3571675481216516e-05,1.049678644449159e-06,4.4399558873919887e-07,27339,
881,,,,27341,1.4347362593980506e-05
882,1.3991644664201885e-05,1.474063310524798e-06,4.1531660599503084e-07,27349,
882,1.3815099009661935e-05,1.167011532743345e-06,4.202933610031323e-07,27359,
882,1.3924163795309141e-05,1.148327669397986e-06,4.334770551395195e-07,27369,
882,,,,27372,1.4268912309489679e-05
883,1.4630876648880076e-05,1.921991497511044e-06,4.211962050248985e-07,27379,
883,1.4584531527361833e-05,1.1462470865808427e-06,4.3304240193720034e-07,27389,
883,1.382022128382232e-05,1.1977175518040895e-06,4.3693287921087176e-07,27399,
883,,,,27403,1.4789455235586502e-05
884,1.5197285392787308e-05,1.6239486058111652e-06,4.080912106019241e-07,27409,
884,1.4516694136545993e-05,1.4402843362404383e-06,4.6321517288561154e-07,27419,
884,1.373072973365197e-05,1.1384344134057756e-06,4.0142555235433974e-07,27429,
884,,,,27434,1.6229352695518173e-05
885,1.6266636521322653e-05,1.631103145882662e-06,4.371428019567247e-07,27439,
885,1.7537427993374877e-05,3.008857447639457e-06,4.273055651538016e-07,27449,
885,1.6423213310190476e-05,2.832236987160286e-06,4.298614442177495e-07,27459,
885,,,,27465,1.9669387256726623e-05
886,1.7606362234801054e-05,2.586754817457404e-06,4.399482804728905e-07,27469,
886,1.8072580132866278e-05,2.917241999966791e-06,4.514072031724936e-07,27479,
886,1.5007299225544557e-05,1.3774669014310348e-06,3.9710769783596334e-07,27489,
886,,,,27496,1.71590072568506e-05
887,1.605441684660036e-05,2.6919674382952508e-06,4.50586611577819e-07,27499,
887,1.7914335330715403e-05,3.4746624351100763e-06,4.346410662492417e-07,27509,
887,1.5149950741033535e-05,1.3347605545277474e-06,4.162324955814256e-07,27519,
887,,,,27527,1.7710439351503737e-05
888,2.1487609046744183e-05,6.711470177833689e-06,4.319905144711811e-07,27529,
888,1.699505082797259e-05,2.2414533304981887e-06,4.268931661499664e-07,27539,
888,1.5298599464586005e-05,2.2469052964879666e-06,4.1560042518540286e-07,27549,
888,,,,27558,1.6768110072007403e-05
889,1.6556898117414676e-05,1.936663920787396e-06,4.1541656514709757e-07,27559,
889,1.5343717677751556e-05,2.010213847825071e-06,4.390734034132038e-07,27569,
889,1.5054965842864476e-05,1.286896008423355e-06,4.410626672779472e-07,27579,
889,6.796300112910103e-06,4.50959049658195e-07,2.027986445440888e-09,27589,
889,,,,27589,1.495595552114537e-05
890,1.4421828382182866e-05,1.8911905499408022e-06,4.0534874301556556e-07,27599,
890,1.4273839951783884e-05,1.1715685559465783e-06,3.813665614416095e-07,27609,
890,1.3740555914409924e-05,1.0646518830981222e-06,4.41084182511986e-07,27619,
890,,,,27620,1.4516416740661953e-05
891,1.4407840353669599e-05,1.4075773151489557e-06,4.578562879942183e-07,27629,
891,1.3547969501814805e-05,1.1503587984407204e-06,4.394155723730364e-07,27639,
891,1.3414616660156753e-05,1.11689621462574e-06,4.45989655872836e-07,27649,
891,,,,27651,1.4377184015756939e-05
892,1.3839066014043055e-05,1.5021483932287083e-06,4.17277590258891e-07,27659,
892,1.4046256183064543e-05,1.1044933216908248e-06,4.221044207497471e-07,27669,
892,1.3986324120196514e-05,1.2341192814346869e-06,4.355464966465661e-07,27679,
892,,,,27682,1.3975391993881203e-05
893,1.419103591615567e-05,1.1604961400735192e-06,4.231433763379755e-07,27689,
893,1.4144196939014364e-05,1.2642531146411784e-06,4.347498645529413e-07,27699,
893,1.3536848200601526e-05,1.3065957773505943e-06,4.3881311739824014e-07,27709,
893,,,,27713,1.4621768968936522e-05
894,1.498252368037356e-05,1.8824151766239083e-06,4.100689636743482e-07,27719,
894,1.5164743672357872e-05,2.6129446268896572e-06,4.6538130504814035e-07,27729,
894,1.4757411918253638e-05,2.5169931632262887e-06,4.033620371046709e-07,27739,
894,,,,27744,1.896140383905731e-05
895,1.8119644664693624e-05,1.934953161253361e-06,4.385105967230629e-07,27749,
895,1.5287867427105084e-05,2.669208242878085e-06,4.2989120174752316e-07,27759,
895,1.631833401916083e-05,2.0392053556861356e-06,4.307059384700551e-07,27769,
895,,,,27775,1.8914708562078886e-05
896,1.6198004232137464e-05,2.766878424154129e-06,4.420535901772382e-07,27779,
896,1.74333035829477e-05,2.930264372480451e-06,4.5237297285893874e-07,27789,
896,1.5523724869126454e-05,2.14791543839965e-06,3.977489484441321e-07,27799,
896,,,,27806,2.7641664928523824e-05
897,1.910513310576789e-05,1.78632399183698e-06,4.5320066988097096e-07,27809,
897,1.7860447769635357e-05,2.784537628031103e-06,4.3682678096956806e-07,27819,
897,1.573834742885083e-05,1.9203187093808083e-06,4.174353023245203e-07,27829,
897,,,,27837,1.6345058611477725e-05
898,1.7127891624113545e-05,2.694895783861284e-06,4.316991351061006e-07,27839,
898,1.5046114640426822e-05,2.060979340967606e-06,4.278488177078543e-07,27849,
898,1.4783987353439443e-05,2.2771830572310137e-06,4.1729430222403607e-07,27859,
898,,,,27868,1.8709089999902062e-05
899,1.887621510832105e-05,2.0283223420847207e-06,4.172999581442127e-07,27869,
899,2.0759565813932568e-05,4.0001013985602185e-06,4.403495097449195e-07,27879,
899,1.7694879716145806e-05,2.4711184778425377e-06,4.422024630912347e-07,27889,
899,6.667823072348256e-06,6.833497536717914e-07,2.0224135699464796e-09,27899,
899,,,,27899,1.582837285241112e-05
900,1.440039250155678e-05,1.7114670072260196e-06,4.0620977870275965e-07,27909,
900,1.387495740345912e-05,1.300497501688369e-06,3.8209068975447735e-07,27919,
900,1.348439218418207e-05,1.095942138817918e-06,4.420419941197906e-07,27929,
900,,,,27930,1.4586538782168645e-05
901,1.4817009287071414e-05,1.5618227280356223e-06,4.5899241740698926e-07,27939,
901,1.3727624718740117e-05,1.3958626823296072e-06,4.4045509639545344e-07,27949,
901,1.345129385299515e-05,1.17152455914038e-06,4.471228862712451e-07,27959,
901,,,,27961,1.410211916663684e-05
902,1.3724140444537625e-05,1.4287622889241902e-06,4.1826544361356355e-07,27969,
902,1.3708487131225411e-05,1.39239762120269e-06,4.23215254841125e-07,27979,
902,1.3602907529275399e-05,1.1904688790309592e-06,4.3666710780598805e-07,27989,
902,,,,27992,1.4576280591427349e-05
903,1.4456468306889292e-05,2.069914216917823e-06,4.2455116044948227e-07,27999,
903,1.4775632735108957e-05,1.571455300108937e-06,4.3634224766719854e-07,28009,
903,1.4170179383654613e-05,1.7595502868061885e-06,4.400386046654603e-07,28019,
903,,,,28023,1.6347874407074414e-05
904,1.6327416233252734e-05,2.4328994641109603e-06,4.105234836515592e-07,28029,
904,1.6281122952932492e-05,2.6044974674732657e-06,4.66658860887037e-07,28039,
904,1.3513246813090518e-05,1.9407887066336116e-06,4.0387294575339183e-07,28049,
904,,,,28054,1.8868395272875205e-05
905,1.6850917745614424e-05,2.2830768102721777e-06,4.394123038764519e-07,28059,
905,1.6996591511997394e-05,2.9900729714427143e-06,4.308095924443478e-07,28069,
905,1.5711628293502145e-05,2.5655635909060948e-06,4.3114334857818903e-07,28079,
905,,,,28085,1.6932612197706476e-05
906,1.6274516383418813e-05,1.9446695205260767e-06,4.425251063366886e-07,28089,
906,1.5599129255861044e-05,2.083621893689269e-06,4.5458929776032164e-07,28099,
906,1.4328700672194827e-05,1.2603310324266204e-06,3.992372512584552e-07,28109,
906,,,,28116,1.6061656424426474e-05
907,1.530975896457676e-05,1.39078940719628e-06,4.53881227713282e-07,28119,
907,1.8010445273830555e-05,2.3433278784068534e-06,4.3801173887914047e-07,28129,
907,1.4985676898504607e-05,3.585262447813875e-06,4.195954375063593e-07,28139,
907,,,,28147,1.7668824511929415e-05
908,1.7953358110389672e-05,1.6171064771697274e-06,4.3479508349264506e-07,28149,
908,1.504550345998723e-05,2.4721612135181203e-06,4.2965103830283624e-07,28159,
908,1.34836891447776e-05,1.214866529153369e-06,4.1966541175497696e-07,28169,
908,,,,28178,1.5498666471103206e-05
909,1.5626927051926032e-05,2.0840095658059e-06,4.1909348169610894e-07,28179,
909,1.4487712178379297e-05,2.47843740908138e-06,4.4197460624673113e-07,28189,
909,1.3968051462143194e-05,1.511965592726483e-06,4.432809532772808e-07,28199,
909,6.4123364609258715e-06,5.288926558932872e-07,2.0322559191043865e-09,28209,
909,,,,28209,1.4657973224529997e-05
910,1.5379540855064988e-05,1.5294789363906602e-06,4.083621831796336e-07,28219,
910,1.3517555089492816e-05,1.4190329693519743e-06,3.841816180738533e-07,28229,
910,1.3537546692532487e-05,1.293778041144833e-06,4.444206922471494e-07,28239,
910,,,,28240,1.5049834473757073e-05
911,1.585234349477105e-05,2.1081941667944193e-06,4.6054390168137616e-07,28249,
911,1.5604717191308737e-05,3.743326033145422e-06,4.4256373143980454e-07,28259,
911,1.4607629054808058e-05,1.9927067569369683e-06,4.4876026095153065e-07,28269,
911,,,,28271,1.6376463463529944e-05
912,1.5636602256563492e-05,1.6364110706490465e-06,4.218078117901314e-07,28279,
912,1.5652147340006195e-05,3.6122535220783902e-06,4.246985270128789e-07,28289,
912,1.5110661479411647e-05,1.6862504708115011e-06,4.3916881509176164e-07,28299,
912,,,,28302,1.81769846676616e-05
913,1.6889413018361665e-05,1.7965958249988034e-06,4.2612975903466577e-07,28309,
913,1.545684972370509e-05,3.504237611196004e-06,4.3788318748738675e-07,28319,
913,1.4104813089943491e-05,1.8803633565767086e-06,4.4189872028255195e-07,28329,
913,,,,28333,1.6340496586053632e-05
914,1.564624471939169e-05,2.2326098587654997e-06,4.126667079162871e-07,28339,
914,1.4011126950208563e-05,1.9326632809679722e-06,4.683766405833012e-07,28349,
914,1.3138336726115085e-05,1.295866468353779e-06,4.056614670844283e-07,28359,
914,,,,28364,1.5390336557175033e-05
915,1.4473559531325009e-05,1.9468482150841737e-06,4.411784004787478e-07,28369,
915,1.4001044291944709e-05,1.9735678051802097e-06,4.3245285041848547e-07,28379,
915,1.4342946087708697e-05,1.7523698261356913e-06,4.338820929206122e-07,28389,
915,,,,28395,1.546937710372731e-05
916,1.5189534678938799e-05,1.7163650909424177e-06,4.4475498839346983e-07,28399,
916,1.3935196875536349e-05,1.2978238146388321e-06,4.566471147882112e-07,28409,
916,1.3413074157142546e-05,1.1068699450333952e-06,4.007666802863241e-07,28419,
916,,,,28426,1.4953559002606198e-05
917,1.353549578197999e-05,1.6297557294819853e-06,4.557967372420535e-07,28429,
917,1.4550712876371108e-05,1.4920475450708182e-06,4.398088151447155e-07,28439,
917,1.3853302334609907e-05,1.7475267668487504e-06,4.213156614696345e-07,28449,
917,,,,28457,1.4570545317837968e-05
918,1.4459987141890451e-05,3.206579322068137e-06,4.3633056634462264e-07,28459,
918,1.4300876500783488e-05,1.6672165656927973e-06,4.319678907904745e-07,28469,
918,1.3137349924363662e-05,1.3048372693447163e-06,4.211917712382274e-07,28479,
918,,,,28488,1.4627988093707245e-05
919,1.4852735148451757e-05,2.6115289983863477e-06,4.2082763229700504e-07,28489,
919,1.7340043996227905e-05,2.457482878526207e-06,4.442991325959156e-07,28499,
919,1.3873511306883302e-05,2.1750661289843265e-06,4.450402855127322e-07,28509,
919,6.279241006268421e-06,4.2187909343738283e-07,2.034144630513879e-09,28519,
919,,,,28519,1.4549553270626348e-05
920,1.612251617189031e-05,2.444020537950564e-06,4.0991758964992187e-07,28529,
920,1.4253875633585267e-05,2.05749574888614e-06,3.8527537071786355e-07,28539,
920,1.3290116839925759e-05,1.6517681160621578e-06,4.462782214886829e-07,28549,
920,,,,28550,1.7959349861484952e-05
921,1.6300182323902845e-05,2.236533418908948e-06,4.6305851242323115e-07,28559,
921,1.4266053767642006e-05,1.519322609055962e-06,4.4369392071530456e-07,28569,
921,1.316226007475052e-05,1.4523219533657539e-06,4.5060377829031495e-07,28579,
921,,,,28581,2.042010055447463e-05
922,1.660144880588632e-05,2.6307563985028537e-06,4.2303244640606863e-07,28589,
922,1.4662337889603805e-05,2.146477527276147e-06,4.265710913387011e-07,28599,
922,1.3903724720876198e-05,1.3533733635995304e-06,4.4017008349328535e-07,28609,
922,,,,28612,1.58347738761222e-05
923,1.4833174645900726e-05,1.5045001191538176e-06,4.271499562946701e-07,28619,
923,1.458843416912714e-05,1.6409145473517128e-06,4.392059622659872e-07,28629,
923,1.3399532690527849e-05,1.6370333923987346e-06,4.4292792722444574e-07,28639,
923,,,,28643,1.4779313460167032e-05
924,1.4394166100828443e-05,1.96195901480678e-06,4.140454166190466e-07,28649,
924,1.4665502931165975e-05,2.0093596049264306e-06,4.698147222370608e-07,28659,
924,1.4133724107523449e-05,1.8045828937829356e-06,4.072537080901384e-07,28669,
924,,,,28674,1.6184309060918167e-05
925,1.504755982750794e-05,3.5501268484949833e-06,4.4244754349165305e-07,28679,
925,1.5420111594721675e-05,3.3539574815222295e-06,4.344448711890436e-07,28689,
925,1.549361513752956e-05,1.972253130588797e-06,4.3428008211776614e-07,28699,
925,,,,28705,2.0033801774843596e-05
926,1.8658776752999984e-05,2.3828122266422724e-06,4.4639429574999667e-07,28709,
926,2.172155654989183e-05,8.843249815981835e-06,4.564925859540381e-07,28719,
926,1.7852598830359057e-05,3.4914264688268304e-06,4.0231819298242044e-07,28729,
926,,,,28736,2.5836077838903293e-05
927,1.689591044851113e-05,5.3054550335218664e-06,4.5727668407380406e-07,28739,
927,1.6004854842321947e-05,3.631460231190431e-06,4.420421646500472e-07,28749,
927,1.4643182112195063e-05,1.6668988109813654e-06,4.2207062733723433e-07,28759,
927,,,,28767,1.587722908880096e-05
928,1.610708022781182e-05,2.968050239360309e-06,4.370396879949112e-07,28769,
928,1.3764056348009035e-05,2.765897079370916e-06,4.323362077229831e-07,28779,
928,1.3042636965110432e-05,1.3283469115776825e-06,4.2222106344524946e-07,28789,
928,,,,28798,1.531298585177865e-05
929,1.527398308098782e-05,2.0314682842581533e-06,4.2176040437880147e-07,28799,
929,1.4240409655030817e-05,1.495060246270441e-06,4.454805662135186e-07,28809,
929,1.4174683201417793e-05,2.2339906990964664e-06,4.457737077245838e-07,28819,
929,6.749428848706884e-06,1.0214938583885669e-06,2.0413910561956072e-09,28829,
929,,,,28829,1.7926113287103362e-05
930,1.7052860130206682e-05,2.560165057730046e-06,4.117275125281594e-07,28839,
930,1.5045095096866135e-05,2.1017840481363237e-06,3.865612256959139e-07,28849,
930,1.4203579667082522e-05,1.9796173091890523e-06,4.474098886930733e-07,28859,
930,,,,28860,1.7201376977027394e-05
931,1.6500247511430643e-05,2.3696125026617665e-06,4.635722348211857e-07,28869,
931,1.492377577960724e-05,1.5235406181091093e-06,4.4421881284506526e-07,28879,
931,1.4234289665182587e-05,1.4368652045959607e-06,4.5168974338594126e-07,28889,
931,,,,28891,1.517063174105715e-05
932,1.3389484593062662e-05,1.8905047909356654e-06,4.2319800286350073e-07,28899,
932,1.3592388313554693e-05,1.2307968972891103e-06,4.2825220702980005e-07,28909,
932,1.3368686268222518e-05,1.0999741562045529e-06,4.417676962020778e-07,28919,
932,,,,28922,1.381835863867309e-05
933,1.361602517135907e-05,1.1154777439514874e-06,4.2942053823935566e-07,28929,
933,1.3341372323338874e-05,1.039557332660479e-06,4.4080380234845506e-07,28939,
933,1.2837571375712287e-05,1.0291466878697975e-06,4.4453764758145553e-07,28949,
933,,,,28953,1.3978866263641976e-05
934,1.3712297004531138e-05,1.2339490922386176e-06,4.16072452935623e-07,28959,
934,1.3385119018494152e-05,1.186492113447457e-06,4.7173034545267e-07,28969,
934,1.2337454791122582e-05,9.80070467448968e-07,4.089983463018143e-07,28979,
934,,,,28984,1.4879008631396573e-05
935,1.4043388546269853e-05,1.2784580576408189e-06,4.443954537691752e-07,28989,
935,1.3350257177080493e-05,1.2634178574444377e-06,4.357202101346047e-07,28999,
935,1.3668108294950798e-05,1.2131662288084044e-06,4.3698645413314807e-07,29009,
935,,,,29015,1.5606670785928145e-05
936,1.4944261238269974e-05,1.3282831332617206e-06,4.4753471684089163e-07,29019,
936,1.3860327271686401e-05,1.5014160226201057e-06,4.593110247697041e-07,29029,
936,1.321977106272243e-05,1.6572736285525025e-06,4.0335709172723e-07,29039,
936,,,,29046,1.4636189007433131e-05
937,1.3088800187688321e-05,2.0087941265956033e-06,4.5920489810669096e-07,29049,
937,1.4343123439175542e-05,1.5546859231108101e-06,4.434065203895443e-07,29059,
937,1.2929156582686119e-05,1.1861575330840424e-06,4.240274336098082e-07,29069,
937,,,,29077,1.3682446478924248e-05
938,1.3581299754150677e-05,1.8509043684389326e-06,4.393265840008098e-07,29079,
938,1.309259096160531e-05,1.2728474985124194e-06,4.3493804469108e-07,29089,
938,1.2652384612010792e-05,1.2094474186596926e-06,4.242780562435655e-07,29099,
938,,,,29108,1.6685853552189656e-05
939,1.6656067600706592e-05,1.7858255887404084e-06,4.241809961058607e-07,29109,
939,1.845081351348199e-05,2.9182961043261457e-06,4.479385324884788e-07,29119,
939,1.4762319551664405e-05,2.3509021502832184e-06,4.474151467093179e-07,29129,
939,7.299985554709565e-06,7.913267268122581e-07,2.0369734787806237e-09,29139,
939,,,,29139,2.2472879209090024e-05
940,2.3752014385536313e-05,3.7848578813282074e-06,4.1374420334250317e-07,29149,
940,1.6843705452629365e-05,1.9803646864602342e-06,3.875126992625155e-07,29159,
940,1.5213675396807957e-05,2.2853087102703284e-06,4.4793191023018153e-07,29169,
940,,,,29170,1.587378210388124e-05
941,1.4645058399764821e-05,3.0269343369582202e-06,4.66153892375587e-07,29179,
941,1.3575338016380556e-05,4.01723582399427e-06,4.4598331783163303e-07,29189,
941,1.4093100617174059e-05,1.7202273738803342e-06,4.53157156243833e-07,29199,
941,,,,29201,1.6234838767559268e-05
942,1.7610329450690188e-05,2.2843421447760193e-06,4.230039962749288e-07,29209,
942,1.5037766388559248e-05,4.53985512649524e-06,4.3002808070014e-07,29219,
942,1.3333004972082563e-05,1.2263641337995068e-06,4.4251112285564886e-07,29229,
942,,,,29232,1.5737658031866886e-05
943,1.5377896488644183e-05,3.3966048249567393e-06,4.3086225787192234e-07,29239,
943,1.369797519146232e-05,1.3704212733500754e-06,4.415628893639223e-07,29249,
943,1.4204229046299588e-05,1.8877461798183504e-06,4.456088902315969e-07,29259,
943,,,,29263,1.5606310626026243e-05
944,1.520849582448136e-05,2.497859895811416e-06,4.1715301790645753e-07,29269,
944,1.387577776768012e-05,1.4845514897388057e-06,4.725799556126731e-07,29279,
944,1.3924774975748733e-05,2.795113005049643e-06,4.1041113263418083e-07,29289,
944,,,,29294,1.9413066183915362e-05
945,1.7432068489142694e-05,5.05165007780306e-06,4.4546618482854683e-07,29299,
945,1.372904716845369e-05,1.8369155441178009e-06,4.3683968442564947e-07,29309,
945,1.3779727851215284e-05,2.225614935014164e-06,4.370463102532085e-07,29319,
945,,,,29325,1.5606361557729542e-05
946,1.5044082829263061e-05,3.065572627747315e-06,4.485694091727055e-07,29329,
946,1.373683426209027e-05,1.8808098047884414e-06,4.599092164880858e-07,29339,
946,1.3353147551242728e-05,1.5805493376319646e-06,4.0360907860303996e-07,29349,
946,,,,29356,1.6249114196398295e-05
947,1.3106162441545166e-05,2.3448021693184273e-06,4.606978336596512e-07,29359,
947,1.4792454749112949e-05,2.2407800770452013e-06,4.4402662524589687e-07,29369,
947,1.3624208804685622e-05,1.1526964271979523e-06,4.248058189659787e-07,29379,
947,,,,29387,1.4179051504470408e-05
948,1.4354158338392153e-05,2.712878995225765e-06,4.405542597396561e-07,29389,
948,1.3433746971713845e-05,1.6126186892506666e-06,4.365026029518049e-07,29399,
948,1.2501255696406588e-05,1.039529593072075e-06,4.258611170371296e-07,29409,
948,,,,29418,1.4021197785041295e-05
949,1.4146504327072762e-05,2.3689906356594292e-06,4.250615006640146e-07,29419,
949,1.3338354619918391e-05,1.466790877202584e-06,4.48907542249799e-07,29429,
949,1.2729426089208573e-05,1.1359078371242504e-06,4.4866339976579184e-07,29439,
949,5.591752596956212e-06,4.169398550857295e-07,2.0504360431772284e-09,29449,
949,,,,29449,1.3320617654244415e-05
950,1.3276007848617155e-05,1.5344133998951293e-06,4.1518387661199085e-07,29459,
950,1.3618883713206742e-05,1.731015231598576e-06,3.8946691915953124e-07,29469,
950,1.3282122381497175e-05,1.262721411876555e-06,4.511580584676267e-07,29479,
950,,,,29480,1.7811682482715696e-05
951,1.6402203982579522e-05,1.8270319515067968e-06,4.6791424779257795e-07,29489,
951,1.8986198483617045e-05,3.701553623614018e-06,4.474633783502213e-07,29499,
951,1.3569388102041557e-05,1.464541924178775e-06,4.5534170567407273e-07,29509,
951,,,,29511,1.9626922949100845e-05
952,1.559814154461492e-05,2.6312636691727675e-06,4.269990654393041e-07,29519,
952,1.3584654880105518e-05,1.612097889847064e-06,4.314219665957353e-07,29529,
952,1.3356786439544521e-05,1.3439033637041575e-06,4.45072629418064e-07,29539,
952,,,,29542,1.6211983165703714e-05
953,1.586299913469702e-05,2.136127250196296e-06,4.324095073116041e-07,29549,
953,1.4316407032310963e-05,2.8858278255938785e-06,4.444393937319546e-07,29559,
953,1.3072192814433947e-05,1.4919576187821804e-06,4.481785538246186e-07,29569,
953,,,,29573,1.769457958289422e-05
954,1.9313643861096352e-05,4.5780006985296495e-06,4.193446443423454e-07,29579,
954,1.5427724065375514e-05,2.0033910459460458e-06,4.7561880478497187e-07,29589,
954,1.3696378118766006e-05,2.422644229227444e-06,4.119231391541689e-07,29599,
954,,,,29604,1.7000747902784497e-05
955,1.6581896488787606e-05,2.685315166672808e-06,4.47334656428211e-07,29609,
955,1.4327538337965962e-05,2.16139937947446e-06,4.389530090520566e-07,29619,
955,1.4701556210638955e-05,1.93766368283832e-06,4.4013791011821013e-07,29629,
955,,,,29635,1.7731270418153144e-05
956,1.6351654267054982e-05,2.854195145118865e-06,4.5017600314167794e-07,29639,
956,1.4104482943366747e-05,2.043277618213324e-06,4.623362599431857e-07,29649,
956,1.3266526366351172e-05,1.9405640614422737e-06,4.0608554741083935e-07,29659,
956,,,,29666,1.984277696465142e-05
957,1.5080590856086928e-05,3.1637828215025365e-06,4.6269599351944635e-07,29669,
957,1.671337849984411e-05,2.2722604171576677e-06,4.4742105842487945e-07,29679,
957,1.3676598427991848e-05,1.5318809118980425e-06,4.266588859991316e-07,29689,
957,,,,29697,1.6055559171945788e-05
958,1.6869622413651086e-05,3.0464100291283103e-06,4.4223534700904565e-07,29699,
958,1.3632285117637366e-05,1.6444013226646348e-06,4.377635605123942e-07,29709,
958,1.2561710718728136e-05,1.6466100305478903e-06,4.2765654484355764e-07,29719,
958,,,,29728,1.537352000013925e-05
959,1.5317293218686245e-05,1.8410300981486216e-06,4.262774666585756e-07,29729,
959,1.3337429663806688e-05,1.1262152384006185e-06,4.5038459006718767e-07,29739,
959,1.3455783118843101e-05,1.9990218333987286e-06,4.5018509808869567e-07,29749,
959,5.752723154728301e-06,4.3657092874127557e-07,2.0581865101121366e-09,29759,
959,,,,29759,1.5082046047609765e-05
960,1.4869411643303465e-05,1.7331194612779655e-06,4.1690765328894486e-07,29769,
960,1.3703691365662962e-05,1.551886498418753e-06,3.909170516180893e-07,29779,
960,1.2632041944016237e-05,1.143163672168157e-06,4.530835724381177e-07,29789,
960,,,,29790,1.4595630091207568e-05
961,1.4744974578206893e-05,1.775045348040294e-06,4.689032095939183e-07,29799,
961,1.2953621080669109e-05,1.3748249330092221e-06,4.4893982931171195e-07,29809,
961,1.2493933354562614e-05,1.2834184417442884e-06,4.568676672533911e-07,29819,
961,,,,29821,1.4682376786367968e-05
962,1.3304928870638832e-05,1.3158872889107442e-06,4.276364791166998e-07,29829,
962,1.2753310329571832e-05,1.5490459190914407e-06,4.3353054479666753e-07,29839,
962,1.314232031290885e-05,1.1690998462654534e-06,4.466680252335209e-07,29849,
962,,,,29852,1.4911172002030071e-05
963,1.4156021279632114e-05,1.3489219554685405e-06,4.342452655237139e-07,29859,
963,1.3072479305265006e-05,1.532298483652994e-06,4.45788117531265e-07,29869,
963,1.2496068848122377e-05,1.1621149269558373e-06,4.4942629529032274e-07,29879,
963,,,,29883,1.4549792467732914e-05
964,1.4186533917381894e-05,1.887779035314452e-06,4.2060881355610036e-07,29889,
964,1.2995546967431437e-05,1.2834301514885738e-06,4.769377710545086e-07,29899,
964,1.1766053830797318e-05,9.845466593105812e-07,4.132754440888675e-07,29909,
964,,,,29914,1.309226263401797e-05
965,1.2372200217214413e-05,1.196292487293249e-06,4.4907059759680124e-07,29919,
965,1.263809645024594e-05,1.1746436712201103e-06,4.407390576943726e-07,29929,
965,1.318512386205839e-05,1.348068281004089e-06,4.4151920519652776e-07,29939,
965,,,,29945,1.2686951777141076e-05
966,1.2280970622668974e-05,1.1332778058203985e-06,4.517272884640988e-07,29949,
966,1.32639243020094e-05,1.5319291151172365e-06,4.6417315502367273e-07,29959,
966,1.2486418199841864e-05,1.2234705764058162e-06,4.072609272043337e-07,29969,
966,,,,29976,1.5729025108157657e-05
967,1.343373423878802e-05,2.0025506728416076e-06,4.654679059967748e-07,29979,
967,2.1809228201163933e-05,3.704873279275489e-06,4.489160403409187e-07,29989,
967,1.6794581824797206e-05,4.078375695826253e-06,4.285786872060271e-07,29999,
967,,,,30007,2.0817602489842102e-05
968,2.4525512344553135e-05,3.421366727707209e-06,4.464518212898838e-07,30009,
968,1.5805526345502585e-05,1.7105527376770624e-06,4.3982834085909417e-07,30019,
968,1.348163186776219e-05,1.3724071550313965e-06,4.2982557602044835e-07,30029,
968,,,,30038,1.4823498531768564e-05
969,1.5051950867928099e-05,1.546634280202852e-06,4.277306402400427e-07,30039,
969,1.3152243809599895e-05,1.6547468248973018e-06,4.5202114051789977e-07,30049,
969,1.2495385817601345e-05,1.3370968190429267e-06,4.518336425007874e-07,30059,
969,5.1537535910028964e-06,3.5450281643534254e-07,2.058996528830903e-09,30069,
969,,,,30069,1.2969753697689157e-05
970,1.2537773727672175e-05,1.6253525245701894e-06,4.184905151305429e-07,30079,
970,1.2220756616443396e-05,1.2967558404852753e-06,3.927005423065566e-07,30089,
970,1.2005838470940944e-05,1.6236666624536156e-06,4.5497901624003134e-07,30099,
970,,,,30100,1.285881080548279e-05
971,1.3011100236326456e-05,1.7461970855947584e-06,4.708894607574621e-07,30109,
971,1.2718971447611693e-05,2.208767682532198e-06,4.506835580286861e-07,30119,
971,1.3127671991242096e-05,1.9059483520322829e-06,4.58793039115335e-07,30129,
971,,,,30131,1.665823583607562e-05
972,1.4444544831349049e-05,2.662759470695164e-06,4.307999859065603e-07,30139,
972,1.4841499250906054e-05,2.356299091843539e-06,4.352495466264372e-07,30149,
972,1.2775314644386526e-05,1.309650201619661e-06,4.483834743496118e-07,30159,
972,,,,30162,1.994640115299262e-05
973,1.7869060684461147e-05,2.7885869258170715e-06,4.362670438240457e-07,30169,
973,1.7118356481660157e-05,4.470468411454931e-06,4.4809362975684053e-07,30179,
973,1.476112720411038e-05,2.7158998818777036e-06,4.5144932414586947e-07,30189,
973,,,,30193,1.8446902686264366e-05
974,1.6645441064611077e-05,5.471539680002024e-06,4.216090019326657e-07,30199,
974,1.4794416529184673e-05,2.345652092117234e-06,4.782372116096667e-07,30209,
974,1.2705754670605529e-05,1.6218364180531353e-06,4.139157852023345e-07,30219,
974,,,,30224,1.6923853763728403e-05
975,1.5522555258939974e-05,2.6246141260344302e-06,4.504410924255353e-07,30229,
975,1.3205311006458942e-05,2.0487293568294263e-06,4.417209709117742e-07,30239,
975,1.3799159205518663e-05,1.6471378785354318e-06,4.4288458411756437e-07,30249,
975,,,,30255,1.2946856259077322e-05
976,1.2569589671329595e-05,2.0023678644065512e-06,4.52802680683817e-07,30259,
976,1.2835415873269085e-05,1.4366918321684352e-06,4.6534859166058595e-07,30269,
976,1.2336553481873125e-05,1.3265498637338169e-06,4.080250448623701e-07,30279,
976,,,,30286,1.2545437130029313e-05
977,1.1223507499380503e-05,1.1308410421406734e-06,4.6529595465472084e-07,30289,
977,1.2989995411771815e-05,1.143639906331373e-06,4.499232204580039e-07,30299,
977,1.180686831503408e-05,1.2429007938408176e-06,4.301010960716667e-07,30309,
977,,,,30317,1.2128462913096882e-05
978,1.2042595699313097e-05,1.3321580354386242e-06,4.454934412478906e-07,30319,
978,1.1721032024070155e-05,1.2041336958645843e-06,4.4119443032286654e-07,30329,
978,1.1485958566481713e-05,1.2333875929471105e-06,4.3127104731865984e-07,30339,
978,,,,30348,1.1950480256928131e-05
979,1.2159690413682256e-05,1.2274790606170427e-06,4.295573319268442e-07,30349,
979,1.2376119229884353e-05,1.0293587138221483e-06,4.536548487976688e-07,30359,
979,1.1840403203677852e-05,1.0288578096151468e-06,4.5344631871557795e-07,30369,
979,4.896620339422952e-06,4.2819311829589424e-07,2.064129978052165e-09,30379,
979,,,,30379,1.2663985216931906e-05
980,1.727642484183889e-05,2.2263564005697845e-06,4.20271220491486e-07,30389,
980,1.2785660146619193e-05,1.3307055723998928e-06,3.9436585552721226e-07,30399,
980,1.3391114407568239e-05,1.8815948124029092e-06,4.572573857331008e-07,30409,
980,,,,30410,1.5567022273899056e-05
981,1.805589818104636e-05,3.520669679346611e-06,4.7237438138836296e-07,30419,
981,1.4392665434570517e-05,4.53621805718285e-06,4.5231109879750875e-07,30429,
981,1.4063877642911393e-05,3.564873622963205e-06,4.6049788693380833e-07,30439,
981,,,,30441,1.696552862995304e-05
982,1.4120784726401325e-05,4.6438080971711315e-06,4.3087507606287545e-07,30449,
982,1.452366359444568e-05,4.938047823088709e-06,4.370134831788164e-07,30459,
982,1.366248216072563e-05,2.319032546438393e-06,4.4961035428059404e-07,30469,
982,,,,30472,1.6587677237112075e-05
983,1.604682984179817e-05,2.3873451482359087e-06,4.375314688331855e-07,30479,
983,1.3529241186915897e-05,1.2761823882101453e-06,4.4850270342067233e-07,30489,
983,1.2616830645129085e-05,1.2516169363152585e-06,4.521170637872274e-07,30499,
983,,,,30503,1.6013851563911885e-05
984,1.5739638911327347e-05,4.444720616447739e-06,4.2381572029626113e-07,30509,
984,1.3227354429545812e-05,1.8278113884662162e-06,4.807700406672666e-07,30519,
984,1.2665981557802297e-05,1.5227044514176669e-06,4.160009439146961e-07,30529,
984,,,,30534,1.5645129678887315e-05
985,1.3447259334498085e-05,1.987656105484348e-06,4.52230750624949e-07,30539,
985,1.2575495020428207e-05,1.747915689520596e-06,4.4385376440914115e-07,30549,
985,1.2752141628880054e-05,1.1103603583251243e-06,4.4430473167267337e-07,30559,
985,,,,30565,1.4326622476801276e-05
986,1.40116590046091e-05,1.5885638049439876e-06,4.5430380168909323e-07,30569,
986,1.3347158528631553e-05,2.365307182117249e-06,4.661455648147239e-07,30579,
986,1.213172436109744e-05,1.1735876341845142e-06,4.097224461929727e-07,30589,
986,,,,30596,1.324809818470385e-05
987,1.3662203855346888e-05,3.931383162125712e-06,4.676133755765477e-07,30599,
987,1.2977161532035097e-05,1.4022864434082294e-06,4.5172743057264597e-07,30609,
987,1.2870372302131727e-05,2.550902536313515e-06,4.3126982518515433e-07,30619,
987,,,,30627,1.3464120456774253e-05
988,1.4315423868538346e-05,2.5590181849111104e-06,4.468305974114628e-07,30629,
988,1.278278614336159e-05,1.8899811493611196e-06,4.436600420376635e-07,30639,
988,1.2515078196884133e-05,2.9127684229024453e-06,4.3278853922856797e-07,30649,
988,,,,30658,1.6515627066837624e-05
989,1.6630763639113866e-05,3.5660384583025007e-06,4.3179574049645453e-07,30659,
989,1.3641692930832505e-05,2.2674998945149127e-06,4.5522514824369864e-07,30669,
989,1.3387412764132023e-05,1.6858872413649806e-06,4.5445617047334963e-07,30679,
989,4.906285994366044e-06,6.938583396731701e-07,2.0697168423566836e-09,30689,
989,,,,30689,1.45989297379856e-05
990,1.4476719115918968e-05,1.696197045930603e-06,4.220956384415331e-07,30699,
990,1.2291177881706972e-05,1.4436200217460282e-06,3.9546648622490466e-07,30709,
990,1.2351240002317354e-05,1.5192921409834526e-06,4.586164550346439e-07,30719,
990,,,,30720,1.4980587366153486e-05
991,1.6248293832177296e-05,2.055258619293454e-06,4.7432044425477216e-07,30729,
991,1.2555224202515092e-05,3.4671979847189505e-06,4.532219293196249e-07,30739,
991,1.196811626869021e-05,1.5028148254714324e-06,4.6223689764701703e-07,30749,
991,,,,30751,1.3790361663268413e-05
992,1.348660862277029e-05,3.0056746709306026e-06,4.32312759812703e-07,30759,
992,1.5805548173375428e-05,3.849209406325826e-06,4.3918061010117526e-07,30769,
992,1.2865670214523561e-05,1.423276557943609e-06,4.5141098325984785e-07,30779,
992,,,,30782,2.55552185990382e-05
993,1.5414227164001204e-05,3.7505230920942267e-06,4.3976410779578146e-07,30789,
993,1.5150196304603014e-05,1.6355060097339447e-06,4.500627426295978e-07,30799,
993,1.209634319820907e-05,1.7524862414575182e-06,4.5390595460048644e-07,30809,
993,,,,30813,1.6855523426784202e-05
994,1.7709760868456215e-05,2.7990074613626348e-06,4.255415433362941e-07,30819,
994,1.4140739040158223e-05,1.8480228618500405e-06,4.82278835534089e-07,30829,
994,1.2677493941737339e-05,1.412625579177984e-06,4.1767953007365577e-07,30839,
994,,,,30844,1.4197875316313002e-05
995,1.3862047126167454e-05,1.3285820159580908e-06,4.538133850928716e-07,30849,
995,1.2406413588905707e-05,1.2719076494249748e-06,4.4566971268977795e-07,30859,
995,1.2653668818529695e-05,1.549923808852327e-06,4.465440781586949e-07,30869,
995,,,,30875,1.5954725313349627e-05
996,1.4970690244808793e-05,2.362916120546288e-06,4.558895909667626e-07,30879,
996,1.2951965800311882e-05,1.5730464610896888e-06,4.68889851390486e-07,30889,
996,1.1824476132460404e-05,1.4471921758740791e-06,4.1131278294415097e-07,30899,
996,,,,30906,1.7737327652866952e-05
997,1.2547505320981145e-05,2.242657501483336e-06,4.6925316610213486e-07,30909,
997,1.3897617463953793e-05,2.2459332740254467e-06,4.544064324818464e-07,30919,
997,1.2611681995622348e-05,1.4005817092765938e-06,4.332845549015474e-07,30929,
997,,,,30937,1.3948295418231282e-05
998,1.4523962818202563e-05,2.507345470803557e-06,4.4892112782690674e-07,30939,
998,1.1864309271913953e-05,1.2529927744253655e-06,4.444461865205085e-07,30949,
998,1.1332946087350138e-05,1.200035740112071e-06,4.345363606717001e-07,30959,
998,,,,30968,1.2114826859033201e-05
999,1.2287835488677956e-05,1.1993989801339922e-06,4.3255798232166853e-07,30969,
999,1.1731072845577728e-05,9.989680620492436e-07,4.572348473175225e-07,30979,
999,1.1532051757967565e-05,1.1641873243206646e-06,4.5660016212423216e-07,30989,
999,4.447141691343859e-06,2.819573126089381e-07,2.0779840070872524e-09,30999,
999,,,,30999,1.190499278891366e-05
