epoch,loss,skeleton,smooth,step,val_loss
0,0.2177349179983139,0.0,0.0,9,
0,0.09788350015878677,0.0,0.0,19,
0,0.0566248781979084,0.0,0.0,29,
0,,,,30,0.056051816791296005
1,0.05464719608426094,0.0,0.0,39,
1,0.04968710616230965,0.0,0.0,49,
1,0.0450279526412487,0.0,0.0,59,
1,,,,61,0.04489666596055031
2,0.045304831117391586,0.0,0.0,69,
2,0.04173866659402847,0.0,0.0,79,
2,0.04116756469011307,0.0,0.0,89,
2,,,,92,0.03918284550309181
3,0.03706904500722885,0.0,0.0,99,
3,0.031979918479919434,0.0,0.0,109,
3,0.029387732967734337,0.0,0.0,119,
3,,,,123,0.028504589572548866
4,0.029471328482031822,0.0,0.0,129,
4,0.0272824726998806,0.0,0.0,139,
4,0.02376484125852585,0.0,0.0,149,
4,,,,154,0.025151122361421585
5,0.023640207946300507,0.0,0.0,159,
5,0.022528894245624542,0.0,0.0,169,
5,0.022097300738096237,0.0,0.0,179,
5,,,,185,0.020976662635803223
6,0.020361844450235367,0.0,0.0,189,
6,0.018396591767668724,0.0,0.0,199,
6,0.01758054830133915,0.0,0.0,209,
6,,,,216,0.016909770667552948
7,0.018170306459069252,0.0,0.0,219,
7,0.016282949596643448,0.0,0.0,229,
7,0.01585628278553486,0.0,0.0,239,
7,,,,247,0.015796037390828133
8,0.0168624185025692,0.0,0.0,249,
8,0.015151401050388813,0.0,0.0,259,
8,0.014456059783697128,0.0,0.0,269,
8,,,,278,0.014942784793674946
9,0.01570279896259308,0.0,0.0,279,
9,0.014400451444089413,0.0,0.0,289,
9,0.013581153936684132,0.0,0.0,299,
9,0.00889387633651495,0.0,0.0,309,
9,,,,309,0.014208625070750713
10,0.013823983259499073,0.0,0.0,319,
10,0.013440234586596489,0.0,0.0,329,
10,0.01325462106615305,0.0,0.0,339,
10,,,,340,0.013523796573281288
11,0.013097641058266163,0.0,0.0,349,
11,0.012668373063206673,0.0,0.0,359,
11,0.012524764984846115,0.0,0.0,369,
11,,,,371,0.012895054183900356
12,0.013361944817006588,0.0,0.0,379,
12,0.012244309298694134,0.0,0.0,389,
12,0.012227195315063,0.0,0.0,399,
12,,,,402,0.012358869425952435
13,0.013469912111759186,0.0,0.0,409,
13,0.012014856562018394,0.0,0.0,419,
13,0.011775403283536434,0.0,0.0,429,
13,,,,433,0.011861513368785381
14,0.011639164760708809,0.0,0.0,439,
14,0.011306481435894966,0.0,0.0,449,
14,0.010672991164028645,0.0,0.0,459,
14,,,,464,0.011328788474202156
15,0.011014748364686966,0.0,0.0,469,
15,0.011095531284809113,0.0,0.0,479,
15,0.010931029915809631,0.0,0.0,489,
15,,,,495,0.01074881199747324
16,0.010161126032471657,0.0,0.0,499,
16,0.010002611204981804,0.0,0.0,509,
16,0.010027790442109108,0.0,0.0,519,
16,,,,526,0.01035771332681179
17,0.010278786532580853,0.0,0.0,529,
17,0.009853746742010117,0.0,0.0,539,
17,0.009511527605354786,0.0,0.0,549,
17,,,,557,0.009717537090182304
18,0.009906978346407413,0.0,0.0,559,
18,0.009294112212955952,0.0,0.0,569,
18,0.00873730331659317,0.0,0.0,579,
18,,,,588,0.009202242828905582
19,0.009605475701391697,0.0,0.0,589,
19,0.008879079483449459,0.0,0.0,599,
19,0.008343417197465897,0.0,0.0,609,
19,0.00467644352465868,0.0,0.0,619,
19,,,,619,0.008889182470738888
20,0.008814061060547829,0.0,0.0,629,
20,0.008003813214600086,0.0,0.0,639,
20,0.008456788025796413,0.0,0.0,649,
20,,,,650,0.00855190958827734
21,0.008310633711516857,0.0,0.0,659,
21,0.007895166054368019,0.0,0.0,669,
21,0.007899098098278046,0.0,0.0,679,
21,,,,681,0.008724438957870007
22,0.008057680912315845,0.0,0.0,689,
22,0.008105983026325703,0.0,0.0,699,
22,0.0076127490028738976,0.0,0.0,709,
22,,,,712,0.008936760947108269
23,0.008288955315947533,0.0,0.0,719,
23,0.007805770728737116,0.0,0.0,729,
23,0.007740325760096312,0.0,0.0,739,
23,,,,743,0.007886814884841442
24,0.00758303701877594,0.0,0.0,749,
24,0.007446153089404106,0.0,0.0,759,
24,0.006814965046942234,0.0,0.0,769,
24,,,,774,0.007751731667667627
25,0.007518668193370104,0.0,0.0,779,
25,0.0073941489681601524,0.0,0.0,789,
25,0.006951334420591593,0.0,0.0,799,
25,,,,805,0.007610358763486147
26,0.006799124181270599,0.0,0.0,809,
26,0.00667064031586051,0.0,0.0,819,
26,0.006905919406563044,0.0,0.0,829,
26,,,,836,0.0069820331409573555
27,0.0066557894460856915,0.0,0.0,839,
27,0.006511904299259186,0.0,0.0,849,
27,0.0063674054108560085,0.0,0.0,859,
27,,,,867,0.006935210432857275
28,0.006642639171332121,0.0,0.0,869,
28,0.0064021809957921505,0.0,0.0,879,
28,0.00607787212356925,0.0,0.0,889,
28,,,,898,0.006665473338216543
29,0.006770488806068897,0.0,0.0,899,
29,0.006164162885397673,0.0,0.0,909,
29,0.005920975469052792,0.0,0.0,919,
29,0.00277765654027462,0.0,0.0,929,
29,,,,929,0.006746916566044092
30,0.006177340168505907,0.0,0.0,939,
30,0.0055429949425160885,0.0,0.0,949,
30,0.005812850780785084,0.0,0.0,959,
30,,,,960,0.006169636733829975
31,0.0060518961399793625,0.0,0.0,969,
31,0.0056771282106637955,0.0,0.0,979,
31,0.0058777667582035065,0.0,0.0,989,
31,,,,991,0.006684523541480303
32,0.005802187602967024,0.0,0.0,999,
32,0.005884747952222824,0.0,0.0,1009,
32,0.005676910746842623,0.0,0.0,1019,
32,,,,1022,0.0058973622508347034
33,0.005905068479478359,0.0,0.0,1029,
33,0.005679748486727476,0.0,0.0,1039,
33,0.005853724665939808,0.0,0.0,1049,
33,,,,1053,0.0057669649831950665
34,0.005619189701974392,0.0,0.0,1059,
34,0.005504073575139046,0.0,0.0,1069,
34,0.0051195197738707066,0.0,0.0,1079,
34,,,,1084,0.005719317588955164
35,0.005278851371258497,0.0,0.0,1089,
35,0.005565861240029335,0.0,0.0,1099,
35,0.005160553380846977,0.0,0.0,1109,
35,,,,1115,0.005236443597823381
36,0.004940333776175976,0.0,0.0,1119,
36,0.004872169345617294,0.0,0.0,1129,
36,0.005058081354945898,0.0,0.0,1139,
36,,,,1146,0.005139595363289118
37,0.005023622885346413,0.0,0.0,1149,
37,0.005264262203127146,0.0,0.0,1159,
37,0.004661469254642725,0.0,0.0,1169,
37,,,,1177,0.005265930201858282
38,0.004787756130099297,0.0,0.0,1179,
38,0.0048731728456914425,0.0,0.0,1189,
38,0.004406863357871771,0.0,0.0,1199,
38,,,,1208,0.004739673808217049
39,0.004798168316483498,0.0,0.0,1209,
39,0.004442506469786167,0.0,0.0,1219,
39,0.004550080746412277,0.0,0.0,1229,
39,0.002001725835725665,0.0,0.0,1239,
39,,,,1239,0.004609262105077505
40,0.0046106609515845776,0.0,0.0,1249,
40,0.004234620835632086,0.0,0.0,1259,
40,0.004246728960424662,0.0,0.0,1269,
40,,,,1270,0.004478206392377615
41,0.004390644375234842,0.0,0.0,1279,
41,0.004523270297795534,0.0,0.0,1289,
41,0.004375566262751818,0.0,0.0,1299,
41,,,,1301,0.004379453603178263
42,0.0044240765273571014,0.0,0.0,1309,
42,0.0043519786559045315,0.0,0.0,1319,
42,0.004429904744029045,0.0,0.0,1329,
42,,,,1332,0.0043312301859259605
43,0.004926299210637808,0.0,0.0,1339,
43,0.004399248864501715,0.0,0.0,1349,
43,0.004701714962720871,0.0,0.0,1359,
43,,,,1363,0.004436067305505276
44,0.004181236959993839,0.0,0.0,1369,
44,0.0043565439991652966,0.0,0.0,1379,
44,0.004023589193820953,0.0,0.0,1389,
44,,,,1394,0.004502738825976849
45,0.0042312173172831535,0.0,0.0,1399,
45,0.0044156224466860294,0.0,0.0,1409,
45,0.004037963692098856,0.0,0.0,1419,
45,,,,1425,0.004058853257447481
46,0.003923165146261454,0.0,0.0,1429,
46,0.003772540483623743,0.0,0.0,1439,
46,0.003958891611546278,0.0,0.0,1449,
46,,,,1456,0.003934611566364765
47,0.004018030129373074,0.0,0.0,1459,
47,0.003972153179347515,0.0,0.0,1469,
47,0.0037249638698995113,0.0,0.0,1479,
47,,,,1487,0.003877276321873069
48,0.003752025542780757,0.0,0.0,1489,
48,0.0038243175949901342,0.0,0.0,1499,
48,0.0035450030118227005,0.0,0.0,1509,
48,,,,1518,0.003775663673877716
49,0.003822342259809375,0.0,0.0,1519,
49,0.0035471515730023384,0.0,0.0,1529,
49,0.0036303538363426924,0.0,0.0,1539,
49,0.001475168508477509,0.0,0.0,1549,
49,,,,1549,0.003732253098860383
50,0.003810741938650608,0.0,0.0,1559,
50,0.003461980726569891,0.0,0.0,1569,
50,0.0034444427583366632,0.0,0.0,1579,
50,,,,1580,0.003721141954883933
51,0.003653887426480651,0.0,0.0,1589,
51,0.0035956597421318293,0.0,0.0,1599,
51,0.0036903335712850094,0.0,0.0,1609,
51,,,,1611,0.00365100777707994
52,0.0034618903882801533,0.0,0.0,1619,
52,0.003602362237870693,0.0,0.0,1629,
52,0.0036926160100847483,0.0,0.0,1639,
52,,,,1642,0.0036034444347023964
53,0.0036317945923656225,0.0,0.0,1649,
53,0.003464536042883992,0.0,0.0,1659,
53,0.0038387991953641176,0.0,0.0,1669,
53,,,,1673,0.0035654634702950716
54,0.0035950106102973223,0.0,0.0,1679,
54,0.0036193481646478176,0.0,0.0,1689,
54,0.003339578630402684,0.0,0.0,1699,
54,,,,1704,0.003494445700198412
55,0.0035137890372425318,0.0,0.0,1709,
55,0.0036083590239286423,0.0,0.0,1719,
55,0.00340265897102654,0.0,0.0,1729,
55,,,,1735,0.0035512326285243034
56,0.0032411860302090645,0.0,0.0,1739,
56,0.003172366414219141,0.0,0.0,1749,
56,0.0033989441581070423,0.0,0.0,1759,
56,,,,1766,0.003353430423885584
57,0.0038189070764929056,0.0,0.0,1769,
57,0.0033449872862547636,0.0,0.0,1779,
57,0.0032714151311665773,0.0,0.0,1789,
57,,,,1797,0.003374548861756921
58,0.003325055819004774,0.0,0.0,1799,
58,0.003313473891466856,0.0,0.0,1809,
58,0.003110867226496339,0.0,0.0,1819,
58,,,,1828,0.0032722025644034147
59,0.003295703325420618,0.0,0.0,1829,
59,0.0030380478128790855,0.0,0.0,1839,
59,0.003208639333024621,0.0,0.0,1849,
59,0.001326506258919835,0.0,0.0,1859,
59,,,,1859,0.003275505965575576
60,0.003294154070317745,0.0,0.0,1869,
60,0.003000528085976839,0.0,0.0,1879,
60,0.003034633584320545,0.0,0.0,1889,
60,,,,1890,0.003287383122369647
61,0.0032221542205661535,0.0,0.0,1899,
61,0.0031633118633180857,0.0,0.0,1909,
61,0.003109289100393653,0.0,0.0,1919,
61,,,,1921,0.003266450483351946
62,0.0031699819955974817,0.0,0.0,1929,
62,0.0030893695075064898,0.0,0.0,1939,
62,0.0031150064896792173,0.0,0.0,1949,
62,,,,1952,0.0031009588856250048
63,0.0032152067869901657,0.0,0.0,1959,
63,0.003015760099515319,0.0,0.0,1969,
63,0.003342093201354146,0.0,0.0,1979,
63,,,,1983,0.003060360671952367
64,0.0030357749201357365,0.0,0.0,1989,
64,0.003207928966730833,0.0,0.0,1999,
64,0.003001839853823185,0.0,0.0,2009,
64,,,,2014,0.003114813705906272
65,0.003102115821093321,0.0,0.0,2019,
65,0.003309486899524927,0.0,0.0,2029,
65,0.0030103898607194424,0.0,0.0,2039,
65,,,,2045,0.003055482404306531
66,0.0028440128080546856,0.0,0.0,2049,
66,0.0028291665948927402,0.0,0.0,2059,
66,0.00299667427316308,0.0,0.0,2069,
66,,,,2076,0.0030243434011936188
67,0.003117751330137253,0.0,0.0,2079,
67,0.0029681730084121227,0.0,0.0,2089,
67,0.00297379563562572,0.0,0.0,2099,
67,,,,2107,0.002992411144077778
68,0.0030096229165792465,0.0,0.0,2109,
68,0.0029586877208203077,0.0,0.0,2119,
68,0.0027841071132570505,0.0,0.0,2129,
68,,,,2138,0.0029379436746239662
69,0.002952426904812455,0.0,0.0,2139,
69,0.0026847240515053272,0.0,0.0,2149,
69,0.0029391616117209196,0.0,0.0,2159,
69,0.0012076670536771417,0.0,0.0,2169,
69,,,,2169,0.003000990953296423
70,0.002950138645246625,0.0,0.0,2179,
70,0.0026981846895068884,0.0,0.0,2189,
70,0.0026608859188854694,0.0,0.0,2199,
70,,,,2200,0.002962616505101323
71,0.0029679378494620323,0.0,0.0,2209,
71,0.0028340318240225315,0.0,0.0,2219,
71,0.0029348472598940134,0.0,0.0,2229,
71,,,,2231,0.003058697795495391
72,0.002883448265492916,0.0,0.0,2239,
72,0.0027981745079159737,0.0,0.0,2249,
72,0.002810175297781825,0.0,0.0,2259,
72,,,,2262,0.002848859876394272
73,0.0028523369692265987,0.0,0.0,2269,
73,0.0026797333266586065,0.0,0.0,2279,
73,0.00310417078435421,0.0,0.0,2289,
73,,,,2293,0.002857808256521821
74,0.002796283457428217,0.0,0.0,2299,
74,0.0028456668369472027,0.0,0.0,2309,
74,0.002714611357077956,0.0,0.0,2319,
74,,,,2324,0.002771353581920266
75,0.00278398091904819,0.0,0.0,2329,
75,0.0029181644786149263,0.0,0.0,2339,
75,0.0028138936031609774,0.0,0.0,2349,
75,,,,2355,0.002754662884399295
76,0.0025698586832731962,0.0,0.0,2359,
76,0.0026113877538591623,0.0,0.0,2369,
76,0.0028845358174294233,0.0,0.0,2379,
76,,,,2386,0.00279653980396688
77,0.0028263123240321875,0.0,0.0,2389,
77,0.0027639165055006742,0.0,0.0,2399,
77,0.002639290178194642,0.0,0.0,2409,
77,,,,2417,0.0026941837277263403
78,0.0026136438827961683,0.0,0.0,2419,
78,0.002697079675272107,0.0,0.0,2429,
78,0.0024690604768693447,0.0,0.0,2439,
78,,,,2448,0.0026528367307037115
79,0.002669812412932515,0.0,0.0,2449,
79,0.0024427175521850586,0.0,0.0,2459,
79,0.0026132361963391304,0.0,0.0,2469,
79,0.0010560138616710901,0.0,0.0,2479,
79,,,,2479,0.002636299002915621
80,0.0026871764566749334,0.0,0.0,2489,
80,0.0026301832403987646,0.0,0.0,2499,
80,0.002375377807766199,0.0,0.0,2509,
80,,,,2510,0.002781293820589781
81,0.0027327765710651875,0.0,0.0,2519,
81,0.0026777966413646936,0.0,0.0,2529,
81,0.002553374506533146,0.0,0.0,2539,
81,,,,2541,0.0026021546218544245
82,0.0025085750967264175,0.0,0.0,2549,
82,0.002656055148690939,0.0,0.0,2559,
82,0.002722081495448947,0.0,0.0,2569,
82,,,,2572,0.0026442038360983133
83,0.002588246250525117,0.0,0.0,2579,
83,0.00253708241507411,0.0,0.0,2589,
83,0.0029329871758818626,0.0,0.0,2599,
83,,,,2603,0.002597616519778967
84,0.002510108519345522,0.0,0.0,2609,
84,0.0026133989449590445,0.0,0.0,2619,
84,0.0025077543687075377,0.0,0.0,2629,
84,,,,2634,0.00252674613147974
85,0.0025309626944363117,0.0,0.0,2639,
85,0.0026535068172961473,0.0,0.0,2649,
85,0.002524186624214053,0.0,0.0,2659,
85,,,,2665,0.0025091106072068214
86,0.00238833692856133,0.0,0.0,2669,
86,0.002380608581006527,0.0,0.0,2679,
86,0.002517061773687601,0.0,0.0,2689,
86,,,,2696,0.002519284375011921
87,0.002887024777010083,0.0,0.0,2699,
87,0.0025225766003131866,0.0,0.0,2709,
87,0.002564450493082404,0.0,0.0,2719,
87,,,,2727,0.0026468047872185707
88,0.002557580592110753,0.0,0.0,2729,
88,0.0026423181407153606,0.0,0.0,2739,
88,0.0022373059764504433,0.0,0.0,2749,
88,,,,2758,0.002432563342154026
89,0.002458182629197836,0.0,0.0,2759,
89,0.0022572637535631657,0.0,0.0,2769,
89,0.0024598343297839165,0.0,0.0,2779,
89,0.000940485333558172,0.0,0.0,2789,
89,,,,2789,0.0024620252661406994
90,0.002529095858335495,0.0,0.0,2799,
90,0.002453329274430871,0.0,0.0,2809,
90,0.0021750289015471935,0.0,0.0,2819,
90,,,,2820,0.0025438577868044376
91,0.0025525931268930435,0.0,0.0,2829,
91,0.002407786436378956,0.0,0.0,2839,
91,0.0023561441339552402,0.0,0.0,2849,
91,,,,2851,0.002468615770339966
92,0.0024082688614726067,0.0,0.0,2859,
92,0.0024090721271932125,0.0,0.0,2869,
92,0.0024917107075452805,0.0,0.0,2879,
92,,,,2882,0.0024140800815075636
93,0.0023701463360339403,0.0,0.0,2889,
93,0.0023169091437011957,0.0,0.0,2899,
93,0.0026540206745266914,0.0,0.0,2909,
93,,,,2913,0.0023634033277630806
94,0.0023544663563370705,0.0,0.0,2919,
94,0.0024384348653256893,0.0,0.0,2929,
94,0.0023282463662326336,0.0,0.0,2939,
94,,,,2944,0.0023480330128222704
95,0.002328962553292513,0.0,0.0,2949,
95,0.0025154065806418657,0.0,0.0,2959,
95,0.002324857050552964,0.0,0.0,2969,
95,,,,2975,0.0024398493114858866
96,0.0021660078782588243,0.0,0.0,2979,
96,0.002327185356989503,0.0,0.0,2989,
96,0.0023239923175424337,0.0,0.0,2999,
96,,,,3006,0.0023785231169313192
97,0.0024703156668692827,0.0,0.0,3009,
97,0.0023564742878079414,0.0,0.0,3019,
97,0.0022150534205138683,0.0,0.0,3029,
97,,,,3037,0.0022855433635413647
98,0.002216592663899064,0.0,0.0,3039,
98,0.0023352601565420628,0.0,0.0,3049,
98,0.0021802233532071114,0.0,0.0,3059,
98,,,,3068,0.002275709994137287
99,0.0022959692869335413,0.0,0.0,3069,
99,0.00208586105145514,0.0,0.0,3079,
99,0.002246749820187688,0.0,0.0,3089,
99,0.0008538792608305812,0.0,0.0,3099,
99,,,,3099,0.0022562346421182156
100,0.002320871688425541,0.0,0.0,3109,
100,0.0021404768340289593,0.0,0.0,3119,
100,0.0019846123177558184,0.0,0.0,3129,
100,,,,3130,0.002254426246508956
101,0.0022201724350452423,0.0,0.0,3139,
101,0.002555592218413949,0.0,0.0,3149,
101,0.002198306145146489,0.0,0.0,3159,
101,,,,3161,0.0023790807463228703
102,0.0022545759566128254,0.0,0.0,3169,
102,0.0021930113434791565,0.0,0.0,3179,
102,0.0022194506600499153,0.0,0.0,3189,
102,,,,3192,0.002289582509547472
103,0.002354927361011505,0.0,0.0,3199,
103,0.002187302801758051,0.0,0.0,3209,
103,0.0025331878568977118,0.0,0.0,3219,
103,,,,3223,0.0023792984429746866
104,0.002169965300709009,0.0,0.0,3229,
104,0.0022814753465354443,0.0,0.0,3239,
104,0.0021096188575029373,0.0,0.0,3249,
104,,,,3254,0.0021734880283474922
105,0.0021832033526152372,0.0,0.0,3259,
105,0.002286378061398864,0.0,0.0,3269,
105,0.0021644432563334703,0.0,0.0,3279,
105,,,,3285,0.0021893430966883898
106,0.00205918587744236,0.0,0.0,3289,
106,0.002095654606819153,0.0,0.0,3299,
106,0.0023067414294928312,0.0,0.0,3309,
106,,,,3316,0.0023007181007415056
107,0.002405579900369048,0.0,0.0,3319,
107,0.0022644964046776295,0.0,0.0,3329,
107,0.0020394104067236185,0.0,0.0,3339,
107,,,,3347,0.0021788913290947676
108,0.0021517572458833456,0.0,0.0,3349,
108,0.0021806498989462852,0.0,0.0,3359,
108,0.0020197515841573477,0.0,0.0,3369,
108,,,,3378,0.002166332211345434
109,0.002189525170251727,0.0,0.0,3379,
109,0.0019292192300781608,0.0,0.0,3389,
109,0.002145216567441821,0.0,0.0,3399,
109,0.0007683341973461211,0.0,0.0,3409,
109,,,,3409,0.0021609493996948004
110,0.002229867037385702,0.0,0.0,3419,
110,0.0020904464181512594,0.0,0.0,3429,
110,0.0018476055702194571,0.0,0.0,3439,
110,,,,3440,0.002139203017577529
111,0.0020738691091537476,0.0,0.0,3449,
111,0.0022069811820983887,0.0,0.0,3459,
111,0.0021514405962079763,0.0,0.0,3469,
111,,,,3471,0.0021070304792374372
112,0.0020334753207862377,0.0,0.0,3479,
112,0.002084981882944703,0.0,0.0,3489,
112,0.0022348433267325163,0.0,0.0,3499,
112,,,,3502,0.0020823469385504723
113,0.0021020949352532625,0.0,0.0,3509,
113,0.001969715114682913,0.0,0.0,3519,
113,0.0023544735740870237,0.0,0.0,3529,
113,,,,3533,0.0020732141565531492
114,0.0021091606467962265,0.0,0.0,3539,
114,0.0021449781488627195,0.0,0.0,3549,
114,0.00207801372744143,0.0,0.0,3559,
114,,,,3564,0.00211674184538424
115,0.00214817700907588,0.0,0.0,3569,
115,0.0021959610749036074,0.0,0.0,3579,
115,0.002001628279685974,0.0,0.0,3589,
115,,,,3595,0.0021046351175755262
116,0.001936164335347712,0.0,0.0,3599,
116,0.0019403562182560563,0.0,0.0,3609,
116,0.0020500272512435913,0.0,0.0,3619,
116,,,,3626,0.002010379685088992
117,0.00218622712418437,0.0,0.0,3629,
117,0.002018738305196166,0.0,0.0,3639,
117,0.001999129541218281,0.0,0.0,3649,
117,,,,3657,0.002003792207688093
118,0.0019676003139466047,0.0,0.0,3659,
118,0.002077181125059724,0.0,0.0,3669,
118,0.0018057662528008223,0.0,0.0,3679,
118,,,,3688,0.0019728068727999926
119,0.001999159576371312,0.0,0.0,3689,
119,0.001811284339055419,0.0,0.0,3699,
119,0.002018230501562357,0.0,0.0,3709,
119,0.0007150884484872222,0.0,0.0,3719,
119,,,,3719,0.0019964431412518024
120,0.0020540161058306694,0.0,0.0,3729,
120,0.001962627051398158,0.0,0.0,3739,
120,0.0017398904310539365,0.0,0.0,3749,
120,,,,3750,0.001957812113687396
121,0.001932176761329174,0.0,0.0,3759,
121,0.0020273595582693815,0.0,0.0,3769,
121,0.0019468090031296015,0.0,0.0,3779,
121,,,,3781,0.0020092548802495003
122,0.0019757598638534546,0.0,0.0,3789,
122,0.0019368178909644485,0.0,0.0,3799,
122,0.0019710438791662455,0.0,0.0,3809,
122,,,,3812,0.0019297247054055333
123,0.0019389556255191565,0.0,0.0,3819,
123,0.0018452346557751298,0.0,0.0,3829,
123,0.0021157406736165285,0.0,0.0,3839,
123,,,,3843,0.0019756073597818613
124,0.0018969010561704636,0.0,0.0,3849,
124,0.001994877588003874,0.0,0.0,3859,
124,0.001877063070423901,0.0,0.0,3869,
124,,,,3874,0.0019329256610944867
125,0.0019569757860153913,0.0,0.0,3879,
125,0.0019930421840399504,0.0,0.0,3889,
125,0.001828477019444108,0.0,0.0,3899,
125,,,,3905,0.0019045735243707895
126,0.002040907507762313,0.0,0.0,3909,
126,0.0018638365436345339,0.0,0.0,3919,
126,0.0019348830683156848,0.0,0.0,3929,
126,,,,3936,0.0019249159377068281
127,0.0023060885723680258,0.0,0.0,3939,
127,0.0019290355267003179,0.0,0.0,3949,
127,0.001790872192941606,0.0,0.0,3959,
127,,,,3967,0.0018732375465333462
128,0.0018598788883537054,0.0,0.0,3969,
128,0.0019324043532833457,0.0,0.0,3979,
128,0.0017005550907924771,0.0,0.0,3989,
128,,,,3998,0.0018609625985845923
129,0.001886397018097341,0.0,0.0,3999,
129,0.0016898608300834894,0.0,0.0,4009,
129,0.001838710973970592,0.0,0.0,4019,
129,0.0006801352137699723,0.0,0.0,4029,
129,,,,4029,0.001850136206485331
130,0.0019553746096789837,0.0,0.0,4039,
130,0.0017765392549335957,0.0,0.0,4049,
130,0.0016056858003139496,0.0,0.0,4059,
130,,,,4060,0.0018721618689596653
131,0.0019561389926820993,0.0,0.0,4069,
131,0.0018902986776083708,0.0,0.0,4079,
131,0.0017779014306142926,0.0,0.0,4089,
131,,,,4091,0.0018854275112971663
132,0.0018209172412753105,0.0,0.0,4099,
132,0.001843007979914546,0.0,0.0,4109,
132,0.0018022434087470174,0.0,0.0,4119,
132,,,,4122,0.0018353551859036088
133,0.0018207530956715345,0.0,0.0,4129,
133,0.001764012617059052,0.0,0.0,4139,
133,0.0019979060161858797,0.0,0.0,4149,
133,,,,4153,0.0017846896080300212
134,0.0018162043998017907,0.0,0.0,4159,
134,0.00186013407073915,0.0,0.0,4169,
134,0.0017689389642328024,0.0,0.0,4179,
134,,,,4184,0.0017909263260662556
135,0.0019456105073913932,0.0,0.0,4189,
135,0.0018778105732053518,0.0,0.0,4199,
135,0.0017106643645092845,0.0,0.0,4209,
135,,,,4215,0.0018338375957682729
136,0.0020181164145469666,0.0,0.0,4219,
136,0.0019127861596643925,0.0,0.0,4229,
136,0.0019645642023533583,0.0,0.0,4239,
136,,,,4246,0.0017571653006598353
137,0.001991290133446455,0.0,0.0,4249,
137,0.0017339239129796624,0.0,0.0,4259,
137,0.0017141520511358976,0.0,0.0,4269,
137,,,,4277,0.0017522760899737477
138,0.0017302188789471984,0.0,0.0,4279,
138,0.0017971839988604188,0.0,0.0,4289,
138,0.0016512053553014994,0.0,0.0,4299,
138,,,,4308,0.0017333258874714375
139,0.0017589511116966605,0.0,0.0,4309,
139,0.001596909947693348,0.0,0.0,4319,
139,0.001738719642162323,0.0,0.0,4329,
139,0.0006600387278012931,0.0,0.0,4339,
139,,,,4339,0.001829064334742725
140,0.0018019196577370167,0.0,0.0,4349,
140,0.0017720016185194254,0.0,0.0,4359,
140,0.0016460305778309703,0.0,0.0,4369,
140,,,,4370,0.0017395683098584414
141,0.001752433250658214,0.0,0.0,4379,
141,0.001821858691982925,0.0,0.0,4389,
141,0.0017939566168934107,0.0,0.0,4399,
141,,,,4401,0.0018930922960862517
142,0.001766036031767726,0.0,0.0,4409,
142,0.0017423350363969803,0.0,0.0,4419,
142,0.0016949682030826807,0.0,0.0,4429,
142,,,,4432,0.001772161922417581
143,0.001710468903183937,0.0,0.0,4439,
143,0.0015892735682427883,0.0,0.0,4449,
143,0.0019336744444444776,0.0,0.0,4459,
143,,,,4463,0.0017441416857764125
144,0.001718209940008819,0.0,0.0,4469,
144,0.0017037508077919483,0.0,0.0,4479,
144,0.0016787000931799412,0.0,0.0,4489,
144,,,,4494,0.0016907153185456991
145,0.0017424807883799076,0.0,0.0,4499,
145,0.001786053297109902,0.0,0.0,4509,
145,0.0016787087079137564,0.0,0.0,4519,
145,,,,4525,0.0016605824930593371
146,0.0015709461877122521,0.0,0.0,4529,
146,0.0016087054973468184,0.0,0.0,4539,
146,0.0017293812707066536,0.0,0.0,4549,
146,,,,4556,0.001647721859626472
147,0.0018759578233584762,0.0,0.0,4559,
147,0.0016829172382131219,0.0,0.0,4569,
147,0.001566767692565918,0.0,0.0,4579,
147,,,,4587,0.001652037026360631
148,0.0016745097236707807,0.0,0.0,4589,
148,0.0017717854352667928,0.0,0.0,4599,
148,0.0015046396292746067,0.0,0.0,4609,
148,,,,4618,0.0016375428531318903
149,0.0016642954433336854,0.0,0.0,4619,
149,0.0015079252189025283,0.0,0.0,4629,
149,0.0016303289448842406,0.0,0.0,4639,
149,0.0005916246445849538,0.0,0.0,4649,
149,,,,4649,0.001650191843509674
150,0.0016965288668870926,0.0,0.0,4659,
150,0.0015955830458551645,0.0,0.0,4669,
150,0.0014212420210242271,0.0,0.0,4679,
150,,,,4680,0.0016367450589314103
151,0.00158774817828089,0.0,0.0,4689,
151,0.001681829453445971,0.0,0.0,4699,
151,0.001584710436873138,0.0,0.0,4709,
151,,,,4711,0.0016271958593279123
152,0.0015681039076298475,0.0,0.0,4719,
152,0.0015465457690879703,0.0,0.0,4729,
152,0.0015778044471517205,0.0,0.0,4739,
152,,,,4742,0.001598863978870213
153,0.0015459192218258977,0.0,0.0,4749,
153,0.0014772312715649605,0.0,0.0,4759,
153,0.001755297533236444,0.0,0.0,4769,
153,,,,4773,0.0016248059691861272
154,0.0015377977397292852,0.0,0.0,4779,
154,0.0017608159687370062,0.0,0.0,4789,
154,0.0016282296273857355,0.0,0.0,4799,
154,,,,4804,0.0015878904378041625
155,0.00184614525642246,0.0,0.0,4809,
155,0.001746663823723793,0.0,0.0,4819,
155,0.0015234880847856402,0.0,0.0,4829,
155,,,,4835,0.0016045800875872374
156,0.0017800003988668323,0.0,0.0,4839,
156,0.0015108182560652494,0.0,0.0,4849,
156,0.0016073045553639531,0.0,0.0,4859,
156,,,,4866,0.0015791240148246288
157,0.0018209167756140232,0.0,0.0,4869,
157,0.001521285972557962,0.0,0.0,4879,
157,0.0015111604006960988,0.0,0.0,4889,
157,,,,4897,0.001548438798636198
158,0.0014783988008275628,0.0,0.0,4899,
158,0.001612201682291925,0.0,0.0,4909,
158,0.0014666758943349123,0.0,0.0,4919,
158,,,,4928,0.0015294546028599143
159,0.0015576370060443878,0.0,0.0,4929,
159,0.001459982362575829,0.0,0.0,4939,
159,0.0015504590701311827,0.0,0.0,4949,
159,0.0006013642996549606,0.0,0.0,4959,
159,,,,4959,0.0015213428996503353
160,0.0016746764304116368,0.0,0.0,4969,
160,0.0015008397167548537,0.0,0.0,4979,
160,0.0013193771010264754,0.0,0.0,4989,
160,,,,4990,0.0016022379277274013
161,0.001599321374669671,0.0,0.0,4999,
161,0.00157022790517658,0.0,0.0,5009,
161,0.0014715824509039521,0.0,0.0,5019,
161,,,,5021,0.0015454395906999707
162,0.001464913017116487,0.0,0.0,5029,
162,0.0014718823367729783,0.0,0.0,5039,
162,0.0015444643795490265,0.0,0.0,5049,
162,,,,5052,0.0015214503509923816
163,0.0014957385137677193,0.0,0.0,5059,
163,0.0014220711309462786,0.0,0.0,5069,
163,0.0016187833389267325,0.0,0.0,5079,
163,,,,5083,0.001538373064249754
164,0.0014918482629582286,0.0,0.0,5089,
164,0.001531763351522386,0.0,0.0,5099,
164,0.0014883014373481274,0.0,0.0,5109,
164,,,,5114,0.0015269991708919406
165,0.0016290803905576468,0.0,0.0,5119,
165,0.0016109429998323321,0.0,0.0,5129,
165,0.0014637975255027413,0.0,0.0,5139,
165,,,,5145,0.0015766615979373455
166,0.0016611540922895074,0.0,0.0,5149,
166,0.001458071987144649,0.0,0.0,5159,
166,0.0015056174015626311,0.0,0.0,5169,
166,,,,5176,0.0014645021874457598
167,0.0016223951242864132,0.0,0.0,5179,
167,0.0014735533623024821,0.0,0.0,5189,
167,0.001402723602950573,0.0,0.0,5199,
167,,,,5207,0.0014567486941814423
168,0.001396512845531106,0.0,0.0,5209,
168,0.0015161408809944987,0.0,0.0,5219,
168,0.0013630116591230035,0.0,0.0,5229,
168,,,,5238,0.0015644585946574807
169,0.0015941770980134606,0.0,0.0,5239,
169,0.0014309569960460067,0.0,0.0,5249,
169,0.001461351988837123,0.0,0.0,5259,
169,0.0005450072349049151,0.0,0.0,5269,
169,,,,5269,0.0014361292123794556
170,0.0015296724159270525,0.0,0.0,5279,
170,0.0013766692718490958,0.0,0.0,5289,
170,0.0012276173802092671,0.0,0.0,5299,
170,,,,5300,0.001444339519366622
171,0.0015270515577867627,0.0,0.0,5309,
171,0.0014971974305808544,0.0,0.0,5319,
171,0.0013746832264587283,0.0,0.0,5329,
171,,,,5331,0.00144527992233634
172,0.0015036138938739896,0.0,0.0,5339,
172,0.0013657226227223873,0.0,0.0,5349,
172,0.0013965838588774204,0.0,0.0,5359,
172,,,,5362,0.0014272256521508098
173,0.0013915769523009658,0.0,0.0,5369,
173,0.0013813268160447478,0.0,0.0,5379,
173,0.001632289495319128,0.0,0.0,5389,
173,,,,5393,0.0014092408819124103
174,0.0014597335830330849,0.0,0.0,5399,
174,0.0014365451643243432,0.0,0.0,5409,
174,0.0014161961153149605,0.0,0.0,5419,
174,,,,5424,0.001528236549347639
175,0.0014461802784353495,0.0,0.0,5429,
175,0.0015262974193319678,0.0,0.0,5439,
175,0.0014223473845049739,0.0,0.0,5449,
175,,,,5455,0.0013979576760903
176,0.001330984872765839,0.0,0.0,5459,
176,0.0013423061463981867,0.0,0.0,5469,
176,0.0014546614838764071,0.0,0.0,5479,
176,,,,5486,0.0013962815282866359
177,0.0017766832606866956,0.0,0.0,5489,
177,0.0013637278461828828,0.0,0.0,5499,
177,0.0013837192673236132,0.0,0.0,5509,
177,,,,5517,0.0014144631568342447
178,0.0015078793512657285,0.0,0.0,5519,
178,0.0014327069511637092,0.0,0.0,5529,
178,0.0012530788080766797,0.0,0.0,5539,
178,,,,5548,0.001440256368368864
179,0.0014740994665771723,0.0,0.0,5549,
179,0.0012647672556340694,0.0,0.0,5559,
179,0.0013346425257623196,0.0,0.0,5569,
179,0.0005045155412517488,0.0,0.0,5579,
179,,,,5579,0.0013708374463021755
180,0.0014086589217185974,0.0,0.0,5589,
180,0.0012871816288679838,0.0,0.0,5599,
180,0.0011827308917418122,0.0,0.0,5609,
180,,,,5610,0.00136613252107054
181,0.0013334895484149456,0.0,0.0,5619,
181,0.0014011204475536942,0.0,0.0,5629,
181,0.0014634699327871203,0.0,0.0,5639,
181,,,,5641,0.0013672671047970653
182,0.001403970760293305,0.0,0.0,5649,
182,0.0013700128765776753,0.0,0.0,5659,
182,0.0013481243513524532,0.0,0.0,5669,
182,,,,5672,0.0013921164209023118
183,0.001389737124554813,0.0,0.0,5679,
183,0.0012998100137338042,0.0,0.0,5689,
183,0.0015630921116098762,0.0,0.0,5699,
183,,,,5703,0.0013484967639669776
184,0.0013869047397747636,0.0,0.0,5709,
184,0.0014078270178288221,0.0,0.0,5719,
184,0.00129161705262959,0.0,0.0,5729,
184,,,,5734,0.0013839517487213016
185,0.0014069877797737718,0.0,0.0,5739,
185,0.001466037123464048,0.0,0.0,5749,
185,0.001316639012657106,0.0,0.0,5759,
185,,,,5765,0.001390155521221459
186,0.0013628954766318202,0.0,0.0,5769,
186,0.0013505080714821815,0.0,0.0,5779,
186,0.0013831187970936298,0.0,0.0,5789,
186,,,,5796,0.0013342252932488918
187,0.0015590732218697667,0.0,0.0,5799,
187,0.0013119345530867577,0.0,0.0,5809,
187,0.001258783508092165,0.0,0.0,5819,
187,,,,5827,0.001304884790442884
188,0.0012841817224398255,0.0,0.0,5829,
188,0.0013492529978975654,0.0,0.0,5839,
188,0.001184857334010303,0.0,0.0,5849,
188,,,,5858,0.0013002845225855708
189,0.0013378949370235205,0.0,0.0,5859,
189,0.0011972775682806969,0.0,0.0,5869,
189,0.001275812042877078,0.0,0.0,5879,
189,0.0004719212302006781,0.0,0.0,5889,
189,,,,5889,0.0012890325160697103
190,0.0013965669786557555,0.0,0.0,5899,
190,0.0012247328413650393,0.0,0.0,5909,
190,0.001120725879445672,0.0,0.0,5919,
190,,,,5920,0.00128548638895154
191,0.001326110796071589,0.0,0.0,5929,
191,0.0013396810973063111,0.0,0.0,5939,
191,0.0012990174582228065,0.0,0.0,5949,
191,,,,5951,0.0012926311464980245
192,0.0012774297501891851,0.0,0.0,5959,
192,0.0012504003243520856,0.0,0.0,5969,
192,0.0013099068310111761,0.0,0.0,5979,
192,,,,5982,0.0012835506349802017
193,0.0012326807482168078,0.0,0.0,5989,
193,0.0012438335688784719,0.0,0.0,5999,
193,0.0014394583413377404,0.0,0.0,6009,
193,,,,6013,0.0012664025416597724
194,0.0012155764270573854,0.0,0.0,6019,
194,0.001358768087811768,0.0,0.0,6029,
194,0.001260222983546555,0.0,0.0,6039,
194,,,,6044,0.0012560875620692968
195,0.0013091631699353456,0.0,0.0,6049,
195,0.0014034032355993986,0.0,0.0,6059,
195,0.001235647825524211,0.0,0.0,6069,
195,,,,6075,0.0012495375704020262
196,0.0012504378100857139,0.0,0.0,6079,
196,0.001240737154148519,0.0,0.0,6089,
196,0.0012897977139800787,0.0,0.0,6099,
196,,,,6106,0.0012454185634851456
197,0.001514322473667562,0.0,0.0,6109,
197,0.001280894153751433,0.0,0.0,6119,
197,0.0011821012012660503,0.0,0.0,6129,
197,,,,6137,0.0012803941499441862
198,0.0012830749619752169,0.0,0.0,6139,
198,0.0013393532717600465,0.0,0.0,6149,
198,0.0011374292662367225,0.0,0.0,6159,
198,,,,6168,0.00127126625739038
199,0.001310568070039153,0.0,0.0,6169,
199,0.0011431650491431355,0.0,0.0,6179,
199,0.0012286208802834153,0.0,0.0,6189,
199,0.0004584450798574835,0.0,0.0,6199,
199,,,,6199,0.0012447412591427565
200,0.0012974622659385204,0.0,0.0,6209,
200,0.0012034943792968988,0.0,0.0,6219,
200,0.0010955737670883536,0.0,0.0,6229,
200,,,,6230,0.0012565560173243284
201,0.0012552922125905752,0.0,0.0,6239,
201,0.0013396701542660594,0.0,0.0,6249,
201,0.001217690180055797,0.0,0.0,6259,
201,,,,6261,0.0012829427141696215
202,0.001227942993864417,0.0,0.0,6269,
202,0.0011911767069250345,0.0,0.0,6279,
202,0.00126356421969831,0.0,0.0,6289,
202,,,,6292,0.0012185730738565326
203,0.0011898522498086095,0.0,0.0,6299,
203,0.0011389796854928136,0.0,0.0,6309,
203,0.0013672251952812076,0.0,0.0,6319,
203,,,,6323,0.0011970069026574492
204,0.001155287609435618,0.0,0.0,6329,
204,0.0012358126696199179,0.0,0.0,6339,
204,0.0012983939377591014,0.0,0.0,6349,
204,,,,6354,0.0012133499840274453
205,0.0012593891005963087,0.0,0.0,6359,
205,0.0013801978202536702,0.0,0.0,6369,
205,0.0012086716014891863,0.0,0.0,6379,
205,,,,6385,0.001255058217793703
206,0.0011400285875424743,0.0,0.0,6389,
206,0.0011880442034453154,0.0,0.0,6399,
206,0.0012449105270206928,0.0,0.0,6409,
206,,,,6416,0.001194626558572054
207,0.0013516467297449708,0.0,0.0,6419,
207,0.0011803839588537812,0.0,0.0,6429,
207,0.0011335271410644054,0.0,0.0,6439,
207,,,,6447,0.0011793378507718444
208,0.0011478709056973457,0.0,0.0,6449,
208,0.0012739145895466208,0.0,0.0,6459,
208,0.0010918304324150085,0.0,0.0,6469,
208,,,,6478,0.00117333116941154
209,0.0012182494392618537,0.0,0.0,6479,
209,0.0011105318553745747,0.0,0.0,6489,
209,0.001159747946076095,0.0,0.0,6499,
209,0.00042270225821994245,0.0,0.0,6509,
209,,,,6509,0.001172385411337018
210,0.001201234757900238,0.0,0.0,6519,
210,0.0011236002901569009,0.0,0.0,6529,
210,0.0009983164491131902,0.0,0.0,6539,
210,,,,6540,0.0011845919070765376
211,0.0011634858092293143,0.0,0.0,6549,
211,0.0012465916806831956,0.0,0.0,6559,
211,0.0011600841535255313,0.0,0.0,6569,
211,,,,6571,0.0011801670771092176
212,0.001171579584479332,0.0,0.0,6579,
212,0.0010934470919892192,0.0,0.0,6589,
212,0.0012008068151772022,0.0,0.0,6599,
212,,,,6602,0.0011550190392881632
213,0.001140417531132698,0.0,0.0,6609,
213,0.001047768397256732,0.0,0.0,6619,
213,0.0012943560723215342,0.0,0.0,6629,
213,,,,6633,0.0011432936880737543
214,0.001097891479730606,0.0,0.0,6639,
214,0.0011704928474500775,0.0,0.0,6649,
214,0.0011609687935560942,0.0,0.0,6659,
214,,,,6664,0.0011391736334189773
215,0.001189255970530212,0.0,0.0,6669,
215,0.0012210202403366566,0.0,0.0,6679,
215,0.0011108012404292822,0.0,0.0,6689,
215,,,,6695,0.0011339354095980525
216,0.0011197036365047097,0.0,0.0,6699,
216,0.0011001257225871086,0.0,0.0,6709,
216,0.0012166897067800164,0.0,0.0,6719,
216,,,,6726,0.0011311696143820882
217,0.0013905656524002552,0.0,0.0,6729,
217,0.0011446272255852818,0.0,0.0,6739,
217,0.0010836356086656451,0.0,0.0,6749,
217,,,,6757,0.001120483037084341
218,0.0010949071729555726,0.0,0.0,6759,
218,0.0012067221105098724,0.0,0.0,6769,
218,0.0010285069001838565,0.0,0.0,6779,
218,,,,6788,0.0011137332767248154
219,0.0011627987259998918,0.0,0.0,6789,
219,0.001055223634466529,0.0,0.0,6799,
219,0.0010908753611147404,0.0,0.0,6809,
219,0.0004137979412917048,0.0,0.0,6819,
219,,,,6819,0.0011347614927217364
220,0.0011414149776101112,0.0,0.0,6829,
220,0.0010591750033199787,0.0,0.0,6839,
220,0.0009620737982913852,0.0,0.0,6849,
220,,,,6850,0.0011074668727815151
221,0.0011461398098617792,0.0,0.0,6859,
221,0.0011544671142473817,0.0,0.0,6869,
221,0.0010723895393311977,0.0,0.0,6879,
221,,,,6881,0.0011110223131254315
222,0.0011632840614765882,0.0,0.0,6889,
222,0.0010424195788800716,0.0,0.0,6899,
222,0.001073378138244152,0.0,0.0,6909,
222,,,,6912,0.0011079993564635515
223,0.0010905388044193387,0.0,0.0,6919,
223,0.001000794698484242,0.0,0.0,6929,
223,0.0011650758096948266,0.0,0.0,6939,
223,,,,6943,0.001101768808439374
224,0.0011166429612785578,0.0,0.0,6949,
224,0.001128802658058703,0.0,0.0,6959,
224,0.0011006968561559916,0.0,0.0,6969,
224,,,,6974,0.0010914321755990386
225,0.0011559430276975036,0.0,0.0,6979,
225,0.0011568887857720256,0.0,0.0,6989,
225,0.00110036158002913,0.0,0.0,6999,
225,,,,7005,0.001079982379451394
226,0.0010719526326283813,0.0,0.0,7009,
226,0.0010324562899768353,0.0,0.0,7019,
226,0.0011281067272648215,0.0,0.0,7029,
226,,,,7036,0.0010717327240854502
227,0.0012546112993732095,0.0,0.0,7039,
227,0.0010589411249384284,0.0,0.0,7049,
227,0.0010054080048575997,0.0,0.0,7059,
227,,,,7067,0.001064745825715363
228,0.0010571388993412256,0.0,0.0,7069,
228,0.001173639320768416,0.0,0.0,7079,
228,0.0009837807156145573,0.0,0.0,7089,
228,,,,7098,0.001064224517904222
229,0.0011168108321726322,0.0,0.0,7099,
229,0.001053240499459207,0.0,0.0,7109,
229,0.0010431342525407672,0.0,0.0,7119,
229,0.00037790535134263337,0.0,0.0,7129,
229,,,,7129,0.001056370441801846
230,0.0011316011659801006,0.0,0.0,7139,
230,0.0009933391120284796,0.0,0.0,7149,
230,0.0009082514443434775,0.0,0.0,7159,
230,,,,7160,0.001048114849254489
231,0.001089458935894072,0.0,0.0,7169,
231,0.0010962531669065356,0.0,0.0,7179,
231,0.0010934476740658283,0.0,0.0,7189,
231,,,,7191,0.0010528307175263762
232,0.0012175010051578283,0.0,0.0,7199,
232,0.0009781745029613376,0.0,0.0,7209,
232,0.0010399743914604187,0.0,0.0,7219,
232,,,,7222,0.0010705210734158754
233,0.0010833388660103083,0.0,0.0,7229,
233,0.0009466709452681243,0.0,0.0,7239,
233,0.001129420823417604,0.0,0.0,7249,
233,,,,7253,0.0010399979073554277
234,0.0010170156601816416,0.0,0.0,7259,
234,0.0010682620340958238,0.0,0.0,7269,
234,0.0010211835615336895,0.0,0.0,7279,
234,,,,7284,0.0010222551645711064
235,0.0010366820497438312,0.0,0.0,7289,
235,0.0011125693563371897,0.0,0.0,7299,
235,0.000989160151220858,0.0,0.0,7309,
235,,,,7315,0.0010128817521035671
236,0.0009929434163495898,0.0,0.0,7319,
236,0.0009772214107215405,0.0,0.0,7329,
236,0.0011011972092092037,0.0,0.0,7339,
236,,,,7346,0.0010256425011903048
237,0.0013391070533543825,0.0,0.0,7349,
237,0.0010384958004578948,0.0,0.0,7359,
237,0.0009664493263699114,0.0,0.0,7369,
237,,,,7377,0.0010345514165237546
238,0.0009573542047291994,0.0,0.0,7379,
238,0.0010867787059396505,0.0,0.0,7389,
238,0.0009339890093542635,0.0,0.0,7399,
238,,,,7408,0.001000699121505022
239,0.001057581277564168,0.0,0.0,7409,
239,0.0009429545025341213,0.0,0.0,7419,
239,0.000990615924820304,0.0,0.0,7429,
239,0.0003728204465005547,0.0,0.0,7439,
239,,,,7439,0.0010052305879071355
240,0.0010178872616961598,0.0,0.0,7449,
240,0.0009323389385826886,0.0,0.0,7459,
240,0.000834945123642683,0.0,0.0,7469,
240,,,,7470,0.0009850624483078718
241,0.0009977020090445876,0.0,0.0,7479,
241,0.0010313771199434996,0.0,0.0,7489,
241,0.000945409934502095,0.0,0.0,7499,
241,,,,7501,0.0009814368095248938
242,0.0009584848885424435,0.0,0.0,7509,
242,0.000928163412027061,0.0,0.0,7519,
242,0.0009592479909770191,0.0,0.0,7529,
242,,,,7532,0.0009883518796414137
243,0.0009194615413434803,0.0,0.0,7539,
243,0.0008836602792143822,0.0,0.0,7549,
243,0.0010249125771224499,0.0,0.0,7559,
243,,,,7563,0.0009831639472395182
244,0.000939354591537267,0.0,0.0,7569,
244,0.0009900557342916727,0.0,0.0,7579,
244,0.0009516269783489406,0.0,0.0,7589,
244,,,,7594,0.0009641368524171412
245,0.0010626597795635462,0.0,0.0,7599,
245,0.0010383538901805878,0.0,0.0,7609,
245,0.0009599968325346708,0.0,0.0,7619,
245,,,,7625,0.0009584570652805269
246,0.0010396811412647367,0.0,0.0,7629,
246,0.0009310293826274574,0.0,0.0,7639,
246,0.001024049473926425,0.0,0.0,7649,
246,,,,7656,0.0009568520472384989
247,0.0012013473315164447,0.0,0.0,7659,
247,0.0009497038554400206,0.0,0.0,7669,
247,0.0008933764765970409,0.0,0.0,7679,
247,,,,7687,0.0009530695388093591
248,0.0009369943873025477,0.0,0.0,7689,
248,0.0010288776829838753,0.0,0.0,7699,
248,0.0008712212438695133,0.0,0.0,7709,
248,,,,7718,0.0009491264936514199
249,0.0010053288424387574,0.0,0.0,7719,
249,0.0009060008451342583,0.0,0.0,7729,
249,0.0009475189726799726,0.0,0.0,7739,
249,0.00034459156449884176,0.0,0.0,7749,
249,,,,7749,0.0009488312061876059
250,0.0009805341251194477,0.0,0.0,7759,
250,0.0008827463607303798,0.0,0.0,7769,
250,0.0007900492055341601,0.0,0.0,7779,
250,,,,7780,0.0009273168980143964
251,0.0009632522705942392,0.0,0.0,7789,
251,0.0009759384556673467,0.0,0.0,7799,
251,0.00092783645959571,0.0,0.0,7809,
251,,,,7811,0.0009229519637301564
252,0.0009232588345184922,0.0,0.0,7819,
252,0.0008745673694647849,0.0,0.0,7829,
252,0.0009749301243573427,0.0,0.0,7839,
252,,,,7842,0.0009350783075205982
253,0.0008952295174822211,0.0,0.0,7849,
253,0.0008898506639525294,0.0,0.0,7859,
253,0.001001790165901184,0.0,0.0,7869,
253,,,,7873,0.0009291731403209269
254,0.0008873030310496688,0.0,0.0,7879,
254,0.0009716272470541298,0.0,0.0,7889,
254,0.0009220551000908017,0.0,0.0,7899,
254,,,,7904,0.0009100736351683736
255,0.0009230822906829417,0.0,0.0,7909,
255,0.0009942884789779782,0.0,0.0,7919,
255,0.0009004475432448089,0.0,0.0,7929,
255,,,,7935,0.0009055176051333547
256,0.0009019901044666767,0.0,0.0,7939,
256,0.0008812794694676995,0.0,0.0,7949,
256,0.0009688917780295014,0.0,0.0,7959,
256,,,,7966,0.0009321451652795076
257,0.0016600454691797495,0.0,0.0,7969,
257,0.0009163705981336534,0.0,0.0,7979,
257,0.0008564306772314012,0.0,0.0,7989,
257,,,,7997,0.0009578055469319224
258,0.0010480216005817056,0.0,0.0,7999,
258,0.0009859806159511209,0.0,0.0,8009,
258,0.0008083459688350558,0.0,0.0,8019,
258,,,,8028,0.0009127847733907402
259,0.000968817388638854,0.0,0.0,8029,
259,0.0008560839924030006,0.0,0.0,8039,
259,0.0008886246359907091,0.0,0.0,8049,
259,0.0003289060259703547,0.0,0.0,8059,
259,,,,8059,0.000890138209797442
260,0.0008941658888943493,0.0,0.0,8069,
260,0.0008316632593050599,0.0,0.0,8079,
260,0.0007458837935701013,0.0,0.0,8089,
260,,,,8090,0.0008858389919623733
261,0.0008893988560885191,0.0,0.0,8099,
261,0.0009329550084657967,0.0,0.0,8109,
261,0.0008473560446873307,0.0,0.0,8119,
261,,,,8121,0.0008821258670650423
262,0.0008916641818359494,0.0,0.0,8129,
262,0.0008475242648273706,0.0,0.0,8139,
262,0.0008813284221105278,0.0,0.0,8149,
262,,,,8152,0.0008793587330728769
263,0.0008729703258723021,0.0,0.0,8159,
263,0.0008186530321836472,0.0,0.0,8169,
263,0.0009486057097092271,0.0,0.0,8179,
263,,,,8183,0.0008824872202239931
264,0.0008636220009066164,0.0,0.0,8189,
264,0.0009433599188923836,0.0,0.0,8199,
264,0.000868637696839869,0.0,0.0,8209,
264,,,,8214,0.0009137523593381047
265,0.0008966614841483533,0.0,0.0,8219,
265,0.0009633555309846997,0.0,0.0,8229,
265,0.0008574422099627554,0.0,0.0,8239,
265,,,,8245,0.0008737173629924655
266,0.000883145141415298,0.0,0.0,8249,
266,0.000834976090118289,0.0,0.0,8259,
266,0.0009234753088094294,0.0,0.0,8269,
266,,,,8276,0.0008624237379990518
267,0.0010400970932096243,0.0,0.0,8279,
267,0.0008546025492250919,0.0,0.0,8289,
267,0.0008103538420982659,0.0,0.0,8299,
267,,,,8307,0.00085749092977494
268,0.0008111193892545998,0.0,0.0,8309,
268,0.0009427604381926358,0.0,0.0,8319,
268,0.0007906932733021677,0.0,0.0,8329,
268,,,,8338,0.0008677769801579416
269,0.0009212557342834771,0.0,0.0,8339,
269,0.0008165946928784251,0.0,0.0,8349,
269,0.0008759185438975692,0.0,0.0,8359,
269,0.0003221966326236725,0.0,0.0,8369,
269,,,,8369,0.0008728679968044162
270,0.0008554930682294071,0.0,0.0,8379,
270,0.00083400949370116,0.0,0.0,8389,
270,0.0007132725440897048,0.0,0.0,8399,
270,,,,8400,0.0008458725060336292
271,0.0008566903416067362,0.0,0.0,8409,
271,0.0008909807074815035,0.0,0.0,8419,
271,0.0008326576207764447,0.0,0.0,8429,
271,,,,8431,0.0008424855768680573
272,0.0008700226317159832,0.0,0.0,8439,
272,0.0007950872532092035,0.0,0.0,8449,
272,0.0008404770051129162,0.0,0.0,8459,
272,,,,8462,0.0008438624790869653
273,0.0008207507198676467,0.0,0.0,8469,
273,0.0007690612110309303,0.0,0.0,8479,
273,0.0010109374998137355,0.0,0.0,8489,
273,,,,8493,0.0008900563116185367
274,0.0008888510637916625,0.0,0.0,8499,
274,0.0008794296300038695,0.0,0.0,8509,
274,0.0008684584172442555,0.0,0.0,8519,
274,,,,8524,0.0008341079810634255
275,0.0009651528671383858,0.0,0.0,8529,
275,0.0009423818555660546,0.0,0.0,8539,
275,0.0007984238327480853,0.0,0.0,8549,
275,,,,8555,0.0008307872340083122
276,0.0008413634495809674,0.0,0.0,8559,
276,0.0008024394628591835,0.0,0.0,8569,
276,0.0008801663061603904,0.0,0.0,8579,
276,,,,8586,0.0008218472939915955
277,0.0010236684465780854,0.0,0.0,8589,
277,0.0007975093321874738,0.0,0.0,8599,
277,0.000794010644312948,0.0,0.0,8609,
277,,,,8617,0.0008290347759611905
278,0.0008579794666729867,0.0,0.0,8619,
278,0.0008523082360625267,0.0,0.0,8629,
278,0.0007543724495917559,0.0,0.0,8639,
278,,,,8648,0.0008271675324067473
279,0.0008825446129776537,0.0,0.0,8649,
279,0.000765063741710037,0.0,0.0,8659,
279,0.0008167639607563615,0.0,0.0,8669,
279,0.0002976423711515963,0.0,0.0,8679,
279,,,,8679,0.0008181474404409528
280,0.00086169911082834,0.0,0.0,8689,
280,0.0007898088078945875,0.0,0.0,8699,
280,0.0006997628370299935,0.0,0.0,8709,
280,,,,8710,0.0008276437292806804
281,0.0008489026804454625,0.0,0.0,8719,
281,0.0008778831688687205,0.0,0.0,8729,
281,0.000815660459920764,0.0,0.0,8739,
281,,,,8741,0.0008369072456844151
282,0.0007988479919731617,0.0,0.0,8749,
282,0.0007576296338811517,0.0,0.0,8759,
282,0.0008266425575129688,0.0,0.0,8769,
282,,,,8772,0.0008195412810891867
283,0.000751940649934113,0.0,0.0,8779,
283,0.000723917328286916,0.0,0.0,8789,
283,0.000849369855131954,0.0,0.0,8799,
283,,,,8803,0.0008099293918348849
284,0.0007887141546234488,0.0,0.0,8809,
284,0.0008305944502353668,0.0,0.0,8819,
284,0.0007865438237786293,0.0,0.0,8829,
284,,,,8834,0.0008051905897445977
285,0.0008668816881254315,0.0,0.0,8839,
285,0.000890019116923213,0.0,0.0,8849,
285,0.0007634596549905837,0.0,0.0,8859,
285,,,,8865,0.0008035188657231629
286,0.0008971723727881908,0.0,0.0,8869,
286,0.0007929082494229078,0.0,0.0,8879,
286,0.0008414015173912048,0.0,0.0,8889,
286,,,,8896,0.0008046097937040031
287,0.001030522515065968,0.0,0.0,8899,
287,0.0007756132981739938,0.0,0.0,8909,
287,0.0007423802744597197,0.0,0.0,8919,
287,,,,8927,0.0008087627356871963
288,0.0008825456025078893,0.0,0.0,8929,
288,0.0008353147422894835,0.0,0.0,8939,
288,0.0007267568726092577,0.0,0.0,8949,
288,,,,8958,0.0008160682045854628
289,0.0008701591286808252,0.0,0.0,8959,
289,0.000745012890547514,0.0,0.0,8969,
289,0.0007909129490144551,0.0,0.0,8979,
289,0.00027877333923242986,0.0,0.0,8989,
289,,,,8989,0.0007971368031576276
290,0.0008074914803728461,0.0,0.0,8999,
290,0.0007489795098081231,0.0,0.0,9009,
290,0.000643628416582942,0.0,0.0,9019,
290,,,,9020,0.0007849872927181423
291,0.0007946021505631506,0.0,0.0,9029,
291,0.0008176291594281793,0.0,0.0,9039,
291,0.0007568104774691164,0.0,0.0,9049,
291,,,,9051,0.0007805702043697238
292,0.0007571976748295128,0.0,0.0,9059,
292,0.0007209056057035923,0.0,0.0,9069,
292,0.0007701105787418783,0.0,0.0,9079,
292,,,,9082,0.0007821213221177459
293,0.0007242358988150954,0.0,0.0,9089,
293,0.0007026870734989643,0.0,0.0,9099,
293,0.000802544760517776,0.0,0.0,9109,
293,,,,9113,0.0007858393946662545
294,0.0007543960236944258,0.0,0.0,9119,
294,0.0008185761398635805,0.0,0.0,9129,
294,0.0007606111466884613,0.0,0.0,9139,
294,,,,9144,0.0007903238292783499
295,0.0008181483717635274,0.0,0.0,9149,
295,0.0008778001647442579,0.0,0.0,9159,
295,0.0007369862869381905,0.0,0.0,9169,
295,,,,9175,0.000793956802226603
296,0.0008720338228158653,0.0,0.0,9179,
296,0.0007794185657985508,0.0,0.0,9189,
296,0.0007989938021637499,0.0,0.0,9199,
296,,,,9206,0.0007733238744549453
297,0.0009433657978661358,0.0,0.0,9209,
297,0.0007426353404298425,0.0,0.0,9219,
297,0.0007052465225569904,0.0,0.0,9229,
297,,,,9237,0.0007637840462848544
298,0.0007721031433902681,0.0,0.0,9239,
298,0.0007806370267644525,0.0,0.0,9249,
298,0.0006971635157242417,0.0,0.0,9259,
298,,,,9268,0.0007603446720167994
299,0.0008117315010167658,0.0,0.0,9269,
299,0.0007141845999285579,0.0,0.0,9279,
299,0.0007579818484373391,0.0,0.0,9289,
299,0.00026964888093061745,0.0,0.0,9299,
299,,,,9299,0.0007623104029335082
300,0.0007880356861278415,0.0,0.0,9309,
300,0.0007319458527490497,0.0,0.0,9319,
300,0.0006357443053275347,0.0,0.0,9329,
300,,,,9330,0.0007663993746973574
301,0.0007726448820903897,0.0,0.0,9339,
301,0.0007989053847268224,0.0,0.0,9349,
301,0.0007493032026104629,0.0,0.0,9359,
301,,,,9361,0.0007746376213617623
302,0.0007453843136318028,0.0,0.0,9369,
302,0.0006984251085668802,0.0,0.0,9379,
302,0.0007759147556498647,0.0,0.0,9389,
302,,,,9392,0.0007683450821787119
303,0.0006889132782816887,0.0,0.0,9399,
303,0.0006654052413068712,0.0,0.0,9409,
303,0.0007841456681489944,0.0,0.0,9419,
303,,,,9423,0.0007500467472709715
304,0.0007088863058015704,0.0,0.0,9429,
304,0.0007622545235790312,0.0,0.0,9439,
304,0.0007256730459630489,0.0,0.0,9449,
304,,,,9454,0.0007423747447319329
305,0.000801106623839587,0.0,0.0,9459,
305,0.0008189008804038167,0.0,0.0,9469,
305,0.000701985671184957,0.0,0.0,9479,
305,,,,9485,0.0007414143183268607
306,0.0008453092304989696,0.0,0.0,9489,
306,0.000727251113858074,0.0,0.0,9499,
306,0.000775915221311152,0.0,0.0,9509,
306,,,,9516,0.000745049153920263
307,0.0009746207506395876,0.0,0.0,9519,
307,0.0007190599571913481,0.0,0.0,9529,
307,0.0006737911025993526,0.0,0.0,9539,
307,,,,9547,0.0007496618200093508
308,0.0008173868409357965,0.0,0.0,9549,
308,0.0007711906218901277,0.0,0.0,9559,
308,0.0006682497332803905,0.0,0.0,9569,
308,,,,9578,0.0007590221939608455
309,0.0008094348595477641,0.0,0.0,9579,
309,0.0006899588042870164,0.0,0.0,9589,
309,0.0007306678453460336,0.0,0.0,9599,
309,0.0002573969541117549,0.0,0.0,9609,
309,,,,9609,0.0007402065675705671
310,0.0007506426190957427,0.0,0.0,9619,
310,0.0006989695248194039,0.0,0.0,9629,
310,0.0005870236782357097,0.0,0.0,9639,
310,,,,9640,0.0007290158537216485
311,0.000733839173335582,0.0,0.0,9649,
311,0.000759443617425859,0.0,0.0,9659,
311,0.0006998971221037209,0.0,0.0,9669,
311,,,,9671,0.0007235392113216221
312,0.0007014055154286325,0.0,0.0,9679,
312,0.0006638920749537647,0.0,0.0,9689,
312,0.0007121461094357073,0.0,0.0,9699,
312,,,,9702,0.0007247694884426892
313,0.0006674049654975533,0.0,0.0,9709,
313,0.0006494606495834887,0.0,0.0,9719,
313,0.0007414232240989804,0.0,0.0,9729,
313,,,,9733,0.0007288793567568064
314,0.000693021749611944,0.0,0.0,9739,
314,0.0007599712698720396,0.0,0.0,9749,
314,0.0007059374474920332,0.0,0.0,9759,
314,,,,9764,0.0007368226652033627
315,0.0007433583377860487,0.0,0.0,9769,
315,0.0008202093304134905,0.0,0.0,9779,
315,0.0006720541859976947,0.0,0.0,9789,
315,,,,9795,0.0007315609836950898
316,0.0007921530050225556,0.0,0.0,9799,
316,0.0007199937244877219,0.0,0.0,9809,
316,0.000736039481125772,0.0,0.0,9819,
316,,,,9826,0.0007138494402170181
317,0.0008599139982834458,0.0,0.0,9829,
317,0.0006818650290369987,0.0,0.0,9839,
317,0.0006469608633778989,0.0,0.0,9849,
317,,,,9857,0.0007076906622387469
318,0.0007231198251247406,0.0,0.0,9859,
318,0.0007130106096155941,0.0,0.0,9869,
318,0.0006445095641538501,0.0,0.0,9879,
318,,,,9888,0.0007081516669131815
319,0.0007555449847131968,0.0,0.0,9889,
319,0.0006565336370840669,0.0,0.0,9899,
319,0.0007137740612961352,0.0,0.0,9909,
319,0.0002483059943187982,0.0,0.0,9919,
319,,,,9919,0.00071109359851107
320,0.0007165278657339513,0.0,0.0,9929,
320,0.0006882517482154071,0.0,0.0,9939,
320,0.0005910995532758534,0.0,0.0,9949,
320,,,,9950,0.0007164812413975596
321,0.0007104572141543031,0.0,0.0,9959,
321,0.0007587711443193257,0.0,0.0,9969,
321,0.0006952379480935633,0.0,0.0,9979,
321,,,,9981,0.0007169977179728448
322,0.000686675077304244,0.0,0.0,9989,
322,0.0006463045720010996,0.0,0.0,9999,
322,0.0007021496421657503,0.0,0.0,10009,
322,,,,10012,0.0006989423418417573
323,0.0006333800847642124,0.0,0.0,10019,
323,0.0006093650590628386,0.0,0.0,10029,
323,0.0007158411899581552,0.0,0.0,10039,
323,,,,10043,0.0006921031163074076
324,0.0006615555030293763,0.0,0.0,10049,
324,0.0007067295373417437,0.0,0.0,10059,
324,0.0006693678442388773,0.0,0.0,10069,
324,,,,10074,0.0006917528808116913
325,0.0007319051073864102,0.0,0.0,10079,
325,0.0007738336571492255,0.0,0.0,10089,
325,0.0006515906425192952,0.0,0.0,10099,
325,,,,10105,0.000694345508236438
326,0.0007513422751799226,0.0,0.0,10109,
326,0.0006809148471802473,0.0,0.0,10119,
326,0.0007241709972731769,0.0,0.0,10129,
326,,,,10136,0.0007003616192378104
327,0.0009058231371454895,0.0,0.0,10139,
327,0.000654474482871592,0.0,0.0,10149,
327,0.0006405354361049831,0.0,0.0,10159,
327,,,,10167,0.000699218362569809
328,0.0007309757638722658,0.0,0.0,10169,
328,0.0006832667859271169,0.0,0.0,10179,
328,0.0006207795231603086,0.0,0.0,10189,
328,,,,10198,0.0006820572889409959
329,0.000727606937289238,0.0,0.0,10199,
329,0.0006116373697295785,0.0,0.0,10209,
329,0.0006760898395441473,0.0,0.0,10219,
329,0.00022961435024626553,0.0,0.0,10229,
329,,,,10229,0.0006760752876289189
330,0.0006875532562844455,0.0,0.0,10239,
330,0.0006409112829715014,0.0,0.0,10249,
330,0.0005553931114263833,0.0,0.0,10259,
330,,,,10260,0.0006762855337001383
331,0.0006908979848958552,0.0,0.0,10269,
331,0.0007075243629515171,0.0,0.0,10279,
331,0.0006554402061738074,0.0,0.0,10289,
331,,,,10291,0.0006787081365473568
332,0.0006734004709869623,0.0,0.0,10299,
332,0.0006164729711599648,0.0,0.0,10309,
332,0.0006736365612596273,0.0,0.0,10319,
332,,,,10322,0.0006857666885480285
333,0.0006442182930186391,0.0,0.0,10329,
333,0.0005884119309484959,0.0,0.0,10339,
333,0.0007054600864648819,0.0,0.0,10349,
333,,,,10353,0.0006799889961257577
334,0.000645595311652869,0.0,0.0,10359,
334,0.0006757994997315109,0.0,0.0,10369,
334,0.0006580622866749763,0.0,0.0,10379,
334,,,,10384,0.0006647781119681895
335,0.0006653916207142174,0.0,0.0,10389,
335,0.0007344758487306535,0.0,0.0,10399,
335,0.0006142623606137931,0.0,0.0,10409,
335,,,,10415,0.0006599911721423268
336,0.0007125880802050233,0.0,0.0,10419,
336,0.0006462802994064987,0.0,0.0,10429,
336,0.0006852319347672164,0.0,0.0,10439,
336,,,,10446,0.0006611078279092908
337,0.0008525127195753157,0.0,0.0,10449,
337,0.0006315460195764899,0.0,0.0,10459,
337,0.0005923626595176756,0.0,0.0,10469,
337,,,,10477,0.0006635290919803083
338,0.0007121010567061603,0.0,0.0,10479,
338,0.0006720495875924826,0.0,0.0,10489,
338,0.0005938074318692088,0.0,0.0,10499,
338,,,,10508,0.0006711367168463767
339,0.0007156644714996219,0.0,0.0,10509,
339,0.0006095654098317027,0.0,0.0,10519,
339,0.0006546987569890916,0.0,0.0,10529,
339,0.00022130318393465132,0.0,0.0,10539,
339,,,,10539,0.0006612324505113065
340,0.0006647380068898201,0.0,0.0,10549,
340,0.0006216701003722847,0.0,0.0,10559,
340,0.0005164264584891498,0.0,0.0,10569,
340,,,,10570,0.0006480707670561969
341,0.0006519717862829566,0.0,0.0,10579,
341,0.0006778927054256201,0.0,0.0,10589,
341,0.0006256219348870218,0.0,0.0,10599,
341,,,,10601,0.0006443141028285027
342,0.0006298833177424967,0.0,0.0,10609,
342,0.0005868386942893267,0.0,0.0,10619,
342,0.0006391683127731085,0.0,0.0,10629,
342,,,,10632,0.0006459409487433732
343,0.0005927656311541796,0.0,0.0,10639,
343,0.0005734467413276434,0.0,0.0,10649,
343,0.0006597990868613124,0.0,0.0,10659,
343,,,,10663,0.0006483561592176557
344,0.000612424046266824,0.0,0.0,10669,
344,0.0006664569955319166,0.0,0.0,10679,
344,0.0006247689598239958,0.0,0.0,10689,
344,,,,10694,0.0006557577871717513
345,0.0006589822005480528,0.0,0.0,10699,
345,0.0007255719392560422,0.0,0.0,10709,
345,0.0005887583829462528,0.0,0.0,10719,
345,,,,10725,0.0006432381924241781
346,0.0006757921073585749,0.0,0.0,10729,
346,0.0006348639144562185,0.0,0.0,10739,
346,0.0006541473558172584,0.0,0.0,10749,
346,,,,10756,0.0006320749525912106
347,0.0007490161806344986,0.0,0.0,10759,
347,0.0006017329869791865,0.0,0.0,10769,
347,0.0005671372055076063,0.0,0.0,10779,
347,,,,10787,0.0006291468744166195
348,0.0006472074310295284,0.0,0.0,10789,
348,0.0006225559627637267,0.0,0.0,10799,
348,0.0005704956129193306,0.0,0.0,10809,
348,,,,10818,0.0006306482246145606
349,0.0006726430146954954,0.0,0.0,10819,
349,0.0005732663557864726,0.0,0.0,10829,
349,0.0006410838686861098,0.0,0.0,10839,
349,0.00021089903020765632,0.0,0.0,10849,
349,,,,10849,0.0006330388132482767
350,0.0006310135941021144,0.0,0.0,10859,
350,0.0006171913701109588,0.0,0.0,10869,
350,0.0005146361072547734,0.0,0.0,10879,
350,,,,10880,0.0006398052792064846
351,0.000640441314317286,0.0,0.0,10889,
351,0.0006689631845802069,0.0,0.0,10899,
351,0.0006045550690032542,0.0,0.0,10909,
351,,,,10911,0.0006261600065045059
352,0.0006173303117975593,0.0,0.0,10919,
352,0.0005681714392267168,0.0,0.0,10929,
352,0.0006192703731358051,0.0,0.0,10939,
352,,,,10942,0.0006165295490063727
353,0.0005591459921561182,0.0,0.0,10949,
353,0.0005357314366847277,0.0,0.0,10959,
353,0.0006314041675068438,0.0,0.0,10969,
353,,,,10973,0.0006141628255136311
354,0.0005828622379340231,0.0,0.0,10979,
354,0.0006215683533810079,0.0,0.0,10989,
354,0.0005990889039821923,0.0,0.0,10999,
354,,,,11004,0.0006151730194687843
355,0.0006223541568033397,0.0,0.0,11009,
355,0.0006863933522254229,0.0,0.0,11019,
355,0.0005754992598667741,0.0,0.0,11029,
355,,,,11035,0.0006174150621518493
356,0.0006446090410463512,0.0,0.0,11039,
356,0.0005955509259365499,0.0,0.0,11049,
356,0.0006447135237976909,0.0,0.0,11059,
356,,,,11066,0.0006239911308512092
357,0.0007796192658133805,0.0,0.0,11069,
357,0.0005785459652543068,0.0,0.0,11079,
357,0.0005512603092938662,0.0,0.0,11089,
357,,,,11097,0.0006104142521508038
358,0.0006140694604255259,0.0,0.0,11099,
358,0.0005963158910162747,0.0,0.0,11109,
358,0.0005423416150733829,0.0,0.0,11119,
358,,,,11128,0.0006013820529915392
359,0.0006410785135813057,0.0,0.0,11129,
359,0.0005339522031135857,0.0,0.0,11139,
359,0.000601493171416223,0.0,0.0,11149,
359,0.00019519912893883884,0.0,0.0,11159,
359,,,,11159,0.0005991284269839525
360,0.0006082665640860796,0.0,0.0,11169,
360,0.0005690540419891477,0.0,0.0,11179,
360,0.0004911231808364391,0.0,0.0,11189,
360,,,,11190,0.0005997606203891337
361,0.0006077989819459617,0.0,0.0,11199,
361,0.000626901222858578,0.0,0.0,11209,
361,0.0005798489437438548,0.0,0.0,11219,
361,,,,11221,0.0006017839768901467
362,0.000598390877712518,0.0,0.0,11229,
362,0.0005401410744525492,0.0,0.0,11239,
362,0.0006052714888937771,0.0,0.0,11249,
362,,,,11252,0.000608698173891753
363,0.0005562601145356894,0.0,0.0,11259,
363,0.0005127494223415852,0.0,0.0,11269,
363,0.0006210911669768393,0.0,0.0,11279,
363,,,,11283,0.0005958244437351823
364,0.0005533918738365173,0.0,0.0,11289,
364,0.0005858131917193532,0.0,0.0,11299,
364,0.0005834689945913851,0.0,0.0,11309,
364,,,,11314,0.0005867158761247993
365,0.0005803588428534567,0.0,0.0,11319,
365,0.0006485835765488446,0.0,0.0,11329,
365,0.0005355818429961801,0.0,0.0,11339,
365,,,,11345,0.0005842183600179851
366,0.0006285544950515032,0.0,0.0,11349,
366,0.0005675632855854928,0.0,0.0,11359,
366,0.000604050001129508,0.0,0.0,11369,
366,,,,11376,0.000584633438847959
367,0.0007473517907783389,0.0,0.0,11379,
367,0.0005568654742091894,0.0,0.0,11389,
367,0.0005176736158318818,0.0,0.0,11399,
367,,,,11407,0.0005868711741641164
368,0.0006251840386539698,0.0,0.0,11409,
368,0.0005843807593919337,0.0,0.0,11419,
368,0.0005207672948017716,0.0,0.0,11429,
368,,,,11438,0.0005932134226895869
369,0.00063177669653669,0.0,0.0,11439,
369,0.0005228730151429772,0.0,0.0,11449,
369,0.0005795176257379353,0.0,0.0,11459,
369,0.00018479728896636516,0.0,0.0,11469,
369,,,,11469,0.0005796480108983815
370,0.0005773507873527706,0.0,0.0,11479,
370,0.0005444425623863935,0.0,0.0,11489,
370,0.00045536906691268086,0.0,0.0,11499,
370,,,,11500,0.0005714691942557693
371,0.0005754148587584496,0.0,0.0,11509,
371,0.0005993283702991903,0.0,0.0,11519,
371,0.0005543650477193296,0.0,0.0,11529,
371,,,,11531,0.0005694770952686667
372,0.0005583075690083206,0.0,0.0,11539,
372,0.0005156028200872242,0.0,0.0,11549,
372,0.0005614941474050283,0.0,0.0,11559,
372,,,,11562,0.0005702158086933196
373,0.0005257132579572499,0.0,0.0,11569,
373,0.0005019092350266874,0.0,0.0,11579,
373,0.0005781635409221053,0.0,0.0,11589,
373,,,,11593,0.0005733452853746712
374,0.0005460427491925657,0.0,0.0,11599,
374,0.0005763557855971158,0.0,0.0,11609,
374,0.0005548878107219934,0.0,0.0,11619,
374,,,,11624,0.0005753987934440374
375,0.0005751097341999412,0.0,0.0,11629,
375,0.0006313396152108908,0.0,0.0,11639,
375,0.000516087282449007,0.0,0.0,11649,
375,,,,11655,0.0005616281996481121
376,0.0005625279736705124,0.0,0.0,11659,
376,0.0005482126143760979,0.0,0.0,11669,
376,0.0005764072411693633,0.0,0.0,11679,
376,,,,11686,0.000556300044991076
377,0.0006763855344615877,0.0,0.0,11689,
377,0.0005241930484771729,0.0,0.0,11699,
377,0.0004948129062540829,0.0,0.0,11709,
377,,,,11717,0.0005557184340432286
378,0.0005729560507461429,0.0,0.0,11719,
378,0.0005439356318674982,0.0,0.0,11729,
378,0.000499369518365711,0.0,0.0,11739,
378,,,,11748,0.0005571087822318077
379,0.0005928219179622829,0.0,0.0,11749,
379,0.0004973825416527689,0.0,0.0,11759,
379,0.0005700654000975192,0.0,0.0,11769,
379,0.00017473945626989007,0.0,0.0,11779,
379,,,,11779,0.000561565684620291
380,0.0005683450726792216,0.0,0.0,11789,
380,0.000537360378075391,0.0,0.0,11799,
380,0.00043878681026399136,0.0,0.0,11809,
380,,,,11810,0.0005552765796892345
381,0.0005629280349239707,0.0,0.0,11819,
381,0.0005848105065524578,0.0,0.0,11829,
381,0.0005255563301034272,0.0,0.0,11839,
381,,,,11841,0.0005448620649985969
382,0.0005367034464143217,0.0,0.0,11849,
382,0.0004957284545525908,0.0,0.0,11859,
382,0.0005419196095317602,0.0,0.0,11869,
382,,,,11872,0.00054220698075369
383,0.0004903618828393519,0.0,0.0,11879,
383,0.00046980625484138727,0.0,0.0,11889,
383,0.0005518393591046333,0.0,0.0,11899,
383,,,,11903,0.0005428342265076935
384,0.0005132784717716277,0.0,0.0,11909,
384,0.0005427987198345363,0.0,0.0,11919,
384,0.000536304316483438,0.0,0.0,11929,
384,,,,11934,0.0005454386700876057
385,0.0005297897732816637,0.0,0.0,11939,
385,0.0006098602316342294,0.0,0.0,11949,
385,0.000497404660563916,0.0,0.0,11959,
385,,,,11965,0.0005482200067490339
386,0.0005507984315045178,0.0,0.0,11969,
386,0.0005347137921489775,0.0,0.0,11979,
386,0.000556720420718193,0.0,0.0,11989,
386,,,,11996,0.0005364995449781418
387,0.0006353859207592905,0.0,0.0,11999,
387,0.0005082524148747325,0.0,0.0,12009,
387,0.00047131592873483896,0.0,0.0,12019,
387,,,,12027,0.0005304620135575533
388,0.0005212967516854405,0.0,0.0,12029,
388,0.0005150215001776814,0.0,0.0,12039,
388,0.0004744280013255775,0.0,0.0,12049,
388,,,,12058,0.0005297260358929634
389,0.0005632425309158862,0.0,0.0,12059,
389,0.00046960520558059216,0.0,0.0,12069,
389,0.0005389379803091288,0.0,0.0,12079,
389,0.00016733372467570007,0.0,0.0,12089,
389,,,,12089,0.0005314744776114821
390,0.0005342951626516879,0.0,0.0,12099,
390,0.0005163433379493654,0.0,0.0,12109,
390,0.00043290475150570273,0.0,0.0,12119,
390,,,,12120,0.0005350672290660441
391,0.0005325166857801378,0.0,0.0,12129,
391,0.0005744110094383359,0.0,0.0,12139,
391,0.0005191484233364463,0.0,0.0,12149,
391,,,,12151,0.0005316058523021638
392,0.0005161488661542535,0.0,0.0,12159,
392,0.0004792915133293718,0.0,0.0,12169,
392,0.0005236509023234248,0.0,0.0,12179,
392,,,,12182,0.0005208548973314464
393,0.0004686811298597604,0.0,0.0,12189,
393,0.00044868417899124324,0.0,0.0,12199,
393,0.000533108483068645,0.0,0.0,12209,
393,,,,12213,0.0005174815887585282
394,0.0004904018715023994,0.0,0.0,12219,
394,0.0005072673666290939,0.0,0.0,12229,
394,0.0005092635401524603,0.0,0.0,12239,
394,,,,12244,0.0005177612765692174
395,0.0005264406208880246,0.0,0.0,12249,
395,0.0005745150265283883,0.0,0.0,12259,
395,0.0004719530697911978,0.0,0.0,12269,
395,,,,12275,0.0005201339372433722
396,0.0005393772735260427,0.0,0.0,12279,
396,0.0005050697945989668,0.0,0.0,12289,
396,0.0005420491215772927,0.0,0.0,12299,
396,,,,12306,0.0005236216238699853
397,0.0006445350009016693,0.0,0.0,12309,
397,0.0004855738370679319,0.0,0.0,12319,
397,0.000457924761576578,0.0,0.0,12329,
397,,,,12337,0.0005159156280569732
398,0.0005009911837987602,0.0,0.0,12339,
398,0.0004932846059091389,0.0,0.0,12349,
398,0.00045158524881117046,0.0,0.0,12359,
398,,,,12368,0.0005069213220849633
399,0.0005385969416238368,0.0,0.0,12369,
399,0.0004390838148538023,0.0,0.0,12379,
399,0.0005094860098324716,0.0,0.0,12389,
399,0.00015886624169070274,0.0,0.0,12399,
399,,,,12399,0.0005039455136284232
400,0.0005106067401356995,0.0,0.0,12409,
400,0.0004741400480270386,0.0,0.0,12419,
400,0.000411097367759794,0.0,0.0,12429,
400,,,,12430,0.000504090276081115
401,0.0005064822034910321,0.0,0.0,12439,
401,0.0005335815367288888,0.0,0.0,12449,
401,0.0004923222586512566,0.0,0.0,12459,
401,,,,12461,0.0005053473869338632
402,0.0004963111714459956,0.0,0.0,12469,
402,0.0004521955270320177,0.0,0.0,12479,
402,0.0005039731622673571,0.0,0.0,12489,
402,,,,12492,0.000507912365719676
403,0.0004649301990866661,0.0,0.0,12499,
403,0.0004286282928660512,0.0,0.0,12509,
403,0.0005200537852942944,0.0,0.0,12519,
403,,,,12523,0.0005021952674724162
404,0.00047024060040712357,0.0,0.0,12529,
404,0.0004817668523173779,0.0,0.0,12539,
404,0.0005004018894396722,0.0,0.0,12549,
404,,,,12554,0.000492873543407768
405,0.0004852812271565199,0.0,0.0,12559,
405,0.0005430463352240622,0.0,0.0,12569,
405,0.0004459410847630352,0.0,0.0,12579,
405,,,,12585,0.0004892597789876163
406,0.0005117824766784906,0.0,0.0,12589,
406,0.00046953585115261376,0.0,0.0,12599,
406,0.000507331860717386,0.0,0.0,12609,
406,,,,12616,0.0004885847447440028
407,0.0006186796235851943,0.0,0.0,12619,
407,0.00045429871533997357,0.0,0.0,12629,
407,0.00043194793397560716,0.0,0.0,12639,
407,,,,12647,0.0004890748532488942
408,0.0005028562154620886,0.0,0.0,12649,
408,0.00047269288916140795,0.0,0.0,12659,
408,0.0004339504521340132,0.0,0.0,12669,
408,,,,12678,0.0004912417498417199
409,0.000521514390129596,0.0,0.0,12679,
409,0.00043511760304681957,0.0,0.0,12689,
409,0.0004956211778335273,0.0,0.0,12699,
409,0.00015008515038061887,0.0,0.0,12709,
409,,,,12709,0.0004914222517982125
410,0.0005001366953365505,0.0,0.0,12719,
410,0.00046157793258316815,0.0,0.0,12729,
410,0.00038152444176375866,0.0,0.0,12739,
410,,,,12740,0.00048113931552506983
411,0.00048287573736160994,0.0,0.0,12749,
411,0.0005100036505609751,0.0,0.0,12759,
411,0.00046180482604540884,0.0,0.0,12769,
411,,,,12771,0.0004756873822771013
412,0.00046652654418721795,0.0,0.0,12779,
412,0.00042833268526010215,0.0,0.0,12789,
412,0.00047073172754608095,0.0,0.0,12799,
412,,,,12802,0.00047396321315318346
413,0.00042887075687758625,0.0,0.0,12809,
413,0.00041086290730163455,0.0,0.0,12819,
413,0.00047876083408482373,0.0,0.0,12829,
413,,,,12833,0.00047439627815037966
414,0.00045060968841426075,0.0,0.0,12839,
414,0.00046456168638542295,0.0,0.0,12849,
414,0.00047078554052859545,0.0,0.0,12859,
414,,,,12864,0.00047601404367014766
415,0.00047332237591035664,0.0,0.0,12869,
415,0.0005282912752591074,0.0,0.0,12879,
415,0.00042987067718058825,0.0,0.0,12889,
415,,,,12895,0.0004796786233782768
416,0.0004963490646332502,0.0,0.0,12899,
416,0.0004623094864655286,0.0,0.0,12909,
416,0.000490198377519846,0.0,0.0,12919,
416,,,,12926,0.00047090137377381325
417,0.0005598962306976318,0.0,0.0,12929,
417,0.0004445592931006104,0.0,0.0,12939,
417,0.00041014194721356034,0.0,0.0,12949,
417,,,,12957,0.00046324104187078774
418,0.00044211128260940313,0.0,0.0,12959,
418,0.00044545563287101686,0.0,0.0,12969,
418,0.00041179059189744294,0.0,0.0,12979,
418,,,,12988,0.00046080994070507586
419,0.0004892333527095616,0.0,0.0,12989,
419,0.00040473302942700684,0.0,0.0,12999,
419,0.0004654188232962042,0.0,0.0,13009,
419,0.00014498054224532098,0.0,0.0,13019,
419,,,,13019,0.0004608351446222514
420,0.0004720030992757529,0.0,0.0,13029,
420,0.00043498241575434804,0.0,0.0,13039,
420,0.00037906039506196976,0.0,0.0,13049,
420,,,,13050,0.0004613758355844766
421,0.00046045437920838594,0.0,0.0,13059,
421,0.00048380886437371373,0.0,0.0,13069,
421,0.00044761525350622833,0.0,0.0,13079,
421,,,,13081,0.0004643367719836533
422,0.0004524544929154217,0.0,0.0,13089,
422,0.00041029785643331707,0.0,0.0,13099,
422,0.00046489451779052615,0.0,0.0,13109,
422,,,,13112,0.00046502926852554083
423,0.0004183239070698619,0.0,0.0,13119,
423,0.0003929694357793778,0.0,0.0,13129,
423,0.0004704633029177785,0.0,0.0,13139,
423,,,,13143,0.0004536123888101429
424,0.00041826104279607534,0.0,0.0,13149,
424,0.00043156862375326455,0.0,0.0,13159,
424,0.00045673016575165093,0.0,0.0,13169,
424,,,,13174,0.0004482245130930096
425,0.0004473349545150995,0.0,0.0,13179,
425,0.0004905256791971624,0.0,0.0,13189,
425,0.000401294237235561,0.0,0.0,13199,
425,,,,13205,0.0004464535741135478
426,0.0004866201488766819,0.0,0.0,13209,
426,0.00041942071402445436,0.0,0.0,13219,
426,0.0004654084041249007,0.0,0.0,13229,
426,,,,13236,0.0004471479041967541
427,0.0005785885732620955,0.0,0.0,13239,
427,0.0004125962150283158,0.0,0.0,13249,
427,0.0003932481922674924,0.0,0.0,13259,
427,,,,13267,0.00044908287236467004
428,0.0004691136709880084,0.0,0.0,13269,
428,0.0004331711388658732,0.0,0.0,13279,
428,0.0003946187498513609,0.0,0.0,13289,
428,,,,13298,0.00045397033682093024
429,0.0004812290717381984,0.0,0.0,13299,
429,0.00039346027188003063,0.0,0.0,13309,
429,0.00044998477096669376,0.0,0.0,13319,
429,0.00013739403220824897,0.0,0.0,13329,
429,,,,13329,0.00044628899195231497
430,0.000443427765276283,0.0,0.0,13339,
430,0.0004171493055764586,0.0,0.0,13349,
430,0.00035050814040005207,0.0,0.0,13359,
430,,,,13360,0.0004377558652777225
431,0.00043770414777100086,0.0,0.0,13369,
431,0.00046010842197574675,0.0,0.0,13379,
431,0.0004230707709211856,0.0,0.0,13389,
431,,,,13391,0.0004352301766630262
432,0.00042041190317831933,0.0,0.0,13399,
432,0.00038654886884614825,0.0,0.0,13409,
432,0.0004231008642818779,0.0,0.0,13419,
432,,,,13422,0.00043522004853002727
433,0.0003977351007051766,0.0,0.0,13429,
433,0.00037694655475206673,0.0,0.0,13439,
433,0.00043229691800661385,0.0,0.0,13449,
433,,,,13453,0.0004357663565315306
434,0.0004128403670620173,0.0,0.0,13459,
434,0.0004241425485815853,0.0,0.0,13469,
434,0.00043441116577014327,0.0,0.0,13479,
434,,,,13484,0.00043795202509500086
435,0.000438789400504902,0.0,0.0,13489,
435,0.0004819116147700697,0.0,0.0,13499,
435,0.00039091435610316694,0.0,0.0,13509,
435,,,,13515,0.0004417090385686606
436,0.0004477029724512249,0.0,0.0,13519,
436,0.00042447648593224585,0.0,0.0,13529,
436,0.0004507609992288053,0.0,0.0,13539,
436,,,,13546,0.00043327221646904945
437,0.0005046618171036243,0.0,0.0,13549,
437,0.0004049797134939581,0.0,0.0,13559,
437,0.00037392135709524155,0.0,0.0,13569,
437,,,,13577,0.00042584873153828084
438,0.0003999475738964975,0.0,0.0,13579,
438,0.0004099664220120758,0.0,0.0,13589,
438,0.0003753283235710114,0.0,0.0,13599,
438,,,,13608,0.000422691780840978
439,0.0004479670606087893,0.0,0.0,13609,
439,0.00036705200909636915,0.0,0.0,13619,
439,0.00042706591193564236,0.0,0.0,13629,
439,0.00013256251986604184,0.0,0.0,13639,
439,,,,13639,0.00042175882845185697
440,0.00043288295273669064,0.0,0.0,13649,
440,0.00039537891279906034,0.0,0.0,13659,
440,0.00034715855144895613,0.0,0.0,13669,
440,,,,13670,0.0004215124936308712
441,0.0004200412076897919,0.0,0.0,13679,
441,0.00043814085074700415,0.0,0.0,13689,
441,0.00040649858419783413,0.0,0.0,13699,
441,,,,13701,0.0004232306673657149
442,0.00041383557254448533,0.0,0.0,13709,
442,0.00037073195562697947,0.0,0.0,13719,
442,0.00041660794522613287,0.0,0.0,13729,
442,,,,13732,0.00042712927097454667
443,0.0003882207383867353,0.0,0.0,13739,
443,0.0003611898864619434,0.0,0.0,13749,
443,0.0004308842762839049,0.0,0.0,13759,
443,,,,13763,0.00041839518235065043
444,0.0003859123680740595,0.0,0.0,13769,
444,0.00039209937676787376,0.0,0.0,13779,
444,0.00042505390592850745,0.0,0.0,13789,
444,,,,13794,0.0004100609803572297
445,0.0003983729693572968,0.0,0.0,13799,
445,0.00044932079617865384,0.0,0.0,13809,
445,0.00036859020474366844,0.0,0.0,13819,
445,,,,13825,0.000407045881729573
446,0.0004291158402338624,0.0,0.0,13829,
446,0.00038238277193158865,0.0,0.0,13839,
446,0.0004253578663337976,0.0,0.0,13849,
446,,,,13856,0.00040675271884538233
447,0.0005192483076825738,0.0,0.0,13859,
447,0.00037544179940596223,0.0,0.0,13869,
447,0.00035974953789263964,0.0,0.0,13879,
447,,,,13887,0.0004079136997461319
448,0.00041965278796851635,0.0,0.0,13889,
448,0.00039540199213661253,0.0,0.0,13899,
448,0.00036189937964081764,0.0,0.0,13909,
448,,,,13918,0.00041188637260347605
449,0.00043528509559109807,0.0,0.0,13919,
449,0.0003586355014704168,0.0,0.0,13929,
449,0.0004188505408819765,0.0,0.0,13939,
449,0.00012535850692074746,0.0,0.0,13949,
449,,,,13949,0.0004123114631511271
450,0.0004159171658102423,0.0,0.0,13959,
450,0.0003848895139526576,0.0,0.0,13969,
450,0.00032045948319137096,0.0,0.0,13979,
450,,,,13980,0.00040226304554380476
451,0.00040053637349046767,0.0,0.0,13989,
451,0.00042536831460893154,0.0,0.0,13999,
451,0.00038624380249530077,0.0,0.0,14009,
451,,,,14011,0.0003980684850830585
452,0.00038758604205213487,0.0,0.0,14019,
452,0.0003550182154867798,0.0,0.0,14029,
452,0.00038579621468670666,0.0,0.0,14039,
452,,,,14042,0.0003970681573264301
453,0.00035943722468800843,0.0,0.0,14049,
453,0.00034697933006100357,0.0,0.0,14059,
453,0.00039455501246266067,0.0,0.0,14069,
453,,,,14073,0.0003980550973210484
454,0.00038222805596888065,0.0,0.0,14079,
454,0.00038082702667452395,0.0,0.0,14089,
454,0.00039725517854094505,0.0,0.0,14099,
454,,,,14104,0.0003998159954790026
455,0.0004038481565658003,0.0,0.0,14109,
455,0.0004393477865960449,0.0,0.0,14119,
455,0.00035742836189456284,0.0,0.0,14129,
455,,,,14135,0.00040363718289881945
456,0.00041412594146095216,0.0,0.0,14139,
456,0.00038129964377731085,0.0,0.0,14149,
456,0.00041168867028318346,0.0,0.0,14159,
456,,,,14166,0.0004008240648545325
457,0.0004694066010415554,0.0,0.0,14169,
457,0.0003758323146030307,0.0,0.0,14179,
457,0.0003422037698328495,0.0,0.0,14189,
457,,,,14197,0.00039274926530197263
458,0.0003689070581458509,0.0,0.0,14199,
458,0.00037169369170442224,0.0,0.0,14209,
458,0.0003389098565094173,0.0,0.0,14219,
458,,,,14228,0.000388643384212628
459,0.0004101799277123064,0.0,0.0,14229,
459,0.0003343053685966879,0.0,0.0,14239,
459,0.0003913378750439733,0.0,0.0,14249,
459,0.00012105918722227216,0.0,0.0,14259,
459,,,,14259,0.000386534899007529
460,0.00039285761886276305,0.0,0.0,14269,
460,0.0003564199432730675,0.0,0.0,14279,
460,0.0003197791811544448,0.0,0.0,14289,
460,,,,14290,0.00038587162271142006
461,0.0003893895773217082,0.0,0.0,14299,
461,0.0003988562384620309,0.0,0.0,14309,
461,0.00037088978569954634,0.0,0.0,14319,
461,,,,14321,0.000386430969228968
462,0.0003726044960785657,0.0,0.0,14329,
462,0.00033892440842464566,0.0,0.0,14339,
462,0.0003744038403965533,0.0,0.0,14349,
462,,,,14352,0.0003889613435603678
463,0.00035558565286919475,0.0,0.0,14359,
463,0.00032811835990287364,0.0,0.0,14369,
463,0.0003894075925927609,0.0,0.0,14379,
463,,,,14383,0.0003857798292301595
464,0.0003550600085873157,0.0,0.0,14389,
464,0.0003558750613592565,0.0,0.0,14399,
464,0.0003907896170858294,0.0,0.0,14409,
464,,,,14414,0.00037757164682261646
465,0.0003649687278084457,0.0,0.0,14419,
465,0.00040922235348261893,0.0,0.0,14429,
465,0.0003377308021299541,0.0,0.0,14439,
465,,,,14445,0.0003734298807103187
466,0.0003785913868341595,0.0,0.0,14449,
466,0.00034959649201482534,0.0,0.0,14459,
466,0.00038976629730314016,0.0,0.0,14469,
466,,,,14476,0.00037201421218924224
467,0.000466709811007604,0.0,0.0,14479,
467,0.0003412327787373215,0.0,0.0,14489,
467,0.0003283561090938747,0.0,0.0,14499,
467,,,,14507,0.00037272664485499263
468,0.0003794338263105601,0.0,0.0,14509,
468,0.00035813736030831933,0.0,0.0,14519,
468,0.0003285326820332557,0.0,0.0,14529,
468,,,,14538,0.0003747301525436342
469,0.00039432052290067077,0.0,0.0,14539,
469,0.0003261553938500583,0.0,0.0,14549,
469,0.00038570535252802074,0.0,0.0,14559,
469,0.00011352197179803625,0.0,0.0,14569,
469,,,,14569,0.000377485528588295
470,0.00038376159500330687,0.0,0.0,14579,
470,0.0003562368219718337,0.0,0.0,14589,
470,0.0002979822165798396,0.0,0.0,14599,
470,,,,14600,0.0003718725638464093
471,0.00037395532126538455,0.0,0.0,14609,
471,0.00039130484219640493,0.0,0.0,14619,
471,0.00035276811104267836,0.0,0.0,14629,
471,,,,14631,0.00036466572782956064
472,0.0003528146189637482,0.0,0.0,14639,
472,0.0003243980463594198,0.0,0.0,14649,
472,0.0003579118347261101,0.0,0.0,14659,
472,,,,14662,0.0003618817136157304
473,0.00032723360345698893,0.0,0.0,14669,
473,0.0003152193094138056,0.0,0.0,14679,
473,0.0003636060864664614,0.0,0.0,14689,
473,,,,14693,0.00036172347608953714
474,0.0003446137998253107,0.0,0.0,14699,
474,0.00034398361458443105,0.0,0.0,14709,
474,0.00036685841041617095,0.0,0.0,14719,
474,,,,14724,0.0003632861189544201
475,0.0003655730397440493,0.0,0.0,14729,
475,0.00040004856418818235,0.0,0.0,14739,
475,0.0003272145986557007,0.0,0.0,14749,
475,,,,14755,0.00036587275099009275
476,0.00036704359808936715,0.0,0.0,14759,
476,0.00034884727210737765,0.0,0.0,14769,
476,0.00037809775676578283,0.0,0.0,14779,
476,,,,14786,0.0003627200785558671
477,0.00043075723806396127,0.0,0.0,14789,
477,0.0003392113430891186,0.0,0.0,14799,
477,0.00031177650089375675,0.0,0.0,14809,
477,,,,14817,0.0003549776447471231
478,0.0003366584423929453,0.0,0.0,14819,
478,0.0003414099046494812,0.0,0.0,14829,
478,0.00030831637559458613,0.0,0.0,14839,
478,,,,14848,0.00035101239336654544
479,0.0003683476825244725,0.0,0.0,14849,
479,0.0002991564106196165,0.0,0.0,14859,
479,0.00035470500006340444,0.0,0.0,14869,
479,0.00011161046859342605,0.0,0.0,14879,
479,,,,14879,0.0003492181422188878
480,0.00035935681080445647,0.0,0.0,14889,
480,0.0003212961892131716,0.0,0.0,14899,
480,0.00029688174254260957,0.0,0.0,14909,
480,,,,14910,0.0003494524280540645
481,0.000357287673978135,0.0,0.0,14919,
481,0.00036255765007808805,0.0,0.0,14929,
481,0.00034453108673915267,0.0,0.0,14939,
481,,,,14941,0.0003551100962795317
482,0.0003410794015508145,0.0,0.0,14949,
482,0.0003110621764790267,0.0,0.0,14959,
482,0.00033141375752165914,0.0,0.0,14969,
482,,,,14972,0.0003503179468680173
483,0.0003192411968484521,0.0,0.0,14979,
483,0.0003030910447705537,0.0,0.0,14989,
483,0.00034664900158531964,0.0,0.0,14999,
483,,,,15003,0.0003500751336105168
484,0.00032558696693740785,0.0,0.0,15009,
484,0.0003237723431084305,0.0,0.0,15019,
484,0.0003601849020924419,0.0,0.0,15029,
484,,,,15034,0.0003465166955720633
485,0.00034994824090972543,0.0,0.0,15039,
485,0.0003816845710389316,0.0,0.0,15049,
485,0.0003098284068983048,0.0,0.0,15059,
485,,,,15065,0.00034614288597367704
486,0.00036510269274003804,0.0,0.0,15069,
486,0.00032612017821520567,0.0,0.0,15079,
486,0.00036481439019553363,0.0,0.0,15089,
486,,,,15096,0.00035112196928821504
487,0.0004289912467356771,0.0,0.0,15099,
487,0.0003262794634792954,0.0,0.0,15109,
487,0.00029951968463137746,0.0,0.0,15119,
487,,,,15127,0.00034428591607138515
488,0.0003401071880944073,0.0,0.0,15129,
488,0.0003267600841354579,0.0,0.0,15139,
488,0.00029537585214711726,0.0,0.0,15149,
488,,,,15158,0.00033998332219198346
489,0.00035592939821071923,0.0,0.0,15159,
489,0.0002883719280362129,0.0,0.0,15169,
489,0.00034608753048814833,0.0,0.0,15179,
489,0.00010520677460590377,0.0,0.0,15189,
489,,,,15189,0.00033921829890459776
490,0.000345911510521546,0.0,0.0,15199,
490,0.00031252458575181663,0.0,0.0,15209,
490,0.00027757385396398604,0.0,0.0,15219,
490,,,,15220,0.00033717730548232794
491,0.00035346706863492727,0.0,0.0,15229,
491,0.0003480823652353138,0.0,0.0,15239,
491,0.0003153380530420691,0.0,0.0,15249,
491,,,,15251,0.00033464012085460126
492,0.0003313305205665529,0.0,0.0,15259,
492,0.0002981535508297384,0.0,0.0,15269,
492,0.0003182085056323558,0.0,0.0,15279,
492,,,,15282,0.00033074626117013395
493,0.00030195157160051167,0.0,0.0,15289,
493,0.00029757266747765243,0.0,0.0,15299,
493,0.0003298156661912799,0.0,0.0,15309,
493,,,,15313,0.00033037399407476187
494,0.0003091593971475959,0.0,0.0,15319,
494,0.0003153513534925878,0.0,0.0,15329,
494,0.0003356958332005888,0.0,0.0,15339,
494,,,,15344,0.0003371539933141321
495,0.00034297784441150725,0.0,0.0,15349,
495,0.00035320897586643696,0.0,0.0,15359,
495,0.00029622591682709754,0.0,0.0,15369,
495,,,,15375,0.00032713261316530406
496,0.0003540734469424933,0.0,0.0,15379,
496,0.0003063236363232136,0.0,0.0,15389,
496,0.00034498763852752745,0.0,0.0,15399,
496,,,,15406,0.00032633962109684944
497,0.0004072528681717813,0.0,0.0,15409,
497,0.0003083912015426904,0.0,0.0,15419,
497,0.0002913196512963623,0.0,0.0,15429,
497,,,,15437,0.00032393017318099737
498,0.00031087573734112084,0.0,0.0,15439,
498,0.00032035750336945057,0.0,0.0,15449,
498,0.00028370501240715384,0.0,0.0,15459,
498,,,,15468,0.000323087559081614
499,0.0003389007179066539,0.0,0.0,15469,
499,0.0002760597853921354,0.0,0.0,15479,
499,0.00032572579220868647,0.0,0.0,15489,
499,0.00011735735461115837,0.0,0.0,15499,
499,,,,15499,0.0003291534667368978
500,0.0003286403662059456,0.0,0.0,15509,
500,0.00031099500483833253,0.0,0.0,15519,
500,0.00026990281185135245,0.0,0.0,15529,
500,,,,15530,0.0003165359958074987
501,0.0003229198046028614,0.0,0.0,15539,
501,0.00032659934367984533,0.0,0.0,15549,
501,0.0003256250056438148,0.0,0.0,15559,
501,,,,15561,0.00032196639222092927
502,0.00032532651675865054,0.0,0.0,15569,
502,0.0002932667557615787,0.0,0.0,15579,
502,0.00031025076168589294,0.0,0.0,15589,
502,,,,15592,0.00033075656392611563
503,0.0003298087394796312,0.0,0.0,15599,
503,0.0002897782833315432,0.0,0.0,15609,
503,0.00032198982080444694,0.0,0.0,15619,
503,,,,15623,0.00031449488596990705
504,0.0003550686815287918,0.0,0.0,15629,
504,0.00029283255571499467,0.0,0.0,15639,
504,0.00032249614014290273,0.0,0.0,15649,
504,,,,15654,0.0003145260561723262
505,0.0003124075592495501,0.0,0.0,15659,
505,0.00032719020964577794,0.0,0.0,15669,
505,0.0002850157907232642,0.0,0.0,15679,
505,,,,15685,0.00031266146106645465
506,0.0002974187082145363,0.0,0.0,15689,
506,0.0002935644006356597,0.0,0.0,15699,
506,0.0003318381495773792,0.0,0.0,15709,
506,,,,15716,0.00031261317781172693
507,0.0003524394123815,0.0,0.0,15719,
507,0.0002877123188227415,0.0,0.0,15729,
507,0.0002766116813290864,0.0,0.0,15739,
507,,,,15747,0.0003128913522232324
508,0.0002878349623642862,0.0,0.0,15749,
508,0.0003111519035883248,0.0,0.0,15759,
508,0.0002903816639445722,0.0,0.0,15769,
508,,,,15778,0.00030730883008800447
509,0.00032130247564055026,0.0,0.0,15779,
509,0.00026228875503875315,0.0,0.0,15789,
509,0.00031336271786130965,0.0,0.0,15799,
509,9.734047489473596e-05,0.0,0.0,15809,
509,,,,15809,0.000308660208247602
510,0.0003076376160606742,0.0,0.0,15819,
510,0.0002853437326848507,0.0,0.0,15829,
510,0.00026365116355009377,0.0,0.0,15839,
510,,,,15840,0.0003055412380490452
511,0.0003033534740097821,0.0,0.0,15849,
511,0.00033370257006026804,0.0,0.0,15859,
511,0.00031205578125081956,0.0,0.0,15869,
511,,,,15871,0.0003072046092711389
512,0.00036827471922151744,0.0,0.0,15879,
512,0.0002865825954359025,0.0,0.0,15889,
512,0.00031479456811212003,0.0,0.0,15899,
512,,,,15902,0.00031554445740766823
513,0.00030902118305675685,0.0,0.0,15909,
513,0.00028465743525885046,0.0,0.0,15919,
513,0.0002995111863128841,0.0,0.0,15929,
513,,,,15933,0.000307639769744128
514,0.0002894564240705222,0.0,0.0,15939,
514,0.0002929110487457365,0.0,0.0,15949,
514,0.000321281113428995,0.0,0.0,15959,
514,,,,15964,0.0003156370366923511
515,0.0002968517947010696,0.0,0.0,15969,
515,0.0003301778342574835,0.0,0.0,15979,
515,0.0002788107667583972,0.0,0.0,15989,
515,,,,15995,0.0003082033945247531
516,0.0002984603925142437,0.0,0.0,15999,
516,0.0002879367384593934,0.0,0.0,16009,
516,0.00031881328322924674,0.0,0.0,16019,
516,,,,16026,0.00030191606492735445
517,0.0003656949265860021,0.0,0.0,16029,
517,0.00028160944930277765,0.0,0.0,16039,
517,0.00026761917979456484,0.0,0.0,16049,
517,,,,16057,0.00030234968289732933
518,0.00029660933068953454,0.0,0.0,16059,
518,0.00029200216522440314,0.0,0.0,16069,
518,0.0002613577526062727,0.0,0.0,16079,
518,,,,16088,0.000304512883303687
519,0.00031905234209261835,0.0,0.0,16089,
519,0.00025327966432087123,0.0,0.0,16099,
519,0.00030492484802380204,0.0,0.0,16109,
519,0.00010874235158553347,0.0,0.0,16119,
519,,,,16119,0.0002983486629091203
520,0.0002937916142400354,0.0,0.0,16129,
520,0.00027617011801339686,0.0,0.0,16139,
520,0.0002629730151966214,0.0,0.0,16149,
520,,,,16150,0.0002967441687360406
521,0.000293445453280583,0.0,0.0,16159,
521,0.00030986021738499403,0.0,0.0,16169,
521,0.0002971896610688418,0.0,0.0,16179,
521,,,,16181,0.00030245340894907713
522,0.0002826083800755441,0.0,0.0,16189,
522,0.0002686682855710387,0.0,0.0,16199,
522,0.00029442846425808966,0.0,0.0,16209,
522,,,,16212,0.00030371142202056944
523,0.0002770344726741314,0.0,0.0,16219,
523,0.0002650230599101633,0.0,0.0,16229,
523,0.0002957032120320946,0.0,0.0,16239,
523,,,,16243,0.0002927085442934185
524,0.0003151018754579127,0.0,0.0,16249,
524,0.000269323936663568,0.0,0.0,16259,
524,0.00030404687277041376,0.0,0.0,16269,
524,,,,16274,0.00029360916232690215
525,0.00031100146588869393,0.0,0.0,16279,
525,0.00030276848701760173,0.0,0.0,16289,
525,0.0002649487287271768,0.0,0.0,16299,
525,,,,16305,0.00028886672225780785
526,0.0003214531170669943,0.0,0.0,16309,
526,0.0002652256516739726,0.0,0.0,16319,
526,0.0003103830385953188,0.0,0.0,16329,
526,,,,16336,0.00028995287721045315
527,0.0003466276393737644,0.0,0.0,16339,
527,0.00026746277580969036,0.0,0.0,16349,
527,0.0002553444355726242,0.0,0.0,16359,
527,,,,16367,0.0002896006335504353
528,0.0002692969865165651,0.0,0.0,16369,
528,0.00029088559676893055,0.0,0.0,16379,
528,0.00025567467673681676,0.0,0.0,16389,
528,,,,16398,0.0002881875552702695
529,0.0003019397845491767,0.0,0.0,16399,
529,0.0002524269511923194,0.0,0.0,16409,
529,0.0002972932707052678,0.0,0.0,16419,
529,9.619772026780993e-05,0.0,0.0,16429,
529,,,,16429,0.0002838499203789979
530,0.0002796832995954901,0.0,0.0,16439,
530,0.0002993769012391567,0.0,0.0,16449,
530,0.0002513912331778556,0.0,0.0,16459,
530,,,,16460,0.0002859594242181629
531,0.0003217712219338864,0.0,0.0,16469,
531,0.0003169520932715386,0.0,0.0,16479,
531,0.0003062110336031765,0.0,0.0,16489,
531,,,,16491,0.0003036059788428247
532,0.0002781386428978294,0.0,0.0,16499,
532,0.00026205781614407897,0.0,0.0,16509,
532,0.00026815454475581646,0.0,0.0,16519,
532,,,,16522,0.0002844498085323721
533,0.0002612863318063319,0.0,0.0,16529,
533,0.00025648550945334136,0.0,0.0,16539,
533,0.00028349654166959226,0.0,0.0,16549,
533,,,,16553,0.0002885510912165046
534,0.00027835340006276965,0.0,0.0,16559,
534,0.0002702874189708382,0.0,0.0,16569,
534,0.0003008947242051363,0.0,0.0,16579,
534,,,,16584,0.00028494265279732645
535,0.00032161606941372156,0.0,0.0,16589,
535,0.0003011585504282266,0.0,0.0,16599,
535,0.0002591779630165547,0.0,0.0,16609,
535,,,,16615,0.0002817302301991731
536,0.00027681508800014853,0.0,0.0,16619,
536,0.0002668660308700055,0.0,0.0,16629,
536,0.0002982401929330081,0.0,0.0,16639,
536,,,,16646,0.0002803497191052884
537,0.0003580951306503266,0.0,0.0,16649,
537,0.00026421312941238284,0.0,0.0,16659,
537,0.0002499618276488036,0.0,0.0,16669,
537,,,,16677,0.0002827657444868237
538,0.0002927021123468876,0.0,0.0,16679,
538,0.00028496605227701366,0.0,0.0,16689,
538,0.0002481567789800465,0.0,0.0,16699,
538,,,,16708,0.0002871528558898717
539,0.000300059124128893,0.0,0.0,16709,
539,0.0002491795748937875,0.0,0.0,16719,
539,0.0002858338411897421,0.0,0.0,16729,
539,9.415685781277716e-05,0.0,0.0,16739,
539,,,,16739,0.0002955723030027002
540,0.00029279119917191565,0.0,0.0,16749,
540,0.0002605932822916657,0.0,0.0,16759,
540,0.00023129035253077745,0.0,0.0,16769,
540,,,,16770,0.0002783935342449695
541,0.0002863617264665663,0.0,0.0,16779,
541,0.0002971439389511943,0.0,0.0,16789,
541,0.00026512384647503495,0.0,0.0,16799,
541,,,,16801,0.0002749722043517977
542,0.00026516642537899315,0.0,0.0,16809,
542,0.0002518411201890558,0.0,0.0,16819,
542,0.0002672367263585329,0.0,0.0,16829,
542,,,,16832,0.0002738437324296683
543,0.00025747818290255964,0.0,0.0,16839,
543,0.0002416803763480857,0.0,0.0,16849,
543,0.0002683772472664714,0.0,0.0,16859,
543,,,,16863,0.0002721895289141685
544,0.00026698625879362226,0.0,0.0,16869,
544,0.00025124504463747144,0.0,0.0,16879,
544,0.00028396330890245736,0.0,0.0,16889,
544,,,,16894,0.00027376270736567676
545,0.0002691923582460731,0.0,0.0,16899,
545,0.0002981122524943203,0.0,0.0,16909,
545,0.0002535548701416701,0.0,0.0,16919,
545,,,,16925,0.00027125541237182915
546,0.000270321499556303,0.0,0.0,16929,
546,0.0002544489689171314,0.0,0.0,16939,
546,0.0002904159773606807,0.0,0.0,16949,
546,,,,16956,0.0002690340334083885
547,0.0003254887124057859,0.0,0.0,16959,
547,0.00026361868367530406,0.0,0.0,16969,
547,0.0002416125062154606,0.0,0.0,16979,
547,,,,16987,0.00026769607211463153
548,0.00025363650638610125,0.0,0.0,16989,
548,0.0002737301401793957,0.0,0.0,16999,
548,0.00024170277174562216,0.0,0.0,17009,
548,,,,17018,0.0002700243203435093
549,0.00028311580535955727,0.0,0.0,17019,
549,0.00023903198598418385,0.0,0.0,17029,
549,0.00029229637584649026,0.0,0.0,17039,
549,9.869319183053449e-05,0.0,0.0,17049,
549,,,,17049,0.00026832244475372136
550,0.00027042668079957366,0.0,0.0,17059,
550,0.0002777516783680767,0.0,0.0,17069,
550,0.00024995868443511426,0.0,0.0,17079,
550,,,,17080,0.00027868335018865764
551,0.0002714800357352942,0.0,0.0,17089,
551,0.0002834488113876432,0.0,0.0,17099,
551,0.0002538971311878413,0.0,0.0,17109,
551,,,,17111,0.00026791609707288444
552,0.00025762911536730826,0.0,0.0,17119,
552,0.000245020492002368,0.0,0.0,17129,
552,0.0002681456389836967,0.0,0.0,17139,
552,,,,17142,0.000266630930127576
553,0.000260519387666136,0.0,0.0,17149,
553,0.00024112458049785346,0.0,0.0,17159,
553,0.0002608932845760137,0.0,0.0,17169,
553,,,,17173,0.0002635037526488304
554,0.00026062806136906147,0.0,0.0,17179,
554,0.00024527159985154867,0.0,0.0,17189,
554,0.0002743923105299473,0.0,0.0,17199,
554,,,,17204,0.00026368731050752103
555,0.0002813280443660915,0.0,0.0,17209,
555,0.0002752959553617984,0.0,0.0,17219,
555,0.0002467311278451234,0.0,0.0,17229,
555,,,,17235,0.0002667248481884599
556,0.000271379278274253,0.0,0.0,17239,
556,0.0002375224867137149,0.0,0.0,17249,
556,0.00029307196382433176,0.0,0.0,17259,
556,,,,17266,0.0002793826279230416
557,0.0003253022732678801,0.0,0.0,17269,
557,0.0002448355662636459,0.0,0.0,17279,
557,0.00023878943466115743,0.0,0.0,17289,
557,,,,17297,0.00026726225041784346
558,0.000249349744990468,0.0,0.0,17299,
558,0.0002646550419740379,0.0,0.0,17309,
558,0.00022490481205750257,0.0,0.0,17319,
558,,,,17328,0.0002625449269544333
559,0.0002742451906669885,0.0,0.0,17329,
559,0.00022203056141734123,0.0,0.0,17339,
559,0.00026261358289048076,0.0,0.0,17349,
559,8.797101327218115e-05,0.0,0.0,17359,
559,,,,17359,0.00025908698444254696
560,0.0002660868049133569,0.0,0.0,17369,
560,0.0002600732259452343,0.0,0.0,17379,
560,0.00022480697953142226,0.0,0.0,17389,
560,,,,17390,0.0002598132996354252
561,0.0002562729350756854,0.0,0.0,17399,
561,0.0002743322402238846,0.0,0.0,17409,
561,0.00026378349866718054,0.0,0.0,17419,
561,,,,17421,0.00026505120331421494
562,0.00025306129828095436,0.0,0.0,17429,
562,0.00023211940424516797,0.0,0.0,17439,
562,0.0002733044675551355,0.0,0.0,17449,
562,,,,17452,0.0002689867978915572
563,0.00031484998180530965,0.0,0.0,17459,
563,0.0002449756721034646,0.0,0.0,17469,
563,0.00026399956550449133,0.0,0.0,17479,
563,,,,17483,0.0002750507555902004
564,0.0002636293647810817,0.0,0.0,17489,
564,0.0002796590270008892,0.0,0.0,17499,
564,0.0002820103254634887,0.0,0.0,17509,
564,,,,17514,0.000265998300164938
565,0.00026324292412027717,0.0,0.0,17519,
565,0.00026694650296121836,0.0,0.0,17529,
565,0.00023816527391318232,0.0,0.0,17539,
565,,,,17545,0.00025505165103822947
566,0.00024969290825538337,0.0,0.0,17549,
566,0.00022990649449639022,0.0,0.0,17559,
566,0.0002776853507384658,0.0,0.0,17569,
566,,,,17576,0.0002534959639888257
567,0.0002913280331995338,0.0,0.0,17579,
567,0.00023863581009209156,0.0,0.0,17589,
567,0.00022537393670063466,0.0,0.0,17599,
567,,,,17607,0.0002524582960177213
568,0.00023303473426494747,0.0,0.0,17609,
568,0.0002744029916357249,0.0,0.0,17619,
568,0.000224172486923635,0.0,0.0,17629,
568,,,,17638,0.0002550259232521057
569,0.0002674932184163481,0.0,0.0,17639,
569,0.00022821302991360426,0.0,0.0,17649,
569,0.0002712651912588626,0.0,0.0,17659,
569,0.00011536292004166171,0.0,0.0,17669,
569,,,,17669,0.00027277195476926863
570,0.0002508938778191805,0.0,0.0,17679,
570,0.000230530378757976,0.0,0.0,17689,
570,0.00021294871112331748,0.0,0.0,17699,
570,,,,17700,0.00025695149088278413
571,0.00024860724806785583,0.0,0.0,17709,
571,0.0002606571069918573,0.0,0.0,17719,
571,0.0002371823793509975,0.0,0.0,17729,
571,,,,17731,0.00025309930788353086
572,0.00024311729066539556,0.0,0.0,17739,
572,0.00022783034364692867,0.0,0.0,17749,
572,0.0002447215956635773,0.0,0.0,17759,
572,,,,17762,0.0002526057360228151
573,0.00024629817926324904,0.0,0.0,17769,
573,0.0002211430692113936,0.0,0.0,17779,
573,0.0002496257075108588,0.0,0.0,17789,
573,,,,17793,0.00025125936372205615
574,0.00023523946583736688,0.0,0.0,17799,
574,0.00023991437046788633,0.0,0.0,17809,
574,0.0002600328589323908,0.0,0.0,17819,
574,,,,17824,0.0002482763084117323
575,0.0002491673221811652,0.0,0.0,17829,
575,0.0002673654817044735,0.0,0.0,17839,
575,0.00023173066438175738,0.0,0.0,17849,
575,,,,17855,0.00024764297995716333
576,0.000240300374571234,0.0,0.0,17859,
576,0.0002289831463713199,0.0,0.0,17869,
576,0.00026955813518725336,0.0,0.0,17879,
576,,,,17886,0.00025236711371690035
577,0.0002859266533050686,0.0,0.0,17889,
577,0.0002620115992613137,0.0,0.0,17899,
577,0.00023280679306481034,0.0,0.0,17909,
577,,,,17917,0.0002517452521715313
578,0.0002490363549441099,0.0,0.0,17919,
578,0.0002546724572312087,0.0,0.0,17929,
578,0.00021766041754744947,0.0,0.0,17939,
578,,,,17948,0.0002491680788807571
579,0.00026085262652486563,0.0,0.0,17949,
579,0.00020826108811888844,0.0,0.0,17959,
579,0.00024525844492018223,0.0,0.0,17969,
579,8.370981231564656e-05,0.0,0.0,17979,
579,,,,17979,0.00025466931401751935
580,0.0002499310649000108,0.0,0.0,17989,
580,0.0002222884213551879,0.0,0.0,17999,
580,0.00021336504141800106,0.0,0.0,18009,
580,,,,18010,0.00025139437639154494
581,0.0002533658698666841,0.0,0.0,18019,
581,0.0002698671305552125,0.0,0.0,18029,
581,0.00023795737070031464,0.0,0.0,18039,
581,,,,18041,0.00024528399808332324
582,0.00023925007553771138,0.0,0.0,18049,
582,0.00023005712137091905,0.0,0.0,18059,
582,0.00023457426868844777,0.0,0.0,18069,
582,,,,18072,0.00024699897039681673
583,0.0002460824907757342,0.0,0.0,18079,
583,0.00023056272766552866,0.0,0.0,18089,
583,0.00023961126862559468,0.0,0.0,18099,
583,,,,18103,0.00025375757832080126
584,0.00026387424441054463,0.0,0.0,18109,
584,0.00022812964743934572,0.0,0.0,18119,
584,0.00025786174228414893,0.0,0.0,18129,
584,,,,18134,0.00024495209800079465
585,0.00029963982524350286,0.0,0.0,18139,
585,0.00025686435401439667,0.0,0.0,18149,
585,0.00023291565594263375,0.0,0.0,18159,
585,,,,18165,0.0002446805010549724
586,0.00024137347645591944,0.0,0.0,18169,
586,0.00023127591703087091,0.0,0.0,18179,
586,0.00026453507598489523,0.0,0.0,18189,
586,,,,18196,0.00024167502124328166
587,0.0002787202247418463,0.0,0.0,18199,
587,0.00022620768868364394,0.0,0.0,18209,
587,0.00021529203513637185,0.0,0.0,18219,
587,,,,18227,0.0002413981856079772
588,0.0002296861057402566,0.0,0.0,18229,
588,0.00024244887754321098,0.0,0.0,18239,
588,0.00021676595497410744,0.0,0.0,18249,
588,,,,18258,0.00024279621720779687
589,0.00025542540242895484,0.0,0.0,18259,
589,0.00021086593915242702,0.0,0.0,18269,
589,0.0002771581057459116,0.0,0.0,18279,
589,7.97841785242781e-05,0.0,0.0,18289,
589,,,,18289,0.00024385828874073923
590,0.00024259845667984337,0.0,0.0,18299,
590,0.00022110609279479831,0.0,0.0,18309,
590,0.00022768264170736074,0.0,0.0,18319,
590,,,,18320,0.00024333597684744745
591,0.0002413233887637034,0.0,0.0,18329,
591,0.0002646084758453071,0.0,0.0,18339,
591,0.00023019810032565147,0.0,0.0,18349,
591,,,,18351,0.00024363398551940918
592,0.0002395031478954479,0.0,0.0,18359,
592,0.00023904757108539343,0.0,0.0,18369,
592,0.0002359836653340608,0.0,0.0,18379,
592,,,,18382,0.00023730602697469294
593,0.00022747709590476006,0.0,0.0,18389,
593,0.00022279286349657923,0.0,0.0,18399,
593,0.0002401512610958889,0.0,0.0,18409,
593,,,,18413,0.00023754256835673004
594,0.00022052241547498852,0.0,0.0,18419,
594,0.00022585224360227585,0.0,0.0,18429,
594,0.0002542564179748297,0.0,0.0,18439,
594,,,,18444,0.00023963079729583114
595,0.0002441972028464079,0.0,0.0,18449,
595,0.00025427527725696564,0.0,0.0,18459,
595,0.0002253183483844623,0.0,0.0,18469,
595,,,,18475,0.00024743415997363627
596,0.00023705682542640716,0.0,0.0,18479,
596,0.0002220651658717543,0.0,0.0,18489,
596,0.00025245483266189694,0.0,0.0,18499,
596,,,,18506,0.0002378596254857257
597,0.0002816414926201105,0.0,0.0,18509,
597,0.00022481117048300803,0.0,0.0,18519,
597,0.00021232182916719466,0.0,0.0,18529,
597,,,,18537,0.00023627257905900478
598,0.00021696434123441577,0.0,0.0,18539,
598,0.00024517416022717953,0.0,0.0,18549,
598,0.00020387051336001605,0.0,0.0,18559,
598,,,,18568,0.00024132296675816178
599,0.0002527047472540289,0.0,0.0,18569,
599,0.00020194612443447113,0.0,0.0,18579,
599,0.00024097852292470634,0.0,0.0,18589,
599,7.727800402790308e-05,0.0,0.0,18599,
599,,,,18599,0.0002346361434319988
600,0.00023440194490831345,0.0,0.0,18609,
600,0.00022007177176419646,0.0,0.0,18619,
600,0.00020169360504951328,0.0,0.0,18629,
600,,,,18630,0.0002393997274339199
601,0.00022752572840545326,0.0,0.0,18639,
601,0.00025071256095543504,0.0,0.0,18649,
601,0.00023330922704190016,0.0,0.0,18659,
601,,,,18661,0.00023818349291104823
602,0.00022468027600552887,0.0,0.0,18669,
602,0.00022434939455706626,0.0,0.0,18679,
602,0.00023493710614275187,0.0,0.0,18689,
602,,,,18692,0.00024013876100070775
603,0.00024971336824819446,0.0,0.0,18699,
603,0.0002261012705275789,0.0,0.0,18709,
603,0.00023258566216100007,0.0,0.0,18719,
603,,,,18723,0.00023153662914410233
604,0.0002607807982712984,0.0,0.0,18729,
604,0.0002127540356013924,0.0,0.0,18739,
604,0.00024108748766593635,0.0,0.0,18749,
604,,,,18754,0.00023213749227579683
605,0.00024184846552088857,0.0,0.0,18759,
605,0.00023932398471515626,0.0,0.0,18769,
605,0.00021518240100704134,0.0,0.0,18779,
605,,,,18785,0.0002294776786584407
606,0.00024978327564895153,0.0,0.0,18789,
606,0.00020973892242182046,0.0,0.0,18799,
606,0.0002508670440874994,0.0,0.0,18809,
606,,,,18816,0.00023810938000679016
607,0.00029928432195447385,0.0,0.0,18819,
607,0.00023002733360044658,0.0,0.0,18829,
607,0.00020402550580911338,0.0,0.0,18839,
607,,,,18847,0.00023833669547457248
608,0.00024181658227462322,0.0,0.0,18849,
608,0.0002372250601183623,0.0,0.0,18859,
608,0.00020090973703190684,0.0,0.0,18869,
608,,,,18878,0.00024483390734530985
609,0.00025509027182124555,0.0,0.0,18879,
609,0.0001908342819660902,0.0,0.0,18889,
609,0.00022827574866823852,0.0,0.0,18899,
609,7.535065378760919e-05,0.0,0.0,18909,
609,,,,18909,0.00022942162468098104
610,0.00022547974367626011,0.0,0.0,18919,
610,0.0002125098108081147,0.0,0.0,18929,
610,0.0003126362571492791,0.0,0.0,18939,
610,,,,18940,0.00027029140619561076
611,0.00024808483431115746,0.0,0.0,18949,
611,0.0002492985804565251,0.0,0.0,18959,
611,0.0002237369044451043,0.0,0.0,18969,
611,,,,18971,0.0002525979944039136
612,0.00023683356994297355,0.0,0.0,18979,
612,0.0002254195569548756,0.0,0.0,18989,
612,0.00023072000476531684,0.0,0.0,18999,
612,,,,19002,0.0002348809939576313
613,0.0002135205577360466,0.0,0.0,19009,
613,0.00020429787400644273,0.0,0.0,19019,
613,0.00022401487512979656,0.0,0.0,19029,
613,,,,19033,0.00022982417431194335
614,0.00021355561329983175,0.0,0.0,19039,
614,0.00020999358093831688,0.0,0.0,19049,
614,0.0002317253383807838,0.0,0.0,19059,
614,,,,19064,0.0002292135322932154
615,0.00022817587887402624,0.0,0.0,19069,
615,0.00024408810713794082,0.0,0.0,19079,
615,0.00020986578601878136,0.0,0.0,19089,
615,,,,19095,0.00022819334117230028
616,0.00022463480127044022,0.0,0.0,19099,
616,0.00021025893511250615,0.0,0.0,19109,
616,0.000245997856836766,0.0,0.0,19119,
616,,,,19126,0.00022931842249818146
617,0.00027286127442494035,0.0,0.0,19129,
617,0.000206936223548837,0.0,0.0,19139,
617,0.00019967030675616115,0.0,0.0,19149,
617,,,,19157,0.0002262000780319795
618,0.00021315753110684454,0.0,0.0,19159,
618,0.00022339016140904278,0.0,0.0,19169,
618,0.00019683170830830932,0.0,0.0,19179,
618,,,,19188,0.0002283266803715378
619,0.00023906362184789032,0.0,0.0,19189,
619,0.0001855791633715853,0.0,0.0,19199,
619,0.0002231272083008662,0.0,0.0,19209,
619,7.388715312117711e-05,0.0,0.0,19219,
619,,,,19219,0.00022446905495598912
620,0.0002210626407759264,0.0,0.0,19229,
620,0.0002080817794194445,0.0,0.0,19239,
620,0.0001937799243023619,0.0,0.0,19249,
620,,,,19250,0.0002253589773317799
621,0.00023602346482221037,0.0,0.0,19259,
621,0.00024695415049791336,0.0,0.0,19269,
621,0.0002341252111364156,0.0,0.0,19279,
621,,,,19281,0.00022221959079615772
622,0.000221430353121832,0.0,0.0,19289,
622,0.00020690345263574272,0.0,0.0,19299,
622,0.00022508871916215867,0.0,0.0,19309,
622,,,,19312,0.0002292678109370172
623,0.00021833882783539593,0.0,0.0,19319,
623,0.00020364904776215553,0.0,0.0,19329,
623,0.0002166592312278226,0.0,0.0,19339,
623,,,,19343,0.00021989931701682508
624,0.00021801344701088965,0.0,0.0,19349,
624,0.00020333022985141724,0.0,0.0,19359,
624,0.00022725101734977216,0.0,0.0,19369,
624,,,,19374,0.0002232232945971191
625,0.0002335675380891189,0.0,0.0,19379,
625,0.00023059027444105595,0.0,0.0,19389,
625,0.0002045699511654675,0.0,0.0,19399,
625,,,,19405,0.00022017185983713716
626,0.00023716127907391638,0.0,0.0,19409,
626,0.00019948251429013908,0.0,0.0,19419,
626,0.0002416191273368895,0.0,0.0,19429,
626,,,,19436,0.00022294680820778012
627,0.00028413391555659473,0.0,0.0,19439,
627,0.00020768147078342736,0.0,0.0,19449,
627,0.0001944551186170429,0.0,0.0,19459,
627,,,,19467,0.00022709276527166367
628,0.0002314891025889665,0.0,0.0,19469,
628,0.000226024174480699,0.0,0.0,19479,
628,0.00020096969092264771,0.0,0.0,19489,
628,,,,19498,0.0002202512405347079
629,0.0002315721067134291,0.0,0.0,19499,
629,0.00018517847638577223,0.0,0.0,19509,
629,0.00022846348292659968,0.0,0.0,19519,
629,8.571110083721578e-05,0.0,0.0,19529,
629,,,,19529,0.00022030127001926303
630,0.00023265586060006171,0.0,0.0,19539,
630,0.0002032179181696847,0.0,0.0,19549,
630,0.00018726663256529719,0.0,0.0,19559,
630,,,,19560,0.00022180928499437869
631,0.0002135306567652151,0.0,0.0,19569,
631,0.00023082572442945093,0.0,0.0,19579,
631,0.00020295707508921623,0.0,0.0,19589,
631,,,,19591,0.00021747403661720455
632,0.0002184091426897794,0.0,0.0,19599,
632,0.0001985045673791319,0.0,0.0,19609,
632,0.00020727666560560465,0.0,0.0,19619,
632,,,,19622,0.00022231768525671214
633,0.00021406666201073676,0.0,0.0,19629,
633,0.0002090747730107978,0.0,0.0,19639,
633,0.00021469761850312352,0.0,0.0,19649,
633,,,,19653,0.00022035534493625164
634,0.00021040118008386344,0.0,0.0,19659,
634,0.00021783672855235636,0.0,0.0,19669,
634,0.00022910024563316256,0.0,0.0,19679,
634,,,,19684,0.00023186988255474716
635,0.00027409009635448456,0.0,0.0,19689,
635,0.0002321119827684015,0.0,0.0,19699,
635,0.0002011967881117016,0.0,0.0,19709,
635,,,,19715,0.00022432893456425518
636,0.0002220157184638083,0.0,0.0,19719,
636,0.00020856513583566993,0.0,0.0,19729,
636,0.00023042401880957186,0.0,0.0,19739,
636,,,,19746,0.00021460925927385688
637,0.0002568810305092484,0.0,0.0,19749,
637,0.00020061367831658572,0.0,0.0,19759,
637,0.0001910112041514367,0.0,0.0,19769,
637,,,,19777,0.00021906671463511884
638,0.00021514151012524962,0.0,0.0,19779,
638,0.0002235872088931501,0.0,0.0,19789,
638,0.0001894343877211213,0.0,0.0,19799,
638,,,,19808,0.0002306197420693934
639,0.00024060798750724643,0.0,0.0,19809,
639,0.0001926761178765446,0.0,0.0,19819,
639,0.00021283866954036057,0.0,0.0,19829,
639,7.703423761995509e-05,0.0,0.0,19839,
639,,,,19839,0.0002290361444465816
640,0.00023011020675767213,0.0,0.0,19849,
640,0.00019576764316298068,0.0,0.0,19859,
640,0.00018510005611460656,0.0,0.0,19869,
640,,,,19870,0.00021918937272857875
641,0.00022993846505414695,0.0,0.0,19879,
641,0.0002371985901845619,0.0,0.0,19889,
641,0.00021170396939851344,0.0,0.0,19899,
641,,,,19901,0.00021383872081059963
642,0.00021445796301122755,0.0,0.0,19909,
642,0.00020344652875792235,0.0,0.0,19919,
642,0.00020771943673025817,0.0,0.0,19929,
642,,,,19932,0.00021750824816990644
643,0.00021123191982042044,0.0,0.0,19939,
643,0.0002081294369418174,0.0,0.0,19949,
643,0.00021348816517274827,0.0,0.0,19959,
643,,,,19963,0.00022590442677028477
644,0.0002157244016416371,0.0,0.0,19969,
644,0.0002136679395334795,0.0,0.0,19979,
644,0.00021781391114927828,0.0,0.0,19989,
644,,,,19994,0.00022216390061657876
645,0.000217267734115012,0.0,0.0,19999,
645,0.00023044001136440784,0.0,0.0,20009,
645,0.00019496363529469818,0.0,0.0,20019,
645,,,,20025,0.00021487762569449842
646,0.00021701942023355514,0.0,0.0,20029,
646,0.00019475659064482898,0.0,0.0,20039,
646,0.00022828247165307403,0.0,0.0,20049,
646,,,,20056,0.00021438015392050147
647,0.00026573953800834715,0.0,0.0,20059,
647,0.00020225424668751657,0.0,0.0,20069,
647,0.00020626834884751588,0.0,0.0,20079,
647,,,,20087,0.00021524123440030962
648,0.0002129787317244336,0.0,0.0,20089,
648,0.00021090423979330808,0.0,0.0,20099,
648,0.0001836717128753662,0.0,0.0,20109,
648,,,,20118,0.00021492030646186322
649,0.00022558073396794498,0.0,0.0,20119,
649,0.00018078974972013384,0.0,0.0,20129,
649,0.00021607239614240825,0.0,0.0,20139,
649,0.00010903538350248709,0.0,0.0,20149,
649,,,,20149,0.00021189311519265175
650,0.00021379136887844652,0.0,0.0,20159,
650,0.00020662773749791086,0.0,0.0,20169,
650,0.00019379770674277097,0.0,0.0,20179,
650,,,,20180,0.0002106467291014269
651,0.00020453205797821283,0.0,0.0,20189,
651,0.00022211323084775358,0.0,0.0,20199,
651,0.0002003184490604326,0.0,0.0,20209,
651,,,,20211,0.00021894746168982238
652,0.0002026526490226388,0.0,0.0,20219,
652,0.00019001521286554635,0.0,0.0,20229,
652,0.00020634954853449017,0.0,0.0,20239,
652,,,,20242,0.0002213393454439938
653,0.0002130650682374835,0.0,0.0,20249,
653,0.00018902841839008033,0.0,0.0,20259,
653,0.00020928539743181318,0.0,0.0,20269,
653,,,,20273,0.0002199742302764207
654,0.000230588557315059,0.0,0.0,20279,
654,0.00019112137670163065,0.0,0.0,20289,
654,0.00021472241496667266,0.0,0.0,20299,
654,,,,20304,0.00021499769354704767
655,0.0002294858277309686,0.0,0.0,20309,
655,0.00021326720889192075,0.0,0.0,20319,
655,0.00019032573618460447,0.0,0.0,20329,
655,,,,20335,0.00021082449529785663
656,0.0002165153418900445,0.0,0.0,20339,
656,0.00018651349819265306,0.0,0.0,20349,
656,0.00022475731384474784,0.0,0.0,20359,
656,,,,20366,0.00020668335491791368
657,0.0002505397715140134,0.0,0.0,20369,
657,0.00019273081852588803,0.0,0.0,20379,
657,0.00018035448738373816,0.0,0.0,20389,
657,,,,20397,0.0002074986114166677
658,0.0001952179882209748,0.0,0.0,20399,
658,0.00021267148258630186,0.0,0.0,20409,
658,0.00018860603449866176,0.0,0.0,20419,
658,,,,20428,0.00021066250337753445
659,0.00022070981503929943,0.0,0.0,20429,
659,0.00018628286488819867,0.0,0.0,20439,
659,0.00022447157243732363,0.0,0.0,20449,
659,7.813897536834702e-05,0.0,0.0,20459,
659,,,,20459,0.0002136365947080776
660,0.0002212405379395932,0.0,0.0,20469,
660,0.00019043180509470403,0.0,0.0,20479,
660,0.00017531293269712478,0.0,0.0,20489,
660,,,,20490,0.00021320043015293777
661,0.00020899057562928647,0.0,0.0,20499,
661,0.00023263639013748616,0.0,0.0,20509,
661,0.00019428505038376898,0.0,0.0,20519,
661,,,,20521,0.00020675300038419664
662,0.00019727120525203645,0.0,0.0,20529,
662,0.00019033894932363182,0.0,0.0,20539,
662,0.00020262584439478815,0.0,0.0,20549,
662,,,,20552,0.00021065041073597968
663,0.00022261214326135814,0.0,0.0,20559,
663,0.00019199201778974384,0.0,0.0,20569,
663,0.00019972081645391881,0.0,0.0,20579,
663,,,,20583,0.00022362274467013776
664,0.0002479131508152932,0.0,0.0,20589,
664,0.00018800520047079772,0.0,0.0,20599,
664,0.0002155924157705158,0.0,0.0,20609,
664,,,,20614,0.0002084141451632604
665,0.00022100175556261092,0.0,0.0,20619,
665,0.00021069029753562063,0.0,0.0,20629,
665,0.00018751884636003524,0.0,0.0,20639,
665,,,,20645,0.00020397551998030394
666,0.00020190894429106265,0.0,0.0,20649,
666,0.0001886900281533599,0.0,0.0,20659,
666,0.00021822632697876543,0.0,0.0,20669,
666,,,,20676,0.00020317787129897624
667,0.0002487718884367496,0.0,0.0,20679,
667,0.0001859796029748395,0.0,0.0,20689,
667,0.00017952687630895525,0.0,0.0,20699,
667,,,,20707,0.00020392905571497977
668,0.00019867032824549824,0.0,0.0,20709,
668,0.00021358573576435447,0.0,0.0,20719,
668,0.00018453951634000987,0.0,0.0,20729,
668,,,,20738,0.00020858095376752317
669,0.00021888069750275463,0.0,0.0,20739,
669,0.00017875770572572947,0.0,0.0,20749,
669,0.00020646063785534352,0.0,0.0,20759,
669,6.95594644639641e-05,0.0,0.0,20769,
669,,,,20769,0.0002074918884318322
670,0.00020601792493835092,0.0,0.0,20779,
670,0.00020308142120484263,0.0,0.0,20789,
670,0.00017449150618631393,0.0,0.0,20799,
670,,,,20800,0.00020341118215583265
671,0.00020413281163200736,0.0,0.0,20809,
671,0.00021519883011933416,0.0,0.0,20819,
671,0.00021990877576172352,0.0,0.0,20829,
671,,,,20831,0.00021321569511201233
672,0.00023601001885253936,0.0,0.0,20839,
672,0.00019757002883125097,0.0,0.0,20849,
672,0.0002087168104480952,0.0,0.0,20859,
672,,,,20862,0.00020867290731985122
673,0.00019464483193587512,0.0,0.0,20869,
673,0.00018489078502170742,0.0,0.0,20879,
673,0.00020300956384744495,0.0,0.0,20889,
673,,,,20893,0.00021645150263793766
674,0.00019959638302680105,0.0,0.0,20899,
674,0.00018796006042975932,0.0,0.0,20909,
674,0.00020931019389536232,0.0,0.0,20919,
674,,,,20924,0.00020673910330515355
675,0.00020427632261998951,0.0,0.0,20929,
675,0.00020528242748696357,0.0,0.0,20939,
675,0.00018922083836514503,0.0,0.0,20949,
675,,,,20955,0.00020014960318803787
676,0.00019720128329936415,0.0,0.0,20959,
676,0.00018359217210672796,0.0,0.0,20969,
676,0.0002140875585610047,0.0,0.0,20979,
676,,,,20986,0.00020016642520204186
677,0.00023472087923437357,0.0,0.0,20989,
677,0.00018653551524039358,0.0,0.0,20999,
677,0.00018643931252881885,0.0,0.0,21009,
677,,,,21017,0.00022254462237469852
678,0.00021727874991483986,0.0,0.0,21019,
678,0.00022043501667212695,0.0,0.0,21029,
678,0.0001854388538049534,0.0,0.0,21039,
678,,,,21048,0.00020717211009468883
679,0.00021642174397129565,0.0,0.0,21049,
679,0.00017024794942699373,0.0,0.0,21059,
679,0.00020286637300159782,0.0,0.0,21069,
679,6.423171726055443e-05,0.0,0.0,21079,
679,,,,21079,0.00020241433230694383
680,0.00020089882309548557,0.0,0.0,21089,
680,0.00018755553173832595,0.0,0.0,21099,
680,0.00017210356600116938,0.0,0.0,21109,
680,,,,21110,0.00019954652816522866
681,0.0001914624881464988,0.0,0.0,21119,
681,0.00021331573952920735,0.0,0.0,21129,
681,0.00019277977116871625,0.0,0.0,21139,
681,,,,21141,0.00020042392134200782
682,0.00019919039914384484,0.0,0.0,21149,
682,0.00017918387311510742,0.0,0.0,21159,
682,0.0001981912209885195,0.0,0.0,21169,
682,,,,21172,0.00020296141155995429
683,0.00022709261975251138,0.0,0.0,21179,
683,0.00018333308980800211,0.0,0.0,21189,
683,0.0002031903713941574,0.0,0.0,21199,
683,,,,21203,0.00020741017942782491
684,0.00019243643328081816,0.0,0.0,21209,
684,0.00018420108244754374,0.0,0.0,21219,
684,0.0002042694395640865,0.0,0.0,21229,
684,,,,21234,0.00020087925076950341
685,0.0001971312885871157,0.0,0.0,21239,
685,0.00020707392832264304,0.0,0.0,21249,
685,0.00018606694357004017,0.0,0.0,21259,
685,,,,21265,0.00019786394841503352
686,0.00019950968271587044,0.0,0.0,21269,
686,0.00019115324539598078,0.0,0.0,21279,
686,0.00021740015654359013,0.0,0.0,21289,
686,,,,21296,0.00019583720131777227
687,0.0002443724370095879,0.0,0.0,21299,
687,0.0001807120570447296,0.0,0.0,21309,
687,0.00017290479445364326,0.0,0.0,21319,
687,,,,21327,0.00019855219579767436
688,0.00019574428733903915,0.0,0.0,21329,
688,0.00020620087161660194,0.0,0.0,21339,
688,0.00017763511277735233,0.0,0.0,21349,
688,,,,21358,0.00020277370640542358
689,0.0002119680866599083,0.0,0.0,21359,
689,0.0001726642221910879,0.0,0.0,21369,
689,0.0001975410123122856,0.0,0.0,21379,
689,6.646530528087169e-05,0.0,0.0,21389,
689,,,,21389,0.00020512779883574694
690,0.00019577630155254155,0.0,0.0,21399,
690,0.00017959106480702758,0.0,0.0,21409,
690,0.00016794109251350164,0.0,0.0,21419,
690,,,,21420,0.00019513568258844316
691,0.00020679277076851577,0.0,0.0,21429,
691,0.00021380952966865152,0.0,0.0,21439,
691,0.00018569958047010005,0.0,0.0,21449,
691,,,,21451,0.00019658832752611488
692,0.00019985892868135124,0.0,0.0,21459,
692,0.00017883753753267229,0.0,0.0,21469,
692,0.00019759804126806557,0.0,0.0,21479,
692,,,,21482,0.00020089815370738506
693,0.00019062352657783777,0.0,0.0,21489,
693,0.0001871243875939399,0.0,0.0,21499,
693,0.00019023862842004746,0.0,0.0,21509,
693,,,,21513,0.00020056599169038236
694,0.00019570926087908447,0.0,0.0,21519,
694,0.000190742255654186,0.0,0.0,21529,
694,0.00019901331688743085,0.0,0.0,21539,
694,,,,21544,0.0002130289503838867
695,0.0002147310588043183,0.0,0.0,21549,
695,0.00020171832875348628,0.0,0.0,21559,
695,0.0001794021954992786,0.0,0.0,21569,
695,,,,21575,0.00019719908596016467
696,0.00020636693807318807,0.0,0.0,21579,
696,0.00017853445024229586,0.0,0.0,21589,
696,0.00021136716532055289,0.0,0.0,21599,
696,,,,21606,0.0001936948101501912
697,0.00024823949206620455,0.0,0.0,21609,
697,0.00018145858484786004,0.0,0.0,21619,
697,0.00017335156735498458,0.0,0.0,21629,
697,,,,21637,0.00020123292051721364
698,0.00018791209731716663,0.0,0.0,21639,
698,0.00020129754557274282,0.0,0.0,21649,
698,0.00017042052058968693,0.0,0.0,21659,
698,,,,21668,0.00019932174473069608
699,0.00020825779938604683,0.0,0.0,21669,
699,0.00016515589959453791,0.0,0.0,21679,
699,0.00020473016775213182,0.0,0.0,21689,
699,6.355688674375415e-05,0.0,0.0,21699,
699,,,,21699,0.00019806576892733574
700,0.00020377752662170678,0.0,0.0,21709,
700,0.0001847044040914625,0.0,0.0,21719,
700,0.00016466899251099676,0.0,0.0,21729,
700,,,,21730,0.000195674758288078
701,0.00018847925821319222,0.0,0.0,21739,
701,0.00020327816309873015,0.0,0.0,21749,
701,0.00018322421237826347,0.0,0.0,21759,
701,,,,21761,0.0001937276974786073
702,0.00018184952205047011,0.0,0.0,21769,
702,0.00017665495397523046,0.0,0.0,21779,
702,0.00018776791694108397,0.0,0.0,21789,
702,,,,21792,0.00019225086725782603
703,0.00018725260451901704,0.0,0.0,21799,
703,0.00017486246360931545,0.0,0.0,21809,
703,0.0001922099181683734,0.0,0.0,21819,
703,,,,21823,0.00021285029652062804
704,0.0002068561443593353,0.0,0.0,21829,
704,0.00017720655887387693,0.0,0.0,21839,
704,0.0001958721986738965,0.0,0.0,21849,
704,,,,21854,0.00020615766698028892
705,0.00021829549223184586,0.0,0.0,21859,
705,0.00021715968614444137,0.0,0.0,21869,
705,0.00017672570538707078,0.0,0.0,21879,
705,,,,21885,0.000200480644707568
706,0.0001972815371118486,0.0,0.0,21889,
706,0.00018428728799335659,0.0,0.0,21899,
706,0.00021050671057309955,0.0,0.0,21909,
706,,,,21916,0.00019100111967418343
707,0.00022334727691486478,0.0,0.0,21919,
707,0.0001757570425979793,0.0,0.0,21929,
707,0.0001740133884595707,0.0,0.0,21939,
707,,,,21947,0.00019523515948094428
708,0.00018179495236836374,0.0,0.0,21949,
708,0.000192279476323165,0.0,0.0,21959,
708,0.0001687838666839525,0.0,0.0,21969,
708,,,,21978,0.00019390253874007612
709,0.00020264709019102156,0.0,0.0,21979,
709,0.0001573972258483991,0.0,0.0,21989,
709,0.00020008643332403153,0.0,0.0,21999,
709,6.227456469787285e-05,0.0,0.0,22009,
709,,,,22009,0.00019939750200137496
710,0.0001908642880152911,0.0,0.0,22019,
710,0.00018760148668661714,0.0,0.0,22029,
710,0.0001679399429121986,0.0,0.0,22039,
710,,,,22040,0.00020388596749398857
711,0.00019612934556789696,0.0,0.0,22049,
711,0.00021036239922977984,0.0,0.0,22059,
711,0.00018673914019018412,0.0,0.0,22069,
711,,,,22071,0.00019481830531731248
712,0.00019258602696936578,0.0,0.0,22079,
712,0.0001774692500475794,0.0,0.0,22089,
712,0.00018000010459218174,0.0,0.0,22099,
712,,,,22102,0.00019248413445893675
713,0.00017947926244232804,0.0,0.0,22109,
713,0.00017721168114803731,0.0,0.0,22119,
713,0.0001886935206130147,0.0,0.0,22129,
713,,,,22133,0.00019267537572886795
714,0.00018626013479661196,0.0,0.0,22139,
714,0.000182614428922534,0.0,0.0,22149,
714,0.00020356467575766146,0.0,0.0,22159,
714,,,,22164,0.00019064635853283107
715,0.00020334075088612735,0.0,0.0,22169,
715,0.00020728311210405082,0.0,0.0,22179,
715,0.0001817531738197431,0.0,0.0,22189,
715,,,,22195,0.00019985077960882336
716,0.0001872230932349339,0.0,0.0,22199,
716,0.0001797475415514782,0.0,0.0,22209,
716,0.00020757004676852375,0.0,0.0,22219,
716,,,,22226,0.00019690493354573846
717,0.00022245377476792783,0.0,0.0,22229,
717,0.00017759801994543523,0.0,0.0,22239,
717,0.00016457121819257736,0.0,0.0,22249,
717,,,,22257,0.00019335340766701847
718,0.00017912605835590512,0.0,0.0,22259,
718,0.00019286503084003925,0.0,0.0,22269,
718,0.00016223643615376204,0.0,0.0,22279,
718,,,,22288,0.00019106776744592935
719,0.00019995405455119908,0.0,0.0,22289,
719,0.00016085403331089765,0.0,0.0,22299,
719,0.00019427160441409796,0.0,0.0,22309,
719,6.156654853839427e-05,0.0,0.0,22319,
719,,,,22319,0.00019894064462278038
720,0.0001907417899928987,0.0,0.0,22329,
720,0.0001792861585272476,0.0,0.0,22339,
720,0.00015886260371189564,0.0,0.0,22349,
720,,,,22350,0.00019807243370451033
721,0.00018336405628360808,0.0,0.0,22359,
721,0.0002060762490145862,0.0,0.0,22369,
721,0.00017910079623106867,0.0,0.0,22379,
721,,,,22381,0.00019338587298989296
722,0.0001915186585392803,0.0,0.0,22389,
722,0.0001655049854889512,0.0,0.0,22399,
722,0.0001871133572421968,0.0,0.0,22409,
722,,,,22412,0.00018861651187762618
723,0.00020444758411031216,0.0,0.0,22419,
723,0.0001728342322167009,0.0,0.0,22429,
723,0.00017949013272300363,0.0,0.0,22439,
723,,,,22443,0.00019334898388478905
724,0.0001930593280121684,0.0,0.0,22449,
724,0.00018758162332233042,0.0,0.0,22459,
724,0.00019286789756733924,0.0,0.0,22469,
724,,,,22474,0.00019051102572120726
725,0.00020235539705026895,0.0,0.0,22479,
725,0.0001965524279512465,0.0,0.0,22489,
725,0.0001744394248817116,0.0,0.0,22499,
725,,,,22505,0.00019137404160574079
726,0.0001992376201087609,0.0,0.0,22509,
726,0.0001651939528528601,0.0,0.0,22519,
726,0.00020152564684394747,0.0,0.0,22529,
726,,,,22536,0.00018686513067223132
727,0.00022963246738072485,0.0,0.0,22539,
727,0.00016575351764913648,0.0,0.0,22549,
727,0.00016796862473711371,0.0,0.0,22559,
727,,,,22567,0.00019242728012613952
728,0.0001812260743463412,0.0,0.0,22569,
728,0.00020416676125023514,0.0,0.0,22579,
728,0.00016260491975117475,0.0,0.0,22589,
728,,,,22598,0.0001940414949785918
729,0.0002026803995249793,0.0,0.0,22599,
729,0.00015156397421378642,0.0,0.0,22609,
729,0.0001861777709564194,0.0,0.0,22619,
729,5.827056156704202e-05,0.0,0.0,22629,
729,,,,22629,0.0001918606139952317
730,0.00018432877550367266,0.0,0.0,22639,
730,0.00016768723435234278,0.0,0.0,22649,
730,0.00015505110786762089,0.0,0.0,22659,
730,,,,22660,0.00019154223264195025
731,0.000179808383109048,0.0,0.0,22669,
731,0.00019937830802518874,0.0,0.0,22679,
731,0.00017714794375933707,0.0,0.0,22689,
731,,,,22691,0.00019071817223448306
732,0.0001982896646950394,0.0,0.0,22699,
732,0.00017466353892814368,0.0,0.0,22709,
732,0.00018361108959652483,0.0,0.0,22719,
732,,,,22722,0.0001874458248494193
733,0.0002018966624746099,0.0,0.0,22729,
733,0.0001817296870285645,0.0,0.0,22739,
733,0.0001808203087421134,0.0,0.0,22749,
733,,,,22753,0.00020206603221595287
734,0.00018880543939303607,0.0,0.0,22759,
734,0.00016810098895803094,0.0,0.0,22769,
734,0.00019052626157645136,0.0,0.0,22779,
734,,,,22784,0.00019000591419171542
735,0.0001911933795781806,0.0,0.0,22789,
735,0.000189731756108813,0.0,0.0,22799,
735,0.00016806872736196965,0.0,0.0,22809,
735,,,,22815,0.0001881499047158286
736,0.0001839916658354923,0.0,0.0,22819,
736,0.00017130511696450412,0.0,0.0,22829,
736,0.00020051428873557597,0.0,0.0,22839,
736,,,,22846,0.00019056738528888673
737,0.00022490904666483402,0.0,0.0,22849,
737,0.00016533443704247475,0.0,0.0,22859,
737,0.00015848268230911344,0.0,0.0,22869,
737,,,,22877,0.00018650419951882213
738,0.00018444489978719503,0.0,0.0,22879,
738,0.00018899892165791243,0.0,0.0,22889,
738,0.00015920383157208562,0.0,0.0,22899,
738,,,,22908,0.00019084775703959167
739,0.0001990921882679686,0.0,0.0,22909,
739,0.00015061668818816543,0.0,0.0,22919,
739,0.00018485565669834614,0.0,0.0,22929,
739,5.794221578980796e-05,0.0,0.0,22939,
739,,,,22939,0.00019200434326194227
740,0.00018384573922958225,0.0,0.0,22949,
740,0.0001690645149210468,0.0,0.0,22959,
740,0.0001545776758575812,0.0,0.0,22969,
740,,,,22970,0.0001877978356787935
741,0.00019490259001031518,0.0,0.0,22979,
741,0.00019902089843526483,0.0,0.0,22989,
741,0.00017315764853265136,0.0,0.0,22999,
741,,,,23001,0.00018886066391132772
742,0.00019868489471264184,0.0,0.0,23009,
742,0.0001717554550850764,0.0,0.0,23019,
742,0.00018513915711082518,0.0,0.0,23029,
742,,,,23032,0.00018583019846118987
743,0.000180459363036789,0.0,0.0,23039,
743,0.00016504408267792314,0.0,0.0,23049,
743,0.00017904708511196077,0.0,0.0,23059,
743,,,,23063,0.00018816307419911027
744,0.00017049702000804245,0.0,0.0,23069,
744,0.00016711662465240806,0.0,0.0,23079,
744,0.0001883480290416628,0.0,0.0,23089,
744,,,,23094,0.0001891247375169769
745,0.00019597155915107578,0.0,0.0,23099,
745,0.00020453077740967274,0.0,0.0,23109,
745,0.00017738879250828177,0.0,0.0,23119,
745,,,,23125,0.00019355340918991715
746,0.0001850325643317774,0.0,0.0,23129,
746,0.00017226775526069105,0.0,0.0,23139,
746,0.00020068674348294735,0.0,0.0,23149,
746,,,,23156,0.00018799201643560082
747,0.00022126518888399005,0.0,0.0,23159,
747,0.00017333058349322528,0.0,0.0,23169,
747,0.00015600863844156265,0.0,0.0,23179,
747,,,,23187,0.0001870884298114106
748,0.0001853301509981975,0.0,0.0,23189,
748,0.00018483361054677516,0.0,0.0,23199,
748,0.000156308407895267,0.0,0.0,23209,
748,,,,23218,0.000189450744073838
749,0.00019735989917535335,0.0,0.0,23219,
749,0.00014807736442890018,0.0,0.0,23229,
749,0.00018072193779516965,0.0,0.0,23239,
749,5.7549576013116166e-05,0.0,0.0,23249,
749,,,,23249,0.00018810179608408362
750,0.00018236058531329036,0.0,0.0,23259,
750,0.00016779059660620987,0.0,0.0,23269,
750,0.0001531809102743864,0.0,0.0,23279,
750,,,,23280,0.00018559994350653142
751,0.00017939246026799083,0.0,0.0,23289,
751,0.00019634024647530168,0.0,0.0,23299,
751,0.00016975168546196073,0.0,0.0,23309,
751,,,,23311,0.00019106248510070145
752,0.00018067320343106985,0.0,0.0,23319,
752,0.00016202463302761316,0.0,0.0,23329,
752,0.00017178786220028996,0.0,0.0,23339,
752,,,,23342,0.00018873324734158814
753,0.00018528358486946672,0.0,0.0,23349,
753,0.00016721882275305688,0.0,0.0,23359,
753,0.0001789087982615456,0.0,0.0,23369,
753,,,,23373,0.00018658782937563956
754,0.00017899782687891275,0.0,0.0,23379,
754,0.00016057728498708457,0.0,0.0,23389,
754,0.0001822790945880115,0.0,0.0,23399,
754,,,,23404,0.00018320258823223412
755,0.0002009907184401527,0.0,0.0,23409,
755,0.00018201948842033744,0.0,0.0,23419,
755,0.00016391956887673587,0.0,0.0,23429,
755,,,,23435,0.00018371673650108278
756,0.00020260746532585472,0.0,0.0,23439,
756,0.00017269102681893855,0.0,0.0,23449,
756,0.00019958992197643965,0.0,0.0,23459,
756,,,,23466,0.00018798530800268054
757,0.0002336722973268479,0.0,0.0,23469,
757,0.00016969155694823712,0.0,0.0,23479,
757,0.0001609920000191778,0.0,0.0,23489,
757,,,,23497,0.00018724573601502925
758,0.00017909324378706515,0.0,0.0,23499,
758,0.00018860693671740592,0.0,0.0,23509,
758,0.0001555916533106938,0.0,0.0,23519,
758,,,,23528,0.000191433253348805
759,0.00019901563064195216,0.0,0.0,23529,
759,0.0001489168789703399,0.0,0.0,23539,
759,0.0001793090341379866,0.0,0.0,23549,
759,6.476289127022028e-05,0.0,0.0,23559,
759,,,,23559,0.00018479237041901797
760,0.0002015025820583105,0.0,0.0,23569,
760,0.00016482587670907378,0.0,0.0,23579,
760,0.0001503774692537263,0.0,0.0,23589,
760,,,,23590,0.00018635128799360245
761,0.00018850932247005403,0.0,0.0,23599,
761,0.0002003771805902943,0.0,0.0,23609,
761,0.0001739231956889853,0.0,0.0,23619,
761,,,,23621,0.00019291041826363653
762,0.00017366083920933306,0.0,0.0,23629,
762,0.00016639383102301508,0.0,0.0,23639,
762,0.0001715763792162761,0.0,0.0,23649,
762,,,,23652,0.00018684267706703395
763,0.00017415951879229397,0.0,0.0,23659,
763,0.0001642119459575042,0.0,0.0,23669,
763,0.00017514152568764985,0.0,0.0,23679,
763,,,,23683,0.00018233951414003968
764,0.0001749053772073239,0.0,0.0,23689,
764,0.00016881900955922902,0.0,0.0,23699,
764,0.0001852062705438584,0.0,0.0,23709,
764,,,,23714,0.000178536371095106
765,0.00019462674390524626,0.0,0.0,23719,
765,0.00019498598703648895,0.0,0.0,23729,
765,0.00016496771422680467,0.0,0.0,23739,
765,,,,23745,0.00018120465392712504
766,0.00017439578368794173,0.0,0.0,23749,
766,0.0001630495535209775,0.0,0.0,23759,
766,0.00019002147018909454,0.0,0.0,23769,
766,,,,23776,0.00017687483341433108
767,0.00021277842461131513,0.0,0.0,23779,
767,0.00016492295253556222,0.0,0.0,23789,
767,0.00015667172556277364,0.0,0.0,23799,
767,,,,23807,0.00018031122453976423
768,0.0001730748190311715,0.0,0.0,23809,
768,0.00019939520279876888,0.0,0.0,23819,
768,0.00016066826356109232,0.0,0.0,23829,
768,,,,23838,0.00019290980708319694
769,0.00019992732268292457,0.0,0.0,23839,
769,0.000152568391058594,0.0,0.0,23849,
769,0.00017739254690241069,0.0,0.0,23859,
769,6.25042084720917e-05,0.0,0.0,23869,
769,,,,23869,0.0001879943738458678
770,0.00018255635222885758,0.0,0.0,23879,
770,0.00016173519543372095,0.0,0.0,23889,
770,0.00014891107275616378,0.0,0.0,23899,
770,,,,23900,0.00017540219414513558
771,0.00016988998686429113,0.0,0.0,23909,
771,0.00018723767425399274,0.0,0.0,23919,
771,0.00016614122432656586,0.0,0.0,23929,
771,,,,23931,0.00017854645557235926
772,0.00018052929954137653,0.0,0.0,23939,
772,0.00015894715033937246,0.0,0.0,23949,
772,0.00017524346185382456,0.0,0.0,23959,
772,,,,23962,0.00018420378910377622
773,0.0001688491611275822,0.0,0.0,23969,
773,0.0001660115667618811,0.0,0.0,23979,
773,0.00016772933304309845,0.0,0.0,23989,
773,,,,23993,0.00018195968004874885
774,0.00016957978368736804,0.0,0.0,23999,
774,0.00016952361329458654,0.0,0.0,24009,
774,0.0001772578398231417,0.0,0.0,24019,
774,,,,24024,0.0001802192855393514
775,0.00017436603957321495,0.0,0.0,24029,
775,0.00018188671674579382,0.0,0.0,24039,
775,0.00016189407324418426,0.0,0.0,24049,
775,,,,24055,0.0001780440506990999
776,0.0001757218997227028,0.0,0.0,24059,
776,0.00016191283066291362,0.0,0.0,24069,
776,0.00018777688092086464,0.0,0.0,24079,
776,,,,24086,0.00017604950699023902
777,0.00022478775645140558,0.0,0.0,24089,
777,0.00015550277021247894,0.0,0.0,24099,
777,0.0001516162883490324,0.0,0.0,24109,
777,,,,24117,0.00018006216851063073
778,0.00017332415154669434,0.0,0.0,24119,
778,0.00017266844224650413,0.0,0.0,24129,
778,0.00014954767539165914,0.0,0.0,24139,
778,,,,24148,0.00017629309149924666
779,0.00018356252985540777,0.0,0.0,24149,
779,0.0001460471685277298,0.0,0.0,24159,
779,0.00017388506967108697,0.0,0.0,24169,
779,5.569958739215508e-05,0.0,0.0,24179,
779,,,,24179,0.00018181910854764283
780,0.00017295587167609483,0.0,0.0,24189,
780,0.00016212262562476099,0.0,0.0,24199,
780,0.00014812315930612385,0.0,0.0,24209,
780,,,,24210,0.00017847656272351742
781,0.00016840477474033833,0.0,0.0,24219,
781,0.00019026805239263922,0.0,0.0,24229,
781,0.00016351397789549083,0.0,0.0,24239,
781,,,,24241,0.0001789250673027709
782,0.00017480635142419487,0.0,0.0,24249,
782,0.00015564588829874992,0.0,0.0,24259,
782,0.00017542355635669082,0.0,0.0,24269,
782,,,,24272,0.00017810259305406362
783,0.0001749059301801026,0.0,0.0,24279,
783,0.00016019988106563687,0.0,0.0,24289,
783,0.00017259418382309377,0.0,0.0,24299,
783,,,,24303,0.00017978694813791662
784,0.0001626742450753227,0.0,0.0,24309,
784,0.00016049826808739454,0.0,0.0,24319,
784,0.00017637551354710013,0.0,0.0,24329,
784,,,,24334,0.00017687083163764328
785,0.00018484427710063756,0.0,0.0,24339,
785,0.000188362697372213,0.0,0.0,24349,
785,0.00016859803872648627,0.0,0.0,24359,
785,,,,24365,0.00017905342974700034
786,0.00018315555644221604,0.0,0.0,24369,
786,0.00017077094526030123,0.0,0.0,24379,
786,0.00019373647228349,0.0,0.0,24389,
786,,,,24396,0.00018048699712380767
787,0.00021355593344196677,0.0,0.0,24399,
787,0.00016353173123206943,0.0,0.0,24409,
787,0.00015124607307370752,0.0,0.0,24419,
787,,,,24427,0.00018025616009254009
788,0.00017184426542371511,0.0,0.0,24429,
788,0.0001716438855510205,0.0,0.0,24439,
788,0.00014801870565861464,0.0,0.0,24449,
788,,,,24458,0.0001727653288980946
789,0.00018007878679782152,0.0,0.0,24459,
789,0.00014693332195747644,0.0,0.0,24469,
789,0.00017086835578083992,0.0,0.0,24479,
789,5.398787834565155e-05,0.0,0.0,24489,
789,,,,24489,0.00017575177480466664
790,0.0001868520921561867,0.0,0.0,24499,
790,0.00015667240950278938,0.0,0.0,24509,
790,0.00014589374768547714,0.0,0.0,24519,
790,,,,24520,0.00017539555847179145
791,0.000173946435097605,0.0,0.0,24529,
791,0.0001833891001297161,0.0,0.0,24539,
791,0.0001724641042528674,0.0,0.0,24549,
791,,,,24551,0.00018101505702361465
792,0.00019103246449958533,0.0,0.0,24559,
792,0.0001743492903187871,0.0,0.0,24569,
792,0.0001723150780890137,0.0,0.0,24579,
792,,,,24582,0.00018581953190732747
793,0.00016716067329980433,0.0,0.0,24589,
793,0.0001620514813112095,0.0,0.0,24599,
793,0.00016708836483303457,0.0,0.0,24609,
793,,,,24613,0.00017146990285255015
794,0.000155808957060799,0.0,0.0,24619,
794,0.00015350207104347646,0.0,0.0,24629,
794,0.0001730215735733509,0.0,0.0,24639,
794,,,,24644,0.0001746025081956759
795,0.00017352186841890216,0.0,0.0,24649,
795,0.0001777134311851114,0.0,0.0,24659,
795,0.0001604553690413013,0.0,0.0,24669,
795,,,,24675,0.00017410078726243228
796,0.0001908575213747099,0.0,0.0,24679,
796,0.00017235609993804246,0.0,0.0,24689,
796,0.00018559984164312482,0.0,0.0,24699,
796,,,,24706,0.0001791083050193265
797,0.0002172849199268967,0.0,0.0,24709,
797,0.00015537544095423073,0.0,0.0,24719,
797,0.0001471960567869246,0.0,0.0,24729,
797,,,,24737,0.0001897059555631131
798,0.00019139121286571026,0.0,0.0,24739,
798,0.00017083584680221975,0.0,0.0,24749,
798,0.0001517028867965564,0.0,0.0,24759,
798,,,,24768,0.00018220518541056663
799,0.00018845037266146392,0.0,0.0,24769,
799,0.00013816938735544682,0.0,0.0,24779,
799,0.00016926994430832565,0.0,0.0,24789,
799,6.899733125464991e-05,0.0,0.0,24799,
799,,,,24799,0.0001750233641359955
800,0.00017387715342920274,0.0,0.0,24809,
800,0.00016557234630454332,0.0,0.0,24819,
800,0.00014406292757485062,0.0,0.0,24829,
800,,,,24830,0.00018015537352766842
801,0.00016301614232361317,0.0,0.0,24839,
801,0.0001871839922387153,0.0,0.0,24849,
801,0.00016857667651493102,0.0,0.0,24859,
801,,,,24861,0.0001719708670862019
802,0.00018112268298864365,0.0,0.0,24869,
802,0.00015049312787596136,0.0,0.0,24879,
802,0.00016412392142228782,0.0,0.0,24889,
802,,,,24892,0.00017762547940947115
803,0.0001623826683498919,0.0,0.0,24899,
803,0.00015294940385501832,0.0,0.0,24909,
803,0.00017085923172999173,0.0,0.0,24919,
803,,,,24923,0.00017012357420753688
804,0.0001768975198501721,0.0,0.0,24929,
804,0.0001540712546557188,0.0,0.0,24939,
804,0.00016833592962939292,0.0,0.0,24949,
804,,,,24954,0.00017375516472384334
805,0.00017937799566425383,0.0,0.0,24959,
805,0.00017826726252678782,0.0,0.0,24969,
805,0.0001601514668436721,0.0,0.0,24979,
805,,,,24985,0.0001747513160808012
806,0.00017215202387887985,0.0,0.0,24989,
806,0.0001621554692974314,0.0,0.0,24999,
806,0.00018613171414472163,0.0,0.0,25009,
806,,,,25016,0.00017308616952504963
807,0.00021611432021018118,0.0,0.0,25019,
807,0.00015574568533338606,0.0,0.0,25029,
807,0.00014472584007307887,0.0,0.0,25039,
807,,,,25047,0.00017393431335221976
808,0.00017687348008621484,0.0,0.0,25049,
808,0.00017391466826666147,0.0,0.0,25059,
808,0.00014462984108831733,0.0,0.0,25069,
808,,,,25078,0.00017585090245120227
809,0.00018229214765597135,0.0,0.0,25079,
809,0.0001380600588163361,0.0,0.0,25089,
809,0.00016750663053244352,0.0,0.0,25099,
809,5.375904947868548e-05,0.0,0.0,25109,
809,,,,25109,0.00017280320753343403
810,0.0001735272817313671,0.0,0.0,25119,
810,0.00015435241220984608,0.0,0.0,25129,
810,0.00014019969967193902,0.0,0.0,25139,
810,,,,25140,0.0001757489371811971
811,0.00016181013779714704,0.0,0.0,25149,
811,0.00018332783656660467,0.0,0.0,25159,
811,0.00015715185145381838,0.0,0.0,25169,
811,,,,25171,0.00017419560754206032
812,0.00016887648962438107,0.0,0.0,25179,
812,0.0001499390637036413,0.0,0.0,25189,
812,0.00016352588136214763,0.0,0.0,25199,
812,,,,25202,0.0001717653649393469
813,0.00017612570081837475,0.0,0.0,25209,
813,0.00016008628881536424,0.0,0.0,25219,
813,0.0001657475222600624,0.0,0.0,25229,
813,,,,25233,0.0001713015662971884
814,0.00017325906082987785,0.0,0.0,25239,
814,0.00015535794955212623,0.0,0.0,25249,
814,0.0001684470771579072,0.0,0.0,25259,
814,,,,25264,0.00017282743647228926
815,0.00017583898443263024,0.0,0.0,25269,
815,0.00017616566037759185,0.0,0.0,25279,
815,0.00015251028526108712,0.0,0.0,25289,
815,,,,25295,0.0001720839209156111
816,0.00017684680642560124,0.0,0.0,25299,
816,0.00015313478070311248,0.0,0.0,25309,
816,0.0001851807755883783,0.0,0.0,25319,
816,,,,25326,0.00017420039512217045
817,0.00021593892597593367,0.0,0.0,25329,
817,0.00015219638589769602,0.0,0.0,25339,
817,0.0001424136571586132,0.0,0.0,25349,
817,,,,25357,0.00017224001931026578
818,0.00017184660828206688,0.0,0.0,25359,
818,0.00017318232858087867,0.0,0.0,25369,
818,0.00014738936442881823,0.0,0.0,25379,
818,,,,25388,0.00017568857583682984
819,0.00018197762256022543,0.0,0.0,25389,
819,0.00014390787691809237,0.0,0.0,25399,
819,0.00016980407235678285,0.0,0.0,25409,
819,6.48571367491968e-05,0.0,0.0,25419,
819,,,,25419,0.0001699946151347831
820,0.00016988515562843531,0.0,0.0,25429,
820,0.00015533178520854563,0.0,0.0,25439,
820,0.0001465402019675821,0.0,0.0,25449,
820,,,,25450,0.00016779164434410632
821,0.00016607697762083262,0.0,0.0,25459,
821,0.00018124355119653046,0.0,0.0,25469,
821,0.00015815961523912847,0.0,0.0,25479,
821,,,,25481,0.0001749057846609503
822,0.00017126635066233575,0.0,0.0,25489,
822,0.00014623472816310823,0.0,0.0,25499,
822,0.00016056856838986278,0.0,0.0,25509,
822,,,,25512,0.00017651336384005845
823,0.0001671196223469451,0.0,0.0,25519,
823,0.00014967411698307842,0.0,0.0,25529,
823,0.0001607500307727605,0.0,0.0,25539,
823,,,,25543,0.00017403897072654217
824,0.00015418966358993202,0.0,0.0,25549,
824,0.00014684704365208745,0.0,0.0,25559,
824,0.00017047126311808825,0.0,0.0,25569,
824,,,,25574,0.0001720600266708061
825,0.0001983392285183072,0.0,0.0,25579,
825,0.00017882815154735,0.0,0.0,25589,
825,0.00015931506641209126,0.0,0.0,25599,
825,,,,25605,0.00017254301928915083
826,0.00018954330880660564,0.0,0.0,25609,
826,0.00014785320672672242,0.0,0.0,25619,
826,0.00017608869529794902,0.0,0.0,25629,
826,,,,25636,0.0001682222937233746
827,0.00019932573195546865,0.0,0.0,25639,
827,0.0001463974331272766,0.0,0.0,25649,
827,0.00014140277926344424,0.0,0.0,25659,
827,,,,25667,0.0001664469891693443
828,0.00015110505046322942,0.0,0.0,25669,
828,0.00016565174155402929,0.0,0.0,25679,
828,0.00014484547136817127,0.0,0.0,25689,
828,,,,25698,0.00017304335779044777
829,0.00017922898405231535,0.0,0.0,25699,
829,0.00014160719001665711,0.0,0.0,25709,
829,0.0001740730949677527,0.0,0.0,25719,
829,5.6038727052509785e-05,0.0,0.0,25729,
829,,,,25729,0.00018043744785245508
830,0.00016728909395169467,0.0,0.0,25739,
830,0.00015462077863048762,0.0,0.0,25749,
830,0.0001383722119498998,0.0,0.0,25759,
830,,,,25760,0.00017094497161451727
831,0.00016083243826869875,0.0,0.0,25769,
831,0.00018062432354781777,0.0,0.0,25779,
831,0.0001520469959359616,0.0,0.0,25789,
831,,,,25791,0.00016704572772141546
832,0.00016319639689754695,0.0,0.0,25799,
832,0.0001454534358344972,0.0,0.0,25809,
832,0.00016240205150097609,0.0,0.0,25819,
832,,,,25822,0.000165548684890382
833,0.0001769793452695012,0.0,0.0,25829,
833,0.00016223927377723157,0.0,0.0,25839,
833,0.00016053504077717662,0.0,0.0,25849,
833,,,,25853,0.00017009707516990602
834,0.00015310656453948468,0.0,0.0,25859,
834,0.00015006009198259562,0.0,0.0,25869,
834,0.0001651410711929202,0.0,0.0,25879,
834,,,,25884,0.0001744479377521202
835,0.00016632860933896154,0.0,0.0,25889,
835,0.00017592374933883548,0.0,0.0,25899,
835,0.00015139802417252213,0.0,0.0,25909,
835,,,,25915,0.0001748048234730959
836,0.00017081483383663,0.0,0.0,25919,
836,0.0001545608974993229,0.0,0.0,25929,
836,0.0001774260017555207,0.0,0.0,25939,
836,,,,25946,0.00016736813995521516
837,0.00019610831805039197,0.0,0.0,25949,
837,0.0001613670465303585,0.0,0.0,25959,
837,0.00014428430586121976,0.0,0.0,25969,
837,,,,25977,0.0001731682859826833
838,0.00016040779883041978,0.0,0.0,25979,
838,0.0001690511271590367,0.0,0.0,25989,
838,0.00014419994840864092,0.0,0.0,25999,
838,,,,26008,0.0001652820938033983
839,0.00017164881865028292,0.0,0.0,26009,
839,0.00013495732855517417,0.0,0.0,26019,
839,0.00016776673146523535,0.0,0.0,26029,
839,8.899998647393659e-05,0.0,0.0,26039,
839,,,,26039,0.00017163950542453676
840,0.00017167546320706606,0.0,0.0,26049,
840,0.00015067313506733626,0.0,0.0,26059,
840,0.0001395753351971507,0.0,0.0,26069,
840,,,,26070,0.00017302832566201687
841,0.00015909776266198605,0.0,0.0,26079,
841,0.0001787795190466568,0.0,0.0,26089,
841,0.00015500934387091547,0.0,0.0,26099,
841,,,,26101,0.0001725914771668613
842,0.0001640637347009033,0.0,0.0,26109,
842,0.00014802323130425066,0.0,0.0,26119,
842,0.00015861426072660834,0.0,0.0,26129,
842,,,,26132,0.00017395222675986588
843,0.0001594220520928502,0.0,0.0,26139,
843,0.00014865891716908664,0.0,0.0,26149,
843,0.00015803214046172798,0.0,0.0,26159,
843,,,,26163,0.00016582346870563924
844,0.00017420937365386635,0.0,0.0,26169,
844,0.00015630714187864214,0.0,0.0,26179,
844,0.00016416970174759626,0.0,0.0,26189,
844,,,,26194,0.000172952059074305
845,0.00016458598838653415,0.0,0.0,26199,
845,0.00016527227126061916,0.0,0.0,26209,
845,0.00015020840510260314,0.0,0.0,26219,
845,,,,26225,0.00016752055671531707
846,0.00016231009794864804,0.0,0.0,26229,
846,0.0001478864869568497,0.0,0.0,26239,
846,0.0001745271001709625,0.0,0.0,26249,
846,,,,26256,0.0001714245299808681
847,0.00020416491315700114,0.0,0.0,26259,
847,0.00015935313422232866,0.0,0.0,26269,
847,0.00014234166883397847,0.0,0.0,26279,
847,,,,26287,0.00017301811021752656
848,0.00017335395386908203,0.0,0.0,26289,
848,0.00016317506378982216,0.0,0.0,26299,
848,0.00014189939247444272,0.0,0.0,26309,
848,,,,26318,0.00018355078645981848
849,0.00018904781609307975,0.0,0.0,26319,
849,0.00013713374210055918,0.0,0.0,26329,
849,0.0001659988920437172,0.0,0.0,26339,
849,5.6922752264654264e-05,0.0,0.0,26349,
849,,,,26349,0.0001687428739387542
850,0.00016497820615768433,0.0,0.0,26359,
850,0.00014928614837117493,0.0,0.0,26369,
850,0.0001382127229589969,0.0,0.0,26379,
850,,,,26380,0.00016669333854224533
851,0.00015781902766320854,0.0,0.0,26389,
851,0.00017790126730687916,0.0,0.0,26399,
851,0.0001614228094695136,0.0,0.0,26409,
851,,,,26411,0.00016243275604210794
852,0.00015569933748338372,0.0,0.0,26419,
852,0.0001403218921041116,0.0,0.0,26429,
852,0.00015577886370010674,0.0,0.0,26439,
852,,,,26442,0.00016467124805785716
853,0.0001632906642043963,0.0,0.0,26449,
853,0.00014834046305622905,0.0,0.0,26459,
853,0.00015751995670143515,0.0,0.0,26469,
853,,,,26473,0.0001612329506315291
854,0.0001721923181321472,0.0,0.0,26479,
854,0.00014948344323784113,0.0,0.0,26489,
854,0.00015898150741122663,0.0,0.0,26499,
854,,,,26504,0.00016621500253677368
855,0.00016940229397732764,0.0,0.0,26509,
855,0.0001682150614215061,0.0,0.0,26519,
855,0.0001485724642407149,0.0,0.0,26529,
855,,,,26535,0.00016450425027869642
856,0.0001635456719668582,0.0,0.0,26539,
856,0.00015014453674666584,0.0,0.0,26549,
856,0.00017599787679500878,0.0,0.0,26559,
856,,,,26566,0.00016542556113563478
857,0.00020035823399666697,0.0,0.0,26569,
857,0.0001486711553297937,0.0,0.0,26579,
857,0.00013969569408800453,0.0,0.0,26589,
857,,,,26597,0.00016185831918846816
858,0.00015872596122790128,0.0,0.0,26599,
858,0.00016375885752495378,0.0,0.0,26609,
858,0.00014385675603989512,0.0,0.0,26619,
858,,,,26628,0.00016865142970345914
859,0.00017451743769925088,0.0,0.0,26629,
859,0.00014074391219764948,0.0,0.0,26639,
859,0.00016241957200691104,0.0,0.0,26649,
859,5.2813564252574e-05,0.0,0.0,26659,
859,,,,26659,0.00017103362188208848
860,0.00016058019537013024,0.0,0.0,26669,
860,0.00014443100371863693,0.0,0.0,26679,
860,0.00013998277427162975,0.0,0.0,26689,
860,,,,26690,0.00016369113291148096
861,0.00017289551033172756,0.0,0.0,26699,
861,0.00017840942018665373,0.0,0.0,26709,
861,0.00015158460882958025,0.0,0.0,26719,
861,,,,26721,0.00017040659440681338
862,0.00015627068933099508,0.0,0.0,26729,
862,0.00014205127081368119,0.0,0.0,26739,
862,0.0001528321736259386,0.0,0.0,26749,
862,,,,26752,0.00016469668480567634
863,0.00015342337428592145,0.0,0.0,26759,
863,0.00014530098997056484,0.0,0.0,26769,
863,0.0001650073245400563,0.0,0.0,26779,
863,,,,26783,0.00016962971130851656
864,0.00016472776769660413,0.0,0.0,26789,
864,0.000144761404953897,0.0,0.0,26799,
864,0.00015868448826950043,0.0,0.0,26809,
864,,,,26814,0.00017086128355003893
865,0.00016161924577318132,0.0,0.0,26819,
865,0.00016778554709162563,0.0,0.0,26829,
865,0.0001450030249543488,0.0,0.0,26839,
865,,,,26845,0.00018070875375997275
866,0.0001596627407707274,0.0,0.0,26849,
866,0.00014742006896995008,0.0,0.0,26859,
866,0.00017010130977723747,0.0,0.0,26869,
866,,,,26876,0.00016660225810483098
867,0.00018520613957662135,0.0,0.0,26879,
867,0.0001386693329550326,0.0,0.0,26889,
867,0.0001357312430627644,0.0,0.0,26899,
867,,,,26907,0.00016140691877808422
868,0.00015013734810054302,0.0,0.0,26909,
868,0.00016358277935069054,0.0,0.0,26919,
868,0.00014595029642805457,0.0,0.0,26929,
868,,,,26938,0.00015938277647364885
869,0.00016516377218067646,0.0,0.0,26939,
869,0.00013551574375014752,0.0,0.0,26949,
869,0.00016383521142415702,0.0,0.0,26959,
869,4.8147245252039284e-05,0.0,0.0,26969,
869,,,,26969,0.00016644710558466613
870,0.0001684608869254589,0.0,0.0,26979,
870,0.00015259484644047916,0.0,0.0,26989,
870,0.00013944745296612382,0.0,0.0,26999,
870,,,,27000,0.0001636822707951069
871,0.00016348851204384118,0.0,0.0,27009,
871,0.0001737324782880023,0.0,0.0,27019,
871,0.00014389898569788784,0.0,0.0,27029,
871,,,,27031,0.00016162551764864475
872,0.00015785262803547084,0.0,0.0,27039,
872,0.00014431778981816024,0.0,0.0,27049,
872,0.0001499079808127135,0.0,0.0,27059,
872,,,,27062,0.00016047422832343727
873,0.0001629693724680692,0.0,0.0,27069,
873,0.00015043046732898802,0.0,0.0,27079,
873,0.00015740026719868183,0.0,0.0,27089,
873,,,,27093,0.00016060653433669358
874,0.0001469162234570831,0.0,0.0,27099,
874,0.0001425731898052618,0.0,0.0,27109,
874,0.00015977451403159648,0.0,0.0,27119,
874,,,,27124,0.000161755335284397
875,0.00016657958622090518,0.0,0.0,27129,
875,0.00016825109196361154,0.0,0.0,27139,
875,0.00015369945322163403,0.0,0.0,27149,
875,,,,27155,0.00016773102106526494
876,0.00016342684102710336,0.0,0.0,27159,
876,0.00014752638526260853,0.0,0.0,27169,
876,0.00016963791858870536,0.0,0.0,27179,
876,,,,27186,0.00016371959645766765
877,0.0001993462210521102,0.0,0.0,27189,
877,0.00014144742453936487,0.0,0.0,27199,
877,0.0001363799092359841,0.0,0.0,27209,
877,,,,27217,0.00015992076077964157
878,0.00014493396156467497,0.0,0.0,27219,
878,0.00016519635391887277,0.0,0.0,27229,
878,0.0001365644857287407,0.0,0.0,27239,
878,,,,27248,0.0001654544466873631
879,0.00017089473840314895,0.0,0.0,27249,
879,0.00013360410230234265,0.0,0.0,27259,
879,0.00016119091014843434,0.0,0.0,27269,
879,4.7691566578578204e-05,0.0,0.0,27279,
879,,,,27279,0.00016073718143161386
880,0.00015619216719642282,0.0,0.0,27289,
880,0.0001492045703344047,0.0,0.0,27299,
880,0.0001682980073383078,0.0,0.0,27309,
880,,,,27310,0.00016227499872911721
881,0.00015517848078161478,0.0,0.0,27319,
881,0.0001700442808214575,0.0,0.0,27329,
881,0.00014494468632619828,0.0,0.0,27339,
881,,,,27341,0.00016762294399086386
882,0.00016647239681333303,0.0,0.0,27349,
882,0.00013865427172277123,0.0,0.0,27359,
882,0.00015263244858942926,0.0,0.0,27369,
882,,,,27372,0.00017089668835978955
883,0.00015518901636824012,0.0,0.0,27379,
883,0.00014464091509580612,0.0,0.0,27389,
883,0.00015053822426125407,0.0,0.0,27399,
883,,,,27403,0.00016732056974433362
884,0.00014346266107168049,0.0,0.0,27409,
884,0.0001362437615171075,0.0,0.0,27419,
884,0.00015822694695089012,0.0,0.0,27429,
884,,,,27434,0.0001579385861987248
885,0.00015942165919113904,0.0,0.0,27439,
885,0.00016103564121294767,0.0,0.0,27449,
885,0.00014471146278083324,0.0,0.0,27459,
885,,,,27465,0.0001557631476316601
886,0.00017056618526112288,0.0,0.0,27469,
886,0.0001413976278854534,0.0,0.0,27479,
886,0.0001704565656837076,0.0,0.0,27489,
886,,,,27496,0.0001650219055591151
887,0.0002048983733402565,0.0,0.0,27499,
887,0.00015056545089464635,0.0,0.0,27509,
887,0.00013655112707056105,0.0,0.0,27519,
887,,,,27527,0.00016647604934405535
888,0.00016398151637986302,0.0,0.0,27529,
888,0.00016204379789996892,0.0,0.0,27539,
888,0.00013389645027928054,0.0,0.0,27549,
888,,,,27558,0.00016307357873301953
889,0.0001682556903688237,0.0,0.0,27559,
889,0.00012927362695336342,0.0,0.0,27569,
889,0.0001552103931317106,0.0,0.0,27579,
889,4.809586243936792e-05,0.0,0.0,27589,
889,,,,27589,0.00016018100723158568
890,0.00015497568529099226,0.0,0.0,27599,
890,0.0001426263916073367,0.0,0.0,27609,
890,0.00013273301010485739,0.0,0.0,27619,
890,,,,27620,0.00015913137758616358
891,0.0001537383795948699,0.0,0.0,27629,
891,0.00016813885304145515,0.0,0.0,27639,
891,0.00015282056119758636,0.0,0.0,27649,
891,,,,27651,0.00015666642866563052
892,0.00016576448979321867,0.0,0.0,27659,
892,0.00013524777023121715,0.0,0.0,27669,
892,0.00015058385906741023,0.0,0.0,27679,
892,,,,27682,0.00016766211774665862
893,0.0001530745648778975,0.0,0.0,27689,
893,0.0001399580796714872,0.0,0.0,27699,
893,0.0001511775772087276,0.0,0.0,27709,
893,,,,27713,0.00016291285282932222
894,0.0001444149384042248,0.0,0.0,27719,
894,0.0001360115420538932,0.0,0.0,27729,
894,0.00015977723523974419,0.0,0.0,27739,
894,,,,27744,0.0001586952421348542
895,0.00018921602168120444,0.0,0.0,27749,
895,0.00016162268002517521,0.0,0.0,27759,
895,0.00014661296154372394,0.0,0.0,27769,
895,,,,27775,0.00016221278929151595
896,0.0001793322735466063,0.0,0.0,27779,
896,0.0001447344257030636,0.0,0.0,27789,
896,0.00016659192624501884,0.0,0.0,27799,
896,,,,27806,0.00015731289749965072
897,0.0001850107655627653,0.0,0.0,27809,
897,0.00013695009693037719,0.0,0.0,27819,
897,0.00013204549031797796,0.0,0.0,27829,
897,,,,27837,0.0001579506351845339
898,0.0001520476071164012,0.0,0.0,27839,
898,0.000156880691065453,0.0,0.0,27849,
898,0.00013370242959354073,0.0,0.0,27859,
898,,,,27868,0.0001646317250560969
899,0.0001697393017821014,0.0,0.0,27869,
899,0.00012798685929737985,0.0,0.0,27879,
899,0.00016069025150500238,0.0,0.0,27889,
899,4.7862002247711644e-05,0.0,0.0,27899,
899,,,,27899,0.00016260916891042143
900,0.00015685583639424294,0.0,0.0,27909,
900,0.00014612017548643053,0.0,0.0,27919,
900,0.00013539884821511805,0.0,0.0,27929,
900,,,,27930,0.000159039453137666
901,0.00015659072960261256,0.0,0.0,27939,
901,0.00017346545064356178,0.0,0.0,27949,
901,0.0001462355867261067,0.0,0.0,27959,
901,,,,27961,0.0001633830543141812
902,0.00015059149882290512,0.0,0.0,27969,
902,0.00013361891615204513,0.0,0.0,27979,
902,0.00015132158296182752,0.0,0.0,27989,
902,,,,27992,0.00015834816440474242
903,0.0001472933654440567,0.0,0.0,27999,
903,0.0001394012215314433,0.0,0.0,28009,
903,0.00015454924141522497,0.0,0.0,28019,
903,,,,28023,0.0001571388856973499
904,0.00015541899483650923,0.0,0.0,28029,
904,0.0001426981034455821,0.0,0.0,28039,
904,0.00014997360995039344,0.0,0.0,28049,
904,,,,28054,0.00016565993428230286
905,0.0001619037357158959,0.0,0.0,28059,
905,0.0001638986577745527,0.0,0.0,28069,
905,0.00014355721941683441,0.0,0.0,28079,
905,,,,28085,0.00016512103320565075
906,0.00015535848797298968,0.0,0.0,28089,
906,0.00014428551367018372,0.0,0.0,28099,
906,0.00016785076877567917,0.0,0.0,28109,
906,,,,28116,0.00015874406381044537
907,0.00018072752573061734,0.0,0.0,28119,
907,0.000140976466354914,0.0,0.0,28129,
907,0.00013534551544580609,0.0,0.0,28139,
907,,,,28147,0.00016152024909388274
908,0.0001494430616730824,0.0,0.0,28149,
908,0.00015506807540077716,0.0,0.0,28159,
908,0.0001346007629763335,0.0,0.0,28169,
908,,,,28178,0.0001556411007186398
909,0.00016071494610514492,0.0,0.0,28179,
909,0.00012574909487739205,0.0,0.0,28189,
909,0.00015672964218538254,0.0,0.0,28199,
909,5.147807678440586e-05,0.0,0.0,28209,
909,,,,28209,0.00015375480870716274
910,0.00015908657223917544,0.0,0.0,28219,
910,0.00014466047286987305,0.0,0.0,28229,
910,0.00013493699952960014,0.0,0.0,28239,
910,,,,28240,0.00016677584790159017
911,0.00015377970703411847,0.0,0.0,28249,
911,0.00017713737906888127,0.0,0.0,28259,
911,0.00014293314598035067,0.0,0.0,28269,
911,,,,28271,0.0001622662675799802
912,0.00015620440535712987,0.0,0.0,28279,
912,0.00014014940825290978,0.0,0.0,28289,
912,0.00014353958249557763,0.0,0.0,28299,
912,,,,28302,0.0001590673200553283
913,0.00014983263099566102,0.0,0.0,28309,
913,0.00014221161836758256,0.0,0.0,28319,
913,0.00014619220746681094,0.0,0.0,28329,
913,,,,28333,0.00015660056669730693
914,0.00014185108011588454,0.0,0.0,28339,
914,0.00014186042244546115,0.0,0.0,28349,
914,0.00015079588047228754,0.0,0.0,28359,
914,,,,28364,0.00015495630213990808
915,0.0001575408095959574,0.0,0.0,28369,
915,0.00016299095295835286,0.0,0.0,28379,
915,0.0001404285430908203,0.0,0.0,28389,
915,,,,28395,0.00015795131912454963
916,0.00015490678197238594,0.0,0.0,28399,
916,0.00014063017442822456,0.0,0.0,28409,
916,0.00016901815251912922,0.0,0.0,28419,
916,,,,28426,0.00015914524556137621
917,0.00018071381782647222,0.0,0.0,28429,
917,0.0001372249680571258,0.0,0.0,28439,
917,0.00013365497579798102,0.0,0.0,28449,
917,,,,28457,0.00015461977454833686
918,0.00013795772974845022,0.0,0.0,28459,
918,0.00015541850007139146,0.0,0.0,28469,
918,0.0001368571538478136,0.0,0.0,28479,
918,,,,28488,0.00015721912495791912
919,0.00016196505748666823,0.0,0.0,28489,
919,0.0001233895163750276,0.0,0.0,28499,
919,0.0001578759984113276,0.0,0.0,28509,
919,8.808093843981624e-05,0.0,0.0,28519,
919,,,,28519,0.00016314437380060554
920,0.00015947672363836318,0.0,0.0,28529,
920,0.0001427475071977824,0.0,0.0,28539,
920,0.0001309222134295851,0.0,0.0,28549,
920,,,,28550,0.00015434941451530904
921,0.00014550120977219194,0.0,0.0,28559,
921,0.0001638947578612715,0.0,0.0,28569,
921,0.00014242100587580353,0.0,0.0,28579,
921,,,,28581,0.00016175673226825893
922,0.00015282328240573406,0.0,0.0,28589,
922,0.00013202978880144656,0.0,0.0,28599,
922,0.00014966628805268556,0.0,0.0,28609,
922,,,,28612,0.00016292584768962115
923,0.00014117035607341677,0.0,0.0,28619,
923,0.00013866572408005595,0.0,0.0,28629,
923,0.00014731990813743323,0.0,0.0,28639,
923,,,,28643,0.00015500621520914137
924,0.0001547021238366142,0.0,0.0,28649,
924,0.00013635314826387912,0.0,0.0,28659,
924,0.0001503454550402239,0.0,0.0,28669,
924,,,,28674,0.00015755525964777917
925,0.0001543497492093593,0.0,0.0,28679,
925,0.0001553877373225987,0.0,0.0,28689,
925,0.00014048545563127846,0.0,0.0,28699,
925,,,,28705,0.00015243490634020418
926,0.00015460644499398768,0.0,0.0,28709,
926,0.00013544927060138434,0.0,0.0,28719,
926,0.0001632106868783012,0.0,0.0,28729,
926,,,,28736,0.00015563263150397688
927,0.00019979008357040584,0.0,0.0,28739,
927,0.0001344292686553672,0.0,0.0,28749,
927,0.00012963185145054013,0.0,0.0,28759,
927,,,,28767,0.00015764645650051534
928,0.00015580133185721934,0.0,0.0,28769,
928,0.00015467296179849654,0.0,0.0,28779,
928,0.0001288596831727773,0.0,0.0,28789,
928,,,,28798,0.00015695623005740345
929,0.00016153047909028828,0.0,0.0,28799,
929,0.00012797137605957687,0.0,0.0,28809,
929,0.0001509742287453264,0.0,0.0,28819,
929,4.9856185796670616e-05,0.0,0.0,28829,
929,,,,28829,0.00015992003318388015
930,0.00014865155389998108,0.0,0.0,28839,
930,0.00014246487990021706,0.0,0.0,28849,
930,0.00012529510422609746,0.0,0.0,28859,
930,,,,28860,0.00015544435882475227
931,0.00014575502427760512,0.0,0.0,28869,
931,0.0001649066834943369,0.0,0.0,28879,
931,0.0001669247867539525,0.0,0.0,28889,
931,,,,28891,0.00015354987408500165
932,0.00015750012244097888,0.0,0.0,28899,
932,0.00014217267744243145,0.0,0.0,28909,
932,0.0001435388985555619,0.0,0.0,28919,
932,,,,28922,0.00015344830171670765
933,0.0001529900182504207,0.0,0.0,28929,
933,0.00013841675536241382,0.0,0.0,28939,
933,0.00014815409667789936,0.0,0.0,28949,
933,,,,28953,0.00016260529810097069
934,0.00014254404231905937,0.0,0.0,28959,
934,0.00013063818914815784,0.0,0.0,28969,
934,0.0001481122599216178,0.0,0.0,28979,
934,,,,28984,0.00015809270553290844
935,0.00015725565026514232,0.0,0.0,28989,
935,0.00015422020805999637,0.0,0.0,28999,
935,0.00013667301391251385,0.0,0.0,29009,
935,,,,29015,0.00015532576071564108
936,0.0001549323642393574,0.0,0.0,29019,
936,0.00013840895553585142,0.0,0.0,29029,
936,0.00015865953173488379,0.0,0.0,29039,
936,,,,29046,0.00015388584870379418
937,0.00018170980911236256,0.0,0.0,29049,
937,0.0001352725812466815,0.0,0.0,29059,
937,0.00012684406829066575,0.0,0.0,29069,
937,,,,29077,0.00015315842756535858
938,0.0001451751886634156,0.0,0.0,29079,
938,0.0001527671847725287,0.0,0.0,29089,
938,0.00013769656652584672,0.0,0.0,29099,
938,,,,29108,0.00015415321104228497
939,0.0001587007282068953,0.0,0.0,29109,
939,0.00012514791160356253,0.0,0.0,29119,
939,0.00016026529192458838,0.0,0.0,29129,
939,4.5526619942393154e-05,0.0,0.0,29139,
939,,,,29139,0.0001538448123028502
940,0.00015303461987059563,0.0,0.0,29149,
940,0.00014846479461994022,0.0,0.0,29159,
940,0.00012749838060699403,0.0,0.0,29169,
940,,,,29170,0.0001525960979051888
941,0.00014642818132415414,0.0,0.0,29179,
941,0.00016205236897803843,0.0,0.0,29189,
941,0.0001535210758447647,0.0,0.0,29199,
941,,,,29201,0.00015605984663125128
942,0.00015404680743813515,0.0,0.0,29209,
942,0.00013074265734758228,0.0,0.0,29219,
942,0.0001420414773747325,0.0,0.0,29229,
942,,,,29232,0.00015177928435150534
943,0.00015524300397373736,0.0,0.0,29239,
943,0.00014050680329091847,0.0,0.0,29249,
943,0.00014000466035213321,0.0,0.0,29259,
943,,,,29263,0.00015689482097513974
944,0.00014104574802331626,0.0,0.0,29269,
944,0.00013108998246025294,0.0,0.0,29279,
944,0.00014694852870889008,0.0,0.0,29289,
944,,,,29294,0.00015488288772758096
945,0.0001530374283902347,0.0,0.0,29299,
945,0.0001536939525976777,0.0,0.0,29309,
945,0.0001371081598335877,0.0,0.0,29319,
945,,,,29325,0.00015328172594308853
946,0.00015809650358278304,0.0,0.0,29329,
946,0.0001349257945548743,0.0,0.0,29339,
946,0.00016234038048423827,0.0,0.0,29349,
946,,,,29356,0.00015627361426595598
947,0.00019090886053163558,0.0,0.0,29359,
947,0.0001332403626292944,0.0,0.0,29369,
947,0.00012870832870248705,0.0,0.0,29379,
947,,,,29387,0.0001560197997605428
948,0.00014340905181597918,0.0,0.0,29389,
948,0.00015184239600785077,0.0,0.0,29399,
948,0.00012659736967179924,0.0,0.0,29409,
948,,,,29418,0.00015253179299179465
949,0.00015692933811806142,0.0,0.0,29419,
949,0.00012603725190274417,0.0,0.0,29429,
949,0.00014909377205185592,0.0,0.0,29439,
949,4.527000419329852e-05,0.0,0.0,29449,
949,,,,29449,0.0001521954982308671
950,0.00014895526692271233,0.0,0.0,29459,
950,0.00013607079745270312,0.0,0.0,29469,
950,0.00013109337305650115,0.0,0.0,29479,
950,,,,29480,0.00015065079787746072
951,0.0001560897217132151,0.0,0.0,29489,
951,0.00016202303231693804,0.0,0.0,29499,
951,0.00014333102444652468,0.0,0.0,29509,
951,,,,29511,0.00015419135161209852
952,0.00014906750584486872,0.0,0.0,29519,
952,0.0001276195253012702,0.0,0.0,29529,
952,0.00014124391600489616,0.0,0.0,29539,
952,,,,29542,0.00015657015319447964
953,0.00013819534797221422,0.0,0.0,29549,
953,0.00013341358862817287,0.0,0.0,29559,
953,0.00014577715774066746,0.0,0.0,29569,
953,,,,29573,0.0001512598100816831
954,0.00015314029587898403,0.0,0.0,29579,
954,0.0001345147320535034,0.0,0.0,29589,
954,0.0001472661242587492,0.0,0.0,29599,
954,,,,29604,0.0001530763547634706
955,0.00015627370157744735,0.0,0.0,29609,
955,0.00015184447693172842,0.0,0.0,29619,
955,0.00013611181930173188,0.0,0.0,29629,
955,,,,29635,0.00015045044710859656
956,0.00015287222049664706,0.0,0.0,29639,
956,0.00012829218758270144,0.0,0.0,29649,
956,0.00015781086403876543,0.0,0.0,29659,
956,,,,29666,0.0001513616443844512
957,0.00018126663053408265,0.0,0.0,29669,
957,0.00012924194743391126,0.0,0.0,29679,
957,0.00012948403309565037,0.0,0.0,29689,
957,,,,29697,0.00016092851001303643
958,0.00015443141455762088,0.0,0.0,29699,
958,0.0001471010473323986,0.0,0.0,29709,
958,0.00012919808796141297,0.0,0.0,29719,
958,,,,29728,0.0001569759042467922
959,0.00016107334522530437,0.0,0.0,29729,
959,0.00011853476462420076,0.0,0.0,29739,
959,0.00015437741240020841,0.0,0.0,29749,
959,4.5364515244727954e-05,0.0,0.0,29759,
959,,,,29759,0.00015234136662911624
960,0.00014576021931134164,0.0,0.0,29769,
960,0.000133929104777053,0.0,0.0,29779,
960,0.00013217993546277285,0.0,0.0,29789,
960,,,,29790,0.00014864030526950955
961,0.00015771141625009477,0.0,0.0,29799,
961,0.0001592619955772534,0.0,0.0,29809,
961,0.00014056361396797001,0.0,0.0,29819,
961,,,,29821,0.00015105259080883116
962,0.0001479902712162584,0.0,0.0,29829,
962,0.00012503222387749702,0.0,0.0,29839,
962,0.00014003904652781785,0.0,0.0,29849,
962,,,,29852,0.00015356561925727874
963,0.00014928345626685768,0.0,0.0,29859,
963,0.0001348327350569889,0.0,0.0,29869,
963,0.0001448372786398977,0.0,0.0,29879,
963,,,,29883,0.00015053652168717235
964,0.00014969654148444533,0.0,0.0,29889,
964,0.00013274826051201671,0.0,0.0,29899,
964,0.00014378770720213652,0.0,0.0,29909,
964,,,,29914,0.00015254838217515498
965,0.00015930383233353496,0.0,0.0,29919,
965,0.00015223379887174815,0.0,0.0,29929,
965,0.00013357566785998642,0.0,0.0,29939,
965,,,,29945,0.00015048219938762486
966,0.00015318534860853106,0.0,0.0,29949,
966,0.00012899740249849856,0.0,0.0,29959,
966,0.00015597534365952015,0.0,0.0,29969,
966,,,,29976,0.00014767376706004143
967,0.00018366292351856828,0.0,0.0,29979,
967,0.00013003624917473644,0.0,0.0,29989,
967,0.00012694283213932067,0.0,0.0,29999,
967,,,,30007,0.00015818906831555068
968,0.00015372764028143138,0.0,0.0,30009,
968,0.00014862064563203603,0.0,0.0,30019,
968,0.00012832842185162008,0.0,0.0,30029,
968,,,,30038,0.00015625829109922051
969,0.00016025865625124425,0.0,0.0,30039,
969,0.0001190527473227121,0.0,0.0,30049,
969,0.00015063905448187143,0.0,0.0,30059,
969,4.763509423355572e-05,0.0,0.0,30069,
969,,,,30069,0.00014892863691784441
970,0.00014475402713287622,0.0,0.0,30079,
970,0.00013338121061678976,0.0,0.0,30089,
970,0.00012366687587928027,0.0,0.0,30099,
970,,,,30100,0.00014650395314674824
971,0.00015022225852590054,0.0,0.0,30109,
971,0.00015705499390605837,0.0,0.0,30119,
971,0.0001438215549569577,0.0,0.0,30129,
971,,,,30131,0.00014531219494529068
972,0.00014294729044195265,0.0,0.0,30139,
972,0.00012319046072661877,0.0,0.0,30149,
972,0.0001394684804836288,0.0,0.0,30159,
972,,,,30162,0.0001477552141295746
973,0.00016532980953343213,0.0,0.0,30169,
973,0.00013690112973563373,0.0,0.0,30179,
973,0.0001422857167199254,0.0,0.0,30189,
973,,,,30193,0.00015268793504219502
974,0.00014846019621472806,0.0,0.0,30199,
974,0.00012823524593841285,0.0,0.0,30209,
974,0.0001454180892324075,0.0,0.0,30219,
974,,,,30224,0.00015273672761395574
975,0.0001584983110660687,0.0,0.0,30229,
975,0.00014358287444338202,0.0,0.0,30239,
975,0.00013515136379282922,0.0,0.0,30249,
975,,,,30255,0.0001469789567636326
976,0.00014618682325817645,0.0,0.0,30259,
976,0.00013180375390220433,0.0,0.0,30269,
976,0.00015441012510564178,0.0,0.0,30279,
976,,,,30286,0.00014778853801544756
977,0.00017982677672989666,0.0,0.0,30289,
977,0.00013022420171182603,0.0,0.0,30299,
977,0.0001237773831235245,0.0,0.0,30309,
977,,,,30317,0.00014775623276364058
978,0.00013842708722222596,0.0,0.0,30319,
978,0.00014745815133210272,0.0,0.0,30329,
978,0.00012841937132179737,0.0,0.0,30339,
978,,,,30348,0.0001467218535253778
979,0.00015120027819648385,0.0,0.0,30349,
979,0.00012422516010701656,0.0,0.0,30359,
979,0.00014718397869728506,0.0,0.0,30369,
979,4.3719490349758416e-05,0.0,0.0,30379,
979,,,,30379,0.00015099209849722683
980,0.00015157742018345743,0.0,0.0,30389,
980,0.00013293881784193218,0.0,0.0,30399,
980,0.00012291812163311988,0.0,0.0,30409,
980,,,,30410,0.00015169729886110872
981,0.00014168524648994207,0.0,0.0,30419,
981,0.00016733602387830615,0.0,0.0,30429,
981,0.00013936468167230487,0.0,0.0,30439,
981,,,,30441,0.00014736413140781224
982,0.00014314279542304575,0.0,0.0,30449,
982,0.00012626165698748082,0.0,0.0,30459,
982,0.00013512730947695673,0.0,0.0,30469,
982,,,,30472,0.00014689538511447608
983,0.0001408776588505134,0.0,0.0,30479,
983,0.0001319994917139411,0.0,0.0,30489,
983,0.00013985499390400946,0.0,0.0,30499,
983,,,,30503,0.0001497792691225186
984,0.00015377461386378855,0.0,0.0,30509,
984,0.00012708365102298558,0.0,0.0,30519,
984,0.00013801184832118452,0.0,0.0,30529,
984,,,,30534,0.00015239861386362463
985,0.0001710456417640671,0.0,0.0,30539,
985,0.0001685691240709275,0.0,0.0,30549,
985,0.00013281435531098396,0.0,0.0,30559,
985,,,,30565,0.00015051328227855265
986,0.00014237435243558139,0.0,0.0,30569,
986,0.0001272605877602473,0.0,0.0,30579,
986,0.00015298067592084408,0.0,0.0,30589,
986,,,,30596,0.00014971471682656556
987,0.00016633332415949553,0.0,0.0,30599,
987,0.00012716365745291114,0.0,0.0,30609,
987,0.000126936225569807,0.0,0.0,30619,
987,,,,30627,0.00014643681060988456
988,0.00013165305426809937,0.0,0.0,30629,
988,0.00014876712521072477,0.0,0.0,30639,
988,0.000126456783618778,0.0,0.0,30649,
988,,,,30658,0.0001460490166209638
989,0.00014970243501011282,0.0,0.0,30659,
989,0.00011579227430047467,0.0,0.0,30669,
989,0.0001463093067286536,0.0,0.0,30679,
989,4.3010968511225656e-05,0.0,0.0,30689,
989,,,,30689,0.0001473559532314539
990,0.00014359150372911245,0.0,0.0,30699,
990,0.00013034847506787628,0.0,0.0,30709,
990,0.00012656324543058872,0.0,0.0,30719,
990,,,,30720,0.0001440675841877237
991,0.00014718101010657847,0.0,0.0,30729,
991,0.0001589987223269418,0.0,0.0,30739,
991,0.0001288943603867665,0.0,0.0,30749,
991,,,,30751,0.00014905407442711294
992,0.0001442971552023664,0.0,0.0,30759,
992,0.00012306631833780557,0.0,0.0,30769,
992,0.00013820093590766191,0.0,0.0,30779,
992,,,,30782,0.00014675126294605434
993,0.00013779876462649554,0.0,0.0,30789,
993,0.00013007386587560177,0.0,0.0,30799,
993,0.0001436224119970575,0.0,0.0,30809,
993,,,,30813,0.00014688653755001724
994,0.00015722730313427746,0.0,0.0,30819,
994,0.0001283606979995966,0.0,0.0,30829,
994,0.00013843999477103353,0.0,0.0,30839,
994,,,,30844,0.00015470855578314513
995,0.0001443712826585397,0.0,0.0,30849,
995,0.00014276200090534985,0.0,0.0,30859,
995,0.00012903065362479538,0.0,0.0,30869,
995,,,,30875,0.00014911865582689643
996,0.0001479365018894896,0.0,0.0,30879,
996,0.00012910360237583518,0.0,0.0,30889,
996,0.00015527592040598392,0.0,0.0,30899,
996,,,,30906,0.0001455888123018667
997,0.00019167597929481417,0.0,0.0,30909,
997,0.0001466523390263319,0.0,0.0,30919,
997,0.000124424317618832,0.0,0.0,30929,
997,,,,30937,0.00014683904009871185
998,0.0001382533082505688,0.0,0.0,30939,
998,0.00014812096196692437,0.0,0.0,30949,
998,0.00012419561971910298,0.0,0.0,30959,
998,,,,30968,0.00015461955626960844
999,0.00015787901065777987,0.0,0.0,30969,
999,0.00012442356091924012,0.0,0.0,30979,
999,0.0001481648359913379,0.0,0.0,30989,
999,4.628401802619919e-05,0.0,0.0,30999,
999,,,,30999,0.0001517649070592597
