epoch,loss,step,val_loss
0,0.1712082475423813,9,
0,0.08939410001039505,19,
0,0.0566682443022728,29,
0,,30,0.06594809144735336
1,0.04017617180943489,39,
1,0.024028200656175613,49,
1,0.016970479860901833,59,
1,,61,0.008950802497565746
2,0.01327870786190033,69,
2,0.01062848512083292,79,
2,0.009342852048575878,89,
2,,92,0.004558856599032879
3,0.009456508792936802,99,
3,0.00842572282999754,109,
3,0.007346612401306629,119,
3,,123,0.003516369964927435
4,0.006717674899846315,129,
4,0.006560155656188726,139,
4,0.005622223950922489,149,
4,,154,0.002649524714797735
5,0.006294852588325739,159,
5,0.005458400584757328,169,
5,0.004706422332674265,179,
5,,185,0.0023334224242717028
6,0.0048279729671776295,189,
6,0.004711483139544725,199,
6,0.004154108464717865,209,
6,,216,0.002114680828526616
7,0.004230834078043699,219,
7,0.004309902898967266,229,
7,0.0036662514321506023,239,
7,,247,0.0019480761839076877
8,0.003907783422619104,249,
8,0.0036398854572325945,259,
8,0.0035935305058956146,269,
8,,278,0.0017548991600051522
9,0.0032419352792203426,279,
9,0.0033787358552217484,289,
9,0.003170778974890709,299,
9,0.00694451155140996,309,
9,,309,0.00169549195561558
10,0.0032029813155531883,319,
10,0.0027038217522203922,329,
10,0.003077710745856166,339,
10,,340,0.0015289809089154005
11,0.003667417448014021,349,
11,0.0027618163730949163,359,
11,0.0029792345594614744,369,
11,,371,0.0015209965640679002
12,0.002676476025953889,379,
12,0.002826367039233446,389,
12,0.0024536096025258303,399,
12,,402,0.0013592980103567243
13,0.002759816125035286,409,
13,0.002799101173877716,419,
13,0.0024685515090823174,429,
13,,433,0.0012674533063545823
14,0.0023774888832122087,439,
14,0.0024339051451534033,449,
14,0.002076606499031186,459,
14,,464,0.0012246831320226192
15,0.0028944287914782763,469,
15,0.002302835462614894,479,
15,0.001996508566662669,489,
15,,495,0.0012676190817728639
16,0.0022320279385894537,499,
16,0.0026447174604982138,509,
16,0.001961188390851021,519,
16,,526,0.0011744695948436856
17,0.002124460181221366,529,
17,0.002364923246204853,539,
17,0.001797978999093175,549,
17,,557,0.001165746129117906
18,0.0020355847664177418,559,
18,0.0020032436586916447,569,
18,0.0018920334987342358,579,
18,,588,0.0011977020185440779
19,0.0019590549636632204,589,
19,0.001917709014378488,599,
19,0.001905301702208817,609,
19,0.0030536754056811333,619,
19,,619,0.0011567063629627228
20,0.00186537008266896,629,
20,0.001673828694038093,639,
20,0.0021068693604320288,649,
20,,650,0.001034048618748784
21,0.0024863388389348984,659,
21,0.00170899648219347,669,
21,0.0019071613205596805,679,
21,,681,0.0012524959165602922
22,0.0018110101809725165,689,
22,0.0018710794392973185,699,
22,0.001675317296758294,709,
22,,712,0.0010281879222020507
23,0.0018333966145291924,719,
23,0.001981264678761363,729,
23,0.0016836842987686396,739,
23,,743,0.0011776175815612078
24,0.0017332019051536918,749,
24,0.001688942895270884,759,
24,0.0014379016356542706,769,
24,,774,0.0012166359229013324
25,0.0022670908365398645,779,
25,0.0015937400748953223,789,
25,0.0014206116320565343,799,
25,,805,0.0011401802767068148
26,0.0016283380100503564,809,
26,0.0020154055673629045,819,
26,0.001451150863431394,829,
26,,836,0.0013108770363032818
27,0.0015423294389620423,839,
27,0.0019027856178581715,849,
27,0.0013831385876983404,859,
27,,867,0.0012283474206924438
28,0.0017431757878512144,869,
28,0.001679514069110155,879,
28,0.0014617766719311476,889,
28,,898,0.001131820143200457
29,0.0014131017960608006,899,
29,0.0015160593902692199,909,
29,0.0015155173605307937,919,
29,0.0020782342180609703,929,
29,,929,0.0010619150707498193
30,0.0014699936145916581,939,
30,0.0013359780423343182,949,
30,0.0016819186275824904,959,
30,,960,0.0011659498559311032
31,0.002288005780428648,969,
31,0.001363863586448133,979,
31,0.0015653785085305572,989,
31,,991,0.0010201882105320692
32,0.0013822609325870872,999,
32,0.001564900972880423,1009,
32,0.0014117939863353968,1019,
32,,1022,0.0009683388052508235
33,0.0014640268636867404,1029,
33,0.001658129971474409,1039,
33,0.001406548311933875,1049,
33,,1053,0.0011642880272120237
34,0.0014326199889183044,1059,
34,0.001408247509971261,1069,
34,0.0011836591875180602,1079,
34,,1084,0.0011513254139572382
35,0.0018687419360503554,1089,
35,0.0012936679413542151,1099,
35,0.001202493323944509,1109,
35,,1115,0.0010528829880058765
36,0.0013360650045797229,1119,
36,0.0017364434897899628,1129,
36,0.001199839054606855,1139,
36,,1146,0.0008824567194096744
37,0.0012983138440176845,1149,
37,0.0016120703658089042,1159,
37,0.0010962431551888585,1169,
37,,1177,0.000949578417930752
38,0.0013855444267392159,1179,
38,0.001456536236219108,1189,
38,0.0011763833463191986,1199,
38,,1208,0.001064508338458836
39,0.0012892581289634109,1209,
39,0.0012373883510008454,1219,
39,0.001293493784032762,1229,
39,0.0019172931788489223,1239,
39,,1239,0.0009757703519426286
40,0.001196414465084672,1249,
40,0.0012029242934659123,1259,
40,0.001393183832988143,1269,
40,,1270,0.0009299237281084061
41,0.002073531039059162,1279,
41,0.0011443253606557846,1289,
41,0.0013847509399056435,1299,
41,,1301,0.0009295704076066613
42,0.001173765049315989,1309,
42,0.00140802888199687,1319,
42,0.0012545703211799264,1329,
42,,1332,0.001080112298950553
43,0.001230514724738896,1339,
43,0.0015041014412418008,1349,
43,0.0012126415967941284,1359,
43,,1363,0.0008101543644443154
44,0.0011271697003394365,1369,
44,0.0011505396105349064,1379,
44,0.0009981946786865592,1389,
44,,1394,0.0008556207758374512
45,0.0016105846734717488,1399,
45,0.0011586990440264344,1409,
45,0.0010589142329990864,1419,
45,,1425,0.0010266866302117705
46,0.0012529554078355432,1429,
46,0.0016704193549230695,1439,
46,0.0010622572153806686,1449,
46,,1456,0.0008730707922950387
47,0.0011076064547523856,1459,
47,0.0014655806589871645,1469,
47,0.0009559383033774793,1479,
47,,1487,0.0009123766212724149
48,0.0012955183628946543,1489,
48,0.0013202864211052656,1499,
48,0.001057314220815897,1509,
48,,1518,0.0009954103734344244
49,0.001116264029406011,1519,
49,0.0011630700901150703,1529,
49,0.0012234363239258528,1539,
49,0.001485853805206716,1549,
49,,1549,0.0008428459404967725
50,0.001131037250161171,1559,
50,0.0010064801899716258,1569,
50,0.0011495359940454364,1579,
50,,1580,0.001146293943747878
51,0.0019614165648818016,1589,
51,0.0010934669990092516,1599,
51,0.0012669245479628444,1609,
51,,1611,0.0009588476386852562
52,0.0010306267067790031,1619,
52,0.0014448584988713264,1629,
52,0.001153638819232583,1639,
52,,1642,0.0009488773648627102
53,0.001092054764740169,1649,
53,0.0013688511680811644,1659,
53,0.0009793202625587583,1669,
53,,1673,0.0007696352549828589
54,0.001089119235984981,1679,
54,0.0010151489404961467,1689,
54,0.0009271341841667891,1699,
54,,1704,0.000789783603977412
55,0.0014401477528735995,1709,
55,0.001184681081213057,1719,
55,0.000961506215389818,1729,
55,,1735,0.0008195172413252294
56,0.000988478772342205,1739,
56,0.0015821000561118126,1749,
56,0.0009692512103356421,1759,
56,,1766,0.0007582362741231918
57,0.0011713386047631502,1769,
57,0.0014616441912949085,1779,
57,0.0009251338778994977,1789,
57,,1797,0.0008618452702648938
58,0.001125147333368659,1799,
58,0.0011848710710182786,1809,
58,0.0010276212124153972,1819,
58,,1828,0.0007898186449892819
59,0.0009604865335859358,1829,
59,0.0011027720756828785,1839,
59,0.0010349838994443417,1849,
59,0.0015535252168774605,1859,
59,,1859,0.0009672434534877539
60,0.0011535488301888108,1869,
60,0.0009980464819818735,1879,
60,0.0010140601079910994,1889,
60,,1890,0.0006798310787416995
61,0.001596058951690793,1899,
61,0.0010449365945532918,1909,
61,0.0011148810153827071,1919,
61,,1921,0.0007238124962896109
62,0.0010127839632332325,1929,
62,0.001356385531835258,1939,
62,0.000992736779153347,1949,
62,,1952,0.0006723328260704875
63,0.0009550730464980006,1959,
63,0.001183182350359857,1969,
63,0.0009400366107001901,1979,
63,,1983,0.0007655954686924815
64,0.0009826222667470574,1989,
64,0.0009734905324876308,1999,
64,0.0008502554264850914,2009,
64,,2014,0.0006017184350639582
65,0.001399416010826826,2019,
65,0.001153557444922626,2029,
65,0.0008291862905025482,2039,
65,,2045,0.0006270533194765449
66,0.0007986609125509858,2049,
66,0.0014114964287728071,2059,
66,0.0009081411408260465,2069,
66,,2076,0.0006189260166138411
67,0.0010193344205617905,2079,
67,0.001302586984820664,2089,
67,0.0008922900888137519,2099,
67,,2107,0.000552551297005266
68,0.0008680488681420684,2109,
68,0.0010445169173181057,2119,
68,0.0007898216717876494,2129,
68,,2138,0.0007039832416921854
69,0.000835699203889817,2139,
69,0.001001461991108954,2149,
69,0.0009406842873431742,2159,
69,0.0011922834673896432,2169,
69,,2169,0.0005278047756291926
70,0.0008690509712323546,2179,
70,0.0008918841485865414,2189,
70,0.0008767821127548814,2199,
70,,2200,0.0007090400904417038
71,0.001682149711996317,2209,
71,0.0009184921509586275,2219,
71,0.0009800104890018702,2229,
71,,2231,0.0005591156659647822
72,0.000822597648948431,2239,
72,0.0011943341232836246,2249,
72,0.0009088104707188904,2259,
72,,2262,0.0006708226283080876
73,0.0008585152681916952,2269,
73,0.001075870357453823,2279,
73,0.0008265870856121182,2289,
73,,2293,0.0005708010867238045
74,0.0007931640720926225,2299,
74,0.0008412253228016198,2309,
74,0.0007436656742356718,2319,
74,,2324,0.0007229045149870217
75,0.0013458016328513622,2329,
75,0.001025879173539579,2339,
75,0.0007507136324420571,2349,
75,,2355,0.0005802322411909699
76,0.0007248210022225976,2359,
76,0.0012322767870500684,2369,
76,0.0008289125398732722,2379,
76,,2386,0.0005364011158235371
77,0.0008947699679993093,2389,
77,0.0011557574616745114,2399,
77,0.0008003959665074944,2409,
77,,2417,0.0006418041884899139
78,0.000871582655236125,2419,
78,0.0010312750237062573,2429,
78,0.0007550582522526383,2439,
78,,2448,0.0005579690914601088
79,0.0007747272029519081,2449,
79,0.0009347150917164981,2459,
79,0.0008827759302221239,2469,
79,0.0011873660841956735,2479,
79,,2479,0.0006025031907483935
80,0.0008086597081273794,2489,
80,0.0008958595572039485,2499,
80,0.0007978528155945241,2509,
80,,2510,0.0006534010753966868
81,0.0017883243272081017,2519,
81,0.0009370729676447809,2529,
81,0.0008667272049933672,2539,
81,,2541,0.0006310676108114421
82,0.0007408372475765646,2549,
82,0.0010737263364717364,2559,
82,0.0008105370216071606,2569,
82,,2572,0.0004947860143147409
83,0.000777104520238936,2579,
83,0.0010545793920755386,2589,
83,0.0007579851662740111,2599,
83,,2603,0.0005376487970352173
84,0.0007687465404160321,2609,
84,0.000774537562392652,2619,
84,0.0006930558010935783,2629,
84,,2634,0.0004845616058446467
85,0.001150433556176722,2639,
85,0.0009488424984738231,2649,
85,0.0007050037966109812,2659,
85,,2665,0.0005701054469682276
86,0.0006978664314374328,2669,
86,0.001202077022753656,2679,
86,0.0007833903655409813,2689,
86,,2696,0.0005420116358436644
87,0.0007974831969477236,2699,
87,0.0010268863989040256,2709,
87,0.0007258194382302463,2719,
87,,2727,0.0005395222106017172
88,0.0008169565116986632,2729,
88,0.001066868077032268,2739,
88,0.0007038928451947868,2749,
88,,2758,0.0004542952810879797
89,0.0006352434866130352,2759,
89,0.0008329070988111198,2769,
89,0.0008684844942763448,2779,
89,0.0012394976802170277,2789,
89,,2789,0.0005771763389930129
90,0.0008269988466054201,2799,
90,0.0007258282275870442,2809,
90,0.0007189035532064736,2819,
90,,2820,0.0005541054997593164
91,0.0013273546937853098,2829,
91,0.000828146527055651,2839,
91,0.000803217408247292,2849,
91,,2851,0.00048131073708646
92,0.0006373793003149331,2859,
92,0.0009549657115712762,2869,
92,0.0007637987728230655,2879,
92,,2882,0.0004914851160719991
93,0.000677470990922302,2889,
93,0.0009513878612779081,2899,
93,0.0006830239435657859,2909,
93,,2913,0.0005223617190495133
94,0.0006936881691217422,2919,
94,0.0007460477063432336,2929,
94,0.0006444659666158259,2939,
94,,2944,0.0004795427084900439
95,0.001156200421974063,2949,
95,0.0008712749113328755,2959,
95,0.0006660085055045784,2969,
95,,2975,0.0005401858361437917
96,0.0006641402142122388,2979,
96,0.0011780417989939451,2989,
96,0.0007316853734664619,2999,
96,,3006,0.00048243542551063
97,0.000685983570292592,3009,
97,0.0009027608903124928,3019,
97,0.00066538923420012,3029,
97,,3037,0.0005418900982476771
98,0.0007444997318089008,3039,
98,0.001013170462101698,3049,
98,0.0006398623227141798,3059,
98,,3068,0.0005224489723332226
99,0.0006116113509051502,3069,
99,0.0007901872741058469,3079,
99,0.0007480703061446548,3089,
99,0.0011997531400993466,3099,
99,,3099,0.00048748686094768345
100,0.0007075354224070907,3109,
100,0.0008077819366008043,3119,
100,0.0006833837833255529,3129,
100,,3130,0.0006497737485915422
101,0.0015085535123944283,3139,
101,0.0008258612942881882,3149,
101,0.0007316802511923015,3159,
101,,3161,0.0005844503175467253
102,0.0006398001569323242,3169,
102,0.0008635858539491892,3179,
102,0.0007176895160228014,3189,
102,,3192,0.000500619353260845
103,0.0007523979293182492,3199,
103,0.0009864919120445848,3209,
103,0.0006482801982201636,3219,
103,,3223,0.00047381772310473025
104,0.0007386775105260313,3229,
104,0.0006860795547254384,3239,
104,0.0006132606067694724,3249,
104,,3254,0.0005330758285708725
105,0.0010109060676768422,3259,
105,0.000840380962472409,3269,
105,0.0006070370436646044,3279,
105,,3285,0.0004875928279943764
106,0.0005630828673020005,3289,
106,0.0010308208875358105,3299,
106,0.0007052262662909925,3309,
106,,3316,0.00043429710785858333
107,0.0006188232218846679,3319,
107,0.0008889217860996723,3329,
107,0.0006220154464244843,3339,
107,,3347,0.0004845735675189644
108,0.0007612474146299064,3349,
108,0.0009425109019502997,3359,
108,0.0006130170077085495,3369,
108,,3378,0.0004721499281004071
109,0.0005861303652636707,3379,
109,0.0007256095996126533,3389,
109,0.0007787645445205271,3399,
109,0.000671875779516995,3409,
109,,3409,0.0004679033881984651
110,0.0006323580746538937,3419,
110,0.0006918975268490613,3429,
110,0.0006147572421468794,3439,
110,,3440,0.0005211486131884158
111,0.0010751336812973022,3449,
111,0.0006906723720021546,3459,
111,0.0006700969533994794,3469,
111,,3471,0.0004143958503846079
112,0.0006253633182495832,3479,
112,0.0008503163699060678,3489,
112,0.0006961218314245343,3499,
112,,3502,0.0005670675309374928
113,0.0006487300852313638,3509,
113,0.0008984649903140962,3519,
113,0.000576560094486922,3529,
113,,3533,0.00047106214333325624
114,0.0006211787112988532,3539,
114,0.000643600826151669,3549,
114,0.0005906930309720337,3559,
114,,3564,0.0004706677864305675
115,0.000985865481197834,3569,
115,0.0007741727749817073,3579,
115,0.0005862830439582467,3589,
115,,3595,0.00046494262642227113
116,0.0005516974488273263,3599,
116,0.0009601994534023106,3609,
116,0.0006263641989789903,3619,
116,,3626,0.0005007377476431429
117,0.0006450124783441424,3629,
117,0.0008226941572502255,3639,
117,0.000580943189561367,3649,
117,,3657,0.0005053689237684011
118,0.0007476278115063906,3659,
118,0.0009794982615858316,3669,
118,0.0005765531095676124,3679,
118,,3688,0.00046200951328501105
119,0.0005951941129751503,3689,
119,0.0006848740740679204,3699,
119,0.0007447313982993364,3709,
119,0.0008837585337460041,3719,
119,,3719,0.0004991194582544267
120,0.0006425981991924345,3729,
120,0.0006470680818893015,3739,
120,0.0005686015356332064,3749,
120,,3750,0.000497813627589494
121,0.0010037062456831336,3759,
121,0.0006891186349093914,3769,
121,0.0006343640270642936,3779,
121,,3781,0.00044882952352054417
122,0.000598312821239233,3789,
122,0.0007707889890298247,3799,
122,0.0006779814721085131,3809,
122,,3812,0.00043397588888183236
123,0.000579948304221034,3819,
123,0.0008114118245430291,3829,
123,0.000549979624338448,3839,
123,,3843,0.0005328800762072206
124,0.0005937942769378424,3849,
124,0.0006347327725961804,3859,
124,0.000543399655725807,3869,
124,,3874,0.000450658961199224
125,0.0009870751528069377,3879,
125,0.0007636480149812996,3889,
125,0.0005900200339965522,3899,
125,,3905,0.0005613163230009377
126,0.0006194757297635078,3909,
126,0.0010042947251349688,3919,
126,0.0005970692145638168,3929,
126,,3936,0.00042847974691540003
127,0.0005774138844572008,3939,
127,0.0007422834751196206,3949,
127,0.0005450670723803341,3959,
127,,3967,0.0005876414361409843
128,0.0007989533478394151,3969,
128,0.0009504756890237331,3979,
128,0.0005495885270647705,3989,
128,,3998,0.00041575159411877394
129,0.0005451435572467744,3999,
129,0.0007019712938927114,4009,
129,0.0007766683702357113,4019,
129,0.0006356911617331207,4029,
129,,4029,0.0004979242221452296
130,0.0005766681861132383,4039,
130,0.0006607924588024616,4049,
130,0.0005545118474401534,4059,
130,,4060,0.0004541967064142227
131,0.0010211392072960734,4069,
131,0.000650391448289156,4079,
131,0.0005758084589615464,4089,
131,,4091,0.0005087367026135325
132,0.000587394752074033,4099,
132,0.000689628766849637,4109,
132,0.0006460106233134866,4119,
132,,4122,0.000447865022579208
133,0.0006673677708022296,4129,
133,0.0008615452097728848,4139,
133,0.0005304935621097684,4149,
133,,4153,0.0005184828769415617
134,0.0007079981733113527,4159,
134,0.0006321730907075107,4169,
134,0.0005352167063392699,4179,
134,,4184,0.00044255380635149777
135,0.0009524989291094244,4189,
135,0.0007004566723480821,4199,
135,0.0005628976505249739,4209,
135,,4215,0.00047343570622615516
136,0.0004986795247532427,4219,
136,0.000820513057988137,4229,
136,0.0006230580620467663,4239,
136,,4246,0.00047089942381717265
137,0.0006752010085619986,4249,
137,0.0007376751746051013,4259,
137,0.0004742040182463825,4269,
137,,4277,0.0004960420774295926
138,0.0006798610556870699,4279,
138,0.0008014395134523511,4289,
138,0.0005079144611954689,4299,
138,,4308,0.00047338297008536756
139,0.0005541901336982846,4309,
139,0.0006240243674255908,4319,
139,0.000720856012776494,4329,
139,0.0006147867534309626,4339,
139,,4339,0.0005313695291988552
140,0.0005454689380712807,4349,
140,0.0006231578881852329,4359,
140,0.0005140577559359372,4369,
140,,4370,0.00045371384476311505
141,0.0008826759294606745,4379,
141,0.0005697244196198881,4389,
141,0.0005533782532438636,4399,
141,,4401,0.00046903782640583813
142,0.0005649168160744011,4409,
142,0.0007343886536546052,4419,
142,0.000660714867990464,4429,
142,,4432,0.0005197928403504193
143,0.0005530614871531725,4439,
143,0.0008684468339197338,4449,
143,0.0004909896524623036,4459,
143,,4463,0.0005047565791755915
144,0.0007387189543806016,4469,
144,0.0005930361803621054,4479,
144,0.0005179849686101079,4489,
144,,4494,0.00046407629270106554
145,0.0008463444537483156,4499,
145,0.0006683997344225645,4509,
145,0.0005693375132977962,4519,
145,,4525,0.000490477483253926
146,0.0004984286497347057,4529,
146,0.000871875905431807,4539,
146,0.0005841294769197702,4549,
146,,4556,0.0004933119053021073
147,0.0006641770014539361,4559,
147,0.0007645516307093203,4569,
147,0.0004906027461402118,4579,
147,,4587,0.0005442508263513446
148,0.0008127620094455779,4589,
148,0.0007363386685028672,4599,
148,0.0004972415626980364,4609,
148,,4618,0.0004223437572363764
149,0.000508926052134484,4619,
149,0.0006429294589906931,4629,
149,0.0007431933772750199,4639,
149,0.0006742167170159519,4649,
149,,4649,0.0005877867224626243
150,0.0005940229166299105,4659,
150,0.0006225522956810892,4669,
150,0.0004993490292690694,4679,
150,,4680,0.0004870141565334052
151,0.0009435117244720459,4689,
151,0.0005903012934140861,4699,
151,0.0005484585417434573,4709,
151,,4711,0.0004619640822056681
152,0.00055033148964867,4719,
152,0.0007421952905133367,4729,
152,0.0006289496668614447,4739,
152,,4742,0.000457847403595224
153,0.0005603804020211101,4749,
153,0.0008411468006670475,4759,
153,0.000459002039860934,4769,
153,,4773,0.000389160675695166
154,0.0007111341110430658,4779,
154,0.0005560663994401693,4789,
154,0.0005525584565475583,4799,
154,,4804,0.0004449971893336624
155,0.0008516074740327895,4809,
155,0.0007124484400264919,4819,
155,0.0005530042690224946,4829,
155,,4835,0.0004018110630568117
156,0.0005048425518907607,4839,
156,0.0008216987480409443,4849,
156,0.0005180982989259064,4859,
156,,4866,0.0004597259685397148
157,0.0005439456435851753,4869,
157,0.0006920055602677166,4879,
157,0.0005071402410976589,4889,
157,,4897,0.0004668890906032175
158,0.0007871438865549862,4899,
158,0.0007079215720295906,4909,
158,0.0004634438664652407,4919,
158,,4928,0.00045477086678147316
159,0.000676477502565831,4929,
159,0.0008740431512705982,4939,
159,0.0009360546828247607,4949,
159,0.0006214886088855565,4959,
159,,4959,0.0005378419882617891
160,0.0006079399609006941,4969,
160,0.0007363446638919413,4979,
160,0.0005058625247329473,4989,
160,,4990,0.0005295468727126718
161,0.0007972721359692514,4999,
161,0.0005121972062624991,5009,
161,0.0004678217228502035,5019,
161,,5021,0.0006151091074571013
162,0.0005075275548733771,5029,
162,0.0006876853294670582,5039,
162,0.0006602093926630914,5049,
162,,5052,0.0005221238825470209
163,0.0007723763701505959,5059,
163,0.000987255829386413,5069,
163,0.0005607483326457441,5079,
163,,5083,0.0006555817672051489
164,0.0010499348863959312,5089,
164,0.0006266109994612634,5099,
164,0.0005729214753955603,5109,
164,,5114,0.0005350051214918494
165,0.0008282551425509155,5119,
165,0.0005461354739964008,5129,
165,0.0004271363723091781,5139,
165,,5145,0.0004876480670645833
166,0.0005075838998891413,5149,
166,0.0008722346392460167,5159,
166,0.000523693801369518,5169,
166,,5176,0.0005067097372375429
167,0.000724934390746057,5179,
167,0.0008327296236529946,5189,
167,0.0005889195017516613,5199,
167,,5207,0.00046097690938040614
168,0.0010578781366348267,5209,
168,0.0007366931531578302,5219,
168,0.00044237604015506804,5229,
168,,5238,0.0005486139561980963
169,0.0007150573655962944,5239,
169,0.000736320624127984,5249,
169,0.0006001234869472682,5259,
169,0.0008271803962998092,5269,
169,,5269,0.0004126995918340981
170,0.00042684562504291534,5279,
170,0.00045811216114088893,5289,
170,0.0004982112441211939,5299,
170,,5300,0.0004041278443764895
171,0.0007047588005661964,5309,
171,0.0007072720327414572,5319,
171,0.00046806319733150303,5329,
171,,5331,0.0004202869313303381
172,0.0005605983315035701,5339,
172,0.0007753249956294894,5349,
172,0.0007363121258094907,5359,
172,,5362,0.00039094386738725007
173,0.0005079460679553449,5369,
173,0.0008313153521157801,5379,
173,0.0004001700144726783,5389,
173,,5393,0.0003471137606538832
174,0.0005908680032007396,5399,
174,0.00046305981231853366,5409,
174,0.00039556887350045145,5419,
174,,5424,0.00040323854773305357
175,0.0006685154512524605,5429,
175,0.0004383354098536074,5439,
175,0.0004225282173138112,5449,
175,,5455,0.00033444343716837466
176,0.00047776015708222985,5459,
176,0.0009572118287906051,5469,
176,0.0005035026697441936,5479,
176,,5486,0.0003667056153062731
177,0.0006298022344708443,5489,
177,0.0007202669512480497,5499,
177,0.0005041132098995149,5509,
177,,5517,0.00033770460868254304
178,0.0007037410396151245,5519,
178,0.0006207182887010276,5529,
178,0.0003948516387026757,5539,
178,,5548,0.00037788052577525377
179,0.0005227383808232844,5549,
179,0.0005934962537139654,5559,
179,0.0005614411202259362,5569,
179,0.000664620369207114,5579,
179,,5579,0.00035386293893679976
180,0.0004585285787470639,5589,
180,0.0003815739182755351,5599,
180,0.0005083286669105291,5609,
180,,5610,0.0003468214417807758
181,0.0006256325868889689,5619,
181,0.0006384336156770587,5629,
181,0.0004253842344041914,5639,
181,,5641,0.0002987236075568944
182,0.0004798401496373117,5649,
182,0.0006739345262758434,5659,
182,0.000635679520200938,5669,
182,,5672,0.0004183945420663804
183,0.0005144330789335072,5679,
183,0.0006893825484439731,5689,
183,0.00041661388240754604,5699,
183,,5703,0.0003237640776205808
184,0.0005806455737911165,5709,
184,0.00048193804104812443,5719,
184,0.0003779881226364523,5729,
184,,5734,0.00035736768040806055
185,0.0006691270391456783,5739,
185,0.0005099467234686017,5749,
185,0.000409587228205055,5759,
185,,5765,0.00028774095699191093
186,0.00045746791874989867,5769,
186,0.0008713079732842743,5779,
186,0.0004525948315858841,5789,
186,,5796,0.0003670406003948301
187,0.000553328893147409,5799,
187,0.0006048557697795331,5809,
187,0.0004878293548244983,5819,
187,,5827,0.0003174663579557091
188,0.0007906386163085699,5829,
188,0.0005566499312408268,5839,
188,0.0003443090827204287,5849,
188,,5858,0.00039229527465067804
189,0.00055745302233845,5859,
189,0.0006599670741707087,5869,
189,0.0005925833247601986,5879,
189,0.0009838223922997713,5889,
189,,5889,0.0003193558077327907
190,0.0004616635851562023,5899,
190,0.0003893309913109988,5909,
190,0.0004916242905892432,5919,
190,,5920,0.0003703059337567538
191,0.0006018757121637464,5929,
191,0.000602871470618993,5939,
191,0.0003951741673517972,5949,
191,,5951,0.0003201683284714818
192,0.0005186019116081297,5959,
192,0.0006336186779662967,5969,
192,0.0005851850146427751,5979,
192,,5982,0.0003328906313981861
193,0.000529614626429975,5989,
193,0.0007082431111484766,5999,
193,0.00042155460687354207,6009,
193,,6013,0.0002966695465147495
194,0.0005684974021278322,6019,
194,0.0004909165436401963,6029,
194,0.00036363155231811106,6039,
194,,6044,0.00031681969994679093
195,0.0006128123495727777,6049,
195,0.0004681207938119769,6059,
195,0.0003834452945739031,6069,
195,,6075,0.00035653417580761015
196,0.00044988709851168096,6079,
196,0.0008417304488830268,6089,
196,0.00041823473293334246,6099,
196,,6106,0.0003224966931156814
197,0.0005062206764705479,6109,
197,0.0005734208389185369,6119,
197,0.00044764092308469117,6129,
197,,6137,0.0003224848478566855
198,0.0006326055736280978,6139,
198,0.0005560492863878608,6149,
198,0.00034156630863435566,6159,
198,,6168,0.0003198911144863814
199,0.00044320622691884637,6169,
199,0.0005209496594034135,6179,
199,0.0004809441161341965,6189,
199,0.0004178236413281411,6199,
199,,6199,0.0003228943678550422
200,0.00039699545595794916,6209,
200,0.0003726071445271373,6219,
200,0.0004517006454989314,6229,
200,,6230,0.0003364920266903937
201,0.0005100675043649971,6239,
201,0.0005483665154315531,6249,
201,0.00037655956111848354,6259,
201,,6261,0.00034017793950624764
202,0.00045467622112482786,6269,
202,0.0005690793041139841,6279,
202,0.0005845818668603897,6289,
202,,6292,0.00034154014429077506
203,0.0004884461523033679,6299,
203,0.0007122742827050388,6309,
203,0.00039940152782946825,6319,
203,,6323,0.0002684801002033055
204,0.000493657891638577,6329,
204,0.000449186161858961,6339,
204,0.00034067753585986793,6349,
204,,6354,0.00033829465974122286
205,0.000590493087656796,6359,
205,0.0004329863004386425,6369,
205,0.00036516794352792203,6379,
205,,6385,0.0002877404913306236
206,0.0004302361630834639,6389,
206,0.0007938955677673221,6399,
206,0.0004104452091269195,6409,
206,,6416,0.0002990873472299427
207,0.0006075610872358084,6419,
207,0.0005790399736724794,6429,
207,0.0004106283013243228,6439,
207,,6447,0.0003216900222469121
208,0.0006483423057943583,6449,
208,0.0005641271127387881,6459,
208,0.0003215883334632963,6469,
208,,6478,0.0003190183488186449
209,0.00044762916513718665,6479,
209,0.0004874137230217457,6489,
209,0.00044246736797504127,6499,
209,0.00045442875125445426,6509,
209,,6509,0.00032374178408645093
210,0.00039904649020172656,6519,
210,0.00035801235935650766,6529,
210,0.00045005202991887927,6539,
210,,6540,0.00030176708241924644
211,0.0005297879106365144,6549,
211,0.0005691222031600773,6559,
211,0.0003702336980495602,6569,
211,,6571,0.00035430662683211267
212,0.00045755290193483233,6579,
212,0.0006098035373724997,6589,
212,0.000574784295167774,6599,
212,,6602,0.000352196570020169
213,0.00047435876331292093,6609,
213,0.0006498547736555338,6619,
213,0.00038365653017535806,6629,
213,,6633,0.0003536645381245762
214,0.0005545470048673451,6639,
214,0.00046768455649726093,6649,
214,0.00033076826366595924,6659,
214,,6664,0.000310385919874534
215,0.0005642191390506923,6669,
215,0.0004472383880056441,6679,
215,0.0003607815015129745,6689,
215,,6695,0.00034120219061151147
216,0.0004791370884049684,6699,
216,0.0008303917711600661,6709,
216,0.0004229782789479941,6719,
216,,6726,0.0002692081034183502
217,0.0004866901144850999,6729,
217,0.0005651863175444305,6739,
217,0.000442340737208724,6749,
217,,6757,0.00027897118707187474
218,0.0005771542782895267,6759,
218,0.0005549286142922938,6769,
218,0.0003079237649217248,6779,
218,,6788,0.00028445819043554366
219,0.00042710729758255184,6789,
219,0.0004658214165829122,6799,
219,0.00042986348853446543,6809,
219,0.0003889861982315779,6819,
219,,6819,0.0003011051448993385
220,0.0003866448241751641,6829,
220,0.0003512643161229789,6839,
220,0.0004361626924946904,6849,
220,,6850,0.0002951855421997607
221,0.0004992469330318272,6859,
221,0.0005315547459758818,6869,
221,0.0003654650936368853,6879,
221,,6881,0.00027979034348390996
222,0.00038515208871103823,6889,
222,0.000530022312887013,6899,
222,0.0005459370440803468,6909,
222,,6912,0.00029182719299569726
223,0.0004285007016733289,6919,
223,0.0005704070790670812,6929,
223,0.00037104840157553554,6939,
223,,6943,0.0002974707749672234
224,0.0005717228050343692,6949,
224,0.0004571556346490979,6959,
224,0.000347998458892107,6969,
224,,6974,0.0002788282581605017
225,0.0005769308190792799,6979,
225,0.00041801182669587433,6989,
225,0.00035146120353601873,6999,
225,,7005,0.0002983110607601702
226,0.0004933110903948545,7009,
226,0.0008505492005497217,7019,
226,0.00042641584877856076,7029,
226,,7036,0.0002777815971057862
227,0.0005000964738428593,7039,
227,0.0005648175138048828,7049,
227,0.0003989769611507654,7059,
227,,7067,0.00028086977545171976
228,0.000575500016566366,7069,
228,0.0005761748761869967,7079,
228,0.00031257036607712507,7089,
228,,7098,0.0002682076010387391
229,0.00040453870315104723,7099,
229,0.00043165736133232713,7109,
229,0.0004279897839296609,7119,
229,0.00040851140511222184,7129,
229,,7129,0.0002594890829641372
230,0.00036238209577277303,7139,
230,0.00032586351153440773,7149,
230,0.0004293996898923069,7159,
230,,7160,0.0002518614346627146
231,0.0004508262500166893,7169,
231,0.0005424175760708749,7179,
231,0.0003506684734020382,7189,
231,,7191,0.00028281609411351383
232,0.0003974860010202974,7199,
232,0.0005383965326473117,7209,
232,0.0005658309091813862,7219,
232,,7222,0.000282302382402122
233,0.0003913641849067062,7229,
233,0.0005658259615302086,7239,
233,0.0003493037074804306,7249,
233,,7253,0.00024015257076825947
234,0.00048815071932040155,7259,
234,0.0004011101264040917,7269,
234,0.00030798884108662605,7279,
234,,7284,0.0002638451405800879
235,0.00045565023901872337,7289,
235,0.0003635262546595186,7299,
235,0.0003569992259144783,7309,
235,,7315,0.00024706116528250277
236,0.0004311140801291913,7319,
236,0.000879232247825712,7329,
236,0.00044358111335895956,7339,
236,,7346,0.0003319999377708882
237,0.00047285977052524686,7349,
237,0.0005236942088231444,7359,
237,0.0003590974665712565,7369,
237,,7377,0.00025322375586256385
238,0.0005055860383436084,7379,
238,0.0004654958611354232,7389,
238,0.00029383646324276924,7399,
238,,7408,0.0002790635626297444
239,0.0004185207362752408,7409,
239,0.00046227240818552673,7419,
239,0.0004706140316557139,7429,
239,0.0005123551818542182,7439,
239,,7439,0.00029232242377474904
240,0.00041370748658664525,7449,
240,0.0003137779713142663,7459,
240,0.00044602013076655567,7469,
240,,7470,0.00027530326042324305
241,0.0004668153414968401,7479,
241,0.0004992301110178232,7489,
241,0.00032616115640848875,7499,
241,,7501,0.0002803915413096547
242,0.0003534868883434683,7509,
242,0.0004534389008767903,7519,
242,0.0004987883730791509,7529,
242,,7532,0.0002676426956895739
243,0.0004015429294668138,7539,
243,0.00047548289876431227,7549,
243,0.000368856533896178,7559,
243,,7563,0.00028524367371574044
244,0.0005119048873893917,7569,
244,0.00040269040619023144,7579,
244,0.0003158984472975135,7589,
244,,7594,0.00025328536867164075
245,0.0004676096432376653,7599,
245,0.0003643684322014451,7609,
245,0.00034661690006032586,7619,
245,,7625,0.0002887267910409719
246,0.0004131509340368211,7629,
246,0.0007851258851587772,7639,
246,0.00042521985596977174,7649,
246,,7656,0.00026843827799893916
247,0.0006651893490925431,7659,
247,0.0005228007794357836,7669,
247,0.00033754718606360257,7679,
247,,7687,0.00029906214331276715
248,0.0007256501703523099,7689,
248,0.00053585966816172,7699,
248,0.00029285706114023924,7709,
248,,7718,0.00027534051332622766
249,0.00038519001100212336,7719,
249,0.00041303705074824393,7729,
249,0.00045751960715278983,7739,
249,0.000418311741668731,7749,
249,,7749,0.000308024522382766
250,0.0004035133752040565,7759,
250,0.00032007344998419285,7769,
250,0.000428924075094983,7779,
250,,7780,0.00026897722273133695
251,0.0004460395430214703,7789,
251,0.0004810640821233392,7799,
251,0.0003186422400176525,7809,
251,,7811,0.0002766289107967168
252,0.0003608076076488942,7819,
252,0.00043951376574113965,7829,
252,0.00045624581980518997,7839,
252,,7842,0.00025399422156624496
253,0.00038562342524528503,7849,
253,0.00042623470653779805,7859,
253,0.0003553586720954627,7869,
253,,7873,0.00026640918804332614
254,0.0004755403206218034,7879,
254,0.000395612558349967,7889,
254,0.0003038049617316574,7899,
254,,7904,0.00026738757151179016
255,0.00043308123713359237,7909,
255,0.000328418129356578,7919,
255,0.00034847616916522384,7929,
255,,7935,0.00026218645507469773
256,0.0003925620985683054,7939,
256,0.0007481017964892089,7949,
256,0.0003935347485821694,7959,
256,,7966,0.0002741767675615847
257,0.0004590150201693177,7969,
257,0.00044342014007270336,7979,
257,0.00036069107591174543,7989,
257,,7997,0.00025781444855965674
258,0.0005331379361450672,7999,
258,0.0004468775587156415,8009,
258,0.0002631134702824056,8019,
258,,8028,0.0002347356203244999
259,0.0003279502270743251,8029,
259,0.00038129332824610174,8039,
259,0.00041885956306941807,8049,
259,0.000282001041341573,8059,
259,,8059,0.00026282627368345857
260,0.00035734017728827894,8069,
260,0.0002852697216439992,8079,
260,0.000400090852053836,8089,
260,,8090,0.00024672961444593966
261,0.00040072566480375826,8099,
261,0.00045715339365415275,8109,
261,0.0003070308594033122,8119,
261,,8121,0.00023652063100598752
262,0.00035055034095421433,8129,
262,0.00044179355609230697,8139,
262,0.00045926839811727405,8149,
262,,8152,0.0002577668346930295
263,0.0003812949580606073,8159,
263,0.0004167935694567859,8169,
263,0.00034311620402149856,8179,
263,,8183,0.0002492727362550795
264,0.00040995096787810326,8189,
264,0.00032713403925299644,8199,
264,0.0002754658926278353,8209,
264,,8214,0.00023137374955695122
265,0.00040480788447894156,8219,
265,0.0003078133158851415,8229,
265,0.00034531488199718297,8239,
265,,8245,0.00027591295656748116
266,0.00043334357906132936,8249,
266,0.0007395035354420543,8259,
266,0.0003930728416889906,8269,
266,,8276,0.00027828841120935977
267,0.0004225107841193676,8279,
267,0.00044981372775509953,8289,
267,0.00034972740104421973,8299,
267,,8307,0.00030474274535663426
268,0.0006222339579835534,8309,
268,0.00041311761015094817,8319,
268,0.00025783790624700487,8329,
268,,8338,0.00025063069188036025
269,0.0003631017170846462,8339,
269,0.0003839456185232848,8349,
269,0.0004112738824915141,8359,
269,0.0006718039512634277,8369,
269,,8369,0.0002636607678141445
270,0.0003893497632816434,8379,
270,0.000279562285868451,8389,
270,0.00039112643571570516,8399,
270,,8400,0.0002497738169040531
271,0.000506130454596132,8409,
271,0.0005030506290495396,8419,
271,0.000307495123706758,8429,
271,,8431,0.0002562403096817434
272,0.0003331339394208044,8439,
272,0.00047054531751200557,8449,
272,0.0004479622293729335,8459,
272,,8462,0.00030047938344068825
273,0.00039038746035657823,8469,
273,0.000451769185019657,8479,
273,0.0003232051385566592,8489,
273,,8493,0.00024824446882121265
274,0.00039656812441535294,8499,
274,0.00033483075094409287,8509,
274,0.00026153834187425673,8519,
274,,8524,0.00023797577887307853
275,0.00041975779458880424,8529,
275,0.00031020116875879467,8539,
275,0.0003054294502362609,8549,
275,,8555,0.0002511611382942647
276,0.00036932434886693954,8559,
276,0.000698912306688726,8569,
276,0.00036162734613753855,8579,
276,,8586,0.0002394515904597938
277,0.00036802998511120677,8589,
277,0.00040376599645242095,8599,
277,0.00030192735721357167,8609,
277,,8617,0.00023470645828638226
278,0.0004716607800219208,8619,
278,0.0003917146532330662,8629,
278,0.00025491241831332445,8639,
278,,8648,0.00021777824440505356
279,0.00027847790624946356,8649,
279,0.00033198599703609943,8659,
279,0.0003661874507088214,8669,
279,0.000393114605685696,8679,
279,,8679,0.00023533419880550355
280,0.00033183066989295185,8689,
280,0.00025814760010689497,8699,
280,0.0003920375893358141,8709,
280,,8710,0.0002503202704247087
281,0.00033066357718780637,8719,
281,0.00044604172580875456,8729,
281,0.0002884470159187913,8739,
281,,8741,0.00026962385163642466
282,0.0003228066780138761,8749,
282,0.0004235923697706312,8759,
282,0.0004447244864422828,8769,
282,,8772,0.00025914976140484214
283,0.0003222250088583678,8779,
283,0.0004366585344541818,8789,
283,0.00031625438714399934,8799,
283,,8803,0.00029416699544526637
284,0.00045097884139977396,8809,
284,0.0002999897114932537,8819,
284,0.00026493449695408344,8829,
284,,8834,0.0002474629145581275
285,0.0004373044066596776,8839,
285,0.00030647890525870025,8849,
285,0.0003092472907155752,8859,
285,,8865,0.00022958045883569866
286,0.0003695810155477375,8869,
286,0.0007436471059918404,8879,
286,0.00036573968827724457,8889,
286,,8896,0.00025901690241880715
287,0.00040416207048110664,8899,
287,0.00042958298581652343,8909,
287,0.00031524692894890904,8919,
287,,8927,0.00025112161529250443
288,0.0005265293875709176,8929,
288,0.00036969760549254715,8939,
288,0.0002571055374573916,8949,
288,,8958,0.00022308957704808563
289,0.0003153764409944415,8959,
289,0.0003317704831715673,8969,
289,0.0003685929696075618,8979,
289,0.0004704381572082639,8989,
289,,8989,0.00024181793560273945
290,0.0003361956914886832,8999,
290,0.00026419974165037274,9009,
290,0.0003791884519159794,9019,
290,,9020,0.00023896849597804248
291,0.0003663215320557356,9029,
291,0.000434835470514372,9039,
291,0.0002762069634627551,9049,
291,,9051,0.0002480644325260073
292,0.0003190026618540287,9059,
292,0.0004117722564842552,9069,
292,0.00041969685116782784,9079,
292,,9082,0.00024499569553881884
293,0.0003701451641973108,9089,
293,0.00039789476431906223,9099,
293,0.00031486997613683343,9109,
293,,9113,0.00022500079649034888
294,0.000383502192562446,9119,
294,0.00029234253452159464,9129,
294,0.0002417083887849003,9139,
294,,9144,0.00022634652850683779
295,0.00039033792563714087,9149,
295,0.00030881224665790796,9159,
295,0.0002850043820217252,9169,
295,,9175,0.00021424934675451368
296,0.0003485004126559943,9179,
296,0.0006915279664099216,9189,
296,0.000338064186507836,9199,
296,,9206,0.00022917654132470489
297,0.0003767402085941285,9209,
297,0.00036391615867614746,9219,
297,0.0002893095079343766,9229,
297,,9237,0.00023775198496878147
298,0.0004588673182297498,9239,
298,0.00036613550037145615,9249,
298,0.0002407542197033763,9259,
298,,9268,0.0002202587784267962
299,0.00029934587655588984,9269,
299,0.00030506798066198826,9279,
299,0.0003412382211536169,9289,
299,0.000261557346675545,9299,
299,,9299,0.00021646289678756148
300,0.0003165049711242318,9309,
300,0.00024239496269728988,9319,
300,0.00035813721478916705,9329,
300,,9330,0.0002258758177049458
301,0.00031448283698409796,9339,
301,0.00040289535536430776,9349,
301,0.0002666974032763392,9359,
301,,9361,0.0002327942638657987
302,0.0002682819031178951,9369,
302,0.00036818787339143455,9379,
302,0.00041167624294757843,9389,
302,,9392,0.00021787364676129073
303,0.0003098759625572711,9399,
303,0.0003795838274527341,9409,
303,0.00029777619056403637,9419,
303,,9423,0.0002469306346029043
304,0.0003888465871568769,9429,
304,0.0002787982521113008,9439,
304,0.00023201186559163034,9449,
304,,9454,0.00023848256387282163
305,0.0004057436599396169,9459,
305,0.00029237440321594477,9469,
305,0.0002989292552229017,9479,
305,,9485,0.0002606930211186409
306,0.00035462543019093573,9489,
306,0.0006484053446911275,9499,
306,0.0003248723514843732,9509,
306,,9516,0.00025778726558201015
307,0.00041145976865664124,9519,
307,0.0004022536159027368,9529,
307,0.00029685787740163505,9539,
307,,9547,0.00023700055317021906
308,0.0004113157629035413,9549,
308,0.0003582642530091107,9559,
308,0.0002543497539591044,9569,
308,,9578,0.00024962230236269534
309,0.00032224570168182254,9579,
309,0.00030961676384322345,9589,
309,0.0003465927147772163,9599,
309,0.000334063486661762,9609,
309,,9609,0.0002152766683138907
310,0.00033393994090147316,9619,
310,0.00023820900241844356,9629,
310,0.00034851511009037495,9639,
310,,9640,0.00025963116786442697
311,0.00033550942316651344,9649,
311,0.0004174706991761923,9659,
311,0.0002632377145346254,9669,
311,,9671,0.0002436428185319528
312,0.0002601512533146888,9679,
312,0.00037617958150804043,9689,
312,0.00040064333006739616,9699,
312,,9702,0.00022393118706531823
313,0.00032942858524620533,9709,
313,0.0003536574076861143,9719,
313,0.0003030231164302677,9729,
313,,9733,0.0002743775548879057
314,0.0003781029081437737,9739,
314,0.00030941556906327605,9749,
314,0.00024445931194350123,9759,
314,,9764,0.00023503591364715248
315,0.00039861671393737197,9769,
315,0.00028986454708501697,9779,
315,0.0002965615421999246,9789,
315,,9795,0.00024125626077875495
316,0.00034471790422685444,9799,
316,0.0006615676684305072,9809,
316,0.0003124781942460686,9819,
316,,9826,0.00020360494090709835
317,0.00036801202804781497,9829,
317,0.00034445474739186466,9839,
317,0.000316137244226411,9849,
317,,9857,0.00028473930433392525
318,0.0004912724252790213,9859,
318,0.0003798152902163565,9869,
318,0.00024307954299729317,9879,
318,,9888,0.00023432190937455744
319,0.00033978524152189493,9889,
319,0.0003351762134116143,9899,
319,0.0003322836710140109,9909,
319,0.0007633997593075037,9919,
319,,9919,0.0002874871715903282
320,0.0003943326883018017,9929,
320,0.00028859867597930133,9939,
320,0.00037028786027804017,9949,
320,,9950,0.0002471971674822271
321,0.0003114516439381987,9959,
321,0.00042805096018128097,9969,
321,0.0002880100510083139,9979,
321,,9981,0.0002456395304761827
322,0.0003468760696705431,9989,
322,0.00034992428845725954,9999,
322,0.00037693892954848707,10009,
322,,10012,0.0002257295564049855
323,0.00035027050762437284,10019,
323,0.0003602569049689919,10029,
323,0.00032249081414192915,10039,
323,,10043,0.00024525620392523706
324,0.0003435432445257902,10049,
324,0.00032411515712738037,10059,
324,0.0002423406403977424,10069,
324,,10074,0.00022371634258888662
325,0.0003757026861421764,10079,
325,0.0002861978719010949,10089,
325,0.0002548170741647482,10099,
325,,10105,0.00024142394249793142
326,0.0003178604820277542,10109,
326,0.0006105395732447505,10119,
326,0.0003006070910487324,10129,
326,,10136,0.00017744347860570997
327,0.00030608047381974757,10139,
327,0.0003174392331857234,10149,
327,0.00029087471193633974,10159,
327,,10167,0.00021409311739262193
328,0.00034425241756252944,10169,
328,0.00032736719003878534,10179,
328,0.00021564241615124047,10189,
328,,10198,0.0001787502405932173
329,0.0002507903554942459,10199,
329,0.0002809054567478597,10209,
329,0.0002950791676994413,10219,
329,0.0002830547164194286,10229,
329,,10229,0.00020585402671713382
330,0.0002703412901610136,10239,
330,0.0002427235885988921,10249,
330,0.0003363482828717679,10259,
330,,10260,0.00018268203712068498
331,0.00029307586373761296,10269,
331,0.0003615580790210515,10279,
331,0.00024657227913849056,10289,
331,,10291,0.00022953591542318463
332,0.0002569136559031904,10299,
332,0.00033279057242907584,10309,
332,0.00035234601818956435,10319,
332,,10322,0.00018602398631628603
333,0.0003007601771969348,10329,
333,0.0003400654823053628,10339,
333,0.0002873556222766638,10349,
333,,10353,0.00023538866662420332
334,0.00036464777076616883,10359,
334,0.000285919988527894,10369,
334,0.00022633292246609926,10379,
334,,10384,0.00020323321223258972
335,0.0004000952176284045,10389,
335,0.00027709000278264284,10399,
335,0.000256960338447243,10409,
335,,10415,0.00021048220514785498
336,0.00031133650918491185,10419,
336,0.0006271569873206317,10429,
336,0.0003052149841096252,10439,
336,,10446,0.0002082896389765665
337,0.00031740841222926974,10449,
337,0.00032702420139685273,10459,
337,0.00026150766643695533,10469,
337,,10477,0.0002334876189706847
338,0.00039419031236320734,10479,
338,0.0003563299251254648,10489,
338,0.0002205019409302622,10499,
338,,10508,0.00020957092056050897
339,0.00027873014914803207,10509,
339,0.0002853598562069237,10519,
339,0.0002924257714767009,10529,
339,0.00038419608608819544,10539,
339,,10539,0.0002192821557400748
340,0.0002789337304420769,10549,
340,0.00025828054640442133,10559,
340,0.0003218358615413308,10569,
340,,10570,0.00020191437215544283
341,0.0002732811844907701,10579,
341,0.00033992549288086593,10589,
341,0.00024296088668052107,10599,
341,,10601,0.00022747943876311183
342,0.00026278753648512065,10609,
342,0.00032512564212083817,10619,
342,0.0003617095935624093,10629,
342,,10632,0.00019485896336846054
343,0.00026487457216717303,10639,
343,0.0003353608481120318,10649,
343,0.0002772224834188819,10659,
343,,10663,0.00021196040324866772
344,0.00036366807762533426,10669,
344,0.0002708238025661558,10679,
344,0.00022231006005313247,10689,
344,,10694,0.0002182167227147147
345,0.00036296641337685287,10699,
345,0.00025995942996814847,10709,
345,0.0002580787695478648,10719,
345,,10725,0.0002540034183766693
346,0.00034514014259912074,10729,
346,0.0006108143134042621,10739,
346,0.00029469106812030077,10749,
346,,10756,0.00019108901324216276
347,0.0002737375325523317,10759,
347,0.0003166593669448048,10769,
347,0.0002837362408172339,10779,
347,,10787,0.00023590336786583066
348,0.0004919179482385516,10789,
348,0.0003122987982351333,10799,
348,0.00021442330034915358,10809,
348,,10818,0.0001916765031637624
349,0.00027982989558950067,10819,
349,0.0002904640859924257,10829,
349,0.00028954914887435734,10839,
349,0.00039729237323626876,10849,
349,,10849,0.00022053401335142553
350,0.00028063409263268113,10859,
350,0.0002625308115966618,10869,
350,0.0003207471454516053,10879,
350,,10880,0.00021930603543296456
351,0.00029498923686333,10889,
351,0.0003549752873368561,10899,
351,0.00023966254957485944,10909,
351,,10911,0.00023549316392745823
352,0.0002657341246958822,10919,
352,0.00034402808523736894,10929,
352,0.00036920420825481415,10939,
352,,10942,0.00020886256243102252
353,0.00032546205329708755,10949,
353,0.0003781698760576546,10959,
353,0.00030443849391303957,10969,
353,,10973,0.00022648244339507073
354,0.00043831096263602376,10979,
354,0.00029332522535696626,10989,
354,0.00023759283067192882,10999,
354,,11004,0.0002204631018685177
355,0.00042240016045980155,11009,
355,0.000296128069749102,11019,
355,0.0002535166568122804,11029,
355,,11035,0.00021663130610249937
356,0.0003002850280608982,11039,
356,0.0006155752926133573,11049,
356,0.0002957122342195362,11059,
356,,11066,0.00020411322475410998
357,0.00031405099434778094,11069,
357,0.0003309607564006001,11079,
357,0.00028720550471916795,11089,
357,,11097,0.0002222572802565992
358,0.0004080906219314784,11099,
358,0.0003395591047592461,11109,
358,0.00023109200992621481,11119,
358,,11128,0.00022024281497579068
359,0.00030570797389373183,11129,
359,0.0002797219203785062,11139,
359,0.0002734508889261633,11149,
359,0.0002930442860815674,11159,
359,,11159,0.00021492569067049772
360,0.000301425316138193,11169,
360,0.0002330057614017278,11179,
360,0.0003216841141693294,11189,
360,,11190,0.0002274311991641298
361,0.00028374098474159837,11199,
361,0.0003855666145682335,11209,
361,0.00024730194127187133,11219,
361,,11221,0.0002134102105628699
362,0.0002407325227977708,11229,
362,0.0002963242295663804,11239,
362,0.00034527620300650597,11249,
362,,11252,0.00021335315250325948
363,0.00029333538259379566,11259,
363,0.0003602266951929778,11269,
363,0.00028379124705679715,11279,
363,,11283,0.00021624958026222885
364,0.0003252222668379545,11289,
364,0.00027525212499313056,11299,
364,0.00020832264272030443,11309,
364,,11314,0.00022957014152780175
365,0.00038681156001985073,11319,
365,0.00028412320534698665,11329,
365,0.00025306863244622946,11339,
365,,11345,0.00020505022257566452
366,0.0003259978839196265,11349,
366,0.0006476757698692381,11359,
366,0.0003239453071728349,11369,
366,,11376,0.00020663479517679662
367,0.00044305570190772414,11379,
367,0.0003939930466003716,11389,
367,0.00024983426555991173,11399,
367,,11407,0.00019314512610435486
368,0.0003719150263350457,11409,
368,0.0003630730207078159,11419,
368,0.00021753089095000178,11429,
368,,11438,0.000204424824914895
369,0.00025158084463328123,11439,
369,0.0002574155223555863,11449,
369,0.00028292654315009713,11459,
369,0.00023605437309015542,11469,
369,,11469,0.00018680983339436352
370,0.0002814080216921866,11479,
370,0.00023242077440954745,11489,
370,0.00030699578928761184,11499,
370,,11500,0.00019279244588688016
371,0.0002532862708903849,11509,
371,0.0003394214145373553,11519,
371,0.0002420306991552934,11529,
371,,11531,0.000191425351658836
372,0.0002683769562281668,11539,
372,0.00029087101574987173,11549,
372,0.00034101135679520667,11559,
372,,11562,0.0002116646501235664
373,0.00028510086121968925,11569,
373,0.00033524903119541705,11579,
373,0.000272406789008528,11589,
373,,11593,0.00019063646323047578
374,0.0002958267868962139,11599,
374,0.00027806885191239417,11609,
374,0.00020538456737995148,11619,
374,,11624,0.00020595417299773544
375,0.0003646319673862308,11629,
375,0.0002768661652226001,11639,
375,0.00022446431103162467,11649,
375,,11655,0.00019633039482869208
376,0.0002797122288029641,11659,
376,0.0006607408286072314,11669,
376,0.0003117705346085131,11679,
376,,11686,0.00018667428230401129
377,0.0002657730656210333,11689,
377,0.0003180624626111239,11699,
377,0.0002577231789473444,11709,
377,,11717,0.00021319797087926418
378,0.0003507948713377118,11719,
378,0.000346331944456324,11729,
378,0.0002305387461092323,11739,
378,,11748,0.0001816000003600493
379,0.0003677504719235003,11749,
379,0.00033305096440017223,11759,
379,0.0003447899653110653,11769,
379,0.000568188086617738,11779,
379,,11779,0.00020786041568499058
380,0.0003098064917139709,11789,
380,0.0002251691767014563,11799,
380,0.00031163764651864767,11809,
380,,11810,0.00020491961913648993
381,0.00036727002589032054,11819,
381,0.00034594678436405957,11829,
381,0.00025545188691467047,11839,
381,,11841,0.00020663779287133366
382,0.0002579490246716887,11849,
382,0.00027285245596431196,11859,
382,0.0003180773928761482,11869,
382,,11872,0.00019162481476087123
383,0.0002670337853487581,11879,
383,0.0003162998764310032,11889,
383,0.0002882929693441838,11899,
383,,11903,0.00021095629199407995
384,0.0002904906577896327,11909,
384,0.00030533946119248867,11919,
384,0.00021296412160154432,11929,
384,,11934,0.00017975681112147868
385,0.00038398674223572016,11939,
385,0.00026672802050597966,11949,
385,0.00023174297530204058,11959,
385,,11965,0.0002091962523991242
386,0.0003029919171240181,11969,
386,0.0006226624827831984,11979,
386,0.0002994441310875118,11989,
386,,11996,0.00019555483595468104
387,0.00025868156808428466,11999,
387,0.000340934784617275,12009,
387,0.00025488727260380983,12019,
387,,12027,0.00018293129687663168
388,0.0003024908364750445,12029,
388,0.0003468820941634476,12039,
388,0.00022823381004855037,12049,
388,,12058,0.0001985537091968581
389,0.0002853147452697158,12059,
389,0.0002512096252758056,12069,
389,0.00032468384597450495,12079,
389,0.0003434812242630869,12089,
389,,12089,0.00018936915148515254
390,0.00031260817195288837,12099,
390,0.00022638606606051326,12109,
390,0.00029512072796933353,12119,
390,,12120,0.00023168767802417278
391,0.00043340810225345194,12129,
391,0.00033117024577222764,12139,
391,0.00025084629305638373,12149,
391,,12151,0.00019402365433052182
392,0.00023603324370924383,12159,
392,0.0002558371052145958,12169,
392,0.00029315121355466545,12179,
392,,12182,0.00019035693549085408
393,0.0002612572570797056,12189,
393,0.00031699257669970393,12199,
393,0.0002771422150544822,12209,
393,,12213,0.00019293316290713847
394,0.00030727640842087567,12219,
394,0.0003058974980376661,12229,
394,0.00022231985349208117,12239,
394,,12244,0.00021437440591398627
395,0.00042097512050531805,12249,
395,0.00027731788577511907,12259,
395,0.00023314967984333634,12269,
395,,12275,0.00019544395036064088
396,0.00026565324515104294,12279,
396,0.0005558282718993723,12289,
396,0.0002885203284677118,12299,
396,,12306,0.00018653186270967126
397,0.00023555812367703766,12309,
397,0.0002967484178952873,12319,
397,0.00026326553779654205,12329,
397,,12337,0.0001844981306931004
398,0.0003754382487386465,12339,
398,0.00031335465610027313,12349,
398,0.00024169655807781965,12359,
398,,12368,0.0001902812218759209
399,0.0002558452251832932,12369,
399,0.00027603638591244817,12379,
399,0.0003123000788036734,12389,
399,0.0004013293073512614,12399,
399,,12399,0.00019678920216392726
400,0.00030729101854376495,12409,
400,0.00021828962781000882,12419,
400,0.00028319464763626456,12429,
400,,12430,0.00019422810873948038
401,0.0002695038274396211,12439,
401,0.0003020198200829327,12449,
401,0.00023986784799490124,12459,
401,,12461,0.00022290203196462244
402,0.00023554261133540422,12469,
402,0.00026205432368442416,12479,
402,0.000293529883492738,12489,
402,,12492,0.00019236071966588497
403,0.0002742652432061732,12499,
403,0.00028325500898063183,12509,
403,0.0002654589479789138,12519,
403,,12523,0.00020575053349602968
404,0.0003330199688207358,12529,
404,0.00026638919371180236,12539,
404,0.00020215568656567484,12549,
404,,12554,0.0002020360407186672
405,0.0003269416920375079,12559,
405,0.00025854530395008624,12569,
405,0.00021149632812011987,12579,
405,,12585,0.0002668663510121405
406,0.000272660719929263,12589,
406,0.0005835748161189258,12599,
406,0.0002910207549575716,12609,
406,,12616,0.00021661605569534004
407,0.00035149327595718205,12619,
407,0.00029567518504336476,12629,
407,0.0002725738158915192,12639,
407,,12647,0.00018693132733460516
408,0.0003747039590962231,12649,
408,0.00030010772752575576,12659,
408,0.000245697854552418,12669,
408,,12678,0.00018659517809282988
409,0.00028692372143268585,12679,
409,0.00024106203636620194,12689,
409,0.0002557324187364429,12699,
409,0.00023644635803066194,12709,
409,,12709,0.00016105359827633947
410,0.000253658858127892,12719,
410,0.00021164659119676799,12729,
410,0.0002692033303901553,12739,
410,,12740,0.0001615200744709
411,0.00024154690618161112,12749,
411,0.00028844448388554156,12759,
411,0.0002169703075196594,12769,
411,,12771,0.00016229950415436178
412,0.00020485841378103942,12779,
412,0.00023223563039209694,12789,
412,0.00029344952781684697,12799,
412,,12802,0.0001546709390822798
413,0.0002239302993984893,12809,
413,0.00027930401847697794,12819,
413,0.0002469408209435642,12829,
413,,12833,0.00016816968854982406
414,0.0002652831608429551,12839,
414,0.0002547031035646796,12849,
414,0.00017945458239410073,12859,
414,,12864,0.00016163437976501882
415,0.00030758476350456476,12869,
415,0.0002246399672003463,12879,
415,0.00021071775699965656,12889,
415,,12895,0.00015262234956026077
416,0.00022273768263403326,12899,
416,0.0005083756987005472,12909,
416,0.0002634315169416368,12919,
416,,12926,0.0001763517502695322
417,0.0002858687948901206,12929,
417,0.0002898847160395235,12939,
417,0.00022438513406086713,12949,
417,,12957,0.00016034951840993017
418,0.0003707761352416128,12959,
418,0.00031466802465729415,12969,
418,0.00021068427304271609,12979,
418,,12988,0.00016194116324186325
419,0.0002574248646851629,12989,
419,0.00023346366651821882,12999,
419,0.0002613785909488797,13009,
419,0.0003227141569368541,13019,
419,,13019,0.0001663940929574892
420,0.00024607067462056875,13029,
420,0.0002115484094247222,13039,
420,0.00025159947108477354,13049,
420,,13050,0.00016723742010071874
421,0.0002283306821482256,13059,
421,0.0002651774848345667,13069,
421,0.00021468808699864894,13079,
421,,13081,0.00018980129971168935
422,0.0002283302164869383,13089,
422,0.0002459328679833561,13099,
422,0.0003179623745381832,13109,
422,,13112,0.00016224909632001072
423,0.0002313056611455977,13119,
423,0.00029056522180326283,13129,
423,0.0002505990269128233,13139,
423,,13143,0.00019285472808405757
424,0.0002879873791243881,13149,
424,0.00024477069382555783,13159,
424,0.0001994115737034008,13169,
424,,13174,0.0001658453547861427
425,0.00030385536956600845,13179,
425,0.00022387559874914587,13189,
425,0.00022151235316414386,13199,
425,,13205,0.00017297182057518512
426,0.00025336246471852064,13209,
426,0.0005233417032286525,13219,
426,0.00027481099823489785,13229,
426,,13236,0.0001696334802545607
427,0.0002841083623934537,13239,
427,0.0002945548330899328,13249,
427,0.00021869761985726655,13259,
427,,13267,0.0001780390302883461
428,0.0003260326338931918,13269,
428,0.0002831604506354779,13279,
428,0.000202085793716833,13289,
428,,13298,0.00017357351316604763
429,0.00027228231192566454,13299,
429,0.00023381815117318183,13309,
429,0.00025868145166896284,13319,
429,0.0004956552293151617,13329,
429,,13329,0.0001679338311078027
430,0.00028064215439371765,13339,
430,0.0002033361524809152,13349,
430,0.000259967491729185,13359,
430,,13360,0.00019226298900321126
431,0.00025677672238089144,13369,
431,0.0002729026018641889,13379,
431,0.00021844086586497724,13389,
431,,13391,0.00016731610230635852
432,0.00022138090571388602,13399,
432,0.00023941766994539648,13409,
432,0.00030412001069635153,13419,
432,,13422,0.00017106103769037873
433,0.0002535997482482344,13429,
433,0.00029236619593575597,13439,
433,0.0002355840551899746,13449,
433,,13453,0.00015768842422403395
434,0.00025898258900269866,13459,
434,0.00022879174503032118,13469,
434,0.0001828247040975839,13479,
434,,13484,0.00018505024490877986
435,0.00029574104701168835,13489,
435,0.00024156220024451613,13499,
435,0.00022689088655170053,13509,
435,,13515,0.0001577200018800795
436,0.00025963742518797517,13519,
436,0.0005384949618019164,13529,
436,0.00027586030773818493,13539,
436,,13546,0.0002023896377068013
437,0.0002842707035597414,13549,
437,0.0002909796603489667,13559,
437,0.0002297777682542801,13569,
437,,13577,0.00017812535224948078
438,0.0002700868353713304,13579,
438,0.00028664845740422606,13589,
438,0.0002028682065429166,13599,
438,,13608,0.00020285262144170702
439,0.0002911666233558208,13609,
439,0.00023854835308156908,13619,
439,0.0002755240711849183,13629,
439,0.00026264713960699737,13639,
439,,13639,0.00018882800941355526
440,0.0003032402601093054,13649,
440,0.0002017657388933003,13659,
440,0.0002724112127907574,13669,
440,,13670,0.00017211190424859524
441,0.000223792769247666,13679,
441,0.00026125871227122843,13689,
441,0.00020828355627600104,13699,
441,,13701,0.00015701199299655855
442,0.00024060840951278806,13709,
442,0.00023555207008030266,13719,
442,0.0003019951400347054,13729,
442,,13732,0.0001865704543888569
443,0.0002820895751938224,13739,
443,0.0002836651401594281,13749,
443,0.0002451909240335226,13759,
443,,13763,0.0002005413844017312
444,0.0003587020910345018,13769,
444,0.00034773763036355376,13779,
444,0.00021043737069703639,13789,
444,,13794,0.0001774553384166211
445,0.00027980562299489975,13799,
445,0.00024534788099117577,13809,
445,0.0002297769533470273,13819,
445,,13825,0.0001935942709678784
446,0.0002466713194735348,13829,
446,0.0004910776042379439,13839,
446,0.0002741898351814598,13849,
446,,13856,0.00017088816093746573
447,0.00027959063299931586,13859,
447,0.00027611033874563873,13869,
447,0.00025187453138642013,13879,
447,,13887,0.0001838429889176041
448,0.00035330859827809036,13889,
448,0.0003699976659845561,13899,
448,0.00020447075075935572,13909,
448,,13918,0.00017361539357807487
449,0.0002590012445580214,13919,
449,0.0002420728123979643,13929,
449,0.00026898449868895113,13939,
449,0.00027170442626811564,13949,
449,,13949,0.0001703396119410172
450,0.00029194337548688054,13959,
450,0.00020866353588644415,13969,
450,0.0002627379144541919,13979,
450,,13980,0.00020897290960419923
451,0.0002712983114179224,13989,
451,0.0002874038473237306,13999,
451,0.0002187807549489662,14009,
451,,14011,0.00017016613855957985
452,0.00021432831999845803,14019,
452,0.0002293566649314016,14029,
452,0.0002693380229175091,14039,
452,,14042,0.00021596954320557415
453,0.00029399569029919803,14049,
453,0.0002836996573023498,14059,
453,0.0002442382392473519,14069,
453,,14073,0.00017984704754780978
454,0.0002649182570166886,14079,
454,0.00023906449496280402,14089,
454,0.00017703445337247103,14099,
454,,14104,0.0001850633998401463
455,0.000318189209792763,14109,
455,0.0002451628679409623,14119,
455,0.00022082797659095377,14129,
455,,14135,0.00016893968859221786
456,0.00023088468878995627,14139,
456,0.00044258678099140525,14149,
456,0.0002572794910520315,14159,
456,,14166,0.0001671396312303841
457,0.00019765821343753487,14169,
457,0.0002432713081361726,14179,
457,0.00023268921358976513,14189,
457,,14197,0.0001781840401235968
458,0.0002987726766150445,14199,
458,0.0002761446521617472,14209,
458,0.00019844634516630322,14219,
458,,14228,0.00015084422193467617
459,0.00023917964426800609,14229,
459,0.00022817467106506228,14239,
459,0.00023974641226232052,14249,
459,0.00029467037529684603,14259,
459,,14259,0.00018787260341923684
460,0.00024182660854421556,14269,
460,0.0001940592919709161,14279,
460,0.00025289252516813576,14289,
460,,14290,0.00014384133100975305
461,0.00022727293253410608,14299,
461,0.0002430209278827533,14309,
461,0.0001955174229806289,14319,
461,,14321,0.0001726030750432983
462,0.00021676278265658766,14329,
462,0.0002268007956445217,14339,
462,0.0002638229343574494,14349,
462,,14352,0.0001551442255731672
463,0.00022396391432266682,14359,
463,0.0002486017474438995,14369,
463,0.00022895193251315504,14379,
463,,14383,0.00017599428247194737
464,0.00024513446260243654,14389,
464,0.00021579743770416826,14399,
464,0.0001698416454019025,14409,
464,,14414,0.00021907062910031527
465,0.00044438126496970654,14419,
465,0.0002308931725565344,14429,
465,0.0002106402098434046,14439,
465,,14445,0.00020222565217409283
466,0.00024834301439113915,14449,
466,0.00043881157762371004,14459,
466,0.00024920637952163815,14469,
466,,14476,0.00021419681434053928
467,0.000241259258473292,14479,
467,0.000282473600236699,14489,
467,0.00022934534354135394,14499,
467,,14507,0.00016421791224274784
468,0.0003164048830512911,14509,
468,0.0002373048773733899,14519,
468,0.00019837905711028725,14529,
468,,14538,0.00019366596825420856
469,0.00034408271312713623,14539,
469,0.0002452945918776095,14549,
469,0.0002509415498934686,14559,
469,0.0006791368941776454,14569,
469,,14569,0.00016395936836488545
470,0.0002523077419027686,14579,
470,0.00020332598069217056,14589,
470,0.0002558331179898232,14599,
470,,14600,0.00017705169739201665
471,0.0003288448788225651,14609,
471,0.0002741267962846905,14619,
471,0.00019396630523260683,14629,
471,,14631,0.00015725995763204992
472,0.000190110964467749,14639,
472,0.00020770583068951964,14649,
472,0.00024995027342811227,14659,
472,,14662,0.00014548032777383924
473,0.0002128847991116345,14669,
473,0.0002345316024729982,14679,
473,0.0002177960705012083,14689,
473,,14693,0.00016824725025799125
474,0.00023842640803195536,14699,
474,0.0002179032890126109,14709,
474,0.0001683713198872283,14719,
474,,14724,0.0001389319950249046
475,0.00026316416915506124,14729,
475,0.00021646269306074828,14739,
475,0.00018619811453390867,14749,
475,,14755,0.00016401892935391515
476,0.00020985296578146517,14759,
476,0.0003972178674302995,14769,
476,0.00023998717369977385,14779,
476,,14786,0.0001514817849965766
477,0.00019930191047023982,14789,
477,0.0002371741138631478,14799,
477,0.00020948922610841691,14809,
477,,14817,0.00014835652837064117
478,0.00027486408362165093,14819,
478,0.0002528707555029541,14829,
478,0.00019180949311703444,14839,
478,,14848,0.0001558064395794645
479,0.00023260171292349696,14849,
479,0.00021223117073532194,14859,
479,0.00022589205764234066,14869,
479,0.00023750634863972664,14879,
479,,14879,0.00016431728727184236
480,0.0002511551429051906,14889,
480,0.00017902461695484817,14899,
480,0.00022298218391370028,14909,
480,,14910,0.00016703583241906017
481,0.00022346303740050644,14919,
481,0.00023101245460566133,14929,
481,0.0001823911879910156,14939,
481,,14941,0.00015464618627447635
482,0.00019237631931900978,14949,
482,0.00020562580903060734,14959,
482,0.0002664731000550091,14969,
482,,14972,0.00016582227544859052
483,0.00021220531198196113,14979,
483,0.00024388503516092896,14989,
483,0.00021145280334167182,14999,
483,,15003,0.00013829790987074375
484,0.00022608356084674597,15009,
484,0.00020809272245969623,15019,
484,0.00016795870033092797,15029,
484,,15034,0.00016727081674616784
485,0.00031681600376032293,15039,
485,0.00019984884420409799,15049,
485,0.00019625687855295837,15059,
485,,15065,0.0001442099455744028
486,0.00020481494721025229,15069,
486,0.0003613602020777762,15079,
486,0.00022501042985823005,15089,
486,,15096,0.00017460525850765407
487,0.00020235373813193291,15099,
487,0.0002501059789210558,15109,
487,0.00019976905605290085,15119,
487,,15127,0.0001418872270733118
488,0.00025074719451367855,15129,
488,0.00022230943432077765,15139,
488,0.0002059711841866374,15149,
488,,15158,0.00023308480740524828
489,0.0003141474153380841,15159,
489,0.00021964433835819364,15169,
489,0.0002402870886726305,15179,
489,0.00037437755963765085,15189,
489,,15189,0.0001456438039895147
490,0.0002514937368687242,15199,
490,0.00018554329290054739,15209,
490,0.00022862783225718886,15219,
490,,15220,0.0002010355528909713
491,0.00028017107979394495,15229,
491,0.00024209090042859316,15239,
491,0.000183287585969083,15249,
491,,15251,0.0001607851154403761
492,0.00018605950754135847,15259,
492,0.00020583762670867145,15269,
492,0.0002600333536975086,15279,
492,,15282,0.00018972151156049222
493,0.00021246592223178595,15289,
493,0.0002468070888426155,15299,
493,0.00022076463210396469,15309,
493,,15313,0.00016695450176484883
494,0.00022963951050769538,15319,
494,0.00022212097246665508,15329,
494,0.00017071851470973343,15339,
494,,15344,0.00015182977949734777
495,0.0002691382251214236,15349,
495,0.00022393684776034206,15359,
495,0.00020576143288053572,15369,
495,,15375,0.00018729417934082448
496,0.00019912581774406135,15379,
496,0.0003834978269878775,15389,
496,0.0002383265527896583,15399,
496,,15406,0.00015472882660105824
497,0.00019685518054757267,15409,
497,0.00024987521464936435,15419,
497,0.00020912806212436408,15429,
497,,15437,0.0001939818321261555
498,0.0002904256107285619,15439,
498,0.0002650197420734912,15449,
498,0.0002042049018200487,15459,
498,,15468,0.00015643348160665482
499,0.0002223644987680018,15469,
499,0.0002574368554633111,15479,
499,0.00025038435705937445,15489,
499,0.0002692286507226527,15499,
499,,15499,0.00018987046496476978
500,0.00023558526299893856,15509,
500,0.00018983110203407705,15519,
500,0.00023797829635441303,15529,
500,,15530,0.00016575421614106745
501,0.0002218104200437665,15539,
501,0.0002209576778113842,15549,
501,0.0001758450671331957,15559,
501,,15561,0.00019105484534520656
502,0.00021383182320278138,15569,
502,0.00022164797701407224,15579,
502,0.0002602270105853677,15589,
502,,15592,0.0001924163370858878
503,0.00023593613877892494,15599,
503,0.00022765216999687254,15609,
503,0.00022574418107979,15619,
503,,15623,0.00017443038814235479
504,0.0002731647982727736,15629,
504,0.00023075193166732788,15639,
504,0.00017754436703398824,15649,
504,,15654,0.00019199078087694943
505,0.00026191308279521763,15659,
505,0.00025561824440956116,15669,
505,0.0002148483763448894,15679,
505,,15685,0.00019628662266768515
506,0.00021981164172757417,15689,
506,0.00038203399162739515,15699,
506,0.000246069161221385,15709,
506,,15716,0.00018481157894711941
507,0.00021413683134596795,15719,
507,0.00023941800463944674,15729,
507,0.00020664610201492906,15739,
507,,15747,0.00019038116442970932
508,0.00029747383086942136,15749,
508,0.0002685674116946757,15759,
508,0.00020236571435816586,15769,
508,,15778,0.0001755060802679509
509,0.00024181079061236233,15779,
509,0.00025149344583041966,15789,
509,0.00024401320843026042,15799,
509,0.00023904728004708886,15809,
509,,15809,0.00017857308557722718
510,0.00023158905969467014,15819,
510,0.0001784620399121195,15829,
510,0.00022530027490574867,15839,
510,,15840,0.0001873518922366202
511,0.00022842198086436838,15849,
511,0.00024062533339019865,15859,
511,0.00019179000810254365,15869,
511,,15871,0.00017995938833337277
512,0.00019027873349841684,15879,
512,0.00021540260058827698,15889,
512,0.00023637735284864902,15899,
512,,15902,0.00015858277038205415
513,0.0002288660907652229,15909,
513,0.00021246157120913267,15919,
513,0.00022329970670398325,15929,
513,,15933,0.00018734889454208314
514,0.0002184741897508502,15939,
514,0.0001995678903767839,15949,
514,0.00016244871949311346,15959,
514,,15964,0.0001569596497574821
515,0.00023980019614100456,15969,
515,0.00020419555949047208,15979,
515,0.00019380620506126434,15989,
515,,15995,0.00015895765682216734
516,0.0001947586570167914,15999,
516,0.0003206574183423072,16009,
516,0.00024576380383223295,16019,
516,,16026,0.0001812689151847735
517,0.00020047037105541676,16029,
517,0.00021461767028085887,16039,
517,0.00020763440988957882,16049,
517,,16057,0.00014367108815349638
518,0.0002228468656539917,16059,
518,0.00021988392109051347,16069,
518,0.00019544581300579011,16079,
518,,16088,0.0002060612168861553
519,0.00023101440456230193,16089,
519,0.0001860136108007282,16099,
519,0.00021819875109940767,16109,
519,0.00021121052850503474,16119,
519,,16119,0.00014391395961865783
520,0.00021867401665076613,16129,
520,0.0001745753106661141,16139,
520,0.0002002818218898028,16149,
520,,16150,0.00016262078133877367
521,0.00019532954320311546,16159,
521,0.0002243138587800786,16169,
521,0.0001791622635209933,16179,
521,,16181,0.0001557999785291031
522,0.00018363566778134555,16189,
522,0.0001915757602546364,16199,
522,0.00021927243506070226,16209,
522,,16212,0.00015122834884095937
523,0.00019837828585878015,16219,
523,0.00021342640684451908,16229,
523,0.00020064914133399725,16239,
523,,16243,0.00016131105076055974
524,0.00020690234669018537,16249,
524,0.000176103159901686,16259,
524,0.00015092091052792966,16269,
524,,16274,0.000161467440193519
525,0.00026779196923598647,16279,
525,0.00019399910524953157,16289,
525,0.00020037936337757856,16299,
525,,16305,0.00015832463395781815
526,0.0002477547968737781,16309,
526,0.00030751022859476507,16319,
526,0.00021170242689549923,16329,
526,,16336,0.00017979675612878054
527,0.0002247805241495371,16339,
527,0.0002457187802065164,16349,
527,0.00021441472927108407,16359,
527,,16367,0.00014160093269310892
528,0.0002183660981245339,16369,
528,0.0002281177876284346,16379,
528,0.00017542153364047408,16389,
528,,16398,0.00016323165618814528
529,0.0002075660740956664,16399,
529,0.00017958780517801642,16409,
529,0.00020889965526293963,16419,
529,0.000203057294129394,16429,
529,,16429,0.0001357547880616039
530,0.00021189972176216543,16439,
530,0.00017046510765794665,16449,
530,0.00018907511548604816,16459,
530,,16460,0.0001383619091939181
531,0.00020079886598978192,16469,
531,0.00022669648751616478,16479,
531,0.00017127733735833317,16489,
531,,16491,0.0002213584812125191
532,0.00024641939671710134,16499,
532,0.00023153380607254803,16509,
532,0.00022527732653543353,16519,
532,,16522,0.0001559550582896918
533,0.00019324761524330825,16529,
533,0.00019622812396846712,16539,
533,0.00019994373724330217,16549,
533,,16553,0.00015183529467321932
534,0.0002015043282881379,16559,
534,0.0001768082001945004,16569,
534,0.00014724592620041221,16579,
534,,16584,0.000148549021105282
535,0.00021750724408775568,16589,
535,0.0001931293518282473,16599,
535,0.00016197362856473774,16609,
535,,16615,0.0001382066257065162
536,0.00017358020704705268,16619,
536,0.0003145679656881839,16629,
536,0.00020142753783147782,16639,
536,,16646,0.00016536829934921116
537,0.00018534008995629847,16649,
537,0.00019984014215879142,16659,
537,0.00018301971431355923,16669,
537,,16677,0.00015331328904721886
538,0.00023067717847879976,16679,
538,0.00022381776943802834,16689,
538,0.00016532455629203469,16699,
538,,16708,0.00015066401101648808
539,0.00024562011822126806,16709,
539,0.0001929576974362135,16719,
539,0.0002217590226791799,16729,
539,0.000494411971885711,16739,
539,,16739,0.00018742297834251076
540,0.0002503262076061219,16749,
540,0.00018382818961981684,16759,
540,0.00018903503951150924,16769,
540,,16770,0.0001565898273838684
541,0.0002066192973870784,16779,
541,0.00021581538021564484,16789,
541,0.00016972151934169233,16799,
541,,16801,0.0002028229064308107
542,0.00023679489095229656,16809,
542,0.0002085426967823878,16819,
542,0.0002172468666685745,16829,
542,,16832,0.00015824534057173878
543,0.00020752911223098636,16839,
543,0.00021900107094552368,16849,
543,0.00019879874889738858,16859,
543,,16863,0.00015531013195868582
544,0.00021356085198931396,16869,
544,0.00017826423572842032,16879,
544,0.0001479760539950803,16889,
544,,16894,0.0001559866504976526
545,0.00023424072423949838,16899,
545,0.00018554413691163063,16909,
545,0.00017127518367487937,16919,
545,,16925,0.0001375520951114595
546,0.00017729683895595372,16929,
546,0.0002924349973909557,16939,
546,0.00020285221398808062,16949,
546,,16956,0.00014906111755408347
547,0.00018131146498490125,16959,
547,0.0002291961427545175,16969,
547,0.00021295792248565704,16979,
547,,16987,0.0001706125622149557
548,0.00030476477695629,16989,
548,0.0002493610081728548,16999,
548,0.00017028558067977428,17009,
548,,17018,0.0001622358977328986
549,0.00025644429842941463,17019,
549,0.00021718732023146003,17029,
549,0.00021260416542645544,17039,
549,0.0005596935516223311,17049,
549,,17049,0.00021837680833414197
550,0.00020681605383288115,17059,
550,0.0001730414223857224,17069,
550,0.00019580453226808459,17079,
550,,17080,0.00015639261982869357
551,0.00020660839800257236,17089,
551,0.0002056119410553947,17099,
551,0.00017566473979968578,17109,
551,,17111,0.00016716853133402765
552,0.00022012490080669522,17119,
552,0.0001950343430507928,17129,
552,0.0002009178715525195,17139,
552,,17142,0.000153685177792795
553,0.0001893990411190316,17149,
553,0.00022351514780893922,17159,
553,0.0001919106434797868,17169,
553,,17173,0.00018562874174676836
554,0.00024204442161135375,17179,
554,0.00019567154231481254,17189,
554,0.00015791643818374723,17199,
554,,17204,0.00014418027421925217
555,0.00023899688676465303,17209,
555,0.0001804029889171943,17219,
555,0.0001905266981339082,17229,
555,,17235,0.0001771732058841735
556,0.00020974254584871233,17239,
556,0.0003062714822590351,17249,
556,0.0001951872109202668,17259,
556,,17266,0.0001339232549071312
557,0.00019626006542239338,17269,
557,0.00021212939464021474,17279,
557,0.00018960573652293533,17289,
557,,17297,0.00018133105186279863
558,0.00031761458376422524,17299,
558,0.00029368061223067343,17309,
558,0.00017103939899243414,17319,
558,,17328,0.00013645997387357056
559,0.00018847444152925164,17329,
559,0.00018634017033036798,17339,
559,0.00019109761342406273,17349,
559,0.00024413704522885382,17359,
559,,17359,0.00014945564907975495
560,0.00020597501134034246,17369,
560,0.00017454389308113605,17379,
560,0.00019071217684540898,17389,
560,,17390,0.00013298177509568632
561,0.00018436694517731667,17399,
561,0.00019308773335069418,17409,
561,0.00016419145686086267,17419,
561,,17421,0.00017102021956816316
562,0.00021828690660186112,17429,
562,0.00020328914979472756,17439,
562,0.00019995014008600265,17449,
562,,17452,0.00014312849089037627
563,0.00020510268223006278,17459,
563,0.00020366832904983312,17469,
563,0.0001968311844393611,17479,
563,,17483,0.00016055695596151054
564,0.00022062365314923227,17489,
564,0.00018693710444495082,17499,
564,0.00015225815877784044,17509,
564,,17514,0.00014294082939159125
565,0.00023796892492100596,17519,
565,0.00017769035184755921,17529,
565,0.00018713396275416017,17539,
565,,17545,0.00018751807510852814
566,0.0002200201852247119,17549,
566,0.00033212272683158517,17559,
566,0.0001870118430815637,17569,
566,,17576,0.0001499408099334687
567,0.00020701110770460218,17579,
567,0.000197237211978063,17589,
567,0.00017664207553025335,17599,
567,,17607,0.0001530141307739541
568,0.0002359830541536212,17609,
568,0.0002430425229249522,17619,
568,0.00016413289995398372,17629,
568,,17638,0.00015613489085808396
569,0.0001884382509160787,17639,
569,0.00018354090570937842,17649,
569,0.00018823124992195517,17659,
569,0.00021514193213079125,17669,
569,,17669,0.00014551602362189442
570,0.00019436552247498184,17679,
570,0.0001569739106344059,17689,
570,0.00018193018331658095,17699,
570,,17700,0.0001455719320802018
571,0.00018239676137454808,17709,
571,0.0001951979356817901,17719,
571,0.0001698843843769282,17729,
571,,17731,0.00016666020383127034
572,0.00025599697255529463,17739,
572,0.00019173578766640276,17749,
572,0.00019877364684361964,17759,
572,,17762,0.0001542497775517404
573,0.0001885814272100106,17769,
573,0.00021072212257422507,17779,
573,0.00019494652224238962,17789,
573,,17793,0.00016477168537676334
574,0.00020794669399037957,17799,
574,0.00019924910156987607,17809,
574,0.00015442637959495187,17819,
574,,17824,0.00016479969781357795
575,0.00023961428087204695,17829,
575,0.00020981705165468156,17839,
575,0.00017679069424048066,17849,
575,,17855,0.00014891794126015157
576,0.0002268901007482782,17859,
576,0.0003062008763663471,17869,
576,0.00019274467194918543,17879,
576,,17886,0.00018721183005254716
577,0.00019015520229004323,17889,
577,0.0002062058774754405,17899,
577,0.00017543470312375575,17909,
577,,17917,0.00013117659545969218
578,0.00019392446847632527,17919,
578,0.00022403908951673657,17929,
578,0.0001689185155555606,17939,
578,,17948,0.00023509001766797155
579,0.00027817481895908713,17949,
579,0.00020999254775233567,17959,
579,0.00021206442033872008,17969,
579,0.0002838137443177402,17979,
579,,17979,0.00016040542686823756
580,0.00022774544777348638,17989,
580,0.00015905791951809078,17999,
580,0.0001888145343400538,18009,
580,,18010,0.00022361123410519212
581,0.0002479052636772394,18019,
581,0.00020646050688810647,18029,
581,0.0001654262887313962,18039,
581,,18041,0.00014364042726811022
582,0.0001718068087939173,18049,
582,0.00022873934358358383,18059,
582,0.000217276974581182,18069,
582,,18072,0.00019841574248857796
583,0.00018536022980697453,18079,
583,0.0002014808269450441,18089,
583,0.0001982756657525897,18099,
583,,18103,0.00015991828695405275
584,0.000211920021683909,18109,
584,0.0002100102137774229,18119,
584,0.00015625606465619057,18129,
584,,18134,0.00017265243513975292
585,0.00028671702602878213,18139,
585,0.00023083924315869808,18149,
585,0.0001782723848009482,18159,
585,,18165,0.00018763089610729367
586,0.0002313739969395101,18169,
586,0.0002980659483000636,18179,
586,0.0002155845140805468,18189,
586,,18196,0.00016601897368673235
587,0.00016517935728188604,18199,
587,0.00024309912987519056,18209,
587,0.00018227695545647293,18219,
587,,18227,0.0001737694547045976
588,0.00023374412558041513,18229,
588,0.000249534728936851,18239,
588,0.00019190243619959801,18249,
588,,18258,0.0002585250185802579
589,0.0003521058242768049,18259,
589,0.00022385211195796728,18269,
589,0.00024132116232067347,18279,
589,0.00030948055791668594,18289,
589,,18289,0.00017665023915469646
590,0.0002942169376183301,18299,
590,0.00017655744159128517,18309,
590,0.00025816549896262586,18319,
590,,18320,0.0001692767400527373
591,0.0003114657592959702,18329,
591,0.0002535328967496753,18339,
591,0.00017852330347523093,18349,
591,,18351,0.00018267387349624187
592,0.00016383799083996564,18359,
592,0.00025711519992910326,18369,
592,0.00022439844906330109,18379,
592,,18382,0.00018691588775254786
593,0.00022647039440926164,18389,
593,0.00022175474441610277,18399,
593,0.00028307465254329145,18409,
593,,18413,0.0001995850761886686
594,0.00024718011263757944,18419,
594,0.000253167818300426,18429,
594,0.00019176071509718895,18439,
594,,18444,0.00018781136895995587
595,0.00020870410662610084,18449,
595,0.00023672808310948312,18459,
595,0.00024440776905976236,18469,
595,,18475,0.0001511775772087276
596,0.0002009868621826172,18479,
596,0.00027342242537997663,18489,
596,0.00027499927091412246,18499,
596,,18506,0.00013857815065421164
597,0.00018532951071392745,18509,
597,0.00020412194135133177,18519,
597,0.0002471229527145624,18529,
597,,18537,0.000135116366436705
598,0.00018745835404843092,18539,
598,0.00020843918900936842,18549,
598,0.00021338665101211518,18559,
598,,18568,0.00014675415877718478
599,0.00019161451200488955,18569,
599,0.00020820865756832063,18579,
599,0.00021007699251640588,18589,
599,0.0002335147000849247,18599,
599,,18599,0.00016330911603290588
600,0.00023198775306809694,18609,
600,0.00021617571474052966,18619,
600,0.000220404879655689,18629,
600,,18630,0.00016696593957021832
601,0.0002169845683965832,18639,
601,0.00022368182544596493,18649,
601,0.00018031072977464646,18659,
601,,18661,0.00013941893121227622
602,0.00016196224896702915,18669,
602,0.00017899855447467417,18679,
602,0.00018048592028208077,18689,
602,,18692,0.00022113817976787686
603,0.00020926923025399446,18699,
603,0.000192948107724078,18709,
603,0.0002098062395816669,18719,
603,,18723,0.00016570001025684178
604,0.00024739946820773184,18729,
604,0.00020698108710348606,18739,
604,0.0001842230121837929,18749,
604,,18754,0.00020985094306524843
605,0.0003108807431999594,18759,
605,0.00022257929958868772,18769,
605,0.00019145131227560341,18779,
605,,18785,0.00015358833479695022
606,0.00019068919937126338,18789,
606,0.0002764329838100821,18799,
606,0.00019182139658369124,18809,
606,,18816,0.0001742628519423306
607,0.00016288197366520762,18819,
607,0.00019231658370699733,18829,
607,0.0001828650856623426,18839,
607,,18847,0.0001571149769006297
608,0.00019715986854862422,18849,
608,0.0002175061235902831,18859,
608,0.00017944515275303274,18869,
608,,18878,0.00019270367920398712
609,0.00019722548313438892,18879,
609,0.00019941103528253734,18889,
609,0.0002087264583678916,18899,
609,0.00021335974452085793,18909,
609,,18909,0.00014234427362680435
610,0.00025789430947043,18919,
610,0.0001793833216652274,18929,
610,0.00018587001250125468,18939,
610,,18940,0.00018313377222511917
611,0.0001816051808418706,18949,
611,0.00018213251314591616,18959,
611,0.00016772732487879694,18969,
611,,18971,0.0001464399101678282
612,0.00016883050557225943,18979,
612,0.00016702299762982875,18989,
612,0.0001755373814376071,18999,
612,,19002,0.00018327056022826582
613,0.00018119373999070376,19009,
613,0.0001823582424549386,19019,
613,0.00019231629266869277,19029,
613,,19033,0.0001545089326100424
614,0.00018031825311481953,19039,
614,0.0001751388335833326,19049,
614,0.000159261588123627,19059,
614,,19064,0.00015216974134091288
615,0.0001993228361243382,19069,
615,0.0001881117350421846,19079,
615,0.0001755779521772638,19089,
615,,19095,0.0001863582874648273
616,0.00018546827777754515,19099,
616,0.00022175852791406214,19109,
616,0.00018594300490804017,19119,
616,,19126,0.00013717015099246055
617,0.00015245961549226195,19129,
617,0.00018379629182163626,19139,
617,0.00016795212286524475,19149,
617,,19157,0.0001870662090368569
618,0.00023549914476461709,19159,
618,0.0002380411751801148,19169,
618,0.00018141682085115463,19179,
618,,19188,0.00013572233729064465
619,0.00017863196262624115,19189,
619,0.00020731375843752176,19199,
619,0.00018134013225790113,19209,
619,0.00028504952206276357,19219,
619,,19219,0.00019503892690408975
620,0.00020733023120556027,19229,
620,0.00018052375526167452,19239,
620,0.00018216334865428507,19249,
620,,19250,0.00013100575597491115
621,0.0001854649162851274,19259,
621,0.0001871542481239885,19269,
621,0.00016401421453338116,19279,
621,,19281,0.00018481510051060468
622,0.00018661223293747753,19289,
622,0.00015911157242953777,19299,
622,0.00017107576422858983,19309,
622,,19312,0.0001386146614095196
623,0.0001764666085364297,19319,
623,0.00019518888439051807,19329,
623,0.00018003661534748971,19339,
623,,19343,0.00019353364768903702
624,0.00021107110660523176,19349,
624,0.00017768036923371255,19359,
624,0.0001472520234528929,19369,
624,,19374,0.00012938800500705838
625,0.00019508731202222407,19379,
625,0.00019732804503291845,19389,
625,0.00015959767915774137,19399,
625,,19405,0.0001794922718545422
626,0.0001747135102050379,19409,
626,0.00021258540800772607,19419,
626,0.00018156456644646823,19429,
626,,19436,0.00013139768270775676
627,0.00016176386270672083,19439,
627,0.00018397446547169238,19449,
627,0.00018344636191613972,19459,
627,,19467,0.00017759224283508956
628,0.00021909929637331516,19469,
628,0.00024128082441166043,19479,
628,0.00016809703083708882,19489,
628,,19498,0.00014245267084334046
629,0.00016790929657872766,19499,
629,0.00019432860426604748,19509,
629,0.00017553042562212795,19519,
629,0.00020090339239686728,19529,
629,,19529,0.00015797001833561808
630,0.00018638666369952261,19539,
630,0.00017595036479178816,19549,
630,0.0001689904456725344,19559,
630,,19560,0.00013527720875572413
631,0.00017452538304496557,19569,
631,0.00017796675092540681,19579,
631,0.00015720643568783998,19589,
631,,19591,0.00014843993994873017
632,0.00015640647325199097,19599,
632,0.00015522823377978057,19609,
632,0.0001712010707706213,19619,
632,,19622,0.00017035358177963644
633,0.00017326846136711538,19629,
633,0.0001772205432644114,19639,
633,0.00018614040163811296,19649,
633,,19653,0.00013779419532511383
634,0.00017315738659817725,19659,
634,0.000154535096953623,19669,
634,0.00014543179713655263,19679,
634,,19684,0.00015894359967205673
635,0.0003241955128032714,19689,
635,0.0001823452621465549,19699,
635,0.00016451139526907355,19709,
635,,19715,0.00014545182057190686
636,0.00018157482554670423,19719,
636,0.00023641895677428693,19729,
636,0.00018119634478352964,19739,
636,,19746,0.0002083003637380898
637,0.00023018372303340584,19749,
637,0.00020754408615175635,19759,
637,0.00018439006817061454,19769,
637,,19777,0.00013906948151998222
638,0.0001679811830399558,19779,
638,0.0002023372653638944,19789,
638,0.0001678260596236214,19799,
638,,19808,0.00014282042684499174
639,0.00016972438606899232,19809,
639,0.00017836228653322905,19819,
639,0.00017054301861207932,19829,
639,0.0002123658632626757,19839,
639,,19839,0.00014846379053778946
640,0.00023406099353451282,19849,
640,0.00015618500765413046,19859,
640,0.0001572017790749669,19869,
640,,19870,0.00015189431724138558
641,0.0001798855810193345,19879,
641,0.00018182098574470729,19889,
641,0.0001496670738561079,19899,
641,,19901,0.00015468279889319092
642,0.00018827048188541085,19909,
642,0.00015845708549022675,19919,
642,0.00016800343291833997,19929,
642,,19932,0.00014396506594493985
643,0.00018973587430082262,19939,
643,0.00018360729154665023,19949,
643,0.0001811779657145962,19959,
643,,19963,0.0001704021415207535
644,0.000210934056667611,19969,
644,0.0001659821718931198,19979,
644,0.00013330334331840277,19989,
644,,19994,0.00012522080214694142
645,0.00019508170953486115,19999,
645,0.00018921228183899075,20009,
645,0.0001555697963340208,20019,
645,,20025,0.00015263397654052824
646,0.00017266676877625287,20029,
646,0.00021154993737582117,20039,
646,0.00017267248767893761,20049,
646,,20056,0.00015044627070892602
647,0.00016584721743129194,20059,
647,0.00018298556096851826,20069,
647,0.0001659171684877947,20079,
647,,20087,0.0001435606536688283
648,0.00024200230836868286,20089,
648,0.0002063244755845517,20099,
648,0.00016891547420527786,20109,
648,,20118,0.00014245611964724958
649,0.00015708630962762982,20119,
649,0.0001652809150982648,20129,
649,0.00016425726062152535,20139,
649,0.0002325780806131661,20149,
649,,20149,0.00014473646297119558
650,0.00018214300507679582,20159,
650,0.00016436191799584776,20169,
650,0.0001655900850892067,20179,
650,,20180,0.0002037012600339949
651,0.00023847230477258563,20189,
651,0.00018153768905904144,20199,
651,0.00015344681742135435,20209,
651,,20211,0.00015444618475157768
652,0.00015961639292072505,20219,
652,0.0001750019146129489,20229,
652,0.00016974374011624604,20239,
652,,20242,0.00021380401449277997
653,0.00017709253006614745,20249,
653,0.00017541325360070914,20259,
653,0.000187686673598364,20269,
653,,20273,0.00013559892249759287
654,0.0001682817965047434,20279,
654,0.0001629730686545372,20289,
654,0.00013737969857174903,20299,
654,,20304,0.0001478816702729091
655,0.0002377056225668639,20309,
655,0.00016151210002135485,20319,
655,0.00016060775669757277,20329,
655,,20335,0.0001351839309791103
656,0.0001554543705424294,20339,
656,0.0002160386211471632,20349,
656,0.00016052530554588884,20359,
656,,20366,0.00013779722212348133
657,0.00015859246195759624,20369,
657,0.00017365558596793562,20379,
657,0.00016626442084088922,20389,
657,,20397,0.00018472033843863755
658,0.0002871487813536078,20399,
658,0.0002615417179185897,20409,
658,0.00015157896268647164,20419,
658,,20428,0.00017082574777305126
659,0.0001851577399065718,20429,
659,0.00016478096949867904,20439,
659,0.00016973439778666943,20449,
659,0.00017262094479519874,20459,
659,,20459,0.0001363112241961062
660,0.00017866556299850345,20469,
660,0.000146266829688102,20479,
660,0.00016552476154174656,20489,
660,,20490,0.00018412813369650394
661,0.00019133933528792113,20499,
661,0.0001641884446144104,20509,
661,0.00015227776020765305,20519,
661,,20521,0.00013852525444235653
662,0.00017132981156464666,20529,
662,0.00015775951032992452,20539,
662,0.0001701897126622498,20549,
662,,20552,0.00014258964802138507
663,0.00017357950855512172,20559,
663,0.00017342630599159747,20569,
663,0.00017317231686320156,20579,
663,,20583,0.00021679798373952508
664,0.00026595621602609754,20589,
664,0.00019732641521841288,20599,
664,0.00013877227320335805,20609,
664,,20614,0.0001523967948742211
665,0.00021481726435013115,20619,
665,0.0002071098133455962,20629,
665,0.00015030840586405247,20639,
665,,20645,0.0002073074720101431
666,0.00016897368186619133,20649,
666,0.0002023189008468762,20659,
666,0.0001648968900553882,20669,
666,,20676,0.00015351343608926982
667,0.00016580696683377028,20679,
667,0.0001919092464959249,20689,
667,0.00018624123185873032,20699,
667,,20707,0.0002156593109248206
668,0.0003535230935085565,20709,
668,0.0002456728252582252,20719,
668,0.00018026202451437712,20729,
668,,20738,0.00018205564992967993
669,0.00026838111807592213,20739,
669,0.0002462166012264788,20749,
669,0.0002333348529646173,20759,
669,0.0005895608337596059,20769,
669,,20769,0.000167410122230649
670,0.00027194293215870857,20779,
670,0.00018066729535348713,20789,
670,0.00018018754781223834,20799,
670,,20800,0.0001404452632414177
671,0.00021189145627431571,20809,
671,0.00018381475820206106,20819,
671,0.00017157931870315224,20829,
671,,20831,0.00014935868966858834
672,0.00015471462393179536,20839,
672,0.0001595403882674873,20849,
672,0.0001740173902362585,20859,
672,,20862,0.000130463347886689
673,0.00017224224575329572,20869,
673,0.00020641541050281376,20879,
673,0.00018402276327833533,20889,
673,,20893,0.00014997301332186908
674,0.00019139617506880313,20899,
674,0.00016670043987687677,20909,
674,0.00014403728710021824,20919,
674,,20924,0.00011992816143902019
675,0.0001860453630797565,20929,
675,0.00017167504120152444,20939,
675,0.0001575473288539797,20949,
675,,20955,0.00015096430433914065
676,0.00016938465705607086,20959,
676,0.00019901018822565675,20969,
676,0.00016680733824614435,20979,
676,,20986,0.0001418192550772801
677,0.00017207316705025733,20989,
677,0.00020332715939730406,20999,
677,0.00020840879005845636,21009,
677,,21017,0.00016998274077195674
678,0.00023103559215087444,21019,
678,0.0002204439660999924,21029,
678,0.0001488145935581997,21039,
678,,21048,0.0001299747673328966
679,0.00017893305630423129,21049,
679,0.00017583012231625617,21059,
679,0.0001843931822804734,21069,
679,0.0003752748016268015,21079,
679,,21079,0.00015167855599429458
680,0.00015025377797428519,21089,
680,0.00016377601423300803,21099,
680,0.00016108872659970075,21109,
680,,21110,0.00015469687059521675
681,0.00018639062182046473,21119,
681,0.00017197649867739528,21129,
681,0.0001459021877963096,21139,
681,,21141,0.00013828386727254838
682,0.00016427070659119636,21149,
682,0.00018158386228606105,21159,
682,0.00017295018187724054,21169,
682,,21172,0.0001496420445619151
683,0.00018662118236534297,21179,
683,0.0001893979642773047,21189,
683,0.00018870299390982836,21199,
683,,21203,0.00014266115613281727
684,0.00017378486518282443,21209,
684,0.00014836940681561828,21219,
684,0.00013535843754652888,21229,
684,,21234,0.0001275605318369344
685,0.0002123796148225665,21239,
685,0.00015029305359348655,21249,
685,0.0001490627182647586,21259,
685,,21265,0.00015603059728164226
686,0.0001626755838515237,21269,
686,0.00019386637723073363,21279,
686,0.00016839442832861096,21289,
686,,21296,0.0001189716494991444
687,0.0001433349389117211,21299,
687,0.0001858990581240505,21309,
687,0.00016613256593700498,21319,
687,,21327,0.00015360502584371716
688,0.0002225176867796108,21329,
688,0.00019467578385956585,21339,
688,0.00014795422612223774,21349,
688,,21358,0.00011397357593523338
689,0.00015335698844864964,21359,
689,0.00015598995378240943,21369,
689,0.0001650312915444374,21379,
689,0.00021367525914683938,21389,
689,,21389,0.00014100130647420883
690,0.000147813800140284,21399,
690,0.00014821902732364833,21409,
690,0.00017602219304535538,21419,
690,,21420,0.000138176663313061
691,0.0002009031013585627,21429,
691,0.0001672495563980192,21439,
691,0.00015153776621446013,21449,
691,,21451,0.0001379786554025486
692,0.00014730356633663177,21459,
692,0.00015270432049874216,21469,
692,0.0001719002320896834,21479,
692,,21482,0.00013768632197752595
693,0.00016133238386828452,21489,
693,0.00016289021004922688,21499,
693,0.00017023435793817043,21509,
693,,21513,0.00013270937779452652
694,0.00015837032697163522,21519,
694,0.0001450280542485416,21529,
694,0.00013046248932369053,21539,
694,,21544,0.00012870920181740075
695,0.00019538569904398173,21549,
695,0.00015715116751380265,21559,
695,0.00014763926446903497,21569,
695,,21575,0.00015661945508327335
696,0.0001609898026799783,21579,
696,0.0001869617699412629,21589,
696,0.0001516520424047485,21599,
696,,21606,0.00012304690608289093
697,0.0001470900169806555,21609,
697,0.0001680953719187528,21619,
697,0.00015005258319433779,21629,
697,,21637,0.00020584496087394655
698,0.00029020188958384097,21639,
698,0.00024735904298722744,21649,
698,0.00014721440675202757,21659,
698,,21668,0.0001337737194262445
699,0.0001707326591713354,21669,
699,0.00020263282931409776,21679,
699,0.00016593759937677532,21689,
699,0.00031610362930223346,21699,
699,,21699,0.00022031860135030001
700,0.00020698024309240282,21709,
700,0.00014153390657156706,21719,
700,0.00014606451441068202,21729,
700,,21730,0.00013271083298604935
701,0.0001697429979685694,21739,
701,0.0001600176328793168,21749,
701,0.0001433350844308734,21759,
701,,21761,0.00019605753186624497
702,0.00017638075223658234,21769,
702,0.00014391641889233142,21779,
702,0.00015733233885839581,21789,
702,,21792,0.00012381785199977458
703,0.00016667500312905759,21799,
703,0.0001885749661596492,21809,
703,0.0001749064540490508,21819,
703,,21823,0.00015659087512176484
704,0.00016877075540833175,21829,
704,0.00014386106340680271,21839,
704,0.0001471841533202678,21849,
704,,21854,0.00016321754083037376
705,0.00040716564399190247,21859,
705,0.000164627970661968,21869,
705,0.00014948667376302183,21879,
705,,21885,0.00013705863966606557
706,0.00016212451737374067,21889,
706,0.00020306379883550107,21899,
706,0.00018251145957037807,21909,
706,,21916,0.0001408312818966806
707,0.00024110802041832358,21919,
707,0.0001821285259211436,21929,
707,0.00017204228788614273,21939,
707,,21947,0.00013069863780401647
708,0.00017930763715412468,21949,
708,0.00018708468996919692,21959,
708,0.00015501304005738348,21969,
708,,21978,0.00013772741658613086
709,0.00019360947771929204,21979,
709,0.00018963785259984434,21989,
709,0.0001814258430385962,21999,
709,0.0002567738702055067,22009,
709,,22009,0.00013272077194415033
710,0.00018677079060580581,22019,
710,0.00017491904145572335,22029,
710,0.00016443099593743682,22039,
710,,22040,0.0001300283329328522
711,0.00017384716193191707,22049,
711,0.0001830481633078307,22059,
711,0.0001497057528467849,22069,
711,,22071,0.00019075819000136107
712,0.00015305406122934073,22079,
712,0.00015989626990631223,22089,
712,0.0002085965097649023,22099,
712,,22102,0.00014814994938205928
713,0.00017027139256242663,22109,
713,0.0002001049870159477,22119,
713,0.0001834786671679467,22129,
713,,22133,0.00015827306197024882
714,0.00019651124603115022,22139,
714,0.00015323095431085676,22149,
714,0.0001555751805426553,22159,
714,,22164,0.00013892253628000617
715,0.0002323841181350872,22169,
715,0.00014718373131472617,22179,
715,0.00016224266437347978,22189,
715,,22195,0.00014731699775438756
716,0.0001734084216877818,22199,
716,0.0002473851782269776,22209,
716,0.00017827276315074414,22219,
716,,22226,0.0001657368993619457
717,0.00016448948008473963,22229,
717,0.00017504686547908932,22239,
717,0.00016946543473750353,22249,
717,,22257,0.0001482053194195032
718,0.00027274468448013067,22259,
718,0.00021136323630344123,22269,
718,0.00013855838915333152,22279,
718,,22288,0.00019481095660012215
719,0.00018556698341853917,22289,
719,0.0001699176209513098,22299,
719,0.00016246446466539055,22309,
719,0.0002651383401826024,22319,
719,,22319,0.00013456374290399253
720,0.00018102895410265774,22329,
720,0.00014479468518402427,22339,
720,0.0001726086193230003,22349,
720,,22350,0.00017013614706229419
721,0.00019008143863175064,22359,
721,0.0001880194467958063,22369,
721,0.00015027591143734753,22379,
721,,22381,0.00012696109479293227
722,0.00014544006262440234,22389,
722,0.0001675944367889315,22399,
722,0.00015871210780460387,22409,
722,,22412,0.00014771122368983924
723,0.00018603549688123167,22419,
723,0.00016889021208044142,22429,
723,0.00018603757780510932,22439,
723,,22443,0.0001301431911997497
724,0.00014951571938581765,22449,
724,0.00016058953769970685,22459,
724,0.00014027784345671535,22469,
724,,22474,0.00016422284534201026
725,0.00021467418991960585,22479,
725,0.00015012211224529892,22489,
725,0.00014635620755143464,22499,
725,,22505,0.00012011449143756181
726,0.00014615253894589841,22509,
726,0.00021403332357294858,22519,
726,0.0001669295597821474,22529,
726,,22536,0.00013765369658358395
727,0.00015203699877019972,22539,
727,0.00016819588199723512,22549,
727,0.00015665433602407575,22559,
727,,22567,0.00014007711433805525
728,0.0002035498182522133,22569,
728,0.000195855216588825,22579,
728,0.0001422827335773036,22589,
728,,22598,0.00014494862989522517
729,0.0001677599793765694,22599,
729,0.0001578294177306816,22609,
729,0.00017740197654347867,22619,
729,0.00027765464619733393,22629,
729,,22629,0.000144079647725448
730,0.000204619049327448,22639,
730,0.00018998431914951652,22649,
730,0.00014997566177044064,22659,
730,,22660,0.0001397588785039261
731,0.00017481291433796287,22669,
731,0.0001592012558830902,22679,
731,0.0001465973473386839,22689,
731,,22691,0.00013952143490314484
732,0.00013685546582564712,22699,
732,0.000167879305081442,22709,
732,0.0001937066117534414,22719,
732,,22722,0.0001582168770255521
733,0.000165530524100177,22729,
733,0.00019467460515443236,22739,
733,0.0001836061419453472,22749,
733,,22753,0.00013391829270403832
734,0.00017968061729334295,22759,
734,0.00015320641978178173,22769,
734,0.00015582192281726748,22779,
734,,22784,0.0001607963495189324
735,0.0002620995801407844,22789,
735,0.0001372381957480684,22799,
735,0.00015421598800458014,22809,
735,,22815,0.00012091419921489432
736,0.00015907995111774653,22819,
736,0.00021648677648045123,22829,
736,0.00016215549840126187,22839,
736,,22846,0.00014981332060415298
737,0.00014878505317028612,22849,
737,0.00017313464195467532,22859,
737,0.00017212657257914543,22869,
737,,22877,0.0001458663318771869
738,0.00019341388542670757,22879,
738,0.0002046307927230373,22889,
738,0.00014441269740927964,22899,
738,,22908,0.00013992218009661883
739,0.00017432506137993187,22909,
739,0.0001521017838967964,22919,
739,0.00015745754353702068,22929,
739,0.0002015311474679038,22939,
739,,22939,0.0001459076884202659
740,0.00014961740816943347,22949,
740,0.00014847602869849652,22959,
740,0.00015472840459551662,22969,
740,,22970,0.00012324917770456523
741,0.00019628235895652324,22979,
741,0.0001478104095440358,22989,
741,0.0001466082758270204,22999,
741,,23001,0.00014061742695048451
742,0.0001366746291751042,23009,
742,0.00016155729827005416,23019,
742,0.0001745016488712281,23029,
742,,23032,0.00012068272917531431
743,0.00014336583262775093,23039,
743,0.00016001179756131023,23049,
743,0.00016708757902961224,23059,
743,,23063,0.00015818624524399638
744,0.00018299867224413902,23069,
744,0.00014035777712706476,23079,
744,0.00012741473619826138,23089,
744,,23094,0.00013874766591470689
745,0.00020534235227387398,23099,
745,0.00015616418386343867,23109,
745,0.0001470150164095685,23119,
745,,23125,0.00016694118676241487
746,0.00015038694255053997,23129,
746,0.0001856185554061085,23139,
746,0.00017766737437341362,23149,
746,,23156,0.00013877611490897834
747,0.000180484596057795,23159,
747,0.00021100739832036197,23169,
747,0.00017361310892738402,23179,
747,,23187,0.0001261730503756553
748,0.00019089264969807118,23189,
748,0.00018611489213071764,23199,
748,0.00014345145609695464,23209,
748,,23218,0.00013262119318824261
749,0.00017155450768768787,23219,
749,0.00015594642900396138,23229,
749,0.0001647483150009066,23239,
749,0.0002687606611289084,23249,
749,,23249,0.0001338764268439263
750,0.00016017338202800602,23259,
750,0.00019508006516844034,23269,
750,0.00016100335051305592,23279,
750,,23280,0.00013434667198453099
751,0.0001612808700883761,23289,
751,0.00016910220438148826,23299,
751,0.00014853791799396276,23309,
751,,23311,0.0001316514244535938
752,0.0001374218991259113,23319,
752,0.00017005487461574376,23329,
752,0.0001687120966380462,23339,
752,,23342,0.0001520593505119905
753,0.00016626396973151714,23349,
753,0.00017794397717807442,23359,
753,0.00019489556143525988,23369,
753,,23373,0.00017121605924330652
754,0.00017883199325297028,23379,
754,0.00016873869753908366,23389,
754,0.0001407192467013374,23399,
754,,23404,0.00015139268361963332
755,0.00024607140221633017,23409,
755,0.00015340247773565352,23419,
755,0.0001765162160154432,23429,
755,,23435,0.00015494525723624974
756,0.0001580776006449014,23439,
756,0.00026208447525277734,23449,
756,0.00017665674386080354,23459,
756,,23466,0.00013503406080417335
757,0.0001484224630985409,23469,
757,0.00018979469314217567,23479,
757,0.0001800633908715099,23489,
757,,23497,0.00012873776722699404
758,0.00022436754079535604,23499,
758,0.00022394592815544456,23509,
758,0.00013948521518614143,23519,
758,,23528,0.00018287909915670753
759,0.0001735739642754197,23529,
759,0.00016694748774170876,23539,
759,0.00017190250218845904,23549,
759,0.00023431418230757117,23559,
759,,23559,0.00013407255755737424
760,0.0001665566669544205,23569,
760,0.00014021803508512676,23579,
760,0.00015423016157001257,23589,
760,,23590,0.0001396748994011432
761,0.0001658389955991879,23599,
761,0.00015961265307851136,23609,
761,0.0001444155495846644,23619,
761,,23621,0.0001350545062450692
762,0.00013255533121991903,23629,
762,0.00016823508485686034,23639,
762,0.00018237161566503346,23649,
762,,23652,0.00013626129657495767
763,0.000155595043906942,23659,
763,0.0001700043649179861,23669,
763,0.00017234378901775926,23679,
763,,23683,0.00012430675269570202
764,0.00015308232104871422,23689,
764,0.00015256073675118387,23699,
764,0.0001288007915718481,23709,
764,,23714,0.00015565825742669404
765,0.0002466444857418537,23719,
765,0.00015692715533077717,23729,
765,0.0001424328947905451,23739,
765,,23745,0.00013522585504688323
766,0.0001532598544145003,23749,
766,0.0002199516457039863,23759,
766,0.00018308305880054832,23769,
766,,23776,0.00015794270439073443
767,0.00018245850515086204,23779,
767,0.00017203911556862295,23789,
767,0.0001694881939329207,23799,
767,,23807,0.00011853243631776422
768,0.0001702046429272741,23809,
768,0.00018195649317931384,23819,
768,0.00014878097863402218,23829,
768,,23838,0.00014027420547790825
769,0.00016076497558970004,23839,
769,0.00016297970432788134,23849,
769,0.0001704249734757468,23859,
769,0.00020339246839284897,23869,
769,,23869,0.00012076598795829341
770,0.00020014692563563585,23879,
770,0.00015756840002723038,23889,
770,0.00017173438391182572,23899,
770,,23900,0.00013893611321691424
771,0.00015841799904592335,23909,
771,0.00016406796930823475,23919,
771,0.00014725603978149593,23929,
771,,23931,0.00011955969239352271
772,0.00013210119504947215,23939,
772,0.00016995688201859593,23949,
772,0.0001630572514841333,23959,
772,,23962,0.00014182567247189581
773,0.00015907143824733794,23969,
773,0.0001641129783820361,23979,
773,0.00017322345229331404,23989,
773,,23993,0.00012059123400831595
774,0.00014561039279215038,23999,
774,0.0001426374219590798,24009,
774,0.00012514456466306,24019,
774,,24024,0.00013342070451471955
775,0.00017998127441387624,24029,
775,0.00016148456779774278,24039,
775,0.00015561717737000436,24049,
775,,24055,0.0001361569738946855
776,0.0001698938140179962,24059,
776,0.00021096173441037536,24069,
776,0.00016020311159081757,24079,
776,,24086,0.00011912443005712703
777,0.00012799128307960927,24089,
777,0.00019164840341545641,24099,
777,0.00016616249922662973,24109,
777,,24117,0.00015533943951595575
778,0.0002095832023769617,24119,
778,0.00017724704230204225,24129,
778,0.00013924131053499877,24139,
778,,24148,0.00013441206829156727
779,0.00015064379840623587,24149,
779,0.00016992997552733868,24159,
779,0.00020482135005295277,24169,
779,0.0004647364257834852,24179,
779,,24179,0.00019115769828204066
780,0.00018033484229817986,24189,
780,0.00015557243023067713,24199,
780,0.00017519821994937956,24209,
780,,24210,0.0001394918217556551
781,0.00019333185628056526,24219,
781,0.00017292279517278075,24229,
781,0.00015327808796428144,24239,
781,,24241,0.00016015929577406496
782,0.0001388474047416821,24249,
782,0.00016075118037406355,24259,
782,0.00018890434876084328,24269,
782,,24272,0.00017606352048460394
783,0.00016869721002876759,24279,
783,0.0001959139626706019,24289,
783,0.00017885499983094633,24299,
783,,24303,0.00017206519260071218
784,0.00016793374379631132,24309,
784,0.00016337796114385128,24319,
784,0.00014081662811804563,24329,
784,,24334,0.000152654480189085
785,0.00017789691628422588,24339,
785,0.00019494873413350433,24349,
785,0.0001584548590471968,24359,
785,,24365,0.0001674341910984367
786,0.00015810978948138654,24369,
786,0.0001954835170181468,24379,
786,0.0001747717906255275,24389,
786,,24396,0.0001512179005658254
787,0.0001515712938271463,24399,
787,0.00017258986190427095,24409,
787,0.00015568523667752743,24419,
787,,24427,0.000164837168995291
788,0.00020608751219697297,24429,
788,0.00018959806766360998,24439,
788,0.00015751204045955092,24449,
788,,24458,0.0001576179638504982
