epoch,loss,skeleton,smooth,step,val_loss
0,0.23156803846359253,0.0,0.0,9,
0,0.09629646688699722,0.0,0.0,19,
0,0.05020678788423538,0.0,0.0,29,
0,,,,30,0.04505692794919014
1,0.03422362729907036,0.0,0.0,39,
1,0.02848852425813675,0.0,0.0,49,
1,0.02499016374349594,0.0,0.0,59,
1,,,,61,0.023926373571157455
2,0.02040100283920765,0.0,0.0,69,
2,0.01767643168568611,0.0,0.0,79,
2,0.01502874493598938,0.0,0.0,89,
2,,,,92,0.014040885493159294
3,0.012819739058613777,0.0,0.0,99,
3,0.011669209226965904,0.0,0.0,109,
3,0.010801904834806919,0.0,0.0,119,
3,,,,123,0.010468200780451298
4,0.010198741219937801,0.0,0.0,129,
4,0.009952857159078121,0.0,0.0,139,
4,0.009738807566463947,0.0,0.0,149,
4,,,,154,0.009295564144849777
5,0.009137226268649101,0.0,0.0,159,
5,0.008940313942730427,0.0,0.0,169,
5,0.008607378229498863,0.0,0.0,179,
5,,,,185,0.008464451879262924
6,0.008501123636960983,0.0,0.0,189,
6,0.008415755815804005,0.0,0.0,199,
6,0.007988490164279938,0.0,0.0,209,
6,,,,216,0.007790929637849331
7,0.008100598119199276,0.0,0.0,219,
7,0.0075234766118228436,0.0,0.0,229,
7,0.007623249664902687,0.0,0.0,239,
7,,,,247,0.007232106756418943
8,0.007191729266196489,0.0,0.0,249,
8,0.007120462134480476,0.0,0.0,259,
8,0.007189060561358929,0.0,0.0,269,
8,,,,278,0.006754263304173946
9,0.006891901604831219,0.0,0.0,279,
9,0.006782319862395525,0.0,0.0,289,
9,0.006585813593119383,0.0,0.0,299,
9,0.0061792717315256596,0.0,0.0,309,
9,,,,309,0.006345562171190977
10,0.006485950201749802,0.0,0.0,319,
10,0.006078298669308424,0.0,0.0,329,
10,0.006118043791502714,0.0,0.0,339,
10,,,,340,0.005994490347802639
11,0.005724697839468718,0.0,0.0,349,
11,0.0059358044527471066,0.0,0.0,359,
11,0.005792584735900164,0.0,0.0,369,
11,,,,371,0.0056669279001653194
12,0.005736110731959343,0.0,0.0,379,
12,0.005417260341346264,0.0,0.0,389,
12,0.005451509263366461,0.0,0.0,399,
12,,,,402,0.0053548566065728664
13,0.00529050175100565,0.0,0.0,409,
13,0.005236127879470587,0.0,0.0,419,
13,0.005212399642914534,0.0,0.0,429,
13,,,,433,0.005079763941466808
14,0.005116892512887716,0.0,0.0,439,
14,0.004928154405206442,0.0,0.0,449,
14,0.005097982939332724,0.0,0.0,459,
14,,,,464,0.00483044795691967
15,0.004803644958883524,0.0,0.0,469,
15,0.0046596406027674675,0.0,0.0,479,
15,0.0045438059605658054,0.0,0.0,489,
15,,,,495,0.004601806402206421
16,0.004629511386156082,0.0,0.0,499,
16,0.004636933095753193,0.0,0.0,509,
16,0.004439512267708778,0.0,0.0,519,
16,,,,526,0.004386583808809519
17,0.004587109666317701,0.0,0.0,529,
17,0.004290980752557516,0.0,0.0,539,
17,0.004375025164335966,0.0,0.0,549,
17,,,,557,0.004164707846939564
18,0.004135351628065109,0.0,0.0,559,
18,0.004101522266864777,0.0,0.0,569,
18,0.004211882594972849,0.0,0.0,579,
18,,,,588,0.003950490616261959
19,0.0039987629279494286,0.0,0.0,589,
19,0.003953419625759125,0.0,0.0,599,
19,0.003879288211464882,0.0,0.0,609,
19,0.0032783502247184515,0.0,0.0,619,
19,,,,619,0.0037602365482598543
20,0.003905944526195526,0.0,0.0,629,
20,0.003630527528002858,0.0,0.0,639,
20,0.003722910303622484,0.0,0.0,649,
20,,,,650,0.0035884431563317776
21,0.003433852456510067,0.0,0.0,659,
21,0.0035821471828967333,0.0,0.0,669,
21,0.003480528248474002,0.0,0.0,679,
21,,,,681,0.00342768058180809
22,0.0034357996191829443,0.0,0.0,689,
22,0.003230700735002756,0.0,0.0,699,
22,0.003281635232269764,0.0,0.0,709,
22,,,,712,0.003268382977694273
23,0.003241566941142082,0.0,0.0,719,
23,0.0031054962892085314,0.0,0.0,729,
23,0.0031331952195614576,0.0,0.0,739,
23,,,,743,0.00311066722497344
24,0.0030622126068919897,0.0,0.0,749,
24,0.0030003387946635485,0.0,0.0,759,
24,0.003128675976768136,0.0,0.0,769,
24,,,,774,0.00296234292909503
25,0.00301131303422153,0.0,0.0,779,
25,0.0028072420973330736,0.0,0.0,789,
25,0.00278286961838603,0.0,0.0,799,
25,,,,805,0.0028310297057032585
26,0.002828087890520692,0.0,0.0,809,
26,0.0028175513725727797,0.0,0.0,819,
26,0.002737583126872778,0.0,0.0,829,
26,,,,836,0.002706879051402211
27,0.0027853145729750395,0.0,0.0,839,
27,0.00265745772048831,0.0,0.0,849,
27,0.0027032543439418077,0.0,0.0,859,
27,,,,867,0.0025932190474122763
28,0.002567809307947755,0.0,0.0,869,
28,0.0025353343226015568,0.0,0.0,879,
28,0.0026265420019626617,0.0,0.0,889,
28,,,,898,0.002490595681592822
29,0.002499249530956149,0.0,0.0,899,
29,0.002517812419682741,0.0,0.0,909,
29,0.0024130342062562704,0.0,0.0,919,
29,0.001855918555520475,0.0,0.0,929,
29,,,,929,0.0023966687731444836
30,0.0024916711263358593,0.0,0.0,939,
30,0.002347603440284729,0.0,0.0,949,
30,0.0023638145066797733,0.0,0.0,959,
30,,,,960,0.0023125680163502693
31,0.0022007424850016832,0.0,0.0,969,
31,0.0023160912096500397,0.0,0.0,979,
31,0.002246229676529765,0.0,0.0,989,
31,,,,991,0.002232805360108614
32,0.0022261636331677437,0.0,0.0,999,
32,0.0021135048009455204,0.0,0.0,1009,
32,0.0021694544702768326,0.0,0.0,1019,
32,,,,1022,0.0021596653386950493
33,0.0021479723509401083,0.0,0.0,1029,
33,0.002028081566095352,0.0,0.0,1039,
33,0.0020974695216864347,0.0,0.0,1049,
33,,,,1053,0.0020935770589858294
34,0.0020378632470965385,0.0,0.0,1059,
34,0.002030194504186511,0.0,0.0,1069,
34,0.0020998315885663033,0.0,0.0,1079,
34,,,,1084,0.0020324019715189934
35,0.0020381449721753597,0.0,0.0,1089,
35,0.001918067573569715,0.0,0.0,1099,
35,0.001902936608530581,0.0,0.0,1109,
35,,,,1115,0.001964754657819867
36,0.001956900814548135,0.0,0.0,1119,
36,0.0019737568218261003,0.0,0.0,1129,
36,0.0019074460724368691,0.0,0.0,1139,
36,,,,1146,0.0019036283483728766
37,0.001933575957082212,0.0,0.0,1149,
37,0.0018392158672213554,0.0,0.0,1159,
37,0.0018883952870965004,0.0,0.0,1169,
37,,,,1177,0.001837122137658298
38,0.0017943239072337747,0.0,0.0,1179,
38,0.001765451394021511,0.0,0.0,1189,
38,0.0018443330191075802,0.0,0.0,1199,
38,,,,1208,0.0018033853266388178
39,0.0018101203022524714,0.0,0.0,1209,
39,0.001844751532189548,0.0,0.0,1219,
39,0.0016990629956126213,0.0,0.0,1229,
39,0.0012105483328923583,0.0,0.0,1239,
39,,,,1239,0.0017267040675505996
40,0.0017706748330965638,0.0,0.0,1249,
40,0.0017014829209074378,0.0,0.0,1259,
40,0.0017029921291396022,0.0,0.0,1269,
40,,,,1270,0.0017082297708839178
41,0.0016023211646825075,0.0,0.0,1279,
41,0.0016619402449578047,0.0,0.0,1289,
41,0.0016348029021173716,0.0,0.0,1299,
41,,,,1301,0.001628455938771367
42,0.0015967340441420674,0.0,0.0,1309,
42,0.001563731930218637,0.0,0.0,1319,
42,0.0015874375822022557,0.0,0.0,1329,
42,,,,1332,0.0015980165917426348
43,0.0016053850995376706,0.0,0.0,1339,
43,0.0015000266721472144,0.0,0.0,1349,
43,0.0015699506038799882,0.0,0.0,1359,
43,,,,1363,0.0015679829521104693
44,0.0014930005418136716,0.0,0.0,1369,
44,0.0015287561109289527,0.0,0.0,1379,
44,0.0015651746653020382,0.0,0.0,1389,
44,,,,1394,0.0015017210971564054
45,0.0015410245396196842,0.0,0.0,1399,
45,0.0014206558698788285,0.0,0.0,1409,
45,0.001410521799698472,0.0,0.0,1419,
45,,,,1425,0.0014670889358967543
46,0.001450421754270792,0.0,0.0,1429,
46,0.0014906574506312609,0.0,0.0,1439,
46,0.0014509829925373197,0.0,0.0,1449,
46,,,,1456,0.0014422428794205189
47,0.0014360712375491858,0.0,0.0,1459,
47,0.0013577445643022656,0.0,0.0,1469,
47,0.0014167901827022433,0.0,0.0,1479,
47,,,,1487,0.0014084078138694167
48,0.0013603097759187222,0.0,0.0,1489,
48,0.0013422686606645584,0.0,0.0,1499,
48,0.00140717055182904,0.0,0.0,1509,
48,,,,1518,0.0013559743529185653
49,0.0013645159779116511,0.0,0.0,1519,
49,0.0013891798444092274,0.0,0.0,1529,
49,0.0012883536983281374,0.0,0.0,1539,
49,0.0008562464499846101,0.0,0.0,1549,
49,,,,1549,0.0013208388118073344
50,0.001339990645647049,0.0,0.0,1559,
50,0.0013105366379022598,0.0,0.0,1569,
50,0.0013203087728470564,0.0,0.0,1579,
50,,,,1580,0.0012950646923854947
51,0.0012348071904852986,0.0,0.0,1589,
51,0.0012928906362503767,0.0,0.0,1599,
51,0.0012764240382239223,0.0,0.0,1609,
51,,,,1611,0.0012625990202650428
52,0.0012095815036445856,0.0,0.0,1619,
52,0.0012300921371206641,0.0,0.0,1629,
52,0.0012120878091081977,0.0,0.0,1639,
52,,,,1642,0.0012339281383901834
53,0.0012336787767708302,0.0,0.0,1649,
53,0.0011469091987237334,0.0,0.0,1659,
53,0.0012294361367821693,0.0,0.0,1669,
53,,,,1673,0.0012063984759151936
54,0.0011483036214485765,0.0,0.0,1679,
54,0.0011872454779222608,0.0,0.0,1689,
54,0.001224406179971993,0.0,0.0,1699,
54,,,,1704,0.0011794351739808917
55,0.0012210663408041,0.0,0.0,1709,
55,0.0011065079597756267,0.0,0.0,1719,
55,0.001095215673558414,0.0,0.0,1729,
55,,,,1735,0.0011524243745952845
56,0.0011245716596022248,0.0,0.0,1739,
56,0.0011540165869519114,0.0,0.0,1749,
56,0.0011335434392094612,0.0,0.0,1759,
56,,,,1766,0.0011252263793721795
57,0.0011381796794012189,0.0,0.0,1769,
57,0.0010375783313065767,0.0,0.0,1779,
57,0.0011256198631599545,0.0,0.0,1789,
57,,,,1797,0.0010981051018461585
58,0.0010571348248049617,0.0,0.0,1799,
58,0.0010486559476703405,0.0,0.0,1809,
58,0.0011290302500128746,0.0,0.0,1819,
58,,,,1828,0.0010712196817621589
59,0.0010778938885778189,0.0,0.0,1829,
59,0.0010877457680180669,0.0,0.0,1839,
59,0.0009946534410119057,0.0,0.0,1849,
59,0.0006102088373154402,0.0,0.0,1859,
59,,,,1859,0.001044711796566844
60,0.001034677610732615,0.0,0.0,1869,
60,0.0010359234875068069,0.0,0.0,1879,
60,0.0010362230241298676,0.0,0.0,1889,
60,,,,1890,0.0010187452426180243
61,0.0009596463642083108,0.0,0.0,1899,
61,0.000996642280369997,0.0,0.0,1909,
61,0.0009796328376978636,0.0,0.0,1919,
61,,,,1921,0.0009935189737007022
62,0.0009391428320668638,0.0,0.0,1929,
62,0.0009676680201664567,0.0,0.0,1939,
62,0.0009540403843857348,0.0,0.0,1949,
62,,,,1952,0.0009693018510006368
63,0.0009659220231696963,0.0,0.0,1959,
63,0.0008875665371306241,0.0,0.0,1969,
63,0.0009673842578195035,0.0,0.0,1979,
63,,,,1983,0.0009463226888328791
64,0.0009007997578009963,0.0,0.0,1989,
64,0.0009385051671415567,0.0,0.0,1999,
64,0.0009561596089042723,0.0,0.0,2009,
64,,,,2014,0.000924646039493382
65,0.0009789784671738744,0.0,0.0,2019,
65,0.0008594531682319939,0.0,0.0,2029,
65,0.0008627428323961794,0.0,0.0,2039,
65,,,,2045,0.0009041785961017013
66,0.0008958641556091607,0.0,0.0,2049,
66,0.0009179357439279556,0.0,0.0,2059,
66,0.0008999437559396029,0.0,0.0,2069,
66,,,,2076,0.0008847911958582699
67,0.0008976869285106659,0.0,0.0,2079,
67,0.0008139357669278979,0.0,0.0,2089,
67,0.0008996092365123332,0.0,0.0,2099,
67,,,,2107,0.000866379588842392
68,0.0008321548230014741,0.0,0.0,2109,
68,0.0008330642012879252,0.0,0.0,2119,
68,0.0008963700965978205,0.0,0.0,2129,
68,,,,2138,0.0008488541934639215
69,0.0008522557909600437,0.0,0.0,2139,
69,0.000869319832418114,0.0,0.0,2149,
69,0.0007941992371343076,0.0,0.0,2159,
69,0.0004530746955424547,0.0,0.0,2169,
69,,,,2169,0.0008321413770318031
70,0.0008219823939725757,0.0,0.0,2179,
70,0.0008315988234244287,0.0,0.0,2189,
70,0.000834404956549406,0.0,0.0,2199,
70,,,,2200,0.0008161769364960492
71,0.0007759100408293307,0.0,0.0,2209,
71,0.0008069898467510939,0.0,0.0,2219,
71,0.0007929044659249485,0.0,0.0,2229,
71,,,,2231,0.0008009062730707228
72,0.0007519685314036906,0.0,0.0,2239,
72,0.0007850586553104222,0.0,0.0,2249,
72,0.0007805660716257989,0.0,0.0,2259,
72,,,,2262,0.0007862829370424151
73,0.0007840669131837785,0.0,0.0,2269,
73,0.0007185292197391391,0.0,0.0,2279,
73,0.0007840749458409846,0.0,0.0,2289,
73,,,,2293,0.0007722772425040603
74,0.0007352404645644128,0.0,0.0,2299,
74,0.0007656581583432853,0.0,0.0,2309,
74,0.0007834236603230238,0.0,0.0,2319,
74,,,,2324,0.0007588791195303202
75,0.0008140631252899766,0.0,0.0,2329,
75,0.0007060592761263251,0.0,0.0,2339,
75,0.0007044340600259602,0.0,0.0,2349,
75,,,,2355,0.0007460858905687928
76,0.0007389623206108809,0.0,0.0,2359,
76,0.0007608763407915831,0.0,0.0,2369,
76,0.000749103375710547,0.0,0.0,2379,
76,,,,2386,0.0007338912691920996
77,0.0007366790669038892,0.0,0.0,2389,
77,0.0006699934019707143,0.0,0.0,2399,
77,0.0007385631906799972,0.0,0.0,2409,
77,,,,2417,0.0007222743006423116
78,0.0006805034354329109,0.0,0.0,2419,
78,0.0006880614091642201,0.0,0.0,2429,
78,0.0007489969138987362,0.0,0.0,2439,
78,,,,2448,0.0007111762533895671
79,0.00071302754804492,0.0,0.0,2449,
79,0.000721535412594676,0.0,0.0,2459,
79,0.0006541808834299445,0.0,0.0,2469,
79,0.00035400621709413826,0.0,0.0,2479,
79,,,,2479,0.0007004823419265449
80,0.0006804049480706453,0.0,0.0,2489,
80,0.0006960416794754565,0.0,0.0,2499,
80,0.0007000039331614971,0.0,0.0,2509,
80,,,,2510,0.0006900292355567217
81,0.0006485502817668021,0.0,0.0,2519,
81,0.000671887886710465,0.0,0.0,2529,
81,0.0006647409754805267,0.0,0.0,2539,
81,,,,2541,0.0006796846282668412
82,0.0006249424768611789,0.0,0.0,2549,
82,0.0006587374373339117,0.0,0.0,2559,
82,0.0006563924252986908,0.0,0.0,2569,
82,,,,2572,0.0006694377516396344
83,0.0006559331668540835,0.0,0.0,2579,
83,0.0005985466414131224,0.0,0.0,2589,
83,0.0006584974471479654,0.0,0.0,2599,
83,,,,2603,0.0006593757425434887
84,0.0006254332256503403,0.0,0.0,2609,
84,0.0006418910343199968,0.0,0.0,2619,
84,0.0006549355457536876,0.0,0.0,2629,
84,,,,2634,0.0006495887646451592
85,0.0006911464734002948,0.0,0.0,2639,
85,0.000597477366682142,0.0,0.0,2649,
85,0.0005959001719020307,0.0,0.0,2659,
85,,,,2665,0.0006401001010090113
86,0.000635027012322098,0.0,0.0,2669,
86,0.0006470591761171818,0.0,0.0,2679,
86,0.00063229602528736,0.0,0.0,2689,
86,,,,2696,0.000630872615147382
87,0.0006176306051202118,0.0,0.0,2699,
87,0.0005659100716002285,0.0,0.0,2709,
87,0.0006242631934583187,0.0,0.0,2719,
87,,,,2727,0.0006218554335646331
88,0.0005807687994092703,0.0,0.0,2729,
88,0.0005799961509183049,0.0,0.0,2739,
88,0.0006388780893757939,0.0,0.0,2749,
88,,,,2758,0.0006130154361017048
89,0.0006146648083813488,0.0,0.0,2759,
89,0.0006163191283121705,0.0,0.0,2769,
89,0.0005551120266318321,0.0,0.0,2779,
89,0.00028755629318766296,0.0,0.0,2789,
89,,,,2789,0.0006043456960469484
90,0.0005781524232588708,0.0,0.0,2799,
90,0.0005959905683994293,0.0,0.0,2809,
90,0.000601086940150708,0.0,0.0,2819,
90,,,,2820,0.0005958534311503172
91,0.0005580887664109468,0.0,0.0,2829,
91,0.0005753745790570974,0.0,0.0,2839,
91,0.000569725118111819,0.0,0.0,2849,
91,,,,2851,0.0005875552305951715
92,0.0005289966939017177,0.0,0.0,2859,
92,0.000564932357519865,0.0,0.0,2869,
92,0.0005649930681101978,0.0,0.0,2879,
92,,,,2882,0.0005794703611172736
93,0.0005670419195666909,0.0,0.0,2889,
93,0.0005109870107844472,0.0,0.0,2899,
93,0.000560394546482712,0.0,0.0,2909,
93,,,,2913,0.0005716162268072367
94,0.0005420760135166347,0.0,0.0,2919,
94,0.0005515184602700174,0.0,0.0,2929,
94,0.0005611225496977568,0.0,0.0,2939,
94,,,,2944,0.0005640037707053125
95,0.0005976328393444419,0.0,0.0,2949,
95,0.0005186382331885397,0.0,0.0,2959,
95,0.0005169452633708715,0.0,0.0,2969,
95,,,,2975,0.0005566431791521609
96,0.0005499806138686836,0.0,0.0,2979,
96,0.0005619314033538103,0.0,0.0,2989,
96,0.000550539290998131,0.0,0.0,2999,
96,,,,3006,0.0005495288642123342
97,0.0005297985626384616,0.0,0.0,3009,
97,0.0004882357898168266,0.0,0.0,3019,
97,0.0005367379635572433,0.0,0.0,3029,
97,,,,3037,0.0005426392308436334
98,0.0005062507116235793,0.0,0.0,3039,
98,0.0004998633521609008,0.0,0.0,3049,
98,0.0005534800584428012,0.0,0.0,3059,
98,,,,3068,0.0005359467468224466
99,0.0005368872662074864,0.0,0.0,3069,
99,0.0005367366247810423,0.0,0.0,3079,
99,0.0004821796319447458,0.0,0.0,3089,
99,0.0002392037131357938,0.0,0.0,3099,
99,,,,3099,0.0005295159062370658
100,0.0005014282069168985,0.0,0.0,3109,
100,0.0005208265502005816,0.0,0.0,3119,
100,0.0005272623966448009,0.0,0.0,3129,
100,,,,3130,0.0005237191799096763
101,0.00048508847248740494,0.0,0.0,3139,
101,0.0004963679821230471,0.0,0.0,3149,
101,0.000497841858305037,0.0,0.0,3159,
101,,,,3161,0.0005183804896660149
102,0.0004596355720423162,0.0,0.0,3169,
102,0.0004902437212876976,0.0,0.0,3179,
102,0.0004892058204859495,0.0,0.0,3189,
102,,,,3192,0.0005127237527631223
103,0.000500015914440155,0.0,0.0,3199,
103,0.0004488140402827412,0.0,0.0,3209,
103,0.0004838652675971389,0.0,0.0,3219,
103,,,,3223,0.0005073416978120804
104,0.0004766116908285767,0.0,0.0,3229,
104,0.000485461438074708,0.0,0.0,3239,
104,0.0004925154498778284,0.0,0.0,3249,
104,,,,3254,0.0005014921189285815
105,0.0005194051191210747,0.0,0.0,3259,
105,0.0004579935921356082,0.0,0.0,3269,
105,0.00045574179966934025,0.0,0.0,3279,
105,,,,3285,0.0004957682103849947
106,0.00048675821744836867,0.0,0.0,3289,
106,0.000494826992508024,0.0,0.0,3299,
106,0.0004787197394762188,0.0,0.0,3309,
106,,,,3316,0.0004904253873974085
107,0.0004736825649160892,0.0,0.0,3319,
107,0.0004286135663278401,0.0,0.0,3329,
107,0.00046222933451645076,0.0,0.0,3339,
107,,,,3347,0.00048465895815752447
108,0.00045684949145652354,0.0,0.0,3349,
108,0.0004414887516759336,0.0,0.0,3359,
108,0.0004882774665020406,0.0,0.0,3369,
108,,,,3378,0.00047843970241956413
109,0.00047825733781792223,0.0,0.0,3379,
109,0.00047928388812579215,0.0,0.0,3389,
109,0.00042801626841537654,0.0,0.0,3399,
109,0.00020863895770162344,0.0,0.0,3409,
109,,,,3409,0.0004726722836494446
110,0.00044696254190057516,0.0,0.0,3419,
110,0.0004604451241903007,0.0,0.0,3429,
110,0.0004700699937529862,0.0,0.0,3439,
110,,,,3440,0.0004679951525758952
111,0.0004340341838542372,0.0,0.0,3449,
111,0.0004382903571240604,0.0,0.0,3459,
111,0.0004434304719325155,0.0,0.0,3469,
111,,,,3471,0.00046465505147352815
112,0.00041100141243077815,0.0,0.0,3479,
112,0.0004371809773147106,0.0,0.0,3489,
112,0.0004393434210214764,0.0,0.0,3499,
112,,,,3502,0.0004600417451001704
113,0.0004473330918699503,0.0,0.0,3509,
113,0.00040163067751564085,0.0,0.0,3519,
113,0.0004317842540331185,0.0,0.0,3529,
113,,,,3533,0.0004537646018434316
114,0.0004280277935322374,0.0,0.0,3539,
114,0.0004324076580815017,0.0,0.0,3549,
114,0.00043935293797403574,0.0,0.0,3559,
114,,,,3564,0.00044819011236540973
115,0.00046552595449611545,0.0,0.0,3569,
115,0.0004074464668519795,0.0,0.0,3579,
115,0.0004061916552018374,0.0,0.0,3589,
115,,,,3595,0.00044392066774889827
116,0.00043807292240671813,0.0,0.0,3599,
116,0.00044352415716275573,0.0,0.0,3609,
116,0.0004274986276868731,0.0,0.0,3619,
116,,,,3626,0.00044313404941931367
117,0.00042477305396459997,0.0,0.0,3629,
117,0.00038533113547600806,0.0,0.0,3639,
117,0.00041312360554002225,0.0,0.0,3649,
117,,,,3657,0.00044210467603988945
118,0.0004151593893766403,0.0,0.0,3659,
118,0.000394924747524783,0.0,0.0,3669,
118,0.00043859053403139114,0.0,0.0,3679,
118,,,,3688,0.00043311045737937093
119,0.00043317690142430365,0.0,0.0,3689,
119,0.00043079620809294283,0.0,0.0,3699,
119,0.00038300815504044294,0.0,0.0,3709,
119,0.00018285351688973606,0.0,0.0,3719,
119,,,,3719,0.0004279437125660479
120,0.00040184721001423895,0.0,0.0,3729,
120,0.0004132287867832929,0.0,0.0,3739,
120,0.000426761107519269,0.0,0.0,3749,
120,,,,3750,0.0004232355277054012
121,0.0003867729101330042,0.0,0.0,3759,
121,0.00039583290345035493,0.0,0.0,3769,
121,0.0004047448455821723,0.0,0.0,3779,
121,,,,3781,0.00041977816727012396
122,0.00036638783058151603,0.0,0.0,3789,
122,0.00039911497151479125,0.0,0.0,3799,
122,0.00040500235627405345,0.0,0.0,3809,
122,,,,3812,0.0004254049272276461
123,0.00040958879981189966,0.0,0.0,3819,
123,0.00036065650056116283,0.0,0.0,3829,
123,0.0003870897344313562,0.0,0.0,3839,
123,,,,3843,0.0004136775678489357
124,0.000390949280699715,0.0,0.0,3849,
124,0.0003875885740853846,0.0,0.0,3859,
124,0.0003972233971580863,0.0,0.0,3869,
124,,,,3874,0.000409357191529125
125,0.00041658306145109236,0.0,0.0,3879,
125,0.00036691498826257885,0.0,0.0,3889,
125,0.00036938491393812,0.0,0.0,3899,
125,,,,3905,0.00040458340663462877
126,0.0003939340531360358,0.0,0.0,3909,
126,0.00040067441295832396,0.0,0.0,3919,
126,0.00038876585313118994,0.0,0.0,3929,
126,,,,3936,0.00039974245009943843
127,0.0003766142181120813,0.0,0.0,3939,
127,0.00035264863981865346,0.0,0.0,3949,
127,0.000374702678527683,0.0,0.0,3959,
127,,,,3967,0.0003969396057073027
128,0.00037250868626870215,0.0,0.0,3969,
128,0.00036137111601419747,0.0,0.0,3979,
128,0.0004023172950837761,0.0,0.0,3989,
128,,,,3998,0.0004016602470073849
129,0.00040165535756386817,0.0,0.0,3999,
129,0.0003896960406564176,0.0,0.0,4009,
129,0.00034948758548125625,0.0,0.0,4019,
129,0.0001647194876568392,0.0,0.0,4029,
129,,,,4029,0.0003897611750289798
130,0.0003635358007159084,0.0,0.0,4039,
130,0.00037564951344393194,0.0,0.0,4049,
130,0.00038974531344138086,0.0,0.0,4059,
130,,,,4060,0.0003861834993585944
131,0.00035347449011169374,0.0,0.0,4069,
131,0.0003585672238841653,0.0,0.0,4079,
131,0.00036464977893047035,0.0,0.0,4089,
131,,,,4091,0.0003819703124463558
132,0.0003328125167172402,0.0,0.0,4099,
132,0.0003637438057921827,0.0,0.0,4109,
132,0.00036638174788095057,0.0,0.0,4119,
132,,,,4122,0.00037805360625497997
133,0.00037040357710793614,0.0,0.0,4129,
133,0.0003348391328472644,0.0,0.0,4139,
133,0.00035796972224488854,0.0,0.0,4149,
133,,,,4153,0.00037629911093972623
134,0.00036043289583176374,0.0,0.0,4159,
134,0.00036051866482011974,0.0,0.0,4169,
134,0.00036776624619960785,0.0,0.0,4179,
134,,,,4184,0.0003823058505076915
135,0.0003822693834081292,0.0,0.0,4189,
135,0.0003387912001926452,0.0,0.0,4199,
135,0.000340118509484455,0.0,0.0,4209,
135,,,,4215,0.0003705778799485415
136,0.0003595419693738222,0.0,0.0,4219,
136,0.000367115018889308,0.0,0.0,4229,
136,0.0003571826673578471,0.0,0.0,4239,
136,,,,4246,0.00036787663702853024
137,0.0003403248265385628,0.0,0.0,4249,
137,0.00032208720222115517,0.0,0.0,4259,
137,0.0003407676122151315,0.0,0.0,4269,
137,,,,4277,0.0003641294315457344
138,0.00034003600012511015,0.0,0.0,4279,
138,0.0003297789953649044,0.0,0.0,4289,
138,0.0003662174567580223,0.0,0.0,4299,
138,,,,4308,0.000360588455805555
139,0.00036112108500674367,0.0,0.0,4309,
139,0.0003648105775937438,0.0,0.0,4319,
139,0.00032331605325452983,0.0,0.0,4329,
139,0.00015205108502414078,0.0,0.0,4339,
139,,,,4339,0.0003580372140277177
140,0.0003406053874641657,0.0,0.0,4349,
140,0.00034766719909384847,0.0,0.0,4359,
140,0.00036356362397782505,0.0,0.0,4369,
140,,,,4370,0.00036019421531818807
141,0.0003330946492496878,0.0,0.0,4379,
141,0.00033473563962616026,0.0,0.0,4389,
141,0.0003334850480314344,0.0,0.0,4399,
141,,,,4401,0.00035829030093736947
142,0.00030803823028691113,0.0,0.0,4409,
142,0.0003355130320414901,0.0,0.0,4419,
142,0.00033422629348933697,0.0,0.0,4429,
142,,,,4432,0.0003520111204124987
143,0.00034284821595065296,0.0,0.0,4439,
143,0.00030463404254987836,0.0,0.0,4449,
143,0.0003265666891820729,0.0,0.0,4459,
143,,,,4463,0.00034848874201998115
144,0.0003323684213683009,0.0,0.0,4469,
144,0.0003248701978009194,0.0,0.0,4479,
144,0.0003346154117025435,0.0,0.0,4489,
144,,,,4494,0.00034552335273474455
145,0.00035652104998007417,0.0,0.0,4499,
145,0.0003084900672547519,0.0,0.0,4509,
145,0.0003114961727987975,0.0,0.0,4519,
145,,,,4525,0.0003430595388635993
146,0.00033593885018490255,0.0,0.0,4529,
146,0.00034044295898638666,0.0,0.0,4539,
146,0.00033127181814052165,0.0,0.0,4549,
146,,,,4556,0.0003416048130020499
147,0.0003206031979061663,0.0,0.0,4559,
147,0.00029901484958827496,0.0,0.0,4569,
147,0.00031407567439600825,0.0,0.0,4579,
147,,,,4587,0.0003478505532257259
148,0.00032835983438417315,0.0,0.0,4589,
148,0.00030476608662866056,0.0,0.0,4599,
148,0.00033764378167688847,0.0,0.0,4609,
148,,,,4618,0.0003373961662873626
149,0.00033835729118436575,0.0,0.0,4619,
149,0.0003332649066578597,0.0,0.0,4629,
149,0.00029850585269741714,0.0,0.0,4639,
149,0.000140983538585715,0.0,0.0,4649,
149,,,,4649,0.00033488342887721956
150,0.0003122589841950685,0.0,0.0,4659,
150,0.0003199957718607038,0.0,0.0,4669,
150,0.00033627107040956616,0.0,0.0,4679,
150,,,,4680,0.00033111675293184817
151,0.0003018104762304574,0.0,0.0,4689,
151,0.0003056553250644356,0.0,0.0,4699,
151,0.00031216026400215924,0.0,0.0,4709,
151,,,,4711,0.00032797909807413816
152,0.0002824449329636991,0.0,0.0,4719,
152,0.00031155688338913023,0.0,0.0,4729,
152,0.0003179993655066937,0.0,0.0,4739,
152,,,,4742,0.00032567011658102274
153,0.00031601477530784905,0.0,0.0,4749,
153,0.00028770032804459333,0.0,0.0,4759,
153,0.00030855098157189786,0.0,0.0,4769,
153,,,,4773,0.0003281538956798613
154,0.00030731328297406435,0.0,0.0,4779,
154,0.00030219697509892285,0.0,0.0,4789,
154,0.00031219536322169006,0.0,0.0,4799,
154,,,,4804,0.00032342426129616797
155,0.00032424507662653923,0.0,0.0,4809,
155,0.0002877612423617393,0.0,0.0,4819,
155,0.00028919641044922173,0.0,0.0,4829,
155,,,,4835,0.00031985368696041405
156,0.00030978958238847554,0.0,0.0,4839,
156,0.0003161492641083896,0.0,0.0,4849,
156,0.00030628041713498533,0.0,0.0,4859,
156,,,,4866,0.00031655587372370064
157,0.0002911527990363538,0.0,0.0,4869,
157,0.00028037221636623144,0.0,0.0,4879,
157,0.00029143854044377804,0.0,0.0,4889,
157,,,,4897,0.00031369924545288086
158,0.000293597811833024,0.0,0.0,4899,
158,0.00028658664086833596,0.0,0.0,4909,
158,0.0003173862933181226,0.0,0.0,4919,
158,,,,4928,0.0003140410117339343
159,0.0003149398253299296,0.0,0.0,4929,
159,0.0003115752770099789,0.0,0.0,4939,
159,0.00028022006154060364,0.0,0.0,4949,
159,0.00013469425903167576,0.0,0.0,4959,
159,,,,4959,0.00031244175625033677
160,0.0002900816616602242,0.0,0.0,4969,
160,0.0002975099196191877,0.0,0.0,4979,
160,0.0003142305067740381,0.0,0.0,4989,
160,,,,4990,0.0003076617722399533
161,0.00027925046742893755,0.0,0.0,4999,
161,0.0002841402019839734,0.0,0.0,5009,
161,0.0002893047931138426,0.0,0.0,5019,
161,,,,5021,0.0003043341275770217
162,0.00026331411208957434,0.0,0.0,5029,
162,0.00028873319388367236,0.0,0.0,5039,
162,0.0002964370942208916,0.0,0.0,5049,
162,,,,5052,0.00030131227686069906
163,0.0002936756645794958,0.0,0.0,5059,
163,0.0002693483547773212,0.0,0.0,5069,
163,0.0002852418110705912,0.0,0.0,5079,
163,,,,5083,0.00030074844835326076
164,0.00028637878131121397,0.0,0.0,5089,
164,0.00028358353301882744,0.0,0.0,5099,
164,0.0002914482029154897,0.0,0.0,5109,
164,,,,5114,0.0002998974814545363
165,0.0003025853366125375,0.0,0.0,5119,
165,0.000268495234195143,0.0,0.0,5129,
165,0.0002710636763367802,0.0,0.0,5139,
165,,,,5145,0.0002953130751848221
166,0.00028455903520807624,0.0,0.0,5149,
166,0.00029718558653257787,0.0,0.0,5159,
166,0.00028492161072790623,0.0,0.0,5169,
166,,,,5176,0.0002924674190580845
167,0.0002709029067773372,0.0,0.0,5179,
167,0.0002624041517265141,0.0,0.0,5189,
167,0.0002716381277423352,0.0,0.0,5199,
167,,,,5207,0.00028980954084545374
168,0.0002761818468570709,0.0,0.0,5209,
168,0.0002674305869732052,0.0,0.0,5219,
168,0.00029561357223428786,0.0,0.0,5229,
168,,,,5238,0.00028960799681954086
169,0.00029079380328767,0.0,0.0,5239,
169,0.0002920298429671675,0.0,0.0,5249,
169,0.0002612699172459543,0.0,0.0,5259,
169,0.00013032516289968044,0.0,0.0,5269,
169,,,,5269,0.000287711649434641
170,0.0002697973104659468,0.0,0.0,5279,
170,0.0002811192243825644,0.0,0.0,5289,
170,0.0002932900097221136,0.0,0.0,5299,
170,,,,5300,0.0002840306842699647
171,0.0002608131617307663,0.0,0.0,5309,
171,0.00026456607156433165,0.0,0.0,5319,
171,0.0002686430234462023,0.0,0.0,5329,
171,,,,5331,0.0002815657062456012
172,0.0002473554923199117,0.0,0.0,5339,
172,0.00026957731461152434,0.0,0.0,5349,
172,0.00028064814978279173,0.0,0.0,5359,
172,,,,5362,0.00027914319070987403
173,0.0002704983635339886,0.0,0.0,5369,
173,0.0002543264126870781,0.0,0.0,5379,
173,0.0002638607402332127,0.0,0.0,5389,
173,,,,5393,0.00028034800197929144
174,0.0002669451350811869,0.0,0.0,5399,
174,0.00026128371246159077,0.0,0.0,5409,
174,0.0002714237489271909,0.0,0.0,5419,
174,,,,5424,0.00027551240054890513
175,0.00028000521706417203,0.0,0.0,5429,
175,0.00025302486028522253,0.0,0.0,5439,
175,0.0002520172274671495,0.0,0.0,5449,
175,,,,5455,0.0002730584819801152
176,0.0002616731799207628,0.0,0.0,5459,
176,0.00028141523944213986,0.0,0.0,5469,
176,0.0002641110331751406,0.0,0.0,5479,
176,,,,5486,0.00027092493837699294
177,0.0002557571278885007,0.0,0.0,5489,
177,0.0002445866703055799,0.0,0.0,5499,
177,0.0002550893113948405,0.0,0.0,5509,
177,,,,5517,0.0002699094475246966
178,0.0002567686606198549,0.0,0.0,5519,
178,0.0002483669377397746,0.0,0.0,5529,
178,0.00027018331456929445,0.0,0.0,5539,
178,,,,5548,0.0002703099453356117
179,0.0002719254116527736,0.0,0.0,5549,
179,0.0002690118853934109,0.0,0.0,5559,
179,0.00024403230054304004,0.0,0.0,5569,
179,0.0001203121937578544,0.0,0.0,5579,
179,,,,5579,0.0002654390409588814
180,0.00024984427727758884,0.0,0.0,5589,
180,0.0002610078954603523,0.0,0.0,5599,
180,0.00027037845575250685,0.0,0.0,5609,
180,,,,5610,0.00026388460537418723
181,0.000246130715822801,0.0,0.0,5619,
181,0.00024482759181410074,0.0,0.0,5629,
181,0.0002537367690820247,0.0,0.0,5639,
181,,,,5641,0.0002625955967232585
182,0.0002290871343575418,0.0,0.0,5649,
182,0.00025157566415145993,0.0,0.0,5659,
182,0.0002593770914245397,0.0,0.0,5669,
182,,,,5672,0.00026484785485081375
183,0.00024894834496080875,0.0,0.0,5679,
183,0.00023029012663755566,0.0,0.0,5689,
183,0.00024072635278571397,0.0,0.0,5699,
183,,,,5703,0.00025976879987865686
184,0.0002517908869776875,0.0,0.0,5709,
184,0.0002470912004355341,0.0,0.0,5719,
184,0.0002508640172891319,0.0,0.0,5729,
184,,,,5734,0.000257170177064836
185,0.0002564712194725871,0.0,0.0,5739,
185,0.00023505026183556765,0.0,0.0,5749,
185,0.00022990065917838365,0.0,0.0,5759,
185,,,,5765,0.0002569795469753444
186,0.00024499313440173864,0.0,0.0,5769,
186,0.00026201907894574106,0.0,0.0,5779,
186,0.0002505024312995374,0.0,0.0,5789,
186,,,,5796,0.00025737204123288393
187,0.00023935282661113888,0.0,0.0,5799,
187,0.00023492416949011385,0.0,0.0,5809,
187,0.00023727663210593164,0.0,0.0,5819,
187,,,,5827,0.0002545507450122386
188,0.00023866386618465185,0.0,0.0,5829,
188,0.0002259984757984057,0.0,0.0,5839,
188,0.0002506216405890882,0.0,0.0,5849,
188,,,,5858,0.0002520183625165373
189,0.0002543672453612089,0.0,0.0,5859,
189,0.00024908152408897877,0.0,0.0,5869,
189,0.00022482506756205112,0.0,0.0,5879,
189,0.00011570048081921414,0.0,0.0,5889,
189,,,,5889,0.0002499088877812028
190,0.00023372189025394619,0.0,0.0,5899,
190,0.0002436575450701639,0.0,0.0,5909,
190,0.0002536883403081447,0.0,0.0,5919,
190,,,,5920,0.0002475809887982905
191,0.0002280083717778325,0.0,0.0,5929,
191,0.00022793392417952418,0.0,0.0,5939,
191,0.00023845791292842478,0.0,0.0,5949,
191,,,,5951,0.0002478041860740632
192,0.0002162546297768131,0.0,0.0,5959,
192,0.0002341368526685983,0.0,0.0,5969,
192,0.0002423804980935529,0.0,0.0,5979,
192,,,,5982,0.000250689365202561
193,0.00023422618687618524,0.0,0.0,5989,
193,0.00021690531866624951,0.0,0.0,5999,
193,0.0002251556288683787,0.0,0.0,6009,
193,,,,6013,0.0002442062832415104
194,0.00023863498063292354,0.0,0.0,6019,
194,0.0002272992132930085,0.0,0.0,6029,
194,0.00023536897788289934,0.0,0.0,6039,
194,,,,6044,0.0002429876331007108
195,0.00024693968589417636,0.0,0.0,6049,
195,0.0002225834468845278,0.0,0.0,6059,
195,0.00021522128372453153,0.0,0.0,6069,
195,,,,6075,0.00024353060871362686
196,0.00023785344092175364,0.0,0.0,6079,
196,0.00024792636395432055,0.0,0.0,6089,
196,0.0002344654785702005,0.0,0.0,6099,
196,,,,6106,0.0002446242142468691
197,0.00023219456488732249,0.0,0.0,6109,
197,0.00021936585835646838,0.0,0.0,6119,
197,0.00021925361943431199,0.0,0.0,6129,
197,,,,6137,0.00023704051272943616
198,0.00021920184371992946,0.0,0.0,6139,
198,0.00021138504962436855,0.0,0.0,6149,
198,0.00023276278807315975,0.0,0.0,6159,
198,,,,6168,0.0002344844542676583
199,0.00023695376876275986,0.0,0.0,6169,
199,0.00023238209541887045,0.0,0.0,6179,
199,0.00021426414605230093,0.0,0.0,6189,
199,0.00011126784374937415,0.0,0.0,6199,
199,,,,6199,0.0002350221766391769
200,0.0002218247827840969,0.0,0.0,6209,
200,0.0002265735383844003,0.0,0.0,6219,
200,0.00023951615730766207,0.0,0.0,6229,
200,,,,6230,0.00023969082394614816
201,0.00021786417346447706,0.0,0.0,6239,
201,0.00021807367738801986,0.0,0.0,6249,
201,0.0002225685748271644,0.0,0.0,6259,
201,,,,6261,0.00023863192473072559
202,0.00020968007447663695,0.0,0.0,6269,
202,0.0002228239900432527,0.0,0.0,6279,
202,0.00022480769257526845,0.0,0.0,6289,
202,,,,6292,0.00023493259504903108
203,0.00022418019943870604,0.0,0.0,6299,
203,0.00020630202197935432,0.0,0.0,6309,
203,0.0002115367096848786,0.0,0.0,6319,
203,,,,6323,0.00022867394727654755
204,0.0002223799383500591,0.0,0.0,6329,
204,0.00021202136122155935,0.0,0.0,6339,
204,0.00021989218657836318,0.0,0.0,6349,
204,,,,6354,0.00022705628362018615
205,0.00023185292957350612,0.0,0.0,6359,
205,0.0002080105186905712,0.0,0.0,6369,
205,0.00020115359802730381,0.0,0.0,6379,
205,,,,6385,0.00022976221225690097
206,0.00022850024106446654,0.0,0.0,6389,
206,0.00023499516828451306,0.0,0.0,6399,
206,0.00022054172586649656,0.0,0.0,6409,
206,,,,6416,0.00023073451302479953
207,0.00021962731261737645,0.0,0.0,6419,
207,0.00020920696260873228,0.0,0.0,6429,
207,0.00020577412215061486,0.0,0.0,6439,
207,,,,6447,0.00022144531249068677
208,0.00020881893578916788,0.0,0.0,6449,
208,0.00019836715364363045,0.0,0.0,6459,
208,0.00021759727678727359,0.0,0.0,6469,
208,,,,6478,0.00022032935521565378
209,0.0002224888448836282,0.0,0.0,6479,
209,0.0002167260245187208,0.0,0.0,6489,
209,0.00020082668925169855,0.0,0.0,6499,
209,0.0001056044056895189,0.0,0.0,6509,
209,,,,6509,0.0002237534790765494
210,0.0002096984098898247,0.0,0.0,6519,
210,0.00021225270756985992,0.0,0.0,6529,
210,0.00022428607917390764,0.0,0.0,6539,
210,,,,6540,0.00022765420726500452
211,0.00020769295224454254,0.0,0.0,6549,
211,0.00020494872296694666,0.0,0.0,6559,
211,0.00020885282719973475,0.0,0.0,6569,
211,,,,6571,0.00021935372205916792
212,0.00019891261763405055,0.0,0.0,6579,
212,0.00020729898824356496,0.0,0.0,6589,
212,0.00021220857161097229,0.0,0.0,6599,
212,,,,6602,0.0002230743266409263
213,0.00021030998323112726,0.0,0.0,6609,
213,0.00019482464995235205,0.0,0.0,6619,
213,0.0001997292274609208,0.0,0.0,6629,
213,,,,6633,0.0002152582019334659
214,0.0002094097580993548,0.0,0.0,6639,
214,0.00019877482554875314,0.0,0.0,6649,
214,0.00020729497191496193,0.0,0.0,6659,
214,,,,6664,0.00021545881463680416
215,0.0002220961614511907,0.0,0.0,6669,
215,0.00019532664737198502,0.0,0.0,6679,
215,0.00018923758761957288,0.0,0.0,6689,
215,,,,6695,0.00021865135931875557
216,0.00021059534628875554,0.0,0.0,6699,
216,0.00022516831813845783,0.0,0.0,6709,
216,0.0002092952054226771,0.0,0.0,6719,
216,,,,6726,0.00021262043446768075
217,0.00020283166668377817,0.0,0.0,6729,
217,0.00019672178314067423,0.0,0.0,6739,
217,0.00019446996157057583,0.0,0.0,6749,
217,,,,6757,0.0002093427028739825
218,0.00019633078773040324,0.0,0.0,6759,
218,0.00019657041411846876,0.0,0.0,6769,
218,0.00021153592388145626,0.0,0.0,6779,
218,,,,6788,0.00021192681742832065
219,0.00021416695381049067,0.0,0.0,6789,
219,0.00020822051737923175,0.0,0.0,6799,
219,0.00019132086890749633,0.0,0.0,6809,
219,9.907428466249257e-05,0.0,0.0,6819,
219,,,,6819,0.00020674926054198295
220,0.00019474253349471837,0.0,0.0,6829,
220,0.00020293831767048687,0.0,0.0,6839,
220,0.00021089382062200457,0.0,0.0,6849,
220,,,,6850,0.00020625798788387328
221,0.00018972675024997443,0.0,0.0,6859,
221,0.0001940478105098009,0.0,0.0,6869,
221,0.00019230534962844104,0.0,0.0,6879,
221,,,,6881,0.00020814206800423563
222,0.00018316360365133733,0.0,0.0,6889,
222,0.00019727023027371615,0.0,0.0,6899,
222,0.00020479124214034528,0.0,0.0,6909,
222,,,,6912,0.00021021743305027485
223,0.00020173970551695675,0.0,0.0,6919,
223,0.00018228792760055512,0.0,0.0,6929,
223,0.00019408244406804442,0.0,0.0,6939,
223,,,,6943,0.00020549912005662918
224,0.00020490952010732144,0.0,0.0,6949,
224,0.00018717451894190162,0.0,0.0,6959,
224,0.000197030181880109,0.0,0.0,6969,
224,,,,6974,0.00020151013450231403
225,0.00020643367315642536,0.0,0.0,6979,
225,0.00018247205298393965,0.0,0.0,6989,
225,0.000177417736267671,0.0,0.0,6999,
225,,,,7005,0.00020069799211341888
226,0.0001929524732986465,0.0,0.0,7009,
226,0.00020958913955837488,0.0,0.0,7019,
226,0.00019645861175376922,0.0,0.0,7029,
226,,,,7036,0.00020205187320243567
227,0.00019149886793456972,0.0,0.0,7039,
227,0.00019282115681562573,0.0,0.0,7049,
227,0.00018118342268280685,0.0,0.0,7059,
227,,,,7067,0.00020234938710927963
228,0.00018421160348225385,0.0,0.0,7069,
228,0.00017915813077706844,0.0,0.0,7079,
228,0.00019575568148866296,0.0,0.0,7089,
228,,,,7098,0.00019889826944563538
229,0.0002005863207159564,0.0,0.0,7099,
229,0.00018972158432006836,0.0,0.0,7109,
229,0.00017591746291145682,0.0,0.0,7119,
229,9.255651821149513e-05,0.0,0.0,7129,
229,,,,7129,0.00019623231492005289
230,0.00018299941439181566,0.0,0.0,7139,
230,0.00018919818103313446,0.0,0.0,7149,
230,0.0002001286338781938,0.0,0.0,7159,
230,,,,7160,0.00019597614300437272
231,0.0001902524963952601,0.0,0.0,7169,
231,0.00018476352852303535,0.0,0.0,7179,
231,0.00018117953732144088,0.0,0.0,7189,
231,,,,7191,0.00019491386774461716
232,0.00018010521307587624,0.0,0.0,7199,
232,0.00018586746591608971,0.0,0.0,7209,
232,0.00019155422342009842,0.0,0.0,7219,
232,,,,7222,0.00019575947953853756
233,0.0001855012378655374,0.0,0.0,7229,
233,0.0001719075662549585,0.0,0.0,7239,
233,0.0001817880111047998,0.0,0.0,7249,
233,,,,7253,0.00019467402307782322
234,0.00019421559409238398,0.0,0.0,7259,
234,0.00018035130051430315,0.0,0.0,7269,
234,0.00018442182044964284,0.0,0.0,7279,
234,,,,7284,0.00019273989892099053
235,0.00021129949891474098,0.0,0.0,7289,
235,0.00017873743490781635,0.0,0.0,7299,
235,0.00016763848543632776,0.0,0.0,7309,
235,,,,7315,0.000190052276593633
236,0.00018338287190999836,0.0,0.0,7319,
236,0.00019912172865588218,0.0,0.0,7329,
236,0.00018522444588597864,0.0,0.0,7339,
236,,,,7346,0.00018961574824061245
237,0.00018382846610620618,0.0,0.0,7349,
237,0.0001712409866740927,0.0,0.0,7359,
237,0.00017542530258651823,0.0,0.0,7369,
237,,,,7377,0.00018770703172776848
238,0.00017733579443302006,0.0,0.0,7379,
238,0.00017875553749036044,0.0,0.0,7389,
238,0.00018339573580306023,0.0,0.0,7399,
238,,,,7408,0.00018872416694648564
239,0.0001899238268379122,0.0,0.0,7409,
239,0.00017949272296391428,0.0,0.0,7419,
239,0.00016609675367362797,0.0,0.0,7429,
239,8.622992027085274e-05,0.0,0.0,7439,
239,,,,7439,0.00019505407544784248
240,0.00017570320051163435,0.0,0.0,7449,
240,0.00017709880194161087,0.0,0.0,7459,
240,0.0001893663575174287,0.0,0.0,7469,
240,,,,7470,0.00018573130364529788
241,0.000165283476235345,0.0,0.0,7479,
241,0.00016994110774248838,0.0,0.0,7489,
241,0.0001735705736791715,0.0,0.0,7499,
241,,,,7501,0.00018226448446512222
242,0.00016253883950412273,0.0,0.0,7509,
242,0.00017706230573821813,0.0,0.0,7519,
242,0.00017971181659959257,0.0,0.0,7529,
242,,,,7532,0.00018200321937911212
243,0.0001801352045731619,0.0,0.0,7539,
243,0.00016528155538253486,0.0,0.0,7549,
243,0.00016913721628952771,0.0,0.0,7559,
243,,,,7563,0.00018084545445162803
244,0.00018135810387320817,0.0,0.0,7569,
244,0.00016862712800502777,0.0,0.0,7579,
244,0.000173533582710661,0.0,0.0,7589,
244,,,,7594,0.00017884871340356767
245,0.0001772674877429381,0.0,0.0,7599,
245,0.00016112571756821126,0.0,0.0,7609,
245,0.00016113067977130413,0.0,0.0,7619,
245,,,,7625,0.00017785392992664129
246,0.00017584201123099774,0.0,0.0,7629,
246,0.0001909061975311488,0.0,0.0,7639,
246,0.00018310845189262182,0.0,0.0,7649,
246,,,,7656,0.00018034843378700316
247,0.00020924406999256462,0.0,0.0,7659,
247,0.00016351445810869336,0.0,0.0,7669,
247,0.0001651845668675378,0.0,0.0,7679,
247,,,,7687,0.00018170973635278642
248,0.00017846196715254337,0.0,0.0,7689,
248,0.00016210053581744432,0.0,0.0,7699,
248,0.00017122288409154862,0.0,0.0,7709,
248,,,,7718,0.0001853199501056224
249,0.00018624879885464907,0.0,0.0,7719,
249,0.00017546772141940892,0.0,0.0,7729,
249,0.00015839662228245288,0.0,0.0,7739,
249,7.956635090522468e-05,0.0,0.0,7749,
249,,,,7749,0.00017711524560581893
250,0.00016573231550864875,0.0,0.0,7759,
250,0.00016830394451972097,0.0,0.0,7769,
250,0.00017625550390221179,0.0,0.0,7779,
250,,,,7780,0.00017338026373181492
251,0.0001583457924425602,0.0,0.0,7789,
251,0.00016074845916591585,0.0,0.0,7799,
251,0.00016266487364191562,0.0,0.0,7809,
251,,,,7811,0.00017251419194508344
252,0.00015391610213555396,0.0,0.0,7819,
252,0.0001683916780166328,0.0,0.0,7829,
252,0.00016858325398061424,0.0,0.0,7839,
252,,,,7842,0.00017371824651490897
253,0.0001700044667813927,0.0,0.0,7849,
253,0.0001564489648444578,0.0,0.0,7859,
253,0.00016056030290201306,0.0,0.0,7869,
253,,,,7873,0.00017092112102545798
254,0.00016624457202851772,0.0,0.0,7879,
254,0.00016179402882698923,0.0,0.0,7889,
254,0.00016287674952764064,0.0,0.0,7899,
254,,,,7904,0.00017024662520270795
255,0.00017658970318734646,0.0,0.0,7909,
255,0.00015809050819370896,0.0,0.0,7919,
255,0.0001509139547124505,0.0,0.0,7929,
255,,,,7935,0.00017159890558104962
256,0.00017349807603750378,0.0,0.0,7939,
256,0.00018960486340802163,0.0,0.0,7949,
256,0.0001692571968305856,0.0,0.0,7959,
256,,,,7966,0.00017374502203892916
257,0.00016167043941095471,0.0,0.0,7969,
257,0.00015849877672735602,0.0,0.0,7979,
257,0.00015021908620838076,0.0,0.0,7989,
257,,,,7997,0.0001694624515948817
258,0.0001596554066054523,0.0,0.0,7999,
258,0.00014714777353219688,0.0,0.0,8009,
258,0.0001622113340999931,0.0,0.0,8019,
258,,,,8028,0.00016704080917406827
259,0.00016726370085962117,0.0,0.0,8029,
259,0.00015969041851349175,0.0,0.0,8039,
259,0.00014795444440096617,0.0,0.0,8049,
259,7.734889368293807e-05,0.0,0.0,8059,
259,,,,8059,0.00016539231000933796
260,0.0001584741985425353,0.0,0.0,8069,
260,0.00015715809422545135,0.0,0.0,8079,
260,0.00016873264394234866,0.0,0.0,8089,
260,,,,8090,0.00017578830011188984
261,0.00018175695731770247,0.0,0.0,8099,
261,0.0001563544647069648,0.0,0.0,8109,
261,0.00015374747454188764,0.0,0.0,8119,
261,,,,8121,0.00016975081234704703
262,0.00015310833987314254,0.0,0.0,8129,
262,0.00016374464030377567,0.0,0.0,8139,
262,0.00016262517601717263,0.0,0.0,8149,
262,,,,8152,0.00017019188089761883
263,0.0001588696613907814,0.0,0.0,8159,
263,0.00015156676818151027,0.0,0.0,8169,
263,0.0001542617246741429,0.0,0.0,8179,
263,,,,8183,0.00016362311725970358
264,0.0001573838817421347,0.0,0.0,8189,
264,0.000150775391375646,0.0,0.0,8199,
264,0.00015463642193935812,0.0,0.0,8209,
264,,,,8214,0.00016087513358797878
265,0.00015948576037772,0.0,0.0,8219,
265,0.0001440229534637183,0.0,0.0,8229,
265,0.00014116974489297718,0.0,0.0,8239,
265,,,,8245,0.0001612955384189263
266,0.00015568031813018024,0.0,0.0,8249,
266,0.00016892347775865346,0.0,0.0,8259,
266,0.00015640487254131585,0.0,0.0,8269,
266,,,,8276,0.00016039663751143962
267,0.00015112185792531818,0.0,0.0,8279,
267,0.0001433455472579226,0.0,0.0,8289,
267,0.00014036791981197894,0.0,0.0,8299,
267,,,,8307,0.0001572026958456263
268,0.00014648024807684124,0.0,0.0,8309,
268,0.0001404068316332996,0.0,0.0,8319,
268,0.00015383616846520454,0.0,0.0,8329,
268,,,,8338,0.00018785712018143386
269,0.0001873837027233094,0.0,0.0,8339,
269,0.00015160616021603346,0.0,0.0,8349,
269,0.00014446114073507488,0.0,0.0,8359,
269,7.453859143424779e-05,0.0,0.0,8369,
269,,,,8369,0.00016659732500556856
270,0.0001469797862228006,0.0,0.0,8379,
270,0.0001514048781245947,0.0,0.0,8389,
270,0.00015803972200956196,0.0,0.0,8399,
270,,,,8400,0.00015785027062520385
271,0.00014327443204820156,0.0,0.0,8409,
271,0.00015134036948438734,0.0,0.0,8419,
271,0.00014594889944419265,0.0,0.0,8429,
271,,,,8431,0.00015439729031641036
272,0.000139205003506504,0.0,0.0,8439,
272,0.00014963185822125524,0.0,0.0,8449,
272,0.0001507582055637613,0.0,0.0,8459,
272,,,,8462,0.00015331107715610415
273,0.00014732843555975705,0.0,0.0,8469,
273,0.00013926955580245703,0.0,0.0,8479,
273,0.00014751299750059843,0.0,0.0,8489,
273,,,,8493,0.00015465854085050523
274,0.00020735114230774343,0.0,0.0,8499,
274,0.00016772019444033504,0.0,0.0,8509,
274,0.00015139143215492368,0.0,0.0,8519,
274,,,,8524,0.00015755063213873655
275,0.00015356119547504932,0.0,0.0,8529,
275,0.00014017782814335078,0.0,0.0,8539,
275,0.00013627992302644998,0.0,0.0,8549,
275,,,,8555,0.0001638761896174401
276,0.0001563339028507471,0.0,0.0,8559,
276,0.00016501740901730955,0.0,0.0,8569,
276,0.0001518174831289798,0.0,0.0,8579,
276,,,,8586,0.00016027990204747766
277,0.0001587897859280929,0.0,0.0,8589,
277,0.00013711373321712017,0.0,0.0,8599,
277,0.0001336345012532547,0.0,0.0,8609,
277,,,,8617,0.00015900866128504276
278,0.00016098264313768595,0.0,0.0,8619,
278,0.00013702563592232764,0.0,0.0,8629,
278,0.00014781663776375353,0.0,0.0,8639,
278,,,,8648,0.00015048871864564717
279,0.00014991981151979417,0.0,0.0,8649,
279,0.0001443170476704836,0.0,0.0,8659,
279,0.0001335809356532991,0.0,0.0,8669,
279,6.988068344071507e-05,0.0,0.0,8679,
279,,,,8679,0.00014982566062826663
280,0.00013940766802988946,0.0,0.0,8689,
280,0.00014150513743516058,0.0,0.0,8699,
280,0.0001499271602369845,0.0,0.0,8709,
280,,,,8710,0.00014889586600475013
281,0.00013270822819322348,0.0,0.0,8719,
281,0.00013807044888380915,0.0,0.0,8729,
281,0.0001369146630167961,0.0,0.0,8739,
281,,,,8741,0.00014714727876707911
282,0.0001323665346717462,0.0,0.0,8749,
282,0.0001419468899257481,0.0,0.0,8759,
282,0.00015239087224472314,0.0,0.0,8769,
282,,,,8772,0.00017690658569335938
283,0.0001480901992181316,0.0,0.0,8779,
283,0.00013570669398177415,0.0,0.0,8789,
283,0.00013714810484088957,0.0,0.0,8799,
283,,,,8803,0.00016667015734128654
284,0.00015023535524960607,0.0,0.0,8809,
284,0.00014770467532798648,0.0,0.0,8819,
284,0.00013888775720261037,0.0,0.0,8829,
284,,,,8834,0.00015854407683946192
285,0.0001586180878803134,0.0,0.0,8839,
285,0.00013539129577111453,0.0,0.0,8849,
285,0.00013120460789650679,0.0,0.0,8859,
285,,,,8865,0.0001459889899706468
286,0.0001385464274790138,0.0,0.0,8869,
286,0.00015328747394960374,0.0,0.0,8879,
286,0.000141313808853738,0.0,0.0,8889,
286,,,,8896,0.0001446301757823676
287,0.00013584723637904972,0.0,0.0,8899,
287,0.00012999940372537822,0.0,0.0,8909,
287,0.00012796242663171142,0.0,0.0,8919,
287,,,,8927,0.00014492541959043592
288,0.00013448813115246594,0.0,0.0,8929,
288,0.00012930222146678716,0.0,0.0,8939,
288,0.00014151039067655802,0.0,0.0,8949,
288,,,,8958,0.00014350056881085038
289,0.0001426319795427844,0.0,0.0,8959,
289,0.00013722415314987302,0.0,0.0,8969,
289,0.000127404069644399,0.0,0.0,8979,
289,6.614813901251182e-05,0.0,0.0,8989,
289,,,,8989,0.00014144618762657046
290,0.00012974624405615032,0.0,0.0,8999,
290,0.00013303782907314599,0.0,0.0,9009,
290,0.00014177808770909905,0.0,0.0,9019,
290,,,,9020,0.00013983520329929888
291,0.00012498701107688248,0.0,0.0,9029,
291,0.00013151534949429333,0.0,0.0,9039,
291,0.00013408066297415644,0.0,0.0,9049,
291,,,,9051,0.00013947696425020695
292,0.0001271903602173552,0.0,0.0,9059,
292,0.00014076224761083722,0.0,0.0,9069,
292,0.00013897271128371358,0.0,0.0,9079,
292,,,,9082,0.0001485893444623798
293,0.0001493798044975847,0.0,0.0,9089,
293,0.00012997811427339911,0.0,0.0,9099,
293,0.0001322771277045831,0.0,0.0,9109,
293,,,,9113,0.00013787165516987443
294,0.0001351242244709283,0.0,0.0,9119,
294,0.00012826520833186805,0.0,0.0,9129,
294,0.00013079724158160388,0.0,0.0,9139,
294,,,,9144,0.00013908201071899384
295,0.00013748282799497247,0.0,0.0,9149,
295,0.0001251170178875327,0.0,0.0,9159,
295,0.00012058227002853528,0.0,0.0,9169,
295,,,,9175,0.00013646032311953604
296,0.0001405060029355809,0.0,0.0,9179,
296,0.00015011115465313196,0.0,0.0,9189,
296,0.0001347110082861036,0.0,0.0,9199,
296,,,,9206,0.00013811391545459628
297,0.00012983355554752052,0.0,0.0,9209,
297,0.00012179279292467982,0.0,0.0,9219,
297,0.00012006542965536937,0.0,0.0,9229,
297,,,,9237,0.00013619540550280362
298,0.00012990781397093087,0.0,0.0,9239,
298,0.00011899537639692426,0.0,0.0,9249,
298,0.00013104362005833536,0.0,0.0,9259,
298,,,,9268,0.0001432066346751526
299,0.00014078200911171734,0.0,0.0,9269,
299,0.00014639523578807712,0.0,0.0,9279,
299,0.00012434172094799578,0.0,0.0,9289,
299,6.486114580184221e-05,0.0,0.0,9299,
299,,,,9299,0.00014267806545831263
300,0.00013424856297206134,0.0,0.0,9309,
300,0.00013971027510706335,0.0,0.0,9319,
300,0.0001353540428681299,0.0,0.0,9329,
300,,,,9330,0.00016334406973328441
301,0.00014544825535267591,0.0,0.0,9339,
301,0.0001292564265895635,0.0,0.0,9349,
301,0.00012497842544689775,0.0,0.0,9359,
301,,,,9361,0.00013345001207198948
302,0.00012102517212042585,0.0,0.0,9369,
302,0.00012986069486942142,0.0,0.0,9379,
302,0.0001290407235501334,0.0,0.0,9389,
302,,,,9392,0.00013142562238499522
303,0.00012501889432314783,0.0,0.0,9399,
303,0.00012025360047118738,0.0,0.0,9409,
303,0.00012495402188505977,0.0,0.0,9419,
303,,,,9423,0.00013153751206118613
304,0.00013708473125007004,0.0,0.0,9429,
304,0.00012289723963476717,0.0,0.0,9439,
304,0.00012596887245308608,0.0,0.0,9449,
304,,,,9454,0.00013513948943000287
305,0.00012953612895216793,0.0,0.0,9459,
305,0.00011875027121277526,0.0,0.0,9469,
305,0.0001153380871983245,0.0,0.0,9479,
305,,,,9485,0.00013064095401205122
306,0.00012427814363036305,0.0,0.0,9489,
306,0.00014222665049601346,0.0,0.0,9499,
306,0.00012750568566843867,0.0,0.0,9509,
306,,,,9516,0.00013034466246608645
307,0.00012259934737812728,0.0,0.0,9519,
307,0.00011689896928146482,0.0,0.0,9529,
307,0.00011577862460399047,0.0,0.0,9539,
307,,,,9547,0.0001294231478823349
308,0.0001247644395334646,0.0,0.0,9549,
308,0.00011974331573583186,0.0,0.0,9559,
308,0.00012427938054315746,0.0,0.0,9569,
308,,,,9578,0.00012978118320461363
309,0.0001290481013711542,0.0,0.0,9579,
309,0.0001222647406393662,0.0,0.0,9589,
309,0.000112885631097015,0.0,0.0,9599,
309,6.206269608810544e-05,0.0,0.0,9609,
309,,,,9609,0.00012859793787356466
310,0.0001203215797431767,0.0,0.0,9619,
310,0.00012113805132685229,0.0,0.0,9629,
310,0.00013500114437192678,0.0,0.0,9639,
310,,,,9640,0.00012804724974557757
311,0.00011619188444456086,0.0,0.0,9649,
311,0.00012078992585884407,0.0,0.0,9659,
311,0.00011915637878701091,0.0,0.0,9669,
311,,,,9671,0.00013991013111080974
312,0.00012787389277946204,0.0,0.0,9679,
312,0.00012473521928768605,0.0,0.0,9689,
312,0.00012352998601272702,0.0,0.0,9699,
312,,,,9702,0.0001280091528315097
313,0.00012329555465839803,0.0,0.0,9709,
313,0.00011254988930886611,0.0,0.0,9719,
313,0.00011856781202368438,0.0,0.0,9729,
313,,,,9733,0.00012737848737742752
314,0.00012444896856322885,0.0,0.0,9739,
314,0.00011648248619167134,0.0,0.0,9749,
314,0.0001211758135468699,0.0,0.0,9759,
314,,,,9764,0.00012512893590610474
315,0.00013721181312575936,0.0,0.0,9769,
315,0.0001140071835834533,0.0,0.0,9779,
315,0.00010983597894664854,0.0,0.0,9789,
315,,,,9795,0.00012462334416341037
316,0.00011540607374627143,0.0,0.0,9799,
316,0.00013561692321673036,0.0,0.0,9809,
316,0.00012113151024095714,0.0,0.0,9819,
316,,,,9826,0.00012354583304841071
317,0.00011977725807810202,0.0,0.0,9829,
317,0.00011074433859903365,0.0,0.0,9839,
317,0.00011135994282085449,0.0,0.0,9849,
317,,,,9857,0.00012467120541259646
318,0.00011995198292424902,0.0,0.0,9859,
318,0.00012044220784446225,0.0,0.0,9869,
318,0.00012245621473994106,0.0,0.0,9879,
318,,,,9888,0.0001416172308381647
319,0.0001412851270288229,0.0,0.0,9889,
319,0.00013455009320750833,0.0,0.0,9899,
319,0.00010984676919179037,0.0,0.0,9909,
319,6.562768248841166e-05,0.0,0.0,9919,
319,,,,9919,0.00012853862426709384
320,0.00011662174802040681,0.0,0.0,9929,
320,0.00011649745283648372,0.0,0.0,9939,
320,0.00012257636990398169,0.0,0.0,9949,
320,,,,9950,0.00012380875705275685
321,0.00010702433064579964,0.0,0.0,9959,
321,0.00011293501302134246,0.0,0.0,9969,
321,0.00011322351201670244,0.0,0.0,9979,
321,,,,9981,0.00012044917821185663
322,0.00010959438077406958,0.0,0.0,9989,
322,0.00011823248496511951,0.0,0.0,9999,
322,0.00011748696124413982,0.0,0.0,10009,
322,,,,10012,0.00011950379848713055
323,0.00011471800098661333,0.0,0.0,10019,
323,0.00010917031613644212,0.0,0.0,10029,
323,0.00011351555440342054,0.0,0.0,10039,
323,,,,10043,0.00012110533134546131
324,0.00012407508620526642,0.0,0.0,10049,
324,0.00011576010729186237,0.0,0.0,10059,
324,0.00012036343105137348,0.0,0.0,10069,
324,,,,10074,0.000121707831567619
325,0.00013020928599871695,0.0,0.0,10079,
325,0.000108134321635589,0.0,0.0,10089,
325,0.00010491171997273341,0.0,0.0,10099,
325,,,,10105,0.00012169317051302642
326,0.00011102159623987973,0.0,0.0,10109,
326,0.00012916902778670192,0.0,0.0,10119,
326,0.00011579060083022341,0.0,0.0,10129,
326,,,,10136,0.00011880844249390066
327,0.00011304391955491155,0.0,0.0,10139,
327,0.00010517183545744047,0.0,0.0,10149,
327,0.00010696770914364606,0.0,0.0,10159,
327,,,,10167,0.00013035486335866153
328,0.00011686750076478347,0.0,0.0,10169,
328,0.00011458164226496592,0.0,0.0,10179,
328,0.0001150405005319044,0.0,0.0,10189,
328,,,,10198,0.00012142999185016379
329,0.00012018700363114476,0.0,0.0,10199,
329,0.00011610238288994879,0.0,0.0,10209,
329,0.0001040380957419984,0.0,0.0,10219,
329,5.964991214568727e-05,0.0,0.0,10229,
329,,,,10229,0.00012301141396164894
330,0.00010978724458254874,0.0,0.0,10239,
330,0.00011445122072473168,0.0,0.0,10249,
330,0.00011633058602456003,0.0,0.0,10259,
330,,,,10260,0.0001188764872495085
331,0.00010332310921512544,0.0,0.0,10269,
331,0.00010787073551909998,0.0,0.0,10279,
331,0.00010837063746294007,0.0,0.0,10289,
331,,,,10291,0.00011807660484919325
332,0.0001096809864975512,0.0,0.0,10299,
332,0.00011388742132112384,0.0,0.0,10309,
332,0.00011188142525497824,0.0,0.0,10319,
332,,,,10322,0.00011842277308460325
333,0.00012054254329996184,0.0,0.0,10329,
333,0.00010308631317457184,0.0,0.0,10339,
333,0.0001086190459318459,0.0,0.0,10349,
333,,,,10353,0.0001163644265034236
334,0.00012238255294505507,0.0,0.0,10359,
334,0.0001055131433531642,0.0,0.0,10369,
334,0.0001102276801248081,0.0,0.0,10379,
334,,,,10384,0.0001161069594672881
335,0.000115031776658725,0.0,0.0,10389,
335,0.00010342607129132375,0.0,0.0,10399,
335,0.000101140009064693,0.0,0.0,10409,
335,,,,10415,0.00011532149073900655
336,0.00012027995398966596,0.0,0.0,10419,
336,0.0001258019037777558,0.0,0.0,10429,
336,0.00011415833432693034,0.0,0.0,10439,
336,,,,10446,0.00011370478750905022
337,0.0001096791893360205,0.0,0.0,10449,
337,0.00010197770461672917,0.0,0.0,10459,
337,0.00010672680218704045,0.0,0.0,10469,
337,,,,10477,0.00011343614460201934
338,0.00011295491276541725,0.0,0.0,10479,
338,0.00010536049376241863,0.0,0.0,10489,
338,0.0001098990032915026,0.0,0.0,10499,
338,,,,10508,0.00011856607306981459
339,0.00011739366891561076,0.0,0.0,10509,
339,0.0001066187905962579,0.0,0.0,10519,
339,9.822271385928616e-05,0.0,0.0,10529,
339,5.735385275329463e-05,0.0,0.0,10539,
339,,,,10539,0.0001148679293692112
340,0.00010860440670512617,0.0,0.0,10549,
340,0.00010759627912193537,0.0,0.0,10559,
340,0.0001107944844989106,0.0,0.0,10569,
340,,,,10570,0.00011397853086236864
341,9.884790779324248e-05,0.0,0.0,10579,
341,0.00010333597310818732,0.0,0.0,10589,
341,0.00010369811207056046,0.0,0.0,10599,
341,,,,10601,0.00010978417412843555
342,0.00010200367250945419,0.0,0.0,10609,
342,0.00010890084377024323,0.0,0.0,10619,
342,0.00010912012658081949,0.0,0.0,10629,
342,,,,10632,0.00010957396443700418
343,0.00010606845171423629,0.0,0.0,10639,
343,0.00010228945757262409,0.0,0.0,10649,
343,0.0001099411238101311,0.0,0.0,10659,
343,,,,10663,0.00011375233589205891
344,0.00012660342326853424,0.0,0.0,10669,
344,0.00010276492685079575,0.0,0.0,10679,
344,0.00010511777509236708,0.0,0.0,10689,
344,,,,10694,0.00011398756032576784
345,0.00010684746666811407,0.0,0.0,10699,
345,0.00010069056588690728,0.0,0.0,10709,
345,9.6192117780447e-05,0.0,0.0,10719,
345,,,,10725,0.00010936725448118523
346,0.00010285357711836696,0.0,0.0,10729,
346,0.00011747872486012056,0.0,0.0,10739,
346,0.00010754842514870688,0.0,0.0,10749,
346,,,,10756,0.00011054951028199866
347,0.00011019680096069351,0.0,0.0,10759,
347,9.962010517483577e-05,0.0,0.0,10769,
347,0.00010463897342560813,0.0,0.0,10779,
347,,,,10787,0.00011035735224140808
348,0.00011262494081165642,0.0,0.0,10789,
348,9.620368655305356e-05,0.0,0.0,10799,
348,0.0001056615510606207,0.0,0.0,10809,
348,,,,10818,0.00011635598639259115
349,0.00011479880049591884,0.0,0.0,10819,
349,0.00010834593558683991,0.0,0.0,10829,
349,9.426492033526301e-05,0.0,0.0,10839,
349,5.473468991112895e-05,0.0,0.0,10849,
349,,,,10849,0.00010955405741697177
350,9.997233428293839e-05,0.0,0.0,10859,
350,0.00010108898277394474,0.0,0.0,10869,
350,0.00010632930207066238,0.0,0.0,10879,
350,,,,10880,0.00010683108121156693
351,9.396492532687262e-05,0.0,0.0,10889,
351,9.853822120931e-05,0.0,0.0,10899,
351,0.00010577373905107379,0.0,0.0,10909,
351,,,,10911,0.00010637727245921269
352,9.987592784455046e-05,0.0,0.0,10919,
352,0.00010674999793991446,0.0,0.0,10929,
352,0.00010457700409460813,0.0,0.0,10939,
352,,,,10942,0.00011637600982794538
353,0.00011636048293439671,0.0,0.0,10949,
353,9.523954940959811e-05,0.0,0.0,10959,
353,0.00010045973613159731,0.0,0.0,10969,
353,,,,10973,0.00010876682790694758
354,0.00010741309961304069,0.0,0.0,10979,
354,9.629163832869381e-05,0.0,0.0,10989,
354,0.00010045433009508997,0.0,0.0,10999,
354,,,,11004,0.00010397355072200298
355,0.00010987645509885624,0.0,0.0,11009,
355,9.371672058477998e-05,0.0,0.0,11019,
355,9.536985453451052e-05,0.0,0.0,11029,
355,,,,11035,0.00010678750550141558
356,0.00010399425082141533,0.0,0.0,11039,
356,0.00011657865979941562,0.0,0.0,11049,
356,0.0001059083515428938,0.0,0.0,11059,
356,,,,11066,0.00010335364640923217
357,9.598644828656688e-05,0.0,0.0,11069,
357,9.924788901116699e-05,0.0,0.0,11079,
357,9.465978655498475e-05,0.0,0.0,11089,
357,,,,11097,0.0001030849089147523
358,9.719089575810358e-05,0.0,0.0,11099,
358,9.010313078761101e-05,0.0,0.0,11109,
358,9.782902634469792e-05,0.0,0.0,11119,
358,,,,11128,0.0001022644792101346
359,9.999210305977613e-05,0.0,0.0,11129,
359,9.899692668113858e-05,0.0,0.0,11139,
359,9.242829401046038e-05,0.0,0.0,11149,
359,5.4375766922021285e-05,0.0,0.0,11159,
359,,,,11159,0.00010434911382617429
360,9.793628851184621e-05,0.0,0.0,11169,
360,9.693529136711732e-05,0.0,0.0,11179,
360,0.00010161502723349258,0.0,0.0,11189,
360,,,,11190,0.00010882205970119685
361,9.6074742032215e-05,0.0,0.0,11199,
361,9.749068703968078e-05,0.0,0.0,11209,
361,9.619318007025868e-05,0.0,0.0,11219,
361,,,,11221,0.00010342244058847427
362,9.471023076912388e-05,0.0,0.0,11229,
362,0.00010093495802721009,0.0,0.0,11239,
362,9.983841300709173e-05,0.0,0.0,11249,
362,,,,11252,0.00010212932102149352
363,9.693702304502949e-05,0.0,0.0,11259,
363,9.279399819206446e-05,0.0,0.0,11269,
363,9.547227818984538e-05,0.0,0.0,11279,
363,,,,11283,0.00010286641918355599
364,0.0001018761977320537,0.0,0.0,11289,
364,9.409961057826877e-05,0.0,0.0,11299,
364,9.617233445169404e-05,0.0,0.0,11309,
364,,,,11314,0.00010176615614909679
365,9.951687388820574e-05,0.0,0.0,11319,
365,9.307741856900975e-05,0.0,0.0,11329,
365,8.963537402451038e-05,0.0,0.0,11339,
365,,,,11345,0.00010072621807921678
366,9.717925422592089e-05,0.0,0.0,11349,
366,0.00011861099483212456,0.0,0.0,11359,
366,9.848489571595564e-05,0.0,0.0,11369,
366,,,,11376,0.00010084756650030613
367,0.00010125453991349787,0.0,0.0,11379,
367,9.037011477630585e-05,0.0,0.0,11389,
367,9.171495912596583e-05,0.0,0.0,11399,
367,,,,11407,0.00010129634756594896
368,9.856036922428757e-05,0.0,0.0,11409,
368,8.896712097339332e-05,0.0,0.0,11419,
368,9.485217015026137e-05,0.0,0.0,11429,
368,,,,11438,9.958765440387651e-05
369,9.715316264191642e-05,0.0,0.0,11439,
369,9.59641911322251e-05,0.0,0.0,11449,
369,8.796176553005353e-05,0.0,0.0,11459,
369,5.5517164582852274e-05,0.0,0.0,11469,
369,,,,11469,0.00010206158185610548
370,9.293367475038394e-05,0.0,0.0,11479,
370,9.374978253617883e-05,0.0,0.0,11489,
370,9.748271986609325e-05,0.0,0.0,11499,
370,,,,11500,0.00010371975076850504
371,9.701788076199591e-05,0.0,0.0,11509,
371,9.119250171352178e-05,0.0,0.0,11519,
371,9.431028593098745e-05,0.0,0.0,11529,
371,,,,11531,0.0001010841951938346
372,9.432274237042293e-05,0.0,0.0,11539,
372,9.87401363090612e-05,0.0,0.0,11549,
372,9.6699564892333e-05,0.0,0.0,11559,
372,,,,11562,9.989124373532832e-05
373,9.438845154363662e-05,0.0,0.0,11569,
373,8.971465285867453e-05,0.0,0.0,11579,
373,9.249336289940402e-05,0.0,0.0,11589,
373,,,,11593,9.954827692126855e-05
374,9.682059317128733e-05,0.0,0.0,11599,
374,8.978293044492602e-05,0.0,0.0,11609,
374,9.35126154217869e-05,0.0,0.0,11619,
374,,,,11624,9.747883450472727e-05
375,9.3163012934383e-05,0.0,0.0,11629,
375,8.58306884765625e-05,0.0,0.0,11639,
375,9.215634054271504e-05,0.0,0.0,11649,
375,,,,11655,0.00010271022620145231
376,0.00010509065759833902,0.0,0.0,11659,
376,0.00010662090789992362,0.0,0.0,11669,
376,9.771048644324765e-05,0.0,0.0,11679,
376,,,,11686,0.0001027536200126633
377,0.00010529335122555494,0.0,0.0,11689,
377,9.029706416185945e-05,0.0,0.0,11699,
377,9.103995398618281e-05,0.0,0.0,11709,
377,,,,11717,0.00010650312469806522
378,9.783207497093827e-05,0.0,0.0,11719,
378,8.84953115019016e-05,0.0,0.0,11729,
378,9.317569492850453e-05,0.0,0.0,11739,
378,,,,11748,9.470948134548962e-05
379,9.189121919916943e-05,0.0,0.0,11749,
379,9.522976324660704e-05,0.0,0.0,11759,
379,8.557236287742853e-05,0.0,0.0,11769,
379,4.8718040488893166e-05,0.0,0.0,11779,
379,,,,11779,9.618936019251123e-05
380,9.29336529225111e-05,0.0,0.0,11789,
380,9.159118781099096e-05,0.0,0.0,11799,
380,9.251948358723894e-05,0.0,0.0,11809,
380,,,,11810,9.400228009326383e-05
381,8.261078619398177e-05,0.0,0.0,11819,
381,8.707273082109168e-05,0.0,0.0,11829,
381,8.923695713747293e-05,0.0,0.0,11839,
381,,,,11841,9.45720385061577e-05
382,8.974222146207467e-05,0.0,0.0,11849,
382,9.392457286594436e-05,0.0,0.0,11859,
382,9.18520672712475e-05,0.0,0.0,11869,
382,,,,11872,9.460817818762735e-05
383,9.331248293165118e-05,0.0,0.0,11879,
383,8.593440725235268e-05,0.0,0.0,11889,
383,8.844451076583937e-05,0.0,0.0,11899,
383,,,,11903,9.592157584847882e-05
384,9.362433047499508e-05,0.0,0.0,11909,
384,8.619761501904577e-05,0.0,0.0,11919,
384,9.61362529778853e-05,0.0,0.0,11929,
384,,,,11934,0.00012115468416595832
385,0.00011686774087138474,0.0,0.0,11939,
385,9.353979112347588e-05,0.0,0.0,11949,
385,8.427829743595794e-05,0.0,0.0,11959,
385,,,,11965,0.00010467103129485622
386,9.668066923040897e-05,0.0,0.0,11969,
386,0.00010745777399279177,0.0,0.0,11979,
386,9.46142099564895e-05,0.0,0.0,11989,
386,,,,11996,9.283516556024551e-05
387,8.713916759006679e-05,0.0,0.0,11999,
387,8.238500595325604e-05,0.0,0.0,12009,
387,8.456555951852351e-05,0.0,0.0,12019,
387,,,,12027,9.088684601010755e-05
388,8.517008973285556e-05,0.0,0.0,12029,
388,8.072194032138214e-05,0.0,0.0,12039,
388,8.682200859766454e-05,0.0,0.0,12049,
388,,,,12058,9.380108531331643e-05
389,9.115588909480721e-05,0.0,0.0,12059,
389,8.614083344582468e-05,0.0,0.0,12069,
389,8.000797242857516e-05,0.0,0.0,12079,
389,4.7549237933708355e-05,0.0,0.0,12089,
389,,,,12089,9.282545215683058e-05
390,8.646229980513453e-05,0.0,0.0,12099,
390,8.554254600312561e-05,0.0,0.0,12109,
390,8.970638737082481e-05,0.0,0.0,12119,
390,,,,12120,9.364797733724117e-05
391,8.587493357481435e-05,0.0,0.0,12129,
391,8.58103740029037e-05,0.0,0.0,12139,
391,8.765065285842866e-05,0.0,0.0,12149,
391,,,,12151,9.364269499201328e-05
392,9.513893746770918e-05,0.0,0.0,12159,
392,9.3557195214089e-05,0.0,0.0,12169,
392,8.697756129549816e-05,0.0,0.0,12179,
392,,,,12182,9.095349378185347e-05
393,8.909811731427908e-05,0.0,0.0,12189,
393,8.286342199426144e-05,0.0,0.0,12199,
393,8.3176426414866e-05,0.0,0.0,12209,
393,,,,12213,8.92422758624889e-05
394,8.713774150237441e-05,0.0,0.0,12219,
394,8.129837806336582e-05,0.0,0.0,12229,
394,8.94454715307802e-05,0.0,0.0,12239,
394,,,,12244,9.803557622944936e-05
395,9.594256698619574e-05,0.0,0.0,12249,
395,8.308298129122704e-05,0.0,0.0,12259,
395,8.286653610412031e-05,0.0,0.0,12269,
395,,,,12275,0.00011178944259881973
396,0.0001024131997837685,0.0,0.0,12279,
396,0.00011020445526810363,0.0,0.0,12289,
396,9.091405809158459e-05,0.0,0.0,12299,
396,,,,12306,9.765152935869992e-05
397,9.456848056288436e-05,0.0,0.0,12309,
397,8.084368892014027e-05,0.0,0.0,12319,
397,8.207622886402532e-05,0.0,0.0,12329,
397,,,,12337,9.117159788729623e-05
398,8.803974196780473e-05,0.0,0.0,12339,
398,8.145884930854663e-05,0.0,0.0,12349,
398,8.639035513624549e-05,0.0,0.0,12359,
398,,,,12368,8.990529022412375e-05
399,8.680699102114886e-05,0.0,0.0,12369,
399,8.371124567929655e-05,0.0,0.0,12379,
399,7.750125951133668e-05,0.0,0.0,12389,
399,4.564986738841981e-05,0.0,0.0,12399,
399,,,,12399,8.749570406507701e-05
400,8.207297651097178e-05,0.0,0.0,12409,
400,8.233082189690322e-05,0.0,0.0,12419,
400,8.74332690727897e-05,0.0,0.0,12429,
400,,,,12430,8.8962544396054e-05
401,8.192542736651376e-05,0.0,0.0,12439,
401,8.032069308683276e-05,0.0,0.0,12449,
401,8.292077109217644e-05,0.0,0.0,12459,
401,,,,12461,8.970018825493753e-05
402,8.167632040567696e-05,0.0,0.0,12469,
402,8.998007251648232e-05,0.0,0.0,12479,
402,8.26263494673185e-05,0.0,0.0,12489,
402,,,,12492,8.851910388329998e-05
403,8.216030255425721e-05,0.0,0.0,12499,
403,7.896836177678779e-05,0.0,0.0,12509,
403,8.89679795363918e-05,0.0,0.0,12519,
403,,,,12523,8.790993160801008e-05
404,9.223917732015252e-05,0.0,0.0,12529,
404,7.861508493078873e-05,0.0,0.0,12539,
404,8.170923683792353e-05,0.0,0.0,12549,
404,,,,12554,9.405019955011085e-05
405,8.415099728154019e-05,0.0,0.0,12559,
405,8.16769024822861e-05,0.0,0.0,12569,
405,7.714085950283334e-05,0.0,0.0,12579,
405,,,,12585,8.543876901967451e-05
406,8.077160600805655e-05,0.0,0.0,12589,
406,9.284097905037925e-05,0.0,0.0,12599,
406,8.412170427618548e-05,0.0,0.0,12609,
406,,,,12616,8.696096483618021e-05
407,8.775258174864575e-05,0.0,0.0,12619,
407,7.876564632169902e-05,0.0,0.0,12629,
407,8.371031435672194e-05,0.0,0.0,12639,
407,,,,12647,8.545663149561733e-05
408,8.300218905787915e-05,0.0,0.0,12649,
408,7.736661791568622e-05,0.0,0.0,12659,
408,8.135693497024477e-05,0.0,0.0,12669,
408,,,,12678,9.301710088038817e-05
409,9.025718463817611e-05,0.0,0.0,12679,
409,8.421782695222646e-05,0.0,0.0,12689,
409,7.541905506514013e-05,0.0,0.0,12699,
409,4.5203309127828106e-05,0.0,0.0,12709,
409,,,,12709,8.673504635225981e-05
410,7.88374527473934e-05,0.0,0.0,12719,
410,7.96565946075134e-05,0.0,0.0,12729,
410,8.202790922950953e-05,0.0,0.0,12739,
410,,,,12740,8.485783473588526e-05
411,7.491088763345033e-05,0.0,0.0,12749,
411,7.76777378632687e-05,0.0,0.0,12759,
411,8.21160210762173e-05,0.0,0.0,12769,
411,,,,12771,8.471549517707899e-05
412,7.746682240394875e-05,0.0,0.0,12779,
412,8.40665161376819e-05,0.0,0.0,12789,
412,8.448465814581141e-05,0.0,0.0,12799,
412,,,,12802,8.473487105220556e-05
413,9.150824917014688e-05,0.0,0.0,12809,
413,7.611436012666672e-05,0.0,0.0,12819,
413,7.865249790484086e-05,0.0,0.0,12829,
413,,,,12833,8.984738815343007e-05
414,8.967774920165539e-05,0.0,0.0,12839,
414,8.150735084200278e-05,0.0,0.0,12849,
414,8.214466652134433e-05,0.0,0.0,12859,
414,,,,12864,8.609319047536701e-05
415,7.998519868124276e-05,0.0,0.0,12869,
415,7.50411709304899e-05,0.0,0.0,12879,
415,7.313963578781113e-05,0.0,0.0,12889,
415,,,,12895,8.285746298497543e-05
416,7.554636977147311e-05,0.0,0.0,12899,
416,8.97533682291396e-05,0.0,0.0,12909,
416,8.254075510194525e-05,0.0,0.0,12919,
416,,,,12926,8.252036786871031e-05
417,7.83840223448351e-05,0.0,0.0,12929,
417,7.345270569203421e-05,0.0,0.0,12939,
417,7.943710807012394e-05,0.0,0.0,12949,
417,,,,12957,9.322939877165481e-05
418,8.252977568190545e-05,0.0,0.0,12959,
418,7.794974953867495e-05,0.0,0.0,12969,
418,7.800019375281408e-05,0.0,0.0,12979,
418,,,,12988,9.46989021031186e-05
419,9.211542055709288e-05,0.0,0.0,12989,
419,8.410217560594901e-05,0.0,0.0,12999,
419,7.208884926512837e-05,0.0,0.0,13009,
419,4.40107069152873e-05,0.0,0.0,13019,
419,,,,13019,8.313022408401594e-05
420,7.594758062623441e-05,0.0,0.0,13029,
420,7.615960203111172e-05,0.0,0.0,13039,
420,7.94989537098445e-05,0.0,0.0,13049,
420,,,,13050,8.134423842420802e-05
421,7.202495908131823e-05,0.0,0.0,13059,
421,7.519678911194205e-05,0.0,0.0,13069,
421,7.753320096526295e-05,0.0,0.0,13079,
421,,,,13081,8.311818965012208e-05
422,7.828091474948451e-05,0.0,0.0,13089,
422,8.170989895006642e-05,0.0,0.0,13099,
422,7.691737846471369e-05,0.0,0.0,13109,
422,,,,13112,8.125954627757892e-05
423,7.824851491022855e-05,0.0,0.0,13119,
423,7.266469037858769e-05,0.0,0.0,13129,
423,7.496920443372801e-05,0.0,0.0,13139,
423,,,,13143,8.109970076475292e-05
424,8.355540921911597e-05,0.0,0.0,13149,
424,7.613799243699759e-05,0.0,0.0,13159,
424,8.517781679984182e-05,0.0,0.0,13169,
424,,,,13174,9.860237332759425e-05
425,0.00010554788605077192,0.0,0.0,13179,
425,7.74826476117596e-05,0.0,0.0,13189,
425,7.310341607080773e-05,0.0,0.0,13199,
425,,,,13205,9.187350224237889e-05
426,7.995157648110762e-05,0.0,0.0,13209,
426,9.295741620007902e-05,0.0,0.0,13219,
426,8.215364505304024e-05,0.0,0.0,13229,
426,,,,13236,8.361491927644238e-05
427,8.387350681005046e-05,0.0,0.0,13239,
427,7.365567580563948e-05,0.0,0.0,13249,
427,7.495882164221257e-05,0.0,0.0,13259,
427,,,,13267,8.263187191914767e-05
428,7.536321936640888e-05,0.0,0.0,13269,
428,7.063944212859496e-05,0.0,0.0,13279,
428,7.531840674346313e-05,0.0,0.0,13289,
428,,,,13298,7.948865095386282e-05
429,7.605282007716596e-05,0.0,0.0,13299,
429,7.438575994456187e-05,0.0,0.0,13309,
429,6.873636448290199e-05,0.0,0.0,13319,
429,4.2113861127290875e-05,0.0,0.0,13329,
429,,,,13329,7.983868272276595e-05
430,7.45804572943598e-05,0.0,0.0,13339,
430,7.397751323878765e-05,0.0,0.0,13349,
430,7.868789543863386e-05,0.0,0.0,13359,
430,,,,13360,7.971218292368576e-05
431,7.45874858694151e-05,0.0,0.0,13369,
431,7.384278433164582e-05,0.0,0.0,13379,
431,7.374522101599723e-05,0.0,0.0,13389,
431,,,,13391,8.068545866990462e-05
432,7.119706424418837e-05,0.0,0.0,13399,
432,7.850956899346784e-05,0.0,0.0,13409,
432,7.657114474568516e-05,0.0,0.0,13419,
432,,,,13422,7.948944403324276e-05
433,8.341643842868507e-05,0.0,0.0,13429,
433,7.107714918674901e-05,0.0,0.0,13439,
433,7.680306589463726e-05,0.0,0.0,13449,
433,,,,13453,8.230486855609342e-05
434,8.811824227450415e-05,0.0,0.0,13459,
434,7.99678236944601e-05,0.0,0.0,13469,
434,7.533743337262422e-05,0.0,0.0,13479,
434,,,,13484,8.181902376236394e-05
435,7.725864270469174e-05,0.0,0.0,13489,
435,7.08714869688265e-05,0.0,0.0,13499,
435,6.948742520762607e-05,0.0,0.0,13509,
435,,,,13515,7.745235052425414e-05
436,7.658746471861377e-05,0.0,0.0,13519,
436,8.308110409416258e-05,0.0,0.0,13529,
436,7.614069181727245e-05,0.0,0.0,13539,
436,,,,13546,8.045481808949262e-05
437,8.010544115677476e-05,0.0,0.0,13549,
437,7.205173460533842e-05,0.0,0.0,13559,
437,7.226623711176217e-05,0.0,0.0,13569,
437,,,,13577,7.737726264167577e-05
438,7.206703594420105e-05,0.0,0.0,13579,
438,6.646069959970191e-05,0.0,0.0,13589,
438,7.148001168388873e-05,0.0,0.0,13599,
438,,,,13608,7.832013943698257e-05
439,7.506828842451796e-05,0.0,0.0,13609,
439,7.593954796902835e-05,0.0,0.0,13619,
439,6.874234532006085e-05,0.0,0.0,13629,
439,4.132584581384435e-05,0.0,0.0,13639,
439,,,,13639,7.71003687987104e-05
440,7.771542732371017e-05,0.0,0.0,13649,
440,7.267540786415339e-05,0.0,0.0,13659,
440,7.697635737713426e-05,0.0,0.0,13669,
440,,,,13670,7.896917668404058e-05
441,7.956096669659019e-05,0.0,0.0,13679,
441,7.138838554965332e-05,0.0,0.0,13689,
441,7.365179772023112e-05,0.0,0.0,13699,
441,,,,13701,7.75753433117643e-05
442,6.874457176309079e-05,0.0,0.0,13709,
442,7.578246004413813e-05,0.0,0.0,13719,
442,7.146245479816571e-05,0.0,0.0,13729,
442,,,,13732,7.772176468279213e-05
443,7.436708983732387e-05,0.0,0.0,13739,
443,6.750135071342811e-05,0.0,0.0,13749,
443,6.930098606972024e-05,0.0,0.0,13759,
443,,,,13763,7.696103421039879e-05
444,7.812248077243567e-05,0.0,0.0,13769,
444,7.200748950708658e-05,0.0,0.0,13779,
444,7.188723247963935e-05,0.0,0.0,13789,
444,,,,13794,7.612851914018393e-05
445,8.066653390415013e-05,0.0,0.0,13799,
445,7.311896479222924e-05,0.0,0.0,13809,
445,6.757422670489177e-05,0.0,0.0,13819,
445,,,,13825,7.732257654424757e-05
446,7.180648390203714e-05,0.0,0.0,13829,
446,8.093328506220132e-05,0.0,0.0,13839,
446,7.459077460225672e-05,0.0,0.0,13849,
446,,,,13856,7.603667472722009e-05
447,8.122350845951587e-05,0.0,0.0,13859,
447,7.381412433460355e-05,0.0,0.0,13869,
447,6.919398583704606e-05,0.0,0.0,13879,
447,,,,13887,7.534844917245209e-05
448,7.183902198448777e-05,0.0,0.0,13889,
448,6.63340397295542e-05,0.0,0.0,13899,
448,6.93025576765649e-05,0.0,0.0,13909,
448,,,,13918,7.521986117353663e-05
449,7.190277392510325e-05,0.0,0.0,13919,
449,7.518438360420987e-05,0.0,0.0,13929,
449,6.638794729951769e-05,0.0,0.0,13939,
449,4.042930231662467e-05,0.0,0.0,13949,
449,,,,13949,7.899341289885342e-05
450,7.394416024908423e-05,0.0,0.0,13959,
450,7.206319423858076e-05,0.0,0.0,13969,
450,7.218599057523534e-05,0.0,0.0,13979,
450,,,,13980,7.573639595648274e-05
451,7.252248906297609e-05,0.0,0.0,13989,
451,7.112213643267751e-05,0.0,0.0,13999,
451,7.037610339466482e-05,0.0,0.0,14009,
451,,,,14011,7.372860272880644e-05
452,6.807254976592958e-05,0.0,0.0,14019,
452,7.419434405164793e-05,0.0,0.0,14029,
452,7.118144276319072e-05,0.0,0.0,14039,
452,,,,14042,7.471949356840923e-05
453,7.143038237700239e-05,0.0,0.0,14049,
453,6.601333006983623e-05,0.0,0.0,14059,
453,6.723830301780254e-05,0.0,0.0,14069,
453,,,,14073,7.339471630984917e-05
454,7.506857218686491e-05,0.0,0.0,14079,
454,6.795433728257194e-05,0.0,0.0,14089,
454,6.902106542838737e-05,0.0,0.0,14099,
454,,,,14104,7.268602348631248e-05
455,6.876030965941027e-05,0.0,0.0,14109,
455,6.567269883817062e-05,0.0,0.0,14119,
455,6.636659236392006e-05,0.0,0.0,14129,
455,,,,14135,7.717568223597482e-05
456,7.33958586351946e-05,0.0,0.0,14139,
456,8.250101382145658e-05,0.0,0.0,14149,
456,7.203181303339079e-05,0.0,0.0,14159,
456,,,,14166,8.198090654332191e-05
457,0.00011012375034624711,0.0,0.0,14169,
457,6.603168731089681e-05,0.0,0.0,14179,
457,7.084243407007307e-05,0.0,0.0,14189,
457,,,,14197,7.280824502231553e-05
458,6.731053144903854e-05,0.0,0.0,14199,
458,6.23823725618422e-05,0.0,0.0,14209,
458,6.702417886117473e-05,0.0,0.0,14219,
458,,,,14228,7.266549800988287e-05
459,6.902645691297948e-05,0.0,0.0,14229,
459,7.019928307272494e-05,0.0,0.0,14239,
459,6.376499368343502e-05,0.0,0.0,14249,
459,3.8124664570204914e-05,0.0,0.0,14259,
459,,,,14259,7.418174936901778e-05
460,6.95574126439169e-05,0.0,0.0,14269,
460,6.717788346577436e-05,0.0,0.0,14279,
460,6.862801092211157e-05,0.0,0.0,14289,
460,,,,14290,7.193370402092114e-05
461,6.475247937487438e-05,0.0,0.0,14299,
461,6.646242400165647e-05,0.0,0.0,14309,
461,6.747493898728862e-05,0.0,0.0,14319,
461,,,,14321,7.218459359137341e-05
462,6.451658555306494e-05,0.0,0.0,14329,
462,7.079620263539255e-05,0.0,0.0,14339,
462,7.449754775734618e-05,0.0,0.0,14349,
462,,,,14352,7.161102985264733e-05
463,6.940303865121678e-05,0.0,0.0,14359,
463,6.44315077806823e-05,0.0,0.0,14369,
463,6.600382039323449e-05,0.0,0.0,14379,
463,,,,14383,8.109386544674635e-05
464,7.328359788516536e-05,0.0,0.0,14389,
464,6.980971375014633e-05,0.0,0.0,14399,
464,6.784497236367315e-05,0.0,0.0,14409,
464,,,,14414,7.161972462199628e-05
465,6.831617065472528e-05,0.0,0.0,14419,
465,6.306610885076225e-05,0.0,0.0,14429,
465,6.336903607007116e-05,0.0,0.0,14439,
465,,,,14445,7.100607763277367e-05
466,6.589735858142376e-05,0.0,0.0,14449,
466,7.472837751265615e-05,0.0,0.0,14459,
466,6.836318061687052e-05,0.0,0.0,14469,
466,,,,14476,7.107838609954342e-05
467,6.599094194825739e-05,0.0,0.0,14479,
467,6.766149454051629e-05,0.0,0.0,14489,
467,6.594582373509184e-05,0.0,0.0,14499,
467,,,,14507,7.070787250995636e-05
468,6.920555460965261e-05,0.0,0.0,14509,
468,6.567552918568254e-05,0.0,0.0,14519,
468,6.912407843628898e-05,0.0,0.0,14529,
468,,,,14538,7.47885278542526e-05
469,7.103272946551442e-05,0.0,0.0,14539,
469,6.505418423330411e-05,0.0,0.0,14549,
469,6.169643165776506e-05,0.0,0.0,14559,
469,3.746066431631334e-05,0.0,0.0,14569,
469,,,,14569,7.250168710015714e-05
470,6.740862590959296e-05,0.0,0.0,14579,
470,6.62233360344544e-05,0.0,0.0,14589,
470,6.653778837062418e-05,0.0,0.0,14599,
470,,,,14600,7.114486652426422e-05
471,6.380664126481861e-05,0.0,0.0,14609,
471,6.614257290493697e-05,0.0,0.0,14619,
471,6.57462005619891e-05,0.0,0.0,14629,
471,,,,14631,7.072065636748448e-05
472,6.66456762701273e-05,0.0,0.0,14639,
472,6.851364742033184e-05,0.0,0.0,14649,
472,6.680804654024541e-05,0.0,0.0,14659,
472,,,,14662,6.923999899299815e-05
473,6.594981095986441e-05,0.0,0.0,14669,
473,6.364947330439463e-05,0.0,0.0,14679,
473,6.413841038011014e-05,0.0,0.0,14689,
473,,,,14693,7.56473746150732e-05
474,6.817955727456138e-05,0.0,0.0,14699,
474,6.321175169432536e-05,0.0,0.0,14709,
474,6.708349974360317e-05,0.0,0.0,14719,
474,,,,14724,6.937005673535168e-05
475,7.130832091206685e-05,0.0,0.0,14729,
475,6.623366061830893e-05,0.0,0.0,14739,
475,6.330458563752472e-05,0.0,0.0,14749,
475,,,,14755,6.834734813310206e-05
476,6.411525828298181e-05,0.0,0.0,14759,
476,7.461880886694416e-05,0.0,0.0,14769,
476,6.702493556076661e-05,0.0,0.0,14779,
476,,,,14786,6.897140701767057e-05
477,6.291967292781919e-05,0.0,0.0,14789,
477,6.26811888650991e-05,0.0,0.0,14799,
477,6.487932114396244e-05,0.0,0.0,14809,
477,,,,14817,7.013638241915032e-05
478,6.676475459244102e-05,0.0,0.0,14819,
478,6.278703222051263e-05,0.0,0.0,14829,
478,6.289856537478045e-05,0.0,0.0,14839,
478,,,,14848,8.396900375373662e-05
479,8.049565803958103e-05,0.0,0.0,14849,
479,7.627135346410796e-05,0.0,0.0,14859,
479,6.015406324877404e-05,0.0,0.0,14869,
479,3.712188117788173e-05,0.0,0.0,14879,
479,,,,14879,7.000842742854729e-05
480,6.742819823557511e-05,0.0,0.0,14889,
480,6.298514199443161e-05,0.0,0.0,14899,
480,6.679588841507211e-05,0.0,0.0,14909,
480,,,,14910,6.880790897412226e-05
481,6.367905007209629e-05,0.0,0.0,14919,
481,6.351414049277082e-05,0.0,0.0,14929,
481,6.43434323137626e-05,0.0,0.0,14939,
481,,,,14941,7.194811769295484e-05
482,6.126745574874803e-05,0.0,0.0,14949,
482,6.685353582724929e-05,0.0,0.0,14959,
482,6.281227979343385e-05,0.0,0.0,14969,
482,,,,14972,6.774345820304006e-05
483,6.535411375807598e-05,0.0,0.0,14979,
483,5.970308120595291e-05,0.0,0.0,14989,
483,6.496118294307962e-05,0.0,0.0,14999,
483,,,,15003,6.7379922256805e-05
484,6.610536365769804e-05,0.0,0.0,15009,
484,6.106382352299988e-05,0.0,0.0,15019,
484,6.63356768200174e-05,0.0,0.0,15029,
484,,,,15034,6.797968671889976e-05
485,6.709994340781122e-05,0.0,0.0,15039,
485,6.071673851693049e-05,0.0,0.0,15049,
485,6.357106758514419e-05,0.0,0.0,15059,
485,,,,15065,6.737800867995247e-05
486,6.875856342958286e-05,0.0,0.0,15069,
486,7.218978862510994e-05,0.0,0.0,15079,
486,6.707753345835954e-05,0.0,0.0,15089,
486,,,,15096,7.554012699984014e-05
487,7.887145329732448e-05,0.0,0.0,15099,
487,6.160297198221087e-05,0.0,0.0,15109,
487,6.304811540758237e-05,0.0,0.0,15119,
487,,,,15127,6.697139906464145e-05
488,6.353109347401187e-05,0.0,0.0,15129,
488,5.870497625437565e-05,0.0,0.0,15139,
488,6.135721923783422e-05,0.0,0.0,15149,
488,,,,15158,6.700710946461186e-05
489,6.339943502098322e-05,0.0,0.0,15159,
489,6.438946002162993e-05,0.0,0.0,15169,
489,5.790435170638375e-05,0.0,0.0,15179,
489,3.796975943259895e-05,0.0,0.0,15189,
489,,,,15189,6.895112892379984e-05
490,6.763382407370955e-05,0.0,0.0,15199,
490,6.484213372459635e-05,0.0,0.0,15209,
490,6.460566510213539e-05,0.0,0.0,15219,
490,,,,15220,6.761508848285303e-05
491,5.8615307352738455e-05,0.0,0.0,15229,
491,6.038021820131689e-05,0.0,0.0,15239,
491,6.254250911297277e-05,0.0,0.0,15249,
491,,,,15251,6.711682362947613e-05
492,5.978463013889268e-05,0.0,0.0,15259,
492,6.425925676012412e-05,0.0,0.0,15269,
492,6.35964679531753e-05,0.0,0.0,15279,
492,,,,15282,6.62884849589318e-05
493,6.620602653129026e-05,0.0,0.0,15289,
493,5.730926932301372e-05,0.0,0.0,15299,
493,6.034731268300675e-05,0.0,0.0,15309,
493,,,,15313,6.772325286874548e-05
494,6.852488149888813e-05,0.0,0.0,15319,
494,6.235575710888952e-05,0.0,0.0,15329,
494,6.27005792921409e-05,0.0,0.0,15339,
494,,,,15344,6.618166662519798e-05
495,6.143958307802677e-05,0.0,0.0,15349,
495,5.839181540068239e-05,0.0,0.0,15359,
495,5.753619552706368e-05,0.0,0.0,15369,
495,,,,15375,6.695846241200343e-05
496,6.801652489230037e-05,0.0,0.0,15379,
496,7.049250416457653e-05,0.0,0.0,15389,
496,6.735261558787897e-05,0.0,0.0,15399,
496,,,,15406,6.519888120237738e-05
497,6.177715840749443e-05,0.0,0.0,15409,
497,5.732510544476099e-05,0.0,0.0,15419,
497,6.083747575758025e-05,0.0,0.0,15429,
497,,,,15437,6.794770888518542e-05
498,6.749010208295658e-05,0.0,0.0,15439,
498,5.899734242120758e-05,0.0,0.0,15449,
498,6.287112046265975e-05,0.0,0.0,15459,
498,,,,15468,6.804914301028475e-05
499,6.397689139703289e-05,0.0,0.0,15469,
499,6.201115320436656e-05,0.0,0.0,15479,
499,5.664959462592378e-05,0.0,0.0,15489,
499,3.415348692215048e-05,0.0,0.0,15499,
499,,,,15499,6.703502003801987e-05
500,6.627459515584633e-05,0.0,0.0,15509,
500,6.007657430018298e-05,0.0,0.0,15519,
500,6.122869672253728e-05,0.0,0.0,15529,
500,,,,15530,6.427059997804463e-05
501,5.889619933441281e-05,0.0,0.0,15539,
501,5.880901153432205e-05,0.0,0.0,15549,
501,6.100294922362082e-05,0.0,0.0,15559,
501,,,,15561,6.399188714567572e-05
502,5.782891093986109e-05,0.0,0.0,15569,
502,6.267094431677833e-05,0.0,0.0,15579,
502,6.130414840299636e-05,0.0,0.0,15589,
502,,,,15592,6.391364149749279e-05
503,6.18205958744511e-05,0.0,0.0,15599,
503,5.5630658607697114e-05,0.0,0.0,15609,
503,6.0262729675741866e-05,0.0,0.0,15619,
503,,,,15623,6.441012374125421e-05
504,7.11570173734799e-05,0.0,0.0,15629,
504,5.8194353186991066e-05,0.0,0.0,15639,
504,6.234602187760174e-05,0.0,0.0,15649,
504,,,,15654,6.947332440176979e-05
505,7.385189383057877e-05,0.0,0.0,15659,
505,5.6943237723317e-05,0.0,0.0,15669,
505,5.686226359102875e-05,0.0,0.0,15679,
505,,,,15685,6.740172830177471e-05
506,6.836209649918601e-05,0.0,0.0,15689,
506,7.318585267057642e-05,0.0,0.0,15699,
506,6.293050682870671e-05,0.0,0.0,15709,
506,,,,15716,6.593645957764238e-05
507,6.183052755659446e-05,0.0,0.0,15719,
507,5.785054963780567e-05,0.0,0.0,15729,
507,5.8594443544279784e-05,0.0,0.0,15739,
507,,,,15747,6.371216295519844e-05
508,6.045689951861277e-05,0.0,0.0,15749,
508,5.5234759201994166e-05,0.0,0.0,15759,
508,5.789496572106145e-05,0.0,0.0,15769,
508,,,,15778,6.307265721261501e-05
509,5.9254893130855635e-05,0.0,0.0,15779,
509,5.8217559853801504e-05,0.0,0.0,15789,
509,5.48394164070487e-05,0.0,0.0,15799,
509,3.47964305547066e-05,0.0,0.0,15809,
509,,,,15809,6.476705311797559e-05
510,6.648313137702644e-05,0.0,0.0,15819,
510,5.893968045711517e-05,0.0,0.0,15829,
510,6.176697206683457e-05,0.0,0.0,15839,
510,,,,15840,6.28203124506399e-05
511,5.994578532408923e-05,0.0,0.0,15849,
511,6.047559145372361e-05,0.0,0.0,15859,
511,6.0813134041382e-05,0.0,0.0,15869,
511,,,,15871,6.463859608629718e-05
512,5.656627763528377e-05,0.0,0.0,15879,
512,6.163968646433204e-05,0.0,0.0,15889,
512,5.7653440308058634e-05,0.0,0.0,15899,
512,,,,15902,6.257172208279371e-05
513,5.930608313065022e-05,0.0,0.0,15909,
513,5.417142892838456e-05,0.0,0.0,15919,
513,5.855456765857525e-05,0.0,0.0,15929,
513,,,,15933,6.22675142949447e-05
514,7.16267604730092e-05,0.0,0.0,15939,
514,5.847796273883432e-05,0.0,0.0,15949,
514,6.0514335928019136e-05,0.0,0.0,15959,
514,,,,15964,6.726347055519e-05
515,5.8537287259241566e-05,0.0,0.0,15969,
515,5.7572244259063154e-05,0.0,0.0,15979,
515,5.46441187907476e-05,0.0,0.0,15989,
515,,,,15995,6.222909723874182e-05
516,6.14249802310951e-05,0.0,0.0,15999,
516,6.491981912404299e-05,0.0,0.0,16009,
516,6.007540650898591e-05,0.0,0.0,16019,
516,,,,16026,6.202698568813503e-05
517,6.114885036367923e-05,0.0,0.0,16029,
517,5.627478094538674e-05,0.0,0.0,16039,
517,6.041519736754708e-05,0.0,0.0,16049,
517,,,,16057,6.205546378623694e-05
518,6.110267713665962e-05,0.0,0.0,16059,
518,5.307685205480084e-05,0.0,0.0,16069,
518,5.828714347444475e-05,0.0,0.0,16079,
518,,,,16088,6.224446406122297e-05
519,5.839858567924239e-05,0.0,0.0,16089,
519,5.682579649146646e-05,0.0,0.0,16099,
519,5.36990373802837e-05,0.0,0.0,16109,
519,3.617522452259436e-05,0.0,0.0,16119,
519,,,,16119,6.55191033729352e-05
520,5.922700802329928e-05,0.0,0.0,16129,
520,5.739420521422289e-05,0.0,0.0,16139,
520,6.015616236254573e-05,0.0,0.0,16149,
520,,,,16150,7.497541082557291e-05
521,6.646657129749656e-05,0.0,0.0,16159,
521,5.96136596868746e-05,0.0,0.0,16169,
521,5.812966628582217e-05,0.0,0.0,16179,
521,,,,16181,6.112596020102501e-05
522,5.471166514325887e-05,0.0,0.0,16189,
522,5.9640933613991365e-05,0.0,0.0,16199,
522,5.84456320211757e-05,0.0,0.0,16209,
522,,,,16212,6.0832229792140424e-05
523,6.0447939176810905e-05,0.0,0.0,16219,
523,5.387794954003766e-05,0.0,0.0,16229,
523,5.552611764869653e-05,0.0,0.0,16239,
523,,,,16243,6.090831084293313e-05
524,5.9748112107627094e-05,0.0,0.0,16249,
524,5.48812749912031e-05,0.0,0.0,16259,
524,5.864823469892144e-05,0.0,0.0,16269,
524,,,,16274,6.018766725901514e-05
525,5.741996574215591e-05,0.0,0.0,16279,
525,5.405022602644749e-05,0.0,0.0,16289,
525,5.594807953457348e-05,0.0,0.0,16299,
525,,,,16305,6.303787813521922e-05
526,6.3736668380443e-05,0.0,0.0,16309,
526,6.845301686553285e-05,0.0,0.0,16319,
526,5.851451351190917e-05,0.0,0.0,16329,
526,,,,16336,6.228576967259869e-05
527,5.493742719409056e-05,0.0,0.0,16339,
527,5.588034764514305e-05,0.0,0.0,16349,
527,5.629969746223651e-05,0.0,0.0,16359,
527,,,,16367,6.084027700126171e-05
528,6.334072531899437e-05,0.0,0.0,16369,
528,5.3178991947788745e-05,0.0,0.0,16379,
528,5.5563697969773784e-05,0.0,0.0,16389,
528,,,,16398,6.203942029969767e-05
529,5.808555943076499e-05,0.0,0.0,16399,
529,5.556748146773316e-05,0.0,0.0,16409,
529,5.1841892855009064e-05,0.0,0.0,16419,
529,3.3645923394942656e-05,0.0,0.0,16429,
529,,,,16429,6.237107299966738e-05
530,6.135489093139768e-05,0.0,0.0,16439,
530,5.757038888987154e-05,0.0,0.0,16449,
530,5.8485315094003454e-05,0.0,0.0,16459,
530,,,,16460,5.9946502005914226e-05
531,5.803037129226141e-05,0.0,0.0,16469,
531,5.596640767180361e-05,0.0,0.0,16479,
531,5.744882219005376e-05,0.0,0.0,16489,
531,,,,16491,6.559455505339429e-05
532,5.416068233898841e-05,0.0,0.0,16499,
532,5.8547819207888097e-05,0.0,0.0,16509,
532,5.495927689480595e-05,0.0,0.0,16519,
532,,,,16522,6.017785199219361e-05
533,5.652744948747568e-05,0.0,0.0,16529,
533,5.2811254136031494e-05,0.0,0.0,16539,
533,5.425097333500162e-05,0.0,0.0,16549,
533,,,,16553,6.067015783628449e-05
534,5.9957597841275856e-05,0.0,0.0,16559,
534,5.6639761169208214e-05,0.0,0.0,16569,
534,5.743677320424467e-05,0.0,0.0,16579,
534,,,,16584,5.9530153521336615e-05
535,5.473387136589736e-05,0.0,0.0,16589,
535,5.21163601661101e-05,0.0,0.0,16599,
535,5.196527490625158e-05,0.0,0.0,16609,
535,,,,16615,5.949930346105248e-05
536,6.037954517523758e-05,0.0,0.0,16619,
536,6.2269922636915e-05,0.0,0.0,16629,
536,5.909490573685616e-05,0.0,0.0,16639,
536,,,,16646,7.412613922497258e-05
537,5.78850886086002e-05,0.0,0.0,16649,
537,5.355836037779227e-05,0.0,0.0,16659,
537,5.759158739238046e-05,0.0,0.0,16669,
537,,,,16677,7.57665911805816e-05
538,8.884716226020828e-05,0.0,0.0,16679,
538,6.409697380149737e-05,0.0,0.0,16689,
538,6.0201087762834504e-05,0.0,0.0,16699,
538,,,,16708,6.801631388952956e-05
539,6.377711542882025e-05,0.0,0.0,16709,
539,5.881573088117875e-05,0.0,0.0,16719,
539,5.220056482357904e-05,0.0,0.0,16729,
539,3.055909837712534e-05,0.0,0.0,16739,
539,,,,16739,6.002166628604755e-05
540,5.54286343685817e-05,0.0,0.0,16749,
540,5.385541953728534e-05,0.0,0.0,16759,
540,5.5179734772536904e-05,0.0,0.0,16769,
540,,,,16770,5.865541606908664e-05
541,5.198304643272422e-05,0.0,0.0,16779,
541,5.319516276358627e-05,0.0,0.0,16789,
541,5.591337685473263e-05,0.0,0.0,16799,
541,,,,16801,5.8639161579776555e-05
542,5.2959734603064135e-05,0.0,0.0,16809,
542,5.64451765967533e-05,0.0,0.0,16819,
542,5.607604907709174e-05,0.0,0.0,16829,
542,,,,16832,6.325549475150183e-05
543,6.367026799125597e-05,0.0,0.0,16839,
543,5.245202191872522e-05,0.0,0.0,16849,
543,5.2040908485651016e-05,0.0,0.0,16859,
543,,,,16863,6.06171197432559e-05
544,5.773374505224638e-05,0.0,0.0,16869,
544,5.2638992201536894e-05,0.0,0.0,16879,
544,5.685183350578882e-05,0.0,0.0,16889,
544,,,,16894,6.0479564126580954e-05
545,5.536884054890834e-05,0.0,0.0,16899,
545,5.323933874024078e-05,0.0,0.0,16909,
545,5.241479448159225e-05,0.0,0.0,16919,
545,,,,16925,5.795814286102541e-05
546,5.5070053349481896e-05,0.0,0.0,16929,
546,6.181683420436457e-05,0.0,0.0,16939,
546,5.7879376981873065e-05,0.0,0.0,16949,
546,,,,16956,5.778825288871303e-05
547,5.780364153906703e-05,0.0,0.0,16959,
547,5.571617293753661e-05,0.0,0.0,16969,
547,5.511864947038703e-05,0.0,0.0,16979,
547,,,,16987,6.112033588578925e-05
548,5.8472203818382695e-05,0.0,0.0,16989,
548,5.052809865446761e-05,0.0,0.0,16999,
548,5.5578369938302785e-05,0.0,0.0,17009,
548,,,,17018,5.80400628678035e-05
549,5.39180837222375e-05,0.0,0.0,17019,
549,5.4286028898786753e-05,0.0,0.0,17029,
549,4.967295171809383e-05,0.0,0.0,17039,
549,3.0592702387366444e-05,0.0,0.0,17049,
549,,,,17049,5.8069839724339545e-05
550,5.656098437611945e-05,0.0,0.0,17059,
550,5.377698835218325e-05,0.0,0.0,17069,
550,5.5298442021012306e-05,0.0,0.0,17079,
550,,,,17080,5.8970552345272154e-05
551,6.314324855338782e-05,0.0,0.0,17089,
551,5.673289342666976e-05,0.0,0.0,17099,
551,5.486037116497755e-05,0.0,0.0,17109,
551,,,,17111,6.0020633100066334e-05
552,5.2259365475038067e-05,0.0,0.0,17119,
552,5.6539400247856975e-05,0.0,0.0,17129,
552,5.2436571422731504e-05,0.0,0.0,17139,
552,,,,17142,5.7821634982246906e-05
553,5.423971015261486e-05,0.0,0.0,17149,
553,4.949218055116944e-05,0.0,0.0,17159,
553,5.090723425382748e-05,0.0,0.0,17169,
553,,,,17173,5.6939548812806606e-05
554,5.793015952804126e-05,0.0,0.0,17179,
554,5.334039815352298e-05,0.0,0.0,17189,
554,5.4584255849476904e-05,0.0,0.0,17199,
554,,,,17204,5.690951002179645e-05
555,5.924030119786039e-05,0.0,0.0,17209,
555,5.043591954745352e-05,0.0,0.0,17219,
555,4.9845803005155176e-05,0.0,0.0,17229,
555,,,,17235,5.8685818657977507e-05
556,6.013035817886703e-05,0.0,0.0,17239,
556,5.94850534980651e-05,0.0,0.0,17249,
556,5.582896847045049e-05,0.0,0.0,17259,
556,,,,17266,5.791364674223587e-05
557,5.114587111165747e-05,0.0,0.0,17269,
557,4.992859612684697e-05,0.0,0.0,17279,
557,5.532304567168467e-05,0.0,0.0,17289,
557,,,,17297,5.851922105648555e-05
558,5.426797360996716e-05,0.0,0.0,17299,
558,4.851767880609259e-05,0.0,0.0,17309,
558,5.201881504035555e-05,0.0,0.0,17319,
558,,,,17328,5.695128129445948e-05
559,5.299848271533847e-05,0.0,0.0,17329,
559,5.428383519756608e-05,0.0,0.0,17339,
559,5.036078437115066e-05,0.0,0.0,17349,
559,3.028911305591464e-05,0.0,0.0,17359,
559,,,,17359,5.787887130281888e-05
560,5.5759061069693416e-05,0.0,0.0,17369,
560,5.3033400035928935e-05,0.0,0.0,17379,
560,5.496645826497115e-05,0.0,0.0,17389,
560,,,,17390,5.6797398428898305e-05
561,5.4003197874408215e-05,0.0,0.0,17399,
561,5.3660263802157715e-05,0.0,0.0,17409,
561,5.4065803851699457e-05,0.0,0.0,17419,
561,,,,17421,5.648839214700274e-05
562,4.985236228094436e-05,0.0,0.0,17429,
562,5.4386913689086214e-05,0.0,0.0,17439,
562,6.144630606286228e-05,0.0,0.0,17449,
562,,,,17452,5.994724779156968e-05
563,6.552092236233875e-05,0.0,0.0,17459,
563,5.526152017409913e-05,0.0,0.0,17469,
563,5.084062649984844e-05,0.0,0.0,17479,
563,,,,17483,6.813998334109783e-05
564,6.989402027102187e-05,0.0,0.0,17489,
564,5.164586036698893e-05,0.0,0.0,17499,
564,5.6468346883775666e-05,0.0,0.0,17509,
564,,,,17514,6.281906098593026e-05
565,5.608934225165285e-05,0.0,0.0,17519,
565,5.099190093460493e-05,0.0,0.0,17529,
565,5.0168848247267306e-05,0.0,0.0,17539,
565,,,,17545,5.622839307761751e-05
566,5.113613588036969e-05,0.0,0.0,17549,
566,5.682906339643523e-05,0.0,0.0,17559,
566,5.363153468351811e-05,0.0,0.0,17569,
566,,,,17576,5.653244807035662e-05
567,5.969364428892732e-05,0.0,0.0,17579,
567,4.851322955801152e-05,0.0,0.0,17589,
567,5.14249004481826e-05,0.0,0.0,17599,
567,,,,17607,5.660181705025025e-05
568,5.2518615120789036e-05,0.0,0.0,17609,
568,4.622398773790337e-05,0.0,0.0,17619,
568,5.117193722981028e-05,0.0,0.0,17629,
568,,,,17638,5.651393439620733e-05
569,5.2571416745195165e-05,0.0,0.0,17639,
569,5.2780469559365883e-05,0.0,0.0,17649,
569,4.774365879711695e-05,0.0,0.0,17659,
569,2.9003847885178402e-05,0.0,0.0,17669,
569,,,,17669,5.6146418501157314e-05
570,5.389728175941855e-05,0.0,0.0,17679,
570,5.10484169353731e-05,0.0,0.0,17689,
570,5.207043432164937e-05,0.0,0.0,17699,
570,,,,17700,5.644850170938298e-05
571,5.2726642024936154e-05,0.0,0.0,17709,
571,5.311576387612149e-05,0.0,0.0,17719,
571,5.429508746601641e-05,0.0,0.0,17729,
571,,,,17731,5.7106833992293105e-05
572,5.632987085846253e-05,0.0,0.0,17739,
572,5.423772381618619e-05,0.0,0.0,17749,
572,5.214642806095071e-05,0.0,0.0,17759,
572,,,,17762,5.6451935961376876e-05
573,5.153898382559419e-05,0.0,0.0,17769,
573,4.709974746219814e-05,0.0,0.0,17779,
573,4.9344955186825246e-05,0.0,0.0,17789,
573,,,,17793,5.6112181482603773e-05
574,5.230228998698294e-05,0.0,0.0,17799,
574,5.0085553084500134e-05,0.0,0.0,17809,
574,5.242258703219704e-05,0.0,0.0,17819,
574,,,,17824,5.6940312788356096e-05
575,5.8398851251695305e-05,0.0,0.0,17829,
575,5.485752990352921e-05,0.0,0.0,17839,
575,4.940013968735002e-05,0.0,0.0,17849,
575,,,,17855,5.682039773091674e-05
576,5.0191967602586374e-05,0.0,0.0,17859,
576,5.649448939948343e-05,0.0,0.0,17869,
576,5.3518047934630886e-05,0.0,0.0,17879,
576,,,,17886,5.561239231610671e-05
577,4.955166150466539e-05,0.0,0.0,17889,
577,4.9205591494683176e-05,0.0,0.0,17899,
577,5.1347698899917305e-05,0.0,0.0,17909,
577,,,,17917,5.4427029681392014e-05
578,5.301064084051177e-05,0.0,0.0,17919,
578,5.153466190677136e-05,0.0,0.0,17929,
578,5.020928438170813e-05,0.0,0.0,17939,
578,,,,17948,5.421539754024707e-05
579,5.013749614590779e-05,0.0,0.0,17949,
579,5.332955697667785e-05,0.0,0.0,17959,
579,4.7307174099842086e-05,0.0,0.0,17969,
579,2.803655843308661e-05,0.0,0.0,17979,
579,,,,17979,5.489917384693399e-05
580,5.491740375873633e-05,0.0,0.0,17989,
580,5.1251630793558434e-05,0.0,0.0,17999,
580,5.12824444740545e-05,0.0,0.0,18009,
580,,,,18010,5.832156602991745e-05
581,4.8361136578023434e-05,0.0,0.0,18019,
581,5.124156450619921e-05,0.0,0.0,18029,
581,5.104841329739429e-05,0.0,0.0,18039,
581,,,,18041,6.187529652379453e-05
582,5.145704562892206e-05,0.0,0.0,18049,
582,5.438465814222582e-05,0.0,0.0,18059,
582,5.033903653384186e-05,0.0,0.0,18069,
582,,,,18072,5.6260210840264335e-05
583,4.981289748684503e-05,0.0,0.0,18079,
583,4.736722621601075e-05,0.0,0.0,18089,
583,4.91275277454406e-05,0.0,0.0,18099,
583,,,,18103,5.587682608165778e-05
584,5.2670802688226104e-05,0.0,0.0,18109,
584,4.767872815136798e-05,0.0,0.0,18119,
584,5.101142596686259e-05,0.0,0.0,18129,
584,,,,18134,5.3500622016144916e-05
585,4.923113010590896e-05,0.0,0.0,18139,
585,4.7131874453043565e-05,0.0,0.0,18149,
585,4.759756848216057e-05,0.0,0.0,18159,
585,,,,18165,5.320191121427342e-05
586,5.2698283980134875e-05,0.0,0.0,18169,
586,5.737647370551713e-05,0.0,0.0,18179,
586,5.316103488439694e-05,0.0,0.0,18189,
586,,,,18196,5.6551547459093854e-05
587,4.955938857165165e-05,0.0,0.0,18199,
587,4.7881465434329584e-05,0.0,0.0,18209,
587,5.274469731375575e-05,0.0,0.0,18219,
587,,,,18227,6.17221012362279e-05
588,6.868859054520726e-05,0.0,0.0,18229,
588,5.942476855125278e-05,0.0,0.0,18239,
588,4.968158827978186e-05,0.0,0.0,18249,
588,,,,18258,5.688463352271356e-05
589,5.2872608648613095e-05,0.0,0.0,18259,
589,4.8951958888210356e-05,0.0,0.0,18269,
589,4.5842269173590466e-05,0.0,0.0,18279,
589,2.764263808785472e-05,0.0,0.0,18289,
589,,,,18289,5.352052176021971e-05
590,5.0385191570967436e-05,0.0,0.0,18299,
590,5.0062924856320024e-05,0.0,0.0,18309,
590,4.953718962497078e-05,0.0,0.0,18319,
590,,,,18320,5.515785233001225e-05
591,4.917979094898328e-05,0.0,0.0,18329,
591,4.8626701754983515e-05,0.0,0.0,18339,
591,4.905054811388254e-05,0.0,0.0,18349,
591,,,,18351,5.370511280489154e-05
592,4.829013778362423e-05,0.0,0.0,18359,
592,5.1096543757012114e-05,0.0,0.0,18369,
592,4.913646262139082e-05,0.0,0.0,18379,
592,,,,18382,5.285832958179526e-05
593,5.320466516423039e-05,0.0,0.0,18389,
593,4.900036219623871e-05,0.0,0.0,18399,
593,4.7317982534877956e-05,0.0,0.0,18409,
593,,,,18413,5.3105690312804654e-05
594,5.321012940839864e-05,0.0,0.0,18419,
594,4.877582978224382e-05,0.0,0.0,18429,
594,5.0006106903310865e-05,0.0,0.0,18439,
594,,,,18444,5.316045644576661e-05
595,5.166609480511397e-05,0.0,0.0,18449,
595,4.6690605813637376e-05,0.0,0.0,18459,
595,4.586778595694341e-05,0.0,0.0,18469,
595,,,,18475,5.4223357437876984e-05
596,5.331124702934176e-05,0.0,0.0,18479,
596,5.427005817182362e-05,0.0,0.0,18489,
596,5.0302896852372214e-05,0.0,0.0,18499,
596,,,,18506,5.4688905947841704e-05
597,5.3815900173503906e-05,0.0,0.0,18509,
597,5.6773755204631016e-05,0.0,0.0,18519,
597,4.991397145204246e-05,0.0,0.0,18529,
597,,,,18537,5.329806299414486e-05
598,5.3036841563880444e-05,0.0,0.0,18539,
598,4.410741530591622e-05,0.0,0.0,18549,
598,4.8366775445174426e-05,0.0,0.0,18559,
598,,,,18568,5.587971463683061e-05
599,5.165328911971301e-05,0.0,0.0,18569,
599,4.766879283124581e-05,0.0,0.0,18579,
599,4.463304139790125e-05,0.0,0.0,18589,
599,2.7058642444899306e-05,0.0,0.0,18599,
599,,,,18599,5.2364241128088906e-05
600,4.841395275434479e-05,0.0,0.0,18609,
600,4.75344349979423e-05,0.0,0.0,18619,
600,4.815834108740091e-05,0.0,0.0,18629,
600,,,,18630,5.2484141633613035e-05
601,4.718874333775602e-05,0.0,0.0,18639,
601,4.736187474918552e-05,0.0,0.0,18649,
601,4.756861744681373e-05,0.0,0.0,18659,
601,,,,18661,5.194351979298517e-05
602,4.599135718308389e-05,0.0,0.0,18669,
602,4.90583770442754e-05,0.0,0.0,18679,
602,5.07731492689345e-05,0.0,0.0,18689,
602,,,,18692,5.2528772357618436e-05
603,5.37693194928579e-05,0.0,0.0,18699,
603,4.543151590041816e-05,0.0,0.0,18709,
603,4.630982948583551e-05,0.0,0.0,18719,
603,,,,18723,5.468986273626797e-05
604,4.9814570957096294e-05,0.0,0.0,18729,
604,4.573461410473101e-05,0.0,0.0,18739,
604,5.14361345267389e-05,0.0,0.0,18749,
604,,,,18754,5.721228808397427e-05
605,4.993641414330341e-05,0.0,0.0,18759,
605,4.7576719225617126e-05,0.0,0.0,18769,
605,4.5902103011030704e-05,0.0,0.0,18779,
605,,,,18785,5.497816528077237e-05
606,5.3205112635623664e-05,0.0,0.0,18789,
606,5.461100226966664e-05,0.0,0.0,18799,
606,5.0316106353420764e-05,0.0,0.0,18809,
606,,,,18816,5.3645504522137344e-05
607,4.9776543164625764e-05,0.0,0.0,18819,
607,5.328941188054159e-05,0.0,0.0,18829,
607,4.924536551698111e-05,0.0,0.0,18839,
607,,,,18847,5.2882052841596305e-05
608,5.372568921302445e-05,0.0,0.0,18849,
608,4.2687486711656675e-05,0.0,0.0,18859,
608,4.6869834477547556e-05,0.0,0.0,18869,
608,,,,18878,5.279788820189424e-05
609,4.852883284911513e-05,0.0,0.0,18879,
609,4.6114790166029707e-05,0.0,0.0,18889,
609,4.398543023853563e-05,0.0,0.0,18899,
609,2.741088974289596e-05,0.0,0.0,18909,
609,,,,18909,5.1141723815817386e-05
610,6.171593122417107e-05,0.0,0.0,18919,
610,5.001053068554029e-05,0.0,0.0,18929,
610,4.825091309612617e-05,0.0,0.0,18939,
610,,,,18940,5.306341699906625e-05
611,4.6351698983926326e-05,0.0,0.0,18949,
611,4.753589746542275e-05,0.0,0.0,18959,
611,4.7772311518201604e-05,0.0,0.0,18969,
611,,,,18971,5.082951611257158e-05
612,4.5122702431399375e-05,0.0,0.0,18979,
612,4.952985545969568e-05,0.0,0.0,18989,
612,4.695376628660597e-05,0.0,0.0,18999,
612,,,,19002,5.115559179103002e-05
613,4.971768430550583e-05,0.0,0.0,19009,
613,4.576845094561577e-05,0.0,0.0,19019,
613,4.6910539822420105e-05,0.0,0.0,19029,
613,,,,19033,5.1276947488076985e-05
614,5.8133373386226594e-05,0.0,0.0,19039,
614,4.7385343350470066e-05,0.0,0.0,19049,
614,4.8780013457871974e-05,0.0,0.0,19059,
614,,,,19064,5.0985589041374624e-05
615,4.909598646918312e-05,0.0,0.0,19069,
615,4.472781074582599e-05,0.0,0.0,19079,
615,4.393794733914547e-05,0.0,0.0,19089,
615,,,,19095,5.119540583109483e-05
616,4.976460331818089e-05,0.0,0.0,19099,
616,5.190240699448623e-05,0.0,0.0,19109,
616,4.928726048092358e-05,0.0,0.0,19119,
616,,,,19126,5.154748578206636e-05
617,5.105599120724946e-05,0.0,0.0,19129,
617,5.026038343203254e-05,0.0,0.0,19139,
617,4.813546911464073e-05,0.0,0.0,19149,
617,,,,19157,5.3370480600278825e-05
618,5.2254486945457757e-05,0.0,0.0,19159,
618,4.231873026583344e-05,0.0,0.0,19169,
618,4.631060437532142e-05,0.0,0.0,19179,
618,,,,19188,5.041418262408115e-05
619,4.6317964006448165e-05,0.0,0.0,19189,
619,4.5149459765525535e-05,0.0,0.0,19199,
619,4.3141964852111414e-05,0.0,0.0,19209,
619,2.7063724701292813e-05,0.0,0.0,19219,
619,,,,19219,5.090494960313663e-05
620,5.382235758588649e-05,0.0,0.0,19229,
620,4.7964811528800055e-05,0.0,0.0,19239,
620,4.981228630640544e-05,0.0,0.0,19249,
620,,,,19250,5.066350786364637e-05
621,4.983747567166574e-05,0.0,0.0,19259,
621,4.791134051629342e-05,0.0,0.0,19269,
621,4.684676605393179e-05,0.0,0.0,19279,
621,,,,19281,5.1352428272366524e-05
622,4.3837426346726716e-05,0.0,0.0,19289,
622,4.746027116198093e-05,0.0,0.0,19299,
622,4.563270340440795e-05,0.0,0.0,19309,
622,,,,19312,5.0657024985412136e-05
623,4.6199627831811085e-05,0.0,0.0,19319,
623,4.266496398486197e-05,0.0,0.0,19329,
623,4.400970647111535e-05,0.0,0.0,19339,
623,,,,19343,5.044398858444765e-05
624,4.8986334149958566e-05,0.0,0.0,19349,
624,4.494624226936139e-05,0.0,0.0,19359,
624,4.7714769607409835e-05,0.0,0.0,19369,
624,,,,19374,5.115395106258802e-05
625,5.110475467517972e-05,0.0,0.0,19379,
625,4.6820212446618825e-05,0.0,0.0,19389,
625,4.473863373277709e-05,0.0,0.0,19399,
625,,,,19405,5.156815313966945e-05
626,4.79402624478098e-05,0.0,0.0,19409,
626,5.061862975708209e-05,0.0,0.0,19419,
626,4.7422257921425626e-05,0.0,0.0,19429,
626,,,,19436,4.962306411471218e-05
627,4.470844942261465e-05,0.0,0.0,19439,
627,4.374884520075284e-05,0.0,0.0,19449,
627,4.5433476770995185e-05,0.0,0.0,19459,
627,,,,19467,6.264259718591347e-05
628,6.078557998989709e-05,0.0,0.0,19469,
628,4.6459765144390985e-05,0.0,0.0,19479,
628,4.7634512156946585e-05,0.0,0.0,19489,
628,,,,19498,5.396508640842512e-05
629,5.019537638872862e-05,0.0,0.0,19499,
629,5.159038846613839e-05,0.0,0.0,19509,
629,4.743168756249361e-05,0.0,0.0,19519,
629,2.6974686988978647e-05,0.0,0.0,19529,
629,,,,19529,5.4842916142661124e-05
630,4.773118416778743e-05,0.0,0.0,19539,
630,4.611288386513479e-05,0.0,0.0,19549,
630,4.4985139538766816e-05,0.0,0.0,19559,
630,,,,19560,4.9262573156738654e-05
631,4.261170397512615e-05,0.0,0.0,19569,
631,4.52481399406679e-05,0.0,0.0,19579,
631,4.509681821218692e-05,0.0,0.0,19589,
631,,,,19591,4.9531376134837046e-05
632,4.3413183448137715e-05,0.0,0.0,19599,
632,4.7004559746710584e-05,0.0,0.0,19609,
632,4.495319808484055e-05,0.0,0.0,19619,
632,,,,19622,4.881716085947119e-05
633,4.771169551531784e-05,0.0,0.0,19629,
633,4.451553104445338e-05,0.0,0.0,19639,
633,4.327317583374679e-05,0.0,0.0,19649,
633,,,,19653,4.92105791636277e-05
634,4.972263195668347e-05,0.0,0.0,19659,
634,4.489544153329916e-05,0.0,0.0,19669,
634,4.596061626216397e-05,0.0,0.0,19679,
634,,,,19684,4.915474710287526e-05
635,4.6012981329113245e-05,0.0,0.0,19689,
635,4.411671034176834e-05,0.0,0.0,19699,
635,4.3142415961483493e-05,0.0,0.0,19709,
635,,,,19715,5.076689558336511e-05
636,5.2057144785067067e-05,0.0,0.0,19719,
636,5.382123708841391e-05,0.0,0.0,19729,
636,4.8595855332678184e-05,0.0,0.0,19739,
636,,,,19746,5.009571759728715e-05
637,4.788101796293631e-05,0.0,0.0,19749,
637,4.571829049382359e-05,0.0,0.0,19759,
637,4.503280797507614e-05,0.0,0.0,19769,
637,,,,19777,5.18305241712369e-05
638,4.829795580008067e-05,0.0,0.0,19779,
638,4.055244062328711e-05,0.0,0.0,19789,
638,4.442148929229006e-05,0.0,0.0,19799,
638,,,,19808,4.9184876843355596e-05
639,4.508281563175842e-05,0.0,0.0,19809,
639,4.643343709176406e-05,0.0,0.0,19819,
639,4.2360137740615755e-05,0.0,0.0,19829,
639,2.7919935746467672e-05,0.0,0.0,19839,
639,,,,19839,5.435444109025411e-05
640,5.094733933219686e-05,0.0,0.0,19849,
640,4.550179801299237e-05,0.0,0.0,19859,
640,4.492226071306504e-05,0.0,0.0,19869,
640,,,,19870,5.192920798435807e-05
641,4.4332333345664665e-05,0.0,0.0,19879,
641,4.6272194595076144e-05,0.0,0.0,19889,
641,4.6791577915428206e-05,0.0,0.0,19899,
641,,,,19901,4.863075810135342e-05
642,4.522374365478754e-05,0.0,0.0,19909,
642,4.566538336803205e-05,0.0,0.0,19919,
642,4.545183765003458e-05,0.0,0.0,19929,
642,,,,19932,5.059045724919997e-05
643,4.54433866252657e-05,0.0,0.0,19939,
643,4.082270243088715e-05,0.0,0.0,19949,
643,4.257422187947668e-05,0.0,0.0,19959,
643,,,,19963,4.944786269334145e-05
644,4.609613461070694e-05,0.0,0.0,19969,
644,4.317169441492297e-05,0.0,0.0,19979,
644,4.5272110583027825e-05,0.0,0.0,19989,
644,,,,19994,4.89291014673654e-05
645,4.5502263674279675e-05,0.0,0.0,19999,
645,4.245047603035346e-05,0.0,0.0,20009,
645,4.169331077719107e-05,0.0,0.0,20019,
645,,,,20025,4.923697269987315e-05
646,5.501559280673973e-05,0.0,0.0,20029,
646,5.408462311606854e-05,0.0,0.0,20039,
646,4.708212145487778e-05,0.0,0.0,20049,
646,,,,20056,5.143637827131897e-05
647,4.6894580009393394e-05,0.0,0.0,20059,
647,4.299796637496911e-05,0.0,0.0,20069,
647,4.4442662328947335e-05,0.0,0.0,20079,
647,,,,20087,4.8332127335015684e-05
648,4.621729385689832e-05,0.0,0.0,20089,
648,4.404700666782446e-05,0.0,0.0,20099,
648,4.3780437408713624e-05,0.0,0.0,20109,
648,,,,20118,4.807495133718476e-05
649,4.403721322887577e-05,0.0,0.0,20119,
649,4.664802327170037e-05,0.0,0.0,20129,
649,4.191522748442367e-05,0.0,0.0,20139,
649,2.559211316111032e-05,0.0,0.0,20149,
649,,,,20149,4.9540245527168736e-05
650,4.447565515874885e-05,0.0,0.0,20159,
650,4.434786023921333e-05,0.0,0.0,20169,
650,4.369423913885839e-05,0.0,0.0,20179,
650,,,,20180,4.734978574560955e-05
651,4.813025952898897e-05,0.0,0.0,20189,
651,4.5281052734935656e-05,0.0,0.0,20199,
651,4.7602439735783264e-05,0.0,0.0,20209,
651,,,,20211,4.823047493118793e-05
652,4.956142947776243e-05,0.0,0.0,20219,
652,4.535377956926823e-05,0.0,0.0,20229,
652,4.4568216253537685e-05,0.0,0.0,20239,
652,,,,20242,4.9151654820889235e-05
653,4.391940456116572e-05,0.0,0.0,20249,
653,3.998869942734018e-05,0.0,0.0,20259,
653,4.1167742892866954e-05,0.0,0.0,20269,
653,,,,20273,4.796792200068012e-05
654,4.833163620787673e-05,0.0,0.0,20279,
654,4.258349508745596e-05,0.0,0.0,20289,
654,4.4746731873601675e-05,0.0,0.0,20299,
654,,,,20304,4.7809426177991554e-05
655,4.4915228500030935e-05,0.0,0.0,20309,
655,4.215368608129211e-05,0.0,0.0,20319,
655,4.071603325428441e-05,0.0,0.0,20329,
655,,,,20335,4.8333738959627226e-05
656,4.7952617023838684e-05,0.0,0.0,20339,
656,4.98514054925181e-05,0.0,0.0,20349,
656,4.674879528465681e-05,0.0,0.0,20359,
656,,,,20366,4.7834331780904904e-05
657,4.4474174501374364e-05,0.0,0.0,20369,
657,4.364524647826329e-05,0.0,0.0,20379,
657,4.316739796195179e-05,0.0,0.0,20389,
657,,,,20397,4.6672605094499886e-05
658,4.357547368272208e-05,0.0,0.0,20399,
658,3.954522617277689e-05,0.0,0.0,20409,
658,4.2896986997220665e-05,0.0,0.0,20419,
658,,,,20428,4.7831726988079026e-05
659,4.382181941764429e-05,0.0,0.0,20429,
659,4.5299453631741926e-05,0.0,0.0,20439,
659,4.2036979721160606e-05,0.0,0.0,20449,
659,2.535769817768596e-05,0.0,0.0,20459,
659,,,,20459,4.681845166487619e-05
660,4.388656816445291e-05,0.0,0.0,20469,
660,4.381448161439039e-05,0.0,0.0,20479,
660,4.367686415207572e-05,0.0,0.0,20489,
660,,,,20490,4.7263605665648356e-05
661,4.463343429961242e-05,0.0,0.0,20499,
661,4.208017708151601e-05,0.0,0.0,20509,
661,4.562415779219009e-05,0.0,0.0,20519,
661,,,,20521,4.97292639920488e-05
662,4.341396561358124e-05,0.0,0.0,20529,
662,4.451941276784055e-05,0.0,0.0,20539,
662,4.527673445409164e-05,0.0,0.0,20549,
662,,,,20552,4.8670255637262017e-05
663,4.9047666834667325e-05,0.0,0.0,20559,
663,4.084112879354507e-05,0.0,0.0,20569,
663,4.0589686250314116e-05,0.0,0.0,20579,
663,,,,20583,4.856974555877969e-05
664,4.5473356294678524e-05,0.0,0.0,20589,
664,4.191209882264957e-05,0.0,0.0,20599,
664,4.279307904653251e-05,0.0,0.0,20609,
664,,,,20614,4.564063419820741e-05
665,4.622123742592521e-05,0.0,0.0,20619,
665,4.098505087313242e-05,0.0,0.0,20629,
665,4.0416187403025106e-05,0.0,0.0,20639,
665,,,,20645,4.623721179086715e-05
666,4.6305754949571565e-05,0.0,0.0,20649,
666,4.7601839469280094e-05,0.0,0.0,20659,
666,4.3682528485078365e-05,0.0,0.0,20669,
666,,,,20676,4.8026093281805515e-05
667,4.1233375668525696e-05,0.0,0.0,20679,
667,4.318490027799271e-05,0.0,0.0,20689,
667,4.2629668314475566e-05,0.0,0.0,20699,
667,,,,20707,4.5888016757089645e-05
668,4.612210250343196e-05,0.0,0.0,20709,
668,5.016355135012418e-05,0.0,0.0,20719,
668,4.47255079052411e-05,0.0,0.0,20729,
668,,,,20738,5.188133582123555e-05
669,4.7786583309061825e-05,0.0,0.0,20739,
669,4.2562434828141704e-05,0.0,0.0,20749,
669,4.0662202081875876e-05,0.0,0.0,20759,
669,2.7642136046779342e-05,0.0,0.0,20769,
669,,,,20769,4.819826426682994e-05
670,4.214430373394862e-05,0.0,0.0,20779,
670,4.46116755483672e-05,0.0,0.0,20789,
670,4.198811802780256e-05,0.0,0.0,20799,
670,,,,20800,4.643363718059845e-05
671,4.0605526010040194e-05,0.0,0.0,20809,
671,4.142764373682439e-05,0.0,0.0,20819,
671,4.177718801656738e-05,0.0,0.0,20829,
671,,,,20831,4.7670051571913064e-05
672,4.162896948400885e-05,0.0,0.0,20839,
672,4.289577918825671e-05,0.0,0.0,20849,
672,4.2198797018500045e-05,0.0,0.0,20859,
672,,,,20862,4.6994777221698314e-05
673,4.2220039176754653e-05,0.0,0.0,20869,
673,4.043004082632251e-05,0.0,0.0,20879,
673,4.1099243389908224e-05,0.0,0.0,20889,
673,,,,20893,4.8428271838929504e-05
674,4.5463646529242396e-05,0.0,0.0,20899,
674,4.1628936742199585e-05,0.0,0.0,20909,
674,4.406568768899888e-05,0.0,0.0,20919,
674,,,,20924,4.586826980812475e-05
675,5.509866605279967e-05,0.0,0.0,20929,
675,3.989287870354019e-05,0.0,0.0,20939,
675,3.99066811951343e-05,0.0,0.0,20949,
675,,,,20955,4.9339840188622475e-05
676,4.737378185382113e-05,0.0,0.0,20959,
676,4.602667468134314e-05,0.0,0.0,20969,
676,4.2835730710066855e-05,0.0,0.0,20979,
676,,,,20986,4.5779161155223846e-05
677,4.448888648767024e-05,0.0,0.0,20989,
677,4.0088525565806776e-05,0.0,0.0,20999,
677,4.152076871832833e-05,0.0,0.0,21009,
677,,,,21017,4.7437133616767824e-05
678,4.366896610008553e-05,0.0,0.0,21019,
678,3.9047416066750884e-05,0.0,0.0,21029,
678,4.19699790654704e-05,0.0,0.0,21039,
678,,,,21048,4.47482852905523e-05
679,4.081878432771191e-05,0.0,0.0,21049,
679,4.029708361485973e-05,0.0,0.0,21059,
679,3.968082455685362e-05,0.0,0.0,21069,
679,2.415056951576844e-05,0.0,0.0,21079,
679,,,,21079,4.540422742138617e-05
680,4.144028571317904e-05,0.0,0.0,21089,
680,4.134065966354683e-05,0.0,0.0,21099,
680,4.1133491322398186e-05,0.0,0.0,21109,
680,,,,21110,4.45008699898608e-05
681,4.1711969970492646e-05,0.0,0.0,21119,
681,4.047062247991562e-05,0.0,0.0,21129,
681,4.108242137590423e-05,0.0,0.0,21139,
681,,,,21141,4.6118733735056594e-05
682,4.337088103056885e-05,0.0,0.0,21149,
682,4.1542247345205396e-05,0.0,0.0,21159,
682,4.210790939396247e-05,0.0,0.0,21169,
682,,,,21172,4.638695827452466e-05
683,4.132502363063395e-05,0.0,0.0,21179,
683,4.1977051296271384e-05,0.0,0.0,21189,
683,4.096774136996828e-05,0.0,0.0,21199,
683,,,,21203,5.140128268976696e-05
684,5.193600372876972e-05,0.0,0.0,21209,
684,4.23418459831737e-05,0.0,0.0,21219,
684,4.149450978729874e-05,0.0,0.0,21229,
684,,,,21234,4.534556865110062e-05
685,4.063767846673727e-05,0.0,0.0,21239,
685,3.903725519194268e-05,0.0,0.0,21249,
685,3.8527577999047935e-05,0.0,0.0,21259,
685,,,,21265,4.559875014820136e-05
686,5.377002162276767e-05,0.0,0.0,21269,
686,4.832971535506658e-05,0.0,0.0,21279,
686,4.7187466407194734e-05,0.0,0.0,21289,
686,,,,21296,4.7727189667057246e-05
687,4.725917096948251e-05,0.0,0.0,21299,
687,4.0090089896693826e-05,0.0,0.0,21309,
687,4.155640272074379e-05,0.0,0.0,21319,
687,,,,21327,4.60198825749103e-05
688,4.271378566045314e-05,0.0,0.0,21329,
688,3.8237543776631355e-05,0.0,0.0,21339,
688,4.102369348402135e-05,0.0,0.0,21349,
688,,,,21358,4.498173439060338e-05
689,4.1070310544455424e-05,0.0,0.0,21359,
689,4.132279718760401e-05,0.0,0.0,21369,
689,3.8153531932039186e-05,0.0,0.0,21379,
689,2.4660394046804868e-05,0.0,0.0,21389,
689,,,,21389,4.43257340521086e-05
690,4.033040386275388e-05,0.0,0.0,21399,
690,4.0978906326927245e-05,0.0,0.0,21409,
690,4.641465420718305e-05,0.0,0.0,21419,
690,,,,21420,4.8548481572652236e-05
691,4.2822182876989245e-05,0.0,0.0,21429,
691,4.1057061025639996e-05,0.0,0.0,21439,
691,4.220956179779023e-05,0.0,0.0,21449,
691,,,,21451,4.892794822808355e-05
692,4.6701752580702305e-05,0.0,0.0,21459,
692,4.213908687233925e-05,0.0,0.0,21469,
692,4.047827314934693e-05,0.0,0.0,21479,
692,,,,21482,4.7300920414272696e-05
693,4.2602710891515017e-05,0.0,0.0,21489,
693,3.777948586503044e-05,0.0,0.0,21499,
693,3.8591835618717596e-05,0.0,0.0,21509,
693,,,,21513,4.452120265341364e-05
694,4.3511205149115995e-05,0.0,0.0,21519,
694,4.085233740624972e-05,0.0,0.0,21529,
694,4.1606646846048534e-05,0.0,0.0,21539,
694,,,,21544,4.526689008343965e-05
695,5.167646304471418e-05,0.0,0.0,21549,
695,4.234585503581911e-05,0.0,0.0,21559,
695,3.93545014958363e-05,0.0,0.0,21569,
695,,,,21575,4.44588549726177e-05
696,4.5805081754224375e-05,0.0,0.0,21579,
696,4.3537173041841015e-05,0.0,0.0,21589,
696,4.103760511497967e-05,0.0,0.0,21599,
696,,,,21606,4.7470679419348016e-05
697,4.6692221076227725e-05,0.0,0.0,21609,
697,3.958136949222535e-05,0.0,0.0,21619,
697,4.0371833165409043e-05,0.0,0.0,21629,
697,,,,21637,4.499442002270371e-05
698,4.14986461692024e-05,0.0,0.0,21639,
698,3.702694448293187e-05,0.0,0.0,21649,
698,4.072560477652587e-05,0.0,0.0,21659,
698,,,,21668,4.351625466370024e-05
699,3.964105053455569e-05,0.0,0.0,21669,
699,4.569297016132623e-05,0.0,0.0,21679,
699,3.8707545172655955e-05,0.0,0.0,21689,
699,2.4977724024211057e-05,0.0,0.0,21699,
699,,,,21699,4.769472434418276e-05
700,4.145701677771285e-05,0.0,0.0,21709,
700,4.081647421116941e-05,0.0,0.0,21719,
700,3.990367622463964e-05,0.0,0.0,21729,
700,,,,21730,4.326239650254138e-05
701,3.724832640727982e-05,0.0,0.0,21739,
701,3.970098259742372e-05,0.0,0.0,21749,
701,3.955314605263993e-05,0.0,0.0,21759,
701,,,,21761,4.416659794514999e-05
702,3.976580410380848e-05,0.0,0.0,21769,
702,4.0356182580580935e-05,0.0,0.0,21779,
702,3.890288280672394e-05,0.0,0.0,21789,
702,,,,21792,4.3193602323299274e-05
703,4.2992574890377e-05,0.0,0.0,21799,
703,3.962072150898166e-05,0.0,0.0,21809,
703,3.9447964809369296e-05,0.0,0.0,21819,
703,,,,21823,4.348339280113578e-05
704,4.6738728997297585e-05,0.0,0.0,21829,
704,3.90269051422365e-05,0.0,0.0,21839,
704,4.072616866324097e-05,0.0,0.0,21849,
704,,,,21854,4.473869557841681e-05
705,3.9525071770185605e-05,0.0,0.0,21859,
705,3.789901529671624e-05,0.0,0.0,21869,
705,3.694425322464667e-05,0.0,0.0,21879,
705,,,,21885,4.328981231083162e-05
706,4.2296705942135304e-05,0.0,0.0,21889,
706,4.49520448455587e-05,0.0,0.0,21899,
706,4.2442774429218844e-05,0.0,0.0,21909,
706,,,,21916,4.526472548604943e-05
707,4.102599632460624e-05,0.0,0.0,21919,
707,3.8593487261096016e-05,0.0,0.0,21929,
707,4.022270150016993e-05,0.0,0.0,21939,
707,,,,21947,4.41412630607374e-05
708,4.249938137945719e-05,0.0,0.0,21949,
708,3.6880053812637925e-05,0.0,0.0,21959,
708,4.163148332736455e-05,0.0,0.0,21969,
708,,,,21978,4.378891389933415e-05
709,3.98515367123764e-05,0.0,0.0,21979,
709,4.054067176184617e-05,0.0,0.0,21989,
709,3.711675162776373e-05,0.0,0.0,21999,
709,2.424383637844585e-05,0.0,0.0,22009,
709,,,,22009,4.2903793655568734e-05
710,4.047306356369518e-05,0.0,0.0,22019,
710,4.110875670448877e-05,0.0,0.0,22029,
710,3.870842920150608e-05,0.0,0.0,22039,
710,,,,22040,4.289042408345267e-05
711,3.6419445677893236e-05,0.0,0.0,22049,
711,3.8091853639343753e-05,0.0,0.0,22059,
711,4.205913137411699e-05,0.0,0.0,22069,
711,,,,22071,4.261188951204531e-05
712,3.97881813114509e-05,0.0,0.0,22079,
712,4.230302874930203e-05,0.0,0.0,22089,
712,4.0651495510246605e-05,0.0,0.0,22099,
712,,,,22102,4.683537918026559e-05
713,4.287536285119131e-05,0.0,0.0,22109,
713,3.7876197893638164e-05,0.0,0.0,22119,
713,3.754327190108597e-05,0.0,0.0,22129,
713,,,,22133,4.4418084144126624e-05
714,5.007623622077517e-05,0.0,0.0,22139,
714,4.4980024540564045e-05,0.0,0.0,22149,
714,3.89120978070423e-05,0.0,0.0,22159,
714,,,,22164,4.4312168029136956e-05
715,3.855648901662789e-05,0.0,0.0,22169,
715,3.751505573745817e-05,0.0,0.0,22179,
715,3.6717185139423236e-05,0.0,0.0,22189,
715,,,,22195,4.302365050534718e-05
716,4.0124275983544067e-05,0.0,0.0,22199,
716,4.397968223202042e-05,0.0,0.0,22209,
716,3.965820724260993e-05,0.0,0.0,22219,
716,,,,22226,4.2428211600054055e-05
717,3.785059743677266e-05,0.0,0.0,22229,
717,3.8673333619954064e-05,0.0,0.0,22239,
717,3.9707716496195644e-05,0.0,0.0,22249,
717,,,,22257,4.200584953650832e-05
718,4.070179056725465e-05,0.0,0.0,22259,
718,4.2212683183606714e-05,0.0,0.0,22269,
718,3.954823114327155e-05,0.0,0.0,22279,
718,,,,22288,4.227005410939455e-05
719,3.8440852222265676e-05,0.0,0.0,22289,
719,3.972540798713453e-05,0.0,0.0,22299,
719,3.7014950066804886e-05,0.0,0.0,22309,
719,2.3389591660816222e-05,0.0,0.0,22319,
719,,,,22319,4.5678450987907127e-05
720,4.191702464595437e-05,0.0,0.0,22329,
720,4.001073102699593e-05,0.0,0.0,22339,
720,3.839663986582309e-05,0.0,0.0,22349,
720,,,,22350,4.275059109204449e-05
721,4.1922987293219194e-05,0.0,0.0,22359,
721,3.921305687981658e-05,0.0,0.0,22369,
721,4.0752478525973856e-05,0.0,0.0,22379,
721,,,,22381,4.233155777910724e-05
722,4.2002582631539553e-05,0.0,0.0,22389,
722,3.974352148361504e-05,0.0,0.0,22399,
722,3.8551206671399996e-05,0.0,0.0,22409,
722,,,,22412,4.2034389480249956e-05
723,3.844129969365895e-05,0.0,0.0,22419,
723,3.595765883801505e-05,0.0,0.0,22429,
723,3.7092107959324494e-05,0.0,0.0,22439,
723,,,,22443,4.465101665118709e-05
724,4.004823131253943e-05,0.0,0.0,22449,
724,3.795362135861069e-05,0.0,0.0,22459,
724,3.8152356864884496e-05,0.0,0.0,22469,
724,,,,22474,4.131510650040582e-05
725,4.026617534691468e-05,0.0,0.0,22479,
725,3.679799920064397e-05,0.0,0.0,22489,
725,3.8029382267268375e-05,0.0,0.0,22499,
725,,,,22505,4.3587435357039794e-05
726,5.831137241329998e-05,0.0,0.0,22509,
726,4.372249895823188e-05,0.0,0.0,22519,
726,4.1465980757493526e-05,0.0,0.0,22529,
726,,,,22536,4.173456545686349e-05
727,3.800520426011644e-05,0.0,0.0,22539,
727,3.78286094928626e-05,0.0,0.0,22549,
727,3.902759272023104e-05,0.0,0.0,22559,
727,,,,22567,4.378920129965991e-05
728,4.016282400698401e-05,0.0,0.0,22569,
728,3.535621362971142e-05,0.0,0.0,22579,
728,3.894120527547784e-05,0.0,0.0,22589,
728,,,,22598,4.141999306739308e-05
729,3.765636938624084e-05,0.0,0.0,22599,
729,3.7036552384961396e-05,0.0,0.0,22609,
729,3.541347905411385e-05,0.0,0.0,22619,
729,2.2975136744207703e-05,0.0,0.0,22629,
729,,,,22629,4.2769683204824105e-05
730,4.323382017901167e-05,0.0,0.0,22639,
730,3.913116961484775e-05,0.0,0.0,22649,
730,3.7713831261498854e-05,0.0,0.0,22659,
730,,,,22660,4.222050483804196e-05
731,3.592672146623954e-05,0.0,0.0,22669,
731,3.7036890716990456e-05,0.0,0.0,22679,
731,3.828747139777988e-05,0.0,0.0,22689,
731,,,,22691,4.067789268447086e-05
732,3.818822369794361e-05,0.0,0.0,22699,
732,3.840069257421419e-05,0.0,0.0,22709,
732,3.706722418428399e-05,0.0,0.0,22719,
732,,,,22722,4.1867097024805844e-05
733,3.6982666642870754e-05,0.0,0.0,22729,
733,3.48810208379291e-05,0.0,0.0,22739,
733,3.585000376915559e-05,0.0,0.0,22749,
733,,,,22753,4.1099407098954543e-05
734,4.3555297452257946e-05,0.0,0.0,22759,
734,4.098794306628406e-05,0.0,0.0,22769,
734,3.864562313538045e-05,0.0,0.0,22779,
734,,,,22784,4.2000916437245905e-05
735,4.241860006004572e-05,0.0,0.0,22789,
735,3.913935870514251e-05,0.0,0.0,22799,
735,3.592277425923385e-05,0.0,0.0,22809,
735,,,,22815,4.154300768277608e-05
736,3.774871947825886e-05,0.0,0.0,22819,
736,4.0747399907559156e-05,0.0,0.0,22829,
736,3.919625669368543e-05,0.0,0.0,22839,
736,,,,22846,4.067455665790476e-05
737,3.660971924546175e-05,0.0,0.0,22849,
737,3.943217598134652e-05,0.0,0.0,22859,
737,3.901872696587816e-05,0.0,0.0,22869,
737,,,,22877,4.418306707520969e-05
738,4.03430822188966e-05,0.0,0.0,22879,
738,3.594001100282185e-05,0.0,0.0,22889,
738,4.1680599679239094e-05,0.0,0.0,22899,
738,,,,22908,4.126860585529357e-05
739,3.7461522879311815e-05,0.0,0.0,22909,
739,3.962417031289078e-05,0.0,0.0,22919,
739,3.569596083252691e-05,0.0,0.0,22929,
739,2.283531466673594e-05,0.0,0.0,22939,
739,,,,22939,4.1262373997597024e-05
740,3.820397250819951e-05,0.0,0.0,22949,
740,3.872886372846551e-05,0.0,0.0,22959,
740,3.630079299909994e-05,0.0,0.0,22969,
740,,,,22970,4.054831151734106e-05
741,3.5172786738257855e-05,0.0,0.0,22979,
741,3.7290337786544114e-05,0.0,0.0,22989,
741,4.1003571823239326e-05,0.0,0.0,22999,
741,,,,23001,4.200305193080567e-05
742,4.484009696170688e-05,0.0,0.0,23009,
742,4.1375878936378285e-05,0.0,0.0,23019,
742,3.868523344863206e-05,0.0,0.0,23029,
742,,,,23032,5.234526179265231e-05
743,4.1459850763203576e-05,0.0,0.0,23039,
743,3.574050060706213e-05,0.0,0.0,23049,
743,3.618418486439623e-05,0.0,0.0,23059,
743,,,,23063,4.317743514548056e-05
744,4.070666909683496e-05,0.0,0.0,23069,
744,3.693141843541525e-05,0.0,0.0,23079,
744,3.68634719052352e-05,0.0,0.0,23089,
744,,,,23094,4.159273157711141e-05
745,3.836625910480507e-05,0.0,0.0,23099,
745,3.630106948548928e-05,0.0,0.0,23109,
745,3.6134966649115086e-05,0.0,0.0,23119,
745,,,,23125,4.154380440013483e-05
746,4.0425031329505146e-05,0.0,0.0,23129,
746,4.0444181649945676e-05,0.0,0.0,23139,
746,3.77166252292227e-05,0.0,0.0,23149,
746,,,,23156,4.016091043013148e-05
747,3.6133853427600116e-05,0.0,0.0,23159,
747,3.708128133439459e-05,0.0,0.0,23169,
747,3.7585876270895824e-05,0.0,0.0,23179,
747,,,,23187,4.01518918806687e-05
748,3.8519770896527916e-05,0.0,0.0,23189,
748,4.0143455407815054e-05,0.0,0.0,23199,
748,3.7969901313772425e-05,0.0,0.0,23209,
748,,,,23218,3.9896302041597664e-05
749,3.614639354054816e-05,0.0,0.0,23219,
749,3.828648186754435e-05,0.0,0.0,23229,
749,3.435326652834192e-05,0.0,0.0,23239,
749,2.289951589773409e-05,0.0,0.0,23249,
749,,,,23249,4.053357042721473e-05
750,4.365691347629763e-05,0.0,0.0,23259,
750,3.776275480049662e-05,0.0,0.0,23269,
750,3.7310976040316746e-05,0.0,0.0,23279,
750,,,,23280,4.1933781176339835e-05
751,3.8589758332818747e-05,0.0,0.0,23289,
751,3.624473902164027e-05,0.0,0.0,23299,
751,3.661459777504206e-05,0.0,0.0,23309,
751,,,,23311,4.278299820725806e-05
752,3.613372609834187e-05,0.0,0.0,23319,
752,3.6585668567568064e-05,0.0,0.0,23329,
752,3.641077637439594e-05,0.0,0.0,23339,
752,,,,23342,4.086647095391527e-05
753,3.544090213836171e-05,0.0,0.0,23349,
753,3.4199900255771354e-05,0.0,0.0,23359,
753,3.4944747312692925e-05,0.0,0.0,23369,
753,,,,23373,4.114846888114698e-05
754,4.07255174650345e-05,0.0,0.0,23379,
754,3.660803849925287e-05,0.0,0.0,23389,
754,3.851951623801142e-05,0.0,0.0,23399,
754,,,,23404,3.990016193711199e-05
755,5.199126462684944e-05,0.0,0.0,23409,
755,3.470214505796321e-05,0.0,0.0,23419,
755,3.386641401448287e-05,0.0,0.0,23429,
755,,,,23435,4.806404103874229e-05
756,3.9729417039779946e-05,0.0,0.0,23439,
756,3.9641105104237795e-05,0.0,0.0,23449,
756,3.866163024213165e-05,0.0,0.0,23459,
756,,,,23466,4.076534241903573e-05
757,3.5140437830705196e-05,0.0,0.0,23469,
757,3.533938433974981e-05,0.0,0.0,23479,
757,3.684185503516346e-05,0.0,0.0,23489,
757,,,,23497,4.003008143627085e-05
758,3.7358571717049927e-05,0.0,0.0,23499,
758,3.308233499410562e-05,0.0,0.0,23509,
758,3.79712219000794e-05,0.0,0.0,23519,
758,,,,23528,4.0041242755251005e-05
759,3.6360415833769366e-05,0.0,0.0,23529,
759,4.3204621761105955e-05,0.0,0.0,23539,
759,3.588959953049198e-05,0.0,0.0,23549,
759,2.3229707949212752e-05,0.0,0.0,23559,
759,,,,23559,4.2878298700088635e-05
760,3.662733070086688e-05,0.0,0.0,23569,
760,3.846099934889935e-05,0.0,0.0,23579,
760,3.5476918128551915e-05,0.0,0.0,23589,
760,,,,23590,3.924550037481822e-05
761,3.378300243639387e-05,0.0,0.0,23599,
761,3.50260415871162e-05,0.0,0.0,23609,
761,3.5865436075255275e-05,0.0,0.0,23619,
761,,,,23621,4.0119812183547765e-05
762,3.717154686455615e-05,0.0,0.0,23629,
762,3.622734948294237e-05,0.0,0.0,23639,
762,3.5050648875767365e-05,0.0,0.0,23649,
762,,,,23652,3.955237116315402e-05
763,3.624998134910129e-05,0.0,0.0,23659,
763,3.413815647945739e-05,0.0,0.0,23669,
763,3.566000304999761e-05,0.0,0.0,23679,
763,,,,23683,4.063809319632128e-05
764,4.7302673920057714e-05,0.0,0.0,23689,
764,3.784880391322076e-05,0.0,0.0,23699,
764,3.613895023590885e-05,0.0,0.0,23709,
764,,,,23714,3.9440674299839884e-05
765,3.567530438886024e-05,0.0,0.0,23719,
765,3.430669312365353e-05,0.0,0.0,23729,
765,3.325273428345099e-05,0.0,0.0,23739,
765,,,,23745,4.640880069928244e-05
766,3.967420707340352e-05,0.0,0.0,23749,
766,3.942154216929339e-05,0.0,0.0,23759,
766,3.859596836264245e-05,0.0,0.0,23769,
766,,,,23776,4.167309089098126e-05
767,5.735248123528436e-05,0.0,0.0,23779,
767,4.430057015269995e-05,0.0,0.0,23789,
767,3.859921343973838e-05,0.0,0.0,23799,
767,,,,23807,4.813938357983716e-05
768,4.51019404863473e-05,0.0,0.0,23809,
768,3.4296292142244056e-05,0.0,0.0,23819,
768,3.739289240911603e-05,0.0,0.0,23829,
768,,,,23838,3.9110724173951894e-05
769,3.541206388035789e-05,0.0,0.0,23839,
769,3.456727063166909e-05,0.0,0.0,23849,
769,3.310761894681491e-05,0.0,0.0,23859,
769,2.1691195797757246e-05,0.0,0.0,23869,
769,,,,23869,4.0354530938202515e-05
770,3.662532981252298e-05,0.0,0.0,23879,
770,3.678286520880647e-05,0.0,0.0,23889,
770,3.481064413790591e-05,0.0,0.0,23899,
770,,,,23900,3.981318150181323e-05
771,3.416953404666856e-05,0.0,0.0,23909,
771,3.425818067626096e-05,0.0,0.0,23919,
771,3.556399678927846e-05,0.0,0.0,23929,
771,,,,23931,3.9147373172454536e-05
772,3.348356403876096e-05,0.0,0.0,23939,
772,3.542898048181087e-05,0.0,0.0,23949,
772,3.672607272164896e-05,0.0,0.0,23959,
772,,,,23962,4.2734132875921205e-05
773,3.8950805901549757e-05,0.0,0.0,23969,
773,3.3395255741197616e-05,0.0,0.0,23979,
773,3.4473134292056784e-05,0.0,0.0,23989,
773,,,,23993,3.993515929323621e-05
774,4.030403579236008e-05,0.0,0.0,23999,
774,3.4804983442882076e-05,0.0,0.0,24009,
774,3.4635639167390764e-05,0.0,0.0,24019,
774,,,,24024,3.888913124683313e-05
775,4.224658550811e-05,0.0,0.0,24029,
775,3.826641113846563e-05,0.0,0.0,24039,
775,3.3403499401174486e-05,0.0,0.0,24049,
775,,,,24055,4.229358091834001e-05
776,3.8983351259958e-05,0.0,0.0,24059,
776,3.8905876863282174e-05,0.0,0.0,24069,
776,3.66447311535012e-05,0.0,0.0,24079,
776,,,,24086,3.830992864095606e-05
777,3.253513204981573e-05,0.0,0.0,24089,
777,3.5297474823892117e-05,0.0,0.0,24099,
777,3.713245678227395e-05,0.0,0.0,24109,
777,,,,24117,3.863073288812302e-05
778,3.8212914660107344e-05,0.0,0.0,24119,
778,4.033502409583889e-05,0.0,0.0,24129,
778,3.642228330136277e-05,0.0,0.0,24139,
778,,,,24148,3.993857171735726e-05
779,3.6268302210373804e-05,0.0,0.0,24149,
779,3.3513853850308806e-05,0.0,0.0,24159,
779,3.256334821344353e-05,0.0,0.0,24169,
779,2.1213461877778172e-05,0.0,0.0,24179,
779,,,,24179,3.8089761801529676e-05
780,3.519106030580588e-05,0.0,0.0,24189,
780,3.5963992559118196e-05,0.0,0.0,24199,
780,3.669700163300149e-05,0.0,0.0,24209,
780,,,,24210,3.878809366142377e-05
781,3.365829979884438e-05,0.0,0.0,24219,
781,3.428356649237685e-05,0.0,0.0,24229,
781,3.6963476304663345e-05,0.0,0.0,24239,
781,,,,24241,4.130128218093887e-05
782,3.727893636096269e-05,0.0,0.0,24249,
782,3.508730515022762e-05,0.0,0.0,24259,
782,3.431872391956858e-05,0.0,0.0,24269,
782,,,,24272,3.893485336448066e-05
783,3.555913644959219e-05,0.0,0.0,24279,
783,3.2890467991819605e-05,0.0,0.0,24289,
783,3.5858331102645025e-05,0.0,0.0,24299,
783,,,,24303,4.135430936003104e-05
784,3.7386733310995623e-05,0.0,0.0,24309,
784,3.4680146200116724e-05,0.0,0.0,24319,
784,3.41508821293246e-05,0.0,0.0,24329,
784,,,,24334,3.8354191929101944e-05
785,3.5281915188534185e-05,0.0,0.0,24339,
785,3.290540917078033e-05,0.0,0.0,24349,
785,3.306547296233475e-05,0.0,0.0,24359,
785,,,,24365,4.329000148572959e-05
786,3.883762838086113e-05,0.0,0.0,24369,
786,4.571891622617841e-05,0.0,0.0,24379,
786,3.7273526686476544e-05,0.0,0.0,24389,
786,,,,24396,3.986369847552851e-05
787,3.5258872230770066e-05,0.0,0.0,24399,
787,3.4135213354602456e-05,0.0,0.0,24409,
787,3.547188680386171e-05,0.0,0.0,24419,
787,,,,24427,3.8988971937214956e-05
788,3.959136665798724e-05,0.0,0.0,24429,
788,3.509527232381515e-05,0.0,0.0,24439,
788,3.5810582630801946e-05,0.0,0.0,24449,
788,,,,24458,3.9161459426395595e-05
789,3.545279469108209e-05,0.0,0.0,24459,
789,3.432987068663351e-05,0.0,0.0,24469,
789,3.260547964600846e-05,0.0,0.0,24479,
789,2.11145197681617e-05,0.0,0.0,24489,
789,,,,24489,3.819193079834804e-05
790,3.7158453778829426e-05,0.0,0.0,24499,
790,3.53439936588984e-05,0.0,0.0,24509,
790,3.7234498449834064e-05,0.0,0.0,24519,
790,,,,24520,3.894507244694978e-05
791,3.411895886529237e-05,0.0,0.0,24529,
791,3.394535815459676e-05,0.0,0.0,24539,
791,3.515285061439499e-05,0.0,0.0,24549,
791,,,,24551,3.8318728911690414e-05
792,3.3088523196056485e-05,0.0,0.0,24559,
792,3.553286296664737e-05,0.0,0.0,24569,
792,3.590390406316146e-05,0.0,0.0,24579,
792,,,,24582,4.009627446066588e-05
793,4.084695683559403e-05,0.0,0.0,24589,
793,3.221087536076084e-05,0.0,0.0,24599,
793,3.2528008887311444e-05,0.0,0.0,24609,
793,,,,24613,3.8497106288559735e-05
794,3.467422357061878e-05,0.0,0.0,24619,
794,3.3447468013036996e-05,0.0,0.0,24629,
794,3.317574373795651e-05,0.0,0.0,24639,
794,,,,24644,3.708535950863734e-05
795,3.827262480626814e-05,0.0,0.0,24649,
795,3.5420263884589076e-05,0.0,0.0,24659,
795,3.279372685938142e-05,0.0,0.0,24669,
795,,,,24675,3.852589725283906e-05
796,3.711441968334839e-05,0.0,0.0,24679,
796,3.831995854852721e-05,0.0,0.0,24689,
796,3.486215427983552e-05,0.0,0.0,24699,
796,,,,24706,3.786274464800954e-05
797,3.3914278901647776e-05,0.0,0.0,24709,
797,3.567766543710604e-05,0.0,0.0,24719,
797,3.562353958841413e-05,0.0,0.0,24729,
797,,,,24737,3.811691567534581e-05
798,3.4978147596120834e-05,0.0,0.0,24739,
798,3.504951746435836e-05,0.0,0.0,24749,
798,3.637317422544584e-05,0.0,0.0,24759,
798,,,,24768,3.7886304198764265e-05
799,3.4189317375421524e-05,0.0,0.0,24769,
799,3.856045805150643e-05,0.0,0.0,24779,
799,3.207513873348944e-05,0.0,0.0,24789,
799,2.1580302927759476e-05,0.0,0.0,24799,
799,,,,24799,3.7627629353664815e-05
800,3.59831283276435e-05,0.0,0.0,24809,
800,3.655309046735056e-05,0.0,0.0,24819,
800,3.3530151995364577e-05,0.0,0.0,24829,
800,,,,24830,3.9385984564432874e-05
801,3.437813211348839e-05,0.0,0.0,24839,
801,3.330199979245663e-05,0.0,0.0,24849,
801,3.343840944580734e-05,0.0,0.0,24859,
801,,,,24861,3.7203401006991044e-05
802,3.303450648672879e-05,0.0,0.0,24869,
802,3.484123953967355e-05,0.0,0.0,24879,
802,3.429378193686716e-05,0.0,0.0,24889,
802,,,,24892,3.7215195334283635e-05
803,3.472981188679114e-05,0.0,0.0,24899,
803,3.117130836471915e-05,0.0,0.0,24909,
803,3.239007855881937e-05,0.0,0.0,24919,
803,,,,24923,3.8471000152640045e-05
804,3.489126902422868e-05,0.0,0.0,24929,
804,3.352628482389264e-05,0.0,0.0,24939,
804,3.427600677241571e-05,0.0,0.0,24949,
804,,,,24954,3.8438451156252995e-05
805,3.402967195142992e-05,0.0,0.0,24959,
805,3.2730629754951224e-05,0.0,0.0,24969,
805,3.180226485710591e-05,0.0,0.0,24979,
805,,,,24985,3.968524470110424e-05
806,3.5471075534587726e-05,0.0,0.0,24989,
806,4.156640716246329e-05,0.0,0.0,24999,
806,3.658338391687721e-05,0.0,0.0,25009,
806,,,,25016,3.8857666368130594e-05
807,3.320842006360181e-05,0.0,0.0,25019,
807,3.586387902032584e-05,0.0,0.0,25029,
807,3.4514814615249634e-05,0.0,0.0,25039,
807,,,,25047,4.5982960727997124e-05
808,4.193099812255241e-05,0.0,0.0,25049,
808,3.992937854491174e-05,0.0,0.0,25059,
808,3.7297129892976955e-05,0.0,0.0,25069,
808,,,,25078,4.230823469697498e-05
809,3.864640530082397e-05,0.0,0.0,25079,
809,3.201246727257967e-05,0.0,0.0,25089,
809,3.2452528103021905e-05,0.0,0.0,25099,
809,2.0697027139249258e-05,0.0,0.0,25109,
809,,,,25109,3.935180211556144e-05
810,3.4109882108168676e-05,0.0,0.0,25119,
810,3.5307632060721517e-05,0.0,0.0,25129,
810,3.251902307965793e-05,0.0,0.0,25139,
810,,,,25140,3.837394615402445e-05
811,3.262663813075051e-05,0.0,0.0,25149,
811,3.2345789804821834e-05,0.0,0.0,25159,
811,3.336804002174176e-05,0.0,0.0,25169,
811,,,,25171,3.811451460933313e-05
812,3.2611456845188513e-05,0.0,0.0,25179,
812,3.272643516538665e-05,0.0,0.0,25189,
812,3.2464886317029595e-05,0.0,0.0,25199,
812,,,,25202,3.703625770867802e-05
813,3.415284299990162e-05,0.0,0.0,25209,
813,3.0456960303126834e-05,0.0,0.0,25219,
813,3.177670078002848e-05,0.0,0.0,25229,
813,,,,25233,3.7237863580230623e-05
814,3.629671118687838e-05,0.0,0.0,25239,
814,3.4379354474367574e-05,0.0,0.0,25249,
814,3.275122435297817e-05,0.0,0.0,25259,
814,,,,25264,3.873271998600103e-05
815,3.426606781431474e-05,0.0,0.0,25269,
815,3.249854489695281e-05,0.0,0.0,25279,
815,3.1425173801835626e-05,0.0,0.0,25289,
815,,,,25295,3.6843328416580334e-05
816,3.7370919017121196e-05,0.0,0.0,25299,
816,3.811714123003185e-05,0.0,0.0,25309,
816,3.394460509298369e-05,0.0,0.0,25319,
816,,,,25326,3.7282279663486406e-05
817,3.2175241358345374e-05,0.0,0.0,25329,
817,3.3119369618361816e-05,0.0,0.0,25339,
817,3.362047209520824e-05,0.0,0.0,25349,
817,,,,25357,3.628917329479009e-05
818,3.3822976547526196e-05,0.0,0.0,25359,
818,3.2771982660051435e-05,0.0,0.0,25369,
818,3.6650690162787214e-05,0.0,0.0,25379,
818,,,,25388,3.673174433060922e-05
819,3.297758667031303e-05,0.0,0.0,25389,
819,3.227868000976741e-05,0.0,0.0,25399,
819,3.1079864129424095e-05,0.0,0.0,25409,
819,2.0155683159828186e-05,0.0,0.0,25419,
819,,,,25419,3.614191518863663e-05
820,3.681880116346292e-05,0.0,0.0,25429,
820,3.514473428367637e-05,0.0,0.0,25439,
820,3.364600343047641e-05,0.0,0.0,25449,
820,,,,25450,3.837283293250948e-05
821,3.4164037060691044e-05,0.0,0.0,25459,
821,3.195059616700746e-05,0.0,0.0,25469,
821,3.323821511003189e-05,0.0,0.0,25479,
821,,,,25481,3.700836168718524e-05
822,3.0909643101040274e-05,0.0,0.0,25489,
822,3.2585659937467426e-05,0.0,0.0,25499,
822,3.208098860341124e-05,0.0,0.0,25509,
822,,,,25512,3.6904846638208255e-05
823,3.643598029157147e-05,0.0,0.0,25519,
823,3.0063614758546464e-05,0.0,0.0,25529,
823,3.1237279472406954e-05,0.0,0.0,25539,
823,,,,25543,3.650746293715201e-05
824,3.446252958383411e-05,0.0,0.0,25549,
824,3.3077529224101454e-05,0.0,0.0,25559,
824,3.154717342113145e-05,0.0,0.0,25569,
824,,,,25574,3.636095061665401e-05
825,3.834578092209995e-05,0.0,0.0,25579,
825,3.318442395539023e-05,0.0,0.0,25589,
825,3.076660505030304e-05,0.0,0.0,25599,
825,,,,25605,3.594232111936435e-05
826,3.3948366763070226e-05,0.0,0.0,25609,
826,3.5731689422391355e-05,0.0,0.0,25619,
826,3.527445369400084e-05,0.0,0.0,25629,
826,,,,25636,3.6210760299582034e-05
827,3.3071159123210236e-05,0.0,0.0,25639,
827,3.534837014740333e-05,0.0,0.0,25649,
827,3.508061490720138e-05,0.0,0.0,25659,
827,,,,25667,3.61290221917443e-05
828,3.495025521260686e-05,0.0,0.0,25669,
828,3.492945324978791e-05,0.0,0.0,25679,
828,3.4035703720292076e-05,0.0,0.0,25689,
828,,,,25698,3.608192128012888e-05
829,3.242437378503382e-05,0.0,0.0,25699,
829,3.290539825684391e-05,0.0,0.0,25709,
829,3.191786527168006e-05,0.0,0.0,25719,
829,2.006732756854035e-05,0.0,0.0,25729,
829,,,,25729,3.732437835424207e-05
830,3.250948429922573e-05,0.0,0.0,25739,
830,3.382267459528521e-05,0.0,0.0,25749,
830,3.185461537213996e-05,0.0,0.0,25759,
830,,,,25760,3.540226680343039e-05
831,3.0680352210765705e-05,0.0,0.0,25769,
831,3.171844218741171e-05,0.0,0.0,25779,
831,3.524055500747636e-05,0.0,0.0,25789,
831,,,,25791,3.565830775187351e-05
832,3.2228577765636146e-05,0.0,0.0,25799,
832,3.304916026536375e-05,0.0,0.0,25809,
832,3.160165579174645e-05,0.0,0.0,25819,
832,,,,25822,3.626909528975375e-05
833,3.1920670153340325e-05,0.0,0.0,25829,
833,2.9673496101167984e-05,0.0,0.0,25839,
833,3.0464450901490636e-05,0.0,0.0,25849,
833,,,,25853,3.6144359910394996e-05
834,3.6012479540659115e-05,0.0,0.0,25859,
834,3.2044332328950986e-05,0.0,0.0,25869,
834,3.137882595183328e-05,0.0,0.0,25879,
834,,,,25884,3.505966014927253e-05
835,3.4335720556555316e-05,0.0,0.0,25889,
835,3.195659155608155e-05,0.0,0.0,25899,
835,3.256749550928362e-05,0.0,0.0,25909,
835,,,,25915,3.6269866541260853e-05
836,5.0997794460272416e-05,0.0,0.0,25919,
836,3.923418262274936e-05,0.0,0.0,25929,
836,3.472360549494624e-05,0.0,0.0,25939,
836,,,,25946,3.638073394540697e-05
837,3.429555727052502e-05,0.0,0.0,25949,
837,3.151878991047852e-05,0.0,0.0,25959,
837,3.321380791021511e-05,0.0,0.0,25969,
837,,,,25977,3.759931860258803e-05
838,3.458150240476243e-05,0.0,0.0,25979,
838,3.0980729206930846e-05,0.0,0.0,25989,
838,3.335496876388788e-05,0.0,0.0,25999,
838,,,,26008,3.665340773295611e-05
839,3.2894869946176186e-05,0.0,0.0,26009,
839,3.130842378595844e-05,0.0,0.0,26019,
839,2.9575039661722258e-05,0.0,0.0,26029,
839,1.9783738025580533e-05,0.0,0.0,26039,
839,,,,26039,3.580284464987926e-05
840,3.329397804918699e-05,0.0,0.0,26049,
840,3.527115404722281e-05,0.0,0.0,26059,
840,3.129328615614213e-05,0.0,0.0,26069,
840,,,,26070,3.6094264942221344e-05
841,2.9021121008554474e-05,0.0,0.0,26079,
841,3.096293949056417e-05,0.0,0.0,26089,
841,3.2653111702529714e-05,0.0,0.0,26099,
841,,,,26101,3.533422204782255e-05
842,3.4656066418392584e-05,0.0,0.0,26109,
842,3.121781992376782e-05,0.0,0.0,26119,
842,3.1360705179395154e-05,0.0,0.0,26129,
842,,,,26132,3.522030601743609e-05
843,3.279460725025274e-05,0.0,0.0,26139,
843,2.8754526283591986e-05,0.0,0.0,26149,
843,2.9834103770554066e-05,0.0,0.0,26159,
843,,,,26163,3.530327376211062e-05
844,3.558535172487609e-05,0.0,0.0,26169,
844,3.0941162549424917e-05,0.0,0.0,26179,
844,3.136274608550593e-05,0.0,0.0,26189,
844,,,,26194,3.556862429832108e-05
845,4.3648517021210864e-05,0.0,0.0,26199,
845,3.500254388200119e-05,0.0,0.0,26209,
845,3.069012745982036e-05,0.0,0.0,26219,
845,,,,26225,3.549594839569181e-05
846,3.464440305833705e-05,0.0,0.0,26229,
846,3.5465109249344096e-05,0.0,0.0,26239,
846,3.2140091207111254e-05,0.0,0.0,26249,
846,,,,26256,3.675900734378956e-05
847,3.4971479180967435e-05,0.0,0.0,26259,
847,3.2923406251939014e-05,0.0,0.0,26269,
847,3.2282317988574505e-05,0.0,0.0,26279,
847,,,,26287,3.643556556198746e-05
848,3.736347207450308e-05,0.0,0.0,26289,
848,3.1853232940193266e-05,0.0,0.0,26299,
848,3.282599936937913e-05,0.0,0.0,26309,
848,,,,26318,3.5316366847837344e-05
849,3.1616487831342965e-05,0.0,0.0,26319,
849,3.180734347552061e-05,0.0,0.0,26329,
849,2.9690441806451418e-05,0.0,0.0,26339,
849,1.966550189536065e-05,0.0,0.0,26349,
849,,,,26349,3.482380270725116e-05
850,3.247587301302701e-05,0.0,0.0,26359,
850,3.350195402163081e-05,0.0,0.0,26369,
850,3.072899198741652e-05,0.0,0.0,26379,
850,,,,26380,3.4816530387615785e-05
851,3.0729650461580604e-05,0.0,0.0,26389,
851,3.067660873057321e-05,0.0,0.0,26399,
851,3.1207917345454916e-05,0.0,0.0,26409,
851,,,,26411,3.470278170425445e-05
852,3.126034789602272e-05,0.0,0.0,26419,
852,3.06055553664919e-05,0.0,0.0,26429,
852,3.054615808650851e-05,0.0,0.0,26439,
852,,,,26442,3.417850166442804e-05
853,3.316925358376466e-05,0.0,0.0,26449,
853,3.153299985569902e-05,0.0,0.0,26459,
853,3.108740202151239e-05,0.0,0.0,26469,
853,,,,26473,3.6169603845337406e-05
854,3.4126707760151476e-05,0.0,0.0,26479,
854,3.162737630191259e-05,0.0,0.0,26489,
854,3.092866245424375e-05,0.0,0.0,26499,
854,,,,26504,3.686211130116135e-05
855,3.408926204429008e-05,0.0,0.0,26509,
855,3.1134404707700014e-05,0.0,0.0,26519,
855,3.088310040766373e-05,0.0,0.0,26529,
855,,,,26535,3.712715988513082e-05
856,3.380274210940115e-05,0.0,0.0,26539,
856,3.323294367874041e-05,0.0,0.0,26549,
856,3.1750209018355235e-05,0.0,0.0,26559,
856,,,,26566,3.4877150028478354e-05
857,3.069997183047235e-05,0.0,0.0,26569,
857,3.268422733526677e-05,0.0,0.0,26579,
857,3.209064016118646e-05,0.0,0.0,26589,
857,,,,26597,3.741716136573814e-05
858,3.3919797715498134e-05,0.0,0.0,26599,
858,2.959627818199806e-05,0.0,0.0,26609,
858,3.385301897651516e-05,0.0,0.0,26619,
858,,,,26628,3.68424371117726e-05
859,3.309475869173184e-05,0.0,0.0,26629,
859,3.339169779792428e-05,0.0,0.0,26639,
859,3.0298677302198485e-05,0.0,0.0,26649,
859,1.917962981679011e-05,0.0,0.0,26659,
859,,,,26659,3.637707413872704e-05
860,3.522587940096855e-05,0.0,0.0,26669,
860,3.262722020735964e-05,0.0,0.0,26679,
860,3.05409703287296e-05,0.0,0.0,26689,
860,,,,26690,3.5258923162473366e-05
861,3.1524545192951337e-05,0.0,0.0,26699,
861,2.9678076316486113e-05,0.0,0.0,26709,
861,3.16348705382552e-05,0.0,0.0,26719,
861,,,,26721,3.5364351788302884e-05
862,3.2354455470340326e-05,0.0,0.0,26729,
862,3.0415818400797434e-05,0.0,0.0,26739,
862,3.070113598369062e-05,0.0,0.0,26749,
862,,,,26752,3.55904339812696e-05
863,3.106033182120882e-05,0.0,0.0,26759,
863,2.8509966796264052e-05,0.0,0.0,26769,
863,2.9832939617335796e-05,0.0,0.0,26779,
863,,,,26783,3.4634951589396223e-05
864,4.097727287444286e-05,0.0,0.0,26789,
864,3.330714753246866e-05,0.0,0.0,26799,
864,2.9535127396229655e-05,0.0,0.0,26809,
864,,,,26814,3.461656888248399e-05
865,3.06433103105519e-05,0.0,0.0,26819,
865,2.9795137379551306e-05,0.0,0.0,26829,
865,2.8994614694966003e-05,0.0,0.0,26839,
865,,,,26845,3.455441401456483e-05
866,3.609434861573391e-05,0.0,0.0,26849,
866,3.688381184474565e-05,0.0,0.0,26859,
866,3.088172525167465e-05,0.0,0.0,26869,
866,,,,26876,3.462368840700947e-05
867,2.9238050046842545e-05,0.0,0.0,26879,
867,3.0570448871003464e-05,0.0,0.0,26889,
867,3.113373531959951e-05,0.0,0.0,26899,
867,,,,26907,3.4473821870051324e-05
868,3.237741475459188e-05,0.0,0.0,26909,
868,3.176507379976101e-05,0.0,0.0,26919,
868,3.2822594221215695e-05,0.0,0.0,26929,
868,,,,26938,3.421288056415506e-05
869,3.0505016184179112e-05,0.0,0.0,26939,
869,3.0511126169585623e-05,0.0,0.0,26949,
869,2.8542748623294756e-05,0.0,0.0,26959,
869,1.82386465894524e-05,0.0,0.0,26969,
869,,,,26969,3.4225704439450055e-05
870,3.310608008177951e-05,0.0,0.0,26979,
870,3.268616273999214e-05,0.0,0.0,26989,
870,3.0134024200378917e-05,0.0,0.0,26999,
870,,,,27000,3.459668005234562e-05
871,3.137041494483128e-05,0.0,0.0,27009,
871,3.008130079251714e-05,0.0,0.0,27019,
871,3.0269411581684835e-05,0.0,0.0,27029,
871,,,,27031,3.4161083021899685e-05
872,2.9518676456063986e-05,0.0,0.0,27039,
872,2.9340073524508625e-05,0.0,0.0,27049,
872,2.9289509257068858e-05,0.0,0.0,27059,
872,,,,27062,3.371085040271282e-05
873,3.102515620412305e-05,0.0,0.0,27069,
873,2.9760823963442817e-05,0.0,0.0,27079,
873,3.4610169677762315e-05,0.0,0.0,27089,
873,,,,27093,3.5535460483515635e-05
874,4.522042945609428e-05,0.0,0.0,27099,
874,3.3068696211557835e-05,0.0,0.0,27109,
874,3.026922422577627e-05,0.0,0.0,27119,
874,,,,27124,3.52558126905933e-05
875,3.329027822474018e-05,0.0,0.0,27129,
875,3.0206456358428113e-05,0.0,0.0,27139,
875,2.8697644665953703e-05,0.0,0.0,27149,
875,,,,27155,3.428122363402508e-05
876,3.036832822544966e-05,0.0,0.0,27159,
876,3.2613879739074036e-05,0.0,0.0,27169,
876,3.057793219340965e-05,0.0,0.0,27179,
876,,,,27186,3.448106144787744e-05
877,3.0503502784995362e-05,0.0,0.0,27189,
877,3.269986336817965e-05,0.0,0.0,27199,
877,3.2399690098827705e-05,0.0,0.0,27209,
877,,,,27217,3.435333201196045e-05
878,3.0265327950473875e-05,0.0,0.0,27219,
878,2.7806197977042757e-05,0.0,0.0,27229,
878,3.085227217525244e-05,0.0,0.0,27239,
878,,,,27248,3.3558324503246695e-05
879,2.9876911867177114e-05,0.0,0.0,27249,
879,3.334755092510022e-05,0.0,0.0,27259,
879,2.8469314202084206e-05,0.0,0.0,27269,
879,1.7756032320903614e-05,0.0,0.0,27279,
879,,,,27279,3.342103082104586e-05
880,3.27284615195822e-05,0.0,0.0,27289,
880,3.1799958378542215e-05,0.0,0.0,27299,
880,2.9429540518322028e-05,0.0,0.0,27309,
880,,,,27310,3.51923044945579e-05
881,3.180859130225144e-05,0.0,0.0,27319,
881,2.96443158731563e-05,0.0,0.0,27329,
881,3.0486935429507867e-05,0.0,0.0,27339,
881,,,,27341,3.501078026602045e-05
882,3.107216616626829e-05,0.0,0.0,27349,
882,3.016140362888109e-05,0.0,0.0,27359,
882,2.919152393587865e-05,0.0,0.0,27369,
882,,,,27372,3.4652937756618485e-05
883,2.911389310611412e-05,0.0,0.0,27379,
883,2.7119964215671644e-05,0.0,0.0,27389,
883,2.8053416826878674e-05,0.0,0.0,27399,
883,,,,27403,3.31365481542889e-05
884,3.28437818097882e-05,0.0,0.0,27409,
884,3.059696973650716e-05,0.0,0.0,27419,
884,3.024279067176394e-05,0.0,0.0,27429,
884,,,,27434,3.335983637953177e-05
885,4.2778188799275085e-05,0.0,0.0,27439,
885,2.9814404115313664e-05,0.0,0.0,27449,
885,3.000841934408527e-05,0.0,0.0,27459,
885,,,,27465,3.478434155113064e-05
886,2.9518425435526296e-05,0.0,0.0,27469,
886,3.2115036447066814e-05,0.0,0.0,27479,
886,3.0253302611527033e-05,0.0,0.0,27489,
886,,,,27496,3.3918484405148774e-05
887,3.293041663710028e-05,0.0,0.0,27499,
887,3.279685552115552e-05,0.0,0.0,27509,
887,3.085523349000141e-05,0.0,0.0,27519,
887,,,,27527,3.2650055800331756e-05
888,2.9378712497418746e-05,0.0,0.0,27529,
888,2.8710946935461834e-05,0.0,0.0,27539,
888,3.0754443287150934e-05,0.0,0.0,27549,
888,,,,27558,3.278209624113515e-05
889,2.9042494134046137e-05,0.0,0.0,27559,
889,2.87022085103672e-05,0.0,0.0,27569,
889,2.8257618396310136e-05,0.0,0.0,27579,
889,1.7664735423750244e-05,0.0,0.0,27589,
889,,,,27589,3.4209442674182355e-05
890,3.192884832969867e-05,0.0,0.0,27599,
890,3.200169521733187e-05,0.0,0.0,27609,
890,2.890148971346207e-05,0.0,0.0,27619,
890,,,,27620,3.2641990401316434e-05
891,2.8552367439260706e-05,0.0,0.0,27629,
891,2.925424814748112e-05,0.0,0.0,27639,
891,3.5878681956091896e-05,0.0,0.0,27649,
891,,,,27651,3.7450514355441555e-05
892,3.012584784300998e-05,0.0,0.0,27659,
892,3.037797796423547e-05,0.0,0.0,27669,
892,2.8727803510264494e-05,0.0,0.0,27679,
892,,,,27682,3.365903103258461e-05
893,3.506837674649432e-05,0.0,0.0,27689,
893,2.7783635232481174e-05,0.0,0.0,27699,
893,2.8332689907983877e-05,0.0,0.0,27709,
893,,,,27713,3.390907295397483e-05
894,3.234917312511243e-05,0.0,0.0,27719,
894,2.9621754947584122e-05,0.0,0.0,27729,
894,2.8372254746500403e-05,0.0,0.0,27739,
894,,,,27744,3.3459891710663214e-05
895,3.8207610487006605e-05,0.0,0.0,27749,
895,2.8440703317755833e-05,0.0,0.0,27759,
895,2.8012438633595593e-05,0.0,0.0,27769,
895,,,,27775,3.284223566879518e-05
896,3.243039100198075e-05,0.0,0.0,27779,
896,3.1761079299030825e-05,0.0,0.0,27789,
896,3.005477810802404e-05,0.0,0.0,27799,
896,,,,27806,3.2917487260419875e-05
897,3.315266076242551e-05,0.0,0.0,27809,
897,2.928305184468627e-05,0.0,0.0,27819,
897,3.050553277716972e-05,0.0,0.0,27829,
897,,,,27837,3.549375105649233e-05
898,4.066996552865021e-05,0.0,0.0,27839,
898,3.1003808544483036e-05,0.0,0.0,27849,
898,3.084536365349777e-05,0.0,0.0,27859,
898,,,,27868,3.2797037420095876e-05
899,2.9093191187712364e-05,0.0,0.0,27869,
899,2.7028832846553996e-05,0.0,0.0,27879,
899,2.6646110200090334e-05,0.0,0.0,27889,
899,1.687715484877117e-05,0.0,0.0,27899,
899,,,,27899,3.296772774774581e-05
900,3.0422299460042268e-05,0.0,0.0,27909,
900,3.109726094407961e-05,0.0,0.0,27919,
900,2.82456476270454e-05,0.0,0.0,27929,
900,,,,27930,3.3501182770123705e-05
901,2.8074402507627383e-05,0.0,0.0,27939,
901,2.7832478735945188e-05,0.0,0.0,27949,
901,2.864335874619428e-05,0.0,0.0,27959,
901,,,,27961,3.325177385704592e-05
902,2.928098547272384e-05,0.0,0.0,27969,
902,2.808028511935845e-05,0.0,0.0,27979,
902,2.9163404178689234e-05,0.0,0.0,27989,
902,,,,27992,3.2951775210676715e-05
903,2.8833177566411905e-05,0.0,0.0,27999,
903,2.667962689884007e-05,0.0,0.0,28009,
903,2.7871315978700295e-05,0.0,0.0,28019,
903,,,,28023,3.2951975299511105e-05
904,3.0731600418221205e-05,0.0,0.0,28029,
904,2.9843860829714686e-05,0.0,0.0,28039,
904,2.7946973204961978e-05,0.0,0.0,28049,
904,,,,28054,3.617408947320655e-05
905,3.0269107810454443e-05,0.0,0.0,28059,
905,3.0004135624039918e-05,0.0,0.0,28069,
905,2.841147215804085e-05,0.0,0.0,28079,
905,,,,28085,3.211172588635236e-05
906,3.56284981535282e-05,0.0,0.0,28089,
906,3.470265801297501e-05,0.0,0.0,28099,
906,2.9144835934857838e-05,0.0,0.0,28109,
906,,,,28116,3.2013260351959616e-05
907,2.6576200980343856e-05,0.0,0.0,28119,
907,2.8302147256908938e-05,0.0,0.0,28129,
907,2.8781729270122014e-05,0.0,0.0,28139,
907,,,,28147,3.212001684005372e-05
908,3.055080378544517e-05,0.0,0.0,28149,
908,3.127217132714577e-05,0.0,0.0,28159,
908,2.980767203553114e-05,0.0,0.0,28169,
908,,,,28178,3.179193663527258e-05
909,2.806869088090025e-05,0.0,0.0,28179,
909,2.708092324610334e-05,0.0,0.0,28189,
909,2.611854324641172e-05,0.0,0.0,28199,
909,1.6543743186048232e-05,0.0,0.0,28209,
909,,,,28209,3.182893124176189e-05
910,3.01231393677881e-05,0.0,0.0,28219,
910,3.2149360777111724e-05,0.0,0.0,28229,
910,2.786917502817232e-05,0.0,0.0,28239,
910,,,,28240,3.1586452678311616e-05
911,3.1332383514381945e-05,0.0,0.0,28249,
911,2.802552808134351e-05,0.0,0.0,28259,
911,2.95423324132571e-05,0.0,0.0,28269,
911,,,,28271,3.3061016438296065e-05
912,3.357260720804334e-05,0.0,0.0,28279,
912,2.7926862458116375e-05,0.0,0.0,28289,
912,2.7824366043205373e-05,0.0,0.0,28299,
912,,,,28302,3.233804090996273e-05
913,2.757298352662474e-05,0.0,0.0,28309,
913,2.539747947594151e-05,0.0,0.0,28319,
913,2.7205598598811775e-05,0.0,0.0,28329,
913,,,,28333,3.1899155146675184e-05
914,4.688861736212857e-05,0.0,0.0,28339,
914,2.8763914087903686e-05,0.0,0.0,28349,
914,2.771874460449908e-05,0.0,0.0,28359,
914,,,,28364,3.185927198501304e-05
915,3.078086956520565e-05,0.0,0.0,28369,
915,2.9216222173999995e-05,0.0,0.0,28379,
915,2.7276970286038704e-05,0.0,0.0,28389,
915,,,,28395,3.483972977846861e-05
916,3.193194788764231e-05,0.0,0.0,28399,
916,3.1335512176156044e-05,0.0,0.0,28409,
916,2.9128612368367612e-05,0.0,0.0,28419,
916,,,,28426,3.444370668148622e-05
917,3.328646198497154e-05,0.0,0.0,28429,
917,2.845267954398878e-05,0.0,0.0,28439,
917,2.8597141863428988e-05,0.0,0.0,28449,
917,,,,28457,3.43122701451648e-05
918,3.553971691871993e-05,0.0,0.0,28459,
918,2.9958817322039977e-05,0.0,0.0,28469,
918,3.0288634661701508e-05,0.0,0.0,28479,
918,,,,28488,3.353050124133006e-05
919,2.9765233193757012e-05,0.0,0.0,28489,
919,2.7986196073470637e-05,0.0,0.0,28499,
919,2.675461655599065e-05,0.0,0.0,28509,
919,1.6860849427757785e-05,0.0,0.0,28519,
919,,,,28519,3.2045183615991846e-05
920,3.0151399187161587e-05,0.0,0.0,28529,
920,2.9707867724937387e-05,0.0,0.0,28539,
920,2.9171715141274035e-05,0.0,0.0,28549,
920,,,,28550,3.1652474717702717e-05
921,2.8059594114893116e-05,0.0,0.0,28559,
921,2.7163272534380667e-05,0.0,0.0,28569,
921,3.1112813303479925e-05,0.0,0.0,28579,
921,,,,28581,3.3826978324213997e-05
922,3.1389838113682345e-05,0.0,0.0,28589,
922,2.8378372007864527e-05,0.0,0.0,28599,
922,2.843846414180007e-05,0.0,0.0,28609,
922,,,,28612,3.144612492178567e-05
923,2.7221865821047686e-05,0.0,0.0,28619,
923,2.597750244603958e-05,0.0,0.0,28629,
923,2.7701069484464824e-05,0.0,0.0,28639,
923,,,,28643,3.3305117540294304e-05
924,2.9063696274533868e-05,0.0,0.0,28649,
924,2.8685393772320822e-05,0.0,0.0,28659,
924,2.6547104425844736e-05,0.0,0.0,28669,
924,,,,28674,3.247934364480898e-05
925,3.203378582838923e-05,0.0,0.0,28679,
925,2.9545943107223138e-05,0.0,0.0,28689,
925,2.8763719456037506e-05,0.0,0.0,28699,
925,,,,28705,3.715441198437475e-05
926,2.9622033252962865e-05,0.0,0.0,28709,
926,3.0335575502249412e-05,0.0,0.0,28719,
926,2.865989154088311e-05,0.0,0.0,28729,
926,,,,28736,3.3732285373844206e-05
927,2.8367596314637922e-05,0.0,0.0,28739,
927,2.8883943741675466e-05,0.0,0.0,28749,
927,3.018788447661791e-05,0.0,0.0,28759,
927,,,,28767,3.246623236918822e-05
928,3.317228038213216e-05,0.0,0.0,28769,
928,2.7907331968890503e-05,0.0,0.0,28779,
928,2.9806449674651958e-05,0.0,0.0,28789,
928,,,,28798,3.3653504942776635e-05
929,2.9927337891422212e-05,0.0,0.0,28799,
929,2.690888686629478e-05,0.0,0.0,28809,
929,2.5332958102808334e-05,0.0,0.0,28819,
929,1.6209209206863306e-05,0.0,0.0,28829,
929,,,,28829,3.3143751352326944e-05
930,2.8447926524677314e-05,0.0,0.0,28839,
930,2.9541110052377917e-05,0.0,0.0,28849,
930,2.680195393622853e-05,0.0,0.0,28859,
930,,,,28860,3.229053254472092e-05
931,2.7558509827940725e-05,0.0,0.0,28869,
931,2.65694015979534e-05,0.0,0.0,28879,
931,3.046949495910667e-05,0.0,0.0,28889,
931,,,,28891,3.261162055423483e-05
932,2.9393717341008596e-05,0.0,0.0,28899,
932,2.7066183974966407e-05,0.0,0.0,28909,
932,2.7054420570493676e-05,0.0,0.0,28919,
932,,,,28922,3.096164800808765e-05
933,2.8681371986749582e-05,0.0,0.0,28929,
933,2.5335897589684464e-05,0.0,0.0,28939,
933,2.7043084628530778e-05,0.0,0.0,28949,
933,,,,28953,3.153321813442744e-05
934,3.3749638532754034e-05,0.0,0.0,28959,
934,2.768697595456615e-05,0.0,0.0,28969,
934,2.586423397588078e-05,0.0,0.0,28979,
934,,,,28984,3.160028427373618e-05
935,2.9679227736778557e-05,0.0,0.0,28989,
935,2.7562895411392674e-05,0.0,0.0,28999,
935,2.6399948183097877e-05,0.0,0.0,29009,
935,,,,29015,3.3231262932531536e-05
936,3.8670932553941384e-05,0.0,0.0,29019,
936,3.455900514381938e-05,0.0,0.0,29029,
936,2.8950809792149812e-05,0.0,0.0,29039,
936,,,,29046,3.1022049370221794e-05
937,2.6208344934275374e-05,0.0,0.0,29049,
937,2.6471669116290286e-05,0.0,0.0,29059,
937,2.7684449378284626e-05,0.0,0.0,29069,
937,,,,29077,3.049735641980078e-05
938,2.7944293833570555e-05,0.0,0.0,29079,
938,2.6102634365088306e-05,0.0,0.0,29089,
938,2.876949838537257e-05,0.0,0.0,29099,
938,,,,29108,3.048987127840519e-05
939,2.675498035387136e-05,0.0,0.0,29109,
939,2.6824518499779515e-05,0.0,0.0,29119,
939,2.631656388984993e-05,0.0,0.0,29129,
939,1.5675130271119997e-05,0.0,0.0,29139,
939,,,,29139,3.11967778543476e-05
940,2.8333115551504306e-05,0.0,0.0,29149,
940,2.917202073149383e-05,0.0,0.0,29159,
940,2.8766467949026264e-05,0.0,0.0,29169,
940,,,,29170,3.0847782909404486e-05
941,2.848740950867068e-05,0.0,0.0,29179,
941,2.7359594241715968e-05,0.0,0.0,29189,
941,2.8950205887667835e-05,0.0,0.0,29199,
941,,,,29201,3.393382576177828e-05
942,2.9916847779531963e-05,0.0,0.0,29209,
942,2.799677531584166e-05,0.0,0.0,29219,
942,2.6974717911798507e-05,0.0,0.0,29229,
942,,,,29232,3.094621570198797e-05
943,2.646937355166301e-05,0.0,0.0,29239,
943,2.4227094399975613e-05,0.0,0.0,29249,
943,2.5415340132894926e-05,0.0,0.0,29259,
943,,,,29263,3.0427627280005254e-05
944,2.895486613851972e-05,0.0,0.0,29269,
944,2.7187885280000046e-05,0.0,0.0,29279,
944,2.5920808184309863e-05,0.0,0.0,29289,
944,,,,29294,3.0992538086138666e-05
945,3.280358578194864e-05,0.0,0.0,29299,
945,2.7855634471052326e-05,0.0,0.0,29309,
945,2.7915448299609125e-05,0.0,0.0,29319,
945,,,,29325,3.116400694125332e-05
946,2.674924508028198e-05,0.0,0.0,29329,
946,2.971722642541863e-05,0.0,0.0,29339,
946,2.75755792245036e-05,0.0,0.0,29349,
946,,,,29356,3.0578354198951274e-05
947,2.799025060085114e-05,0.0,0.0,29359,
947,3.065536293433979e-05,0.0,0.0,29369,
947,2.8312673748587258e-05,0.0,0.0,29379,
947,,,,29387,3.0166760552674532e-05
948,2.818349275912624e-05,0.0,0.0,29389,
948,2.9106971851433627e-05,0.0,0.0,29399,
948,2.8842483516200446e-05,0.0,0.0,29409,
948,,,,29418,3.0177636290318333e-05
949,2.64598766079871e-05,0.0,0.0,29419,
949,2.5659051971160807e-05,0.0,0.0,29429,
949,2.4802038751658984e-05,0.0,0.0,29439,
949,1.5144492863328196e-05,0.0,0.0,29449,
949,,,,29449,3.0499986678478308e-05
950,2.809833131323103e-05,0.0,0.0,29459,
950,3.0064204111113213e-05,0.0,0.0,29469,
950,2.594254146970343e-05,0.0,0.0,29479,
950,,,,29480,2.9868499041185714e-05
951,2.5298815671703778e-05,0.0,0.0,29489,
951,2.584144749562256e-05,0.0,0.0,29499,
951,2.6293908376828767e-05,0.0,0.0,29509,
951,,,,29511,3.0349483495228924e-05
952,2.6978144887834787e-05,0.0,0.0,29519,
952,2.6947984224534594e-05,0.0,0.0,29529,
952,2.8873411793028936e-05,0.0,0.0,29539,
952,,,,29542,3.297238436061889e-05
953,2.7996156859444454e-05,0.0,0.0,29549,
953,2.5340383217553608e-05,0.0,0.0,29559,
953,2.5838082365226e-05,0.0,0.0,29569,
953,,,,29573,3.0476499887299724e-05
954,3.536510848789476e-05,0.0,0.0,29579,
954,2.6677091227611527e-05,0.0,0.0,29589,
954,2.541529647714924e-05,0.0,0.0,29599,
954,,,,29604,3.15016986860428e-05
955,3.667543933261186e-05,0.0,0.0,29609,
955,2.7947136914008297e-05,0.0,0.0,29619,
955,2.622968349896837e-05,0.0,0.0,29629,
955,,,,29635,2.9973800337756984e-05
956,2.7157660952070728e-05,0.0,0.0,29639,
956,2.819304609147366e-05,0.0,0.0,29649,
956,2.676950862223748e-05,0.0,0.0,29659,
956,,,,29666,2.9948847441119142e-05
957,2.935379779955838e-05,0.0,0.0,29669,
957,2.8457934604375623e-05,0.0,0.0,29679,
957,2.7724494430003688e-05,0.0,0.0,29689,
957,,,,29697,2.9859747883165255e-05
958,2.903050699387677e-05,0.0,0.0,29699,
958,2.8156588086858392e-05,0.0,0.0,29709,
958,2.8846325221820734e-05,0.0,0.0,29719,
958,,,,29728,3.336297595524229e-05
959,2.9707918656640686e-05,0.0,0.0,29729,
959,2.6163130314671434e-05,0.0,0.0,29739,
959,2.4625182049931027e-05,0.0,0.0,29749,
959,1.4843272765574511e-05,0.0,0.0,29759,
959,,,,29759,2.977413168991916e-05
960,2.6866331609198824e-05,0.0,0.0,29769,
960,2.7908205083804205e-05,0.0,0.0,29779,
960,2.6497693397686817e-05,0.0,0.0,29789,
960,,,,29790,3.0441186027019285e-05
961,2.581686567282304e-05,0.0,0.0,29799,
961,2.5629078663769178e-05,0.0,0.0,29809,
961,3.0516857805196196e-05,0.0,0.0,29819,
961,,,,29821,3.174940502503887e-05
962,2.8394380933605134e-05,0.0,0.0,29829,
962,2.646273424034007e-05,0.0,0.0,29839,
962,2.5673336494946852e-05,0.0,0.0,29849,
962,,,,29852,3.059105438296683e-05
963,2.636578392412048e-05,0.0,0.0,29859,
963,2.5028313757502474e-05,0.0,0.0,29869,
963,2.5676345103420317e-05,0.0,0.0,29879,
963,,,,29883,3.128358002868481e-05
964,3.5073502658633515e-05,0.0,0.0,29889,
964,2.6616371542331763e-05,0.0,0.0,29899,
964,2.4817978555802256e-05,0.0,0.0,29909,
964,,,,29914,2.951702663267497e-05
965,2.739168849075213e-05,0.0,0.0,29919,
965,2.5294952138210647e-05,0.0,0.0,29929,
965,2.4638493414386176e-05,0.0,0.0,29939,
965,,,,29945,3.00767660519341e-05
966,3.297698640380986e-05,0.0,0.0,29949,
966,2.8785245376639068e-05,0.0,0.0,29959,
966,2.679126373550389e-05,0.0,0.0,29969,
966,,,,29976,3.165346788591705e-05
967,3.387105607544072e-05,0.0,0.0,29979,
967,2.7022610083804466e-05,0.0,0.0,29989,
967,2.74956564680906e-05,0.0,0.0,29999,
967,,,,30007,3.0306235203170218e-05
968,2.9317716325749643e-05,0.0,0.0,30009,
968,2.4394865249632858e-05,0.0,0.0,30019,
968,2.7494996174937114e-05,0.0,0.0,30029,
968,,,,30038,3.156112870783545e-05
969,2.784806019917596e-05,0.0,0.0,30039,
969,2.6134999643545598e-05,0.0,0.0,30049,
969,2.484641117916908e-05,0.0,0.0,30059,
969,1.4767771062906832e-05,0.0,0.0,30069,
969,,,,30069,3.089377787546255e-05
970,2.6311785404686816e-05,0.0,0.0,30079,
970,2.800596303131897e-05,0.0,0.0,30089,
970,2.5577679480193183e-05,0.0,0.0,30099,
970,,,,30100,2.9238235583761707e-05
971,2.3281711037270725e-05,0.0,0.0,30109,
971,2.5005718271131627e-05,0.0,0.0,30119,
971,2.9412398362183012e-05,0.0,0.0,30129,
971,,,,30131,2.9975784855196252e-05
972,2.7996291464660317e-05,0.0,0.0,30139,
972,2.6048128347611055e-05,0.0,0.0,30149,
972,2.709609725570772e-05,0.0,0.0,30159,
972,,,,30162,3.034797373402398e-05
973,2.6284345949534327e-05,0.0,0.0,30169,
973,2.3163011064752936e-05,0.0,0.0,30179,
973,2.449165731377434e-05,0.0,0.0,30189,
973,,,,30193,3.0213419449864887e-05
974,3.243415631004609e-05,0.0,0.0,30199,
974,2.7250640414422378e-05,0.0,0.0,30209,
974,2.3820375645300373e-05,0.0,0.0,30219,
974,,,,30224,3.07691479974892e-05
975,2.7156407668371685e-05,0.0,0.0,30229,
975,2.56365801760694e-05,0.0,0.0,30239,
975,2.42377063841559e-05,0.0,0.0,30249,
975,,,,30255,3.0469089324469678e-05
976,2.9101423933752812e-05,0.0,0.0,30259,
976,3.084586205659434e-05,0.0,0.0,30269,
976,2.6284022169420496e-05,0.0,0.0,30279,
976,,,,30286,2.980280805786606e-05
977,2.5502587959636003e-05,0.0,0.0,30289,
977,2.6193085432169028e-05,0.0,0.0,30299,
977,2.597160346340388e-05,0.0,0.0,30309,
977,,,,30317,2.8987156838411465e-05
978,2.711966408242006e-05,0.0,0.0,30319,
978,2.6904779588221572e-05,0.0,0.0,30329,
978,2.7764561309595592e-05,0.0,0.0,30339,
978,,,,30348,2.8963037038920447e-05
979,2.520215457479935e-05,0.0,0.0,30349,
979,2.380416844971478e-05,0.0,0.0,30359,
979,2.3908025468699634e-05,0.0,0.0,30369,
979,1.437245009583421e-05,0.0,0.0,30379,
979,,,,30379,3.0023069484741427e-05
980,3.06332076434046e-05,0.0,0.0,30389,
980,2.7836913432111032e-05,0.0,0.0,30399,
980,2.586842492746655e-05,0.0,0.0,30409,
980,,,,30410,3.1658368243370205e-05
981,2.607176975288894e-05,0.0,0.0,30419,
981,2.451530053804163e-05,0.0,0.0,30429,
981,2.5456016373937018e-05,0.0,0.0,30439,
981,,,,30441,2.8829530492657796e-05
982,2.3529670215793885e-05,0.0,0.0,30449,
982,2.4537963327020407e-05,0.0,0.0,30459,
982,2.4714665414649062e-05,0.0,0.0,30469,
982,,,,30472,2.8545589884743094e-05
983,2.6072424589074217e-05,0.0,0.0,30479,
983,2.300179039593786e-05,0.0,0.0,30489,
983,2.382417551416438e-05,0.0,0.0,30499,
983,,,,30503,2.8593876777449623e-05
984,3.096102227573283e-05,0.0,0.0,30509,
984,2.4996366846607998e-05,0.0,0.0,30519,
984,2.4031718567130156e-05,0.0,0.0,30529,
984,,,,30534,2.9693788746953942e-05
985,3.2674663088982925e-05,0.0,0.0,30539,
985,2.7747748390538618e-05,0.0,0.0,30549,
985,2.542640322644729e-05,0.0,0.0,30559,
985,,,,30565,2.9076072678435594e-05
986,2.758301343419589e-05,0.0,0.0,30569,
986,2.834344377333764e-05,0.0,0.0,30579,
986,2.5331595679745078e-05,0.0,0.0,30589,
986,,,,30596,2.890358337026555e-05
987,2.5078263206523843e-05,0.0,0.0,30599,
987,2.575122198322788e-05,0.0,0.0,30609,
987,2.577109626145102e-05,0.0,0.0,30619,
987,,,,30627,2.989788117702119e-05
988,2.788139317999594e-05,0.0,0.0,30629,
988,2.520249836379662e-05,0.0,0.0,30639,
988,2.668500746949576e-05,0.0,0.0,30649,
988,,,,30658,3.3011066989274696e-05
989,2.9069051379337907e-05,0.0,0.0,30659,
989,2.5236571673303843e-05,0.0,0.0,30669,
989,2.4984508854686283e-05,0.0,0.0,30679,
989,1.4164110325509682e-05,0.0,0.0,30689,
989,,,,30689,2.8603973987628706e-05
990,2.496594242984429e-05,0.0,0.0,30699,
990,2.6879322831518948e-05,0.0,0.0,30709,
990,2.781287366815377e-05,0.0,0.0,30719,
990,,,,30720,2.9262775569804944e-05
991,2.5399227524758317e-05,0.0,0.0,30729,
991,2.4974104235298e-05,0.0,0.0,30739,
991,2.5519862902001478e-05,0.0,0.0,30749,
991,,,,30751,3.844846651190892e-05
992,2.419824704702478e-05,0.0,0.0,30759,
992,2.4882152501959354e-05,0.0,0.0,30769,
992,2.6084233468282036e-05,0.0,0.0,30779,
992,,,,30782,3.3054035156965256e-05
993,2.6210716896457598e-05,0.0,0.0,30789,
993,2.3768261598888785e-05,0.0,0.0,30799,
993,2.3934589989949018e-05,0.0,0.0,30809,
993,,,,30813,2.8957603717572056e-05
994,2.585337460914161e-05,0.0,0.0,30819,
994,2.546535870351363e-05,0.0,0.0,30829,
994,2.3450096705346368e-05,0.0,0.0,30839,
994,,,,30844,3.0360930395545438e-05
995,2.541188041504938e-05,0.0,0.0,30849,
995,2.5249550162698142e-05,0.0,0.0,30859,
995,2.5145080144284293e-05,0.0,0.0,30869,
995,,,,30875,2.931750896095764e-05
996,2.7843230782309547e-05,0.0,0.0,30879,
996,2.9655784601345658e-05,0.0,0.0,30889,
996,2.5283152353949845e-05,0.0,0.0,30899,
996,,,,30906,3.0057442927500233e-05
997,2.7335578124620952e-05,0.0,0.0,30909,
997,2.3870992663432844e-05,0.0,0.0,30919,
997,2.504205986042507e-05,0.0,0.0,30929,
997,,,,30937,3.0162580515025184e-05
998,3.126579395029694e-05,0.0,0.0,30939,
998,2.4936149202403612e-05,0.0,0.0,30949,
998,2.7143090846948326e-05,0.0,0.0,30959,
998,,,,30968,3.022357304871548e-05
999,2.644203050294891e-05,0.0,0.0,30969,
999,2.3197397240437567e-05,0.0,0.0,30979,
999,2.2412146790884435e-05,0.0,0.0,30989,
999,1.3660480362887029e-05,0.0,0.0,30999,
999,,,,30999,2.844123082468286e-05
