epoch,loss,skeleton,smooth,step,val_loss
0,0.31147563457489014,0.13360396027565002,3.419738050070009e-06,9,
0,0.2664187252521515,0.06294562667608261,5.525750566448551e-06,19,
0,0.19694164395332336,0.03844429925084114,7.500197625631699e-06,29,
0,,,,30,0.18399499356746674
1,0.12451338768005371,0.025628581643104553,8.9530112745706e-06,39,
1,0.07826286554336548,0.017245521768927574,1.0546819794399198e-05,49,
1,0.04947463423013687,0.010240810923278332,8.447365871688817e-06,59,
1,,,,61,0.04539744555950165
2,0.04127396643161774,0.006040468346327543,5.523943855223479e-06,69,
2,0.03514206409454346,0.004560471978038549,4.20425158154103e-06,79,
2,0.028342880308628082,0.0038754416164010763,3.4435454381309683e-06,89,
2,,,,92,0.02710854448378086
3,0.025752993300557137,0.0037455991841852665,3.0795324619248277e-06,99,
3,0.022696418687701225,0.0034174390602856874,2.999410298798466e-06,109,
3,0.018616899847984314,0.0028939007315784693,3.3651733701844933e-06,119,
3,,,,123,0.017407609149813652
4,0.017170898616313934,0.0028071829583495855,3.5938933251600247e-06,129,
4,0.014348892495036125,0.0025857696309685707,3.138349484288483e-06,139,
4,0.011279820464551449,0.0022793959360569715,3.524526391629479e-06,149,
4,,,,154,0.010827271267771721
5,0.009975074790418148,0.002141538541764021,3.6432325032365043e-06,159,
5,0.008169840089976788,0.001979699358344078,3.506019766064128e-06,169,
5,0.007562535349279642,0.0018986972281709313,3.877137260133168e-06,179,
5,,,,185,0.006640153471380472
6,0.00641908822581172,0.0018297628266736865,3.7093709579494316e-06,189,
6,0.006252283696085215,0.0017257716972380877,3.7224301649985136e-06,199,
6,0.005235993303358555,0.0016703784931451082,3.524884050420951e-06,209,
6,,,,216,0.0050956993363797665
7,0.00545903854072094,0.001506324391812086,3.751370741156279e-06,219,
7,0.004671528935432434,0.0013717793626710773,3.5799425859295297e-06,229,
7,0.004655683878809214,0.0013274456141516566,3.513881893013604e-06,239,
7,,,,247,0.004226468503475189
8,0.0043100654147565365,0.0012509779771789908,3.3648461794655304e-06,249,
8,0.0036829961463809013,0.0011075101792812347,3.2199397992371814e-06,259,
8,0.003830662928521633,0.0011064383434131742,3.14990052174835e-06,269,
8,,,,278,0.003553032875061035
9,0.0037936910521239042,0.001002639182843268,3.213240006516571e-06,279,
9,0.003682256443426013,0.0009868759661912918,3.3373175938322674e-06,289,
9,0.003183479653671384,0.0008431022288277745,3.1815984584682155e-06,299,
9,0.002942918334156275,0.0015386703889817,1.0433442554358408e-08,309,
9,,,,309,0.003029279876500368
10,0.003250436158850789,0.0008147481130436063,2.916234961958253e-06,319,
10,0.00281796557828784,0.0007830284885130823,2.9079822070343653e-06,329,
10,0.0027547006029635668,0.0007676798850297928,2.976370296892128e-06,339,
10,,,,340,0.0026370433624833822
11,0.0025831658858805895,0.0006924247718416154,2.939870000773226e-06,349,
11,0.002579957479611039,0.0006733614136464894,2.9311029265954858e-06,359,
11,0.0023074918426573277,0.0005755709717050195,3.1012227736937348e-06,369,
11,,,,371,0.002378062577918172
12,0.0022351632360368967,0.0006023901514708996,2.9427865229081362e-06,379,
12,0.0022474408615380526,0.0005517001263797283,3.0437668101512827e-06,389,
12,0.0021389920730143785,0.0005543759325519204,2.8649410523939878e-06,399,
12,,,,402,0.0022100736387073994
13,0.002080292906612158,0.0005505246226675808,2.8253468826733297e-06,409,
13,0.0020878787618130445,0.000514848914463073,2.7272342322248733e-06,419,
13,0.0019329760689288378,0.0004483167140278965,2.9218626877991483e-06,429,
13,,,,433,0.0020819888450205326
14,0.002194672357290983,0.00045388960279524326,2.9933419227745617e-06,439,
14,0.0020102288108319044,0.0004321949672885239,2.692168663998018e-06,449,
14,0.0018431839998811483,0.0004106301930733025,2.78295101452386e-06,459,
14,,,,464,0.0019800770096480846
15,0.001749886549077928,0.0003815367817878723,2.8007018499920378e-06,469,
15,0.0017324164509773254,0.00038017952465452254,2.7304627110424917e-06,479,
15,0.0016957473708316684,0.0003794855729211122,2.7505261641636025e-06,489,
15,,,,495,0.0018961961613968015
16,0.0018934534164145589,0.0003579245531000197,2.6952991447615204e-06,499,
16,0.00175661058165133,0.0003564046637620777,2.620986606416409e-06,509,
16,0.0018403130816295743,0.0003626537218224257,2.5621700388001045e-06,519,
16,,,,526,0.0018246129620820284
17,0.0019519689958542585,0.00033234767033718526,2.704848839130136e-06,529,
17,0.0017256545834243298,0.00031355328974314034,2.5870608624245506e-06,539,
17,0.0017440232913941145,0.00030697949114255607,2.5174711026920704e-06,549,
17,,,,557,0.001760989660397172
18,0.0018146809889003634,0.00031391828088089824,2.519645477150334e-06,559,
18,0.001557101379148662,0.0002835273917298764,2.373609959249734e-06,569,
18,0.001796973985619843,0.0002983220911119133,2.369372623434174e-06,579,
18,,,,588,0.0017033468466252089
19,0.0018784875283017755,0.00027248894912190735,2.3863185560912825e-06,589,
19,0.0017191285733133554,0.00028551273862831295,2.39153951042681e-06,599,
19,0.0016104088863357902,0.00024848183966241777,2.3182633412943687e-06,609,
19,0.0017024587141349912,0.0004622199630830437,9.744133500078078e-09,619,
19,,,,619,0.0016508970875293016
20,0.001964524621143937,0.0002513164945412427,2.2038211682229303e-06,629,
20,0.0016155942576006055,0.000254545797361061,2.1280352484609466e-06,639,
20,0.0016249726759269834,0.0002518098917789757,2.244177949251025e-06,649,
20,,,,650,0.0016031491104513407
21,0.0015903476160019636,0.00024131736427079886,2.111939920723671e-06,659,
21,0.0016573684988543391,0.00022895487200003117,2.1279106476868037e-06,669,
21,0.0014349158154800534,0.0002010148746194318,2.1473738343047444e-06,679,
21,,,,681,0.0015596509911119938
22,0.001416400889866054,0.000213028077268973,2.07425500775571e-06,689,
22,0.0014897688524797559,0.00019496885943226516,2.0969966953998664e-06,699,
22,0.0014292323030531406,0.00020185888570267707,1.9740755305974744e-06,709,
22,,,,712,0.0015200350899249315
23,0.0014684139750897884,0.00021330907475203276,1.9995479760837043e-06,719,
23,0.0014073345810174942,0.00019590932060964406,1.88168758086249e-06,729,
23,0.00133965362329036,0.00017989226034842432,1.893250896500831e-06,739,
23,,,,743,0.0014838840579614043
24,0.0016020659822970629,0.00018504941544961184,2.08062397177855e-06,749,
24,0.0014184156898409128,0.00016452206182293594,1.797143227122433e-06,759,
24,0.0013165016425773501,0.0001664202573010698,1.85584440259845e-06,769,
24,,,,774,0.0014508228050544858
25,0.0012651028810068965,0.00015769324090797454,1.8470952909410698e-06,779,
25,0.0012463878374546766,0.0001544011611258611,1.8232650518257287e-06,789,
25,0.0012052194215357304,0.00016429701645392925,1.78063112343807e-06,799,
25,,,,805,0.0014205147745087743
26,0.0013952406588941813,0.00015701970551162958,1.808098090805288e-06,809,
26,0.0012894028332084417,0.00015694821195211262,1.7223541135535925e-06,819,
26,0.001386596355587244,0.00015716605412308127,1.7509881899968605e-06,829,
26,,,,836,0.001392629463225603
27,0.0015179332112893462,0.00015659494965802878,1.8261059722135542e-06,839,
27,0.0013064492959529161,0.00014815889880992472,1.6990608173728106e-06,849,
27,0.001330068800598383,0.00014095043297857046,1.694450020295335e-06,859,
27,,,,867,0.0013668346218764782
28,0.001439024694263935,0.00014857530186418444,1.7598721342437784e-06,869,
28,0.0011900340905413032,0.00013569231668952852,1.5709996432633488e-06,879,
28,0.0014176438562572002,0.00014165221364237368,1.6116495089590899e-06,889,
28,,,,898,0.0013428154634311795
29,0.0015246778493747115,0.00012893052189610898,1.6186047560040606e-06,899,
29,0.0013555693440139294,0.00013909387052990496,1.6203987343033077e-06,909,
29,0.0012779354583472013,0.00012186790263513103,1.4992515389167238e-06,919,
29,0.0015200593043118715,0.00017605099128559232,8.249762650791581e-09,929,
29,,,,929,0.0013203074922785163
30,0.0016306221950799227,0.0001265077735297382,1.5812072433618596e-06,939,
30,0.001299236319027841,0.00012795283691957593,1.4318667354018544e-06,949,
30,0.0013067988911643624,0.00012318023073021322,1.5995010471669957e-06,959,
30,,,,960,0.0012990954564884305
31,0.001285217935219407,0.00013190039317123592,1.456607833461021e-06,969,
31,0.0013604873092845082,0.00011710317630786449,1.5079141348905978e-06,979,
31,0.0011379985371604562,0.00010927227413048968,1.4278846265369793e-06,989,
31,,,,991,0.0012790084583684802
32,0.001137657673098147,0.00011751712736440822,1.4455731616180856e-06,999,
32,0.0012144091306254268,0.00010734536044765264,1.4297526149675832e-06,1009,
32,0.00116137252189219,0.0001092147795134224,1.358128770334588e-06,1019,
32,,,,1022,0.0012599099427461624
33,0.0012298321817070246,0.00011838865611935034,1.4399433894141112e-06,1029,
33,0.0011387893464416265,0.00011462322436273098,1.3300045793585014e-06,1039,
33,0.0010931594297289848,0.00010348338400945067,1.273753014174872e-06,1049,
33,,,,1053,0.0012416953686624765
34,0.0013602310791611671,0.00010803422628669068,1.542455379421881e-06,1059,
34,0.0011711947154253721,9.585226507624611e-05,1.269451558982837e-06,1069,
34,0.0010952104348689318,9.781024709809572e-05,1.3380401924223406e-06,1079,
34,,,,1084,0.001224268926307559
35,0.0010551267769187689,9.435078391106799e-05,1.3233276376922731e-06,1089,
35,0.0010267426259815693,8.927063754526898e-05,1.3318561968844733e-06,1099,
35,0.0009748280863277614,9.841314749792218e-05,1.2792121424354264e-06,1109,
35,,,,1115,0.0012075521517544985
36,0.0011737017193809152,9.47954467847012e-05,1.3495817938746768e-06,1119,
36,0.0010757182026281953,9.225987741956487e-05,1.2777597930835327e-06,1129,
36,0.0011661407770588994,9.145647345576435e-05,1.3529441957871313e-06,1139,
36,,,,1146,0.001191448071040213
37,0.0013043415965512395,9.367803431814536e-05,1.4073532383918064e-06,1149,
37,0.001101606641896069,9.200121712638065e-05,1.281981553802325e-06,1159,
37,0.001122385379858315,8.527027239324525e-05,1.3133084166838671e-06,1169,
37,,,,1177,0.0011758928885683417
38,0.0012575752334669232,8.8533379312139e-05,1.424545871486771e-06,1179,
38,0.0010030458215624094,8.802375668892637e-05,1.208357730320131e-06,1189,
38,0.0012176320888102055,8.650545350974426e-05,1.2757762988258037e-06,1199,
38,,,,1208,0.0011608455097302794
39,0.0013511617435142398,7.935518078738824e-05,1.2952681345268502e-06,1209,
39,0.0011622537858784199,8.768302359385416e-05,1.2838938800996402e-06,1219,
39,0.0011004392290487885,7.472600555047393e-05,1.1577843679333455e-06,1229,
39,0.00140960025601089,8.051830809563398e-05,6.697088217322289e-09,1239,
39,,,,1239,0.0011462197871878743
40,0.0014400739455595613,8.245464414358139e-05,1.3374674381338991e-06,1249,
40,0.0011293499264866114,7.835379801690578e-05,1.1432382507337024e-06,1259,
40,0.0011226325295865536,7.38809903850779e-05,1.3252104054117808e-06,1269,
40,,,,1270,0.0011318470351397991
41,0.0011068872408941388,9.301390673499554e-05,1.2003667961835163e-06,1279,
41,0.0011914079077541828,7.442960486514494e-05,1.2694453062067623e-06,1289,
41,0.0009632898727431893,6.757622031727806e-05,1.1525085028551985e-06,1299,
41,,,,1301,0.0011176231782883406
42,0.0009834659285843372,8.511843770975247e-05,1.2132992424085387e-06,1309,
42,0.0010434645228087902,7.260451093316078e-05,1.1739659839804517e-06,1319,
42,0.000997617025859654,7.03683981555514e-05,1.1219329962841584e-06,1329,
42,,,,1332,0.0011028529843315482
43,0.00107917794957757,8.011861791601405e-05,1.2341710089458502e-06,1339,
43,0.0009686742560006678,7.948670099722221e-05,1.1111982303191326e-06,1349,
43,0.0009332664776593447,7.15019996277988e-05,1.050912828759465e-06,1359,
43,,,,1363,0.001087623881176114
44,0.0011817330960184336,8.095206430880353e-05,1.3395962241702364e-06,1369,
44,0.0010120588121935725,6.87257997924462e-05,1.073131215889589e-06,1379,
44,0.0009440878056921065,6.743559788446873e-05,1.150318553300167e-06,1389,
44,,,,1394,0.001072037615813315
45,0.0008981029968708754,6.77869247738272e-05,1.1224793752262485e-06,1399,
45,0.000879939878359437,6.46182379568927e-05,1.1529849643920898e-06,1409,
45,0.0008204387850128114,6.738211232004687e-05,1.0968218475682079e-06,1419,
45,,,,1425,0.0010557399364188313
46,0.00102372863329947,6.671418668702245e-05,1.1798916830230155e-06,1429,
46,0.0009253140888176858,6.455398397520185e-05,1.1159999075971427e-06,1439,
46,0.0010131150484085083,6.318082887446508e-05,1.2120941619286896e-06,1449,
46,,,,1456,0.001039565191604197
47,0.00114734738599509,6.959021993679926e-05,1.2563737072923686e-06,1459,
47,0.0009466446354053915,6.272949394769967e-05,1.1268779189776978e-06,1469,
47,0.0009748948505148292,5.97215948801022e-05,1.1756127378248493e-06,1479,
47,,,,1487,0.0010246698511764407
48,0.0011044895509257913,6.403906445484608e-05,1.3026105989411008e-06,1489,
48,0.0008629839867353439,6.076294812373817e-05,1.0718873681980767e-06,1499,
48,0.001064295182004571,6.267663411563262e-05,1.1548614793355227e-06,1509,
48,,,,1518,0.0010109622962772846
49,0.0012057084823027253,5.652601976180449e-05,1.1850909231725382e-06,1519,
49,0.0010187621228396893,6.296513311099261e-05,1.1666007821986568e-06,1529,
49,0.000962564954534173,5.595762195298448e-05,1.0448069360791123e-06,1539,
49,0.0013451619306579232,4.576337232720107e-05,5.6393902880813584e-09,1549,
49,,,,1549,0.000997658004052937
50,0.0012928227661177516,6.180883065098897e-05,1.2579790791278356e-06,1559,
50,0.0009922116296365857,5.69345684198197e-05,1.037398646985821e-06,1569,
50,0.0009768231539055705,5.360312570701353e-05,1.2227180832269369e-06,1579,
50,,,,1580,0.0009846044704318047
51,0.0009676135377958417,6.395409582182765e-05,1.1063375495723449e-06,1589,
51,0.0010482717771083117,5.649792728945613e-05,1.1791350971179781e-06,1599,
51,0.0008238748414441943,5.072276690043509e-05,1.0436183401907329e-06,1609,
51,,,,1611,0.000972038775216788
52,0.0008627441711723804,6.1001639551250264e-05,1.1340579249008442e-06,1619,
52,0.0009059022995643318,5.739336120313965e-05,1.075084469448484e-06,1629,
52,0.0008618797874078155,5.1678824092959985e-05,1.027251983032329e-06,1639,
52,,,,1642,0.0009601210476830602
53,0.0009620857308618724,6.004998795106076e-05,1.1658651146717602e-06,1649,
53,0.0008251132094301283,6.295898492680863e-05,1.0148215778826852e-06,1659,
53,0.0007985624251887202,5.393376341089606e-05,9.616604756956804e-07,1669,
53,,,,1673,0.000948760483879596
54,0.0010339340660721064,6.766418664483353e-05,1.2555478861031588e-06,1679,
54,0.0008781190845184028,5.4893665947020054e-05,9.9261922059668e-07,1689,
54,0.0008191194501705468,5.8514433476375416e-05,1.0724868388933828e-06,1699,
54,,,,1704,0.0009377624955959618
55,0.0007644169381819665,5.930890984018333e-05,1.029931354423752e-06,1709,
55,0.0007480951026082039,5.2545121434377506e-05,1.065837864189234e-06,1719,
55,0.0006824425072409213,5.7240606111008674e-05,9.99919052446785e-07,1729,
55,,,,1735,0.0009270352893508971
56,0.0008979913545772433,5.552575021283701e-05,1.1098060213043937e-06,1739,
56,0.0007878497126512229,5.3541501984000206e-05,1.0270562142977724e-06,1749,
56,0.0008647640352137387,5.234496347839013e-05,1.1363902103767032e-06,1759,
56,,,,1766,0.0009163729264400899
57,0.0010313043603673577,5.882429104531184e-05,1.2048250255247694e-06,1769,
57,0.000811899546533823,5.6468423281330615e-05,1.042737380885228e-06,1779,
57,0.0008454599301330745,4.819189052795991e-05,1.1006043223460438e-06,1789,
57,,,,1797,0.0009053311077877879
58,0.0009758136002346873,5.243139457888901e-05,1.2499857575676288e-06,1799,
58,0.0007424090872518718,5.557973781833425e-05,9.984865982914926e-07,1809,
58,0.0009309916640631855,5.068866812507622e-05,1.0687386975405389e-06,1819,
58,,,,1828,0.0008936758385971189
59,0.0010931923752650619,4.830165926250629e-05,1.1493631291159545e-06,1829,
59,0.0008895466453395784,5.326588870957494e-05,1.1022646049241303e-06,1839,
59,0.0008332221186719835,4.6196400944609195e-05,9.660967634772533e-07,1849,
59,0.0012960038147866726,3.375213054823689e-05,5.00330310515551e-09,1859,
59,,,,1859,0.0008820026996545494
60,0.0011595373507589102,5.5368793255183846e-05,1.2011380476906197e-06,1869,
60,0.000865398847963661,4.364492997410707e-05,9.684372344054282e-07,1879,
60,0.0008400431252084672,4.38500901509542e-05,1.1552451724128332e-06,1889,
60,,,,1890,0.0008710982510820031
61,0.0008479226962663233,5.439191227196716e-05,1.0402886800875422e-06,1899,
61,0.0009235534816980362,4.51153791800607e-05,1.119767148338724e-06,1909,
61,0.0006931666284799576,4.0785678720567375e-05,9.519684454062372e-07,1919,
61,,,,1921,0.0008607984054833651
62,0.000744097400456667,5.3455529268831015e-05,1.0581559308775468e-06,1929,
62,0.0007902197539806366,4.832713966607116e-05,1.0036915227829013e-06,1939,
62,0.0007555742049589753,4.3111693230457604e-05,9.634180742068565e-07,1949,
62,,,,1952,0.0008504200959578156
63,0.000857431092299521,4.9838748964248225e-05,1.1071548442487256e-06,1959,
63,0.0006963277701288462,5.565776882576756e-05,9.35286550429737e-07,1969,
63,0.0006740022217854857,4.383949999464676e-05,8.82221456777188e-07,1979,
63,,,,1983,0.000839410990010947
64,0.0009107801597565413,6.33901945548132e-05,1.1947920484089991e-06,1989,
64,0.0007612720946781337,4.781064490089193e-05,9.430602858628845e-07,1999,
64,0.0007137348293326795,5.056988084106706e-05,1.0192302397626918e-06,2009,
64,,,,2014,0.0008274907595477998
65,0.0006798752583563328,5.90324416407384e-05,1.0024625680671306e-06,2019,
65,0.000629601941909641,4.896305836155079e-05,9.89860609479365e-07,2029,
65,0.000563990673981607,5.158291241968982e-05,9.169343684334308e-07,2039,
65,,,,2045,0.0008146381587721407
66,0.0007674990338273346,4.489434286369942e-05,1.0326698429707903e-06,2049,
66,0.000665539875626564,4.850518234889023e-05,9.439411883249704e-07,2059,
66,0.0007404133211821318,4.585714850691147e-05,1.0642658025972196e-06,2069,
66,,,,2076,0.0008008848526515067
67,0.0009311156463809311,4.920287392451428e-05,1.1700668665071134e-06,2079,
67,0.000703575205989182,4.460353375179693e-05,9.59813519330055e-07,2089,
67,0.0007475297315977514,3.979999019065872e-05,1.0480912351340521e-06,2099,
67,,,,2107,0.0007869842229411006
68,0.000872204196639359,4.0963219362311065e-05,1.2088980838598218e-06,2109,
68,0.0006425968022085726,4.441969940671697e-05,9.255978170585877e-07,2119,
68,0.0008132422808557749,4.249595804139972e-05,9.876105195871787e-07,2129,
68,,,,2138,0.0007753792451694608
69,0.0009710599551908672,4.178120434517041e-05,1.0875984344238532e-06,2139,
69,0.0007899856427684426,4.248857294442132e-05,1.0461681085871533e-06,2149,
69,0.0007318533025681973,3.8446258258773014e-05,9.065767017091275e-07,2159,
69,0.001254348549991846,3.513402407406829e-05,4.284683718935867e-09,2169,
69,,,,2169,0.0007696205284446478
70,0.001049633021466434,4.5699503971263766e-05,1.1360493772372138e-06,2179,
70,0.0007638546521775424,3.36672856064979e-05,9.139865255747281e-07,2189,
70,0.0007294451934285462,3.694720726343803e-05,1.0995114507750259e-06,2199,
70,,,,2200,0.0007658030954189599
71,0.0007350707892328501,4.12479967053514e-05,9.704319836600916e-07,2209,
71,0.0008053461788222194,3.5488676076056436e-05,1.0334254056942882e-06,2219,
71,0.0005769581184722483,3.381358692422509e-05,8.662891559652053e-07,2229,
71,,,,2231,0.0007569380104541779
72,0.0006553944549523294,4.5168249926064163e-05,1.0347067700422485e-06,2239,
72,0.0006973891868256032,3.808131441473961e-05,9.465111361350864e-07,2249,
72,0.0006370300543494523,3.505881250021048e-05,8.83358381997823e-07,2259,
72,,,,2262,0.0007493348093703389
73,0.0007673220825381577,4.601730688591488e-05,1.0618482519930694e-06,2269,
73,0.0005886273575015366,4.253092993167229e-05,8.712860903870023e-07,2279,
73,0.0005899231182411313,3.431173172430135e-05,8.274195693047659e-07,2289,
73,,,,2293,0.0007420580368489027
74,0.0008192443638108671,4.762468961416744e-05,1.1228520406803e-06,2299,
74,0.0006602357025258243,4.292407902539708e-05,8.757069167586451e-07,2309,
74,0.0006088338559493423,3.687072967295535e-05,9.395313895765867e-07,2319,
74,,,,2324,0.0007334042456932366
75,0.0005479878163896501,5.1227962103439495e-05,8.693432391737588e-07,2329,
75,0.0005466584116220474,4.239997360855341e-05,9.232740580955578e-07,2339,
75,0.0004666397871915251,3.966122312704101e-05,8.390823040826945e-07,2349,
75,,,,2355,0.0007237325189635158
76,0.0006819446571171284,3.702632966451347e-05,1.0030554449258489e-06,2359,
76,0.0005673113046213984,4.776280184159987e-05,8.748022537474753e-07,2369,
76,0.0006399140111170709,4.0109778637997806e-05,9.97507527245034e-07,2379,
76,,,,2386,0.0007140830275602639
77,0.0008196013513952494,4.707302286988124e-05,1.109994968828687e-06,2389,
77,0.000587232003454119,3.777102756430395e-05,8.836177585180849e-07,2399,
77,0.0006370003102347255,4.291291406843811e-05,9.798430937735247e-07,2409,
77,,,,2417,0.0007052271976135671
78,0.0007644359720870852,3.582858698791824e-05,1.1614913546509342e-06,2419,
78,0.0005572130903601646,4.306636401452124e-05,8.678718472765468e-07,2429,
78,0.0007164026028476655,3.5009532439289615e-05,9.206126492244948e-07,2439,
78,,,,2448,0.0006972288829274476
79,0.0008927406161092222,4.130465822527185e-05,1.0747693295343197e-06,2449,
79,0.0007093844469636679,3.611583451856859e-05,1.006188085739268e-06,2459,
79,0.000656355987302959,3.548710446921177e-05,8.534797757420165e-07,2469,
79,0.0012177928583696485,2.8648819352383725e-05,3.872931753079456e-09,2479,
79,,,,2479,0.0006898143910802901
80,0.0009619623888283968,4.129781518713571e-05,1.1037507192668272e-06,2489,
80,0.0006848371122032404,2.860888525901828e-05,8.591958362558216e-07,2499,
80,0.0006343722925521433,3.1926825613481924e-05,1.0271901373926084e-06,2509,
80,,,,2510,0.0006827206816524267
81,0.0006519499002024531,3.894723704434e-05,9.076767923943407e-07,2519,
81,0.0007260643760673702,3.298729643574916e-05,9.789010846361634e-07,2529,
81,0.0004914338351227343,2.9127582820365205e-05,7.861196991143515e-07,2539,
81,,,,2541,0.0006758085801266134
82,0.0005932835629209876,4.1731535020517185e-05,1.0010079449784826e-06,2549,
82,0.0006197532056830823,3.488038419163786e-05,9.03834632026701e-07,2559,
82,0.0005588631029240787,3.4319160477025434e-05,8.210909072658978e-07,2569,
82,,,,2572,0.000668959750328213
83,0.0006902370369061828,3.6490058846538886e-05,9.982778692574357e-07,2579,
83,0.0005104117444716394,4.154851922066882e-05,8.143661602844077e-07,2589,
83,0.0005112262442708015,3.164161535096355e-05,7.748695338705147e-07,2599,
83,,,,2603,0.0006620686617679894
84,0.0007314070244319737,3.866967381327413e-05,1.0416782743050135e-06,2609,
84,0.0006036630365997553,3.529887180775404e-05,8.465763698950468e-07,2619,
84,0.0005336545291356742,3.719615051522851e-05,8.817204957267677e-07,2629,
84,,,,2634,0.0006550714606419206
85,0.00048064906150102615,3.9851380279287696e-05,8.036319627535704e-07,2639,
85,0.00047886124229989946,3.3730299037415534e-05,8.689607398082444e-07,2649,
85,0.00040036748396232724,3.6442790587898344e-05,7.735101235084585e-07,2659,
85,,,,2665,0.0006480115698650479
86,0.0006231749430298805,3.9908049075165763e-05,9.647195611250936e-07,2669,
86,0.0005109572666697204,3.841360376100056e-05,8.439045586783323e-07,2679,
86,0.0005748131079599261,3.597621980588883e-05,9.44533098845568e-07,2689,
86,,,,2696,0.000640974729321897
87,0.0007411162951029837,4.43913449998945e-05,1.0526600817684084e-06,2699,
87,0.0005217921570874751,3.6610010283766314e-05,8.293296787087456e-07,2709,
87,0.0005732660065405071,3.634055610746145e-05,9.326363397121895e-07,2719,
87,,,,2727,0.0006336341029964387
88,0.0006874325918033719,3.33693424181547e-05,1.111086135097139e-06,2729,
88,0.0004931940929964185,4.4041698856744915e-05,8.124415558086184e-07,2739,
88,0.0006584895891137421,3.068480145884678e-05,8.732673677513958e-07,2749,
88,,,,2758,0.0006248366553336382
89,0.000820008572191,3.8285164919216186e-05,1.0237854439765215e-06,2759,
89,0.000645392865408212,3.76845127902925e-05,9.775620810614782e-07,2769,
89,0.0005983730661682785,3.516024662530981e-05,8.11461632110877e-07,2779,
89,0.001187985995784402,2.888492599595338e-05,3.778161339340613e-09,2789,
89,,,,2789,0.0006134752184152603
90,0.0008924854337237775,3.543854472809471e-05,1.0774061820484349e-06,2799,
90,0.0006289291777648032,3.340901093906723e-05,8.39452070522384e-07,2809,
90,0.0005685901851393282,3.315667709102854e-05,9.840858865572955e-07,2819,
90,,,,2820,0.0006034756079316139
91,0.000589571485761553,3.4608718124218285e-05,8.762908692006022e-07,2829,
91,0.0006634345045313239,3.024534998985473e-05,9.399995519743243e-07,2839,
91,0.0004259799316059798,2.853500518540386e-05,7.268943704730191e-07,2849,
91,,,,2851,0.0005954282823950052
92,0.0005219851736910641,3.464928158791736e-05,9.551368975735386e-07,2859,
92,0.0005625758785754442,3.2465839467477053e-05,8.755233693591435e-07,2869,
92,0.0004899610066786408,2.626190507726278e-05,7.75193655044859e-07,2879,
92,,,,2882,0.0005900918040424585
93,0.0006289244629442692,3.361430572113022e-05,9.586887017576373e-07,2889,
93,0.00044236532994545996,2.9016309781582095e-05,7.7335187143035e-07,2899,
93,0.00045814100303687155,2.40816043515224e-05,7.363132681348361e-07,2909,
93,,,,2913,0.000586474547162652
94,0.0006488029030151665,2.961664358736016e-05,9.832315299718175e-07,2919,
94,0.0005477446829900146,2.8528511393233202e-05,8.229850436691777e-07,2929,
94,0.00047828108654357493,2.233669874840416e-05,8.423439226135088e-07,2939,
94,,,,2944,0.0005834835465066135
95,0.0004156545037403703,2.998964009748306e-05,7.564157158412854e-07,2949,
95,0.0004175701760686934,2.339477214263752e-05,8.160342304108781e-07,2959,
95,0.0003473578253760934,2.3669248548685573e-05,7.287960670510074e-07,2969,
95,,,,2975,0.0005796394543722272
96,0.00057032989570871,2.570751530583948e-05,9.360227863908221e-07,2979,
96,0.00046000583097338676,2.5989549612859264e-05,8.199336321013106e-07,2989,
96,0.0005173998069949448,2.165358091588132e-05,9.079083156393608e-07,2999,
96,,,,3006,0.0005749172414653003
97,0.0006856939871795475,3.1594823667546734e-05,1.0213814221060602e-06,3009,
97,0.0004670873750001192,2.3063448679749854e-05,7.920115763226931e-07,3019,
97,0.0005222596228122711,2.3004176910035312e-05,9.044761668519641e-07,3029,
97,,,,3037,0.0005700362962670624
98,0.0006264230469241738,2.262182351842057e-05,1.0881850585064967e-06,3039,
98,0.0004459267947822809,2.372045310039539e-05,7.80654545451398e-07,3049,
98,0.0006027271156199276,2.0299079551477917e-05,8.470132115689921e-07,3059,
98,,,,3068,0.0005652509862557054
99,0.0007609435124322772,2.241768925159704e-05,1.000400061457185e-06,3069,
99,0.0005922645214013755,2.9623150112456642e-05,9.532937497169769e-07,3079,
99,0.0005533229559659958,1.8297674614586867e-05,7.917632842691091e-07,3089,
99,0.0011620126897469163,2.3468890503863804e-05,3.8489336162683685e-09,3099,
99,,,,3099,0.0005606027552857995
100,0.0008355944883078337,2.343471896892879e-05,1.0701219252950978e-06,3109,
100,0.0005884231650270522,2.1382918930612504e-05,8.32133480344055e-07,3119,
100,0.0005185370682738721,1.90894406841835e-05,9.546848787067574e-07,3129,
100,,,,3130,0.0005561193684116006
101,0.0005447962903417647,2.4283328457386233e-05,8.531117146048928e-07,3139,
101,0.0006267411517910659,1.9753164451685734e-05,9.240867484550108e-07,3149,
101,0.0003863315505441278,1.805762803996913e-05,6.852358751530119e-07,3159,
101,,,,3161,0.000551818695385009
102,0.00048284107469953597,2.2260053810896352e-05,9.302733019467269e-07,3169,
102,0.000525849754922092,2.2265963707468472e-05,8.539134341845056e-07,3179,
102,0.0004508832353167236,1.6847949154907838e-05,7.466150009349803e-07,3189,
102,,,,3192,0.000547689909581095
103,0.0005937301903031766,2.548858719819691e-05,9.337096571471193e-07,3199,
103,0.00040397365228272974,2.001462235057261e-05,7.463573297172843e-07,3209,
103,0.0004226353776175529,1.552397407067474e-05,7.04396654782613e-07,3219,
103,,,,3223,0.0005437483778223395
104,0.0006030270596966147,2.250294892292004e-05,9.474836133449571e-07,3229,
104,0.0005136379622854292,1.9472179701551795e-05,8.082206477411091e-07,3239,
104,0.0004469637351576239,1.627309939067345e-05,8.17325144453207e-07,3249,
104,,,,3254,0.0005399786168709397
105,0.00037537774187512696,1.9004537534783594e-05,7.17716034159821e-07,3259,
105,0.0003813810762949288,1.8597382222651504e-05,7.755529622954782e-07,3269,
105,0.0003163111687172204,1.680257628322579e-05,6.885925927235803e-07,3279,
105,,,,3285,0.0005363691598176956
106,0.0005409453879110515,2.2635329514741898e-05,9.086806471714226e-07,3289,
106,0.0004298638377804309,1.9363335013622418e-05,8.02518457021506e-07,3299,
106,0.0004853199643548578,1.6728821719880216e-05,8.831788704810606e-07,3309,
106,,,,3316,0.000532904639840126
107,0.0006499462178908288,2.370905531279277e-05,9.8439852536103e-07,3319,
107,0.00043752952478826046,2.0017432689201087e-05,7.667914019293676e-07,3329,
107,0.0004929857095703483,1.7429581930628046e-05,8.810590088614845e-07,3339,
107,,,,3347,0.0005295724840834737
108,0.0005872996407561004,1.8045364413410425e-05,1.0676571946532931e-06,3349,
108,0.00041936078923754394,1.6177296856767498e-05,7.565511168650119e-07,3359,
108,0.000577662605792284,1.7134001609520055e-05,8.357740739484143e-07,3369,
108,,,,3378,0.0005263697821646929
109,0.0007206926238723099,1.6727837646612898e-05,9.772772955329856e-07,3379,
109,0.0005590195069089532,2.2372050807462074e-05,9.36386697958369e-07,3389,
109,0.0005316128954291344,1.4478908269666135e-05,7.798125238878129e-07,3399,
109,0.0011459527304396033,1.9459801478660665e-05,3.9803085272183125e-09,3409,
109,,,,3409,0.0005233007250353694
110,0.0008063529967330396,1.989191514439881e-05,1.073279463525978e-06,3419,
110,0.000565329915843904,1.5246849216055125e-05,8.300137324113166e-07,3429,
110,0.00048824091209098697,1.594890454725828e-05,9.369647955281835e-07,3439,
110,,,,3440,0.0005203689797781408
111,0.0005171542288735509,2.0322690033935942e-05,8.38277571801882e-07,3449,
111,0.000603164779022336,1.6448355381726287e-05,9.086613204090099e-07,3459,
111,0.0003622555814217776,1.479523052694276e-05,6.493888236036582e-07,3469,
111,,,,3471,0.0005175847909413278
112,0.00045404554111883044,1.9812066966551356e-05,9.086284080694895e-07,3479,
112,0.0005012842593714595,1.8521726815379225e-05,8.314790420627105e-07,3489,
112,0.0004281670553609729,1.5316789358621463e-05,7.263928409884102e-07,3499,
112,,,,3502,0.0005149549688212574
113,0.0005670068203471601,2.1432257199194282e-05,9.101542559619702e-07,3509,
113,0.0003782259300351143,1.84938580787275e-05,7.209979457911686e-07,3519,
113,0.00039970531361177564,1.3203243725001812e-05,6.788538939872524e-07,3529,
113,,,,3533,0.0005124902236275375
114,0.0005704124923795462,2.2602578610531054e-05,9.179635753753246e-07,3539,
114,0.0004906771355308592,1.6074183804448694e-05,8.029871878534323e-07,3549,
114,0.0004258032713551074,1.2914991202706005e-05,8.004273013284546e-07,3559,
114,,,,3564,0.0005102020222693682
115,0.0003488245711196214,1.575127498654183e-05,6.880770229145128e-07,3569,
115,0.0003562413912732154,1.5541489119641483e-05,7.447350185429968e-07,3579,
115,0.00029442083905451,1.4069839380681515e-05,6.572934125870233e-07,3589,
115,,,,3595,0.0005080894334241748
116,0.0005138838896527886,1.873375913419295e-05,8.866641678650922e-07,3599,
116,0.0004052826261613518,1.6398809748352505e-05,7.888798450039758e-07,3609,
116,0.0004630840849131346,1.4955769984226208e-05,8.694368034412037e-07,3619,
116,,,,3626,0.0005061475094407797
117,0.0006186303799040616,2.11445822060341e-05,9.554296411806718e-07,3629,
117,0.00041536008939146996,1.8102609828929417e-05,7.474761787307216e-07,3639,
117,0.0004728091007564217,1.4936757906980347e-05,8.664688948556432e-07,3649,
117,,,,3657,0.0005043618730269372
118,0.0005599388969130814,1.6876443623914383e-05,1.05766378055705e-06,3659,
118,0.00040137406904250383,1.532133319415152e-05,7.386954621324548e-07,3669,
118,0.0005605390761047602,1.4088409443502314e-05,8.343105832864239e-07,3679,
118,,,,3688,0.0005027168663218617
119,0.0006959073361940682,1.358595363853965e-05,9.69602410805237e-07,3689,
119,0.0005357138579711318,1.982442699954845e-05,9.258485533791827e-07,3699,
119,0.0005164347239769995,1.291991793550551e-05,7.766126941533003e-07,3709,
119,0.0011303346836939454,1.6213301933021285e-05,4.065101588679454e-09,3719,
119,,,,3719,0.0005011923494748771
120,0.0007830962422303855,1.795599928300362e-05,1.0809939112732536e-06,3729,
120,0.0005485016154125333,1.273215366381919e-05,8.330070500051079e-07,3739,
120,0.00046569088590331376,1.3935122296970803e-05,9.323092626800644e-07,3749,
120,,,,3750,0.0004997628857381642
121,0.0004962499369867146,1.690623139438685e-05,8.280576935248973e-07,3759,
121,0.000584948982577771,1.3097627743263729e-05,9.032795560415252e-07,3769,
121,0.0003448945644777268,1.3428269994619768e-05,6.247673240977747e-07,3779,
121,,,,3781,0.000498411594890058
122,0.00043115162407048047,2.015475729422178e-05,8.852350674715126e-07,3789,
122,0.0004813107952941209,1.5889969290583394e-05,8.195902978513914e-07,3799,
122,0.0004117605567444116,1.403731857863022e-05,7.167208764258248e-07,3809,
122,,,,3812,0.0004971297457814217
123,0.0005480425897985697,2.0047158614033833e-05,8.961514481597987e-07,3819,
123,0.0003614435263443738,1.7998467228608206e-05,7.077007921907352e-07,3829,
123,0.0003830351051874459,1.2359379979898222e-05,6.617807457587332e-07,3839,
123,,,,3843,0.0004959049983881414
124,0.0005496926023624837,2.143801611964591e-05,9.075042726180982e-07,3849,
124,0.00047353075933642685,1.5958705262164585e-05,8.041204750952602e-07,3859,
124,0.0004115842457395047,1.1726967386493925e-05,7.923936209408566e-07,3869,
124,,,,3874,0.0004947270499542356
125,0.00033152749529108405,1.4693269804411102e-05,6.664009220003209e-07,3879,
125,0.00033631923724897206,1.4051847756491043e-05,7.231757876979827e-07,3889,
125,0.0002780090435408056,1.1932934285141528e-05,6.355543860081525e-07,3899,
125,,,,3905,0.0004935844917781651
126,0.0004951314185746014,1.6671647244947962e-05,8.719073321117321e-07,3909,
126,0.0003846827312372625,1.4231535715225618e-05,7.808352506799565e-07,3919,
126,0.0004452469584066421,1.2511372005974408e-05,8.641092108518933e-07,3929,
126,,,,3936,0.0004924610257148743
127,0.0005937718669883907,1.8271837689098902e-05,9.376381058245897e-07,3939,
127,0.0003987280942965299,1.8059507056022994e-05,7.381792670457799e-07,3949,
127,0.00045818198123015463,1.3596465578302741e-05,8.603735182077799e-07,3959,
127,,,,3967,0.0004913434968329966
128,0.0005414470215328038,1.5723022443125956e-05,1.06367997432244e-06,3969,
128,0.0003884066827595234,1.5851999705773778e-05,7.291815222743026e-07,3979,
128,0.0005476277437992394,1.348316618532408e-05,8.364677341887727e-07,3989,
128,,,,3998,0.0004902235814370215
129,0.000683372956700623,1.289777264901204e-05,9.79439505499613e-07,3999,
129,0.0005199179286137223,1.8223499864689074e-05,9.258166642212018e-07,4009,
129,0.0005058674141764641,1.194244123325916e-05,7.823558121344831e-07,4019,
129,0.0011223293840885162,1.310408697463572e-05,4.211766047035326e-09,4029,
129,,,,4029,0.0004890900454483926
130,0.0007667332538403571,1.840293589339126e-05,1.0963821068799007e-06,4039,
130,0.0005363002419471741,1.117592637456255e-05,8.414130547862442e-07,4049,
130,0.00044821889605373144,1.2597631211974658e-05,9.365874689137854e-07,4059,
130,,,,4060,0.0004879405605606735
131,0.0004791886021848768,1.5240817447192967e-05,8.248627523244068e-07,4069,
131,0.0005719467299059033,1.1560296115931123e-05,9.04031878690148e-07,4079,
131,0.000331507355440408,1.1720068869180977e-05,6.110176968832093e-07,4089,
131,,,,4091,0.00048677666927687824
132,0.00041209213668480515,1.787033943401184e-05,8.685183843226696e-07,4099,
132,0.0004645572043955326,1.4509278116747737e-05,8.170533760676335e-07,4109,
132,0.00039969407953321934,1.349647845927393e-05,7.163479835980979e-07,4119,
132,,,,4122,0.0004856051236856729
133,0.0005351141444407403,1.91624894796405e-05,8.899095291781123e-07,4129,
133,0.00034805163159035146,1.7009257135214284e-05,7.018944643277791e-07,4139,
133,0.0003697454812936485,1.1648773579508997e-05,6.532829388561368e-07,4149,
133,,,,4153,0.00048443718696944416
134,0.0005362755618989468,2.0744071662193164e-05,9.072762168216286e-07,4159,
134,0.0004623500572051853,1.63142667588545e-05,8.126487500703661e-07,4169,
134,0.00040108064422383904,1.0975149962177966e-05,7.910325621196534e-07,4179,
134,,,,4184,0.00048328665434382856
135,0.00031822852906771004,1.379050354444189e-05,6.519386488434975e-07,4189,
135,0.00032129327883012593,1.5444868040503934e-05,7.103259918039839e-07,4199,
135,0.00026735421852208674,1.0780789125419687e-05,6.235181899683084e-07,4209,
135,,,,4215,0.0004821429611183703
136,0.00048092956421896815,1.3828082956024446e-05,8.631266723568842e-07,4219,
136,0.0003680523077491671,1.2145439541200176e-05,7.786214268890035e-07,4229,
136,0.00043068674858659506,1.1587925655476283e-05,8.64010928580683e-07,4239,
136,,,,4246,0.0004810432728845626
137,0.0005744805093854666,1.5850331692490727e-05,9.271627732232446e-07,4249,
137,0.0003857412375509739,1.53920118464157e-05,7.355837396971765e-07,4259,
137,0.00044542725663632154,1.1885214007634204e-05,8.611931434643338e-07,4269,
137,,,,4277,0.00048000895185396075
138,0.0005260846810415387,1.3683757970284205e-05,1.0764024409581907e-06,4279,
138,0.0003783439751714468,1.7559290427016094e-05,7.256506364683446e-07,4289,
138,0.0005355182220228016,1.244538725586608e-05,8.402681714869686e-07,4299,
138,,,,4308,0.0004790452658198774
139,0.0006720926030538976,1.1759945664380211e-05,9.961768228095025e-07,4309,
139,0.0005076861125417054,1.6682110071997158e-05,9.327101793132897e-07,4319,
139,0.0004984551342204213,1.163720207841834e-05,7.934945074339339e-07,4329,
139,0.0011235881829634309,1.1317023563606199e-05,4.428358124641818e-09,4339,
139,,,,4339,0.00047814278514124453
140,0.0007554530166089535,1.7120966731454246e-05,1.117057081501116e-06,4349,
140,0.0005265198415145278,1.1011769856850151e-05,8.54690824780846e-07,4359,
140,0.00043549222755245864,1.098429402190959e-05,9.48552383306378e-07,4369,
140,,,,4370,0.0004772860847879201
141,0.00046758391545154154,1.4732152521901298e-05,8.274095648630464e-07,4379,
141,0.0005619810544885695,1.0192306035605725e-05,9.08970037016843e-07,4389,
141,0.0003216450859326869,1.080304355127737e-05,6.062666102479852e-07,4399,
141,,,,4401,0.00047645752783864737
142,0.00039690264384262264,1.6744974345783703e-05,8.564829272472707e-07,4409,
142,0.0004512532032094896,1.2747082109854091e-05,8.218166271944938e-07,4419,
142,0.00038911140291020274,1.1169205208716448e-05,7.207775638562453e-07,4429,
142,,,,4432,0.0004756289708893746
143,0.0005237538134679198,1.6526133549632505e-05,8.892147889127955e-07,4439,
143,0.00033684977097436786,1.61787338583963e-05,7.02734155311191e-07,4449,
143,0.00035950387245975435,1.0413573363621254e-05,6.517675501527265e-07,4459,
143,,,,4463,0.0004747758212033659
144,0.0005249206442385912,1.9286435417598113e-05,9.117957233684137e-07,4469,
144,0.00045429711462929845,1.5079793229233474e-05,8.264833581961284e-07,4479,
144,0.0003922336036339402,1.0678288163035177e-05,7.93520598563191e-07,4489,
144,,,,4494,0.00047388148959726095
145,0.00030787510331720114,1.3285532077134121e-05,6.438820037146797e-07,4499,
145,0.000311371375573799,1.5695577531005256e-05,7.097235084074782e-07,4509,
145,0.0002599834115244448,9.610705092200078e-06,6.188571433085599e-07,4519,
145,,,,4525,0.00047294225078076124
146,0.0004712811205536127,1.328687540080864e-05,8.598802310189058e-07,4529,
146,0.0003549748216755688,1.1357730727468152e-05,7.797850116730842e-07,4539,
146,0.0004198246751911938,1.036156936606858e-05,8.676997254042362e-07,4549,
146,,,,4556,0.0004719611315522343
147,0.0005601220182143152,1.4108643881627358e-05,9.227293276126147e-07,4559,
147,0.00037641727249138057,1.2251438420207705e-05,7.388317158074642e-07,4569,
147,0.00043485083733685315,1.1189714314241428e-05,8.665953146191896e-07,4579,
147,,,,4587,0.00047094179899431765
148,0.0005119866691529751,1.2339056411292404e-05,1.0891321835515555e-06,4589,
148,0.0003701456298585981,1.6627751392661594e-05,7.267087767104385e-07,4599,
148,0.0005246083601377904,1.0721776561695151e-05,8.469438057545631e-07,4609,
148,,,,4618,0.0004698894335888326
149,0.0006625613896176219,1.0715963071561418e-05,1.0141573056898778e-06,4619,
149,0.0004972429014742374,1.637339300941676e-05,9.42226563438453e-07,4629,
149,0.0004930074792355299,1.0154874871659558e-05,8.068382157944143e-07,4639,
149,0.001128941890783608,1.0922817637037951e-05,4.670102082826588e-09,4649,
149,,,,4649,0.00046880642184987664
150,0.000748171703889966,1.53903201862704e-05,1.1424157264627866e-06,4659,
150,0.0005183637258596718,9.869497262116056e-06,8.702651825842622e-07,4669,
150,0.00042601776658557355,9.51344827626599e-06,9.64828814176144e-07,4679,
150,,,,4680,0.00046769800246693194
151,0.0004589686286635697,1.3230392141849734e-05,8.341928037225443e-07,4689,
151,0.0005553479422815144,9.664253411756363e-06,9.177451829600614e-07,4699,
151,0.0003147018433082849,9.352489541925024e-06,6.085260793042835e-07,4709,
151,,,,4711,0.0004665699671022594
152,0.0003868555068038404,1.618141141079832e-05,8.514738283338374e-07,4719,
152,0.0004413712886162102,1.1082452147093136e-05,8.295174893646617e-07,4729,
152,0.0003797703539021313,1.0084573659696616e-05,7.264604278134357e-07,4739,
152,,,,4742,0.0004654291842598468
153,0.0005141053115949035,1.5224856724671554e-05,8.919624860936892e-07,4749,
153,0.00032753049163147807,1.4619937246607151e-05,7.098719834175427e-07,4759,
153,0.00035185262095183134,8.824295036902186e-06,6.55059295695537e-07,4769,
153,,,,4773,0.00046428237692452967
154,0.0005153239471837878,1.733557292027399e-05,9.18938610539044e-07,4779,
154,0.0004463253717403859,1.3319889148988295e-05,8.382904752579634e-07,4789,
154,0.00038430767017416656,9.958585906133521e-06,7.976326514835819e-07,4799,
154,,,,4804,0.0004631375486496836
155,0.000297784514259547,1.2425681234162766e-05,6.409165393961302e-07,4809,
155,0.0003039746661670506,1.5411327694891952e-05,7.132069299586874e-07,4819,
155,0.0002538605185691267,9.201418833981734e-06,6.190593921928667e-07,4829,
155,,,,4835,0.00046200156793929636
156,0.00046162219950929284,1.1756627827708144e-05,8.636546340312634e-07,4839,
156,0.00034399089054204524,1.1876334610860795e-05,7.822309839866648e-07,4849,
156,0.0004117984790354967,9.453900929656811e-06,8.734709240343363e-07,4859,
156,,,,4866,0.00046088191447779536
157,0.0005489315371960402,1.2970514035259839e-05,9.220349284078111e-07,4869,
157,0.0003683065588120371,9.647570550441742e-06,7.428739081660751e-07,4879,
157,0.0004273674567230046,1.0690479939512443e-05,8.746526418690337e-07,4889,
157,,,,4897,0.0004597896768245846
158,0.0004998810472898185,1.113166035793256e-05,1.0991431054208078e-06,4899,
158,0.0003639576316345483,1.4737382116436493e-05,7.304390123863413e-07,4909,
158,0.0005140558932907879,9.691495506558567e-06,8.550388770345307e-07,4919,
158,,,,4928,0.00045872919145040214
159,0.0006504050688818097,8.935617188399192e-06,1.025740175464307e-06,4929,
159,0.0004883564542979002,1.5863273802096955e-05,9.512667702438193e-07,4939,
159,0.0004887274117209017,9.458606655243784e-06,8.211176805161813e-07,4949,
159,0.0011366426479071379,9.639374184189364e-06,4.9265542756415925e-09,4959,
159,,,,4959,0.0004577057552523911
160,0.0007423245115205646,1.4964821275498252e-05,1.1663062196021201e-06,4969,
160,0.0005119118723087013,8.650954441691283e-06,8.85635529357387e-07,4979,
160,0.00041858668555505574,9.552364645060152e-06,9.802060958463699e-07,4989,
160,,,,4990,0.0004567248106468469
161,0.0004519005597103387,1.161309137387434e-05,8.432023719251447e-07,4999,
161,0.000548800453543663,9.34076069825096e-06,9.267475888918852e-07,5009,
161,0.0003098181914538145,8.0564077507006e-06,6.140779191809997e-07,5019,
161,,,,5021,0.0004557919455692172
162,0.0003800902341026813,1.5061593330756295e-05,8.502298101120687e-07,5029,
162,0.00043286202708259225,1.0073427802126389e-05,8.355339673471462e-07,5039,
162,0.0003711097233463079,9.216232683684211e-06,7.312127081604558e-07,5049,
162,,,,5052,0.00045490823686122894
163,0.0005050196778029203,1.4317894056148361e-05,8.966950986177835e-07,5059,
163,0.0003205411194358021,1.4010603081260342e-05,7.182076160461293e-07,5069,
163,0.00034632347524166107,8.06634398031747e-06,6.606571787415305e-07,5079,
163,,,,5083,0.00045406719436869025
164,0.0005066634039394557,1.572967266838532e-05,9.290207003687101e-07,5089,
164,0.00043895954149775207,1.2007716577500105e-05,8.47813282689458e-07,5099,
164,0.00037697667721658945,9.070957275980618e-06,8.021614803510602e-07,5109,
164,,,,5114,0.00045325609971769154
165,0.00028901445330120623,1.1278155398031231e-05,6.393960347850225e-07,5119,
165,0.0002970599161926657,1.36733933686628e-05,7.153845444918261e-07,5129,
165,0.00024883353034965694,9.12338600755902e-06,6.215135499587632e-07,5139,
165,,,,5145,0.0004524555988609791
166,0.0004526468401309103,1.0293091690982692e-05,8.701452429704659e-07,5149,
166,0.0003359763650223613,1.2367163435555995e-05,7.869045930419816e-07,5159,
166,0.0004048137634526938,9.013552698888816e-06,8.795184953669377e-07,5169,
166,,,,5176,0.0004516495391726494
167,0.0005383030511438847,1.222560149471974e-05,9.224588097822561e-07,5179,
167,0.0003614638699218631,8.310297744174022e-06,7.463871725121862e-07,5189,
167,0.0004223229771014303,9.841895916906651e-06,8.834166465021553e-07,5199,
167,,,,5207,0.00045082412543706596
168,0.0004889187403023243,1.0145958185603376e-05,1.1045171959267464e-06,5209,
168,0.00035845828824676573,1.2259352843102533e-05,7.337770284721046e-07,5219,
168,0.0005058135720901191,8.803128366707824e-06,8.629746730548504e-07,5229,
168,,,,5238,0.0004499720234889537
169,0.0006407958571799099,8.580655048717745e-06,1.032408249557193e-06,5239,
169,0.00048179252189584076,1.4673534678877331e-05,9.59582393988967e-07,5249,
169,0.0004841513582505286,9.316324394603726e-06,8.339422379322059e-07,5259,
169,0.00114390067756176,8.13561837276211e-06,5.1985362681250535e-09,5269,
169,,,,5269,0.00044909262214787304
170,0.0007387443329207599,1.400896053382894e-05,1.187317479889316e-06,5279,
170,0.0005074345390312374,7.4063041211047675e-06,8.994219911073742e-07,5289,
170,0.00041206463356502354,8.98664347914746e-06,9.924094683810836e-07,5299,
170,,,,5300,0.0004481915384531021
171,0.0004458609037101269,1.0542207746766508e-05,8.522019925294444e-07,5309,
171,0.0005434872000478208,9.176240382657852e-06,9.336038147012005e-07,5319,
171,0.00030537121347151697,7.489912150049349e-06,6.186032237565087e-07,5329,
171,,,,5331,0.00044727540807798505
172,0.0003752190968953073,1.3133248103258666e-05,8.49674279379542e-07,5339,
172,0.00042540006688795984,9.294956726080272e-06,8.40395045997866e-07,5349,
172,0.00036424899008125067,8.82584663486341e-06,7.362712040048791e-07,5359,
172,,,,5362,0.0004463476361706853
173,0.0004972726455889642,1.2988529306312557e-05,9.008630286189145e-07,5369,
173,0.0003151513810735196,1.2501091077865567e-05,7.261448899953393e-07,5379,
173,0.00034205405972898006,7.572733920824248e-06,6.659760174443363e-07,5389,
173,,,,5393,0.00044541817624121904
174,0.0004988241707906127,1.4302567251434084e-05,9.408602181792958e-07,5399,
174,0.0004337088903412223,1.1679734598146752e-05,8.568450766688329e-07,5409,
174,0.0003707142604980618,8.645035450172145e-06,8.071648380791885e-07,5419,
174,,,,5424,0.0004444922669790685
175,0.0002820943482220173,1.1389925930416211e-05,6.395278546733607e-07,5429,
175,0.00029178272234275937,1.186663121188758e-05,7.179020826697524e-07,5439,
175,0.0002440708049107343,9.036119081429206e-06,6.23634775820392e-07,5449,
175,,,,5455,0.00044357150909490883
176,0.0004458134062588215,9.66358493315056e-06,8.761971912463196e-07,5459,
176,0.00032985449070110917,1.1718109817593358e-05,7.930849506010418e-07,5469,
176,0.00039967865450307727,8.174912181857508e-06,8.853172062117665e-07,5479,
176,,,,5486,0.00044265520409680903
177,0.0005292590358294547,1.1007494322257116e-05,9.23570496524917e-07,5489,
177,0.00035582069540396333,8.070695912465453e-06,7.501113259422709e-07,5499,
177,0.00041824555955827236,9.599816621630453e-06,8.901740216060716e-07,5509,
177,,,,5517,0.0004417409363668412
178,0.00047801280743442476,1.102242913475493e-05,1.1059263442803058e-06,5519,
178,0.00035365461371839046,1.0688708243833389e-05,7.349396469180647e-07,5529,
178,0.0005006222636438906,7.836234544811305e-06,8.719912898413895e-07,5539,
178,,,,5548,0.00044082518434152007
179,0.0006309402524493635,9.109130587603431e-06,1.0337099638491054e-06,5549,
179,0.0004763220204040408,1.3230476724856999e-05,9.66579591477057e-07,5559,
179,0.0004801208560820669,8.422685823461507e-06,8.433580660494044e-07,5569,
179,0.001150046824477613,7.241572802740848e-06,5.476700426498837e-09,5579,
179,,,,5579,0.00043990564881823957
180,0.0007355259149335325,1.3471118109009694e-05,1.2031113101329538e-06,5589,
180,0.000503856863360852,6.9688426265202e-06,9.109526217798702e-07,5599,
180,0.00040644605178385973,8.421000529779121e-06,1.0013550308940466e-06,5609,
180,,,,5610,0.00043898040894418955
181,0.00044083964894525707,1.077496290236013e-05,8.607699442109151e-07,5619,
181,0.0005393874598667026,8.658400474814698e-06,9.39229437335598e-07,5629,
181,0.00030018543475307524,7.2387260843242984e-06,6.192569799168268e-07,5639,
181,,,,5641,0.00043805004679597914
182,0.0003684814728330821,1.21654584290809e-05,8.451893336314242e-07,5649,
182,0.00042004967690445483,8.880554560164455e-06,8.455934903395246e-07,5659,
182,0.00035912211751565337,8.04795854492113e-06,7.423741976708698e-07,5669,
182,,,,5672,0.0004371173563413322
183,0.0004907387192361057,1.1648403415165376e-05,9.026074963003339e-07,5679,
183,0.0003104553616140038,1.1804378118540626e-05,7.318653274523967e-07,5689,
183,0.0003377626999281347,7.472438483091537e-06,6.691246881018742e-07,5699,
183,,,,5703,0.0004361849860288203
184,0.000492727616801858,1.3797170140605886e-05,9.519204127172998e-07,5709,
184,0.0004302128218114376,1.1179344255651813e-05,8.670106694808055e-07,5719,
184,0.00036686236853711307,8.456050636596046e-06,8.130486435220519e-07,5729,
184,,,,5734,0.0004352587857283652
185,0.00027693805168382823,1.2237344890309032e-05,6.432629220398667e-07,5739,
185,0.00028787655173800886,1.105790215660818e-05,7.199499236776319e-07,5749,
185,0.00023875774058979005,8.473132766084746e-06,6.243528218874417e-07,5759,
185,,,,5765,0.0004343427426647395
186,0.0004418095340952277,9.411053724761587e-06,8.834009008751309e-07,5769,
186,0.0003257750940974802,1.1188350072188769e-05,8.00610507667443e-07,5779,
186,0.0003958858724217862,7.467662271665176e-06,8.917795639717951e-07,5789,
186,,,,5796,0.0004334392724558711
187,0.0005218740552663803,9.80161530605983e-06,9.222289918398019e-07,5799,
187,0.0003513628907967359,8.560417882108595e-06,7.54326606511313e-07,5809,
187,0.00041344339842908084,8.97198697202839e-06,8.924033068069548e-07,5819,
187,,,,5827,0.0004325500049162656
188,0.00046903558541089296,1.2455905562092084e-05,1.1070347909480915e-06,5829,
188,0.00034837465500459075,9.724716619530227e-06,7.328570745812613e-07,5839,
188,0.0004977661883458495,7.317864401557017e-06,8.822918857731565e-07,5849,
188,,,,5858,0.00043167671537958086
189,0.0006212670705281198,9.35984917305177e-06,1.0314528253729804e-06,5859,
189,0.0004726597690023482,1.2374519428703934e-05,9.732307262311224e-07,5869,
189,0.00047585100401192904,7.427577202179236e-06,8.480670317112526e-07,5879,
189,0.001153439050540328,6.3169659370032605e-06,5.750800724513283e-09,5889,
189,,,,5889,0.00043081800686195493
190,0.0007309010834433138,1.2972076547157485e-05,1.212328356814396e-06,5899,
190,0.0005011839093640447,6.7182745624450035e-06,9.210510256707494e-07,5909,
190,0.0004013929865323007,7.968649697431829e-06,1.0082600283567444e-06,5919,
190,,,,5920,0.00042997486889362335
191,0.0004368742520455271,1.0829381608346011e-05,8.688764410180738e-07,5929,
191,0.0005349645507521927,8.05293439043453e-06,9.430091836293286e-07,5939,
191,0.0002949739573523402,6.847766144346679e-06,6.186717200762359e-07,5949,
191,,,,5951,0.00042914587538689375
192,0.00035964540438726544,1.1318791621306445e-05,8.37159404909471e-07,5959,
192,0.0004163746489211917,8.849096957419533e-06,8.517782816852559e-07,5969,
192,0.00035488588036969304,7.184771675383672e-06,7.482586852347595e-07,5979,
192,,,,5982,0.0004283303569536656
193,0.0004844358772970736,1.1085856385761872e-05,9.039065389515599e-07,5989,
193,0.0003057817230001092,1.1181106856383849e-05,7.34139916858112e-07,5999,
193,0.00033381322282366455,7.039377578621497e-06,6.718742611155903e-07,6009,
193,,,,6013,0.00042752883746288717
194,0.000487147452076897,1.3216507795732468e-05,9.584106237525702e-07,6019,
194,0.00042783061508089304,1.0507701517781243e-05,8.779558697824541e-07,6029,
194,0.0003636217152234167,8.10247911431361e-06,8.175225616469106e-07,6039,
194,,,,6044,0.00042674082214944065
195,0.00027363855042494833,1.2129522474424448e-05,6.49359947146877e-07,6049,
195,0.00028387270867824554,1.0700091479520779e-05,7.184349897215725e-07,6059,
195,0.0002340079372515902,7.798890692356508e-06,6.251341346796835e-07,6069,
195,,,,6075,0.00042596718412823975
196,0.0004378392768558115,9.579524885339197e-06,8.894500069800415e-07,6079,
196,0.00032287032809108496,1.076014268619474e-05,8.085795570877963e-07,6089,
196,0.00039238741737790406,6.9038774199725594e-06,8.966371183305455e-07,6099,
196,,,,6106,0.00042520894203335047
197,0.0005159243009984493,9.07672438188456e-06,9.21435059808573e-07,6109,
197,0.0003472955140750855,8.873736987879965e-06,7.575767426715174e-07,6119,
197,0.0004088793939445168,8.221742064051796e-06,8.937171855905035e-07,6129,
197,,,,6137,0.00042446693987585604
198,0.00046124073560349643,1.3038034921919461e-05,1.107798652810743e-06,6139,
198,0.00034374126698821783,8.716360753169283e-06,7.3137516665156e-07,6149,
198,0.0004951308364979923,7.110264505172381e-06,8.896402050595498e-07,6159,
198,,,,6168,0.00042374266195110977
199,0.0006129104294814169,9.446283911529463e-06,1.029495592774765e-06,6169,
199,0.000468883547000587,1.2091130884073209e-05,9.789146133698523e-07,6179,
199,0.00047214177902787924,6.7499490796762984e-06,8.51006404900545e-07,6189,
199,0.0011541004059836268,5.595360562438145e-06,5.994319707269824e-09,6199,
199,,,,6199,0.00042303750524297357
200,0.0007271011709235609,1.2526038517535198e-05,1.2195870340292458e-06,6209,
200,0.0004987430875189602,6.7362948357185815e-06,9.302660828325315e-07,6219,
200,0.00039661789196543396,7.482639375666622e-06,1.0136019454876077e-06,6229,
200,,,,6230,0.0004223540599923581
201,0.0004332858370617032,1.0932838449662086e-05,8.760742389313236e-07,6239,
201,0.0005306477542035282,7.63897241995437e-06,9.453665370529052e-07,6249,
201,0.0002909146132878959,6.741243851138279e-06,6.199095992087678e-07,6259,
201,,,,6261,0.00042169439257122576
202,0.00035094708437100053,1.0728115739766508e-05,8.312612180816359e-07,6269,
202,0.00041309164953418076,9.254853466700297e-06,8.566739779780619e-07,6279,
202,0.00035074647166766226,6.633407792833168e-06,7.523353247052e-07,6289,
202,,,,6292,0.00042106135515496135
203,0.0004791889223270118,1.101888938137563e-05,9.062579238161561e-07,6299,
203,0.000301176420180127,1.0647087947290856e-05,7.340168508562783e-07,6309,
203,0.00033080848515965044,6.717114501952892e-06,6.751984642505704e-07,6319,
203,,,,6323,0.0004204582655802369
204,0.0004812819533981383,1.2541882824734785e-05,9.629288797441404e-07,6329,
204,0.00042562218732200563,1.0241578820568975e-05,8.870949272932194e-07,6339,
204,0.00036014706711284816,7.881292731326539e-06,8.187711841856071e-07,6349,
204,,,,6354,0.00041989044984802604
205,0.00027070901705883443,1.2263279131730087e-05,6.546771373905358e-07,6359,
205,0.00027955969562754035,1.0665356057870667e-05,7.14319128292118e-07,6369,
205,0.0002304150111740455,7.63834123063134e-06,6.267284220484726e-07,6379,
205,,,,6385,0.0004193602071609348
206,0.00043352763168513775,9.819726074056234e-06,8.940758675635152e-07,6389,
206,0.00032061676029115915,1.0558864232734777e-05,8.160365041476325e-07,6399,
206,0.0003886967897415161,6.505105830001412e-06,8.98574285201903e-07,6409,
206,,,,6416,0.00041887242696247995
207,0.0005104921874590218,9.1051133495057e-06,9.208001756633166e-07,6419,
207,0.0003427769406698644,9.057874194695614e-06,7.598216029691685e-07,6429,
207,0.00040536001324653625,8.09533321444178e-06,8.957606496551307e-07,6439,
207,,,,6447,0.0004184278950560838
208,0.00045428238809108734,1.3170906640880276e-05,1.1082729542977177e-06,6449,
208,0.0003406656614970416,8.361673280887771e-06,7.31434795397945e-07,6459,
208,0.000492069055326283,7.302519406948704e-06,8.937511211115634e-07,6469,
208,,,,6478,0.00041802803752943873
209,0.0006069119554013014,9.611915629648138e-06,1.0289137435393059e-06,6479,
209,0.0004644660511985421,1.1938671377720311e-05,9.8320845154376e-07,6489,
209,0.000469409569632262,6.570889581780648e-06,8.540447993254929e-07,6499,
209,0.0011520629050210118,5.129678811499616e-06,6.182251155451013e-09,6509,
209,,,,6509,0.00041766566573642194
210,0.0007246038876473904,1.2388991308398545e-05,1.226007952936925e-06,6519,
210,0.0004959022044204175,7.093637577781919e-06,9.386094461660832e-07,6529,
210,0.00039223392377607524,7.0730056904722005e-06,1.0180083336308599e-06,6539,
210,,,,6540,0.00041732791578397155
211,0.00043007751810364425,1.1121098395960871e-05,8.820395578368334e-07,6549,
211,0.0005273552378639579,7.290605026355479e-06,9.474357511862763e-07,6559,
211,0.0002877514634747058,6.9352931859612e-06,6.221154649210803e-07,6569,
211,,,,6571,0.0004169921448919922
212,0.0003442520392127335,1.039494509313954e-05,8.303170488943579e-07,6579,
212,0.0004096892662346363,9.851034519670065e-06,8.603740866419685e-07,6589,
212,0.0003463355533313006,6.346780082822079e-06,7.549340921286785e-07,6599,
212,,,,6602,0.0004166286962572485
213,0.00047495754552073777,1.1188772987225093e-05,9.089060313272057e-07,6609,
213,0.00029758847085759044,9.761110959516373e-06,7.34534012281074e-07,6619,
213,0.0003289074811618775,6.774054327252088e-06,6.78867934311711e-07,6629,
213,,,,6633,0.000416205613873899
214,0.00047652077046222985,1.1606700354604982e-05,9.67028427112382e-07,6639,
214,0.0004230971971992403,1.02148133009905e-05,8.933827189139265e-07,6649,
214,0.00035696037230081856,7.588435892103007e-06,8.185079991562816e-07,6659,
214,,,,6664,0.0004156975192017853
215,0.00026707464712671936,1.2196533134556375e-05,6.573889095307095e-07,6669,
215,0.00027596793370321393,9.949427294486668e-06,7.116794336070598e-07,6679,
215,0.00022758202976547182,8.002853064681403e-06,6.291284648796136e-07,6689,
215,,,,6695,0.0004150931490585208
216,0.0004301501903682947,9.434580533707049e-06,8.975111995823681e-07,6699,
216,0.0003184473607689142,1.0487625331734307e-05,8.215832281166513e-07,6709,
216,0.00038545523420907557,6.082916570449015e-06,8.999127203423996e-07,6719,
216,,,,6726,0.00041440161294303834
217,0.0005053799250163138,9.48193519434426e-06,9.197690360451816e-07,6729,
217,0.0003390767960809171,7.974321306392085e-06,7.610862553519837e-07,6739,
217,0.0004030273703392595,8.40296343085356e-06,8.992727771328646e-07,6749,
217,,,,6757,0.00041364680510014296
218,0.00044888854608871043,1.1164682291564532e-05,1.111605229198176e-06,6759,
218,0.0003386754833627492,8.052828889049124e-06,7.325220394704957e-07,6769,
218,0.0004898265469819307,6.475421287177596e-06,8.987896649159666e-07,6779,
218,,,,6788,0.0004128631262574345
219,0.0006013165111653507,9.235010111297015e-06,1.0276565944877802e-06,6789,
219,0.0004607596783898771,1.0415775250294246e-05,9.875813020698843e-07,6799,
219,0.0004675377858802676,6.592502359126229e-06,8.57601776260708e-07,6809,
219,0.0011482731206342578,4.595363407133846e-06,6.331781321478047e-09,6819,
219,,,,6819,0.0004120832891203463
220,0.0007222677813842893,1.2117200640204828e-05,1.2312262924751849e-06,6829,
220,0.0004939707578159869,6.273508461163146e-06,9.466355095355539e-07,6839,
220,0.00038868491537868977,6.917982773302356e-06,1.0233469538434292e-06,6849,
220,,,,6850,0.00041133214836008847
221,0.00042713998118415475,9.547611625748686e-06,8.891350375961338e-07,6859,
221,0.000524938921444118,6.902408586029196e-06,9.496540656073194e-07,6869,
221,0.0002848061849363148,6.205196314112982e-06,6.244555379453232e-07,6879,
221,,,,6881,0.00041062338277697563
222,0.00033750326838344336,9.879956451186445e-06,8.300073091049853e-07,6889,
222,0.0004077992925886065,8.716065167391207e-06,8.669450153320213e-07,6899,
222,0.0003429836651775986,6.147166459413711e-06,7.584420131934166e-07,6909,
222,,,,6912,0.00040996205643750727
223,0.0004712230002041906,9.881322512228508e-06,9.1209130914649e-07,6919,
223,0.0002945417072623968,9.751124707690906e-06,7.348469353019027e-07,6929,
223,0.00032607169123366475,5.904274530621478e-06,6.813695563323563e-07,6939,
223,,,,6943,0.0004093471507076174
224,0.0004721262666862458,1.1578651538002305e-05,9.69547272688942e-07,6949,
224,0.00042230644612573087,9.014705028675962e-06,9.045631372828211e-07,6959,
224,0.000354518968379125,7.580042620247696e-06,8.191564688786457e-07,6969,
224,,,,6974,0.00040877412538975477
225,0.00026533822529017925,1.0549130820436403e-05,6.665554792562034e-07,6979,
225,0.00027332958416081965,9.321644938609097e-06,7.107475994416745e-07,6989,
225,0.00022394601546693593,7.06910168446484e-06,6.308323463599663e-07,6999,
225,,,,7005,0.00040823774179443717
226,0.0004275428073015064,9.042822966875974e-06,9.022737117447832e-07,7009,
226,0.00031795725226402283,9.52628852246562e-06,8.309236250170215e-07,7019,
226,0.00038289031363092363,6.023715741321212e-06,9.015872137752012e-07,7029,
226,,,,7036,0.0004077324119862169
227,0.0005019567906856537,8.399574653594755e-06,9.254389397028717e-07,7039,
227,0.00033647537929937243,8.260475624410901e-06,7.635811698492034e-07,7049,
227,0.00039878522511571646,7.5951511462335475e-06,8.977871743809374e-07,7059,
227,,,,7067,0.0004072537994943559
228,0.0004443697980605066,1.13824307845789e-05,1.1151273611176293e-06,7069,
228,0.000336028024321422,6.913153811183292e-06,7.355229172389954e-07,7079,
228,0.00048822013195604086,6.227974608918885e-06,9.041743282978132e-07,7089,
228,,,,7098,0.0004067980626132339
229,0.0005948602920398116,8.602020898251794e-06,1.0267316383760772e-06,7099,
229,0.00045842910185456276,9.620854143577162e-06,9.929877933245734e-07,7109,
229,0.0004643984721042216,6.021248736942653e-06,8.576037657803681e-07,7119,
229,0.001144006964750588,4.172947683400707e-06,6.444739852895509e-09,7129,
229,,,,7129,0.00040636357152834535
230,0.0007181813707575202,1.1768245713028591e-05,1.234218871104531e-06,7139,
230,0.0004926186520606279,6.506820682261605e-06,9.544290833218838e-07,7149,
230,0.00038446745020337403,6.367652531480417e-06,1.0265725904901046e-06,7159,
230,,,,7160,0.00040594665915705264
231,0.0004253307997714728,9.484240763413254e-06,8.958014632298728e-07,7169,
231,0.0005214198608882725,6.4418113652209286e-06,9.50111996189662e-07,7179,
231,0.00028241658583283424,5.8517321122053545e-06,6.268159609135182e-07,7189,
231,,,,7191,0.00040554397855885327
232,0.0003291483735665679,9.161899470200296e-06,8.276628591374902e-07,7199,
232,0.00040664663538336754,8.541232091374695e-06,8.736328140912519e-07,7209,
232,0.00033909332705661654,5.690703801519703e-06,7.595365900670004e-07,7219,
232,,,,7222,0.00040515456930734217
233,0.0004682406142819673,9.718292858451605e-06,9.15714849725191e-07,7229,
233,0.00029071548487991095,9.78680054686265e-06,7.337204692703381e-07,7239,
233,0.0003240251389797777,5.732088538934477e-06,6.840920718786947e-07,7249,
233,,,,7253,0.00040477633592672646
234,0.00046698792721144855,1.159864586952608e-05,9.686681323728408e-07,7259,
234,0.00042147529893554747,8.869169505487662e-06,9.130688454206393e-07,7269,
234,0.00035121117252856493,7.308895874302834e-06,8.177485710803012e-07,7279,
234,,,,7284,0.00040440811426378787
235,0.000263539026491344,1.0117614692717325e-05,6.73634929171385e-07,7289,
235,0.00026989117031916976,8.778995834290981e-06,7.078312478370208e-07,7299,
235,0.00022121635265648365,6.834098257968435e-06,6.330550377242616e-07,7309,
235,,,,7315,0.0004040492931380868
236,0.0004242653085384518,8.741156307223719e-06,9.048621905094478e-07,7319,
236,0.0003169192932546139,9.316712748841383e-06,8.37362790662155e-07,7329,
236,0.0003799006517510861,5.942820735072019e-06,9.016754347612732e-07,7339,
236,,,,7346,0.0004036984173581004
237,0.0004991298192180693,8.30291446618503e-06,9.292920708503516e-07,7349,
237,0.00033327919663861394,8.472123226965778e-06,7.650155566807371e-07,7359,
237,0.0003959176829084754,7.324166745092953e-06,8.987055934994714e-07,7369,
237,,,,7377,0.00040335467201657593
238,0.00043985957745462656,1.1501846529426984e-05,1.1176468888152158e-06,7379,
238,0.000334283453412354,6.504926659545163e-06,7.384828109024966e-07,7389,
238,0.00048563702148385346,6.240190032258397e-06,9.068100439435511e-07,7399,
238,,,,7408,0.0004030180862173438
239,0.0005908209714107215,8.222022188419942e-06,1.0268586265738122e-06,7409,
239,0.0004553461039904505,9.17663965083193e-06,9.958010878108325e-07,7419,
239,0.0004623313434422016,5.767538368672831e-06,8.59418662457756e-07,7429,
239,0.0011393064633011818,3.936491793865571e-06,6.518252604337249e-09,7439,
239,,,,7439,0.0004026876704301685
240,0.000715456495527178,1.144153702625772e-05,1.2371958746371092e-06,7449,
240,0.0004905641544610262,6.751364708179608e-06,9.608096434021718e-07,7459,
240,0.00038087533903308213,5.967873221379705e-06,1.0303988347004633e-06,7469,
240,,,,7470,0.0004023634537588805
241,0.00042318145278841257,9.426718861504924e-06,9.005329957290087e-07,7479,
241,0.0005189841613173485,6.165491413412383e-06,9.516139130028023e-07,7489,
241,0.0002802720700856298,5.606896593235433e-06,6.293770411502919e-07,7499,
241,,,,7501,0.0004020448250230402
242,0.0003232281014788896,8.627363968116697e-06,8.285031185550906e-07,7509,
242,0.00040495023131370544,8.417499884671997e-06,8.782344025348721e-07,7519,
242,0.00033586574136279523,5.468478320835857e-06,7.607970928802388e-07,7529,
242,,,,7532,0.0004017314640805125
243,0.0004652220814023167,9.537764526612591e-06,9.183146403302089e-07,7539,
243,0.00028767058392986655,9.485144801146816e-06,7.339654644056282e-07,7549,
243,0.0003221869410481304,5.663939191435929e-06,6.862342729618831e-07,7559,
243,,,,7563,0.00040142328361980617
244,0.0004631173505913466,1.143143617809983e-05,9.684330279924325e-07,7569,
244,0.00041989816236309707,8.777590664976742e-06,9.183851830130152e-07,7579,
244,0.00034833705285564065,7.091683983162511e-06,8.167341434273112e-07,7589,
244,,,,7594,0.000401118682930246
245,0.0002613938704598695,9.816222700465005e-06,6.787042252653919e-07,7599,
245,0.00026694731786847115,8.295406587421894e-06,7.060484108478704e-07,7609,
245,0.00021881519933231175,6.7599462454381865e-06,6.352378250085167e-07,7619,
245,,,,7625,0.0004008174000773579
246,0.00042162108002230525,8.40843676996883e-06,9.076894116333278e-07,7629,
246,0.0003151422424707562,9.108045560424216e-06,8.41370251691842e-07,7639,
246,0.00037713642814196646,5.850511570315575e-06,9.018681339512113e-07,7649,
246,,,,7656,0.00040051768883131444
247,0.0004967119311913848,8.260040885943454e-06,9.325531209469773e-07,7659,
247,0.00033039163099601865,8.627220267953817e-06,7.660295295863762e-07,7669,
247,0.0003934582928195596,7.1355570980813354e-06,9.001610692394024e-07,7679,
247,,,,7687,0.0004002189089078456
248,0.0004357662983238697,1.1413549145800062e-05,1.1202450878045056e-06,7689,
248,0.0003328155435156077,6.418002158170566e-06,7.408746114379028e-07,7699,
248,0.00048308170516975224,6.2170252022042405e-06,9.090118169297057e-07,7709,
248,,,,7718,0.0003999211476184428
249,0.0005874725757166743,7.788788025209215e-06,1.0268233836541185e-06,7719,
249,0.0004522904637269676,8.894676284398884e-06,9.97345409814443e-07,7729,
249,0.00046060499153099954,5.550265541387489e-06,8.613995987616363e-07,7739,
249,0.0011351610301062465,3.758317689062096e-06,6.567519861278015e-09,7749,
249,,,,7749,0.0003996230661869049
250,0.0007130908779799938,1.0908348485827446e-05,1.2393311408231966e-06,7759,
250,0.0004885918460786343,6.934294106031302e-06,9.663716582508641e-07,7769,
250,0.0003776207740884274,5.560685167438351e-06,1.0342854466216522e-06,7779,
250,,,,7780,0.0003993242571596056
251,0.0004208638274576515,9.392181709699798e-06,9.043457112056785e-07,7789,
251,0.0005169791984371841,5.902665634494042e-06,9.533017077956174e-07,7799,
251,0.0002782229275908321,5.355991106625879e-06,6.320700549622416e-07,7809,
251,,,,7811,0.00039902416756376624
252,0.0003182900545652956,8.129750312946271e-06,8.304751304422098e-07,7819,
252,0.0004032746364828199,8.224588782468345e-06,8.820865673442313e-07,7829,
252,0.00033294869353994727,5.331964985089144e-06,7.620835731358966e-07,7839,
252,,,,7842,0.0003987229138147086
253,0.0004623733402695507,9.223595043295063e-06,9.206452205035021e-07,7849,
253,0.00028499364270828664,8.913113560993224e-06,7.347955488512525e-07,7859,
253,0.0003203882079105824,5.642597443511477e-06,6.881370495648298e-07,7869,
253,,,,7873,0.00039841936086304486
254,0.0004599065869115293,1.1221816748729907e-05,9.684443966762046e-07,7879,
254,0.0004181287658866495,8.684912245371379e-06,9.22490698940237e-07,7889,
254,0.0003456517297308892,6.898117135278881e-06,8.161004529938509e-07,7899,
254,,,,7904,0.0003981130139436573
255,0.000259587774053216,9.508848052064423e-06,6.83793814459932e-07,7909,
255,0.0002643518673721701,7.81278322392609e-06,7.05556885804981e-07,7919,
255,0.00021658070909325033,6.627773018408334e-06,6.376416195053025e-07,7929,
255,,,,7935,0.0003978021559305489
256,0.0004195050860289484,7.902395736891776e-06,9.10778339857643e-07,7939,
256,0.00031311638304032385,8.871853424352594e-06,8.444981176580768e-07,7949,
256,0.00037454746779985726,5.622568551189033e-06,9.022485301102279e-07,7959,
256,,,,7966,0.0003974858555011451
257,0.0004945312393829226,8.061852895480115e-06,9.360267654301424e-07,7969,
257,0.0003278686199337244,8.806385267234873e-06,7.669456181247369e-07,7979,
257,0.0003911887761205435,6.897943876538193e-06,9.020520224112261e-07,7989,
257,,,,7997,0.00039716248284094036
258,0.0004318021528888494,1.1112050742667634e-05,1.1230800964767695e-06,7999,
258,0.0003314990899525583,6.583197773579741e-06,7.433071118612133e-07,8009,
258,0.0004808192898053676,6.0102624956925865e-06,9.115547072724439e-07,8019,
258,,,,8028,0.0003968316304963082
259,0.0005840705707669258,7.383664524240885e-06,1.0260168892273214e-06,8029,
259,0.00044939774670638144,8.542450814275071e-06,9.985491260522394e-07,8039,
259,0.0004591069300659001,5.359670012694551e-06,8.632936783214973e-07,8049,
259,0.0011324485531076789,3.52583515450533e-06,6.607866254171313e-09,8059,
259,,,,8059,0.00039649274549447
260,0.0007108977297320962,1.0133164323633537e-05,1.241316567757167e-06,8069,
260,0.00048686107038520277,6.930250947334571e-06,9.714963198348414e-07,8079,
260,0.00037465320201590657,5.178330411581555e-06,1.0381461379438406e-06,8089,
260,,,,8090,0.00039614533307030797
261,0.0004182521079201251,9.25204403756652e-06,9.078609650714498e-07,8099,
261,0.0005151383811607957,5.640687504637754e-06,9.551274615660077e-07,8109,
261,0.000276258826488629,5.198051439947449e-06,6.351710339913552e-07,8119,
261,,,,8121,0.0003957896842621267
262,0.00031377238337881863,7.619966254424071e-06,8.328318585881789e-07,8129,
262,0.00040135072777047753,7.817463483661413e-06,8.84842052073509e-07,8139,
262,0.00033024762524291873,5.333008175512077e-06,7.633132668161124e-07,8149,
262,,,,8152,0.00039542652666568756
263,0.00045986351324245334,8.675000572111458e-06,9.229974580193812e-07,8159,
263,0.00028242653934285045,8.12974485597806e-06,7.358172524618567e-07,8169,
263,0.00031852436950430274,5.637037702399539e-06,6.898351898598776e-07,8179,
263,,,,8183,0.00039505871245637536
264,0.0004570882592815906,1.1037507647415623e-05,9.687578312878031e-07,8189,
264,0.0004162463592365384,8.554877240385395e-06,9.260856472792511e-07,8199,
264,0.0003429930075071752,6.6799520936910994e-06,8.154745501087746e-07,8209,
264,,,,8214,0.00039468385512009263
265,0.0002580270229373127,8.991343747766223e-06,6.88546151650371e-07,8219,
265,0.0002620569721329957,7.464362170139793e-06,7.061889846227132e-07,8229,
265,0.0002143239398719743,6.322989065665752e-06,6.396847993528354e-07,8239,
265,,,,8245,0.0003943051560781896
266,0.00041736895218491554,7.3903670454456005e-06,9.131643423643254e-07,8249,
266,0.0003111496043857187,8.483300007355865e-06,8.470659054182761e-07,8259,
266,0.0003721024841070175,5.292359219311038e-06,9.02398369362345e-07,8269,
266,,,,8276,0.0003939239541068673
267,0.0004917742917314172,7.618882136739558e-06,9.392053925694199e-07,8279,
267,0.00032555614598095417,8.99860151548637e-06,7.676731001993176e-07,8289,
267,0.00038900485378690064,6.586658400919987e-06,9.039312089953455e-07,8299,
267,,,,8307,0.00039354286855086684
268,0.0004275392566341907,1.063998479367001e-05,1.125367248278053e-06,8309,
268,0.000329963251715526,6.71526640871889e-06,7.453945158886199e-07,8319,
268,0.0004788746009580791,5.804241936857579e-06,9.142068506662326e-07,8329,
268,,,,8338,0.00039316347101703286
269,0.0005799935315735638,7.192189514171332e-06,1.0230419320578221e-06,8339,
269,0.00044651381904259324,7.96579297457356e-06,9.990764056055923e-07,8349,
269,0.0004575179482344538,5.1785586947517e-06,8.641779913887149e-07,8359,
269,0.0011312346905469894,3.3320029615424573e-06,6.643093630742669e-09,8369,
269,,,,8369,0.0003927874204237014
270,0.0007084853714331985,9.216439138981514e-06,1.2428190530044958e-06,8379,
270,0.0004850514233112335,6.7984328779857606e-06,9.751945526659256e-07,8389,
270,0.00037175192846916616,4.949779395246878e-06,1.041368932419573e-06,8399,
270,,,,8400,0.0003924159682355821
271,0.0004155255446676165,9.106984180107247e-06,9.10647656837682e-07,8409,
271,0.0005129357450641692,5.362603587855119e-06,9.560311582390568e-07,8419,
271,0.000274325895588845,5.222862000664463e-06,6.379441970238986e-07,8429,
271,,,,8431,0.0003920499875675887
272,0.0003092766855843365,7.0556466198468115e-06,8.33927913390653e-07,8439,
272,0.0003990501572843641,7.294750957953511e-06,8.856152362568537e-07,8449,
272,0.00032755889697000384,5.3826129260414746e-06,7.632327196915867e-07,8459,
272,,,,8462,0.00039168979856185615
273,0.00045773613965138793,8.116039680317044e-06,9.244909051631112e-07,8469,
273,0.0002796174376271665,7.354160970862722e-06,7.362120868492639e-07,8479,
273,0.0003164701338391751,5.652656909660436e-06,6.905968916726124e-07,8489,
273,,,,8493,0.0003913361579179764
274,0.0004541291855275631,1.0762121746665798e-05,9.677543175712344e-07,8499,
274,0.0004142468678764999,8.513087777828332e-06,9.281707207264844e-07,8509,
274,0.00034009016235359013,6.281288278842112e-06,8.136794917845691e-07,8519,
274,,,,8524,0.00039098909473977983
275,0.0002559653657954186,8.3206487033749e-06,6.911661216690845e-07,8529,
275,0.0002599138533696532,7.251944225572515e-06,7.067067713251163e-07,8539,
275,0.00021201079653110355,6.007615411363076e-06,6.405821295629721e-07,8549,
275,,,,8555,0.0003906484926119447
276,0.00041411336860619485,7.041450771794189e-06,9.135763434642286e-07,8559,
276,0.00030903550214134157,7.970456863404252e-06,8.478282893520372e-07,8569,
276,0.00036963215097784996,5.0353037295280956e-06,9.010541361931246e-07,8579,
276,,,,8586,0.00039031385676935315
277,0.0004883111105300486,7.098408332240069e-06,9.402419323123468e-07,8589,
277,0.000322723324643448,9.034016329678707e-06,7.671200705772208e-07,8599,
277,0.0003869914507959038,6.3979214246501215e-06,9.046788136402029e-07,8609,
277,,,,8617,0.0003899846924468875
278,0.0004230031918268651,1.0221130651189014e-05,1.1255589242864517e-06,8619,
278,0.0003278807271271944,6.677845703961793e-06,7.450312864420994e-07,8629,
278,0.0004764014738611877,5.775958470621845e-06,9.145384183284477e-07,8639,
278,,,,8648,0.0003896607959177345
279,0.000576032092794776,7.1357931119564455e-06,1.0163148544961587e-06,8649,
279,0.0004430319822859019,7.4372451308590826e-06,9.966774996428285e-07,8659,
279,0.00045554136158898473,5.011184384784428e-06,8.623253506812034e-07,8669,
279,0.0011302594793960452,3.3224296203115955e-06,6.661904805582708e-09,8679,
279,,,,8679,0.0003893427783623338
280,0.0007058242335915565,8.339107807842083e-06,1.2410928320605308e-06,8689,
280,0.0004823537601623684,6.662434316240251e-06,9.741596613821457e-07,8699,
280,0.0003687587450258434,4.801520390174119e-06,1.0427646657262812e-06,8709,
280,,,,8710,0.0003890332591254264
281,0.0004127279098611325,9.174308615911286e-06,9.10155563360604e-07,8719,
281,0.000510457088239491,5.078722097096033e-06,9.54445340539678e-07,8729,
281,0.00027220346964895725,5.3646972446586005e-06,6.391923648152442e-07,8739,
281,,,,8741,0.00038873471203260124
282,0.00030535581754520535,6.595361810468603e-06,8.321267728206294e-07,8749,
282,0.00039591867243871093,6.972176834096899e-06,8.811792895357939e-07,8759,
282,0.00032463265233673155,5.333252374839503e-06,7.59152044338407e-07,8769,
282,,,,8772,0.00038844760274514556
283,0.00045544595923274755,7.712178557994775e-06,9.227003374689957e-07,8779,
283,0.00027684844098985195,6.67845461066463e-06,7.352958846240654e-07,8789,
283,0.0003142735513392836,5.7561969697417226e-06,6.893600357216201e-07,8799,
283,,,,8803,0.0003881701559294015
284,0.00045051146298646927,1.022240030579269e-05,9.636908089305507e-07,8809,
284,0.00041113197221420705,8.668353984830901e-06,9.245238175026316e-07,8819,
284,0.0003368880716152489,5.822562798130093e-06,8.090380561043276e-07,8829,
284,,,,8834,0.00038789690006524324
285,0.0002526817552279681,7.642473974556196e-06,6.888755592626694e-07,8839,
285,0.0002576032420620322,7.1239696808333974e-06,7.065585805321462e-07,8849,
285,0.0002098414406646043,5.970560323476093e-06,6.403241741281818e-07,8859,
285,,,,8865,0.00038763394695706666
286,0.0004100097867194563,6.761337772331899e-06,9.11436245587538e-07,8869,
286,0.0003058892907574773,7.41022449801676e-06,8.436546181656013e-07,8879,
286,0.0003669028519652784,4.860864009970101e-06,8.978393566394516e-07,8889,
286,,,,8896,0.0003873910754919052
287,0.000484446354676038,6.634556484641507e-06,9.378947538607463e-07,8899,
287,0.000319187791319564,8.744252227188554e-06,7.644432002962276e-07,8909,
287,0.00038553483318537474,6.434619081119308e-06,9.050694416146143e-07,8919,
287,,,,8927,0.0003871646476909518
288,0.0004189042083453387,9.33557384996675e-06,1.1247868769714842e-06,8929,
288,0.0003255723277106881,6.6750612859323155e-06,7.424424666169216e-07,8939,
288,0.00047338815056718886,5.694250376109267e-06,9.128253282142396e-07,8949,
288,,,,8958,0.0003869526262860745
289,0.0005729109980165958,7.043889581836993e-06,1.0068225719805923e-06,8959,
289,0.0004391779366414994,7.18739693184034e-06,9.931552540365374e-07,8969,
289,0.0004536357009783387,5.001993031328311e-06,8.60225213727972e-07,8979,
289,0.0011275409488007426,3.5251171084382804e-06,6.6818093280573976e-09,8989,
289,,,,8989,0.00038675576797686517
290,0.000703748781234026,7.5890470725425985e-06,1.2393832093948731e-06,8999,
290,0.0004790647071786225,6.533104169648141e-06,9.72460270531883e-07,9009,
290,0.00036606399226002395,4.6874902182025835e-06,1.0441588074172614e-06,9019,
290,,,,9020,0.0003865760227199644
291,0.00040950538823381066,9.33058800001163e-06,9.090744583772903e-07,9029,
291,0.0005085568991489708,4.905433797830483e-06,9.542145562591031e-07,9039,
291,0.0002700040058698505,5.791562671220163e-06,6.413516189240909e-07,9049,
291,,,,9051,0.00038641487481072545
292,0.0003028056235052645,6.1813539105060045e-06,8.328953526870464e-07,9059,
292,0.000391885987482965,6.905676855240017e-06,8.761949175095651e-07,9069,
292,0.00032213807571679354,5.198082362767309e-06,7.576095413242001e-07,9079,
292,,,,9082,0.0003862749435938895
293,0.00045341765508055687,7.745378752588294e-06,9.219941716764879e-07,9089,
293,0.00027468634652905166,6.2632702793052886e-06,7.363418603745231e-07,9099,
293,0.00031239588861353695,6.221121566341026e-06,6.880055138935859e-07,9109,
293,,,,9113,0.0003861571312882006
294,0.00044742150930687785,9.651167601987254e-06,9.633977242629044e-07,9119,
294,0.00040702096885070205,8.92188381840242e-06,9.222704875355703e-07,9129,
294,0.0003338661917950958,5.372862688091118e-06,8.064635608207027e-07,9139,
294,,,,9144,0.0003860619035549462
295,0.00024853862123563886,7.056813046801835e-06,6.827114589214034e-07,9149,
295,0.0002551320067141205,6.845102234365186e-06,7.07863023308164e-07,9159,
295,0.00020829963614232838,6.050774118193658e-06,6.417058671104314e-07,9169,
295,,,,9175,0.0003859872231259942
296,0.0004062980879098177,6.2641738622915e-06,9.100112947635353e-07,9179,
296,0.0003010343643836677,7.181016826507403e-06,8.363400070265925e-07,9189,
296,0.0003641364455688745,4.6572581595683005e-06,8.963505706560682e-07,9199,
296,,,,9206,0.00038592834607698023
297,0.0004805735661648214,6.424418188544223e-06,9.371289024784346e-07,9209,
297,0.00031569646671414375,8.119724043353926e-06,7.631570611010829e-07,9219,
297,0.000385946681490168,6.654062872257782e-06,9.108826475312526e-07,9229,
297,,,,9237,0.00038587694871239364
298,0.00041531879105605185,8.227803846239112e-06,1.1268016351095866e-06,9239,
298,0.0003230038855690509,6.913248398632277e-06,7.398312504847127e-07,9249,
298,0.0004705641185864806,5.01604336022865e-06,9.116142223319912e-07,9259,
298,,,,9268,0.00038582092383876443
299,0.000571264885365963,6.776589088985929e-06,1.0014636018240708e-06,9269,
299,0.00043552942224778235,6.6696543399302755e-06,9.912168934533838e-07,9279,
299,0.0004527673590928316,5.164654794498347e-06,8.632718504486547e-07,9289,
299,0.0011225666385143995,3.6889796319883317e-06,6.706452726490397e-09,9299,
299,,,,9299,0.0003857479023281485
300,0.0007035210146568716,7.058485152811045e-06,1.2427315141394502e-06,9309,
300,0.0004755496047437191,5.9393164519860875e-06,9.737641448737122e-07,9319,
300,0.0003645239630714059,4.795369932253379e-06,1.0483516916792723e-06,9329,
300,,,,9330,0.0003856444382108748
301,0.00040597678162157536,8.816522495180834e-06,9.097976771954563e-07,9339,
301,0.0005080444971099496,4.878324489254737e-06,9.574156365488307e-07,9349,
301,0.0002683141501620412,5.810610673506744e-06,6.454027356994629e-07,9359,
301,,,,9361,0.00038550180033780634
302,0.00030265343957580626,5.981250978948083e-06,8.395698500862636e-07,9369,
302,0.00038756130379624665,6.02574118602206e-06,8.72553414410504e-07,9379,
302,0.00032050246954895556,5.190461251913803e-06,7.595928650516726e-07,9389,
302,,,,9392,0.00038531640893779695
303,0.0004518645873758942,7.500862466258695e-06,9.235466222889954e-07,9399,
303,0.0002738136099651456,6.4135501816053875e-06,7.401831112474611e-07,9409,
303,0.00031069573014974594,6.057791779312538e-06,6.879358807054814e-07,9419,
303,,,,9423,0.00038509006844833493
304,0.00044612999772652984,9.610032975615468e-06,9.68028530223819e-07,9429,
304,0.00040291997720487416,8.346819413418416e-06,9.21598427794379e-07,9439,
304,0.0003320030518807471,5.281460744299693e-06,8.066957661867491e-07,9449,
304,,,,9454,0.0003848308988381177
305,0.00024374063650611788,6.222455795068527e-06,6.786361836930155e-07,9459,
305,0.00025372341042384505,6.532104634970892e-06,7.11620941729052e-07,9469,
305,0.00020687154028564692,5.222807430982357e-06,6.443304982894915e-07,9479,
305,,,,9485,0.00038454929017461836
306,0.0004041979555040598,5.814165888295975e-06,9.128347073783516e-07,9489,
306,0.0002967322652693838,6.588377345906338e-06,8.320905067193962e-07,9499,
306,0.00036259647458791733,4.579032520268811e-06,8.970592375590059e-07,9509,
306,,,,9516,0.00038425615639425814
307,0.00047739758156239986,5.935677108936943e-06,9.40631423418381e-07,9519,
307,0.00031351979123428464,7.75838088884484e-06,7.635736096744949e-07,9529,
307,0.0003853119851555675,6.130323072284227e-06,9.160498848359566e-07,9539,
307,,,,9547,0.000383962964406237
308,0.00041338062146678567,7.650147381355055e-06,1.1318603583276854e-06,9549,
308,0.00032033867319114506,6.316089184110751e-06,7.404731832139078e-07,9559,
308,0.0004694446688517928,4.3053069020970725e-06,9.142713679466397e-07,9569,
308,,,,9578,0.0003836793184746057
309,0.0005686018266715109,5.782297648693202e-06,9.995185337174917e-07,9579,
309,0.0004337706486694515,6.0306574596324936e-06,9.925172435032437e-07,9589,
309,0.0004505242104642093,4.9257027967541944e-06,8.650432050671952e-07,9599,
309,0.0011172088561579585,3.6176745652483078e-06,6.753046566387866e-09,9609,
309,,,,9609,0.0003834122617263347
310,0.0007011449779383838,6.806900728406617e-06,1.2451288284864859e-06,9619,
310,0.0004735738330055028,5.525261258298997e-06,9.775108082976658e-07,9629,
310,0.0003623845987021923,4.7873909352347255e-06,1.0524616982365842e-06,9639,
310,,,,9640,0.00038316642167046666
311,0.0004042755754198879,8.171880836016499e-06,9.133407274930505e-07,9649,
311,0.0005058150854893029,4.799016096512787e-06,9.606130788597511e-07,9659,
311,0.00026639827410690486,5.512092684512027e-06,6.491484896287147e-07,9669,
311,,,,9671,0.00038294633850455284
312,0.00029900766094215214,5.980491550872102e-06,8.433681273345428e-07,9679,
312,0.00038566417060792446,5.4870397434569895e-06,8.74587158250506e-07,9689,
312,0.0003180004423484206,5.21338006365113e-06,7.615889785483887e-07,9699,
312,,,,9702,0.00038275326369330287
313,0.0004500626237131655,7.339185231103329e-06,9.268974849874212e-07,9709,
313,0.0002715237787924707,6.931450570846209e-06,7.425238663927303e-07,9719,
313,0.00030861617415212095,5.946960754954489e-06,6.896375452924985e-07,9729,
313,,,,9733,0.0003825878375209868
314,0.000442690885392949,9.78770276560681e-06,9.702343959361315e-07,9739,
314,0.0004010056145489216,8.089899893093389e-06,9.257560691366962e-07,9749,
314,0.00032914578332565725,5.1936945055786055e-06,8.073989192780573e-07,9759,
314,,,,9764,0.0003824510786216706
315,0.00024100125301629305,5.539786343433661e-06,6.81391725265712e-07,9769,
315,0.00025109603302553296,6.252813363971654e-06,7.14188843176089e-07,9779,
315,0.00020474183838814497,4.776316472998587e-06,6.472016593761509e-07,9789,
315,,,,9795,0.0003823428996838629
316,0.00040141865611076355,5.515732027561171e-06,9.152241204901657e-07,9799,
316,0.0002941888524219394,6.45153841105639e-06,8.328326543960429e-07,9809,
316,0.00036052759969606996,4.694340532296337e-06,8.986288548840093e-07,9819,
316,,,,9826,0.0003822635335382074
317,0.0004756824055220932,5.643514214170864e-06,9.462878551858012e-07,9829,
317,0.0003109280369244516,7.757797902741004e-06,7.646881954315177e-07,9839,
317,0.0003832402580883354,5.781733307230752e-06,9.194688459501776e-07,9849,
317,,,,9857,0.0003822134458459914
318,0.0004111185553483665,7.325584647333017e-06,1.1370217407602468e-06,9859,
318,0.00031814983231015503,5.680086815118557e-06,7.428634489770047e-07,9869,
318,0.00046718967496417463,4.0604777495900635e-06,9.162499168269278e-07,9879,
318,,,,9888,0.00038219167618080974
319,0.0005669593228958547,5.10808922626893e-06,9.99442022475705e-07,9889,
319,0.00043182953959330916,6.411539743567118e-06,9.945086958396132e-07,9899,
319,0.00044758644071407616,5.039780717197573e-06,8.662786967761349e-07,9909,
319,0.001111270277760923,3.869302872772096e-06,6.817713504858602e-09,9919,
319,,,,9919,0.00038219676935113966
320,0.0006988447275944054,6.672747531411005e-06,1.248002945430926e-06,9929,
320,0.000471155479317531,5.375074124458479e-06,9.826386531130993e-07,9939,
320,0.0003593825385905802,4.708058895630529e-06,1.0562386023593717e-06,9949,
320,,,,9950,0.0003822248545475304
321,0.00040240862290374935,7.896223905845545e-06,9.173297712550266e-07,9959,
321,0.0005029542953707278,4.716580406238791e-06,9.641870519772056e-07,9969,
321,0.00026467902353033423,5.708763637812808e-06,6.538871843986271e-07,9979,
321,,,,9981,0.00038227171171456575
322,0.00029539820388890803,6.345647307171021e-06,8.4693647295353e-07,9989,
322,0.00038326624780893326,5.706844149244716e-06,8.760395644458185e-07,9999,
322,0.0003147317620459944,5.2863974815409165e-06,7.639749242116523e-07,10009,
322,,,,10012,0.0003823326260317117
323,0.0004486170073505491,7.71663326304406e-06,9.310027735409676e-07,10019,
323,0.0002685205836314708,7.119294878066285e-06,7.442768605869787e-07,10029,
323,0.00030678664916194975,5.8658747548179235e-06,6.919537440808199e-07,10039,
323,,,,10043,0.0003824040468316525
324,0.00043802629807032645,9.768396921572275e-06,9.704231160867494e-07,10049,
324,0.00039829377783462405,7.851010195736308e-06,9.283596114073589e-07,10059,
324,0.0003254877810832113,4.956950306223007e-06,8.076838753368065e-07,10069,
324,,,,10074,0.00038248702185228467
325,0.00023891899036243558,5.306293587636901e-06,6.820335443080694e-07,10079,
325,0.0002469600294716656,6.315373411780456e-06,7.14530642653699e-07,10089,
325,0.00020341272465884686,4.8094002522702795e-06,6.516797839140054e-07,10099,
325,,,,10105,0.0003825839958153665
326,0.00039753809687681496,5.750911441282369e-06,9.170374823952443e-07,10109,
326,0.00029071979224681854,6.426592790376162e-06,8.322671192217967e-07,10119,
326,0.0003572305722627789,4.7345129132736474e-06,8.992940365715185e-07,10129,
326,,,,10136,0.0003827021864708513
327,0.0004755538539029658,5.546419743041042e-06,9.52297682488279e-07,10139,
327,0.0003079655289184302,7.735825420240872e-06,7.662731036361947e-07,10149,
327,0.0003825774183496833,5.287266958475811e-06,9.266505571758898e-07,10159,
327,,,,10167,0.0003828483750112355
328,0.00040853675454854965,6.526825927721802e-06,1.143215968113509e-06,10169,
328,0.0003170346317347139,5.1002184591197874e-06,7.452833301613282e-07,10179,
328,0.0004631376941688359,4.090186394023476e-06,9.147176456281159e-07,10189,
328,,,,10198,0.00038303257315419614
329,0.0005674049607478082,4.703696504293475e-06,1.0020917216024827e-06,10199,
329,0.0004292934318073094,7.334738711506361e-06,9.970551673177397e-07,10209,
329,0.0004445220110937953,5.238615813141223e-06,8.687330819157069e-07,10219,
329,0.0011050378670915961,3.968661530961981e-06,6.89724455327223e-09,10229,
329,,,,10229,0.0003832628426607698
330,0.0006984053179621696,6.487443897640333e-06,1.2533297422123724e-06,10239,
330,0.0004688378539867699,4.927883765049046e-06,9.896480150928255e-07,10249,
330,0.0003565011720638722,4.197323960397625e-06,1.061510715771874e-06,10259,
330,,,,10260,0.0003835485549643636
331,0.0004010670818388462,7.371829269686714e-06,9.22011281545565e-07,10269,
331,0.0004993691109120846,4.949600224790629e-06,9.680805987954955e-07,10279,
331,0.00026361667551100254,5.901130407437449e-06,6.618954557779944e-07,10289,
331,,,,10291,0.00038389937253668904
332,0.000291597651084885,6.36455069980002e-06,8.51960805903218e-07,10299,
332,0.0003802478313446045,6.273442977544619e-06,8.772771593612561e-07,10309,
332,0.00031140551436692476,4.908713890472427e-06,7.667069894523593e-07,10319,
332,,,,10322,0.0003843215818051249
333,0.0004497170739341527,8.17322052171221e-06,9.389739261678187e-07,10329,
333,0.0002649693051353097,6.571438916580519e-06,7.461374025297118e-07,10339,
333,0.0003056424611713737,4.990342858945951e-06,6.969726769057161e-07,10349,
333,,,,10353,0.00038481972296722233
334,0.0004334981495048851,7.844780157029163e-06,9.74623048932699e-07,10359,
334,0.0003942455805372447,6.506359113700455e-06,9.28815325096366e-07,10369,
334,0.00032067735446617007,4.379996425996069e-06,8.072984201135114e-07,10379,
334,,,,10384,0.00038539592060260475
335,0.0002369353751419112,5.440631412056973e-06,6.791046303078474e-07,10389,
335,0.0002420306409476325,6.104050498834113e-06,7.147194764911546e-07,10399,
335,0.00020434975158423185,4.872906629316276e-06,6.610669061046792e-07,10409,
335,,,,10415,0.00038604772998951375
336,0.00039375011692754924,5.369265636545606e-06,9.222535481967498e-07,10419,
336,0.0002872342593036592,6.063447926862864e-06,8.298349030155805e-07,10429,
336,0.0003525689826346934,4.439904387254501e-06,9.007137009575672e-07,10439,
336,,,,10446,0.0003867611812893301
337,0.00047493752208538353,6.429648692574119e-06,9.627237886888906e-07,10449,
337,0.00030394899658858776,6.227742687769933e-06,7.708850944254664e-07,10459,
337,0.00038382693310268223,5.0343146540399175e-06,9.375617651130597e-07,10469,
337,,,,10477,0.0003874987014569342
338,0.00040652803727425635,4.950747097609565e-06,1.1512547644088045e-06,10479,
338,0.0003173916775267571,5.309638709150022e-06,7.489680342587235e-07,10489,
338,0.0004582918481901288,4.328912382334238e-06,9.160316380985023e-07,10499,
338,,,,10508,0.00038819658220745623
339,0.0005713185528293252,5.19784180141869e-06,1.0164822015212849e-06,10509,
339,0.0004266747855581343,6.911431682965485e-06,1.0033435273726354e-06,10519,
339,0.00044395794975571334,4.976034233550308e-06,8.777137736615259e-07,10529,
339,0.001098876353353262,3.656914941529976e-06,6.971602406480315e-09,10539,
339,,,,10539,0.00038875671452842653
340,0.0007009301334619522,6.649764145549852e-06,1.2695129498752067e-06,10549,
340,0.00046636059414595366,4.398086730361683e-06,9.99881081042986e-07,10559,
340,0.0003556920273695141,3.853401267406298e-06,1.0741407550085569e-06,10569,
340,,,,10570,0.00038902470259927213
341,0.00039905053563416004,6.784431661799317e-06,9.290662887906365e-07,10579,
341,0.0005003118421882391,6.210900210135151e-06,9.799892950468347e-07,10589,
341,0.0002612397656776011,5.1790748329949565e-06,6.696050718346669e-07,10599,
341,,,,10601,0.0003887906495947391
342,0.00029322810587473214,7.173275207605911e-06,8.653109944134485e-07,10609,
342,0.0003782628627959639,5.302888894220814e-06,8.845652814670757e-07,10619,
342,0.0003127776726614684,4.461236585484585e-06,7.779105999361491e-07,10629,
342,,,,10632,0.000387844949727878
343,0.0004458721086848527,9.027556188812014e-06,9.468624284636462e-07,10639,
343,0.00026600147248245776,7.213327535282588e-06,7.607968655065633e-07,10649,
343,0.00030239217448979616,4.850698132941034e-06,7.037362479422882e-07,10659,
343,,,,10663,0.0003861194127239287
344,0.0004412769339978695,7.926832950033713e-06,9.98634277493693e-07,10669,
344,0.0003923474869225174,5.195111043576617e-06,9.342205657958402e-07,10679,
344,0.0003244902181904763,4.251187419868074e-06,8.221604161917639e-07,10689,
344,,,,10694,0.00038379899342544377
345,0.0002346859109820798,5.809807134937728e-06,6.931950338184834e-07,10699,
345,0.0002452713961247355,6.103601663198788e-06,7.280955287569668e-07,10709,
345,0.00019974747556261718,4.174380137556e-06,6.662887699349085e-07,10719,
345,,,,10725,0.00038128774031065404
346,0.0004042233049403876,6.617850431211991e-06,9.576880302120117e-07,10729,
346,0.0002857629442587495,5.803442945762072e-06,8.40779705413297e-07,10739,
346,0.0003556431911420077,4.30738828072208e-06,9.17588522497681e-07,10749,
346,,,,10756,0.00037900166353210807
347,0.0004756578418891877,6.555344498337945e-06,9.791059483177378e-07,10759,
347,0.00030664156656712294,5.776518264610786e-06,7.797404464326974e-07,10769,
347,0.0003735727514140308,4.723935035144677e-06,9.320211802332778e-07,10779,
347,,,,10787,0.0003771655901800841
348,0.0004123462422285229,6.4992636907845736e-06,1.1752269983844599e-06,10789,
348,0.00031517085153609514,6.4887822190939914e-06,7.601771585541428e-07,10799,
348,0.0004599929670803249,5.512447387445718e-06,9.392218771608896e-07,10809,
348,,,,10818,0.0003758071979973465
349,0.0005580440047197044,5.0766911954269744e-06,1.0108159358424018e-06,10819,
349,0.00043025895138271153,6.469109848694643e-06,1.018437046695908e-06,10829,
349,0.00043592817382887006,5.029655767430086e-06,8.743626835894247e-07,10839,
349,0.0011005006963387132,2.785673359539942e-06,7.24363102833081e-09,10849,
349,,,,10849,0.0003748559101950377
350,0.0006888671778142452,8.348453775397502e-06,1.2669900115724886e-06,10859,
350,0.0004699134733527899,6.342983397189528e-06,1.0139111736862105e-06,10869,
350,0.0003510882961563766,3.8169860090420116e-06,1.0826638572325464e-06,10879,
350,,,,10880,0.0003742194967344403
351,0.0004015679587610066,6.61503872834146e-06,9.437525250177714e-07,10889,
351,0.0004947468405589461,6.026148184901103e-06,9.869588666333584e-07,10899,
351,0.00025746008032001555,4.456392161955591e-06,6.73121178351721e-07,10909,
351,,,,10911,0.0003738158557098359
352,0.00027572986437007785,7.829055903130211e-06,8.563391702409717e-07,10919,
352,0.000383475300623104,7.699405614403076e-06,9.056953444996907e-07,10929,
352,0.0003079526359215379,4.670275757234776e-06,7.836973736630171e-07,10939,
352,,,,10942,0.00037357915425673127
353,0.00044267764315009117,6.979082627367461e-06,9.604220849723788e-07,10949,
353,0.0002572153462097049,7.34418745196308e-06,7.590231803078495e-07,10959,
353,0.0003011137596331537,4.667530902224826e-06,7.204274083960627e-07,10969,
353,,,,10973,0.00037346500903367996
354,0.00042883140849880874,7.5060729614051525e-06,9.890794672173797e-07,10979,
354,0.00039825597195886075,7.433311111526564e-06,9.558759757055668e-07,10989,
354,0.0003177149046678096,4.367520432424499e-06,8.245672802331683e-07,10999,
354,,,,11004,0.0003734423080459237
355,0.00024540533195249736,5.912494088988751e-06,7.374896426881605e-07,11009,
355,0.0002372826129430905,6.973299605306238e-06,7.276985911630618e-07,11019,
355,0.0001961089001270011,5.286807208904065e-06,6.758882022950274e-07,11029,
355,,,,11035,0.0003734325000550598
356,0.0003998874453827739,6.968648904148722e-06,9.626337487134151e-07,11039,
356,0.0002928969624917954,7.281567377503961e-06,8.67260382619861e-07,11049,
356,0.00034897474688477814,4.4314701881376095e-06,9.235739071300486e-07,11059,
356,,,,11066,0.00037345330929383636
357,0.00047810323303565383,6.844134532002499e-06,9.94674564935849e-07,11069,
357,0.00030323778628371656,7.154344530135859e-06,7.872114338169922e-07,11079,
357,0.0003658900095615536,7.071477739373222e-06,9.322673122369451e-07,11089,
357,,,,11097,0.0003734042984433472
358,0.0004049530252814293,7.6134756454848684e-06,1.1727719311238616e-06,11099,
358,0.00031936142477206886,6.6050283749063965e-06,7.784956892464834e-07,11109,
358,0.00045273936120793223,5.161476565263001e-06,9.418330364496796e-07,11119,
358,,,,11128,0.00037348445039242506
359,0.0005567288608290255,4.8275442168232985e-06,1.0163548722630367e-06,11129,
359,0.0004278431588318199,7.581765657960204e-06,1.0267696097798762e-06,11139,
359,0.0004343444888945669,7.4748031693161465e-06,8.798808153187565e-07,11149,
359,0.001104809925891459,2.8708125228149584e-06,7.509689758933291e-09,11159,
359,,,,11159,0.00037301084375940263
360,0.000687283172737807,8.741596502659377e-06,1.2767801536028855e-06,11169,
360,0.00046822612057439983,7.172681307565654e-06,1.0273130328641855e-06,11179,
360,0.0003470767696853727,3.972263129981002e-06,1.0904391274380032e-06,11189,
360,,,,11190,0.0003731406177394092
361,0.0003980993351433426,7.756052582408302e-06,9.492742947259103e-07,11199,
361,0.0004936147597618401,6.234521606529597e-06,9.972520729206735e-07,11209,
361,0.00025515840388834476,4.382591214380227e-06,6.831127734585607e-07,11219,
361,,,,11221,0.0003725791466422379
362,0.00026904066908173263,8.891687684808858e-06,8.598812542004453e-07,11229,
362,0.0003795010270550847,7.88559191278182e-06,9.10100027340377e-07,11239,
362,0.00030488602351397276,5.32209833181696e-06,7.901482490524359e-07,11249,
362,,,,11252,0.0003723776899278164
363,0.0004394088464323431,7.99065765022533e-06,9.66468064689252e-07,11259,
363,0.00025468101375736296,6.9929114943079185e-06,7.670693662475969e-07,11269,
363,0.0002999537391588092,4.4677144614979625e-06,7.318226380448323e-07,11279,
363,,,,11283,0.0003718869120348245
364,0.00042848510202020407,8.95599714567652e-06,9.97995130092022e-07,11289,
364,0.0003915485576726496,7.627387731190538e-06,9.565277423462248e-07,11299,
364,0.00031513351132161915,4.696915766544407e-06,8.310257157972956e-07,11309,
364,,,,11314,0.000371331290807575
365,0.00024330941960215569,7.059149993438041e-06,7.356990749940451e-07,11319,
365,0.0002362792001804337,8.353520570381079e-06,7.391093959085993e-07,11329,
365,0.0001926124532474205,5.328573934093583e-06,6.846768769719347e-07,11339,
365,,,,11345,0.0003700637607835233
366,0.0003976241569034755,7.953339263622183e-06,9.702001761979773e-07,11349,
366,0.0002886880829464644,8.637008249934297e-06,8.715522881175275e-07,11359,
366,0.0003461488813627511,6.0102388488303404e-06,9.327061434305506e-07,11369,
366,,,,11376,0.00036910767084918916
367,0.00047110585728660226,8.663588232593611e-06,9.94903643913858e-07,11379,
367,0.000304152665194124,1.0098548955284059e-05,7.965485906424874e-07,11389,
367,0.00036299502244219184,6.145591669337591e-06,9.413535053681699e-07,11399,
367,,,,11407,0.00036733419983647764
368,0.0003982118214480579,6.060942268959479e-06,1.1759449307646719e-06,11409,
368,0.0003162721695844084,7.873927643231582e-06,7.82092058670969e-07,11419,
368,0.00045211013639345765,4.515704858931713e-06,9.510870313533815e-07,11429,
368,,,,11438,0.0003665404219646007
369,0.0005488005117513239,4.356950285000494e-06,1.0164230843656696e-06,11439,
369,0.0004249142366461456,7.3872311077138875e-06,1.0364710760768503e-06,11449,
369,0.00043454341357573867,5.774017608928261e-06,8.884979365575418e-07,11459,
369,0.0011136159300804138,2.799501089612022e-06,7.7993878022653e-09,11469,
369,,,,11469,0.00036621306207962334
370,0.0006840922869741917,7.743937203485984e-06,1.287256168325257e-06,11479,
370,0.0004670007911045104,4.784958946402185e-06,1.0383494100096868e-06,11489,
370,0.0003442293673288077,3.6830945191468345e-06,1.1003576219081879e-06,11499,
370,,,,11500,0.000366279884474352
371,0.00039429301978088915,6.953143838472897e-06,9.559478257870069e-07,11509,
371,0.0004904388915747404,4.810581231140532e-06,1.0041895848189597e-06,11519,
371,0.00025437030126340687,4.537262157100486e-06,6.937204943824327e-07,11529,
371,,,,11531,0.0003669574798550457
372,0.0002631662355270237,8.105976121441927e-06,8.658370802550053e-07,11539,
372,0.0003741559630725533,5.615698228211841e-06,9.090185244531312e-07,11549,
372,0.00029987332527525723,5.278983280732064e-06,7.969665603013709e-07,11559,
372,,,,11562,0.0003686319396365434
373,0.0004417475138325244,7.249869668157771e-06,9.728131544761709e-07,11569,
373,0.0002501192211639136,5.655658242176287e-06,7.695179533584451e-07,11579,
373,0.00029727304354310036,3.8616735764662735e-06,7.336109888456122e-07,11589,
373,,,,11593,0.00037140733911655843
374,0.00042231357656419277,8.90772480488522e-06,1.0015834277510294e-06,11599,
374,0.00038523980765603483,5.264875198918162e-06,9.511047096566472e-07,11609,
374,0.00030986504862084985,5.104247975395992e-06,8.315979016515485e-07,11619,
374,,,,11624,0.00037479231832548976
375,0.00023669858637731522,8.133915798680391e-06,7.122214356058976e-07,11629,
375,0.00023173920635599643,6.893966201459989e-06,7.397349008897436e-07,11639,
375,0.00019292686192784458,5.250812137091998e-06,6.907195029270952e-07,11649,
375,,,,11655,0.00037776914541609585
376,0.00038340757600963116,6.175936050567543e-06,9.571886039339006e-07,11659,
376,0.0002797246852423996,8.519572475051973e-06,8.598983640695224e-07,11669,
376,0.0003414419770706445,5.614055680780439e-06,9.341587769995385e-07,11679,
376,,,,11686,0.0003804712905548513
377,0.00046744360588490963,9.714797670312691e-06,9.93365347312647e-07,11689,
377,0.0002993278903886676,6.7830887928721495e-06,8.035985388232803e-07,11699,
377,0.00037243394763208926,4.895845904684393e-06,9.670126246419386e-07,11709,
377,,,,11717,0.0003826766915153712
378,0.0003896474081557244,5.053310360381147e-06,1.171141093436745e-06,11719,
378,0.00031361510627903044,7.465238013537601e-06,7.798151955284993e-07,11729,
378,0.00044924041139893234,4.187218564766226e-06,9.53100141032337e-07,11739,
378,,,,11748,0.0003835148527286947
379,0.0005635620909743011,6.4470145844097715e-06,1.0434648629598087e-06,11749,
379,0.00041727354982867837,6.133785063866526e-06,1.0420291118862224e-06,11759,
379,0.00044008283293806016,5.382126346376026e-06,9.121471862272301e-07,11769,
379,0.001111778081394732,2.7049907203036128e-06,7.90835485986463e-09,11779,
379,,,,11779,0.00038170404150150716
380,0.0006922793108969927,9.835830496740527e-06,1.3123542430548696e-06,11789,
380,0.0004627573362085968,4.692966285801958e-06,1.0423021876704297e-06,11799,
380,0.00034606369445100427,5.131441412231652e-06,1.11925089640863e-06,11809,
380,,,,11810,0.0003766205336432904
381,0.00038811785634607077,7.369017112068832e-06,9.614112741473946e-07,11819,
381,0.0004944212269037962,5.279234756017104e-06,1.0199771622865228e-06,11829,
381,0.0002528662735130638,4.861679826717591e-06,7.034996087895706e-07,11839,
381,,,,11841,0.0003705659764818847
382,0.0002701555786188692,1.0016475243901368e-05,8.795301482678042e-07,11849,
382,0.00037182323285378516,6.155777555250097e-06,9.160002036878723e-07,11859,
382,0.00030456532840617,5.42802035852219e-06,8.141076364154287e-07,11869,
382,,,,11872,0.00036654045106843114
383,0.00043610873399302363,7.383064257737715e-06,9.78166212917131e-07,11879,
383,0.00025302995345555246,6.1542218645627145e-06,7.83745576882211e-07,11889,
383,0.00029530172469094396,4.271900252206251e-06,7.478947168237937e-07,11899,
383,,,,11903,0.00036470836494117975
384,0.0004310757212806493,1.059917121892795e-05,1.0226713129668497e-06,11909,
384,0.00038886224501766264,6.0255947573750746e-06,9.684329143055947e-07,11919,
384,0.00031169247813522816,5.477436388900969e-06,8.471099590678932e-07,11929,
384,,,,11934,0.0003639906062744558
385,0.00023480766685679555,5.9294875427440275e-06,7.44436022159789e-07,11939,
385,0.00023611722281202674,5.486688223754754e-06,7.541971740465669e-07,11949,
385,0.00018672547594178468,5.222477739152964e-06,6.96086090101744e-07,11959,
385,,,,11965,0.00036366155836731195
386,0.00039016976370476186,5.69767371416674e-06,9.833103149503586e-07,11969,
386,0.00028492993442341685,5.9769422477984335e-06,8.866250595929159e-07,11979,
386,0.00034365319879725575,5.907351351197576e-06,9.489505146120791e-07,11989,
386,,,,11996,0.0003634807944763452
387,0.0004611943440977484,5.6639787544554565e-06,1.0087202326758415e-06,11999,
387,0.00029816399910487235,6.708321052428801e-06,8.132101356750354e-07,12009,
387,0.00035919391666539013,4.363544576335698e-06,9.552331903250888e-07,12019,
387,,,,12027,0.00036330893635749817
388,0.0003938345762435347,5.608002084045438e-06,1.1939270052607753e-06,12029,
388,0.00030827781301923096,5.019884611101588e-06,7.912446449154231e-07,12039,
388,0.0004510483704507351,5.774734745500609e-06,9.725104064273182e-07,12049,
388,,,,12058,0.0003632910957094282
389,0.0005443239351734519,4.8821243581187446e-06,1.0306474678145605e-06,12059,
389,0.0004158744413871318,8.12328562460607e-06,1.0540386483626207e-06,12069,
389,0.0004289891803637147,4.274858838471118e-06,8.994464906209032e-07,12079,
389,0.0011098518734797835,2.7277530989522347e-06,8.06962763277852e-09,12089,
389,,,,12089,0.00036298815393820405
390,0.0006801590789109468,8.189853360818233e-06,1.306431727243762e-06,12099,
390,0.00046209522406570613,5.049721494287951e-06,1.0535311503190314e-06,12109,
390,0.0003393542720004916,3.6319067930890014e-06,1.1223366982449079e-06,12119,
390,,,,12120,0.0003629369894042611
391,0.0003879064752254635,8.057562808971852e-06,9.728427130539785e-07,12129,
391,0.0004848186217714101,4.792094841832295e-06,1.015978227769665e-06,12139,
391,0.00025143101811408997,4.931328476232011e-06,7.142008939808875e-07,12149,
391,,,,12151,0.0003629853017628193
392,0.00026111226179637015,8.719860488781705e-06,8.844713761391176e-07,12159,
392,0.00036992909736,5.89825276620104e-06,9.239344649358827e-07,12169,
392,0.0002979230193886906,4.89255126012722e-06,8.163438565134129e-07,12179,
392,,,,12182,0.0003631366416811943
393,0.0004346939385868609,8.32749174151104e-06,9.869642099147313e-07,12189,
393,0.0002485545992385596,5.717380645364756e-06,7.878985570641817e-07,12199,
393,0.00029256660491228104,4.1639950723038055e-06,7.554629632977594e-07,12209,
393,,,,12213,0.0003632487205322832
394,0.00042370514711365104,1.0015603038482368e-05,1.0287219538440695e-06,12219,
394,0.00038682526792399585,6.300943823589478e-06,9.76226374405087e-07,12229,
394,0.00030775307095609605,5.345199042494642e-06,8.496165264659794e-07,12239,
394,,,,12244,0.00036335623008199036
395,0.00022910922416485846,6.276799012994161e-06,7.437856766046025e-07,12249,
395,0.0002322874788660556,4.9285499699180946e-06,7.602304208376154e-07,12259,
395,0.0001848975953180343,5.283472091832664e-06,7.041323897283291e-07,12269,
395,,,,12275,0.00036333955358713865
396,0.0003848561318591237,7.890134838817175e-06,9.8738291853806e-07,12279,
396,0.00028424730408005416,7.861770427552983e-06,8.947829996941437e-07,12289,
396,0.0003403611481189728,5.651913397741737e-06,9.531594855616277e-07,12299,
396,,,,12306,0.0003633175219874829
397,0.0004562250687740743,6.735642273270059e-06,1.013297151075676e-06,12309,
397,0.0002937963290605694,6.9980023909010924e-06,8.20845002635906e-07,12319,
397,0.00035821134224534035,4.2099359234271105e-06,9.635166406951612e-07,12329,
397,,,,12337,0.0003627906262408942
398,0.00038978163502179086,6.148047305032378e-06,1.1984238881268539e-06,12339,
398,0.0003056794230360538,4.507320682023419e-06,7.981831231518299e-07,12349,
398,0.0004477135371416807,4.974812327418476e-06,9.77768422671943e-07,12359,
398,,,,12368,0.00036291760625317693
399,0.0005440504755824804,4.53682832812774e-06,1.0421066463095485e-06,12369,
399,0.00041275666444562376,8.278590030386113e-06,1.0612235428197891e-06,12379,
399,0.0004261744034010917,3.862865924020298e-06,9.043612863024464e-07,12389,
399,0.001105505391024053,2.9298028039193014e-06,8.169730669749242e-09,12399,
399,,,,12399,0.00036303981323726475
400,0.0006784953293390572,8.222763426601887e-06,1.3157674629837857e-06,12409,
400,0.00045853148913010955,5.223487733019283e-06,1.0618209671520162e-06,12419,
400,0.0003369805053807795,4.028965577163035e-06,1.1321822057652753e-06,12429,
400,,,,12430,0.0003631328872870654
401,0.0003854300011880696,8.152553164109122e-06,9.811162726691691e-07,12439,
401,0.00048302605864591897,4.740370513900416e-06,1.0219694104307564e-06,12449,
401,0.00024927352205850184,4.714072019851301e-06,7.223394504762837e-07,12459,
401,,,,12461,0.0003632539010141045
402,0.0002585374459158629,8.605292350694072e-06,8.923823315853951e-07,12469,
402,0.0003669275320135057,5.90988247495261e-06,9.288156093134603e-07,12479,
402,0.0002954514930024743,4.76390869152965e-06,8.24237417873519e-07,12489,
402,,,,12492,0.0003633165324572474
403,0.0004324763431213796,8.820756193017587e-06,9.92406853583816e-07,12499,
403,0.0002469546743668616,5.984955350868404e-06,7.971946160978405e-07,12509,
403,0.00029023870592936873,4.399848876346368e-06,7.614434025526862e-07,12519,
403,,,,12523,0.0003632575389929116
404,0.00042130978545174,9.349347237730399e-06,1.0381959327787627e-06,12529,
404,0.00038393831346184015,5.709879133064533e-06,9.840682650974486e-07,12539,
404,0.00030488637275993824,5.621684067591559e-06,8.562693665226107e-07,12549,
404,,,,12554,0.0003631130966823548
405,0.00022408552467823029,6.105211014073575e-06,7.446746508321667e-07,12559,
405,0.0002300095948157832,4.723981874121819e-06,7.687573315706686e-07,12569,
405,0.0001826522930059582,5.646182216878515e-06,7.104855512807262e-07,12579,
405,,,,12585,0.0003628605045378208
406,0.0003801505663432181,7.437092335749185e-06,9.923633115249686e-07,12589,
406,0.00027995402342639863,5.526737822947325e-06,8.991384561340965e-07,12599,
406,0.00033841546974144876,5.590666205534944e-06,9.608440905140014e-07,12609,
406,,,,12616,0.0003625914396252483
407,0.00045493332436308265,7.016412837401731e-06,1.024854782372131e-06,12619,
407,0.00029099368839524686,6.482122444140259e-06,8.264842108474113e-07,12629,
407,0.0003561897901818156,4.384206931717927e-06,9.725371228341828e-07,12639,
407,,,,12647,0.000361650570994243
408,0.0003854028764180839,7.95799041952705e-06,1.201070517709013e-06,12649,
408,0.00030261900974437594,4.724452537629986e-06,8.037949896788632e-07,12659,
408,0.00044400079059414566,5.442539531941293e-06,9.830274620981072e-07,12669,
408,,,,12678,0.00036148304934613407
409,0.0005428461008705199,4.979643108526943e-06,1.052617335517425e-06,12679,
409,0.0004098693607375026,9.093891094380524e-06,1.068264054993051e-06,12689,
409,0.0004229823243804276,4.2252286220900714e-06,9.091877473110799e-07,12699,
409,0.0010999372461810708,3.3073399663408054e-06,8.302834864082342e-09,12709,
409,,,,12709,0.0003613331646192819
410,0.0006754178903065622,7.446778454323066e-06,1.3252221151560661e-06,12719,
410,0.00045500174746848643,5.474926638271427e-06,1.0706181683417526e-06,12729,
410,0.00033429363975301385,4.614437784766778e-06,1.1419784868849092e-06,12739,
410,,,,12740,0.00036121736047789454
411,0.00038262797170318663,9.044383659784216e-06,9.906574405249557e-07,12749,
411,0.00047995071508921683,5.723108642996522e-06,1.027543135023734e-06,12759,
411,0.0002469233004376292,4.719569460576167e-06,7.30376257251919e-07,12769,
411,,,,12771,0.00036108875065110624
412,0.0002545936731621623,8.687912668392528e-06,9.007051176013192e-07,12779,
412,0.0003644139796961099,6.214595032361103e-06,9.342283533442242e-07,12789,
412,0.0002924135478679091,4.615925263351528e-06,8.327111800099374e-07,12799,
412,,,,12802,0.00036091363290324807
413,0.00043016215204261243,9.103498996410053e-06,9.994299716709065e-07,12809,
413,0.0002440771640976891,6.4060041040647775e-06,8.076159474512679e-07,12819,
413,0.0002878181403502822,4.772825832333183e-06,7.680380349484039e-07,12829,
413,,,,12833,0.00036070941132493317
414,0.0004145899147260934,8.832123967295047e-06,1.0412746860311017e-06,12839,
414,0.0003810658527072519,5.63833100386546e-06,9.923877541950787e-07,12849,
414,0.00030149839585646987,5.820997557748342e-06,8.634324331069365e-07,12859,
414,,,,12864,0.00036051045753993094
415,0.00022031509433872998,6.7440969360177405e-06,7.489156814699527e-07,12869,
415,0.00022681809787172824,4.946288299834123e-06,7.758126230328344e-07,12879,
415,0.00018035642278846353,6.076568752177991e-06,7.188937161117792e-07,12889,
415,,,,12895,0.0003603161603678018
416,0.00037276025977917016,7.879080840211827e-06,9.937917866409407e-07,12899,
416,0.0002757989859674126,5.327060080162482e-06,9.06201194084133e-07,12909,
416,0.0003348212339915335,5.398011126089841e-06,9.663785931479651e-07,12919,
416,,,,12926,0.00036034928052686155
417,0.0004491721047088504,9.397921530762687e-06,1.0316606449123356e-06,12929,
417,0.00028716656379401684,8.051235454331618e-06,8.349914537575387e-07,12939,
417,0.0003553373389877379,4.504914613789879e-06,9.841982091529644e-07,12949,
417,,,,12957,0.00036065440508536994
418,0.00037924281787127256,9.093158951145597e-06,1.201494001179526e-06,12959,
418,0.00030072208028286695,5.347047590475995e-06,8.122242434183136e-07,12969,
418,0.000439081690274179,4.960128990205703e-06,9.865385663943016e-07,12979,
418,,,,12988,0.00036091721267439425
419,0.0005430856253951788,4.869641543336911e-06,1.0642781944625312e-06,12989,
419,0.0004068465204909444,1.0101759471581317e-05,1.0737554703155183e-06,12999,
419,0.0004198651004116982,4.473329227039358e-06,9.148070603259839e-07,13009,
419,0.0010948915733024478,3.3333178635075456e-06,8.385539373989559e-09,13019,
419,,,,13019,0.00036150513915345073
420,0.0006739762611687183,6.521565865114098e-06,1.3344896387934568e-06,13029,
420,0.0004515445907600224,4.678976893046638e-06,1.0795520211104304e-06,13039,
420,0.0003312477783765644,3.853536782116862e-06,1.1513062645462924e-06,13049,
420,,,,13050,0.0003606793179642409
421,0.0003783628053497523,8.803989658190403e-06,1.0063854460895527e-06,13059,
421,0.00047597684897482395,6.344037046801532e-06,1.0317403393855784e-06,13069,
421,0.00024571316316723824,4.646325578505639e-06,7.404419761769532e-07,13079,
421,,,,13081,0.00035967244184575975
422,0.0002521454298403114,7.804663255228661e-06,9.118646744354919e-07,13089,
422,0.00035889516584575176,5.937412424827926e-06,9.34323566070816e-07,13099,
422,0.00028805644251406193,4.337301561463391e-06,8.409007250520517e-07,13109,
422,,,,13112,0.00035904499236494303
423,0.00043029466178268194,9.117313311435282e-06,1.0078987315864651e-06,13119,
423,0.00024100080190692097,6.22690004092874e-06,8.168749445758294e-07,13129,
423,0.0002853088080883026,5.685057658411097e-06,7.735787903584423e-07,13139,
423,,,,13143,0.0003585879458114505
424,0.0004071242001373321,7.831338734831661e-06,1.0455594292579917e-06,13149,
424,0.0003739339590538293,5.706486263079569e-06,9.95266759673541e-07,13159,
424,0.00029734120471403003,6.230935923667857e-06,8.693177164786903e-07,13169,
424,,,,13174,0.0003582472272682935
425,0.0002157810959033668,7.621906206622953e-06,7.480064141418552e-07,13179,
425,0.00022212567273527384,4.73989530291874e-06,7.829750643395528e-07,13189,
425,0.0001790246897144243,6.2561011873185635e-06,7.298315267689759e-07,13199,
425,,,,13205,0.0003579666081350297
426,0.00036623066989704967,6.821705937909428e-06,9.978264188248431e-07,13209,
426,0.00026838539633899927,4.840342171519296e-06,9.074652211893408e-07,13219,
426,0.0003305133432149887,5.45578359378851e-06,9.718008868730976e-07,13229,
426,,,,13236,0.0003577749303076416
427,0.0004453131987247616,7.74573527451139e-06,1.0484635595275904e-06,13239,
427,0.00028523727087303996,6.463750651164446e-06,8.463388212476275e-07,13249,
427,0.00035614374792203307,4.9251157179242e-06,1.0053843197965762e-06,13259,
427,,,,13267,0.0003576213784981519
428,0.0003748458984773606,7.684729098400567e-06,1.2126739648010698e-06,13269,
428,0.0002961857826448977,7.52406731407973e-06,8.167095870703633e-07,13279,
428,0.0004340542946010828,4.9268560360360425e-06,9.947531225407147e-07,13289,
428,,,,13298,0.00035724183544516563
429,0.0005386670236475766,4.950865331920795e-06,1.071854626388813e-06,13299,
429,0.0004058305057696998,8.773739864409436e-06,1.087512373487698e-06,13309,
429,0.00041775169665925205,4.2183391997241415e-06,9.281908432967612e-07,13319,
429,0.0010962644591927528,3.8448592931672465e-06,8.559822184395216e-09,13329,
429,,,,13329,0.00035722870961762965
430,0.0006709012668579817,6.435639079427347e-06,1.3511465795090771e-06,13339,
430,0.00044905435061082244,5.702398993889801e-06,1.0932487839454552e-06,13349,
430,0.0003294206690043211,3.820017354883021e-06,1.1670634876281838e-06,13359,
430,,,,13360,0.0003572556597646326
431,0.0003774565411731601,9.359364412375726e-06,1.0247986210742965e-06,13369,
431,0.00047427232493646443,6.272713562793797e-06,1.0406788533146027e-06,13379,
431,0.00024332916655112058,4.874332717008656e-06,7.513359605582082e-07,13389,
431,,,,13391,0.00035733863478526473
432,0.0002488316677045077,8.32517343951622e-06,9.239112728209875e-07,13399,
432,0.00035623530857264996,5.885670816496713e-06,9.431979037799465e-07,13409,
432,0.0002858689986169338,4.523292773228604e-06,8.514144269611279e-07,13419,
432,,,,13422,0.0003575193986762315
433,0.00042967067565768957,8.66456230141921e-06,1.0221127695331234e-06,13429,
433,0.00023925282584968954,5.633635737467557e-06,8.299078331219789e-07,13439,
433,0.00028304063016548753,6.291407316894038e-06,7.829101491552137e-07,13449,
433,,,,13453,0.00035776113509200513
434,0.0004036472528241575,7.200538220786257e-06,1.053909500114969e-06,13459,
434,0.0003722643887158483,5.78846265852917e-06,1.0064084108307725e-06,13469,
434,0.0002948707842733711,5.6228523135359865e-06,8.794518748800328e-07,13479,
434,,,,13484,0.0003580387565307319
435,0.00021544451010413468,9.164600669464562e-06,7.573352149847778e-07,13489,
435,0.0002196561690652743,3.978698714490747e-06,7.922393479020684e-07,13499,
435,0.0001780958700692281,5.807047273265198e-06,7.423240617754345e-07,13509,
435,,,,13515,0.00035832912544719875
436,0.00036125132464803755,6.871188361401437e-06,1.0065689366456354e-06,13519,
436,0.0002654230338521302,4.7765684030309785e-06,9.17393322197313e-07,13529,
436,0.00032926702988334,5.310860615281854e-06,9.813118140300503e-07,13539,
436,,,,13546,0.000358649151166901
437,0.00044192210771143436,6.600026154046645e-06,1.0617162615744746e-06,13549,
437,0.0002839710214175284,7.055129572108854e-06,8.546177809876099e-07,13559,
437,0.00035533879417926073,4.333495780883823e-06,1.0203152669419069e-06,13569,
437,,,,13577,0.0003589040716178715
438,0.0003739164094440639,6.601484983548289e-06,1.2268625368960784e-06,13579,
438,0.00029419103520922363,7.336048383876914e-06,8.246076959039783e-07,13589,
438,0.00043241583625786006,4.341136900620768e-06,1.0063096169687924e-06,13599,
438,,,,13608,0.00035897374618798494
439,0.0005392400780692697,5.839861842105165e-06,1.0886516292885062e-06,13609,
439,0.0004039340710733086,7.2549114520370495e-06,1.0989108432113426e-06,13619,
439,0.0004168701125308871,4.6450231820927e-06,9.392339848091069e-07,13629,
439,0.0010946406982839108,3.7222566788841505e-06,8.665939077445728e-09,13639,
439,,,,13639,0.0003591393760871142
440,0.0006699491059407592,8.122317012748681e-06,1.3637067013405613e-06,13649,
440,0.00044706082553602755,5.857321866642451e-06,1.1034129556719563e-06,13659,
440,0.00032683287281543016,3.783360853049089e-06,1.1788234814957832e-06,13669,
440,,,,13670,0.0003590515989344567
441,0.0003782251151278615,1.0195521099376492e-05,1.042063558998052e-06,13679,
441,0.0004711837973445654,5.283384325593943e-06,1.0494338766875444e-06,13689,
441,0.0002423480327706784,6.07023775955895e-06,7.612051149408217e-07,13699,
441,,,,13701,0.00035884894896298647
442,0.0002456895017530769,7.699210982536897e-06,9.356490977552312e-07,13709,
442,0.0003549714165274054,5.750834588980069e-06,9.537332061881898e-07,13719,
442,0.00028394689434207976,4.582676865538815e-06,8.600089813626255e-07,13729,
442,,,,13732,0.00035849877167493105
443,0.00043191606528125703,7.69118378229905e-06,1.0387444717707695e-06,13739,
443,0.00023824055097065866,5.820079877594253e-06,8.406254323745088e-07,13749,
443,0.00027935070102103055,6.147390649857698e-06,7.889440212238696e-07,13759,
443,,,,13763,0.00035803960054181516
444,0.0004048887058161199,1.0137237950402778e-05,1.061821876646718e-06,13769,
444,0.0003687999560497701,4.9170430429512635e-06,1.0100745839736192e-06,13779,
444,0.00029407700640149415,5.411968686530599e-06,8.889888931662426e-07,13789,
444,,,,13794,0.0003574234724510461
445,0.00021312870376277715,9.837342986429576e-06,7.636224950147152e-07,13799,
445,0.0002171973028453067,4.677225206251023e-06,7.955886189847661e-07,13809,
445,0.00017715671856421977,6.235175078472821e-06,7.522334044551826e-07,13819,
445,,,,13825,0.00035658638807944953
446,0.000358684454113245,4.6753739297855645e-06,1.01871637525619e-06,13829,
446,0.0002629926020745188,6.8046692831558175e-06,9.24214077713259e-07,13839,
446,0.0003257124626543373,4.365006589068798e-06,9.869226005321252e-07,13849,
446,,,,13856,0.0003561133344192058
447,0.00044415437150746584,6.164005299069686e-06,1.0806836598931113e-06,13859,
447,0.0002818077045958489,6.437222964450484e-06,8.646600235806545e-07,13869,
447,0.00035248560016043484,3.418128244447871e-06,1.0216940609097946e-06,13879,
447,,,,13887,0.0003556854499038309
448,0.00037130407872609794,5.3869148359808605e-06,1.2355255876173032e-06,13889,
448,0.00029152509523555636,4.578338575811358e-06,8.314619321936334e-07,13899,
448,0.00042983153252862394,4.459911451704102e-06,1.013496444102202e-06,13909,
448,,,,13918,0.0003553487185854465
449,0.0005352306179702282,3.9775236473360565e-06,1.0930253893093322e-06,13919,
449,0.00040316529339179397,7.81932885729475e-06,1.1066790648328606e-06,13929,
449,0.0004128950531594455,4.388999059301568e-06,9.380789265378553e-07,13939,
449,0.001095806946977973,3.3715853078319924e-06,8.88235529572512e-09,13949,
449,,,,13949,0.00035501160891726613
450,0.000667761720251292,8.06477419246221e-06,1.3720315337195643e-06,13959,
450,0.000444618723122403,4.759426246891962e-06,1.114030169446778e-06,13969,
450,0.0003243720857426524,4.683951829065336e-06,1.1905409564860747e-06,13979,
450,,,,13980,0.00035471341107040644
451,0.00037700001848861575,9.872058399196249e-06,1.0494502475921763e-06,13989,
451,0.00046967732487246394,4.954011274094228e-06,1.0566054697846994e-06,13999,
451,0.00023914154735393822,4.995864856027765e-06,7.690078405175882e-07,14009,
451,,,,14011,0.00035423386725597084
452,0.0002434823545627296,5.315825546858832e-06,9.465344419368193e-07,14019,
452,0.0003534568240866065,5.604462785413489e-06,9.598336419003317e-07,14029,
452,0.0002809508587233722,4.395333235152066e-06,8.683790611030417e-07,14039,
452,,,,14042,0.00035354457213543355
453,0.0004320492735132575,7.369378181465436e-06,1.0481554681973648e-06,14049,
453,0.0002353460731683299,4.626071131497156e-06,8.508554856234696e-07,14059,
453,0.00027675373712554574,5.650254934153054e-06,7.94670199866232e-07,14069,
453,,,,14073,0.0003532077535055578
454,0.00040007647476159036,7.520942745031789e-06,1.0702086683522793e-06,14079,
454,0.0003653191670309752,4.416365300130565e-06,1.014788153952395e-06,14089,
454,0.0002916399098467082,5.280344339553267e-06,8.968890483629366e-07,14099,
454,,,,14104,0.00035291307722218335
455,0.00020892119209747761,6.4415553424623795e-06,7.700575110902719e-07,14109,
455,0.0002142809535143897,4.670878752222052e-06,8.01949170181615e-07,14119,
455,0.00017393393500242382,4.705348146671895e-06,7.619397592861787e-07,14129,
455,,,,14135,0.00035263702739030123
456,0.0003573748981580138,4.75401793664787e-06,1.0295551646777312e-06,14139,
456,0.00025997895863838494,6.433304861275246e-06,9.312006454820221e-07,14149,
456,0.00032336279400624335,4.00137969336356e-06,9.926692428052775e-07,14159,
456,,,,14166,0.0003522778279148042
457,0.00044049604912288487,5.4140468819241505e-06,1.089754732674919e-06,14169,
457,0.0002798145869746804,6.290333203651244e-06,8.728591183171375e-07,14179,
457,0.0003494823758956045,3.5901380215364043e-06,1.026238805934554e-06,14189,
457,,,,14197,0.00035197267425246537
458,0.00036801191163249314,5.048890670877881e-06,1.2414261618687306e-06,14199,
458,0.000291161413770169,5.942750703979982e-06,8.375417905881477e-07,14209,
458,0.0004257677646819502,4.54726750831469e-06,1.0184912753175013e-06,14219,
458,,,,14228,0.00035120343090966344
459,0.0005310479900799692,3.5373284390516346e-06,1.093620539904805e-06,14229,
459,0.0004017353930976242,8.63133573147934e-06,1.1143190477014286e-06,14239,
459,0.0004097309720236808,4.474642537388718e-06,9.38226492053218e-07,14249,
459,0.0010956719052046537,2.939719706773758e-06,8.984821775470664e-09,14259,
459,,,,14259,0.00035019981442019343
460,0.0006642316584475338,7.33989372747601e-06,1.3761127775069326e-06,14269,
460,0.00044332523248158395,4.494490440265508e-06,1.1234268413318205e-06,14279,
460,0.00032169994665309787,3.742512944882037e-06,1.2002271887467941e-06,14289,
460,,,,14290,0.00035021750954911113
461,0.00037412409437820315,5.158839485375211e-06,1.0569615369604435e-06,14299,
461,0.0004674902593251318,4.8888414312386885e-06,1.0621862429616158e-06,14309,
461,0.000237502230447717,4.338938197179232e-06,7.763925395920523e-07,14319,
461,,,,14321,0.00034995769965462387
462,0.0002406549610896036,5.893437901249854e-06,9.545941566102556e-07,14329,
462,0.00035158221726305783,4.908640221401583e-06,9.65591311796743e-07,14339,
462,0.0002785281976684928,4.069155238539679e-06,8.756720148994646e-07,14349,
462,,,,14352,0.00034984928788617253
463,0.0004300756845623255,6.874545306345681e-06,1.0536696208873764e-06,14359,
463,0.00023409644200000912,4.6071386350377e-06,8.613516229161178e-07,14369,
463,0.00027470148052088916,5.515063548955368e-06,8.001450169103919e-07,14379,
463,,,,14383,0.00034979209885932505
464,0.000396597693907097,6.7804985519615e-06,1.0767165576908155e-06,14389,
464,0.00036411022301763296,4.400666966830613e-06,1.024020093609579e-06,14399,
464,0.00028970750281587243,5.034568857809063e-06,9.04216449271189e-07,14409,
464,,,,14414,0.00034975670860148966
465,0.00020717513689305633,6.307181593001587e-06,7.760639846310369e-07,14419,
465,0.00021238969929981977,4.998666099709226e-06,8.081207170107518e-07,14429,
465,0.0001715906400931999,4.420003733685007e-06,7.704811650910415e-07,14439,
465,,,,14445,0.0003497102006804198
466,0.0003546452207956463,4.37306152889505e-06,1.0376969612480025e-06,14449,
466,0.0002584426256362349,6.239585673029069e-06,9.395205893270031e-07,14459,
466,0.0003216966288164258,3.7143945519346744e-06,9.983058362195152e-07,14469,
466,,,,14476,0.00034961634082719684
467,0.00043613131856545806,5.814075393573148e-06,1.0972695463351556e-06,14479,
467,0.00027811602922156453,5.270371730148327e-06,8.798918997854344e-07,14489,
467,0.00034716486698016524,3.54213784703461e-06,1.0321904255761183e-06,14499,
467,,,,14507,0.0003494514094199985
468,0.0003650325525086373,4.819714376935735e-06,1.243425458596903e-06,14509,
468,0.00028891663532704115,5.5986761253734585e-06,8.465157748105412e-07,14519,
468,0.0004241154238115996,4.1042958400794305e-06,1.0267693824062007e-06,14529,
468,,,,14538,0.00034925565705634654
469,0.0005286452360451221,3.602707238314906e-06,1.0981099194395938e-06,14539,
469,0.000400709715904668,7.775764061079826e-06,1.1224349236726994e-06,14549,
469,0.00040763086872175336,5.3015414778201375e-06,9.420484730071621e-07,14559,
469,0.0010956140467897058,2.600917923700763e-06,9.1013498959569e-09,14569,
469,,,,14569,0.0003489358350634575
470,0.0006620872882194817,6.888991720188642e-06,1.3812392580803134e-06,14579,
470,0.00044235808309167624,4.7627022468077485e-06,1.1307683962513693e-06,14589,
470,0.00031973441946320236,3.6332698982732836e-06,1.2107409474992892e-06,14599,
470,,,,14600,0.00034834351390600204
471,0.00037280903779901564,4.962024831911549e-06,1.0625524282659171e-06,14609,
471,0.0004666605091188103,4.543035174719989e-06,1.0686077303034835e-06,14619,
471,0.00023687788052484393,4.342778538557468e-06,7.845466711842164e-07,14629,
471,,,,14631,0.00034811257501132786
472,0.00023764838988427073,6.54540554023697e-06,9.61274736255291e-07,14639,
472,0.00035025589750148356,5.028862233302789e-06,9.714600537336082e-07,14649,
472,0.000276833277894184,3.7333441014197888e-06,8.832128628455393e-07,14659,
472,,,,14662,0.0003477954596746713
473,0.0004276532563380897,6.715096333209658e-06,1.0581617289062706e-06,14669,
473,0.0002335620956728235,4.349885330157122e-06,8.732466199035116e-07,14679,
473,0.00027371858595870435,5.781180789199425e-06,8.057644436121336e-07,14689,
473,,,,14693,0.0003474223776720464
474,0.00039468175964429975,7.985693628143054e-06,1.084732048184378e-06,14699,
474,0.00036311589065007865,5.040645191911608e-06,1.0308401670044987e-06,14709,
474,0.00028802608721889555,4.118508513784036e-06,9.107756682169565e-07,14719,
474,,,,14724,0.0003470597439445555
475,0.00020499582751654088,7.304396604013164e-06,7.822147836122895e-07,14729,
475,0.000211664751986973,5.351683284970932e-06,8.13311601177702e-07,14739,
475,0.00017094328359235078,4.574096237774938e-06,7.800210255481943e-07,14749,
475,,,,14755,0.0003465175104793161
476,0.00035251284134574234,5.403751401900081e-06,1.047468458637013e-06,14759,
476,0.00025708795874379575,6.440907782234717e-06,9.446981152905209e-07,14769,
476,0.00031999850762076676,3.768205488086096e-06,1.0035195145974285e-06,14779,
476,,,,14786,0.0003463461762294173
477,0.00043234266922809184,5.863539172423771e-06,1.1047402495023562e-06,14789,
477,0.00027559162117540836,5.223847892921185e-06,8.839224960865977e-07,14799,
477,0.00034642068203538656,3.3971825814660406e-06,1.039747644426825e-06,14809,
477,,,,14817,0.00034598103957250714
478,0.0003625801473390311,4.287701358407503e-06,1.2443223340596887e-06,14819,
478,0.0002885626454371959,5.593676178250462e-06,8.525522616764647e-07,14829,
478,0.0004218203539494425,4.180103587714257e-06,1.0333963018638315e-06,14839,
478,,,,14848,0.00034562949440442026
479,0.000524829316418618,3.2391938020737143e-06,1.098553752854059e-06,14849,
479,0.0003980189503636211,7.275004008988617e-06,1.1280059197815717e-06,14859,
479,0.00040637553320266306,4.2283522816433106e-06,9.462339676247211e-07,14869,
479,0.0010951502481475472,2.4216276415245375e-06,9.201396089508762e-09,14879,
479,,,,14879,0.00034528743708506227
480,0.0006612222641706467,6.733278951287502e-06,1.3873706166123156e-06,14889,
480,0.00044139535748399794,3.958099568990292e-06,1.138734432970523e-06,14899,
480,0.00031924774521030486,3.4796976251527667e-06,1.2214924254294601e-06,14909,
480,,,,14910,0.00034494558349251747
481,0.0003710310556925833,6.334959380183136e-06,1.065434844349511e-06,14919,
481,0.0004657803219743073,4.48644777861773e-06,1.0739896652012249e-06,14929,
481,0.00023531897750217468,4.0884146983444225e-06,7.914877073744719e-07,14939,
481,,,,14941,0.0003445672628004104
482,0.0002355395263293758,5.7730558182811365e-06,9.662386446507298e-07,14949,
482,0.0003486833011265844,4.814515705220401e-06,9.765042250364786e-07,14959,
482,0.000276237609796226,4.342829925008118e-06,8.899638146431244e-07,14969,
482,,,,14972,0.00034423437318764627
483,0.0004259101115167141,1.6271265849354677e-05,1.0635508260747883e-06,14979,
483,0.0002330508577870205,5.32942385689239e-06,8.839497809276509e-07,14989,
483,0.00027240856434218585,5.8117107073485386e-06,8.104465223368607e-07,14999,
483,,,,15003,0.00034395637339912355
484,0.00039263986400328577,5.7153351917804684e-06,1.0917644885921618e-06,15009,
484,0.00036093994276598096,4.958082627126714e-06,1.0378913657405064e-06,15019,
484,0.0002865125425159931,4.397321845317492e-06,9.171812962449621e-07,15029,
484,,,,15034,0.0003431978402659297
485,0.00020298031449783593,6.365878107317258e-06,7.873517802181595e-07,15039,
485,0.00020951821352355182,4.900678959529614e-06,8.187575986084994e-07,15049,
485,0.00016933478764258325,4.391838501760503e-06,7.86411078479432e-07,15059,
485,,,,15065,0.00034311917261220515
486,0.00035072711762040854,3.970300440414576e-06,1.0555261269473704e-06,15069,
486,0.0002550556091591716,5.707217951567145e-06,9.480370977144048e-07,15079,
486,0.0003190813586115837,3.3460917165939463e-06,1.0085176427310216e-06,15089,
486,,,,15096,0.0003428657946642488
487,0.0004298686108086258,4.763601737067802e-06,1.1146095175718074e-06,15099,
487,0.00027367949951440096,5.396564574766671e-06,8.87434850938007e-07,15109,
487,0.0003451434604357928,3.5025811939704e-06,1.0458380756972474e-06,15119,
487,,,,15127,0.00034280138788744807
488,0.00036062783328816295,4.333454398874892e-06,1.2481929161367589e-06,15129,
488,0.00028728239703923464,5.4491174523718655e-06,8.565664870729961e-07,15139,
488,0.0004197069793008268,4.06845310862991e-06,1.039243670675205e-06,15149,
488,,,,15158,0.00034269230673089623
489,0.0005216610734350979,3.0598239391110837e-06,1.0984092568833148e-06,15159,
489,0.0003967247321270406,7.033167548797792e-06,1.1342212928866502e-06,15169,
489,0.00040499723399989307,4.403930688567925e-06,9.495188919572684e-07,15179,
489,0.0010947941336780787,2.124986167473253e-06,9.280627821794951e-09,15189,
489,,,,15189,0.000342643033945933
490,0.0006601745844818652,6.680197202513227e-06,1.393552111039753e-06,15199,
490,0.0004406282096169889,3.7637910281773657e-06,1.1459300139904371e-06,15209,
490,0.00031896907603368163,3.2603454656054964e-06,1.2307457382121356e-06,15219,
490,,,,15220,0.00034259745734743774
491,0.0003687443386297673,4.869455096923048e-06,1.0725093488872517e-06,15229,
491,0.00046466727508232,4.408263976074522e-06,1.07787047909369e-06,15239,
491,0.0002337913028895855,3.858507170662051e-06,7.974154527801147e-07,15249,
491,,,,15251,0.00034247979056090117
492,0.000233831160585396,6.34768866802915e-06,9.719062745716656e-07,15259,
492,0.00034772674553096294,4.507959147304064e-06,9.81128550847643e-07,15269,
492,0.00027531920932233334,3.8488087739096954e-06,8.955946100286383e-07,15279,
492,,,,15282,0.0003422698937356472
493,0.00042277586180716753,8.572443221055437e-06,1.0659892950570793e-06,15289,
493,0.0002318643673788756,4.606013590091607e-06,8.915187095226429e-07,15299,
493,0.0002710662083700299,5.310230335453525e-06,8.151548627211014e-07,15309,
493,,,,15313,0.00034194145700894296
494,0.0003924635238945484,5.884432084712898e-06,1.0996443506883224e-06,15319,
494,0.00035984706482850015,4.920099399896571e-06,1.0440505775477504e-06,15329,
494,0.0002859837841242552,4.220198661641916e-06,9.236581490768003e-07,15339,
494,,,,15344,0.00034154983586631715
495,0.00020492408657446504,9.837780453381129e-06,7.931413392725517e-07,15349,
495,0.0002085072046611458,7.409329100482864e-06,8.248355243267724e-07,15359,
495,0.00016750716895330697,5.807078196085058e-06,7.910383033049584e-07,15369,
495,,,,15375,0.00034097640309482813
496,0.0003503168700262904,6.181276148709003e-06,1.0654990774128237e-06,15379,
496,0.0002539010893087834,5.8649134189181495e-06,9.530675697533297e-07,15389,
496,0.00031939352629706264,3.399929937586421e-06,1.014027816381713e-06,15399,
496,,,,15406,0.00033988041104748845
497,0.0004283841699361801,4.983694907423342e-06,1.1214393680347712e-06,15409,
497,0.00027257780311629176,5.445607257570373e-06,8.917626814763935e-07,15419,
497,0.0003438086132518947,3.582768840715289e-06,1.050523223966593e-06,15429,
497,,,,15437,0.00033955363323912024
498,0.0003596913011278957,4.114184321224457e-06,1.253582695426303e-06,15439,
498,0.0002870604512281716,5.456865437736269e-06,8.607389077042171e-07,15449,
498,0.00041828484972938895,4.077068297192454e-06,1.0440994628879707e-06,15459,
498,,,,15468,0.0003393673396203667
499,0.0005180443986319005,3.123076794508961e-06,1.0982078038068721e-06,15469,
499,0.00039603919140063226,6.975642463658005e-06,1.1401892834328464e-06,15479,
499,0.0004041787760797888,4.0667378016223665e-06,9.528573059469636e-07,15489,
499,0.0010935456957668066,2.045067958533764e-06,9.315557214506498e-09,15499,
499,,,,15499,0.0003394103259779513
500,0.0006595978047698736,6.543437393702334e-06,1.3983419648866402e-06,15509,
500,0.0004397851589601487,3.878517418343108e-06,1.1506569990160642e-06,15519,
500,0.000318219797918573,3.2148986974789295e-06,1.237406650034245e-06,15529,
500,,,,15530,0.00033942589652724564
501,0.0003682767564896494,4.673982402891852e-06,1.077219053513545e-06,15539,
501,0.00046390038914978504,4.530653313850053e-06,1.0807767694132053e-06,15549,
501,0.00023277725267689675,3.6936914966645418e-06,8.014849868231977e-07,15559,
501,,,,15561,0.00033955543767660856
502,0.00023271318059414625,6.359868166327942e-06,9.763915613802965e-07,15569,
502,0.00034623625106178224,4.502511728787795e-06,9.848005220192135e-07,15579,
502,0.00027468931511975825,3.7951401736791013e-06,8.995041866910469e-07,15589,
502,,,,15592,0.000339680613251403
503,0.00042150067747570574,6.864528586447705e-06,1.068547476279491e-06,15599,
503,0.00023104333376977593,4.605783942679409e-06,8.972228897619061e-07,15609,
503,0.0002699272590689361,5.191325726627838e-06,8.183680506590463e-07,15619,
503,,,,15623,0.0003397336113266647
504,0.0003926372155547142,5.287227395456284e-06,1.1062292060159962e-06,15629,
504,0.0003588132676668465,4.904138677375158e-06,1.0469250355527038e-06,15639,
504,0.00028490860131569207,4.096073553228052e-06,9.275848356082861e-07,15649,
504,,,,15654,0.00033972153323702514
505,0.0002016886428464204,5.56933900952572e-06,7.971534046191664e-07,15659,
505,0.00020742329070344567,5.099315330880927e-06,8.264100870292168e-07,15669,
505,0.00016632927872706205,4.489809271035483e-06,7.955647447488445e-07,15679,
505,,,,15685,0.00033960473956540227
506,0.00034938723547384143,4.190354502497939e-06,1.0703392945288215e-06,15689,
506,0.000252593366894871,5.220631464908365e-06,9.573980150889838e-07,15699,
506,0.00031797541305422783,3.469132707323297e-06,1.0173869213758735e-06,15709,
506,,,,15716,0.0003393499064259231
507,0.0004249305638950318,5.114668965688907e-06,1.122285993915284e-06,15719,
507,0.0002714714501053095,6.101372491684742e-06,8.93780679689371e-07,15729,
507,0.00034227987634949386,3.7128356780158356e-06,1.0535302408243297e-06,15739,
507,,,,15747,0.00033903736039064825
508,0.00035894743632525206,4.25181087848614e-06,1.2574755601235665e-06,15749,
508,0.00028665998252108693,5.573570433625719e-06,8.642372222311678e-07,15759,
508,0.000416832510381937,4.744928901345702e-06,1.04833384284575e-06,15769,
508,,,,15778,0.0003385970485396683
509,0.0005171115626581013,3.4470544960640837e-06,1.1016009011655115e-06,15779,
509,0.00039492634823545814,7.094856300682295e-06,1.1430213362473296e-06,15789,
509,0.0004038499901071191,5.516304099728586e-06,9.544952490614378e-07,15799,
509,0.0010918828193098307,2.027883965638466e-06,9.32114829765851e-09,15809,
509,,,,15809,0.0003378239634912461
510,0.0006593642756342888,6.541821676364634e-06,1.4015860188010265e-06,15819,
510,0.00043970163096673787,3.975362687924644e-06,1.1539958677531104e-06,15829,
510,0.00031723154825158417,3.0538187729689525e-06,1.2423647604009602e-06,15839,
510,,,,15840,0.0003377136599738151
511,0.00036873709177598357,4.793448169948533e-06,1.0793615956572467e-06,15849,
511,0.0004634757060557604,4.477011771086836e-06,1.0812390200953814e-06,15859,
511,0.00023218941350933164,3.4825225156964734e-06,8.035817131712975e-07,15869,
511,,,,15871,0.0003377309185452759
512,0.00023197632981464267,6.101041435613297e-06,9.809630228119204e-07,15879,
512,0.0003453893295954913,4.426608938956633e-06,9.876220019577886e-07,15889,
512,0.00027389207389205694,3.9437986742996145e-06,9.019879030347511e-07,15899,
512,,,,15902,0.0003379007684998214
513,0.000421295000705868,6.3283528106694575e-06,1.0704324040489155e-06,15909,
513,0.00023026010603643954,4.794457709067501e-06,8.988513400254305e-07,15919,
513,0.0002694669528864324,4.787404122907901e-06,8.207775863411371e-07,15929,
513,,,,15933,0.00033808781881816685
514,0.0003907624923158437,5.3768735597259365e-06,1.107216348827933e-06,15939,
514,0.00035867380211129785,5.59263389732223e-06,1.0509289722904214e-06,15949,
514,0.0002837177598848939,4.2258088797098026e-06,9.298203735852439e-07,15959,
514,,,,15964,0.0003383189323358238
515,0.00020308673265390098,5.667596724379109e-06,8.033772473936551e-07,15969,
515,0.00020618962298613042,4.7709249884064775e-06,8.271105684798385e-07,15979,
515,0.00016547896666452289,4.114734565519029e-06,7.979002134561597e-07,15989,
515,,,,15995,0.00033855921356007457
516,0.0003474201657809317,4.374624495540047e-06,1.0710085689424886e-06,15999,
516,0.00025264592841267586,5.763750323239947e-06,9.628511179471388e-07,16009,
516,0.000316593621391803,3.639436272351304e-06,1.0189150998485275e-06,16019,
516,,,,16026,0.0003387771430425346
517,0.0004239298577886075,5.1998467824887484e-06,1.119861849474546e-06,16029,
517,0.0002702814235817641,6.562393082276685e-06,8.948913432504924e-07,16039,
517,0.0003419678541831672,3.953798568545608e-06,1.0526443929848028e-06,16049,
517,,,,16057,0.00033890988561324775
518,0.0003578165778890252,4.210000952298287e-06,1.25726182886865e-06,16059,
518,0.00028762180591002107,5.763472017861204e-06,8.671003683957679e-07,16069,
518,0.00041494015022180974,4.960800197295612e-06,1.0515062740523717e-06,16079,
518,,,,16088,0.00033905255259014666
519,0.0005177195416763425,3.964616098528495e-06,1.1061219993280247e-06,16089,
519,0.0003941091999877244,7.249987447721651e-06,1.1464351246104343e-06,16099,
519,0.0004038569750264287,4.453871042642277e-06,9.53874859987991e-07,16109,
519,0.0010887956013903022,1.9933743260480696e-06,9.277127510642913e-09,16119,
519,,,,16119,0.0003386395110283047
520,0.0006605969392694533,6.184992798807798e-06,1.4021197785041295e-06,16129,
520,0.00043850974179804325,4.2373485484858975e-06,1.1540869309101254e-06,16139,
520,0.0003160198393743485,2.7608109576249262e-06,1.243556880581309e-06,16149,
520,,,,16150,0.00033871940104290843
521,0.00036758335772901773,4.882219855062431e-06,1.081927280210948e-06,16159,
521,0.0004619690589606762,5.007867912354413e-06,1.0793207820825046e-06,16169,
521,0.00023173584486357868,3.3903213534358656e-06,8.049447046687419e-07,16179,
521,,,,16181,0.0003387567412573844
522,0.00023264407354872674,5.726992640120443e-06,9.867908374872059e-07,16189,
522,0.00034366516047157347,3.972658305428922e-06,9.86270492830954e-07,16199,
522,0.00027273353771306574,3.925310920749325e-06,9.036440928866796e-07,16209,
522,,,,16212,0.00033891937346197665
523,0.0004209864418953657,5.897798473597504e-06,1.070770736077975e-06,16219,
523,0.00022907550737727433,5.3307521739043295e-06,8.964337894212804e-07,16229,
523,0.000268645555479452,4.6502204895659816e-06,8.209466386688291e-07,16239,
523,,,,16243,0.0003390523779671639
524,0.000388354470487684,5.946123565081507e-06,1.1033486089218059e-06,16249,
524,0.0003567951498553157,6.003863745718263e-06,1.0511466825846583e-06,16259,
524,0.00028241495601832867,4.481856649363181e-06,9.311808639722585e-07,16269,
524,,,,16274,0.00033920229179784656
525,0.00020258383301552385,6.220106570253847e-06,8.031510105865891e-07,16279,
525,0.00020488814334385097,4.540328063740162e-06,8.276774678961374e-07,16289,
525,0.00016516572213731706,4.09100402976037e-06,7.987090384631301e-07,16299,
525,,,,16305,0.0003393643710296601
526,0.0003450250078458339,4.969194833392976e-06,1.0654724746927968e-06,16309,
526,0.0002515894884709269,6.628393748542294e-06,9.63045067692292e-07,16319,
526,0.0003147240786347538,3.7730012536485447e-06,1.0181476000070688e-06,16329,
526,,,,16336,0.00033949653152376413
527,0.0004205852746963501,4.979316145181656e-06,1.1179364491908927e-06,16339,
527,0.00026957833324559033,6.527207915496547e-06,8.956709507401683e-07,16349,
527,0.00034120623604394495,3.913809905498056e-06,1.0524297522351844e-06,16359,
527,,,,16367,0.000339598540449515
528,0.00035708470386452973,4.44563420387567e-06,1.2570940270961728e-06,16369,
528,0.00028643771656788886,5.569562290475005e-06,8.665463724355504e-07,16379,
528,0.0004143190453760326,3.913894488505321e-06,1.0541630217630882e-06,16389,
528,,,,16398,0.00033967671333812177
529,0.0005174356047064066,3.865524831780931e-06,1.1075553629780188e-06,16399,
529,0.00039373451727442443,7.080708655848866e-06,1.1498808589749387e-06,16409,
529,0.00040234101470559835,3.553510396159254e-06,9.533303568787233e-07,16419,
529,0.0010882476344704628,2.402049631200498e-06,9.317719928958468e-09,16429,
529,,,,16429,0.0003397114633116871
530,0.0006607996765524149,6.6487264120951295e-06,1.4040371070223046e-06,16439,
530,0.0004378510930109769,4.270358658686746e-06,1.1561864994291682e-06,16449,
530,0.0003144342335872352,2.6688969683164032e-06,1.244209897777182e-06,16459,
530,,,,16460,0.0003397186810616404
531,0.00036629210808314383,4.887138402409619e-06,1.086532620320213e-06,16469,
531,0.0004607898008543998,4.355752480478259e-06,1.0785229278553743e-06,16479,
531,0.0002321300853509456,3.914326953236014e-06,8.069126806731219e-07,16489,
531,,,,16491,0.0003396208630874753
532,0.00023452567984350026,1.0188401574851014e-05,9.91798742688843e-07,16499,
532,0.0003422882582526654,4.98645385960117e-06,9.872430837276625e-07,16509,
532,0.0002716010494623333,3.621050609581289e-06,9.043195063895837e-07,16519,
532,,,,16522,0.0003396325628273189
533,0.00042008128366433084,6.685590960842092e-06,1.0717138820837135e-06,16529,
533,0.0002281964261783287,5.948206307948567e-06,8.989795787783805e-07,16539,
533,0.0002675110299605876,4.206233825243544e-06,8.221298344324168e-07,16549,
533,,,,16553,0.0003393257793504745
534,0.00038784611388109624,6.0127617871330585e-06,1.1035840543627273e-06,16559,
534,0.00035567532177083194,5.305430022417568e-06,1.0544172255322337e-06,16569,
534,0.00028158913482911885,4.393859398987843e-06,9.331342880614102e-07,16579,
534,,,,16584,0.00033949839416891336
535,0.00020236479758750647,7.0051878537924495e-06,8.048341442190576e-07,16589,
535,0.00020401594520080835,4.7897497097437736e-06,8.286692718684208e-07,16599,
535,0.00016437287558801472,3.537855491231312e-06,8.007478982108296e-07,16609,
535,,,,16615,0.00033954952959902585
536,0.0003446448245085776,4.810178324987646e-06,1.0662896556823398e-06,16619,
536,0.00025035301223397255,7.525038654421223e-06,9.645158343118965e-07,16629,
536,0.00031346321338787675,3.7990764667483745e-06,1.0195520872002817e-06,16639,
536,,,,16646,0.00033956285915337503
537,0.00042003733688034117,4.672066097555216e-06,1.1204398333575227e-06,16649,
537,0.0002683784405235201,5.471781605592696e-06,8.962231277109822e-07,16659,
537,0.0003402037837076932,3.929708327632397e-06,1.0536364243307617e-06,16669,
537,,,,16677,0.0003395498206373304
538,0.00035668874625116587,4.650824394047959e-06,1.2573106005220325e-06,16679,
538,0.00028511937125585973,5.751549906563014e-06,8.661838251100562e-07,16689,
538,0.0004125381528865546,3.578663836378837e-06,1.0570116728558787e-06,16699,
538,,,,16708,0.0003394999948795885
539,0.0005169515497982502,3.327672629893641e-06,1.1086292488471372e-06,16709,
539,0.0003928261867258698,7.222216936497716e-06,1.1524349474711926e-06,16719,
539,0.0004014215082861483,3.910966370312963e-06,9.537952792015858e-07,16729,
539,0.001088445889763534,2.333781367269694e-06,9.3557144253964e-09,16739,
539,,,,16739,0.0003394072991795838
540,0.0006596589228138328,5.510366008820711e-06,1.4065408322494477e-06,16749,
540,0.0004370136302895844,4.0168479245039634e-06,1.158669533651846e-06,16759,
540,0.00031373495585285127,3.0345497634698404e-06,1.246436795554473e-06,16769,
540,,,,16770,0.00033928293851204216
541,0.00036648244713433087,6.2050530686974525e-06,1.0902081157837529e-06,16779,
541,0.0004593745106831193,4.13908674090635e-06,1.0775712553368066e-06,16789,
541,0.0002309689880348742,3.4263805446244078e-06,8.088863978628069e-07,16799,
541,,,,16801,0.00033912420622073114
542,0.00023200138821266592,6.620776730414946e-06,9.936666174326092e-07,16809,
542,0.0003418360138311982,4.699432338384213e-06,9.890616183838574e-07,16819,
542,0.0002706236264202744,3.6334536162030417e-06,9.062480899046932e-07,16829,
542,,,,16832,0.0003389916673768312
543,0.00041993765626102686,7.2187031037174165e-06,1.0737533102656016e-06,16839,
543,0.00022672889463137835,5.3659309742215555e-06,9.005290166896884e-07,16849,
543,0.00026700476882979274,4.379249276098562e-06,8.238654913839127e-07,16859,
543,,,,16863,0.0003388820623513311
544,0.0003871496592182666,5.976195552648278e-06,1.1054421520384494e-06,16869,
544,0.00035585410660132766,4.602182798407739e-06,1.0605104989735992e-06,16879,
544,0.00028050539549440145,3.827838099823566e-06,9.337430242339906e-07,16889,
544,,,,16894,0.00033877455280162394
545,0.0002004955749725923,7.168470801843796e-06,8.047969686231227e-07,16899,
545,0.00020317691087257117,5.235147909843363e-06,8.300001468342089e-07,16909,
545,0.00016374765255022794,3.3600190363358706e-06,8.027637932173093e-07,16919,
545,,,,16925,0.00033871972118504345
546,0.00034399679861962795,4.2867982301686425e-06,1.0668595677998383e-06,16929,
546,0.0002494343789294362,6.9549892032227945e-06,9.675369483375107e-07,16939,
546,0.0003126208612229675,4.038290626340313e-06,1.0209708989350474e-06,16949,
546,,,,16956,0.00033862749114632607
547,0.0004187891026958823,4.965764219377888e-06,1.1209230024178396e-06,16959,
547,0.0002672932459972799,4.87592524223146e-06,8.967587064034888e-07,16969,
547,0.00033955066464841366,3.612667342167697e-06,1.0562214356468758e-06,16979,
547,,,,16987,0.00033863194403238595
548,0.00035486105480231345,4.799064299731981e-06,1.2547624237413402e-06,16989,
548,0.00028442355687730014,5.811719802295556e-06,8.668096711517137e-07,16999,
548,0.000411224173149094,3.6270550936023938e-06,1.0592938224363024e-06,17009,
548,,,,17018,0.0003385692252777517
549,0.0005160826840437949,3.082541297771968e-06,1.1084058542110142e-06,17019,
549,0.0003913179680239409,6.785958248656243e-06,1.153339326265268e-06,17029,
549,0.00040032141259871423,3.912190550181549e-06,9.54249685491959e-07,17039,
549,0.00108822260517627,2.506217924747034e-06,9.373231080189726e-09,17049,
549,,,,17049,0.00033862979034893215
550,0.0006589767290279269,5.306759248924209e-06,1.4089337128098123e-06,17059,
550,0.00043616496259346604,3.7578809042315697e-06,1.1601975984376622e-06,17069,
550,0.00031323955045081675,2.866423301384202e-06,1.2489979326346656e-06,17079,
550,,,,17080,0.0003385918098501861
551,0.00036572094541043043,5.903486453462392e-06,1.0930012876997353e-06,17089,
551,0.0004588389419950545,4.157221610512352e-06,1.0771838105938514e-06,17099,
551,0.00023027359566185623,3.32743366016075e-06,8.100765285234957e-07,17109,
551,,,,17111,0.0003385857562534511
552,0.00023088125453796238,6.698996003251523e-06,9.950199455488473e-07,17119,
552,0.00034080154728144407,4.5337701521930285e-06,9.901450539473444e-07,17129,
552,0.00026985787553712726,3.647129005912575e-06,9.072082320926711e-07,17139,
552,,,,17142,0.00033858048846013844
553,0.0004191789194010198,5.85352017878904e-06,1.0743573284344166e-06,17149,
553,0.00022588144929613918,5.003912065149052e-06,9.021730988933996e-07,17159,
553,0.00026667077327147126,4.324842393543804e-06,8.248137532973487e-07,17169,
553,,,,17173,0.0003385959716979414
554,0.0003865321050398052,6.056260644982103e-06,1.1070294476667186e-06,17179,
554,0.00035539738018997014,4.373811407276662e-06,1.0627746860336629e-06,17189,
554,0.00027949127252213657,3.671798140203464e-06,9.340610631625168e-07,17199,
554,,,,17204,0.00033862132113426924
555,0.00019889941904693842,6.659297923761187e-06,8.048840527408174e-07,17209,
555,0.00020221785234753042,5.437907020677812e-06,8.300971785502043e-07,17219,
555,0.00016319702262990177,3.481219891909859e-06,8.035156042751623e-07,17229,
555,,,,17235,0.00033864882425405085
556,0.0003428858472034335,4.352735686552478e-06,1.0670833034964744e-06,17239,
556,0.00024857750395312905,6.413460596377263e-06,9.695512517282623e-07,17249,
556,0.00031192656024359167,4.118071501579834e-06,1.0218843726761406e-06,17259,
556,,,,17266,0.00033867519232444465
557,0.00041737905121408403,4.741856628243113e-06,1.1204349448235007e-06,17269,
557,0.00026627356419339776,5.044001682108501e-06,8.969198006525403e-07,17279,
557,0.00033903613802976906,3.6818546504946426e-06,1.057983467944723e-06,17289,
557,,,,17297,0.0003387046162970364
558,0.00035361433401703835,4.812974566448247e-06,1.253029722647625e-06,17299,
558,0.00028395585832186043,5.964448064332828e-06,8.673004003867391e-07,17309,
558,0.00041030763532035053,3.586328375604353e-06,1.0612036476231879e-06,17319,
558,,,,17328,0.00033874408109113574
559,0.0005160525324754417,3.1716542707727058e-06,1.1098070444859331e-06,17329,
559,0.0003899071889463812,6.337586000881856e-06,1.1535911426108214e-06,17339,
559,0.00039921244024299085,3.872278739436297e-06,9.542760608383105e-07,17349,
559,0.0010879435576498508,2.5585877665434964e-06,9.375359155683327e-09,17359,
559,,,,17359,0.0003387932665646076
560,0.0006585838855244219,4.851937319472199e-06,1.4105468153502443e-06,17369,
560,0.0004355112323537469,3.7958882330713095e-06,1.161692352980026e-06,17379,
560,0.0003123984788544476,2.59942362390575e-06,1.2498037449404364e-06,17389,
560,,,,17390,0.0003388412587810308
561,0.00036505243042483926,5.089377282274654e-06,1.0958993925669347e-06,17399,
561,0.0004589873133227229,4.159967829764355e-06,1.0764052831291337e-06,17409,
561,0.00022958383488003165,3.1345105071522994e-06,8.110379781101074e-07,17419,
561,,,,17421,0.00033882370917126536
562,0.000229117096750997,9.789471732801758e-06,9.950957746696076e-07,17429,
562,0.00033931119833141565,6.203486009326298e-06,9.910731932905037e-07,17439,
562,0.00026934026391245425,3.914577519026352e-06,9.075448588191648e-07,17449,
562,,,,17452,0.00033883462310768664
563,0.0004192994674667716,8.874724699126091e-06,1.0749655530162272e-06,17459,
563,0.00022520794300362468,5.031905402574921e-06,9.027664304994687e-07,17469,
563,0.0002666902437340468,4.248853656463325e-06,8.251555527749588e-07,17479,
563,,,,17483,0.0003390926867723465
564,0.00038555110222660005,6.324117748590652e-06,1.1067971854572534e-06,17489,
564,0.00035491358721628785,4.427641670190496e-06,1.0638557341735577e-06,17499,
564,0.0002785884717013687,3.3370104119967436e-06,9.337094297734438e-07,17509,
564,,,,17514,0.00033909472404047847
565,0.00019790917576756328,6.581351044587791e-06,8.045614663387823e-07,17519,
565,0.00020090144244022667,5.043242254032521e-06,8.299066394101828e-07,17529,
565,0.00016316464461851865,3.636524070316227e-06,8.036549274947902e-07,17539,
565,,,,17545,0.00033936882391572
566,0.0003415521641727537,4.539040219242452e-06,1.0646755299603683e-06,17549,
566,0.00024826600565575063,6.0041106735297944e-06,9.706643595563946e-07,17559,
566,0.0003113811544608325,4.169613930571359e-06,1.0222222499578493e-06,17569,
566,,,,17576,0.0003396047686692327
567,0.0004158626834396273,4.745420937979361e-06,1.1187144082214218e-06,17579,
567,0.0002653144474606961,4.7843986976658925e-06,8.968717679636029e-07,17589,
567,0.0003386469616089016,3.475168114164262e-06,1.0584876690700185e-06,17599,
567,,,,17607,0.0003398057888261974
568,0.0003526974469423294,5.1465199248923454e-06,1.2510207625382463e-06,17609,
568,0.0002836021303664893,5.7422548707108945e-06,8.676257152728795e-07,17619,
568,0.0004095129552297294,3.463589337115991e-06,1.0628627933328971e-06,17629,
568,,,,17638,0.0003400142886675894
569,0.0005168516072444618,3.123062924714759e-06,1.1121868510599597e-06,17639,
569,0.0003884314210154116,5.9022108871431556e-06,1.1531056998137501e-06,17649,
569,0.0003983271890319884,4.007698862551479e-06,9.539710390527034e-07,17659,
569,0.0010878563625738025,2.426824039503117e-06,9.36767818870976e-09,17669,
569,,,,17669,0.00034021504689008
570,0.00065850984537974,5.056710506323725e-06,1.4117840692051686e-06,17679,
570,0.0004349742957856506,3.9603123695997056e-06,1.1628204674707376e-06,17689,
570,0.00031125685200095177,2.5514398203085875e-06,1.2497923762566643e-06,17699,
570,,,,17700,0.000340350583428517
571,0.00036486107273958623,6.179155661811819e-06,1.0958553957607364e-06,17709,
571,0.00045799644431099296,3.952027327613905e-06,1.0764407534225029e-06,17719,
571,0.00022950186394155025,3.201949539288762e-06,8.115219998217071e-07,17729,
571,,,,17731,0.0003405986353754997
572,0.00022779651044402272,7.043166988296434e-06,9.961000841940404e-07,17739,
572,0.00033858008100651205,5.375911314331461e-06,9.911009328789078e-07,17749,
572,0.0002686314401216805,4.239266672811937e-06,9.074113336282608e-07,17759,
572,,,,17762,0.00034069642424583435
573,0.0004179448587819934,7.387549885606859e-06,1.0749071179816383e-06,17769,
573,0.0002246802469016984,5.176525974093238e-06,9.033591936713492e-07,17779,
573,0.0002667375956661999,4.1510661503707524e-06,8.255040597759944e-07,17789,
573,,,,17793,0.0003409575147088617
574,0.0003840629360638559,8.236860594479367e-06,1.1060510587412864e-06,17799,
574,0.00035470951115712523,4.403475031722337e-06,1.0653284334694035e-06,17809,
574,0.00027769425651058555,3.862475750793237e-06,9.34018089537858e-07,17819,
574,,,,17824,0.0003410755598451942
575,0.00019793717365246266,7.527718025812646e-06,8.037907264224486e-07,17829,
575,0.00019984602113254368,5.248569323157426e-06,8.294213102999493e-07,17839,
575,0.0001635529042687267,4.004269158031093e-06,8.030147000681609e-07,17849,
575,,,,17855,0.0003415724204387516
576,0.00034059290192089975,5.3701724027632736e-06,1.060712293110555e-06,17859,
576,0.000248534808633849,6.715877589158481e-06,9.720822617964586e-07,17869,
576,0.00031122780637815595,4.220773462293437e-06,1.0228329756500898e-06,17879,
576,,,,17886,0.0003421014407649636
577,0.00041655392851680517,5.1376678129599895e-06,1.1190472832822707e-06,17889,
577,0.0002649740199558437,5.411540314526064e-06,8.963259574557014e-07,17899,
577,0.0003376529202796519,3.278568101450219e-06,1.0575649866950698e-06,17909,
577,,,,17917,0.00034266768489032984
578,0.00035220495192334056,6.362193289533025e-06,1.2486713103498914e-06,17919,
578,0.00028383571770973504,5.794439402961871e-06,8.683181818014418e-07,17929,
578,0.0004095013136975467,3.561025778253679e-06,1.0644059784681303e-06,17939,
578,,,,17948,0.0003432626253925264
579,0.0005192323005758226,3.263187636548537e-06,1.1180414958289475e-06,17949,
579,0.0003874808026012033,5.734058959205868e-06,1.1516231097630225e-06,17959,
579,0.0003974693245254457,4.875845661445055e-06,9.522681239104713e-07,17969,
579,0.0010883203940466046,2.3778563900123117e-06,9.355312968750695e-09,17979,
579,,,,17979,0.0003438892890699208
580,0.0006588713149540126,5.331398369889939e-06,1.414255052623048e-06,17989,
580,0.0004349327937234193,4.3046097744081635e-06,1.1641208175205975e-06,17999,
580,0.0003087131481152028,2.4231701445387444e-06,1.2455054729798576e-06,18009,
580,,,,18010,0.00034455442801117897
581,0.0003656685003079474,5.351409981813049e-06,1.097840709007869e-06,18019,
581,0.0004570085438899696,3.75052741219406e-06,1.0769490472739562e-06,18029,
581,0.00022967836412135512,3.612056389101781e-06,8.117600032164773e-07,18039,
581,,,,18041,0.0003452430246397853
582,0.000226510179345496,5.511528797796927e-06,9.97056304186117e-07,18049,
582,0.000340390601195395,4.564398295769934e-06,9.903405953082256e-07,18059,
582,0.0002678881282918155,4.092150902579306e-06,9.058614978130208e-07,18069,
582,,,,18072,0.00034591430448926985
583,0.0004172588523942977,4.552475729724392e-06,1.0753641390692792e-06,18079,
583,0.00022338685812428594,5.321419394022087e-06,9.020533866532787e-07,18089,
583,0.00026569361216388643,3.850738266919507e-06,8.24620883577154e-07,18099,
583,,,,18103,0.0003464968758635223
584,0.0003844515886157751,8.32748173706932e-06,1.1074861276938464e-06,18109,
584,0.00035391791607253253,4.501830972003518e-06,1.0620228749758098e-06,18119,
584,0.00027698761550709605,3.4540880733402446e-06,9.334933679383539e-07,18129,
584,,,,18134,0.00034687662264332175
585,0.00019738645642064512,7.959843060234562e-06,7.992999826456071e-07,18139,
585,0.00019885264919139445,5.387742021412123e-06,8.288679396173393e-07,18149,
585,0.00016212389164138585,4.150799668423133e-06,8.00144164259109e-07,18159,
585,,,,18165,0.00034690918982960284
586,0.00034060332109220326,5.4750121307733934e-06,1.059196847563726e-06,18169,
586,0.0002475733053870499,6.3073089222598355e-06,9.710704489407362e-07,18179,
586,0.0003118530148640275,4.246017397235846e-06,1.0237997685180744e-06,18189,
586,,,,18196,0.00034648171276785433
587,0.00041960456292144954,6.714250048389658e-06,1.1209001513634576e-06,18199,
587,0.00026699641603045166,5.92294827583828e-06,8.978212804322538e-07,18209,
587,0.00033311688457615674,3.0922412861400517e-06,1.0509974117667298e-06,18219,
587,,,,18227,0.0003453301324043423
588,0.0003508483059704304,6.952733656362398e-06,1.2501783430707292e-06,18229,
588,0.00028315233066678047,5.067231086286483e-06,8.69412986048701e-07,18239,
588,0.00040981030906550586,4.793893367605051e-06,1.0600573432384408e-06,18249,
588,,,,18258,0.0003429703356232494
589,0.0005180242587812245,3.702512913150713e-06,1.1185355788256857e-06,18259,
589,0.0003866557963192463,6.336050319077913e-06,1.1512482842590543e-06,18269,
589,0.00039760858635418117,4.489616458158707e-06,9.542779935145518e-07,18279,
589,0.0010938129853457212,2.2106194137450075e-06,9.392316258072242e-09,18289,
589,,,,18289,0.00033944097231142223
590,0.0006611418793909252,5.6622966440045275e-06,1.4198188864611438e-06,18299,
590,0.0004361521278042346,3.461804226390086e-06,1.1712010064002243e-06,18309,
590,0.0003090929822064936,2.8386205030983547e-06,1.2456002878025174e-06,18319,
590,,,,18320,0.0003360222326591611
591,0.00036766278208233416,5.780677383881994e-06,1.1010811249434482e-06,18329,
591,0.0004591334145516157,3.403298705961788e-06,1.080143533727096e-06,18339,
591,0.00022817343415226787,4.04291131417267e-06,8.089496077445801e-07,18349,
591,,,,18351,0.0003341160772833973
592,0.0002246609510621056,5.056361715105595e-06,9.937930371961556e-07,18359,
592,0.00033737876219674945,5.2839059208054096e-06,9.921632226905786e-07,18369,
592,0.0002694997237995267,3.4427041555318283e-06,9.085832175514952e-07,18379,
592,,,,18382,0.00033377824001945555
593,0.00041716505074873567,5.173134468350327e-06,1.0798130460898392e-06,18389,
593,0.00022417829313781112,5.182079348742263e-06,9.029125749293598e-07,18399,
593,0.0002640068414621055,3.1319650588557124e-06,8.245760909630917e-07,18409,
593,,,,18413,0.00033398641971871257
594,0.0003853791859000921,7.494723377021728e-06,1.1083653816967853e-06,18419,
594,0.0003513666451908648,4.679749054048443e-06,1.0635261560310028e-06,18429,
594,0.00027834283537231386,3.4055262858601054e-06,9.343925171378942e-07,18439,
594,,,,18444,0.00033424337743781507
595,0.00019392593821976334,6.3652219068899285e-06,8.005748100003984e-07,18449,
595,0.00019772617088165134,4.967957011103863e-06,8.278321956822765e-07,18459,
595,0.00016127631533890963,4.223484665999422e-06,8.023521331779193e-07,18469,
595,,,,18475,0.00033454029471613467
596,0.0003363295691087842,4.363941570773022e-06,1.0650536523826304e-06,18479,
596,0.0002475694636814296,5.983858955005417e-06,9.759003205545014e-07,18489,
596,0.00031052768463268876,3.7126458209968405e-06,1.0240202072964166e-06,18499,
596,,,,18506,0.00033490578061901033
597,0.0004148292064201087,5.953368145128479e-06,1.119904368351854e-06,18509,
597,0.00026423580129630864,5.264372703095432e-06,8.98184680409031e-07,18519,
597,0.00033580444869585335,3.3163978514494374e-06,1.054761355590017e-06,18529,
597,,,,18537,0.0003352533676661551
598,0.00034953831345774233,5.324709945853101e-06,1.2535514315459295e-06,18539,
598,0.00028172406018711627,4.806597644346766e-06,8.698731903677981e-07,18549,
598,0.00040798960253596306,3.940505848731846e-06,1.0641281278367387e-06,18559,
598,,,,18568,0.0003355880326125771
599,0.0005118270055390894,3.0606204290961614e-06,1.107528760257992e-06,18569,
599,0.00038625876186415553,6.550936177518452e-06,1.1528367167557008e-06,18579,
599,0.0003972035483457148,3.993357040599221e-06,9.531431715004146e-07,18589,
599,0.0010909513803198934,2.0001386928925058e-06,9.392567612565017e-09,18599,
599,,,,18599,0.0003358522953931242
600,0.0006587926764041185,5.26986559634679e-06,1.4157267287373543e-06,18609,
600,0.0004338023136369884,3.132201300104498e-06,1.168843937193742e-06,18619,
600,0.0003092256374657154,2.746987775026355e-06,1.246029228241241e-06,18629,
600,,,,18630,0.0003361290437169373
601,0.0003635786415543407,5.0503799684520345e-06,1.09583925222978e-06,18639,
601,0.00045647748629562557,3.19804712489713e-06,1.07731909793074e-06,18649,
601,0.00022773789532948285,3.816044227278326e-06,8.096700980786409e-07,18659,
601,,,,18661,0.00033624612842686474
602,0.00022318756964523345,4.839504526898963e-06,9.932874718288076e-07,18669,
602,0.00033671341952867806,5.075340141047491e-06,9.903345699058264e-07,18679,
602,0.00026731251273304224,3.362274355822592e-06,9.068335771189595e-07,18689,
602,,,,18692,0.0003365580632817
603,0.00041560904355719686,5.713081918656826e-06,1.0739735216702684e-06,18699,
603,0.0002230772515758872,5.512019015441183e-06,9.022608651321207e-07,18709,
603,0.0002643478219397366,3.7430370412039338e-06,8.23673872218933e-07,18719,
603,,,,18723,0.000336391240125522
604,0.00038480956573039293,7.404708867397858e-06,1.1079417845394346e-06,18729,
604,0.0003497129655443132,4.454596364666941e-06,1.05968115349242e-06,18739,
604,0.00027666488313116133,3.2367659059673315e-06,9.327697512162558e-07,18749,
604,,,,18754,0.0003367688332218677
605,0.00019215010979678482,5.810129550809506e-06,8.003967195691075e-07,18759,
605,0.00019689656619448215,4.971397174813319e-06,8.261216635219171e-07,18769,
605,0.00016172487812582403,4.160762273386354e-06,8.012701186999038e-07,18779,
605,,,,18785,0.000336858065566048
606,0.00033665657974779606,4.368337158666691e-06,1.0607182048261166e-06,18789,
606,0.00024683563970029354,6.419715191441355e-06,9.733057595440187e-07,18799,
606,0.00030906463507562876,3.4424160730850417e-06,1.02252658962243e-06,18809,
606,,,,18816,0.00033699171035550535
607,0.0004128118453081697,5.938297817920102e-06,1.1154673984492547e-06,18819,
607,0.0002631506649777293,4.828979854210047e-06,8.972531873041589e-07,18829,
607,0.0003350855549797416,3.186754156558891e-06,1.0541302799538244e-06,18839,
607,,,,18847,0.0003371870843693614
608,0.00034789799246937037,5.605350452242419e-06,1.2473948345359531e-06,18849,
608,0.0002819088695105165,4.834747869608691e-06,8.702829745743657e-07,18859,
608,0.000406760023906827,3.7999045616743388e-06,1.0639162155712256e-06,18869,
608,,,,18878,0.00033731208532117307
609,0.0005134037928655744,2.839121862052707e-06,1.1095513627878972e-06,18879,
609,0.0003846042964141816,6.410643891285872e-06,1.1503361747600138e-06,18889,
609,0.00039628136437386274,3.9626038415008225e-06,9.519858394924086e-07,18899,
609,0.0010933426674455404,1.9683527625602437e-06,9.42049105390197e-09,18909,
609,,,,18909,0.0003375782980583608
610,0.0006583770154975355,5.460274678625865e-06,1.4161548733682139e-06,18919,
610,0.00043364294106140733,3.5655859846883686e-06,1.1700828963512322e-06,18929,
610,0.0003081215836573392,2.90384991785686e-06,1.2466251746445778e-06,18939,
610,,,,18940,0.0003376323147676885
611,0.0003613014123402536,5.271298959996784e-06,1.0929417157967691e-06,18949,
611,0.0004562734393402934,3.4220281577290734e-06,1.0770565950224409e-06,18959,
611,0.00022725373855791986,3.991196081187809e-06,8.100991522042023e-07,18969,
611,,,,18971,0.0003380690177436918
612,0.00022245752916205674,4.7901507969072554e-06,9.940949894371442e-07,18979,
612,0.000337291945470497,4.6512823246303014e-06,9.89148361441039e-07,18989,
612,0.00026618861011229455,3.55512179339712e-06,9.072967372958374e-07,18999,
612,,,,19002,0.000338241079589352
613,0.00041289490764029324,4.679913672589464e-06,1.0728035704232752e-06,19009,
613,0.0002229154051747173,4.805145636055386e-06,9.037385666488262e-07,19019,
613,0.00026460675871931016,3.425079285079846e-06,8.237630595431256e-07,19029,
613,,,,19033,0.0003385859017726034
614,0.00038208565092645586,6.753319667041069e-06,1.1080099966420676e-06,19039,
614,0.00034973479341715574,4.29307101512677e-06,1.0599850384096499e-06,19049,
614,0.0002753596636466682,3.0512908324453747e-06,9.332248396276555e-07,19059,
614,,,,19064,0.0003388994373381138
615,0.000191100116353482,5.776425041403854e-06,7.993023132257804e-07,19069,
615,0.0001973790058400482,5.161130047781626e-06,8.265900532933301e-07,19079,
615,0.00016163430700544268,4.201578576612519e-06,8.005713425518479e-07,19089,
615,,,,19095,0.00033916367101483047
616,0.0003359129768796265,4.490399987844285e-06,1.0587425549601903e-06,19099,
616,0.00024701733491383493,6.401250630005961e-06,9.744869657879462e-07,19109,
616,0.0003093300329055637,3.3915309813892236e-06,1.0240095207336708e-06,19119,
616,,,,19126,0.00033934114617295563
617,0.00041279743891209364,6.070292329241056e-06,1.115914415095176e-06,19129,
617,0.0002638545702211559,4.895516667602351e-06,8.986968964563857e-07,19139,
617,0.000333730858983472,3.280877081124345e-06,1.0538361721046385e-06,19149,
617,,,,19157,0.0003392666403669864
618,0.0003464648616500199,5.110814072395442e-06,1.244387931365054e-06,19159,
618,0.00028363981982693076,5.068287464382593e-06,8.746865773900936e-07,19169,
618,0.0004070052527822554,3.908106464223238e-06,1.0627916253724834e-06,19179,
618,,,,19188,0.000338867015670985
619,0.0005141550791449845,2.8300548819970572e-06,1.1138212130390457e-06,19189,
619,0.00038358208257704973,6.486333859356819e-06,1.1509463320180657e-06,19199,
619,0.0003954833955504,4.145167167735053e-06,9.538388212604332e-07,19209,
619,0.001097563304938376,2.3463057914341334e-06,9.452458371583816e-09,19219,
619,,,,19219,0.0003379368281457573
620,0.0006599280168302357,5.155626695341198e-06,1.4219805279935827e-06,19229,
620,0.0004356635035946965,3.200233550160192e-06,1.1754026445487398e-06,19239,
620,0.00030559144215658307,2.607536089271889e-06,1.2451085922293714e-06,19249,
620,,,,19250,0.000336880621034652
621,0.0003608386032283306,5.151220648258459e-06,1.095956463359471e-06,19259,
621,0.00045633537229150534,3.5502071114024147e-06,1.0801203416122007e-06,19269,
621,0.00022926855308469385,3.929873400920769e-06,8.095306611721753e-07,19279,
621,,,,19281,0.00033536311821080744
622,0.000221694543142803,5.019856416765833e-06,9.942928045347799e-07,19289,
622,0.00033531978260725737,5.0589474085427355e-06,9.906639206747059e-07,19299,
622,0.00026659105787985027,3.1803076581127243e-06,9.091357924262411e-07,19309,
622,,,,19312,0.00033477364922873676
623,0.0004144736158195883,4.932462616125122e-06,1.076986336556729e-06,19319,
623,0.00022385639022104442,4.794302640220849e-06,9.051847769114829e-07,19329,
623,0.00026375881861895323,3.5219879919168307e-06,8.240252782343305e-07,19339,
623,,,,19343,0.0003341486444696784
624,0.0003801701823249459,6.3923189372872e-06,1.1087151960964547e-06,19349,
624,0.00034972504363395274,4.620078470907174e-06,1.0650996955519076e-06,19359,
624,0.0002766888355836272,3.089376832576818e-06,9.334908099845052e-07,19369,
624,,,,19374,0.0003342381096445024
625,0.0001912369334604591,5.862120815436356e-06,7.965539339238603e-07,19379,
625,0.00019590191368479282,4.8204506128968205e-06,8.264748885267181e-07,19389,
625,0.00015898393758106977,3.935288987122476e-06,8.02385727638466e-07,19399,
625,,,,19405,0.0003346080193296075
626,0.00033189315581694245,5.063883691036608e-06,1.0605397164908936e-06,19409,
626,0.00024770628078840673,5.5032492127793375e-06,9.808505865294137e-07,19419,
626,0.0003106330696027726,3.3174535474245204e-06,1.025957431011193e-06,19429,
626,,,,19436,0.00033504152088426054
627,0.00041093790787272155,5.774403234681813e-06,1.1174105338795925e-06,19439,
627,0.00026271562092006207,4.360245839052368e-06,8.999629130812536e-07,19449,
627,0.0003326714504510164,3.320321411592886e-06,1.0554316531852237e-06,19459,
627,,,,19467,0.00033574638655409217
628,0.00034586183028295636,4.747278126160381e-06,1.244557893187448e-06,19469,
628,0.00028321449644863605,5.079295533505501e-06,8.759075740272237e-07,19479,
628,0.00040791515493765473,3.6855271901004016e-06,1.0657232678568107e-06,19489,
628,,,,19498,0.00033616050495766103
629,0.0005112543003633618,2.7888788736163406e-06,1.1098012464572093e-06,19499,
629,0.000384514220058918,6.6586376306077e-06,1.1559154700080398e-06,19509,
629,0.0003945333883166313,3.7766178593301447e-06,9.539970733385417e-07,19519,
629,0.0010966077679768205,2.1490484414243838e-06,9.44892075693815e-09,19529,
629,,,,19529,0.00033717366750352085
630,0.0006582936621271074,4.854553480981849e-06,1.4197443078955985e-06,19539,
630,0.00043462676694616675,4.298200110497419e-06,1.1723766419891035e-06,19549,
630,0.0003046823258046061,2.7185985800315393e-06,1.242235839526984e-06,19559,
630,,,,19560,0.00033764628460630774
631,0.00036111086956225336,4.830065790883964e-06,1.095736706702155e-06,19569,
631,0.0004531818558461964,3.379652980584069e-06,1.0781683386085206e-06,19579,
631,0.000226402044063434,3.905939138348913e-06,8.097703698695113e-07,19589,
631,,,,19591,0.00033818406518548727
632,0.00021983415354043245,4.41902011516504e-06,9.924565347319003e-07,19599,
632,0.00033489434281364083,4.610630639945157e-06,9.903263844535104e-07,19609,
632,0.0002658688463270664,2.8885722258564783e-06,9.079495271180349e-07,19619,
632,,,,19622,0.0003386316529940814
633,0.0004142774560023099,4.78620813737507e-06,1.0758344615169335e-06,19629,
633,0.00021910201758146286,4.615259967977181e-06,8.997184863801522e-07,19639,
633,0.00026237728889100254,3.1064100767252967e-06,8.228826118283905e-07,19649,
633,,,,19653,0.0003390860219951719
634,0.0003790088521782309,6.351306637952803e-06,1.1072647794208024e-06,19659,
634,0.0003485972702037543,4.622476353688398e-06,1.0629436246745172e-06,19669,
634,0.0002749105333350599,2.9794214242429007e-06,9.329793329015956e-07,19679,
634,,,,19684,0.00033946719486266375
635,0.00019101933867204934,5.9870199038414285e-06,7.942173851915868e-07,19689,
635,0.00019463819626253098,4.90868978886283e-06,8.253598480223445e-07,19699,
635,0.00015698053175583482,3.7332604279072257e-06,7.998337423487101e-07,19709,
635,,,,19715,0.0003397202235646546
636,0.00033145814086310565,4.638262907974422e-06,1.0561182079982245e-06,19719,
636,0.00024570056120865047,5.551726189878536e-06,9.754813845574972e-07,19729,
636,0.0003094215062446892,3.1562653930450324e-06,1.0250365676256479e-06,19739,
636,,,,19746,0.0003398752014618367
637,0.0004109492292627692,6.125028448877856e-06,1.115785380534362e-06,19749,
637,0.00026263436302542686,4.796994289790746e-06,8.996136671157728e-07,19759,
637,0.00032916542841121554,3.265895884396741e-06,1.0509480716791586e-06,19769,
637,,,,19777,0.0003399147535674274
638,0.00034435061388649046,4.666046152124181e-06,1.2405346296873176e-06,19779,
638,0.00028096523601561785,4.952851213602116e-06,8.710997576599766e-07,19789,
638,0.0004067123809363693,3.672434786494705e-06,1.0658609426172916e-06,19799,
638,,,,19808,0.00033992945100180805
639,0.0005146229523234069,2.789561904137372e-06,1.1155892707392923e-06,19809,
639,0.0003847019688691944,6.442496214731364e-06,1.1557658581295982e-06,19819,
639,0.00039287953404709697,3.6110213841311634e-06,9.521783113086713e-07,19829,
639,0.0010978857753798366,2.156379196094349e-06,9.523654753706978e-09,19839,
639,,,,19839,0.00033980290754698217
640,0.0006571194971911609,4.755870577355381e-06,1.416656687069917e-06,19849,
640,0.00043383080628700554,2.92231766252371e-06,1.1731341373888426e-06,19859,
640,0.0003033146494999528,2.597056663944386e-06,1.2401100093484274e-06,19869,
640,,,,19870,0.0003398511034902185
641,0.000361466285539791,4.898892711935332e-06,1.0972783002216602e-06,19879,
641,0.0004516472399700433,3.948950052290456e-06,1.0775660257422714e-06,19889,
641,0.00022522003564517945,3.7266011077008443e-06,8.082557769739651e-07,19899,
641,,,,19901,0.00033948745112866163
642,0.0002185556513722986,4.435390565049602e-06,9.891982699627988e-07,19909,
642,0.0003334168577566743,4.569081738736713e-06,9.88670990409446e-07,19919,
642,0.0002654112468007952,2.8584618121385574e-06,9.072965667655808e-07,19929,
642,,,,19932,0.0003393124497961253
643,0.00041450888966210186,4.786502813658444e-06,1.07353832845547e-06,19939,
643,0.00021754678164143115,4.562024969345657e-06,8.977950187727401e-07,19949,
643,0.00026081266696564853,2.9877201086492278e-06,8.21290939256869e-07,19959,
643,,,,19963,0.0003393522638361901
644,0.00037847753264941275,6.626786671404261e-06,1.1051795354433125e-06,19969,
644,0.00034727700403891504,4.53407892564428e-06,1.0617000043566804e-06,19979,
644,0.00027430482441559434,3.0127544050628785e-06,9.320017966274463e-07,19989,
644,,,,19994,0.0003393925435375422
645,0.00019109332060907036,5.944609711150406e-06,7.933648475955124e-07,19999,
645,0.00019397390133235604,5.0452013056201395e-06,8.249124334724911e-07,20009,
645,0.00015548511873930693,3.6103494949202286e-06,7.978127314345329e-07,20019,
645,,,,20025,0.0003394378290977329
646,0.000331279297824949,4.540523605101043e-06,1.0544764563746867e-06,20029,
646,0.00024405404110439122,5.487215730681783e-06,9.730339343150263e-07,20039,
646,0.00030909612542018294,3.124390104858321e-06,1.023987010739802e-06,20049,
646,,,,20056,0.0003394727245904505
647,0.0004087729030288756,6.19030333837145e-06,1.1115954521301319e-06,20059,
647,0.0002621831663418561,5.005461844120873e-06,8.994006179818825e-07,20069,
647,0.00032766771619208157,3.149449639749946e-06,1.0489554824744118e-06,20079,
647,,,,20087,0.0003394828818272799
648,0.0003435878024902195,5.174635589355603e-06,1.2358362937447964e-06,20089,
648,0.00027961816522292793,4.938510755891912e-06,8.690797130839201e-07,20099,
648,0.000405798084102571,3.638902171587688e-06,1.0637010063874186e-06,20109,
648,,,,20118,0.0003394583472982049
649,0.0005142075824551284,2.7988678539259126e-06,1.1127583547931863e-06,20119,
649,0.00038410138222388923,6.275598479987821e-06,1.1563520274648909e-06,20129,
649,0.00039217728772200644,3.5380362533032894e-06,9.515913461655146e-07,20139,
649,0.0010985106928274035,2.1022672171966406e-06,9.559357749822084e-09,20149,
649,,,,20149,0.00033941573929041624
650,0.0006568526732735336,4.762827757076593e-06,1.4145349496175186e-06,20159,
650,0.0004333293763920665,3.059835307794856e-06,1.1717852430592757e-06,20169,
650,0.0003026566992048174,2.6111456463695504e-06,1.238823756466445e-06,20179,
650,,,,20180,0.00033932950464077294
651,0.00035970634780824184,4.559773060464067e-06,1.0953817763947882e-06,20189,
651,0.0004512271552812308,2.990314442286035e-06,1.0755579751275945e-06,20199,
651,0.00022418391017708927,3.7063241506984923e-06,8.067626140473294e-07,20209,
651,,,,20211,0.0003392531943973154
652,0.00021808694873470813,4.6687450776516926e-06,9.872280770650832e-07,20219,
652,0.000332253344822675,4.527715191215975e-06,9.867153494269587e-07,20229,
652,0.0002647498913574964,2.8826509606005857e-06,9.063444394996623e-07,20239,
652,,,,20242,0.00033909763442352414
653,0.0004135888011660427,4.870296379522188e-06,1.0713262099670828e-06,20249,
653,0.00021718541393056512,4.653599262383068e-06,8.968733027359121e-07,20259,
653,0.00026022057863883674,2.9372752123890677e-06,8.196797693926783e-07,20269,
653,,,,20273,0.0003390213241800666
654,0.00037778314435854554,7.630017535120714e-06,1.1032734619220719e-06,20279,
654,0.00034668989246711135,4.654548320104368e-06,1.0609860510157887e-06,20289,
654,0.0002735125890467316,3.22221421811264e-06,9.305679782301013e-07,20299,
654,,,,20304,0.0003387561591807753
655,0.0001907536352518946,5.525561846297933e-06,7.922978397800762e-07,20309,
655,0.0001932398008648306,4.823055860470049e-06,8.235345489993051e-07,20319,
655,0.00015477501437999308,3.6769765756616835e-06,7.959359891174245e-07,20329,
655,,,,20335,0.000338626850862056
656,0.0003311043547000736,5.007350409869105e-06,1.0517120472286479e-06,20339,
656,0.00024334911722689867,5.9806793615280185e-06,9.715306532598333e-07,20349,
656,0.0003089508682023734,3.015049742316478e-06,1.0229408644590876e-06,20359,
656,,,,20366,0.0003384074370842427
657,0.0004065637185703963,6.0218617363716476e-06,1.1076367627538275e-06,20369,
657,0.0002617956488393247,4.944748525304021e-06,8.986238526631496e-07,20379,
657,0.0003266912535764277,2.9745556275884155e-06,1.0473266911503742e-06,20389,
657,,,,20397,0.00033822617842815816
658,0.00034293101634830236,5.549635716306511e-06,1.2316579613980139e-06,20399,
658,0.00027892939397133887,5.002626949135447e-06,8.682198995302315e-07,20409,
658,0.0004049789858981967,3.704685923366924e-06,1.0611996685838676e-06,20419,
658,,,,20428,0.0003381001006346196
659,0.0005129215423949063,2.7688681711879326e-06,1.1081326647399692e-06,20429,
659,0.0003832560032606125,6.197185030032415e-06,1.1557974630704848e-06,20439,
659,0.00039169637602753937,3.5852663131663576e-06,9.510199561191257e-07,20449,
659,0.0010992942843586206,2.105954308717628e-06,9.585792604127619e-09,20459,
659,,,,20459,0.000337949808454141
660,0.00065661157714203,4.712908321380382e-06,1.413348059031705e-06,20469,
660,0.0004330025112722069,3.225859472877346e-06,1.1710641274476075e-06,20479,
660,0.00030216327286325395,2.5832732717390172e-06,1.2365304655759246e-06,20489,
660,,,,20490,0.00033777896896936
661,0.0003584116348065436,4.587099283526186e-06,1.093691594178381e-06,20499,
661,0.0004505018296185881,3.218078973077354e-06,1.0744148539743037e-06,20509,
661,0.00022360683942679316,3.730755224751192e-06,8.05004276571708e-07,20519,
661,,,,20521,0.00033758539939299226
662,0.00021731838933192194,4.410792371345451e-06,9.850891729001887e-07,20529,
662,0.00033150234958156943,4.305813945393311e-06,9.843736279435689e-07,20539,
662,0.00026436452753841877,2.7904320631932933e-06,9.054049883161497e-07,20549,
662,,,,20552,0.00033737008925527334
663,0.0004127275897189975,5.061624051450053e-06,1.069699123945611e-06,20559,
663,0.00021706381812691689,4.379054644232383e-06,8.959923434304073e-07,20569,
663,0.0002596355334389955,2.9718812584178522e-06,8.180883810382511e-07,20579,
663,,,,20583,0.00033713303855620325
664,0.0003771160263568163,6.851800662843743e-06,1.102099759009434e-06,20589,
664,0.00034524250077083707,4.262719357939204e-06,1.0570978474788717e-06,20599,
664,0.00027315501938574016,3.0852036161377328e-06,9.29158375129191e-07,20609,
664,,,,20614,0.0003368783800397068
665,0.0001911952713271603,6.188413863128517e-06,7.924462579467217e-07,20619,
665,0.00019277284445706755,4.795985205419129e-06,8.221994676205213e-07,20629,
665,0.00015424788580276072,3.4325064461881993e-06,7.947064091240463e-07,20639,
665,,,,20645,0.00033661152701824903
666,0.00032962567638605833,5.2932864491594955e-06,1.049114302986709e-06,20649,
666,0.00024275699979625642,4.721106506622164e-06,9.70196651906008e-07,20659,
666,0.0003090081736445427,3.0096277896518586e-06,1.0225659252682817e-06,20669,
666,,,,20676,0.00033635247382335365
667,0.0004052686272189021,7.033789188426454e-06,1.1063152669521514e-06,20679,
667,0.0002613927354104817,4.56253428637865e-06,8.982583494798746e-07,20689,
667,0.00032619404373690486,2.899334049288882e-06,1.0465325885888888e-06,20699,
667,,,,20707,0.0003361390554346144
668,0.000342184939654544,6.274176030274248e-06,1.2274456366867526e-06,20709,
668,0.00027870663325302303,5.029373824072536e-06,8.677776008880755e-07,20719,
668,0.0004037689068354666,4.344768058217596e-06,1.0595638286758913e-06,20729,
668,,,,20738,0.000335982593242079
669,0.0005108475452288985,2.9512955279642483e-06,1.1029154620700865e-06,20739,
669,0.00038211472565308213,6.150356057332829e-06,1.1551369425433222e-06,20749,
669,0.0003916039422620088,3.557192712833057e-06,9.507345453130256e-07,20759,
669,0.0011005288688465953,2.0885820504190633e-06,9.615934715156982e-09,20769,
669,,,,20769,0.0003358405956532806
670,0.0006562905036844313,4.606332822731929e-06,1.4121038702796795e-06,20779,
670,0.000432979897595942,2.848920985343284e-06,1.1718213954736711e-06,20789,
670,0.00030176015570759773,2.6790553420141805e-06,1.2344873994152294e-06,20799,
670,,,,20800,0.0003356951056048274
671,0.00035763715277425945,5.126961241330719e-06,1.0912184507105849e-06,20809,
671,0.000450486404588446,2.866956720026792e-06,1.0727956123446347e-06,20819,
671,0.00022290315246209502,3.88432545150863e-06,8.032656637624314e-07,20829,
671,,,,20831,0.00033555939444340765
672,0.00021684111561626196,4.522364633885445e-06,9.841593282544636e-07,20839,
672,0.00033053106744773686,4.574238118948415e-06,9.822224456002004e-07,20849,
672,0.0002644103951752186,2.922349949585623e-06,9.046576110449678e-07,20859,
672,,,,20862,0.00033544792677275836
673,0.0004128657456021756,4.587436706060544e-06,1.0692693876990234e-06,20869,
673,0.0002162881282856688,4.385214651847491e-06,8.9509404688215e-07,20879,
673,0.00025901186745613813,2.9183181595726637e-06,8.163697771124134e-07,20889,
673,,,,20893,0.000335359392920509
674,0.000376363517716527,5.388798399508232e-06,1.1011430842700065e-06,20899,
674,0.0003444777394179255,4.417638137965696e-06,1.054422000379418e-06,20909,
674,0.0002735343005042523,2.7301900900056353e-06,9.284516977459134e-07,20919,
674,,,,20924,0.0003352806088514626
675,0.00018990677199326456,5.0929888857353944e-06,7.913135959825013e-07,20929,
675,0.00019202766998205334,4.681779955717502e-06,8.213084470298782e-07,20939,
675,0.0001531071902718395,3.907247901224764e-06,7.935499297673232e-07,20949,
675,,,,20955,0.00033519938006065786
676,0.0003275972558185458,4.184604676993331e-06,1.0473817155798315e-06,20959,
676,0.00024229659175034612,4.617492322722683e-06,9.683991493147914e-07,20969,
676,0.0003083812480326742,3.128775006189244e-06,1.0217397630185587e-06,20979,
676,,,,20986,0.0003351082850713283
677,0.00040306345908902586,6.101547114667483e-06,1.1034271665266715e-06,20989,
677,0.00026143781724385917,4.276754680176964e-06,8.984080182017351e-07,20999,
677,0.00032572532654739916,2.871229980883072e-06,1.0457646340000792e-06,21009,
677,,,,21017,0.0003350064216647297
678,0.00034101918572559953,6.244424184842501e-06,1.2220249345773482e-06,21019,
678,0.00027751820744015276,5.239869551587617e-06,8.666049211569771e-07,21029,
678,0.00040321575943380594,4.085148248123005e-06,1.058837824530201e-06,21039,
678,,,,21048,0.00033489579800516367
679,0.0005098140682093799,3.0710168630321277e-06,1.0989037946274038e-06,21049,
679,0.00038153977948240936,5.99342274654191e-06,1.1545582765393192e-06,21059,
679,0.000391332054277882,3.5824305086862296e-06,9.506430842520786e-07,21069,
679,0.0011012451723217964,1.955701463884907e-06,9.645622967013878e-09,21079,
679,,,,21079,0.00033477722899988294
680,0.0006554528954438865,4.29337842433597e-06,1.4101292435952928e-06,21089,
680,0.00043286566506139934,2.7902433430426754e-06,1.1717864936144906e-06,21099,
680,0.0003013675450347364,2.73502496384026e-06,1.2325256193435052e-06,21109,
680,,,,21110,0.00033465426531620324
681,0.00035673525417223573,4.893214281764813e-06,1.0903866041189758e-06,21119,
681,0.00044944582623429596,2.891459189413581e-06,1.07159530671197e-06,21129,
681,0.00022211114992387593,3.684103376144776e-06,8.012734724616166e-07,21139,
681,,,,21141,0.00033452725620009005
682,0.0002164100151276216,4.343398813944077e-06,9.836244316829834e-07,21149,
682,0.0003298368537798524,4.591968718159478e-06,9.802424756344408e-07,21159,
682,0.0002639935992192477,2.8699646463792305e-06,9.04234013887617e-07,21169,
682,,,,21172,0.00033439844264648855
683,0.0004119727236684412,4.574906142806867e-06,1.0684096878321725e-06,21179,
683,0.00021515270054806024,4.3261984501441475e-06,8.941170221987704e-07,21189,
683,0.00025833456311374903,2.8732620194205083e-06,8.149197583406931e-07,21199,
683,,,,21203,0.00033426895970478654
684,0.00037565393722616136,5.192282969801454e-06,1.0999615369655658e-06,21209,
684,0.0003433528763707727,4.2283768380002584e-06,1.0518856470298488e-06,21219,
684,0.000272948294878006,2.6474315291125095e-06,9.277047752220824e-07,21229,
684,,,,21234,0.00033413677010685205
685,0.0001896358298836276,4.843876467930386e-06,7.910704766800336e-07,21239,
685,0.00019164853438269347,4.5487781790143345e-06,8.206414463529654e-07,21249,
685,0.00015228663687594235,3.906770416506333e-06,7.923163707346248e-07,21259,
685,,,,21265,0.0003340044931974262
686,0.00032639483106322587,3.942146122426493e-06,1.0457217740622582e-06,21269,
686,0.00024126877542585135,4.5970541577844415e-06,9.65927824836399e-07,21279,
686,0.00030806250288151205,3.050048007935402e-06,1.0209648735326482e-06,21289,
686,,,,21296,0.00033387207076884806
687,0.00040132959838956594,5.9317303566785995e-06,1.0997414392477367e-06,21299,
687,0.0002613128744997084,4.365345375845209e-06,8.98178541319794e-07,21309,
687,0.0003249020373914391,2.77404024018324e-06,1.0447802196722478e-06,21319,
687,,,,21327,0.00033373833866789937
688,0.00033983043977059424,6.3514635257888585e-06,1.2168042076154961e-06,21329,
688,0.0002764532109722495,5.288623015076155e-06,8.655752594677324e-07,21339,
688,0.000402658770326525,3.983311671618139e-06,1.0575500937193283e-06,21349,
688,,,,21358,0.000333605072228238
689,0.0005086194141767919,3.1027150271256687e-06,1.0948531325993827e-06,21359,
689,0.00038082472747191787,5.777302249043714e-06,1.1541301319084596e-06,21369,
689,0.00039096426917240024,3.5725327052205103e-06,9.50417870626552e-07,21379,
689,0.0011019959347322583,1.8930310261566774e-06,9.662393551934656e-09,21389,
689,,,,21389,0.00033347177668474615
690,0.0006548422388732433,4.075222022947855e-06,1.408284106219071e-06,21399,
690,0.00043264508713036776,2.769223783616326e-06,1.1714146239683032e-06,21409,
690,0.0003008150088135153,2.714634092626511e-06,1.2300391745156958e-06,21419,
690,,,,21420,0.00033334025647491217
691,0.0003554348077159375,4.673524472309509e-06,1.088791009351553e-06,21429,
691,0.00044866889948025346,2.9567170258815167e-06,1.0700518942030612e-06,21439,
691,0.00022160730441100895,3.5862035474565346e-06,7.992702535375429e-07,21449,
691,,,,21451,0.0003332080668769777
692,0.00021573509729932994,4.276150775694987e-06,9.819033266467159e-07,21459,
692,0.0003291712491773069,4.664503194362624e-06,9.782406777958386e-07,21469,
692,0.0002634849806781858,2.811887270581792e-06,9.033022934090695e-07,21479,
692,,,,21482,0.00033307718695141375
693,0.00041083613177761436,4.585459464578889e-06,1.0673066981325974e-06,21489,
693,0.0002143681631423533,4.261864432919538e-06,8.931075967666402e-07,21499,
693,0.0002577847335487604,2.8210397431394085e-06,8.132640800795343e-07,21509,
693,,,,21513,0.00033294822787865996
694,0.00037491010152734816,4.963182163919555e-06,1.098607640415139e-06,21519,
694,0.0003424019378144294,4.075860033481149e-06,1.0493257605048711e-06,21529,
694,0.0002724665100686252,2.6207487735518953e-06,9.263873153031454e-07,21539,
694,,,,21544,0.00033281921059824526
695,0.00018906386685557663,4.64775212094537e-06,7.906836572146858e-07,21549,
695,0.00019105261890217662,4.419083325046813e-06,8.191395295398252e-07,21559,
695,0.00015141692711040378,3.975084837293252e-06,7.907736971901613e-07,21569,
695,,,,21575,0.00033269156119786203
696,0.0003251070447731763,3.6558874398906482e-06,1.0437413493491476e-06,21579,
696,0.0002405492268735543,4.670260750572197e-06,9.633297395339468e-07,21589,
696,0.00030776896164752543,3.058516540477285e-06,1.0198580184805905e-06,21599,
696,,,,21606,0.00033256475580856204
697,0.0003995444276370108,5.607236289506545e-06,1.095562765840441e-06,21609,
697,0.0002610481169540435,4.4889266064274125e-06,8.97376480679668e-07,21619,
697,0.00032419947092421353,2.6894720122072613e-06,1.0437205446578446e-06,21629,
697,,,,21637,0.000332439347403124
698,0.0003386799362488091,6.1749574342684355e-06,1.2118656513848691e-06,21639,
698,0.00027570611564442515,5.36661536898464e-06,8.646795777167426e-07,21649,
698,0.0004021204658783972,3.8676057556585874e-06,1.0560831924522063e-06,21659,
698,,,,21668,0.00033231545239686966
699,0.0005073826760053635,3.0923654321668437e-06,1.0906441048064153e-06,21669,
699,0.00038018159102648497,5.59342879569158e-06,1.1535804560480756e-06,21679,
699,0.0003906270139850676,3.5398061299929395e-06,9.497694577476068e-07,21689,
699,0.0011024539126083255,1.8628314819579828e-06,9.663466471465654e-09,21699,
699,,,,21699,0.00033219129545614123
700,0.0006541713955812156,3.860554897983093e-06,1.4062713944440475e-06,21709,
700,0.00043240372906439006,2.7718183446268085e-06,1.1707944622685318e-06,21719,
700,0.00030028106993995607,2.6693767267715884e-06,1.2271825653442647e-06,21729,
700,,,,21730,0.0003320680989418179
701,0.00035405479138717055,4.433669801073847e-06,1.08643746443704e-06,21739,
701,0.0004479927592910826,3.0599348974647e-06,1.0683691016311059e-06,21749,
701,0.00022114638704806566,3.5196424050809583e-06,7.970938895596191e-07,21759,
701,,,,21761,0.00033194563002325594
702,0.00021462648874148726,4.1805769797065295e-06,9.790937838261016e-07,21769,
702,0.0003285591665189713,4.741825250675902e-06,9.7644976904121e-07,21779,
702,0.00026291137328371406,2.7687665351550095e-06,9.020041034091264e-07,21789,
702,,,,21792,0.00033182385959662497
703,0.000409379368647933,4.561483365250751e-06,1.0656335689418484e-06,21799,
703,0.0002136041730409488,4.179533334536245e-06,8.920163736547693e-07,21809,
703,0.00025727401953190565,2.7818548460345482e-06,8.114647016554954e-07,21819,
703,,,,21823,0.0003317029622849077
704,0.0003740841639228165,4.765144240082009e-06,1.0970943549182266e-06,21829,
704,0.0003415407845750451,3.927171746909153e-06,1.047076466420549e-06,21839,
704,0.00027199089527130127,2.6327929845137987e-06,9.248068408851395e-07,21849,
704,,,,21854,0.0003315818321425468
705,0.00018842253484763205,4.501874627749203e-06,7.904284871074196e-07,21859,
705,0.0001903270895127207,4.254212853993522e-06,8.171454055627692e-07,21869,
705,0.00015048815112095326,4.051415089634247e-06,7.891501354606589e-07,21879,
705,,,,21885,0.0003314591303933412
706,0.00032408293918706477,3.46589217770088e-06,1.0419046247989172e-06,21889,
706,0.00023999996483325958,4.774680746777449e-06,9.605346349417232e-07,21899,
706,0.00030740059446543455,3.0839280498184962e-06,1.0184835446125362e-06,21909,
706,,,,21916,0.0003313359629828483
707,0.00039771225419826806,5.303571015247144e-06,1.0913286132563371e-06,21919,
707,0.0002605882182251662,4.626142981578596e-06,8.958510306911194e-07,21929,
707,0.00032354958239011467,2.6104823973582825e-06,1.0427357892695e-06,21939,
707,,,,21947,0.00033121241722255945
708,0.00033759899088181555,5.886241069674725e-06,1.2073215884811361e-06,21949,
708,0.0002752439468167722,5.436470473796362e-06,8.639852921987767e-07,21959,
708,0.0004015188605990261,3.7321685795177473e-06,1.0546115163379e-06,21969,
708,,,,21978,0.00033108697971329093
709,0.0005061674164608121,3.0105532005109126e-06,1.0868668596231146e-06,21979,
709,0.0003796134260483086,5.444951511890395e-06,1.1532755479493062e-06,21989,
709,0.00039012200431898236,3.493372105367598e-06,9.485677878728893e-07,21999,
709,0.0011023158440366387,1.865614535745408e-06,9.648809751183762e-09,22009,
709,,,,22009,0.00033096063998527825
710,0.0006535379216074944,3.6716862723551458e-06,1.4045034504306386e-06,22019,
710,0.0004321754677221179,2.8261902116355486e-06,1.170134851236071e-06,22029,
710,0.0002997774281539023,2.6034540496766567e-06,1.2243865512573393e-06,22039,
710,,,,22040,0.000330831651808694
711,0.0003525691863615066,4.213717602397082e-06,1.0834530712600099e-06,22049,
711,0.00044741813326254487,3.217482799300342e-06,1.0666839216355584e-06,22059,
711,0.00022067423560656607,3.462991799096926e-06,7.948691518322448e-07,22069,
711,,,,22071,0.00033070010249502957
712,0.0002130185894202441,4.056706984556513e-06,9.752036476129433e-07,22079,
712,0.0003279366355855018,4.866618382948218e-06,9.749919627211057e-07,22089,
712,0.00026222452288493514,2.7210005555389216e-06,9.005096899272758e-07,22099,
712,,,,22102,0.00033056625397875905
713,0.000407454528613016,4.498710950429086e-06,1.0630993756421958e-06,22109,
713,0.00021285517141222954,4.131857167521957e-06,8.909663620215724e-07,22119,
713,0.00025672547053545713,2.7512776341609424e-06,8.096534429569147e-07,22129,
713,,,,22133,0.0003304299316368997
714,0.0003730500757228583,4.533939318207558e-06,1.0956129017358762e-06,22139,
714,0.0003407565236557275,3.774786137000774e-06,1.0458148835823522e-06,22149,
714,0.0002715076843742281,2.68200733444246e-06,9.232508659806626e-07,22159,
714,,,,22164,0.00033028898178599775
715,0.00018765192362479866,4.369813723315019e-06,7.906321570771979e-07,22169,
715,0.00018956953135784715,4.054598321090452e-06,8.150938128892449e-07,22179,
715,0.0001495411415817216,4.201261617708951e-06,7.877025041125307e-07,22189,
715,,,,22195,0.00033014576183632016
716,0.0003232328745070845,3.3263938803429483e-06,1.040704091792577e-06,22199,
716,0.0002395663468632847,4.840356723434525e-06,9.577329365129117e-07,22209,
716,0.00030687882099300623,3.173632421749062e-06,1.0170490440941649e-06,22219,
716,,,,22226,0.0003299991658423096
717,0.00039566151099279523,4.955591066391207e-06,1.087233044927416e-06,22229,
717,0.00025985558750107884,4.716743205790408e-06,8.935349455896358e-07,22239,
717,0.00032300088787451386,2.5444728635193314e-06,1.0422996865599998e-06,22249,
717,,,,22257,0.00032984992139972746
718,0.0003366133605595678,5.535877335205441e-06,1.2034460041832062e-06,22259,
718,0.000274914811598137,5.466617494676029e-06,8.634161190457235e-07,22269,
718,0.00040073812124319375,3.543736966094002e-06,1.0533121894695796e-06,22279,
718,,,,22288,0.0003296974173281342
719,0.0005048200837336481,2.8614347229449777e-06,1.0838807611435186e-06,22289,
719,0.00037883236655034125,5.290371518640313e-06,1.152884010480193e-06,22299,
719,0.00038924335967749357,3.4477427561796503e-06,9.468167263548821e-07,22309,
719,0.0011014537885785103,1.8933433238998987e-06,9.625770402976741e-09,22319,
719,,,,22319,0.00032954401103779674
720,0.0006529372767545283,3.5130567539454205e-06,1.403207875227963e-06,22329,
720,0.0004318429564591497,2.9708805868722266e-06,1.1694521617755527e-06,22339,
720,0.0002993255329784006,2.5332947188871913e-06,1.2223241583342315e-06,22349,
720,,,,22350,0.0003293890622444451
721,0.0003509984235279262,4.069540864293231e-06,1.0804136536535225e-06,22359,
721,0.0004469632403925061,3.406629502933356e-06,1.0652157698132214e-06,22369,
721,0.00022015611466486007,3.334921757414122e-06,7.928805985102372e-07,22379,
721,,,,22381,0.0003292343462817371
722,0.0002112381043843925,3.954719431931153e-06,9.71289864537539e-07,22389,
722,0.0003272300527896732,5.010437689634273e-06,9.737959771882743e-07,22399,
722,0.0002613344695419073,2.621185103635071e-06,8.991775644062727e-07,22409,
722,,,,22412,0.00032908108551055193
723,0.000404969381634146,4.395375981403049e-06,1.0598116659821244e-06,22419,
723,0.0002122564474120736,4.1507132664264645e-06,8.901818659978744e-07,22429,
723,0.00025598486536182463,2.6455595616425853e-06,8.080386351139168e-07,22439,
723,,,,22443,0.00032892965828068554
724,0.0003716966602951288,4.201795036351541e-06,1.0944925179501297e-06,22449,
724,0.00033997464925050735,3.535370069585042e-06,1.0460496469022473e-06,22459,
724,0.0002708275569602847,2.713401727305609e-06,9.221409413839865e-07,22469,
724,,,,22474,0.00032878221827559173
725,0.00018673468730412424,4.208100108371582e-06,7.917778930277564e-07,22479,
725,0.0001888065889943391,3.8055677578086033e-06,8.138032399074291e-07,22489,
725,0.00014869868755340576,4.370640908746282e-06,7.869368801038945e-07,22499,
725,,,,22505,0.0003286395512986928
726,0.0003224435495212674,3.2758034649305046e-06,1.0406274668639526e-06,22509,
726,0.00023899890948086977,4.686432021117071e-06,9.558071951687452e-07,22519,
726,0.00030611889087595046,3.3734941098373383e-06,1.0159124030906241e-06,22529,
726,,,,22536,0.0003285022685304284
727,0.00039319769712165,4.6976915655250195e-06,1.0840074082807405e-06,22539,
727,0.00025893811834976077,4.598537543643033e-06,8.915788498597976e-07,22549,
727,0.0003226019616704434,2.5354115678055678e-06,1.0430762813484762e-06,22559,
727,,,,22567,0.00032836999162100255
728,0.0003357014211360365,5.5562154557264876e-06,1.200111228172318e-06,22569,
728,0.00027426271117292345,5.354209406505106e-06,8.62877243434923e-07,22579,
728,0.00039980761357583106,3.1901161037239945e-06,1.0526623555051629e-06,22589,
728,,,,22598,0.00032824111985974014
729,0.0005035664653405547,2.8143138024461223e-06,1.0827026244442095e-06,22599,
729,0.00037724600406363606,4.9696527639753185e-06,1.150683601736091e-06,22609,
729,0.0003881282464135438,3.321639951536781e-06,9.45494832649274e-07,22619,
729,0.0011003846302628517,1.9408666958042886e-06,9.612567630767899e-09,22629,
729,,,,22629,0.000328116089804098
730,0.0006519959424622357,3.3713047287164954e-06,1.4016369505043258e-06,22639,
730,0.0004310797667130828,3.10547034132469e-06,1.1685601748467889e-06,22649,
730,0.00029889389406889677,2.4558098630222958e-06,1.2215981541885412e-06,22659,
730,,,,22660,0.00032799149630591273
731,0.0003495246637612581,4.111725047550863e-06,1.0782340496007237e-06,22669,
731,0.0004463601508177817,3.4883378248196095e-06,1.0645096608641325e-06,22679,
731,0.00021971555543132126,3.0211001558200223e-06,7.915315904938325e-07,22689,
731,,,,22691,0.0003278679505456239
732,0.00021030787320341915,3.992213351011742e-06,9.702110901343985e-07,22699,
732,0.0003263023099862039,4.978410743206041e-06,9.728350960358512e-07,22709,
732,0.00026021525263786316,2.5099895992752863e-06,8.98452583442122e-07,22719,
732,,,,22722,0.00032774292048998177
733,0.0004026243695989251,4.346627520135371e-06,1.0571986877039308e-06,22729,
733,0.0002119432610925287,4.136490133532789e-06,8.900875627659843e-07,22739,
733,0.00025496428133919835,2.379526904405793e-06,8.0665580526329e-07,22749,
733,,,,22753,0.0003276165807619691
734,0.00037037325091660023,3.856808234559139e-06,1.0940568699879805e-06,22759,
734,0.0003390938800293952,3.19250443681085e-06,1.046382635649934e-06,22769,
734,0.00026974224601872265,2.565318027336616e-06,9.215070804202696e-07,22779,
734,,,,22784,0.00032748692319728434
735,0.00018576734873931855,4.027154773211805e-06,7.934619361549267e-07,22789,
735,0.00018780134269036353,3.5136545193381608e-06,8.12507494174497e-07,22799,
735,0.0001480477803852409,4.126880867261207e-06,7.870871172599436e-07,22809,
735,,,,22815,0.0003273544425610453
736,0.0003219720965716988,3.4553770547063323e-06,1.0406381534266984e-06,22819,
736,0.0002384030376560986,4.308169536670903e-06,9.548404023007606e-07,22829,
736,0.0003050398372579366,3.5426035083219176e-06,1.0149881290999474e-06,22839,
736,,,,22846,0.0003272193134762347
737,0.00039093021769076586,4.966100732417544e-06,1.0822610647664987e-06,22849,
737,0.0002580039144959301,4.245150194037706e-06,8.912293196772225e-07,22859,
737,0.00032239992287941277,2.7079765914095333e-06,1.044813984663051e-06,22869,
737,,,,22877,0.00032708237995393574
738,0.00033441197592765093,6.189019131852547e-06,1.1970147397732944e-06,22879,
738,0.0002736666065175086,5.253512426861562e-06,8.626935255051649e-07,22889,
738,0.0003991281846538186,2.693258238650742e-06,1.0530948202358559e-06,22899,
738,,,,22908,0.0003269442531745881
739,0.0005025686114095151,2.9873408493585885e-06,1.082699554899591e-06,22909,
739,0.0003756119403988123,4.573320893541677e-06,1.1472665164546925e-06,22919,
739,0.00038710355875082314,3.038118393305922e-06,9.447886668567662e-07,22929,
739,0.0010995883494615555,2.001633674808545e-06,9.598592143333917e-09,22939,
739,,,,22939,0.00032680679578334093
740,0.0006505842320621014,3.212207730030059e-06,1.3993191032568575e-06,22949,
740,0.0004302171291783452,2.9212858407845488e-06,1.1671546644720365e-06,22959,
740,0.00029822494252584875,2.276729219374829e-06,1.2207040072098607e-06,22969,
740,,,,22970,0.00032667204504832625
741,0.00034853184479288757,4.198971964797238e-06,1.0765152183012106e-06,22979,
741,0.00044557813089340925,3.328617140141432e-06,1.06426477941568e-06,22989,
741,0.00021939021826256067,2.7211481210542843e-06,7.906238010946254e-07,22999,
741,,,,23001,0.0003265431441832334
742,0.0002101078862324357,4.111350335733732e-06,9.712410928841564e-07,23009,
742,0.0003252857131883502,4.840112069359748e-06,9.715220130601665e-07,23019,
742,0.00025919455219991505,2.6488539788260823e-06,8.978282153293549e-07,23029,
742,,,,23032,0.0003264236147515476
743,0.0004010709817521274,4.399360022944165e-06,1.055750885825546e-06,23039,
743,0.0002119193086400628,4.156635441177059e-06,8.902531476451259e-07,23049,
743,0.0002541398862376809,2.448705572533072e-06,8.053439159994014e-07,23059,
743,,,,23063,0.0003263243124820292
744,0.00036943957093171775,3.6742146676260745e-06,1.093184778255818e-06,23069,
744,0.00033855505171231925,3.0905707717465702e-06,1.0460483963470324e-06,23079,
744,0.00026828114641830325,2.7221337859373307e-06,9.202795467899705e-07,23089,
744,,,,23094,0.0003262601385358721
745,0.00018487457418814301,3.877131348417606e-06,7.940338946355041e-07,23099,
745,0.00018669954442884773,3.469832563496311e-06,8.10498249848024e-07,23109,
745,0.00014781588106416166,3.15194483846426e-06,7.86693703958008e-07,23119,
745,,,,23125,0.0003262396203354001
746,0.00032202983857132494,4.253677161614178e-06,1.038207642523048e-06,23129,
746,0.00023819805937819183,4.057882961205905e-06,9.531944442642271e-07,23139,
746,0.00030430807964876294,2.9458178687491454e-06,1.0142621249542572e-06,23149,
746,,,,23156,0.00032613673829473555
747,0.0003901579766534269,7.483609351766063e-06,1.0816343092301395e-06,23159,
747,0.00025704348809085786,4.039695340907201e-06,8.902627541829133e-07,23169,
747,0.0003219266654923558,2.914786364272004e-06,1.043607653627987e-06,23179,
747,,,,23187,0.0003253392642363906
748,0.00033268475090153515,8.4170906120562e-06,1.1930143273275462e-06,23189,
748,0.00027330158627592027,4.89148396809469e-06,8.618295055384806e-07,23199,
748,0.0003979839093517512,3.5569676128943684e-06,1.0528596021686099e-06,23209,
748,,,,23218,0.000324381107930094
749,0.0005002686521038413,3.5525242765288567e-06,1.0799923302329262e-06,23219,
749,0.0003744788991753012,4.6647437557112426e-06,1.1440716889410396e-06,23229,
749,0.0003863678721245378,3.0498247269861167e-06,9.430792147213651e-07,23239,
749,0.001098969834856689,2.096277285090764e-06,9.590902294576154e-09,23249,
749,,,,23249,0.00032413069857284427
750,0.0006495416746474802,3.428497166169109e-06,1.395807203152799e-06,23259,
750,0.0004291117948014289,2.70055443252204e-06,1.1646940265563899e-06,23269,
750,0.00029759976314380765,2.174148676203913e-06,1.219685373143875e-06,23279,
750,,,,23280,0.0003240448422729969
751,0.00034822593443095684,3.1210697670758236e-06,1.0755363746284274e-06,23289,
751,0.00044532198808155954,2.81810116575798e-06,1.0638011644914513e-06,23299,
751,0.00021872823708690703,2.556076424298226e-06,7.898194098743261e-07,23309,
751,,,,23311,0.00032405939418822527
752,0.00020859362848568708,3.6182541407470126e-06,9.701166163722519e-07,23319,
752,0.00032493710750713944,3.5577650123741478e-06,9.691451623439207e-07,23329,
752,0.0002579339488875121,2.4183091227314435e-06,8.962629749476037e-07,23339,
752,,,,23342,0.0003240647492930293
753,0.0003988459357060492,4.040728981635766e-06,1.0546096973484964e-06,23349,
753,0.00021175169968046248,4.032508059026441e-06,8.903605817067728e-07,23359,
753,0.00025382015155628324,2.325567947991658e-06,8.034980965021532e-07,23369,
753,,,,23373,0.0003240192017983645
754,0.00036858924431726336,3.965196356148226e-06,1.0915273378486745e-06,23379,
754,0.0003372128412593156,3.0031194455659715e-06,1.0420581020298414e-06,23389,
754,0.00026758204330690205,2.5490778625680832e-06,9.184248028759612e-07,23399,
754,,,,23404,0.0003239325887989253
755,0.00018312288739252836,5.120340574649163e-06,7.946117079882242e-07,23409,
755,0.00018555764108896255,3.5541468150768196e-06,8.080169777713309e-07,23419,
755,0.00014749907131772488,3.864037807943532e-06,7.848150858080771e-07,23429,
755,,,,23435,0.00032380601624026895
756,0.0003203480155207217,3.7673137285310077e-06,1.0386055464550736e-06,23439,
756,0.00023781377240084112,5.047062131779967e-06,9.529615567771543e-07,23449,
756,0.0003031302767340094,2.98899340123171e-06,1.0117485089722322e-06,23459,
756,,,,23466,0.0003236497868783772
757,0.00038625928573310375,4.288182935852092e-06,1.0776857379823923e-06,23469,
757,0.00025556376203894615,4.434969923750032e-06,8.866901453075116e-07,23479,
757,0.0003217459889128804,2.9512791570596164e-06,1.0434517889734707e-06,23489,
757,,,,23497,0.000323472690070048
758,0.0003319974057376385,5.806941317132441e-06,1.1919171356566949e-06,23499,
758,0.00027336960192769766,4.080879989487585e-06,8.618595188636391e-07,23509,
758,0.00039703500806353986,3.4331985716562485e-06,1.0512862900213804e-06,23519,
758,,,,23528,0.0003232891031075269
759,0.0004994278424419463,3.038772547370172e-06,1.0781758419398102e-06,23529,
759,0.00037359888665378094,4.240006546751829e-06,1.141904249379877e-06,23539,
759,0.00038536221836693585,2.898662160077947e-06,9.399812483934511e-07,23549,
759,0.0010977140627801418,2.0602326458174502e-06,9.573810189067444e-09,23559,
759,,,,23559,0.00032310604001395404
760,0.0006491722306236625,3.149828216919559e-06,1.3935041351942345e-06,23569,
760,0.00042800637311302125,2.6576199161354452e-06,1.163218939836952e-06,23579,
760,0.0002972372458316386,2.125160108334967e-06,1.2178302313259337e-06,23589,
760,,,,23590,0.00032293240656144917
761,0.00034686230355873704,3.0041398986213608e-06,1.0722493470893824e-06,23599,
761,0.00044514675391837955,2.775174607450026e-06,1.0623394928188645e-06,23609,
761,0.0002178412105422467,2.3937575406307587e-06,7.882920272095362e-07,23619,
761,,,,23621,0.00032277515856549144
762,0.00020825027604587376,3.503315838315757e-06,9.683018333817017e-07,23629,
762,0.00032432033913210034,3.362680672580609e-06,9.66574248195684e-07,23639,
762,0.00025654034106992185,2.544016524552717e-06,8.936447670748748e-07,23649,
762,,,,23652,0.00032264125184156
763,0.00039746638503856957,3.950408427044749e-06,1.0528174243518151e-06,23659,
763,0.0002123062004102394,4.101473678019829e-06,8.906249036044755e-07,23669,
763,0.00025319549604319036,2.2721264940628316e-06,8.012817147573514e-07,23679,
763,,,,23683,0.0003225375257898122
764,0.00036818761145696044,3.9702258618490305e-06,1.0884542689382215e-06,23689,
764,0.0003358008398208767,3.2242101042356808e-06,1.0379831110185478e-06,23699,
764,0.00026634562527760863,2.463321607137914e-06,9.15741793505731e-07,23709,
764,,,,23714,0.00032247655326500535
765,0.00018275856564287096,5.083030828245683e-06,7.945716902213462e-07,23719,
765,0.00018499238649383187,3.1300048703997163e-06,8.059213882916083e-07,23729,
765,0.00014714353892486542,3.985780040238751e-06,7.82010772581998e-07,23739,
765,,,,23745,0.0003224746324121952
766,0.0003206577675882727,4.0114282455760986e-06,1.0370888503530296e-06,23749,
766,0.00023726800282020122,4.753257144329837e-06,9.509194001111609e-07,23759,
766,0.0003019408613909036,3.0623666589235654e-06,1.0079268122353824e-06,23769,
766,,,,23776,0.0003225520777050406
767,0.00038480234798043966,4.7140615606622305e-06,1.0749714647317887e-06,23779,
767,0.00025462446501478553,4.854689450439764e-06,8.845242405186582e-07,23789,
767,0.0003210555587429553,2.7974513159279013e-06,1.0409170272396295e-06,23799,
767,,,,23807,0.0003227288543712348
768,0.00033151128445751965,6.557824235642329e-06,1.1873686389662907e-06,23809,
768,0.00027243615477345884,3.846454092126805e-06,8.594506653025746e-07,23819,
768,0.00039588380604982376,3.1933491300151218e-06,1.0485316579433857e-06,23829,
768,,,,23838,0.0003230077272746712
769,0.0004997950163669884,3.165453790643369e-06,1.0797907634696458e-06,23839,
769,0.00037417493877001107,4.210727638565004e-06,1.1409140370233217e-06,23849,
769,0.00038432463770732284,2.8831054805777967e-06,9.364958941660007e-07,23859,
769,0.0010969886789098382,2.0910456441924907e-06,9.549361301708359e-09,23869,
769,,,,23869,0.0003233296738471836
770,0.0006478946306742728,3.190913048456423e-06,1.3906419553677551e-06,23879,
770,0.00042689795373007655,2.62291609942622e-06,1.1605375220824499e-06,23889,
770,0.000297214777674526,2.0310276340751443e-06,1.2144672609792906e-06,23899,
770,,,,23900,0.00032354556606151164
771,0.00034703381243161857,3.145718210362247e-06,1.0696666095100227e-06,23909,
771,0.0004443881334736943,3.0393237011594465e-06,1.0599039796943543e-06,23919,
771,0.00021618083701469004,2.4409641810052563e-06,7.853293482185109e-07,23929,
771,,,,23931,0.0003234821488149464
772,0.00020733340352308005,3.7066135973873315e-06,9.632155979488743e-07,23939,
772,0.00032362170168198645,3.170048103129375e-06,9.63783804763807e-07,23949,
772,0.00025584237300790846,2.845315293598105e-06,8.904373771656537e-07,23959,
772,,,,23962,0.000323115469655022
773,0.0003965620999224484,3.8083912841102574e-06,1.0487558483873727e-06,23969,
773,0.00021194035070948303,3.6639635254687164e-06,8.877580057742307e-07,23979,
773,0.00025242529227398336,2.7798794235422974e-06,7.999385047696705e-07,23989,
773,,,,23993,0.00032257664133794606
774,0.00036996862036176026,3.905850007868139e-06,1.0865101103263441e-06,23999,
774,0.0003345588920637965,3.889465006068349e-06,1.0333992577216122e-06,24009,
774,0.0002652303664945066,2.738183411565842e-06,9.125080282501585e-07,24019,
774,,,,24024,0.00032199156703427434
775,0.00018219077901449054,5.35356002728804e-06,7.954312195579405e-07,24029,
775,0.00018425231974106282,2.9190678105806e-06,8.038894634410099e-07,24039,
775,0.00014633091632276773,3.364733174748835e-06,7.79809624873451e-07,24049,
775,,,,24055,0.0003214443859178573
776,0.00032000092323869467,4.279674158169655e-06,1.0331908697480685e-06,24059,
776,0.00023623660672456026,3.897049737133784e-06,9.476190143686836e-07,24069,
776,0.00030139804584905505,3.2459981866850285e-06,1.006346110443701e-06,24079,
776,,,,24086,0.0003209782880730927
777,0.0003845825558528304,5.173350928089349e-06,1.0721666967583587e-06,24089,
777,0.0002541487046983093,5.6855155889934395e-06,8.846040486787388e-07,24099,
777,0.0003210075374227017,3.05246067000553e-06,1.0397469623057987e-06,24109,
777,,,,24117,0.00032057607313618064
778,0.0003290911263320595,7.392774023173843e-06,1.1854729109472828e-06,24119,
778,0.0002720128686632961,3.7256781979522202e-06,8.570074214730994e-07,24129,
778,0.00039544678293168545,2.70705663751869e-06,1.0469476592334104e-06,24139,
778,,,,24148,0.0003201763320248574
779,0.0004973769537173212,4.4230432649783324e-06,1.0774700740512344e-06,24149,
779,0.0003740656829904765,3.8667521948809735e-06,1.1382167031115387e-06,24159,
779,0.00038313015829771757,2.565877593951882e-06,9.348401022180042e-07,24169,
779,0.0010977844940498471,2.0982324713259004e-06,9.573489556657933e-09,24179,
779,,,,24179,0.0003197554615326226
780,0.0006464081234298646,2.8455017400119686e-06,1.390282250213204e-06,24189,
780,0.00042564491741359234,2.474666416674154e-06,1.1581579428820987e-06,24199,
780,0.0002974248200189322,2.173433585994644e-06,1.213476366501709e-06,24209,
780,,,,24210,0.00031935758306644857
781,0.0003464012988843024,2.927773721239646e-06,1.067293396772584e-06,24219,
781,0.0004441657802090049,3.5677353480423335e-06,1.0590752026473638e-06,24229,
781,0.00021471039508469403,3.054886519748834e-06,7.851418786231079e-07,24239,
781,,,,24241,0.0003190463175997138
782,0.00020624909666366875,4.18895933762542e-06,9.614990403861157e-07,24249,
782,0.000322239997331053,4.261072717781644e-06,9.6346730060759e-07,24259,
782,0.0002556134422775358,2.235479769296944e-06,8.901768637770147e-07,24269,
782,,,,24272,0.0003188364498782903
783,0.0003931694373022765,4.16924513046979e-06,1.048538479153649e-06,24279,
783,0.0002115446695825085,2.871060587494867e-06,8.880901987140533e-07,24289,
783,0.0002514686493668705,2.2284796159510734e-06,7.987898698047502e-07,24299,
783,,,,24303,0.00031870303791947663
784,0.0003698073560371995,3.344401193317026e-06,1.0856052767849178e-06,24309,
784,0.0003332690102979541,3.4141703508794308e-06,1.031629039971449e-06,24319,
784,0.00026472279569134116,2.7883613711310318e-06,9.119206083596509e-07,24329,
784,,,,24334,0.0003186085377819836
785,0.00018091435777023435,4.761386207974283e-06,7.970414799274295e-07,24339,
785,0.00018410367192700505,3.0734765914530726e-06,8.046169455155905e-07,24349,
785,0.00014601026487071067,2.842062940544565e-06,7.780606097185228e-07,24359,
785,,,,24365,0.00031852975371293724
786,0.0003192555741406977,6.212367679836461e-06,1.0346042245146236e-06,24369,
786,0.00023571962083224207,2.920216275015264e-06,9.465199468650098e-07,24379,
786,0.0003010832879226655,2.227580580438371e-06,1.0045650924439542e-06,24389,
786,,,,24396,0.00031845297780819237
787,0.0003832050133496523,4.667313987738453e-06,1.0705462045734748e-06,24399,
787,0.00025385592016391456,4.054428245581221e-06,8.847218850860372e-07,24409,
787,0.00031964608933776617,2.681691285033594e-06,1.0358593272030703e-06,24419,
787,,,,24427,0.0003183739900123328
788,0.00032830616692081094,5.383938514569309e-06,1.1838461659863242e-06,24429,
788,0.00027043005684390664,3.2318955618393375e-06,8.554621899747872e-07,24439,
788,0.00039449805626645684,2.6504744710109662e-06,1.0448125067341607e-06,24449,
788,,,,24458,0.0003182950022164732
789,0.0004962279344908893,4.7219477892213035e-06,1.0745742429207894e-06,24459,
789,0.0003742288681678474,3.652425675682025e-06,1.1369625099177938e-06,24469,
789,0.000382336467737332,3.006043243658496e-06,9.328707051281526e-07,24479,
789,0.0010979457292705774,2.1774101242044708e-06,9.624609553782193e-09,24489,
789,,,,24489,0.0003182151704095304
790,0.0006456982810050249,2.9960299343656516e-06,1.3890338550481829e-06,24499,
790,0.00042489191400818527,2.5486726826784434e-06,1.1551685474842088e-06,24509,
790,0.0002969006891362369,1.953852688529878e-06,1.211216385854641e-06,24519,
790,,,,24520,0.00031813711393624544
791,0.00034498661989346147,3.106442136413534e-06,1.0649963542164187e-06,24529,
791,0.0004435241862665862,3.105315499851713e-06,1.0562714578554733e-06,24539,
791,0.00021325818670447916,2.8360195756249595e-06,7.826775458852353e-07,24549,
791,,,,24551,0.000318060046993196
792,0.000205967589863576,3.83193355446565e-06,9.59601948125055e-07,24559,
792,0.00032243216992355883,4.353526037448319e-06,9.618236163078109e-07,24569,
792,0.0002553543890826404,2.2069150418246863e-06,8.880929271981586e-07,24579,
792,,,,24582,0.0003179855120833963
793,0.00039175499114207923,4.3857976379513275e-06,1.0453235290697194e-06,24589,
793,0.0002115893003065139,2.837820829881821e-06,8.87171040631074e-07,24599,
793,0.0002505266456864774,2.1567934709310066e-06,7.964458177411871e-07,24609,
793,,,,24613,0.00031791243236511946
794,0.00037016283022239804,3.777724941755878e-06,1.0830266319317161e-06,24619,
794,0.0003327703452669084,3.1639433473173995e-06,1.0295926813341794e-06,24629,
794,0.0002641762839630246,2.5907547751558013e-06,9.098908435589692e-07,24639,
794,,,,24644,0.00031784342718310654
795,0.00018095161067321897,4.074605840287404e-06,7.968067734509532e-07,24649,
795,0.00018369591271039099,2.9564039323304314e-06,8.030519325075147e-07,24659,
795,0.000145334008266218,2.8291783564782236e-06,7.752927899673523e-07,24669,
795,,,,24675,0.000317779544275254
796,0.0003187979746144265,6.57636928735883e-06,1.0323002470613574e-06,24679,
796,0.0002355551696382463,2.806926659104647e-06,9.444758575227752e-07,24689,
796,0.0003006905608344823,2.1448474853968946e-06,1.0016445912697236e-06,24699,
796,,,,24706,0.0003177206090185791
797,0.00038273140671662986,4.934551270707743e-06,1.0679868864826858e-06,24709,
797,0.00025355431716889143,3.750310952455038e-06,8.829559305922885e-07,24719,
797,0.0003190110146533698,2.695589273571386e-06,1.0321440413463279e-06,24729,
797,,,,24737,0.00031767060863785446
798,0.0003278482472524047,4.998506483389065e-06,1.1804137329818332e-06,24739,
798,0.00026954212808050215,3.095167585343006e-06,8.535018878319534e-07,24749,
798,0.00039392278995364904,2.6184077341895318e-06,1.0427395409351448e-06,24759,
798,,,,24768,0.00031763294828124344
799,0.0004961019731126726,4.78020092486986e-06,1.0730459507612977e-06,24769,
799,0.00037376812542788684,3.570309218048351e-06,1.1342439165673568e-06,24779,
799,0.0003818147233687341,3.426291414143634e-06,9.307944992542616e-07,24789,
799,0.001097965519875288,2.2951085156819317e-06,9.641326847997789e-09,24799,
799,,,,24799,0.0003176130703650415
800,0.0006450676592066884,3.263659209551406e-06,1.387116071782657e-06,24809,
800,0.00042440815013833344,2.8774397833331022e-06,1.1516574431880144e-06,24819,
800,0.00029645877657458186,1.9063596710111597e-06,1.208313619827095e-06,24829,
800,,,,24830,0.00031761586433276534
801,0.00034390672226436436,3.7721808894275455e-06,1.062170667864848e-06,24839,
801,0.0004433771828189492,2.91026231025171e-06,1.05377023373876e-06,24849,
801,0.00021239821217022836,2.744658331721439e-06,7.80187747295713e-07,24859,
801,,,,24861,0.0003176499158143997
802,0.0002055459190160036,3.531117272359552e-06,9.579446214047493e-07,24869,
802,0.0003220016078557819,4.5853385017835535e-06,9.601629926692112e-07,24879,
802,0.00025540206115692854,2.201209326813114e-06,8.86051680026867e-07,24889,
802,,,,24892,0.00031771117937751114
803,0.0003902578609995544,4.9630521061772015e-06,1.042824351316085e-06,24899,
803,0.00021078137797303498,3.0072465051489417e-06,8.836088341013237e-07,24909,
803,0.00025059288600459695,2.1529342575377086e-06,7.950216627250484e-07,24919,
803,,,,24923,0.0003177806793246418
804,0.00036925473250448704,5.5175401030282956e-06,1.0801530834214645e-06,24929,
804,0.00033248760155402124,2.8476613351813285e-06,1.0278702120558592e-06,24939,
804,0.00026417404296807945,2.453949264236144e-06,9.077721188077703e-07,24949,
804,,,,24954,0.00031779694836586714
805,0.00018047149933408946,2.736500846367562e-06,7.951844622766657e-07,24959,
805,0.00018334340711589903,2.6641694148565875e-06,8.019010238058399e-07,24969,
805,0.00014418462524190545,2.7969026632490568e-06,7.736305178696057e-07,24979,
805,,,,24985,0.0003176633035764098
806,0.00031757287797518075,6.7044602474197745e-06,1.0294784260622691e-06,24989,
806,0.00023517753288615495,2.6889636046689702e-06,9.424095992471848e-07,24999,
806,0.00030086192418821156,2.284304628119571e-06,1.0006219781644177e-06,25009,
806,,,,25016,0.0003173045115545392
807,0.000381579709937796,6.498509264929453e-06,1.0651659749782993e-06,25019,
807,0.0002542515576351434,3.2576681405771524e-06,8.816273293632548e-07,25029,
807,0.0003198453632649034,3.019588120878325e-06,1.031905071613437e-06,25039,
807,,,,25047,0.0003167443792335689
808,0.00032742999610491097,3.5382702208153205e-06,1.1807322835011291e-06,25049,
808,0.000268522126134485,3.344324795762077e-06,8.522205803274119e-07,25059,
808,0.00039390401798300445,2.7210687676415546e-06,1.0446873375258292e-06,25069,
808,,,,25078,0.0003160997002851218
809,0.000494856561999768,4.050441020808648e-06,1.0688238489819923e-06,25079,
809,0.00037169514689594507,3.955072770622792e-06,1.1302920484013157e-06,25089,
809,0.0003815241507254541,3.268442696935381e-06,9.298852319261641e-07,25099,
809,0.0010978939244523644,2.4727708023419837e-06,9.656915267441946e-09,25109,
809,,,,25109,0.0003154732403345406
810,0.0006445255712606013,2.954826186396531e-06,1.3874695241611334e-06,25119,
810,0.00042459851829335093,2.888366452680202e-06,1.1506057262522518e-06,25129,
810,0.0002965629391837865,1.932441591634415e-06,1.208966637022968e-06,25139,
810,,,,25140,0.000314892124151811
811,0.0003431065415497869,5.101504939375445e-06,1.0605980378386448e-06,25149,
811,0.00044466197141446173,2.7687726742442464e-06,1.0551729019425693e-06,25159,
811,0.00021211220882833004,2.406120756859309e-06,7.795212582095701e-07,25169,
811,,,,25171,0.0003143397334497422
812,0.00020532679627649486,3.6027552141604247e-06,9.608114623915753e-07,25179,
812,0.00032271334202960134,4.075967353855958e-06,9.612007261239341e-07,25189,
812,0.0002545436436776072,2.1767173166153952e-06,8.870096621649282e-07,25199,
812,,,,25202,0.0003137874591629952
813,0.00038907694397494197,3.635236453192192e-06,1.0421714478070498e-06,25209,
813,0.0002091151400236413,2.6896084364125272e-06,8.798284625299857e-07,25219,
813,0.0002498919202480465,2.196583182012546e-06,7.953181579978263e-07,25229,
813,,,,25233,0.0003132174024358392
814,0.00036828668089583516,6.647410373261664e-06,1.0801517191794119e-06,25239,
814,0.00033176346914842725,3.5224363728048047e-06,1.0267457355439547e-06,25249,
814,0.00026474433252587914,2.4374055556108942e-06,9.07733465282945e-07,25259,
814,,,,25264,0.00031262924312613904
815,0.0001775363489286974,2.5717522476043086e-06,7.869048772590759e-07,25269,
815,0.00018370282487012446,2.6086859179486055e-06,8.031184393075819e-07,25279,
815,0.00014350336277857423,2.851247472790419e-06,7.743223591205606e-07,25289,
815,,,,25295,0.0003120401524938643
816,0.00031542705255560577,4.556252861220855e-06,1.028570636663062e-06,25299,
816,0.00023408957349602133,3.1521165055892197e-06,9.430735872228979e-07,25309,
816,0.0002997155534103513,2.3369693735730834e-06,1.0004118848883081e-06,25319,
816,,,,25326,0.0003114946302957833
817,0.0003818993573077023,7.4164099714835174e-06,1.0650010153767653e-06,25329,
817,0.00025513063883408904,4.062118478032062e-06,8.810694680505549e-07,25339,
817,0.00031903013586997986,2.9774960239592474e-06,1.030452040140517e-06,25349,
817,,,,25357,0.00031106366077437997
818,0.00032654573442414403,2.8485380880738376e-06,1.1839211992992205e-06,25359,
818,0.0002686018997337669,3.145479013255681e-06,8.52626044434146e-07,25369,
818,0.00039461281266994774,2.6503478238737443e-06,1.046562260853534e-06,25379,
818,,,,25388,0.0003108218661509454
819,0.0004906632821075618,3.1442614272236824e-06,1.0644556596162147e-06,25389,
819,0.0003704539849422872,5.1999227252963465e-06,1.1278372085143928e-06,25399,
819,0.0003819289559032768,3.940111582778627e-06,9.294773803958378e-07,25409,
819,0.0010972563177347183,2.346428118471522e-06,9.680127810440808e-09,25419,
819,,,,25419,0.00031081747147254646
820,0.0006447824416682124,2.7270127702649916e-06,1.3886582337363507e-06,25429,
820,0.00042415555799379945,3.094120984314941e-06,1.1486231414892245e-06,25439,
820,0.0002962119469884783,2.0233953819115413e-06,1.2083269211871084e-06,25449,
820,,,,25450,0.00031103292712941766
821,0.00034249338204972446,4.673533567256527e-06,1.0595525736789568e-06,25459,
821,0.00044600231922231615,2.8037477477482753e-06,1.0573078270681435e-06,25469,
821,0.00021154766727704555,2.1007006125728367e-06,7.778906478961289e-07,25479,
821,,,,25481,0.00031136913457885385
822,0.0002056191151496023,4.58410022474709e-06,9.625352959119482e-07,25489,
822,0.00032532800105400383,5.053057520854054e-06,9.64079845289234e-07,25499,
822,0.00025380522129125893,2.0638847217924194e-06,8.853350550452888e-07,25509,
822,,,,25512,0.0003117001324426383
823,0.00038930951268412173,2.933040605057613e-06,1.0410008144390304e-06,25519,
823,0.0002088295150315389,2.7922835670324275e-06,8.788516083768627e-07,25529,
823,0.00024858303368091583,2.2879487460159e-06,7.924258511593507e-07,25539,
823,,,,25543,0.0003119511529803276
824,0.00036773813189938664,6.403595307347132e-06,1.0772404266390367e-06,25549,
824,0.0003312756307423115,4.0413924580207095e-06,1.0254826747768675e-06,25559,
824,0.0002633701078593731,2.5121487396972952e-06,9.061484433914302e-07,25569,
824,,,,25574,0.00031213139300234616
825,0.0001774673000909388,2.940246076832409e-06,7.827087529221899e-07,25579,
825,0.00018499330326449126,2.6649040592019446e-06,8.034889447117166e-07,25589,
825,0.00014181614096742123,2.941367483799695e-06,7.714013463555602e-07,25599,
825,,,,25605,0.00031228913576342165
826,0.0003142245695926249,3.7607205740641803e-06,1.0259277587465476e-06,25609,
826,0.00023258532746694982,3.1175604817690328e-06,9.407612537870591e-07,25619,
826,0.00029891548911109567,2.2892952529218746e-06,9.976388355426025e-07,25629,
826,,,,25636,0.00031245453283190727
827,0.00037995848106220365,6.0512247728183866e-06,1.0610408480715705e-06,25639,
827,0.0002544075541663915,4.8431929826620035e-06,8.779615541243402e-07,25649,
827,0.00031599297653883696,3.3663800422800705e-06,1.0225103324046358e-06,25659,
827,,,,25667,0.0003126317751593888
828,0.0003259178774897009,2.8743338589265477e-06,1.1772403922805097e-06,25669,
828,0.00026879875804297626,2.9264429031172767e-06,8.522679308953229e-07,25679,
828,0.000392425456084311,2.6516800062381662e-06,1.040491270032362e-06,25689,
828,,,,25698,0.00031281510018743575
829,0.0004928569542244077,2.7874880288436543e-06,1.0668296681615175e-06,25699,
829,0.0003683803079184145,5.825491371069802e-06,1.1258141512371367e-06,25709,
829,0.00038152310298755765,3.7519505440286594e-06,9.280172434955603e-07,25719,
829,0.0010957046179100871,1.9203696410841076e-06,9.676370815725477e-09,25729,
829,,,,25729,0.0003129956894554198
830,0.0006435432587750256,2.8045378712704405e-06,1.3859178125130711e-06,25739,
830,0.00042354900506325066,3.436344968577032e-06,1.1458039352874039e-06,25749,
830,0.00029498423100449145,1.9336032437422546e-06,1.2035067129545496e-06,25759,
830,,,,25760,0.0003131707780994475
831,0.00034149017301388085,4.990319212083705e-06,1.0564132253421121e-06,25769,
831,0.0004450824635569006,2.539191427786136e-06,1.0550444358159439e-06,25779,
831,0.0002112578076776117,2.0972302081645466e-06,7.757626576676557e-07,25789,
831,,,,25791,0.00031334097729995847
832,0.00020491711620707065,4.660879312723409e-06,9.609282187739154e-07,25799,
832,0.0003259687509853393,5.171255452296464e-06,9.651394066167995e-07,25809,
832,0.00025333327357657254,2.164065790566383e-06,8.825753639030154e-07,25819,
832,,,,25822,0.00031351239886134863
833,0.0003885465848725289,2.8718350222334266e-06,1.038227651406487e-06,25829,
833,0.0002092429785989225,2.835593477357179e-06,8.784575697973196e-07,25839,
833,0.0002477005764376372,2.1311977889126865e-06,7.902795573500043e-07,25849,
833,,,,25853,0.00031368123018182814
834,0.0003661032533273101,6.3586667238269e-06,1.0742868425950292e-06,25859,
834,0.00032994610955938697,3.794665417444776e-06,1.0236674370389665e-06,25869,
834,0.00026307645021006465,2.5388767426193226e-06,9.049542200045835e-07,25879,
834,,,,25884,0.0003138486063107848
835,0.0001779513549990952,2.832234031302505e-06,7.805419954820536e-07,25889,
835,0.0001852087734732777,2.6349996460339753e-06,8.027454896364361e-07,25899,
835,0.00014104154251981527,3.0720382255822187e-06,7.702695938860415e-07,25909,
835,,,,25915,0.00031401601154357195
836,0.0003125956282019615,3.827562522928929e-06,1.0207106697635027e-06,25919,
836,0.0002313473232788965,2.940318836408551e-06,9.385694283992052e-07,25929,
836,0.0002985968312714249,2.067887862722273e-06,9.951700121746399e-07,25939,
836,,,,25946,0.00031418114667758346
837,0.0003784954606089741,5.81260383114568e-06,1.0572063047220581e-06,25949,
837,0.00025348368217237294,4.962051662005251e-06,8.758985359236249e-07,25959,
837,0.0003148451796732843,3.2504315186088206e-06,1.0181109928453225e-06,25969,
837,,,,25977,0.00031434735865332186
838,0.00032568705501034856,3.0210483146220213e-06,1.1731524409697158e-06,25979,
838,0.000268375501036644,2.764841838143184e-06,8.502854598191334e-07,25989,
838,0.0003908836515620351,2.7855444386659656e-06,1.0355884114687797e-06,25999,
838,,,,26008,0.00031451237737201154
839,0.0004940486396662891,3.0601822800235823e-06,1.0669590437828447e-06,26009,
839,0.0003673147002700716,5.9609410527627915e-06,1.1236121508773067e-06,26019,
839,0.0003813521470874548,3.1437125471711624e-06,9.263253559765872e-07,26029,
839,0.001094505307264626,1.8985073211297276e-06,9.66679625236111e-09,26039,
839,,,,26039,0.00031467570806853473
840,0.0006427751504816115,2.927316700152005e-06,1.3838680388289504e-06,26049,
840,0.0004239020636305213,3.4023139505734434e-06,1.1442310778875253e-06,26059,
840,0.0002940488629974425,2.038652155533782e-06,1.1999383104921435e-06,26069,
840,,,,26070,0.00031484075589105487
841,0.00034082046477124095,4.8744145715318155e-06,1.0525249081183574e-06,26079,
841,0.0004438898467924446,2.379822262810194e-06,1.051937374541012e-06,26089,
841,0.00021094955445732921,2.0922832391079282e-06,7.745825314486865e-07,26099,
841,,,,26101,0.00031500033219344914
842,0.00020469412265811116,4.6203172132663894e-06,9.603326134310919e-07,26109,
842,0.00032717426074668765,4.728616204374703e-06,9.677670504970592e-07,26119,
842,0.0002540196292102337,2.2614942736254307e-06,8.818302603685879e-07,26129,
842,,,,26132,0.0003151533310301602
843,0.00038733173278160393,2.7733460683521116e-06,1.0360630540162674e-06,26139,
843,0.00021001017012167722,2.9072723464196315e-06,8.791762979853956e-07,26149,
843,0.0002472758642397821,2.089662302751094e-06,7.900853802311758e-07,26159,
843,,,,26163,0.00031529247644357383
844,0.0003637455520220101,6.279763965721941e-06,1.0731073416536674e-06,26169,
844,0.0003292899637017399,3.2472107704961672e-06,1.0238095455861185e-06,26179,
844,0.00026289260131306946,2.3894733658380574e-06,9.047799380823562e-07,26189,
844,,,,26194,0.00031539276824332774
845,0.00017731045954860747,2.8943584311491577e-06,7.752285569040396e-07,26199,
845,0.00018630403792485595,2.499084757801029e-06,8.045086019592418e-07,26209,
845,0.00014164189633447677,3.1291431241697865e-06,7.724516422058514e-07,26219,
845,,,,26225,0.0003154132573399693
846,0.00031045282958075404,3.763936319955974e-06,1.0160787269342109e-06,26229,
846,0.00023034418700262904,2.5042525066965027e-06,9.370407951792004e-07,26239,
846,0.00029860821086913347,2.006671820709016e-06,9.94089759842609e-07,26249,
846,,,,26256,0.0003152629651594907
847,0.00037735397927463055,6.2357657952816226e-06,1.0548774298513308e-06,26259,
847,0.00025398755678907037,4.519832145888358e-06,8.766793939685158e-07,26269,
847,0.00031425367342308164,2.8919089345436078e-06,1.0166895663132891e-06,26279,
847,,,,26287,0.00031477081938646734
848,0.0003249578003305942,2.8260897124710027e-06,1.1717673942257534e-06,26289,
848,0.00026944681303575635,2.6796421934704995e-06,8.516337288710929e-07,26299,
848,0.00039089718484319746,3.434827476667124e-06,1.0335246543036192e-06,26309,
848,,,,26318,0.0003136959858238697
849,0.0004924819222651422,3.5931243473896757e-06,1.0645397878761287e-06,26319,
849,0.0003661041264422238,4.8571514525974635e-06,1.1221392242077854e-06,26329,
849,0.00037902669282630086,2.220181841039448e-06,9.230369641954894e-07,26339,
849,0.0010944525711238384,1.8853130541174323e-06,9.71036229202582e-09,26349,
849,,,,26349,0.0003119648026768118
850,0.0006424713646993041,3.5544755974115105e-06,1.3824125062456005e-06,26359,
850,0.0004268110205885023,3.6442966120375786e-06,1.1502012284836383e-06,26369,
850,0.0002936855598818511,2.0503673567873193e-06,1.1990201755907037e-06,26379,
850,,,,26380,0.00031107457471080124
851,0.00035022018710151315,2.8958845632587327e-06,1.0712785751820775e-06,26389,
851,0.00044553354382514954,4.4335370148473885e-06,1.054122662935697e-06,26399,
851,0.00020963595306966454,3.4855788726417813e-06,7.761468623357359e-07,26409,
851,,,,26411,0.0003133875725325197
852,0.00021123344777151942,5.1174488362448756e-06,9.63871571002528e-07,26419,
852,0.0003212128358427435,3.099733248745906e-06,9.596626568963984e-07,26429,
852,0.00025549757992848754,3.6910053040628554e-06,8.865187623996462e-07,26439,
852,,,,26442,0.00030463002622127533
853,0.0003880734439007938,4.197457656118786e-06,1.040107463268214e-06,26449,
853,0.00021302841196302325,2.882161197703681e-06,8.86489431195514e-07,26459,
853,0.0002471033949404955,2.2378469566319836e-06,7.888609161454951e-07,26469,
853,,,,26473,0.00031330666388385
854,0.00037897794391028583,4.898917723039631e-06,1.0819602493938874e-06,26479,
854,0.0003293836198281497,4.027078375656856e-06,1.0237833976134425e-06,26489,
854,0.0002634557313285768,4.054287273902446e-06,9.086193131224718e-07,26499,
854,,,,26504,0.0003040363371837884
855,0.00017263121844734997,3.9341257433989085e-06,7.74133923187037e-07,26509,
855,0.00018116750288754702,1.915055690915324e-06,7.978377993822505e-07,26519,
855,0.00014323841605801135,2.5988754259742564e-06,7.726534931862261e-07,26529,
855,,,,26535,0.00030968422652222216
856,0.0003130327386315912,2.8906267743877834e-06,1.0302128430339508e-06,26539,
856,0.00023148403852246702,4.121958681935212e-06,9.376803404848033e-07,26549,
856,0.0002980005810968578,2.5606602775951615e-06,9.949545756171574e-07,26559,
856,,,,26566,0.0003047097707167268
857,0.0003725254791788757,5.2967511692258995e-06,1.0526197229410172e-06,26569,
857,0.00024988219956867397,2.526420075810165e-06,8.766810424276628e-07,26579,
857,0.0003193786251358688,2.481015826560906e-06,1.0276777402395965e-06,26589,
857,,,,26597,0.00030822065309621394
858,0.00032815602025948465,3.859898242808413e-06,1.1761020459744032e-06,26599,
858,0.0002702944912016392,3.905990070052212e-06,8.484569775646378e-07,26609,
858,0.00039115495746955276,3.0115741083136527e-06,1.035530317494704e-06,26619,
858,,,,26628,0.00030562386382371187
859,0.00048657695879228413,2.094964429488755e-06,1.0568479638095596e-06,26629,
859,0.000368857552530244,3.4280881209269864e-06,1.1291732562312973e-06,26639,
859,0.00038011526339687407,2.650994019859354e-06,9.253340635950735e-07,26649,
859,0.0010947966948151588,2.4914497771533206e-06,9.740729112195368e-09,26659,
859,,,,26659,0.000308015791233629
860,0.0006423303275369108,3.413010517760995e-06,1.3769229099125369e-06,26669,
860,0.0004217438690830022,2.43312751990743e-06,1.143128542935301e-06,26679,
860,0.0002940458070952445,2.0269355900381925e-06,1.2017817425657995e-06,26689,
860,,,,26690,0.0003060842864215374
861,0.0003434246755205095,2.3022025743557606e-06,1.0587076531010098e-06,26699,
861,0.00044040658394806087,3.960033154726261e-06,1.0455969459144399e-06,26709,
861,0.0002093219372909516,2.632145196912461e-06,7.766695375721611e-07,26719,
861,,,,26721,0.0003079724556300789
862,0.00020388652046676725,4.10747088608332e-06,9.55804011937289e-07,26729,
862,0.0003174796001985669,2.7090513867733534e-06,9.523998869553907e-07,26739,
862,0.00025290815392509103,2.392384885752108e-06,8.81989080880885e-07,26749,
862,,,,26752,0.0003063212498091161
863,0.0003876043192576617,3.864167410938535e-06,1.0387265092504094e-06,26759,
863,0.00020933170162606984,3.3485321182524785e-06,8.791151344667014e-07,26769,
863,0.0002462798438500613,2.2301244371192297e-06,7.886319508543238e-07,26779,
863,,,,26783,0.0003079475718550384
864,0.00037239192170090973,3.867518444167217e-06,1.0775590908451704e-06,26789,
864,0.0003280638193245977,3.337971520522842e-06,1.0217149792879354e-06,26799,
864,0.0002635157434269786,3.3801229619712103e-06,9.074084346138989e-07,26809,
864,,,,26814,0.0003064102493226528
865,0.0001756533165462315,4.170827196503524e-06,7.790216614012024e-07,26819,
865,0.0001811365655157715,2.0267423224140657e-06,7.979182896633574e-07,26829,
865,0.00014089055184740573,2.4741589186305646e-06,7.699121056248259e-07,26839,
865,,,,26845,0.0003077583678532392
866,0.0003113921557087451,2.8648028091993183e-06,1.0292847036907915e-06,26849,
866,0.00023102128761820495,3.921345523849595e-06,9.378698564432852e-07,26859,
866,0.00029796743183396757,2.4798298454697942e-06,9.953640756066306e-07,26869,
866,,,,26876,0.0003064000338781625
867,0.00037338200490921736,5.537417109735543e-06,1.0520890327825327e-06,26879,
867,0.0002492985222488642,2.588891902632895e-06,8.772382216193364e-07,26889,
867,0.00031690511968918145,2.549734972490114e-06,1.023959612211911e-06,26899,
867,,,,26907,0.0003074681735597551
868,0.00032735688728280365,3.3257481391046895e-06,1.1745946721930522e-06,26909,
868,0.00026982874260284007,3.7702186546084704e-06,8.491973062518809e-07,26919,
868,0.00039035940426401794,2.93705056719773e-06,1.0346719818699057e-06,26929,
868,,,,26938,0.0003064001793973148
869,0.0004877658502664417,2.2132719550427282e-06,1.060468093783129e-06,26939,
869,0.00036892227944917977,3.1864271932136035e-06,1.1301177664790885e-06,26949,
869,0.00037898088339716196,2.8996389573876513e-06,9.232521733792964e-07,26959,
869,0.0010947942500934005,2.266981482534902e-06,9.76912417627318e-09,26969,
869,,,,26969,0.00030719919595867395
870,0.0006413435912691057,3.5593930078903213e-06,1.3762487469648477e-06,26979,
870,0.00042098917765542865,2.3542438611912075e-06,1.1424097010603873e-06,26989,
870,0.000293249060632661,1.8296016150998184e-06,1.199648181682278e-06,26999,
870,,,,27000,0.00030643961508758366
871,0.0003424303140491247,2.243418293801369e-06,1.0580712341834442e-06,27009,
871,0.00043944056960754097,4.176693437329959e-06,1.0445327234265278e-06,27019,
871,0.00020911851606797427,2.6240727493132e-06,7.769168064442056e-07,27029,
871,,,,27031,0.00030700062052346766
872,0.000203087562113069,4.073321633768501e-06,9.552013580105267e-07,27039,
872,0.00031716618104837835,2.6111395072803134e-06,9.515905503576505e-07,27049,
872,0.00025239482056349516,2.193853106291499e-06,8.806592290966364e-07,27059,
872,,,,27062,0.00030649773543700576
873,0.0003869577485602349,3.686269110403373e-06,1.0369737992732553e-06,27069,
873,0.00020917564688716084,3.5044406558881747e-06,8.783588327787584e-07,27079,
873,0.00024562087492085993,2.1502507934201276e-06,7.884239039412932e-07,27089,
873,,,,27093,0.0003068627556785941
874,0.0003710502351168543,3.7409988635772606e-06,1.0768766287583276e-06,27099,
874,0.00032713435939513147,3.264092583776801e-06,1.0203764304606011e-06,27109,
874,0.00026313343551009893,3.173421646351926e-06,9.068469353223918e-07,27119,
874,,,,27124,0.00030654671718366444
875,0.00017628831847105175,4.028908278996823e-06,7.797850685165031e-07,27129,
875,0.00018088553042616695,2.1735938844358316e-06,7.968821478243626e-07,27139,
875,0.00014007792924530804,2.4402579583693296e-06,7.685672471779981e-07,27149,
875,,,,27155,0.0003067679353989661
876,0.0003104654315393418,2.8630940960283624e-06,1.0268616961184307e-06,27159,
876,0.00023055737256072462,3.922199994121911e-06,9.36725257361104e-07,27169,
876,0.0002977147523779422,2.370590436839848e-06,9.941929874912603e-07,27179,
876,,,,27186,0.0003065791097469628
877,0.00037337641697376966,5.442598194349557e-06,1.051728304446442e-06,27189,
877,0.0002489977632649243,2.6632751541910693e-06,8.770919635026075e-07,27199,
877,0.00031584635144099593,2.6751033601613017e-06,1.0213739187747706e-06,27209,
877,,,,27217,0.0003066998615395278
878,0.0003268035943619907,3.0195808449207107e-06,1.1728492381735123e-06,27219,
878,0.0002692026610020548,3.839903001789935e-06,8.485067723995598e-07,27229,
878,0.00038997241063043475,2.823599743351224e-06,1.0332491910958197e-06,27239,
878,,,,27248,0.0003065940400119871
879,0.000488294695969671,2.3225641143653775e-06,1.0612525329634082e-06,27249,
879,0.0003686858690343797,3.1505198876402574e-06,1.129395513999043e-06,27259,
879,0.00037835031980648637,3.0125072498776717e-06,9.216122407451621e-07,27269,
879,0.001094481092877686,2.111806452376186e-06,9.774527853778636e-09,27279,
879,,,,27279,0.0003066518984269351
880,0.0006408339249901474,3.6690148590423632e-06,1.374586076963169e-06,27289,
880,0.0004206305311527103,2.3079853690433083e-06,1.1412510048103286e-06,27299,
880,0.00029262833413667977,1.7820301536630723e-06,1.197437995870132e-06,27309,
880,,,,27310,0.00030659529147669673
881,0.00034158985363319516,2.2355559394782176e-06,1.0568318202786031e-06,27319,
881,0.0004388311645016074,4.267896201781696e-06,1.0430238717162865e-06,27329,
881,0.00020874416804872453,2.4818625661282567e-06,7.756990498819505e-07,27339,
881,,,,27341,0.00030661720666103065
882,0.00020282043260522187,4.047809397889068e-06,9.545395869281492e-07,27349,
882,0.0003168099792674184,2.5361671305290656e-06,9.503987143943959e-07,27359,
882,0.00025192712200805545,2.1442031084006885e-06,8.790868832875276e-07,27369,
882,,,,27372,0.0003065859782509506
883,0.0003865487524308264,3.57652106686146e-06,1.0351516266382532e-06,27379,
883,0.00020896796195302159,3.645406877694768e-06,8.768299153416592e-07,27389,
883,0.0002451323380228132,2.101558493450284e-06,7.874744483160612e-07,27399,
883,,,,27403,0.0003065902565140277
884,0.00037081213667988777,3.7745555800938746e-06,1.075948603102006e-06,27409,
884,0.0003264153783675283,3.231162281736033e-06,1.0186336112383287e-06,27419,
884,0.0002626546483952552,3.0390701795113273e-06,9.052911309481715e-07,27429,
884,,,,27434,0.00030657427851110697
885,0.00017671087698545307,3.88444323107251e-06,7.795671876920096e-07,27439,
885,0.00018047523917630315,2.2855369934404735e-06,7.952951932566066e-07,27449,
885,0.0001395277795381844,2.4596565708634444e-06,7.669740398341673e-07,27459,
885,,,,27465,0.00030656676972284913
886,0.00031004639458842576,2.92511595034739e-06,1.025218239192327e-06,27469,
886,0.00023010918812360615,4.001257366326172e-06,9.350222853754531e-07,27479,
886,0.0002973639639094472,2.27690929932578e-06,9.924173127728864e-07,27489,
886,,,,27496,0.00030655754380859435
887,0.0003732062177732587,5.250645244814223e-06,1.0505508498681593e-06,27499,
887,0.0002485560835339129,2.7075473099102965e-06,8.761787171351898e-07,27509,
887,0.00031519890762865543,2.78143511422968e-06,1.0190506145590916e-06,27519,
887,,,,27527,0.0003065490163862705
888,0.0003265420673415065,2.918578957178397e-06,1.1705237739079166e-06,27529,
888,0.0002687651140149683,4.007200459454907e-06,8.473139700981847e-07,27539,
888,0.0003895570116583258,2.704997086766525e-06,1.0314720384485554e-06,27549,
888,,,,27558,0.0003065415658056736
889,0.0004885010421276093,2.353820946154883e-06,1.061166017279902e-06,27559,
889,0.0003680896188598126,3.12103452415613e-06,1.127738755712926e-06,27569,
889,0.00037789871566928923,3.0639687338407384e-06,9.200887802762736e-07,27579,
889,0.001093994709663093,1.9950075511587784e-06,9.770225517513609e-09,27589,
889,,,,27589,0.00030653373687528074
890,0.0006404883461073041,3.8069961192377377e-06,1.3728805470236694e-06,27599,
890,0.00042028664029203355,2.292084673172212e-06,1.139978280662035e-06,27609,
890,0.0002920474798884243,1.8051435972665786e-06,1.1951470924032037e-06,27619,
890,,,,27620,0.00030652707209810615
891,0.00034063999191857874,2.2594090296479408e-06,1.0553570746196783e-06,27629,
891,0.0004383120103739202,4.222385086904978e-06,1.041277414515207e-06,27639,
891,0.00020829604181926697,2.322773752894136e-06,7.73960778133187e-07,27649,
891,,,,27651,0.0003065209893975407
892,0.0002027793525485322,4.044869911012938e-06,9.539750180920237e-07,27659,
892,0.00031646035495214164,2.5595168153813574e-06,9.48952617818577e-07,27669,
892,0.0002515935921110213,2.1491066490852972e-06,8.776278832556272e-07,27679,
892,,,,27682,0.00030651706038042903
893,0.0003862071898765862,3.570784201656352e-06,1.0331932571716607e-06,27689,
893,0.0002087330649374053,3.6414273836271605e-06,8.751668474360486e-07,27699,
893,0.0002447027072776109,2.0750192106788745e-06,7.862421966819966e-07,27709,
893,,,,27713,0.0003065126948058605
894,0.00037094770232215524,3.7719885312981205e-06,1.0751798527053325e-06,27719,
894,0.000325753673678264,3.3264900594076607e-06,1.0168896551476792e-06,27729,
894,0.0002623183827381581,2.883855586333084e-06,9.037995596372639e-07,27739,
894,,,,27744,0.00030651502311229706
895,0.00017712386033963412,3.800278136623092e-06,7.801024821674218e-07,27749,
895,0.00017994630616158247,2.3175152819021605e-06,7.934764312267362e-07,27759,
895,0.00013912803842686117,2.515651885914849e-06,7.655052058908041e-07,27769,
895,,,,27775,0.000306514062685892
896,0.00030971140949986875,2.9608454497065395e-06,1.023605136651895e-06,27779,
896,0.00022968510165810585,4.159868240094511e-06,9.332154604635434e-07,27789,
896,0.00029705461929552257,2.1072719391668215e-06,9.906482318911003e-07,27799,
896,,,,27806,0.00030651959241367877
897,0.00037312935455702245,5.072478415968362e-06,1.0495710967006744e-06,27809,
897,0.000248135271249339,2.663844497874379e-06,8.752389248911641e-07,27819,
897,0.00031484346254728734,2.9149030069675064e-06,1.017232307276572e-06,27829,
897,,,,27837,0.00030652701389044523
898,0.0003263153485022485,2.868000592570752e-06,1.1683670209094998e-06,27839,
898,0.0002683527709450573,4.185703346593073e-06,8.461840934614884e-07,27849,
898,0.0003891544765792787,2.515977030270733e-06,1.0297412700310815e-06,27859,
898,,,,27868,0.00030653897556476295
899,0.0004888186231255531,2.380634441578877e-06,1.0611756806611083e-06,27869,
899,0.00036733507295139134,3.0918884021957638e-06,1.12559143872204e-06,27879,
899,0.00037759426049888134,3.029654635611223e-06,9.188415219796298e-07,27889,
899,0.0010934175224974751,1.908283365992247e-06,9.76204539426817e-09,27899,
899,,,,27899,0.0003065535565838218
900,0.0006402104627341032,3.946857759729028e-06,1.371291659779672e-06,27909,
900,0.0004200334951747209,2.3060053990775486e-06,1.1388615348550957e-06,27919,
900,0.00029166421154513955,1.8243969179820851e-06,1.193185084957804e-06,27929,
900,,,,27930,0.00030657651950605214
901,0.0003395871608518064,2.2830386114947032e-06,1.0538598189668846e-06,27939,
901,0.00043784029548987746,3.967519205616554e-06,1.0394480796094285e-06,27949,
901,0.0002078042016364634,2.1725161332142306e-06,7.720655617049488e-07,27959,
901,,,,27961,0.00030660416814498603
902,0.00020285026403144002,4.06239450967405e-06,9.533985121379374e-07,27969,
902,0.000316186691634357,2.7090002276963787e-06,9.476357831772475e-07,27979,
902,0.0002514581137802452,2.1302621462382376e-06,8.765296684032364e-07,27989,
902,,,,27992,0.0003066389763262123
903,0.00038596204831264913,3.596395345084602e-06,1.0310847073924378e-06,27999,
903,0.00020855384354945272,3.4259664971614257e-06,8.737814027881541e-07,28009,
903,0.00024432677309960127,2.061435907307896e-06,7.849826033634599e-07,28019,
903,,,,28023,0.0003066820208914578
904,0.0003710895834956318,3.776224957618979e-06,1.0744461178546771e-06,28029,
904,0.00032514886697754264,3.5152036161889555e-06,1.0152502909477334e-06,28039,
904,0.0002621962339617312,2.665897909537307e-06,9.024311111716088e-07,28049,
904,,,,28054,0.00030673391302116215
905,0.00017795218445826322,3.8047271573304897e-06,7.827318313502474e-07,28059,
905,0.00017940464022103697,2.253923184980522e-06,7.916000299701409e-07,28069,
905,0.00013891284470446408,2.5577865017112345e-06,7.642489663339802e-07,28079,
905,,,,28085,0.0003067928191740066
906,0.0003092278493568301,2.9644731966982363e-06,1.0211064136456116e-06,28089,
906,0.00022933242144063115,4.2711653804872185e-06,9.314517228631303e-07,28099,
906,0.0002969020279124379,1.9026658719667466e-06,9.889648708849563e-07,28109,
906,,,,28116,0.00030686159152537584
907,0.0003735802893061191,5.090648755867733e-06,1.0494335356270312e-06,28119,
907,0.00024769827723503113,2.56173166235385e-06,8.740975658838579e-07,28129,
907,0.0003149222757201642,2.901779453168274e-06,1.015880570776062e-06,28139,
907,,,,28147,0.00030693778535351157
908,0.0003258980577811599,2.7910657536267536e-06,1.1658809171422035e-06,28149,
908,0.0002679112076293677,4.237391749484232e-06,8.453337727587495e-07,28159,
908,0.00038886352558620274,2.3241600501933135e-06,1.0280846254318021e-06,28169,
908,,,,28178,0.00030701918876729906
909,0.0004897118196822703,2.586206392152235e-06,1.0620890407153638e-06,28179,
909,0.0003662075032480061,3.131575567749678e-06,1.1217499604754266e-06,28189,
909,0.0003773945209104568,2.717694087550626e-06,9.181201221508672e-07,28199,
909,0.0010927972616627812,1.8655566691450076e-06,9.746007556543645e-09,28209,
909,,,,28209,0.0003071016981266439
910,0.0006395874661393464,4.048118626087671e-06,1.369850110677362e-06,28219,
910,0.00041998899541795254,2.3824156869522994e-06,1.1376208703950397e-06,28229,
910,0.00029173243092373013,1.7580490521140746e-06,1.19164144507522e-06,28239,
910,,,,28240,0.00030717908521182835
911,0.0003386175085324794,2.3325244455918437e-06,1.052365405485034e-06,28249,
911,0.00043775589438155293,3.2612713312119013e-06,1.0373977374911192e-06,28259,
911,0.0002073893992928788,2.0901513835269725e-06,7.703814048909408e-07,28269,
911,,,,28271,0.00030724576208740473
912,0.00020231990492902696,4.136543793720193e-06,9.516911063656153e-07,28279,
912,0.0003163039800710976,2.8644642497965833e-06,9.468464554629463e-07,28289,
912,0.0002515903324820101,2.0717084225907456e-06,8.758096328165266e-07,28299,
912,,,,28302,0.0003072957624681294
913,0.00038611097261309624,3.3951018849620596e-06,1.0290269756296766e-06,28309,
913,0.00020917238725814968,2.83117196886451e-06,8.746060302655678e-07,28319,
913,0.00024448230396956205,1.965532419490046e-06,7.843921707717527e-07,28329,
913,,,,28333,0.00030732358573004603
914,0.00036905150045640767,4.076480308867758e-06,1.0720875707193045e-06,28339,
914,0.0003246941778343171,3.139249884043238e-06,1.0132780516869389e-06,28349,
914,0.0002621309831738472,2.3976181182661094e-06,9.007919175019197e-07,28359,
914,,,,28364,0.00030733144376426935
915,0.00017944347928278148,3.7368420180428075e-06,7.861245876483736e-07,28369,
915,0.00017966875748243183,2.0582217530318303e-06,7.910481372164213e-07,28379,
915,0.00013911064888816327,2.3931290797918336e-06,7.636340910721628e-07,28389,
915,,,,28395,0.0003073349071200937
916,0.0003069432859774679,3.0221078759495867e-06,1.0124132359123905e-06,28399,
916,0.00022930373961571604,3.324784529468161e-06,9.302272019340307e-07,28409,
916,0.00029673438984900713,1.7872324633572134e-06,9.873260751191992e-07,28419,
916,,,,28426,0.00030734544270671904
917,0.00037282463745214045,5.621868240268668e-06,1.0482574452908011e-06,28429,
917,0.00024753910838626325,2.5586539322830504e-06,8.723918085706828e-07,28439,
917,0.0003153675061184913,2.3151412733568577e-06,1.014936856336135e-06,28449,
917,,,,28457,0.00030739352223463356
918,0.00032512348843738437,2.6111451916221995e-06,1.1628775382632739e-06,28459,
918,0.00026760544278658926,3.274915798101574e-06,8.445391017630755e-07,28469,
918,0.0003888698120135814,2.271131052111741e-06,1.0270944130752468e-06,28479,
918,,,,28488,0.00030747990240342915
919,0.000489860656671226,3.5441958061710466e-06,1.0608614502416458e-06,28489,
919,0.0003658049972727895,3.4926310945593286e-06,1.1177462511113845e-06,28499,
919,0.0003767698653973639,2.2091148821345996e-06,9.16848534870951e-07,28509,
919,0.001091381418518722,1.8652792732609669e-06,9.706716319612951e-09,28519,
919,,,,28519,0.00030760158551856875
920,0.0006378344842232764,3.77263972950459e-06,1.37032623115374e-06,28529,
920,0.0004198310198262334,2.244327333755791e-06,1.1350625754857901e-06,28539,
920,0.00029140879632905126,2.000620952458121e-06,1.1902258165719104e-06,28549,
920,,,,28550,0.0003077311848755926
921,0.0003386338648851961,2.6281595637556165e-06,1.0507695833439357e-06,28559,
921,0.0004386945511214435,2.5312428988399915e-06,1.0370757763666916e-06,28569,
921,0.00020686884818132967,1.9916558358090697e-06,7.684922707085207e-07,28579,
921,,,,28581,0.0003078541485592723
922,0.00020076338842045516,4.697444182966137e-06,9.477792559664522e-07,28589,
922,0.0003186445974279195,2.6884472390520386e-06,9.49748937273398e-07,28599,
922,0.0002505798765923828,2.5428569188079564e-06,8.736926133678935e-07,28609,
922,,,,28612,0.00030796913779340684
923,0.00038446628605015576,2.4648772978252964e-06,1.026197992359812e-06,28619,
923,0.00020960388064850122,2.397368689344148e-06,8.749237281335809e-07,28629,
923,0.0002443284320179373,1.809087166293466e-06,7.831147854631126e-07,28639,
923,,,,28643,0.00030807359144091606
924,0.0003645613032858819,5.907414561079349e-06,1.0676320698621566e-06,28649,
924,0.0003242477250751108,2.2164801976032322e-06,1.010223286357359e-06,28659,
924,0.00026010157307609916,2.4140076675394084e-06,8.96204426226177e-07,28669,
924,,,,28674,0.00030817417427897453
925,0.00017842616944108158,3.4308993690501666e-06,7.793188956384256e-07,28679,
925,0.0001802683837013319,2.169582103306311e-06,7.915413675618765e-07,28689,
925,0.00013846653746441007,2.4247419787570834e-06,7.613475645484868e-07,28699,
925,,,,28705,0.00030825872090645134
926,0.0003058750880882144,3.830300556728616e-06,1.0063778290714254e-06,28709,
926,0.00022903412173036486,2.6026777959486935e-06,9.283242548008275e-07,28719,
926,0.0002967563341371715,1.792629404917534e-06,9.855176585915615e-07,28729,
926,,,,28736,0.0003083046758547425
927,0.0003715276252478361,6.8157000896462705e-06,1.044592295329494e-06,28739,
927,0.00024720729561522603,3.391984137124382e-06,8.698831379660987e-07,28749,
927,0.0003128166135866195,2.1835674033354735e-06,1.0100100098497933e-06,28759,
927,,,,28767,0.00030826887814328074
928,0.00032345170620828867,2.597787215563585e-06,1.158761392616725e-06,28769,
928,0.00026678634458221495,3.7012393931945553e-06,8.432457434537355e-07,28779,
928,0.00038915275945328176,2.3922800664877286e-06,1.023867753247032e-06,28789,
928,,,,28798,0.0003080960887018591
929,0.0004901161300949752,4.644992714020191e-06,1.0614219263516134e-06,28799,
929,0.0003654211759567261,3.482400643406436e-06,1.1145511962240562e-06,28809,
929,0.00037574113230220973,2.1243442915874766e-06,9.142937642536708e-07,28819,
929,0.0010910090059041977,1.9897586298611714e-06,9.693818192602066e-09,28829,
929,,,,28829,0.0003077084256801754
930,0.0006368211470544338,5.369881819206057e-06,1.366921992485004e-06,28839,
930,0.00042069103801622987,2.287836423420231e-06,1.1342464176777867e-06,28849,
930,0.0002909749455284327,2.228244056823314e-06,1.1863971849379595e-06,28859,
930,,,,28860,0.0003070188395213336
931,0.0003385790914762765,2.6991890536010033e-06,1.0511158734516357e-06,28869,
931,0.00043861265294253826,2.900719209719682e-06,1.0366624110247358e-06,28879,
931,0.00020691317331511527,3.089216761509306e-06,7.662724783585873e-07,28889,
931,,,,28891,0.000306016969261691
932,0.0001991970493691042,4.2221522562613245e-06,9.444850093132118e-07,28899,
932,0.0003159375046379864,2.598124183350592e-06,9.438261372451962e-07,28909,
932,0.0002516212116461247,1.9651201910164673e-06,8.734222092243726e-07,28919,
932,,,,28922,0.0003049456572625786
933,0.0003855786344502121,5.8210312090523075e-06,1.026559402816929e-06,28929,
933,0.00021324785484466702,2.5817932964855572e-06,8.82040524174954e-07,28939,
933,0.000244353199377656,2.258062977489317e-06,7.810272109054495e-07,28949,
933,,,,28953,0.0003043041506316513
934,0.000363512517651543,2.8549950457090745e-06,1.0695339369704016e-06,28959,
934,0.00032401547650806606,2.9537527552747633e-06,1.009863126455457e-06,28969,
934,0.0002619021979626268,2.3786960809957236e-06,8.993229698717187e-07,28979,
934,,,,28984,0.00030421174596995115
935,0.00017562090943101794,4.80931339552626e-06,7.757070648040099e-07,28989,
935,0.0001810994144761935,1.9415165297687054e-06,7.925732461444568e-07,28999,
935,0.0001400258915964514,2.3283198515855474e-06,7.631083462911192e-07,29009,
935,,,,29015,0.00030419055838137865
936,0.0003020829171873629,2.4166372440959094e-06,1.0012162192651886e-06,29019,
936,0.00022897036978974938,3.357361947564641e-06,9.289634590459173e-07,29029,
936,0.0002965614839922637,1.8136628341380856e-06,9.858974863163894e-07,29039,
936,,,,29046,0.0003040785377379507
937,0.000367999222362414,5.513648375199409e-06,1.038314621837344e-06,29049,
937,0.0002470031031407416,2.3301395231101196e-06,8.718691901776765e-07,29059,
937,0.0003163781075272709,2.100305664498592e-06,1.017214003695699e-06,29069,
937,,,,29077,0.00030398881062865257
938,0.00032299288432113826,2.7776834485848667e-06,1.1603726761677535e-06,29079,
938,0.0002670191752258688,3.1692220545664895e-06,8.448527637483494e-07,29089,
938,0.00038895689067430794,2.3052075448504183e-06,1.025527808451443e-06,29099,
938,,,,29108,0.0003039501316379756
939,0.0004856351879425347,2.634933935041772e-06,1.0532762644288596e-06,29109,
939,0.00036494736559689045,3.5782090890279505e-06,1.1143048368467134e-06,29119,
939,0.00037656378117389977,2.1818680124852108e-06,9.166477639155346e-07,29129,
939,0.0010904906084761024,2.3877375951997237e-06,9.739822282028854e-09,29139,
939,,,,29139,0.0003039616858586669
940,0.0006361024570651352,3.2960317639663117e-06,1.369409460494353e-06,29149,
940,0.0004186474543530494,2.004152520385105e-06,1.1319060604364495e-06,29159,
940,0.00029114598874002695,1.675816406532249e-06,1.1894142062374158e-06,29169,
940,,,,29170,0.0003039908187929541
941,0.000338464742526412,2.7103581032861257e-06,1.0521026752030593e-06,29179,
941,0.00043909731903113425,2.76950299848977e-06,1.0370541758675245e-06,29189,
941,0.00020723875786643475,2.7070450414612424e-06,7.703038136241958e-07,29199,
941,,,,29201,0.00030402824631892145
942,0.00019778434943873435,3.312144372102921e-06,9.442843520446331e-07,29209,
942,0.0003155590093228966,2.3454824713553535e-06,9.451318305764289e-07,29219,
942,0.000250558223342523,1.8969878965435782e-06,8.743572266212141e-07,29229,
942,,,,29232,0.0003040560695808381
943,0.00038457862683571875,4.080220151081448e-06,1.0265240462103975e-06,29239,
943,0.00021202379139140248,2.5376352823514026e-06,8.809748237581516e-07,29249,
943,0.00024448070325888693,2.1455639398482163e-06,7.833293125258933e-07,29259,
943,,,,29263,0.00030408432940021157
944,0.00036222123890183866,3.167050863339682e-06,1.0688122529245447e-06,29269,
944,0.0003232507733628154,2.4614316771476297e-06,1.0095050129166339e-06,29279,
944,0.00026110128965228796,2.150060709027457e-06,8.989086950350611e-07,29289,
944,,,,29294,0.00030409960891120136
945,0.00017536376253701746,4.401883870741585e-06,7.759497293591266e-07,29299,
945,0.000180788294528611,1.9240465007897e-06,7.925344220893749e-07,29309,
945,0.00013917303294874728,2.3692948616371723e-06,7.62745798965625e-07,29319,
945,,,,29325,0.0003041212330572307
946,0.0003018199931830168,2.2981514575803885e-06,1.0010701316787163e-06,29329,
946,0.00022859849559608847,3.128902335447492e-06,9.283485837840999e-07,29339,
946,0.00029640932916663587,1.8070916212309385e-06,9.858540579443797e-07,29349,
946,,,,29356,0.00030413278727792203
947,0.00036788839497603476,5.6782737374305725e-06,1.0385917903477093e-06,29359,
947,0.00024658054462634027,2.2805290882388363e-06,8.713772672308551e-07,29369,
947,0.00031538534676656127,2.0492159364948748e-06,1.0152947425012826e-06,29379,
947,,,,29387,0.0003041472809854895
948,0.0003224327228963375,2.3190409592643846e-06,1.1591096154006664e-06,29389,
948,0.00026654647081159055,3.2105388072523056e-06,8.441011232207529e-07,29399,
948,0.0003886696358677,2.3959473764989525e-06,1.024944253913418e-06,29409,
948,,,,29418,0.00030415432411246
949,0.0004859555629082024,3.083510819124058e-06,1.0542433983573574e-06,29419,
949,0.00036456482484936714,3.3451074159529526e-06,1.1133148518638336e-06,29429,
949,0.00037588964914903045,2.1417388325062348e-06,9.152066695605754e-07,29439,
949,0.0010893024737015367,2.211002311014454e-06,9.725490635048573e-09,29449,
949,,,,29449,0.00030415778746828437
950,0.0006355929072014987,3.5623991152533563e-06,1.368058519801707e-06,29459,
950,0.00041868697735480964,2.0500613118201727e-06,1.1305719453957863e-06,29469,
950,0.00029076478676870465,1.8372726344750845e-06,1.1878066743520321e-06,29479,
950,,,,29480,0.0003041562740691006
951,0.0003380745474714786,2.498437879694393e-06,1.0510822221476701e-06,29489,
951,0.00043860962614417076,2.706097347981995e-06,1.0352813433200936e-06,29499,
951,0.00020676711574196815,2.570663355072611e-06,7.691605219406483e-07,29509,
951,,,,29511,0.00030414623324759305
952,0.0001975224440684542,3.7322949992812937e-06,9.438459755983786e-07,29519,
952,0.0003159309853799641,2.321159399798489e-06,9.454092264604697e-07,29529,
952,0.00025003679911606014,1.9333717773406534e-06,8.732732226235385e-07,29539,
952,,,,29542,0.000304128770949319
953,0.0003842830192297697,3.634840822996921e-06,1.0250319064653013e-06,29549,
953,0.00021165647194720805,2.5820977498369757e-06,8.794925747679372e-07,29559,
953,0.0002442023833282292,2.183761125706951e-06,7.829036121620447e-07,29569,
953,,,,29573,0.00030410412000492215
954,0.00036159579758532345,3.601436446842854e-06,1.0671661812011735e-06,29579,
954,0.00032290726085193455,2.3154357222665567e-06,1.0077512797579402e-06,29589,
954,0.00026063979021273553,2.0622826468752464e-06,8.97128586530016e-07,29599,
954,,,,29604,0.00030406954465433955
955,0.00017489530728198588,4.379579422675306e-06,7.745846346551843e-07,29609,
955,0.00018063031893689185,1.986940560527728e-06,7.914833304312197e-07,29619,
955,0.0001386030635330826,2.4223293166869553e-06,7.61196815801668e-07,29629,
955,,,,29635,0.000304028537357226
956,0.0003013217938132584,2.3307175069930963e-06,9.988847295971937e-07,29639,
956,0.0002282442437717691,3.0130688628560165e-06,9.268570124731923e-07,29649,
956,0.00029629949131049216,1.8440778148942627e-06,9.846722832662635e-07,29659,
956,,,,29666,0.00030398054514080286
957,0.0003672888269647956,5.8913205975841265e-06,1.0365155276303994e-06,29669,
957,0.00024630961706861854,2.3287964268092765e-06,8.701344995643012e-07,29679,
957,0.0003148093819618225,2.051967840088764e-06,1.0136008086192305e-06,29689,
957,,,,29697,0.0003039268485736102
958,0.0003220120561309159,2.2340589111990994e-06,1.1574690006455057e-06,29699,
958,0.00026632260414771736,3.191350742781651e-06,8.428760338574648e-07,29709,
958,0.0003884885227307677,2.4661796942382352e-06,1.023828076540667e-06,29719,
958,,,,29728,0.00030386808793991804
959,0.00048570227227173746,3.2878760976018384e-06,1.0532929763940047e-06,29729,
959,0.00036420911783352494,3.340034254506463e-06,1.1118298743895139e-06,29739,
959,0.00037546170642599463,2.142348421330098e-06,9.137181677942863e-07,29749,
959,0.0010883918730542064,2.3033915113046532e-06,9.717652460494719e-09,29759,
959,,,,29759,0.000303809269098565
960,0.0006350947078317404,3.603183131417609e-06,1.3666143559021293e-06,29769,
960,0.00041844978113658726,2.0372415292513324e-06,1.1286213066341588e-06,29779,
960,0.00029045826522633433,1.862109343164775e-06,1.1862900919368258e-06,29789,
960,,,,29790,0.00030374672496691346
961,0.00033784809056669474,2.500500613678014e-06,1.0501962606213056e-06,29799,
961,0.0004384467611089349,2.6975567379849963e-06,1.0338053471059538e-06,29809,
961,0.0002064735599560663,2.618866574266576e-06,7.68121310557035e-07,29819,
961,,,,29821,0.0003036845300812274
962,0.00019696098752319813,3.7537629395956174e-06,9.423295637134288e-07,29829,
962,0.00031562388176098466,2.2856982013763627e-06,9.443701287636941e-07,29839,
962,0.0002496893284842372,1.8863132709157071e-06,8.72267150953121e-07,29849,
962,,,,29852,0.0003036244015675038
963,0.0003841257421299815,3.654450893009198e-06,1.02388980849355e-06,29859,
963,0.00021144004131201655,2.6122747840418015e-06,8.782118356975843e-07,29869,
963,0.00024396387743763626,2.203720441684709e-06,7.820743235242844e-07,29879,
963,,,,29883,0.0003035654663108289
964,0.00036101503064855933,3.531324182404205e-06,1.0660986617949675e-06,29889,
964,0.0003226754197385162,2.2974395506025758e-06,1.0062548199130106e-06,29899,
964,0.0002604074834380299,2.0420966393430717e-06,8.959103183769912e-07,29909,
964,,,,29914,0.000303509907098487
965,0.00017411804583389312,4.400308171170764e-06,7.725829505034199e-07,29919,
965,0.00018036100664176047,2.0021468571940204e-06,7.901753065198136e-07,29929,
965,0.00013831237447448075,2.384118033660343e-06,7.600738740620727e-07,29939,
965,,,,29945,0.0003034568508155644
966,0.00030059408163651824,2.251901605632156e-06,9.964796845451929e-07,29949,
966,0.00022797069686930627,3.027209231731831e-06,9.258058071281994e-07,29959,
966,0.00029602862196043134,1.8795719824993284e-06,9.83309291768819e-07,29969,
966,,,,29976,0.0003034058026969433
967,0.00036645596264861524,5.7481984185869806e-06,1.0341632332711015e-06,29979,
967,0.000245974981226027,2.2865815481054597e-06,8.690724371263059e-07,29989,
967,0.0003147038514725864,2.0562176814564737e-06,1.013013388728723e-06,29999,
967,,,,30007,0.0003033602552022785
968,0.0003217461926396936,2.2355613964464283e-06,1.1562369763851166e-06,30009,
968,0.00026616035029292107,3.0986664114607265e-06,8.417974868279998e-07,30019,
968,0.00038829227560199797,2.484504648236907e-06,1.0230568250335637e-06,30029,
968,,,,30038,0.0003033126413356513
969,0.0004851988924201578,3.1917770684231073e-06,1.0518458566366462e-06,30039,
969,0.00036392544279806316,3.3534809062985005e-06,1.110645143853617e-06,30049,
969,0.0003751481417566538,2.1636012661474524e-06,9.124967164098052e-07,30059,
969,0.0010874588042497635,2.441913011352881e-06,9.714907100999426e-09,30069,
969,,,,30069,0.00030327244894579053
970,0.0006345875444822013,3.4748907182802213e-06,1.3653285577674978e-06,30079,
970,0.0004180322866886854,1.9867406990670133e-06,1.1267918580415426e-06,30089,
970,0.00029021131922490895,1.8185024828198948e-06,1.185168571282702e-06,30099,
970,,,,30100,0.0003032298991456628
971,0.0003376868844497949,2.497085688446532e-06,1.0494878779354622e-06,30109,
971,0.0004382531624287367,2.6907182473223656e-06,1.0324356480850838e-06,30119,
971,0.00020623227464966476,2.613203605505987e-06,7.6737808285543e-07,30129,
971,,,,30131,0.0003031907544936985
972,0.00019643302948679775,3.6779165384359658e-06,9.40863799314684e-07,30139,
972,0.0003152142162434757,2.249035560453194e-06,9.4324263955059e-07,30149,
972,0.00024933437816798687,1.8373947341387975e-06,8.71486349751649e-07,30159,
972,,,,30162,0.0003031515225302428
973,0.0003839965502265841,3.5480502447171602e-06,1.022894934976648e-06,30169,
973,0.0002110291097778827,2.6224781777273165e-06,8.766439236751467e-07,30179,
973,0.00024368317099288106,2.171664846173371e-06,7.812594731149147e-07,30189,
973,,,,30193,0.0003031131636817008
974,0.0003605354577302933,3.4889933431259124e-06,1.065110154740978e-06,30199,
974,0.00032247931812889874,2.2647470814263215e-06,1.004866135190241e-06,30209,
974,0.00026007863925769925,2.0218776626279578e-06,8.946146294874779e-07,30219,
974,,,,30224,0.0003030749794561416
975,0.00017351369024254382,4.298560725146672e-06,7.708558769081719e-07,30229,
975,0.000180000439286232,2.0210225102346158e-06,7.8876337283873e-07,30239,
975,0.0001379901368636638,2.338335207241471e-06,7.589793540319079e-07,30249,
975,,,,30255,0.00030303612584248185
976,0.0003000067954417318,2.2104957224655664e-06,9.94217998595559e-07,30259,
976,0.00022772209194954485,2.9862230803701095e-06,9.248379342352564e-07,30269,
976,0.0002957072574645281,1.9056238897974254e-06,9.81870584837452e-07,30279,
976,,,,30286,0.00030299744685180485
977,0.00036574245314113796,5.6103153838193975e-06,1.0321047057004762e-06,30289,
977,0.0002456411602906883,2.2798683403379982e-06,8.679094776198326e-07,30299,
977,0.0003144426445942372,2.0638688056351384e-06,1.0121660807271837e-06,30309,
977,,,,30317,0.00030295891338028014
978,0.00032154633663594723,2.2027563773008296e-06,1.1549988130354905e-06,30319,
978,0.00026598520344123244,3.003618303409894e-06,8.406336178268248e-07,30329,
978,0.000388073967769742,2.5042786546691786e-06,1.0222870514553506e-06,30339,
978,,,,30348,0.00030291968141682446
979,0.00048488492029719055,3.17493186230422e-06,1.0506654462005827e-06,30349,
979,0.0003637207264546305,3.357914920343319e-06,1.1095316949649714e-06,30359,
979,0.0003747762821149081,2.188260395996622e-06,9.111136591855029e-07,30369,
979,0.0010864753276109695,2.5799513423407916e-06,9.710589665701264e-09,30379,
979,,,,30379,0.0003028819046448916
980,0.0006340768886730075,3.4011250136245508e-06,1.3638976952279336e-06,30389,
980,0.0004176432266831398,1.9588940176618053e-06,1.1250095894865808e-06,30399,
980,0.0002899356768466532,1.8007340258918703e-06,1.183899371426378e-06,30409,
980,,,,30410,0.000302840955555439
981,0.00033752384479157627,2.4676064640516415e-06,1.0486681958354893e-06,30419,
981,0.0004379941092338413,2.680653551578871e-06,1.0310039897376555e-06,30429,
981,0.00020596168178599328,2.59591229223588e-06,7.66453069900308e-07,30439,
981,,,,30441,0.00030280204373411834
982,0.00019600182713475078,3.6741901112691266e-06,9.393585287398309e-07,30449,
982,0.0003149059193674475,2.222620651082252e-06,9.422236644240911e-07,30459,
982,0.0002489870530553162,1.8011271549767116e-06,8.705886784809991e-07,30469,
982,,,,30472,0.0003027637139894068
983,0.0003838607808575034,3.433430265431525e-06,1.0218550414720085e-06,30479,
983,0.00021063299209345132,2.644689402586664e-06,8.750012057134882e-07,30489,
983,0.0002433519985061139,2.1420794382720487e-06,7.80324569404911e-07,30499,
983,,,,30503,0.00030272119329310954
984,0.0003600938362069428,3.4751524253806565e-06,1.0640748087098473e-06,30509,
984,0.0003222977975383401,2.238906517959549e-06,1.0034411843662383e-06,30519,
984,0.0002597368147689849,2.0158411189186154e-06,8.932380524129258e-07,30529,
984,,,,30534,0.0003026863560080528
985,0.00017295690486207604,4.229695605317829e-06,7.690937877669057e-07,30539,
985,0.0001796376018319279,2.049557679129066e-06,7.873164236116281e-07,30549,
985,0.0001376451546093449,2.2909789549885318e-06,7.57799057282682e-07,30559,
985,,,,30565,0.000302641827147454
986,0.000299521692795679,2.172769200114999e-06,9.919946251102374e-07,30569,
986,0.00022750846983399242,2.9624181934195803e-06,9.23952711673337e-07,30579,
986,0.0002954109222628176,1.936805119839846e-06,9.80393110694422e-07,30589,
986,,,,30596,0.00030260763014666736
987,0.00036503453156910837,5.490518560691271e-06,1.0299902442056919e-06,30599,
987,0.0002453017223160714,2.2799863472755533e-06,8.666568760418158e-07,30609,
987,0.0003141404886264354,2.075079464702867e-06,1.0112952395502361e-06,30619,
987,,,,30627,0.00030256534228101373
988,0.00032141656265594065,2.1904256755078677e-06,1.1537847512954613e-06,30629,
988,0.0002658408775459975,2.928320100181736e-06,8.394218298235501e-07,30639,
988,0.00038786442019045353,2.5236620331270387e-06,1.0215294423687737e-06,30649,
988,,,,30658,0.00030252969008870423
989,0.000484585267258808,3.1381969165522605e-06,1.0493763511476573e-06,30659,
989,0.000363588216714561,3.3660464850981953e-06,1.108501123781025e-06,30669,
989,0.00037441434687934816,2.2230685772228753e-06,9.096763733396074e-07,30679,
989,0.001085484866052866,2.7510820928000612e-06,9.707030734773525e-09,30689,
989,,,,30689,0.00030248917755670846
990,0.0006335795624181628,3.3359222015860723e-06,1.3624429584524478e-06,30699,
990,0.0004172226181253791,1.927367065945873e-06,1.1232610859224224e-06,30709,
990,0.00028965750243514776,1.776613885340339e-06,1.1826042509710533e-06,30719,
990,,,,30720,0.0003024529723916203
991,0.0003373859217390418,2.439554464217508e-06,1.0478806871105917e-06,30729,
991,0.0004377049917820841,2.6764894300868036e-06,1.0295669881088543e-06,30739,
991,0.00020570578635670245,2.57983515439264e-06,7.655066838196944e-07,30749,
991,,,,30751,0.000302414468023926
992,0.00019561841327231377,3.6643407383962767e-06,9.37701315706363e-07,30759,
992,0.00031459383899345994,2.1973801267449744e-06,9.412013923792983e-07,30769,
992,0.00024867142201401293,1.7697893781587481e-06,8.69674352088623e-07,30779,
992,,,,30782,0.0003023782919626683
993,0.00038371130358427763,3.3442927360738395e-06,1.0208459571003914e-06,30789,
993,0.00021021866996306926,2.6694538064475637e-06,8.732268952371669e-07,30799,
993,0.00024297599156852812,2.0998668333049864e-06,7.792895644342934e-07,30809,
993,,,,30813,0.00030234039877541363
994,0.0003597113536670804,3.442499291850254e-06,1.0631044915498933e-06,30819,
994,0.00032214540988206863,2.2294702830549795e-06,1.002061821964162e-06,30829,
994,0.00025937918690033257,2.025223921009456e-06,8.918679554881237e-07,30839,
994,,,,30844,0.0003023064637091011
995,0.0001724256871966645,4.162859113421291e-06,7.672928745705576e-07,30849,
995,0.00017922841652762145,2.0779232272616355e-06,7.857844366299105e-07,30859,
995,0.0001373000704916194,2.235334022770985e-06,7.566073350062652e-07,30869,
995,,,,30875,0.00030226941453292966
996,0.0002991306537296623,2.1393532279034844e-06,9.89842192211654e-07,30879,
996,0.00022732341312803328,2.950135922219488e-06,9.231724220626347e-07,30889,
996,0.00029510699096135795,1.967790694834548e-06,9.788640227270662e-07,30899,
996,,,,30906,0.00030223422800190747
997,0.00036432468914426863,5.3518842833000235e-06,1.0278889703840832e-06,30909,
997,0.0002449435123708099,2.281415845573065e-06,8.653352097098832e-07,30919,
997,0.0003138018655590713,2.0912818854412762e-06,1.0104040484293364e-06,30929,
997,,,,30937,0.00030219979817047715
998,0.00032136915251612663,2.1864077552891104e-06,1.1525943364176783e-06,30939,
998,0.00026571418857201934,2.865548140107421e-06,8.381589395867195e-07,30949,
998,0.0003876631089951843,2.535508656364982e-06,1.0208117373622372e-06,30959,
998,,,,30968,0.0003021649899892509
999,0.000484321266412735,3.0905482617527014e-06,1.0480472383278538e-06,30969,
999,0.0003635243629105389,3.3708590763126267e-06,1.107585489990015e-06,30979,
999,0.0003740502579603344,2.2670512862532632e-06,9.081754228645877e-07,30989,
999,0.0010844834614545107,2.9298905701580225e-06,9.703866155064134e-09,30999,
999,,,,30999,0.0003021303564310074
