epoch,loss,skeleton,smooth,step,val_loss
0,0.30419039726257324,0.12041842937469482,1.8792056266647705e-07,9,
0,0.2426692247390747,0.04307819530367851,3.326912576540053e-07,19,
0,0.14231888949871063,0.023342667147517204,4.18265869939205e-07,29,
0,,,,30,0.12484344094991684
1,0.06751257181167603,0.015350177884101868,6.921054023223405e-07,39,
1,0.03694497048854828,0.010827737860381603,9.859079455054598e-07,49,
1,0.0316183939576149,0.008207864128053188,1.1361340739313164e-06,59,
1,,,,61,0.030555833131074905
2,0.02875363826751709,0.005718830041587353,1.0993037449225085e-06,69,
2,0.02739914506673813,0.004399334080517292,1.184130042020115e-06,79,
2,0.024455932900309563,0.003982778638601303,1.1673424751279526e-06,89,
2,,,,92,0.023559678345918655
3,0.022527266293764114,0.00390394008718431,1.266583922188147e-06,99,
3,0.019938485696911812,0.003600289346650243,1.3173882962291827e-06,109,
3,0.01616743393242359,0.003295464441180229,1.395641447743401e-06,119,
3,,,,123,0.01575491763651371
4,0.015037532895803452,0.0033389737363904715,1.444695385544037e-06,129,
4,0.012359716929495335,0.003097137901932001,1.4931994201106136e-06,139,
4,0.010018645785748959,0.0027682834770530462,1.5512603113165824e-06,149,
4,,,,154,0.009320096112787724
5,0.008676407858729362,0.002676003845408559,1.5453588275704533e-06,159,
5,0.007010931149125099,0.002519875066354871,1.5975665519363247e-06,169,
5,0.006195058114826679,0.002293009078130126,1.712394691821828e-06,179,
5,,,,185,0.00558122806251049
6,0.005441207904368639,0.0021231968421489,1.7529505385027733e-06,189,
6,0.00479527423158288,0.0020063137635588646,1.7121691371357883e-06,199,
6,0.004249392542988062,0.0018774106865748763,1.6968111822279752e-06,209,
6,,,,216,0.004061104264110327
7,0.00417849887162447,0.0017056515207514167,1.879104161162104e-06,219,
7,0.0037379865534603596,0.001548855914734304,1.8782327515509678e-06,229,
7,0.003464957233518362,0.0014586943434551358,1.872764869403909e-06,239,
7,,,,247,0.0033860327675938606
8,0.003421210218220949,0.001435278682038188,1.962441729119746e-06,249,
8,0.003256900003179908,0.001357828383333981,1.9168996914231684e-06,259,
8,0.00312988949008286,0.0013055969029664993,1.998598236241378e-06,269,
8,,,,278,0.0029750068206340075
9,0.0029747462831437588,0.0012427056208252907,1.93861274055962e-06,279,
9,0.00290058646351099,0.0011678356677293777,1.961603402378387e-06,289,
9,0.0027878631372004747,0.0010088126873597503,2.093714329021168e-06,299,
9,0.0023472702596336603,0.0010551539016887546,1.0962245333701048e-08,309,
9,,,,309,0.002670947927981615
10,0.0025788305792957544,0.0009222486987709999,2.0967156615370186e-06,319,
10,0.002487367019057274,0.0009454665705561638,2.0291286091378424e-06,329,
10,0.002460310235619545,0.0009011926013045013,2.013832045122399e-06,339,
10,,,,340,0.002424060832709074
11,0.00241993460804224,0.0008487410959787667,2.055743379969499e-06,349,
11,0.002319824416190386,0.0007890660199336708,2.0757918264280306e-06,359,
11,0.00227345060557127,0.0006996919400990009,2.136038119715522e-06,369,
11,,,,371,0.002214260632172227
12,0.0021564194466918707,0.0007130850572139025,2.078549869111157e-06,379,
12,0.002084745792672038,0.0006338056991808116,2.1614691831928212e-06,389,
12,0.002060930011793971,0.0006424572202377021,2.0646143639169168e-06,399,
12,,,,402,0.0020315973088145256
13,0.001975898165255785,0.0006435918039642274,2.1202110929152695e-06,409,
13,0.001945880358107388,0.0006097175646573305,2.085110509142396e-06,419,
13,0.001905649434775114,0.0005476269288919866,2.104902705468703e-06,429,
13,,,,433,0.0018704396206885576
14,0.0018922013696283102,0.0005567015614360571,2.133735733877984e-06,439,
14,0.001796797732822597,0.0005260278121568263,2.1144410311535466e-06,449,
14,0.0017343154177069664,0.0004900307394564152,2.0875704649370164e-06,459,
14,,,,464,0.0017273543635383248
15,0.0017242300091311336,0.0004849541874136776,2.0713373487524223e-06,469,
15,0.0016334824031218886,0.0004808914090972394,2.0207376110192854e-06,479,
15,0.0016341349110007286,0.00044400079059414566,2.0498785033851163e-06,489,
15,,,,495,0.0016001795884221792
16,0.0016140633961185813,0.00041451581637375057,2.078303623420652e-06,499,
16,0.0015337683726102114,0.00040139449993148446,1.9834924387396313e-06,509,
16,0.001490301568992436,0.00039507547626271844,1.936551143444376e-06,519,
16,,,,526,0.0014871370512992144
17,0.0015068486100062728,0.0003709313168656081,2.041896095761331e-06,529,
17,0.0014427918940782547,0.0003290808235760778,2.018802888414939e-06,539,
17,0.0013907838147133589,0.000328311522025615,1.9591086584114237e-06,549,
17,,,,557,0.0013866206863895059
18,0.001391482655890286,0.0003419264394324273,1.990536247831187e-06,559,
18,0.0013709352351725101,0.0003296006179880351,1.9371691450942308e-06,569,
18,0.0013330201618373394,0.00034568319097161293,1.9311460164317396e-06,579,
18,,,,588,0.001297385198995471
19,0.0013064532540738583,0.0003301760589238256,1.8893740616476862e-06,589,
19,0.0013063865480944514,0.000311835523461923,1.8769766256809817e-06,599,
19,0.0012478873832151294,0.0002689360117074102,1.9019180399482138e-06,609,
19,0.0010692283976823092,0.00025021808687597513,1.0521983284661474e-08,619,
19,,,,619,0.0012180896010249853
20,0.0011924875434488058,0.00025978119811043143,1.830568407967803e-06,629,
20,0.0011833159951493144,0.00029064263799227774,1.7602363868718385e-06,639,
20,0.0011663995683193207,0.00027106606285087764,1.7319040352958837e-06,649,
20,,,,650,0.0011473604245111346
21,0.0011595619143918157,0.0002618720754981041,1.7583108729013475e-06,659,
21,0.0011175288818776608,0.00024222531646955758,1.7272445802518632e-06,669,
21,0.0011065227445214987,0.00021827650198247284,1.7258554407817428e-06,679,
21,,,,681,0.0010839718161150813
22,0.00105956697370857,0.00022622491815127432,1.6615939557595993e-06,689,
22,0.0010407170047983527,0.00020175236568320543,1.6708269185983227e-06,699,
22,0.0010332603706046939,0.00020789149857591838,1.608283582754666e-06,709,
22,,,,712,0.001026900252327323
23,0.0010087484261021018,0.0002233220002381131,1.6191496570172603e-06,719,
23,0.0009991583647206426,0.000210396436159499,1.5785030882398132e-06,729,
23,0.000973098271060735,0.00019790188525803387,1.5544646885246038e-06,739,
23,,,,743,0.0009752893820405006
24,0.0009894334943965077,0.0002027892041951418,1.5812049696251052e-06,749,
24,0.0009516102145425975,0.00018837263633031398,1.5588507267239038e-06,759,
24,0.0009234119788743556,0.00018898530106525868,1.4902512930348166e-06,769,
24,,,,774,0.0009283989784307778
25,0.0009289866429753602,0.0001805713982321322,1.5091824252522201e-06,779,
25,0.0008994984673336148,0.00019026524387300014,1.4311666518551647e-06,789,
25,0.0008986725588329136,0.000187614350579679,1.4310251117422013e-06,799,
25,,,,805,0.0008855981286615133
26,0.0008878847002051771,0.0001674128434387967,1.4493496109935222e-06,809,
26,0.0008614861289970577,0.00016020427574403584,1.3628762189910049e-06,819,
26,0.0008546130848117173,0.00016296160174533725,1.3358441037780722e-06,829,
26,,,,836,0.0008463620324619114
27,0.0008537867106497288,0.00016500818310305476,1.3887301975046284e-06,839,
27,0.0008264025091193616,0.00013685975864063948,1.3463733239404974e-06,849,
27,0.0008120617130771279,0.00014183015446178615,1.299404289056838e-06,859,
27,,,,867,0.0008102476713247597
28,0.000814215571153909,0.00015349900058936328,1.326257006439846e-06,869,
28,0.00080204161349684,0.00014832851593382657,1.2903874448966235e-06,879,
28,0.0007920533535070717,0.00016765976033639163,1.2791405197276617e-06,889,
28,,,,898,0.0007768802461214364
29,0.0007878378382883966,0.00015327635628636926,1.2658359764827765e-06,899,
29,0.0007924105157144368,0.0001485156681155786,1.2426335160853341e-06,909,
29,0.0007532297750003636,0.00013545491674449295,1.2185766991024138e-06,919,
29,0.0006803054129704833,7.653061766177416e-05,6.679577779777901e-09,929,
29,,,,929,0.000745955971069634
30,0.0007380620809271932,0.00012821031850762665,1.1685665413097013e-06,939,
30,0.000740059360396117,0.00015174213331192732,1.1433203326305375e-06,949,
30,0.0007305932231247425,0.00013851255062036216,1.121552600125142e-06,959,
30,,,,960,0.0007172136101871729
31,0.0007301647565327585,0.00013583307736553252,1.1506263035698794e-06,969,
31,0.000702476070728153,0.00012905891344416887,1.1026495485566556e-06,979,
31,0.00070284801768139,0.0001200102487928234,1.0876702845052932e-06,989,
31,,,,991,0.0006904261535964906
32,0.0006747207371518016,0.00012301209790166467,1.0445501175126992e-06,999,
32,0.0006726718856953084,0.00011317262396914884,1.03333400147676e-06,1009,
32,0.0006676922785118222,0.00011444444680819288,1.009181914923829e-06,1019,
32,,,,1022,0.0006654133321717381
33,0.0006613234872929752,0.00012778017844539136,1.0123258107341826e-06,1029,
33,0.0006534812273457646,0.00011966507736360654,9.84237544798816e-07,1039,
33,0.0006330844480544329,0.00011879417434101924,9.670069403000525e-07,1049,
33,,,,1053,0.0006420144927687943
34,0.0006487478967756033,0.00012198535114293918,9.887189662549645e-07,1059,
34,0.0006322413100861013,0.00010942434164462611,9.701844874143717e-07,1069,
34,0.0006131744594313204,0.00011540107516339049,9.186283591589017e-07,1079,
34,,,,1084,0.0006200795178301632
35,0.0006199717172421515,0.00010834907152457163,9.440864232601598e-07,1089,
35,0.0006066835485398769,0.00011510530021041632,8.801287663118273e-07,1099,
35,0.0006057310965843499,0.00011719576286850497,8.938816904446867e-07,1109,
35,,,,1115,0.0005994708044454455
36,0.0005972653743810952,0.00010380087041994557,8.95575112735969e-07,1119,
36,0.0005857405485585332,9.959974704543129e-05,8.349953191100212e-07,1129,
36,0.0005893281777389348,0.00010168791050091386,8.33742490158329e-07,1139,
36,,,,1146,0.0005800501094199717
37,0.0005828350549563766,0.000105650418845471,8.646147193758225e-07,1149,
37,0.0005662170588038862,8.844588592182845e-05,8.168275940079184e-07,1159,
37,0.0005640828749164939,9.219900675816461e-05,7.938276667118771e-07,1169,
37,,,,1177,0.0005616886774078012
38,0.000565422757063061,9.985147335100919e-05,8.240504598688858e-07,1179,
38,0.0005539117846637964,9.57608936005272e-05,7.951559268803976e-07,1189,
38,0.000551376142539084,0.0001107456992031075,8.075454616118805e-07,1199,
38,,,,1208,0.0005442950641736388
39,0.0005531115457415581,0.00010019345063483343,7.985510706021159e-07,1209,
39,0.0005588073399849236,9.822767606237903e-05,7.785392881487496e-07,1219,
39,0.0005280371988192201,9.134494757745415e-05,7.470792411368166e-07,1229,
39,0.0005031389882788062,3.882340752170421e-05,3.848301677322752e-09,1239,
39,,,,1239,0.0005278115859255195
40,0.0005226592184044421,8.553953375667334e-05,7.180273655649216e-07,1249,
40,0.0005297470488585532,0.00010137997014680877,7.246919722092571e-07,1259,
40,0.0005214231205172837,9.346819570055231e-05,7.101554047039826e-07,1269,
40,,,,1270,0.0005121748545207083
41,0.0005210732924751937,9.169650002149865e-05,7.345088874899375e-07,1279,
41,0.0005001664976589382,8.913965575629845e-05,6.945967925275909e-07,1289,
41,0.0005055844085291028,8.242087642429397e-05,6.752553645128501e-07,1299,
41,,,,1301,0.0004972996539436281
42,0.000487531564431265,8.49512216518633e-05,6.532874863296456e-07,1309,
42,0.00048796136979945004,7.732189988018945e-05,6.444464020205487e-07,1319,
42,0.00048422979307360947,7.916503818705678e-05,6.327882715595479e-07,1329,
42,,,,1332,0.0004830897960346192
43,0.00048503821017220616,8.788868581177667e-05,6.418533189389564e-07,1339,
43,0.00047613788046874106,8.296297892229632e-05,6.253934543565265e-07,1349,
43,0.0004587666189763695,8.313901344081387e-05,6.159932013360958e-07,1359,
43,,,,1363,0.00046944484347477555
44,0.00046839180868119,8.597954729339108e-05,6.321130854303192e-07,1369,
44,0.00046392137301154435,7.773701508995146e-05,6.173795554786921e-07,1379,
44,0.0004496722831390798,8.113979129120708e-05,5.866791639164148e-07,1389,
44,,,,1394,0.00045626130304299295
45,0.0004536412889137864,7.693165389355272e-05,6.070251288292638e-07,1399,
45,0.0004459064221009612,8.089868788374588e-05,5.647246439366427e-07,1409,
45,0.00044737767893821,8.233434346038848e-05,5.860223950548971e-07,1419,
45,,,,1425,0.0004434402217157185
46,0.0004392538103275001,7.373998960247263e-05,5.773317184321058e-07,1429,
46,0.0004324021574575454,7.06683931639418e-05,5.405459546636848e-07,1439,
46,0.0004378617159090936,7.351484964601696e-05,5.508155709321727e-07,1449,
46,,,,1456,0.00043091035331599414
47,0.0004323992761783302,7.510787690989673e-05,5.711304993383237e-07,1459,
47,0.0004185250436421484,6.477323040599003e-05,5.299494318933284e-07,1469,
47,0.0004233836953062564,6.656032928731292e-05,5.21928598118393e-07,1479,
47,,,,1487,0.00041865126695483923
48,0.00042130405199714005,7.257024844875559e-05,5.470380983751966e-07,1489,
48,0.00041092440369538963,6.855667743366212e-05,5.244922931524343e-07,1499,
48,0.0004104950639884919,8.193915709853172e-05,5.514090730684984e-07,1509,
48,,,,1518,0.0004067044937983155
49,0.0004124094557482749,7.420254405587912e-05,5.410824428508931e-07,1519,
49,0.00041729211807250977,7.222646672744304e-05,5.299420990922954e-07,1529,
49,0.000393119640648365,6.775426300009713e-05,4.980358880857239e-07,1539,
49,0.0003870903165079653,3.2303745683748275e-05,2.5140958204161734e-09,1549,
49,,,,1549,0.0003951178805436939
50,0.00039227044908329844,6.33355593890883e-05,4.831708224628528e-07,1559,
50,0.000397080642869696,7.39300885470584e-05,4.994280971004628e-07,1569,
50,0.00039369400474242866,6.93287220201455e-05,4.949460503667069e-07,1579,
50,,,,1580,0.0003838930861093104
51,0.0003897260467056185,6.840683636255562e-05,5.105190439280705e-07,1589,
51,0.00037304003490135074,6.721615500282496e-05,4.810856353287818e-07,1599,
51,0.00038086477434262633,6.141322228359058e-05,4.635727748336649e-07,1609,
51,,,,1611,0.0003730033349711448
52,0.00036896372330375016,6.485559424618259e-05,4.528908164047607e-07,1619,
52,0.0003696721396408975,5.833213435835205e-05,4.484727469389327e-07,1629,
52,0.0003681302769109607,5.948877878836356e-05,4.410250937780802e-07,1639,
52,,,,1642,0.00036243509384803474
53,0.0003678585635498166,6.533652049256489e-05,4.5264735604177986e-07,1649,
53,0.0003610796120483428,6.364384171320125e-05,4.4453642544795e-07,1659,
53,0.00034413483808748424,6.263513205340132e-05,4.403448485845729e-07,1669,
53,,,,1673,0.00035219878191128373
54,0.0003476865531411022,6.591028795810416e-05,4.5038305529487843e-07,1679,
54,0.00035076189669780433,5.9967831475660205e-05,4.3889914991268597e-07,1689,
54,0.0003400617279112339,6.048796421964653e-05,4.2263329191882804e-07,1699,
54,,,,1704,0.00034231768222525716
55,0.00034263948327861726,5.95815472479444e-05,4.3515890979506366e-07,1709,
55,0.00033576611895114183,6.13705997238867e-05,4.088354899067781e-07,1719,
55,0.0003384911979082972,6.07790207141079e-05,4.2892582996501005e-07,1729,
55,,,,1735,0.0003328010789118707
56,0.0003316815127618611,5.6405540817650035e-05,4.184019530839578e-07,1739,
56,0.00032475742045789957,5.514077565749176e-05,3.969777253587381e-07,1749,
56,0.0003297048679087311,5.710012192139402e-05,4.0732368233875604e-07,1759,
56,,,,1766,0.0003236584016121924
57,0.0003280950477346778,5.693536877515726e-05,4.227736667417048e-07,1769,
57,0.0003116352017968893,5.237866935203783e-05,3.90353619650341e-07,1779,
57,0.00032427714904770255,5.2338287787279114e-05,3.909569556981296e-07,1789,
57,,,,1797,0.0003148952382616699
58,0.0003173101576976478,5.5937154684215784e-05,4.0617240415485867e-07,1799,
58,0.0003089063975494355,5.3838455642107874e-05,3.892194229138113e-07,1809,
58,0.0003101640322711319,6.435711839003488e-05,4.2327991423007916e-07,1819,
58,,,,1828,0.00030651368433609605
59,0.0003098715969827026,5.88721850363072e-05,4.0922805055743083e-07,1829,
59,0.0003137636522296816,5.735707964049652e-05,4.059866967054404e-07,1839,
59,0.0002939656551461667,5.266070002107881e-05,3.773839978293836e-07,1849,
59,0.00028490900876931846,3.272607864346355e-05,2.0459043348353134e-09,1859,
59,,,,1859,0.0002985191822517663
60,0.00030016095843166113,5.0980957894353196e-05,3.678872531054367e-07,1869,
60,0.00029855029424652457,5.679322566720657e-05,3.8560355619665643e-07,1879,
60,0.0003030646767001599,5.4783973610028625e-05,3.871224976137455e-07,1889,
60,,,,1890,0.0002909116738010198
61,0.0002952382492367178,5.5120526667451486e-05,3.963397432471538e-07,1899,
61,0.00028097888571210206,5.396820051828399e-05,3.750843120542413e-07,1909,
61,0.00029000313952565193,4.885671296506189e-05,3.5736135828301485e-07,1919,
61,,,,1921,0.00028366560582071543
62,0.000282327615423128,5.2951127145206556e-05,3.5478458926263556e-07,1929,
62,0.000283316767308861,4.6810782805550843e-05,3.508060331114393e-07,1939,
62,0.0002851067401934415,4.70998311357107e-05,3.449209486916516e-07,1949,
62,,,,1952,0.00027670650160871446
63,0.00028139204368926585,5.36154730070848e-05,3.5743315152103605e-07,1959,
63,0.00027803226839751005,5.134670209372416e-05,3.5414618082540983e-07,1969,
63,0.00026190272183157504,4.92606486659497e-05,3.526006366882939e-07,1979,
63,,,,1983,0.00026993665960617363
64,0.0002642014587763697,5.262864942778833e-05,3.588332617709966e-07,1989,
64,0.0002732684661168605,4.8183483158936724e-05,3.4746582855404995e-07,1999,
64,0.00026285919011570513,4.842771159019321e-05,3.3966395562856633e-07,2009,
64,,,,2014,0.00026331766275689006
65,0.00026535324286669493,4.9853722885018215e-05,3.465108591171884e-07,2019,
65,0.0002591419324744493,4.852621350437403e-05,3.2858847021088877e-07,2029,
65,0.00026215723482891917,4.7728928620927036e-05,3.453514523243939e-07,2039,
65,,,,2045,0.0002568757045082748
66,0.00025738560361787677,4.5839082304155454e-05,3.373079664470424e-07,2049,
66,0.00025122053921222687,4.625971268978901e-05,3.243421531351487e-07,2059,
66,0.0002551154757384211,4.663783693104051e-05,3.297335524621303e-07,2069,
66,,,,2076,0.0002506202145013958
67,0.00025652485783211887,4.6678422222612426e-05,3.421906171752198e-07,2079,
67,0.00024130164820235223,4.330777665018104e-05,3.1777747722117056e-07,2089,
67,0.000253551930654794,4.3115105654578656e-05,3.206447161119286e-07,2099,
67,,,,2107,0.0002445231075398624
68,0.0002466041478328407,4.531357990344986e-05,3.2975106023513945e-07,2109,
68,0.00024007151660043746,4.4480704673333094e-05,3.1608567496732576e-07,2119,
68,0.0002405803243163973,5.208426227909513e-05,3.5094527106593887e-07,2129,
68,,,,2138,0.00023855346080381423
69,0.00024064719036687165,4.964404433849268e-05,3.366112366620655e-07,2139,
69,0.00024214290897361934,4.888748662779108e-05,3.3607173577365757e-07,2149,
69,0.00022795061522629112,4.3194100726395845e-05,3.1010284828880685e-07,2159,
69,0.00021987810032442212,3.008357271028217e-05,1.9232433423610473e-09,2169,
69,,,,2169,0.00023269018856808543
70,0.00023483920085709542,4.267853364581242e-05,3.0441438525485864e-07,2179,
70,0.000232565202168189,4.681585051002912e-05,3.189395556546515e-07,2189,
70,0.00023750896798446774,4.572205580188893e-05,3.2468810218233557e-07,2199,
70,,,,2200,0.00022692784841638058
71,0.0002304244553670287,4.742223609355278e-05,3.2845252917468315e-07,2209,
71,0.00021751495660282671,4.533331957645714e-05,3.122982832337584e-07,2219,
71,0.00022662935953121632,4.1212100768461823e-05,2.9492204589587345e-07,2229,
71,,,,2231,0.00022128447017166764
72,0.0002213592524640262,4.446893581189215e-05,2.9725856620643754e-07,2239,
72,0.0002203191543230787,4.016669117845595e-05,2.923486022154975e-07,2249,
72,0.00022368617646861821,4.0306320443050936e-05,2.876109022054152e-07,2259,
72,,,,2262,0.00021578720770776272
73,0.00021922549058217555,4.5442382543114945e-05,2.985362357321719e-07,2269,
73,0.0002162320161005482,4.420617551659234e-05,2.998221475536411e-07,2279,
73,0.00020447558199521154,4.2190265958197415e-05,2.9992079930707405e-07,2289,
73,,,,2293,0.0002104542509187013
74,0.0002038618258666247,4.482637450564653e-05,3.031845210443862e-07,2299,
74,0.0002112959191435948,4.2201725591439754e-05,2.912091758844326e-07,2309,
74,0.00020410669094417244,4.1887098632287234e-05,2.890240580200043e-07,2319,
74,,,,2324,0.00020525773288682103
75,0.00020511265029199421,4.342483225627802e-05,2.9104086252118577e-07,2329,
75,0.0002030590403592214,4.150317909079604e-05,2.78969423561648e-07,2339,
75,0.00020364500232972205,4.080819053342566e-05,2.9371528853516793e-07,2349,
75,,,,2355,0.00020010679145343602
76,0.00019965953833889216,4.1627899918239564e-05,2.871107085411495e-07,2359,
76,0.00019633251940831542,4.077078483533114e-05,2.793395879052696e-07,2369,
76,0.0001971433375729248,4.0993516449816525e-05,2.8057928602720494e-07,2379,
76,,,,2386,0.00019489896658342332
77,0.00020074757048860192,4.126753628952429e-05,2.9046782401564997e-07,2389,
77,0.00018679405911825597,3.838693010038696e-05,2.7172848149348283e-07,2399,
77,0.00019401295867282897,3.818314507952891e-05,2.7598454721555754e-07,2409,
77,,,,2417,0.00018961999739985913
78,0.00019297737162560225,3.954371277359314e-05,2.8034332899551373e-07,2419,
78,0.00018531258683651686,3.928897422156297e-05,2.6882742076850263e-07,2429,
78,0.00018429795454721898,4.3832198571180925e-05,3.035992222066852e-07,2439,
78,,,,2448,0.00018445616296958178
79,0.00018594582797959447,4.3239546357654035e-05,2.912669287979952e-07,2449,
79,0.0001855047303251922,4.223157884553075e-05,2.8992963052587584e-07,2459,
79,0.00017511012265458703,3.7799840356456116e-05,2.6694277721617254e-07,2469,
79,0.00017601072613615543,2.384282197454013e-05,1.9256829464353586e-09,2479,
79,,,,2479,0.0001795823482098058
80,0.00017954905342776328,3.712183024617843e-05,2.6423458621138707e-07,2489,
80,0.00017694695270620286,3.906733400071971e-05,2.7532877311386983e-07,2499,
80,0.00018051693041343242,3.831390858977102e-05,2.8422107334336033e-07,2509,
80,,,,2510,0.00017494508938398212
81,0.00017590787319932133,3.8360081816790625e-05,2.8479075808718335e-07,2519,
81,0.00016730785137042403,3.801705679506995e-05,2.7047238404520613e-07,2529,
81,0.0001721210719551891,3.4829750802600756e-05,2.5503078404653934e-07,2539,
81,,,,2541,0.00017038811347447336
82,0.0001685681490926072,3.717776417033747e-05,2.5983334239754186e-07,2549,
82,0.0001670482597546652,3.3578449802007526e-05,2.5363877398376644e-07,2559,
82,0.00016973262245301157,3.3738004276528955e-05,2.4967090439531603e-07,2569,
82,,,,2572,0.00016593626060057431
83,0.0001682420406723395,3.690305311465636e-05,2.5869744035844633e-07,2579,
83,0.0001644995791139081,3.650410144473426e-05,2.6318741674913326e-07,2589,
83,0.0001559152005938813,3.429221760598011e-05,2.63613060269563e-07,2599,
83,,,,2603,0.00016167506691999733
84,0.00015602934581693262,3.673458923003636e-05,2.666029388365132e-07,2609,
84,0.0001605659635970369,3.457372804405168e-05,2.5389547886334185e-07,2619,
84,0.00015449433703906834,3.377197208465077e-05,2.5387882374161563e-07,2629,
84,,,,2634,0.00015762030670884997
85,0.0001553531619720161,3.395838211872615e-05,2.532299276936101e-07,2639,
85,0.0001571196917211637,3.430452852626331e-05,2.450294118716556e-07,2649,
85,0.00015412489301525056,3.2366628147428855e-05,2.584562537322199e-07,2659,
85,,,,2665,0.00015371135668829083
86,0.0001552912435727194,3.45618391293101e-05,2.5385304525116226e-07,2669,
86,0.00015002496365923434,3.214497701264918e-05,2.482330785369413e-07,2679,
86,0.0001494902971899137,3.200074934284203e-05,2.46023859062916e-07,2689,
86,,,,2696,0.00014990745694376528
87,0.00015321282262448221,3.1770086934557185e-05,2.560273344442976e-07,2699,
87,0.0001442635548301041,3.016284063050989e-05,2.4077201032923767e-07,2709,
87,0.00014615189866162837,2.9368940886342898e-05,2.4447166424579336e-07,2719,
87,,,,2727,0.00014625489711761475
88,0.00015036850527394563,3.267692954977974e-05,2.4606455895082036e-07,2729,
88,0.00014135542733129114,3.0406545192818157e-05,2.360726938377411e-07,2739,
88,0.00014113746874500066,3.3931042707990855e-05,2.7032706384488847e-07,2749,
88,,,,2758,0.000142830511322245
89,0.00014389459101948887,3.4165899705840275e-05,2.6023829491350625e-07,2759,
89,0.0001434417354175821,3.269410444772802e-05,2.572924131527543e-07,2769,
89,0.00013474919251166284,2.9041650122962892e-05,2.3838587992486282e-07,2779,
89,0.00014358575572259724,1.9012453776667826e-05,1.991603104656292e-09,2789,
89,,,,2789,0.00013962588855065405
90,0.00013924566155765206,2.864790803869255e-05,2.359221014103241e-07,2799,
90,0.0001362643379252404,2.9350272598094307e-05,2.4702666223674896e-07,2809,
90,0.00013928845874033868,2.9422404622891918e-05,2.573511892478564e-07,2819,
90,,,,2820,0.00013647726154886186
91,0.00013670194311998785,2.9346163501031697e-05,2.547637620864407e-07,2829,
91,0.0001310107036260888,2.9969180104671977e-05,2.4275075816149183e-07,2839,
91,0.00013172674516681582,2.662517908902373e-05,2.2977523883582762e-07,2849,
91,,,,2851,0.00013323003076948225
92,0.00012968243390787393,2.8250718969502486e-05,2.3450199648777925e-07,2859,
92,0.00012934624101035297,2.597261300252285e-05,2.2827713053175103e-07,2869,
92,0.00013084139209240675,2.594049510662444e-05,2.2574467095637374e-07,2879,
92,,,,2882,0.00013002210471313447
93,0.0001329215447185561,2.929933907580562e-05,2.3356314216016472e-07,2889,
93,0.00012944063928443938,2.8543052394525148e-05,2.3892613398857065e-07,2899,
93,0.00012124492786824703,2.613839751575142e-05,2.405992916010291e-07,2909,
93,,,,2913,0.00012704312393907458
94,0.00012316988431848586,2.8566160835907795e-05,2.440519608626346e-07,2919,
94,0.00012428492482285947,2.630296330607962e-05,2.2904431773440592e-07,2929,
94,0.00012058458378305659,2.6660785806598142e-05,2.3076214006323426e-07,2939,
94,,,,2944,0.00012431159848347306
95,0.00012256624177098274,2.6669780709198676e-05,2.2779290986818523e-07,2949,
95,0.00012390785559546202,2.625670276756864e-05,2.2148972789182153e-07,2959,
95,0.0001209022884722799,2.487258825567551e-05,2.3631805845525378e-07,2969,
95,,,,2975,0.0001218175602843985
96,0.00012471906666178256,2.746221434790641e-05,2.3274259319805424e-07,2979,
96,0.00011964588338742033,2.5455912691541016e-05,2.2713287251008296e-07,2989,
96,0.00011799168714787811,2.5198376533808187e-05,2.2316726244753227e-07,2999,
96,,,,3006,0.0001195573786390014
97,0.00012189384869998321,2.5306391762569547e-05,2.3451973163446382e-07,3009,
97,0.00011528071627253667,2.4029814085224643e-05,2.2019894174718502e-07,3019,
97,0.00011437310604378581,2.3797281755832955e-05,2.2344066508139804e-07,3029,
97,,,,3037,0.00011751503188861534
98,0.00011891967005794868,2.5901788831106387e-05,2.231770253047216e-07,3039,
98,0.00011324488878017291,2.4278757337015122e-05,2.142910631164341e-07,3049,
98,0.00011270665709162131,2.6718789740698412e-05,2.475248663813545e-07,3059,
98,,,,3068,0.00011562898725969717
99,0.00011644830374279991,2.7907959520234726e-05,2.387192239439173e-07,3069,
99,0.00011404577526263893,2.7071542717749253e-05,2.3635357138118707e-07,3079,
99,0.00010678380931494758,2.3394435629597865e-05,2.1939655425740057e-07,3089,
99,0.00011645244376268238,1.739645995257888e-05,2.1135946326467092e-09,3099,
99,,,,3099,0.00011377980990801007
100,0.00011089873441960663,2.237725493614562e-05,2.1879627354337572e-07,3109,
100,0.00010849179670913145,2.3096645236364566e-05,2.2850719005873543e-07,3119,
100,0.00011142438597744331,2.3905557100079022e-05,2.392333726675133e-07,3129,
100,,,,3130,0.00011184771574335173
101,0.00011107925092801452,2.5684634238132276e-05,2.343136742410934e-07,3139,
101,0.00010652167838998139,2.3851509467931464e-05,2.225143447276423e-07,3149,
101,0.00010502608347451314,2.1106372514623217e-05,2.1273540085076093e-07,3159,
101,,,,3161,0.00010972071322612464
102,0.00010493223089724779,2.3447657440556213e-05,2.178731506319309e-07,3169,
102,0.00010427903180243447,2.155026413674932e-05,2.1183099363497604e-07,3179,
102,0.0001046111574396491,2.079286059597507e-05,2.1011814510529803e-07,3189,
102,,,,3192,0.00010734691750258207
103,0.00010551474406383932,2.25011845031986e-05,2.1692743246148893e-07,3199,
103,0.00010498855408513919,2.322759792150464e-05,2.2340336158777063e-07,3209,
103,9.745042189024389e-05,2.1396299416664988e-05,2.256647917420196e-07,3219,
103,,,,3223,0.0001047677214955911
104,0.00010096257756231353,2.4289814973599277e-05,2.2973836166784167e-07,3229,
104,0.0001029017657856457,2.190363738918677e-05,2.1375784342581028e-07,3239,
104,9.808572212932631e-05,2.142537596228067e-05,2.1642070180405426e-07,3249,
104,,,,3254,0.00010212648339802399
105,9.970268729375675e-05,2.1530557205551304e-05,2.1171253195007012e-07,3259,
105,9.903063619276509e-05,2.142633093171753e-05,2.0665470401581842e-07,3269,
105,9.830461931414902e-05,2.051328556262888e-05,2.2276675792909373e-07,3279,
105,,,,3285,9.960819443222135e-05
106,0.00010003614443121478,2.0994766600779258e-05,2.203335327521927e-07,3289,
106,9.666147525422275e-05,2.077560384350363e-05,2.1469844568855478e-07,3299,
106,9.620100172469392e-05,2.0662928363890387e-05,2.0880405315892858e-07,3309,
106,,,,3316,9.735084313433617e-05
107,0.00010126522101927549,2.1246878532110713e-05,2.2247520803375664e-07,3319,
107,9.565513028064743e-05,2.0242059690644965e-05,2.0703292591406353e-07,3329,
107,9.374568617204204e-05,2.01426610146882e-05,2.1076748168979975e-07,3339,
107,,,,3347,9.538445010548458e-05
108,9.446177136851475e-05,2.0573503206833266e-05,2.0872730033261178e-07,3349,
108,9.095913264900446e-05,2.0303330529714003e-05,2.000548988689843e-07,3359,
108,9.218935156241059e-05,2.1711070075980388e-05,2.3302455076645856e-07,3369,
108,,,,3378,9.366215817863122e-05
109,9.42517290241085e-05,2.2220992832444608e-05,2.2477109951068996e-07,3379,
109,9.243649401469156e-05,2.1204290533205494e-05,2.2225215445814683e-07,3389,
109,8.725030784262344e-05,1.962178612302523e-05,2.0770934838765243e-07,3399,
109,9.542989573674276e-05,1.5805555449333042e-05,2.2632602458827478e-09,3409,
109,,,,3409,9.213402518071234e-05
110,9.138423047261313e-05,1.9503937437548302e-05,2.0958263746706507e-07,3419,
110,8.927816088544205e-05,2.083113940898329e-05,2.182879228485035e-07,3429,
110,9.265955304726958e-05,1.9336161130922846e-05,2.2915935460332548e-07,3439,
110,,,,3440,9.077638969756663e-05
111,8.911400800570846e-05,2.039176251855679e-05,2.2284457656951417e-07,3449,
111,8.669479575473815e-05,1.9086448446614668e-05,2.1070005118417612e-07,3459,
111,8.642033935757354e-05,1.8282007658854127e-05,2.0349723683921184e-07,3469,
111,,,,3471,8.955472731031477e-05
112,8.661411266075447e-05,1.8746766727417707e-05,2.091173172402705e-07,3479,
112,8.615062688477337e-05,1.9165139747201465e-05,2.0357776975288289e-07,3489,
112,8.673049887875095e-05,1.7984682926908135e-05,2.0159305336164834e-07,3499,
112,,,,3502,8.840351074468344e-05
113,8.651847747387365e-05,1.8832630303222686e-05,2.0747238238527643e-07,3509,
113,8.718892058823258e-05,2.0213023162796162e-05,2.1460391508298926e-07,3519,
113,8.178014832083136e-05,1.742785934766289e-05,2.175343638555205e-07,3529,
113,,,,3533,8.722218626644462e-05
114,8.39336498756893e-05,1.9957205950049683e-05,2.212885306107637e-07,3539,
114,8.486137812724337e-05,1.7430047591915354e-05,2.0482197271576297e-07,3549,
114,8.189985965145752e-05,1.848692772909999e-05,2.084581041117417e-07,3559,
114,,,,3564,8.592523954575881e-05
115,8.309023542096838e-05,1.7316144294454716e-05,2.0143686185747356e-07,3569,
115,8.259870810434222e-05,1.78181489900453e-05,1.980880739438362e-07,3579,
115,8.365493704332039e-05,1.724009598547127e-05,2.152589644310865e-07,3589,
115,,,,3595,8.453256305074319e-05
116,8.53772580740042e-05,1.8774282580125146e-05,2.1339275235732202e-07,3599,
116,8.176087430911139e-05,1.731709016894456e-05,2.0823821955673338e-07,3609,
116,8.09659031801857e-05,1.779579724825453e-05,2.0095758657134866e-07,3619,
116,,,,3626,8.313368743984029e-05
117,8.539996633771807e-05,1.9139280993840657e-05,2.1715909781505616e-07,3629,
117,7.952639134600759e-05,1.7013613614835776e-05,2.0017644430936343e-07,3639,
117,7.849976827856153e-05,1.568085099279415e-05,2.0501890674040624e-07,3649,
117,,,,3657,8.179252472473308e-05
118,7.981494127307087e-05,1.7658801880315877e-05,2.008103905382086e-07,3659,
118,7.787248614476994e-05,1.7057751392712817e-05,1.9234619230701355e-07,3669,
118,7.883819489507005e-05,1.9205510398023762e-05,2.2538067412369855e-07,3679,
118,,,,3688,8.054439240368083e-05
119,8.08166223578155e-05,1.8733162505668588e-05,2.1724265764078154e-07,3689,
119,7.740910950815305e-05,1.749218972690869e-05,2.145014121879285e-07,3699,
119,7.458275649696589e-05,1.645130578253884e-05,2.0158508107215312e-07,3709,
119,8.052209159359336e-05,1.6098103515105322e-05,2.408871768722065e-09,3719,
119,,,,3719,7.93934814282693e-05
120,7.86701129982248e-05,1.674915802141186e-05,2.0528487709725596e-07,3729,
120,7.569385343231261e-05,1.6216939911828376e-05,2.134620018523492e-07,3739,
120,7.965246913954616e-05,1.8248245396534912e-05,2.2409435018744261e-07,3749,
120,,,,3750,7.832424307707697e-05
121,7.58893002057448e-05,1.651613274589181e-05,2.1641132263994223e-07,3759,
121,7.521987572545186e-05,1.8609285689308308e-05,2.0382393017825962e-07,3769,
121,7.409329555230215e-05,1.4789183296670672e-05,1.9891110980552185e-07,3779,
121,,,,3781,7.731602090643719e-05
122,7.529804861405864e-05,1.6828669686219655e-05,2.0521687815744372e-07,3789,
122,7.365114288404584e-05,1.5579005776089616e-05,2.0025835567594186e-07,3799,
122,7.459930930053815e-05,1.531945054011885e-05,1.9795842831626942e-07,3809,
122,,,,3812,7.635312795173377e-05
123,7.430126424878836e-05,1.5495286788791418e-05,2.031503925081779e-07,3819,
123,7.603953417856246e-05,1.7299980754614808e-05,2.1069233469006576e-07,3829,
123,7.074594759615138e-05,1.59079772856785e-05,2.1426838259230863e-07,3839,
123,,,,3843,7.542075036326423e-05
124,7.376819121418521e-05,1.7601667423150502e-05,2.1847603193236864e-07,3849,
124,7.299437857000157e-05,1.4771168025617953e-05,2.009268627034544e-07,3859,
124,7.189646566985175e-05,1.6013180356821977e-05,2.0504572262325382e-07,3869,
124,,,,3874,7.450686825904995e-05
125,7.287428888957947e-05,1.6949981727520935e-05,1.967613059150608e-07,3879,
125,7.223059219541028e-05,1.5890462236711755e-05,1.9397846529045637e-07,3889,
125,7.205206202343106e-05,1.4625848052673973e-05,2.1256198579067132e-07,3899,
125,,,,3905,7.360517338383943e-05
126,7.406062650261447e-05,1.6668533135089092e-05,2.109887873302796e-07,3909,
126,7.166410068748519e-05,1.6155570847331546e-05,2.0609316209174722e-07,3919,
126,7.056235335767269e-05,1.5147020349104423e-05,1.9735581702207128e-07,3929,
126,,,,3936,7.271251524798572e-05
127,7.580445526400581e-05,1.7196698536281474e-05,2.1654958004546643e-07,3939,
127,6.926502828719094e-05,1.432648605259601e-05,1.9735065848180966e-07,3949,
127,6.852548540337011e-05,1.4843642020423431e-05,2.034730925970507e-07,3959,
127,,,,3967,7.183556590462103e-05
128,6.935065175639465e-05,1.6802337995613925e-05,1.9784545202128356e-07,3969,
128,6.845240568509325e-05,1.5192009414022323e-05,1.889794560838709e-07,3979,
128,6.97483483236283e-05,1.6174315533135086e-05,2.2237325936202978e-07,3989,
128,,,,3998,7.098125934135169e-05
129,7.101949449861422e-05,1.951678677869495e-05,2.143205222182587e-07,3999,
129,6.792095518903807e-05,1.7676415154710412e-05,2.1118327708791185e-07,4009,
129,6.553106504725292e-05,1.3556316844187677e-05,1.9986732979759836e-07,4019,
129,6.918091094121337e-05,1.3919619050284382e-05,2.5497086664216795e-09,4029,
129,,,,4029,7.015446317382157e-05
130,6.883196328999475e-05,1.561412136652507e-05,2.049150111815834e-07,4039,
130,6.69164874125272e-05,1.6944713934208266e-05,2.1275882033933158e-07,4049,
130,6.989695248194039e-05,1.4193357856129296e-05,2.230664364333279e-07,4059,
130,,,,4060,6.935697456356138e-05
131,6.69136643409729e-05,1.381334186589811e-05,2.1431712582398177e-07,4069,
131,6.592444697162136e-05,1.6728174159652553e-05,2.008384285545617e-07,4079,
131,6.542934715980664e-05,1.3336330994206946e-05,1.9803879069968389e-07,4089,
131,,,,4091,6.858808774268255e-05
132,6.512699474114925e-05,1.5030675058369525e-05,2.046643032826978e-07,4099,
132,6.532747647725046e-05,1.2752235306834336e-05,2.0043140125380887e-07,4109,
132,6.617507460759953e-05,1.3652024790644646e-05,1.975565311340688e-07,4119,
132,,,,4122,6.78474098094739e-05
133,6.70285226078704e-05,1.6503321603522636e-05,2.025184642207023e-07,4129,
133,6.639702769462019e-05,1.419091768184444e-05,2.101033516055395e-07,4139,
133,6.294473860180005e-05,1.355280437564943e-05,2.1456455101542815e-07,4149,
133,,,,4153,6.713499897159636e-05
134,6.642628432018682e-05,1.6929132470977493e-05,2.1920162396327214e-07,4159,
134,6.546830991283059e-05,1.3802676221530419e-05,2.0066478612079663e-07,4169,
134,6.35164396953769e-05,1.3175706953916233e-05,2.044689324520732e-07,4179,
134,,,,4184,6.645021494477987e-05
135,6.406407192116603e-05,1.4735625882167369e-05,1.9560157227260788e-07,4189,
135,6.44526953692548e-05,1.4710522918903735e-05,1.9299594100630202e-07,4199,
135,6.439540447900072e-05,1.2705284461844712e-05,2.1314335185707023e-07,4209,
135,,,,4215,6.579028558917344e-05
136,6.692417082376778e-05,1.414883718098281e-05,2.1178691156364948e-07,4219,
136,6.348962779156864e-05,1.4689837371406611e-05,2.0702026404251228e-07,4229,
136,6.290174496825784e-05,1.3669629879586864e-05,1.9716294730187656e-07,4239,
136,,,,4246,6.515114364447072e-05
137,6.826627213740721e-05,1.4849293620500248e-05,2.1886651779823296e-07,4249,
137,6.218485941644758e-05,1.3110475265420973e-05,1.9762012470891932e-07,4259,
137,6.129989924374968e-05,1.3873521311325021e-05,2.0507934550551e-07,4269,
137,,,,4277,6.452866364270449e-05
138,6.19427373749204e-05,1.6694148143869825e-05,1.9773764847741404e-07,4279,
138,6.029265932738781e-05,1.2957170838490129e-05,1.8887622843521967e-07,4289,
138,6.264636613195762e-05,1.428153245797148e-05,2.2234107177609985e-07,4299,
138,,,,4308,6.39199570287019e-05
139,6.38051496935077e-05,1.8058917703456245e-05,2.1460016341734445e-07,4309,
139,6.080649109208025e-05,1.638489993638359e-05,2.1190166421547474e-07,4319,
139,5.833844261360355e-05,1.1800935681094415e-05,2.0103463782561448e-07,4329,
139,6.1301194364205e-05,1.2549993698485196e-05,2.6857309709527044e-09,4339,
139,,,,4339,6.332356133498251e-05
140,6.16175020695664e-05,1.3551305528380908e-05,2.0704761993783904e-07,4349,
140,5.999848144710995e-05,1.5441564755747095e-05,2.1470067679274507e-07,4359,
140,6.270659650908783e-05,1.2599070032592863e-05,2.2470665328455652e-07,4369,
140,,,,4370,6.273839971981943e-05
141,6.052580283721909e-05,1.2600328773260117e-05,2.154891234340539e-07,4379,
141,5.933424108661711e-05,1.4990534509706777e-05,2.0090263319616497e-07,4389,
141,5.876498471479863e-05,1.1585699212446343e-05,1.999485021997316e-07,4399,
141,,,,4401,6.21627623331733e-05
142,5.8440306020202115e-05,1.271321434614947e-05,2.066987150328714e-07,4409,
142,5.8907116908812895e-05,1.14460926852189e-05,2.0295905756029242e-07,4419,
142,5.973341831122525e-05,1.2491293091443367e-05,1.996529306325101e-07,4429,
142,,,,4432,6.159451004350558e-05
143,6.0807549743913114e-05,1.5092935427674092e-05,2.0419003021743265e-07,4439,
143,5.960241469438188e-05,1.2247262020537164e-05,2.1165070052120427e-07,4449,
143,5.6656183005543426e-05,1.17273139039753e-05,2.1733089283770823e-07,4459,
143,,,,4463,6.103065607021563e-05
144,5.988567863823846e-05,1.5926130799925886e-05,2.2251020936892019e-07,4469,
144,5.938709728070535e-05,1.2492554560594726e-05,2.0283397361708921e-07,4479,
144,5.7456749345874414e-05,1.165607500297483e-05,2.0602301731287298e-07,4489,
144,,,,4494,6.046763883205131e-05
145,5.707748277927749e-05,1.3054079317953438e-05,1.9694232378242305e-07,4499,
145,5.7737201132113114e-05,1.3370173292059917e-05,1.942185576808697e-07,4509,
145,5.8256788179278374e-05,1.1232740689592902e-05,2.1587109699794382e-07,4519,
145,,,,4525,5.990136560285464e-05
146,6.147892418084666e-05,1.3148103789717425e-05,2.1477742961906188e-07,4529,
146,5.7439548982074484e-05,1.326353412878234e-05,2.102140399529162e-07,4539,
146,5.6683202274143696e-05,1.251304547622567e-05,1.9924381433611416e-07,4549,
146,,,,4556,5.932855492574163e-05
147,6.165642116684467e-05,1.3736968867306132e-05,2.2333597371471114e-07,4559,
147,5.604490070254542e-05,1.1389694918761961e-05,2.0016773305542301e-07,4569,
147,5.573168891714886e-05,1.2282887837500311e-05,2.0893740781957604e-07,4579,
147,,,,4587,5.874631824553944e-05
148,5.6499920901842415e-05,1.758231701387558e-05,1.9986399024674029e-07,4589,
148,5.453027188195847e-05,1.2252979104232509e-05,1.909839397740143e-07,4599,
148,5.639797745971009e-05,1.1844294022012036e-05,2.2450090852998983e-07,4609,
148,,,,4618,5.8154637372354046e-05
149,5.7984965678770095e-05,1.619383147044573e-05,2.172892692442474e-07,4619,
149,5.508276808541268e-05,1.5319570593419485e-05,2.1513410786155873e-07,4629,
149,5.30428224010393e-05,1.1058731615776196e-05,2.0422668001174316e-07,4639,
149,5.4919644753681496e-05,1.0741928235802334e-05,2.8251536665635513e-09,4649,
149,,,,4649,5.755694292020053e-05
150,5.6313772802241147e-05,1.1636655472102575e-05,2.1104268910221435e-07,4659,
150,5.4349799029296264e-05,1.3878721802029759e-05,2.186299639106437e-07,4669,
150,5.66410380997695e-05,1.0920491149590816e-05,2.2836864843611693e-07,4679,
150,,,,4680,5.696198422810994e-05
151,5.464517016662285e-05,1.112846985051874e-05,2.191911079307829e-07,4689,
151,5.400824375101365e-05,1.30241523947916e-05,2.0327392746821715e-07,4699,
151,5.35672515979968e-05,1.0463150829309598e-05,2.037551070088739e-07,4709,
151,,,,4711,5.63823887205217e-05
152,5.3378775191958994e-05,1.1208407158846967e-05,2.1052291288015113e-07,4719,
152,5.295014489092864e-05,9.680767107056454e-06,2.0712963078040048e-07,4729,
152,5.414475890574977e-05,1.0910339369729627e-05,2.033919486166269e-07,4739,
152,,,,4742,5.583168240264058e-05
153,5.5515200074296445e-05,1.5137599802983459e-05,2.0762310271038587e-07,4749,
153,5.421271998784505e-05,1.0944729183393065e-05,2.1484967760443396e-07,4759,
153,5.1432132750051096e-05,9.986306395148858e-06,2.21895675167616e-07,4769,
153,,,,4773,5.5316832003882155e-05
154,5.317495742929168e-05,1.4511574590869714e-05,2.2770559837681503e-07,4779,
154,5.37005762453191e-05,1.1392234227969311e-05,2.0671420486451098e-07,4789,
154,5.2595834858948365e-05,1.0123450920218602e-05,2.0912315790155844e-07,4799,
154,,,,4804,5.4832897149026394e-05
155,5.1858314691344276e-05,1.1599498066061642e-05,2.0018340762817388e-07,4809,
155,5.203133332543075e-05,1.1865489796036854e-05,1.972059777699542e-07,4819,
155,5.290892659104429e-05,1.0273388397763483e-05,2.2030357627045305e-07,4829,
155,,,,4835,5.436595165519975e-05
156,5.573524322244339e-05,1.1288354471616913e-05,2.1939578687124595e-07,4839,
156,5.218582373345271e-05,1.048829381034011e-05,2.1517311665775196e-07,4849,
156,5.184173642192036e-05,1.1188508324266877e-05,2.0304015890815208e-07,4859,
156,,,,4866,5.3902025683782995e-05
157,5.5940807214938104e-05,1.5130089195736218e-05,2.293952121590337e-07,4869,
157,5.0994643970625475e-05,9.881999176286627e-06,2.0456367622045946e-07,4879,
157,5.066133599029854e-05,9.972694897442125e-06,2.1453651299907506e-07,4889,
157,,,,4897,5.3434039728017524e-05
158,5.260257967165671e-05,1.811176298360806e-05,2.035799440136543e-07,4899,
158,5.004426930099726e-05,1.2123770829930436e-05,1.949031087633557e-07,4909,
158,5.154882819624618e-05,1.02698058981332e-05,2.2841503266590735e-07,4919,
158,,,,4928,5.2961298933951184e-05
159,5.2809762564720586e-05,1.469319704483496e-05,2.218676513621176e-07,4929,
159,5.077461901237257e-05,1.3722965377382934e-05,2.2035870017589332e-07,4939,
159,4.871314740739763e-05,1.0308078344678506e-05,2.0901717334709247e-07,4949,
159,4.9774502258514985e-05,8.951507879828569e-06,2.973696178187879e-09,4959,
159,,,,4959,5.248665911494754e-05
160,5.18616616318468e-05,1.0366706192144193e-05,2.1651821668910998e-07,4969,
160,4.985435589333065e-05,1.2803339814126957e-05,2.2414820932681323e-07,4979,
160,5.170488657313399e-05,9.758735359355342e-06,2.3376058777557773e-07,4989,
160,,,,4990,5.2012488595210016e-05
161,4.9499467422720045e-05,9.29649468162097e-06,2.2494796780847537e-07,4999,
161,4.926380643155426e-05,1.1657265531539451e-05,2.0760253960361297e-07,5009,
161,4.909708150080405e-05,9.512711585557554e-06,2.0923124566252227e-07,5019,
161,,,,5021,5.153999518370256e-05
162,4.9543661589268595e-05,1.0577905413811095e-05,2.1598366117814294e-07,5029,
162,4.849112519877963e-05,8.627152055851184e-06,2.127286364839165e-07,5039,
162,4.967802669852972e-05,9.721974493004382e-06,2.0857997640177928e-07,5049,
162,,,,5052,5.107084507471882e-05
163,5.067135498393327e-05,1.5008718946774025e-05,2.126194686979943e-07,5059,
163,4.9533504352439195e-05,9.648262675909791e-06,2.1947720085790934e-07,5069,
163,4.731789158540778e-05,8.796617294137832e-06,2.27959930043653e-07,5079,
163,,,,5083,5.0607741286512464e-05
164,4.8616857384331524e-05,1.3886975466448348e-05,2.3459979558992927e-07,5089,
164,4.908585469820537e-05,1.0447877684782725e-05,2.1210762213286216e-07,5099,
164,4.835194704355672e-05,8.840546797728166e-06,2.1363760538406495e-07,5109,
164,,,,5114,5.015486021875404e-05
165,4.796112625626847e-05,1.1403833013901021e-05,2.0499527408901486e-07,5119,
165,4.7878864279482514e-05,1.1034133422072046e-05,2.0183944116070052e-07,5129,
165,4.879550033365376e-05,8.990543392428663e-06,2.262668203911744e-07,5139,
165,,,,5145,4.9714682972989976e-05
166,5.154955215402879e-05,9.880935067485552e-06,2.256129221223091e-07,5149,
166,4.8512945795664564e-05,9.330820830655284e-06,2.216667525090088e-07,5159,
166,4.765558696817607e-05,1.0209504580416251e-05,2.0831664926390658e-07,5169,
166,,,,5176,4.928727139486e-05
167,5.0862938223872334e-05,1.3407302503765095e-05,2.3714466124147293e-07,5179,
167,4.697716576629318e-05,8.618269021098968e-06,2.106568359749872e-07,5189,
167,4.678713230532594e-05,9.233842320099939e-06,2.217149841499122e-07,5199,
167,,,,5207,4.8871203034650534e-05
168,4.842407361138612e-05,1.7522750567877665e-05,2.087657549054711e-07,5209,
168,4.641434134100564e-05,1.0282655239279848e-05,2.003763768243516e-07,5219,
168,4.784433986060321e-05,9.477350431552622e-06,2.338381506206133e-07,5229,
168,,,,5238,4.84645897813607e-05
169,4.829624231206253e-05,1.3309915630088653e-05,2.2825571477369522e-07,5239,
169,4.729319698526524e-05,1.1922211342607625e-05,2.2734188576123415e-07,5249,
169,4.49461949756369e-05,9.253362804884091e-06,2.1536510530495434e-07,5259,
169,4.5321932702790946e-05,7.5181606007390656e-06,3.134778658875348e-09,5269,
169,,,,5269,4.806683136848733e-05
170,4.7845849621808156e-05,9.38543144002324e-06,2.2334479865548929e-07,5279,
170,4.603327761287801e-05,1.2118440281483345e-05,2.3115842395782238e-07,5289,
170,4.759250077768229e-05,8.930800504458603e-06,2.409293529126444e-07,5299,
170,,,,5300,4.7678066039225087e-05
171,4.554711631499231e-05,7.87025328463642e-06,2.3250765934790252e-07,5309,
171,4.576396895572543e-05,9.971634426619858e-06,2.1360702362471784e-07,5319,
171,4.5534725359175354e-05,8.437166798103135e-06,2.1628859769862174e-07,5329,
171,,,,5331,4.7300294681917876e-05
172,4.629987961379811e-05,1.1069088941439986e-05,2.230092093213898e-07,5339,
172,4.469710620469414e-05,7.305639883270487e-06,2.1977871256240178e-07,5349,
172,4.6127290261210874e-05,8.033423910092097e-06,2.1529987748181156e-07,5359,
172,,,,5362,4.693739174399525e-05
173,4.6803601435385644e-05,1.4379023923538625e-05,2.1912934755619062e-07,5369,
173,4.594143319991417e-05,9.16690260055475e-06,2.255895452663026e-07,5379,
173,4.36238078691531e-05,7.470206128346035e-06,2.3563629270029196e-07,5389,
173,,,,5393,4.6593700972152874e-05
174,4.501675357460044e-05,1.2533552762761246e-05,2.430853953683254e-07,5399,
174,4.534777326625772e-05,9.885281542665325e-06,2.1888897094868298e-07,5409,
174,4.513264502747916e-05,8.038204214244615e-06,2.195887702782784e-07,5419,
174,,,,5424,4.6270703023765236e-05
175,4.441758937900886e-05,9.498457075096667e-06,2.1122974658283056e-07,5429,
175,4.442789941094816e-05,9.523021617496852e-06,2.0793315513856214e-07,5439,
175,4.52497843070887e-05,8.670268471178133e-06,2.3367471158053377e-07,5449,
175,,,,5455,4.596070357365534e-05
176,4.752057066070847e-05,8.959369552030694e-06,2.332254780412768e-07,5459,
176,4.4796204747399315e-05,8.549668564228341e-06,2.295310537192563e-07,5469,
176,4.410085966810584e-05,9.672791748016607e-06,2.1482163958808087e-07,5479,
176,,,,5486,4.564344635582529e-05
177,4.6988097892608494e-05,1.2898465683974791e-05,2.4629983386148524e-07,5489,
177,4.354121119831689e-05,7.550390819233144e-06,2.1815185391460545e-07,5499,
177,4.34826361015439e-05,9.079543815460056e-06,2.3028829332361056e-07,5509,
177,,,,5517,4.5298002078197896e-05
178,4.521597293205559e-05,1.6082885849755257e-05,2.1510095393750817e-07,5519,
178,4.291391815058887e-05,8.873069418768864e-06,2.072568747735204e-07,5529,
178,4.4172742491355166e-05,8.30419230624102e-06,2.407803663118102e-07,5539,
178,,,,5548,4.492581501835957e-05
179,4.479663402889855e-05,1.268020332645392e-05,2.360397957090754e-07,5549,
179,4.3219868530286476e-05,1.1233153600187507e-05,2.3575152852117753e-07,5559,
179,4.1449806303717196e-05,7.953567546792328e-06,2.23174012603522e-07,5569,
179,4.1641509596956894e-05,6.806181318097515e-06,3.307915052985777e-09,5579,
179,,,,5579,4.455382077139802e-05
180,4.4470794819062576e-05,9.312375368608627e-06,2.314836677896892e-07,5589,
180,4.294335303711705e-05,1.1007191460521426e-05,2.3950335048539273e-07,5599,
180,4.409428220242262e-05,7.693367479078006e-06,2.4945003929133236e-07,5609,
180,,,,5610,4.420568438945338e-05
181,4.21305448981002e-05,6.9650304794777185e-06,2.415076210127154e-07,5619,
181,4.250762867741287e-05,1.0038080290541984e-05,2.209154530419255e-07,5629,
181,4.2122243030462414e-05,7.449091299349675e-06,2.2464898563612223e-07,5639,
181,,,,5641,4.388119123177603e-05
182,4.2443087295396253e-05,9.01540170161752e-06,2.3133392801355512e-07,5649,
182,4.150461973040365e-05,6.554636001965264e-06,2.2798276688718033e-07,5659,
182,4.256483953213319e-05,7.771020136715379e-06,2.231733731150598e-07,5669,
182,,,,5672,4.356449790066108e-05
183,4.3134434235980734e-05,1.2814156434615143e-05,2.2690049661377998e-07,5679,
183,4.245880336384289e-05,7.948832717374898e-06,2.3282748884412285e-07,5689,
183,4.088424611836672e-05,6.67155973133049e-06,2.4458609004796017e-07,5699,
183,,,,5703,4.324295878177509e-05
184,4.1946241253754124e-05,1.0302120244887192e-05,2.529241669435578e-07,5709,
184,4.2165836930507794e-05,8.515856279700529e-06,2.2677737376852747e-07,5719,
184,4.169633029960096e-05,7.355258276220411e-06,2.2674480248952023e-07,5729,
184,,,,5734,4.291371442377567e-05
185,4.13691159337759e-05,7.878347787482198e-06,2.1872341449125088e-07,5739,
185,4.07391125918366e-05,7.2169286795542575e-06,2.151395932514788e-07,5749,
185,4.189617538941093e-05,7.82988627179293e-06,2.423395812911622e-07,5759,
185,,,,5765,4.2577670683385804e-05
186,4.442026329343207e-05,9.571292139298748e-06,2.42000282923982e-07,5769,
186,4.148772859480232e-05,7.037926025077468e-06,2.385129960202903e-07,5779,
186,4.0917748265201226e-05,7.442534752044594e-06,2.2253017561979505e-07,5789,
186,,,,5796,4.2232171836076304e-05
187,4.44133511336986e-05,1.4254337656893767e-05,2.5661753966232936e-07,5799,
187,4.1098694055108353e-05,7.765271220705472e-06,2.2679435573991213e-07,5809,
187,4.0406692278338596e-05,6.666310127911856e-06,2.399748382231337e-07,5819,
187,,,,5827,4.187211379758082e-05
188,4.270274075679481e-05,1.4878406545904e-05,2.224977890818991e-07,5829,
188,3.979661414632574e-05,8.858093679009471e-06,2.154115321673089e-07,5839,
188,4.115772753721103e-05,7.980574991961475e-06,2.4898869810385804e-07,5849,
188,,,,5858,4.1495739424135536e-05
189,4.141137105762027e-05,8.921204425860196e-06,2.4506508111699077e-07,5859,
189,4.005547452834435e-05,8.376227015105542e-06,2.455192316119792e-07,5869,
189,3.8577891245950013e-05,6.78306832924136e-06,2.3225109657687426e-07,5879,
189,3.869688953272998e-05,5.055596375314053e-06,3.4961977757319573e-09,5889,
189,,,,5889,4.111320959054865e-05
190,4.0910083043854684e-05,6.28603766017477e-06,2.406698627055448e-07,5899,
190,3.9460814150515944e-05,6.6481893554737326e-06,2.490620545358979e-07,5909,
190,4.084182728547603e-05,6.437617685151054e-06,2.5935912617569556e-07,5919,
190,,,,5920,4.0754282963462174e-05
191,3.9386384742101654e-05,6.572584425157402e-06,2.5173085305141285e-07,5929,
191,3.92983783967793e-05,6.42020995655912e-06,2.2933414811632247e-07,5939,
191,3.9379490772262216e-05,6.1697101045865566e-06,2.3424817641171103e-07,5949,
191,,,,5951,4.0432085370412096e-05
192,3.9529939385829493e-05,7.835244105081074e-06,2.408227999239898e-07,5959,
192,3.868355634040199e-05,5.447748662845697e-06,2.3713703001249087e-07,5969,
192,4.0066737710731104e-05,6.9421039370354265e-06,2.320282703749399e-07,5979,
192,,,,5982,4.011688724858686e-05
193,3.910634768544696e-05,7.155400908231968e-06,2.3559147166452021e-07,5989,
193,3.957791341235861e-05,6.932604719622759e-06,2.4106515184030286e-07,5999,
193,3.7830464862054214e-05,6.05161130806664e-06,2.545087625094311e-07,6009,
193,,,,6013,3.9789923903299496e-05
194,3.830032073892653e-05,7.089382506819675e-06,2.6376650907877774e-07,6019,
194,3.915614797733724e-05,6.248096269700909e-06,2.356875654641044e-07,6029,
194,3.8712390960427e-05,6.11808945905068e-06,2.348476328961624e-07,6039,
194,,,,6044,3.947530422010459e-05
195,3.908999133273028e-05,7.326795639528427e-06,2.272406049996789e-07,6049,
195,3.797938916250132e-05,5.728317319153575e-06,2.232714422234494e-07,6059,
195,3.907451537088491e-05,6.043519078957615e-06,2.519223585295549e-07,6069,
195,,,,6075,3.9215272408910096e-05
196,4.0669256122782826e-05,6.796569778089179e-06,2.518238204629597e-07,6079,
196,3.908593862433918e-05,6.544118605233962e-06,2.482981358298275e-07,6089,
196,3.789128822972998e-05,6.066971309337532e-06,2.3120428238598834e-07,6099,
196,,,,6106,3.909007500624284e-05
197,4.022318898933008e-05,8.210604391933884e-06,2.682603508219472e-07,6109,
197,3.861130608129315e-05,6.413466962840175e-06,2.363471622857105e-07,6119,
197,3.8057365600252524e-05,6.2148023971531074e-06,2.505771874439233e-07,6129,
197,,,,6137,3.874131289194338e-05
198,3.835954703390598e-05,7.903686309873592e-06,2.3075355670698627e-07,6139,
198,3.732986806426197e-05,6.406502507161349e-06,2.240984571244553e-07,6149,
198,3.8493490137625486e-05,6.487241535069188e-06,2.580669615781517e-07,6159,
198,,,,6168,3.842314254143275e-05
199,3.830060813925229e-05,7.250056114571635e-06,2.5495376121398294e-07,6169,
199,3.740163447218947e-05,7.210428975668037e-06,2.5587718255337677e-07,6179,
199,3.6121757148066536e-05,6.158302312542219e-06,2.4197686343541136e-07,6189,
199,3.671806553029455e-05,7.825638022040948e-06,3.6874905351425014e-09,6199,
199,,,,6199,3.843626473098993e-05
200,3.9716760511510074e-05,1.3793111975246575e-05,2.5013559934450313e-07,6209,
200,3.722356632351875e-05,7.588561857119203e-06,2.5914474122146203e-07,6219,
200,3.8539223169209436e-05,7.4559061431500595e-06,2.7001118496627896e-07,6229,
200,,,,6230,3.7920217437203974e-05
201,3.806712629739195e-05,9.88750525721116e-06,2.6236691041958693e-07,6239,
201,3.673441460705362e-05,5.923468506807694e-06,2.3837360174638889e-07,6249,
201,3.6813180486205965e-05,6.680872502329294e-06,2.442312450057216e-07,6259,
201,,,,6261,3.7763828004244715e-05
202,3.758096499950625e-05,1.113161397370277e-05,2.507291583242477e-07,6269,
202,3.648025085567497e-05,5.357196187105728e-06,2.468612194661546e-07,6279,
202,3.7328853068174794e-05,7.187237770267529e-06,2.4139430365721637e-07,6289,
202,,,,6292,3.790052869589999e-05
203,3.876616028719582e-05,1.7918382582138292e-05,2.449563112350006e-07,6299,
203,3.767703674384393e-05,7.495956651837332e-06,2.4993966007968993e-07,6309,
203,3.556029332685284e-05,6.227909125300357e-06,2.649104544616421e-07,6319,
203,,,,6323,3.728856609086506e-05
204,3.6585915950126946e-05,9.691119885246735e-06,2.751843908299634e-07,6329,
204,3.65824562322814e-05,5.772280928795226e-06,2.4510748630746093e-07,6339,
204,3.655462205642834e-05,5.504135515366215e-06,2.4357314032386057e-07,6349,
204,,,,6354,3.713059049914591e-05
205,3.65587038686499e-05,6.962659881537547e-06,2.3635682566691685e-07,6359,
205,3.5496268537826836e-05,5.470435553434072e-06,2.319705174613773e-07,6369,
205,3.640249269665219e-05,5.329367013473529e-06,2.619634926759318e-07,6379,
205,,,,6385,3.744112473214045e-05
206,3.84104969270993e-05,6.871170171507401e-06,2.622137742491759e-07,6389,
206,3.74331466446165e-05,8.288820936286356e-06,2.586778009572299e-07,6399,
206,3.6005636502522975e-05,6.5415683820901904e-06,2.402406948931457e-07,6409,
206,,,,6416,3.740057582035661e-05
207,3.905637640855275e-05,1.1817180165962782e-05,2.802296421577921e-07,6419,
207,3.9128746720962226e-05,1.5429288396262564e-05,2.463033297317452e-07,6429,
207,3.6011038901051506e-05,5.775048975920072e-06,2.6171161948695953e-07,6439,
207,,,,6447,3.667523924377747e-05
208,3.671327795018442e-05,8.739199074625503e-06,2.3944315330481913e-07,6449,
208,3.569112595869228e-05,9.095446330320556e-06,2.3339694621427043e-07,6459,
208,3.6966353945899755e-05,8.515599802194629e-06,2.676196970696765e-07,6469,
208,,,,6478,3.597333488869481e-05
209,3.5858542105415836e-05,5.955552751402138e-06,2.653485182690929e-07,6479,
209,3.50726731994655e-05,5.97618100073305e-06,2.672467473985307e-07,6489,
209,3.396525062271394e-05,5.084199983684812e-06,2.521778412756248e-07,6499,
209,3.338140595587902e-05,3.928860678570345e-06,3.893657840592368e-09,6509,
209,,,,6509,3.5654771636473015e-05
210,3.571458728401922e-05,4.642701696866425e-06,2.607804390208912e-07,6519,
210,3.4780056012095883e-05,5.581911409535678e-06,2.699106573800236e-07,6529,
210,3.56392192770727e-05,5.015615442971466e-06,2.812776358496194e-07,6539,
210,,,,6540,3.545529762050137e-05
211,3.469550210866146e-05,4.934271601086948e-06,2.739905085036298e-07,6549,
211,3.4676868381211534e-05,4.933483523927862e-06,2.481712613189302e-07,6559,
211,3.46340675605461e-05,5.677190983988112e-06,2.5489964627922745e-07,6569,
211,,,,6571,3.55548327206634e-05
212,3.4577220503706485e-05,6.78220158079057e-06,2.6144221010326874e-07,6579,
212,3.441633452894166e-05,4.81543338537449e-06,2.570729122908233e-07,6589,
212,3.513427873258479e-05,5.329145551513648e-06,2.513800723136228e-07,6599,
212,,,,6602,3.581892451620661e-05
213,3.5138364182785153e-05,5.752778633905109e-06,2.547508870520687e-07,6609,
213,3.4636439522728324e-05,5.268515451462008e-06,2.5963583993871e-07,6619,
213,3.3451811759732664e-05,4.751238520839252e-06,2.759570065791195e-07,6629,
213,,,,6633,3.634672975749709e-05
214,3.594045483623631e-05,1.2161872291471809e-05,2.871442745799868e-07,6639,
214,3.415023456909694e-05,5.142517693457194e-06,2.5501807954242395e-07,6649,
214,3.460903826635331e-05,5.0608259698492475e-06,2.5285009996878216e-07,6659,
214,,,,6664,3.5956152714788914e-05
215,3.6070094211027026e-05,1.2714946024061646e-05,2.4604892701063363e-07,6669,
215,3.419900531298481e-05,7.772060598654207e-06,2.4110235585794726e-07,6679,
215,3.423028101678938e-05,4.5732226681138854e-06,2.72541910817381e-07,6689,
215,,,,6695,3.526443833834492e-05
216,3.655274849734269e-05,6.92091407472617e-06,2.729356367581204e-07,6699,
216,3.473194010439329e-05,5.310049346007872e-06,2.694235945455148e-07,6709,
216,3.395177554921247e-05,5.449799573398195e-06,2.4956145239229954e-07,6719,
216,,,,6726,3.527280568960123e-05
217,3.587813989724964e-05,7.583515980513766e-06,2.9238304932732717e-07,6729,
217,3.43263236572966e-05,6.533276064146776e-06,2.568634442923212e-07,6739,
217,3.369247860973701e-05,6.109444257162977e-06,2.731887036588887e-07,6749,
217,,,,6757,3.485366323729977e-05
218,3.407806798350066e-05,6.6582069848664105e-06,2.4874293558241334e-07,6759,
218,3.298525552963838e-05,4.627553607861046e-06,2.434026384889876e-07,6769,
218,3.464287146925926e-05,6.807387308072066e-06,2.7750556341743504e-07,6779,
218,,,,6788,3.455833575571887e-05
219,3.44144064001739e-05,5.973948191240197e-06,2.760882864549785e-07,6789,
219,3.330943945911713e-05,9.544312888465356e-06,2.784696846447332e-07,6799,
219,3.197754267603159e-05,5.275280273053795e-06,2.6254770091327373e-07,6809,
219,3.186814865330234e-05,5.206076821195893e-06,4.099547812330684e-09,6819,
219,,,,6819,3.4607404813868925e-05
220,3.382844806765206e-05,4.712573172582779e-06,2.71354537062507e-07,6829,
220,3.268377622589469e-05,4.624444954970386e-06,2.8104091143177357e-07,6839,
220,3.389224730199203e-05,6.971589300519554e-06,2.9298945491973427e-07,6849,
220,,,,6850,3.403931623324752e-05
221,3.276080678915605e-05,4.947916750097647e-06,2.855186664874054e-07,6859,
221,3.332325286464766e-05,5.1282854656165e-06,2.581367937182222e-07,6869,
221,3.2696701964596286e-05,6.406760348909302e-06,2.6576745426609705e-07,6879,
221,,,,6881,3.396293323021382e-05
222,3.263249891460873e-05,7.272136372193927e-06,2.7243154931966274e-07,6889,
222,3.2863637898117304e-05,5.617045189865166e-06,2.675882058156276e-07,6899,
222,3.304720303276554e-05,5.2894656619173475e-06,2.616159520130168e-07,6909,
222,,,,6912,3.392114012967795e-05
223,3.3658110623946413e-05,9.162936294160318e-06,2.6499944283386867e-07,6919,
223,3.273522452218458e-05,5.000793407816673e-06,2.696582441785722e-07,6929,
223,3.1636802305001765e-05,4.132110916543752e-06,2.871105095891835e-07,6939,
223,,,,6943,3.390878191567026e-05
224,3.3417498343624175e-05,8.796162546786945e-06,2.9917333677076385e-07,6949,
224,3.216143522877246e-05,4.187697868474061e-06,2.6533257369010244e-07,6959,
224,3.260743687860668e-05,4.07178731620661e-06,2.624419437324832e-07,6969,
224,,,,6974,3.3783773687900975e-05
225,3.288534571765922e-05,5.941899416939123e-06,2.5581996965229337e-07,6979,
225,3.181545253028162e-05,4.386844921100419e-06,2.5059384256564954e-07,6989,
225,3.257773278164677e-05,4.324917881604051e-06,2.8337984758763923e-07,6999,
225,,,,7005,3.372263381606899e-05
226,3.3697637263685465e-05,5.267084816296119e-06,2.839340424998227e-07,7009,
226,3.2189662306336686e-05,4.451777840586146e-06,2.8060267709406617e-07,7019,
226,3.247094718972221e-05,4.549754066829337e-06,2.5916605750353483e-07,7029,
226,,,,7036,3.374958396307193e-05
227,3.3450422051828355e-05,6.772061169613153e-06,3.048177177333855e-07,7039,
227,3.15936267725192e-05,4.2266701711923815e-06,2.6777718176163035e-07,7049,
227,3.2111682230606675e-05,4.420729055709671e-06,2.845287667696539e-07,7059,
227,,,,7067,3.352038038428873e-05
228,3.3163029002025723e-05,6.649698661931325e-06,2.5824724048106873e-07,7069,
228,3.120743713225238e-05,4.5420852075039875e-06,2.5334750830552366e-07,7079,
228,3.185218884027563e-05,4.445707872946514e-06,2.8769593996003096e-07,7089,
228,,,,7098,3.2821655622683465e-05
229,3.26643894368317e-05,4.8815886657394e-06,2.871512947422161e-07,7099,
229,3.105431460426189e-05,5.398616394813871e-06,2.903255733599508e-07,7109,
229,3.01375039271079e-05,3.602119704737561e-06,2.7306421657158353e-07,7119,
229,2.909919567173347e-05,3.0639600936410716e-06,4.311345946916845e-09,7129,
229,,,,7129,3.287494109827094e-05
230,3.212367300875485e-05,6.626983122259844e-06,2.822469298280339e-07,7139,
230,3.130904951831326e-05,5.914804660278605e-06,2.9234331577754347e-07,7149,
230,3.237864439142868e-05,8.415478987444658e-06,3.0498844694193394e-07,7159,
230,,,,7160,3.343996650073677e-05
231,3.318683593533933e-05,1.9628774680313654e-05,2.9691980785173655e-07,7169,
231,3.1544037483399734e-05,6.606929218833102e-06,2.683626973976061e-07,7179,
231,3.20800936606247e-05,1.1891833310073707e-05,2.7695591597876046e-07,7189,
231,,,,7191,3.270509114372544e-05
232,3.4186687116744e-05,2.3725277060293593e-05,2.8347344027679355e-07,7199,
232,3.15655670419801e-05,7.3420269472990185e-06,2.7825134907288884e-07,7209,
232,3.134466533083469e-05,4.140249984629918e-06,2.7189864226784266e-07,7219,
232,,,,7222,3.2486015697941184e-05
233,3.182465661666356e-05,8.184099897334818e-06,2.7526607482286636e-07,7229,
233,3.1374125683214515e-05,5.963402145425789e-06,2.798152536342968e-07,7239,
233,3.0352628527907655e-05,4.6522995944542345e-06,2.9838858495168097e-07,7249,
233,,,,7253,3.1892650440568104e-05
234,3.205719622201286e-05,1.0223391655017622e-05,3.114214166544116e-07,7259,
234,3.057499270653352e-05,5.234567197476281e-06,2.757531660790846e-07,7269,
234,3.100363028352149e-05,3.7332986266847e-06,2.7208653818888706e-07,7279,
234,,,,7284,3.1629871955374256e-05
235,3.217197809135541e-05,8.69728137331549e-06,2.6586533863337536e-07,7289,
235,3.0094801331870258e-05,4.115057436138159e-06,2.601514097477775e-07,7299,
235,3.0671271815663204e-05,3.852813279081602e-06,2.941764023489668e-07,7309,
235,,,,7315,3.1545798265142366e-05
236,3.2788244425319135e-05,6.791800842620432e-06,2.9505096676984977e-07,7319,
236,3.0776696803513914e-05,4.594868642016081e-06,2.9163882686589204e-07,7329,
236,3.0647752282675356e-05,4.2058345570694655e-06,2.6878890935222444e-07,7339,
236,,,,7346,3.159046536893584e-05
237,3.1448755180463195e-05,5.71416103412048e-06,3.1722950666335237e-07,7349,
237,2.9982300475239754e-05,5.078846697870176e-06,2.785460537779727e-07,7359,
237,2.9986158551764674e-05,3.5622822451841785e-06,2.958973652766872e-07,7369,
237,,,,7377,3.1513987778453156e-05
238,3.1707004382042214e-05,5.104709543957142e-06,2.676790700206766e-07,7379,
238,2.9682041713385843e-05,4.611874373949831e-06,2.6333847813475586e-07,7389,
238,3.0030567359062843e-05,3.665088797788485e-06,2.9786173172396957e-07,7399,
238,,,,7408,3.1387648050440475e-05
239,3.1193158065434545e-05,4.162758614256745e-06,2.980070519242872e-07,7409,
239,2.9712591640418395e-05,3.923285021301126e-06,3.0180302701410255e-07,7419,
239,2.885877802327741e-05,3.4848803807108197e-06,2.835281804891565e-07,7429,
239,2.7343028705217876e-05,3.454769966992899e-06,4.5168504492210104e-09,7439,
239,,,,7439,3.146926246699877e-05
240,3.061060488107614e-05,7.429591732943663e-06,2.9286931635397195e-07,7449,
240,2.954370756924618e-05,5.47314311916125e-06,3.034274982383067e-07,7459,
240,3.117925371043384e-05,8.588744094595313e-06,3.16773906661183e-07,7469,
240,,,,7470,3.209773785783909e-05
241,3.2448300771648064e-05,2.1639725673594512e-05,3.084142861098371e-07,7479,
241,2.985575338243507e-05,5.024388428864768e-06,2.784404387057293e-07,7489,
241,2.9436438126140274e-05,4.220188202452846e-06,2.877571887438535e-07,7499,
241,,,,7501,3.0742321541765705e-05
242,2.9192393412813544e-05,3.725873511939426e-06,2.945104142781929e-07,7509,
242,2.93239008897217e-05,3.6377784908836475e-06,2.888157837332983e-07,7519,
242,2.9825388992321678e-05,3.65837377103162e-06,2.8234978799446253e-07,7529,
242,,,,7532,3.056157584069297e-05
243,3.062485484406352e-05,6.201549695106223e-06,2.856190519651136e-07,7539,
243,2.942404171335511e-05,4.2091710383829195e-06,2.8987673772462585e-07,7549,
243,2.862374640244525e-05,3.866773568006465e-06,3.0951244411880907e-07,7559,
243,,,,7563,3.0285273169283755e-05
244,3.0179800887708552e-05,7.194768386398209e-06,3.2326971677321126e-07,7569,
244,2.902634150814265e-05,3.951483904529596e-06,2.861111170204822e-07,7579,
244,2.9184033337514848e-05,3.3603596421016846e-06,2.8152402364867157e-07,7589,
244,,,,7594,3.110086981905624e-05
245,3.02128100884147e-05,9.100228453462478e-06,2.757315371582081e-07,7599,
245,2.9239898140076548e-05,7.124254807422403e-06,2.694618501664081e-07,7609,
245,2.9550636099884287e-05,4.598427040036768e-06,3.048079975087603e-07,7619,
245,,,,7625,2.9790888220304623e-05
246,2.99920193356229e-05,3.7249271827022312e-06,3.0568787678930676e-07,7629,
246,2.8974358428968117e-05,3.6446422200242523e-06,3.023399415269523e-07,7639,
246,2.9214705136837438e-05,3.955920874432195e-06,2.781559658160404e-07,7649,
246,,,,7656,3.0357534342329018e-05
247,3.079497400904074e-05,6.988992481637979e-06,3.2934104865489644e-07,7659,
247,2.8637594368774444e-05,4.868080850428669e-06,2.89158947452961e-07,7669,
247,2.8339649361441843e-05,4.3188897507207e-06,3.0697847819283197e-07,7679,
247,,,,7687,2.945627420558594e-05
248,2.9851451472495683e-05,4.932654519507196e-06,2.769534148683306e-07,7689,
248,2.836058229149785e-05,4.361655555840116e-06,2.7293572202324867e-07,7699,
248,2.8669188395724632e-05,3.8535267776751425e-06,3.0768234182687593e-07,7709,
248,,,,7718,3.056857894989662e-05
249,3.0351920941029675e-05,4.928103862766875e-06,3.085822299908614e-07,7719,
249,2.893555210903287e-05,5.200209670874756e-06,3.1286333523894427e-07,7729,
249,2.8011598260491155e-05,6.03867874815478e-06,2.9352946739891195e-07,7739,
249,2.5842202376225032e-05,2.1709843167627696e-06,4.705177136798966e-09,7749,
249,,,,7749,2.970357127196621e-05
250,2.8779908461729065e-05,3.309857447675313e-06,3.0310405918498873e-07,7759,
250,2.8254582502995618e-05,3.873329660564195e-06,3.1414239742844074e-07,7769,
250,2.886255970224738e-05,5.003524620406097e-06,3.279642442066688e-07,7779,
250,,,,7780,2.9201310098869726e-05
251,2.8104808734497055e-05,5.736487764806952e-06,3.1968838243301434e-07,7789,
251,2.865015630959533e-05,4.53032862424152e-06,2.8808517527068034e-07,7799,
251,2.7898187909158878e-05,3.073594825764303e-06,2.9810271939822997e-07,7809,
251,,,,7811,2.872228651540354e-05
252,2.768191188806668e-05,3.1318993478635093e-06,3.048141650197067e-07,7819,
252,2.7383683118387125e-05,2.7208818664803402e-06,2.9874931328777166e-07,7829,
252,2.845357266778592e-05,3.616176854848163e-06,2.921951818279922e-07,7839,
252,,,,7842,2.8928674510098062e-05
253,3.117688902420923e-05,1.4004405784362461e-05,2.95205239808638e-07,7849,
253,2.811621561704669e-05,4.631672709365375e-06,2.9937888257336454e-07,7859,
253,2.7224292352912016e-05,3.1460513127967715e-06,3.1982756354409503e-07,7869,
253,,,,7873,2.839632361428812e-05
254,2.7818083253805526e-05,5.187945589568699e-06,3.342123306993017e-07,7879,
254,2.755315108515788e-05,3.0647213407064555e-06,2.95991981147381e-07,7889,
254,2.7829313694383018e-05,3.2614059364277637e-06,2.9045622795820236e-07,7899,
254,,,,7904,2.8974256565561518e-05
255,2.761477662716061e-05,4.615473244484747e-06,2.849649547442823e-07,7909,
255,2.7177646188647486e-05,3.1161187052930472e-06,2.782447836580104e-07,7919,
255,2.8175139959785156e-05,3.3930170957319206e-06,3.1488576723859296e-07,7929,
255,,,,7935,2.914905417128466e-05
256,2.9222686862340197e-05,5.738071195082739e-06,3.160048720474151e-07,7939,
256,2.7730193323804997e-05,3.553630449459888e-06,3.125609282506048e-07,7949,
256,2.7781625249190256e-05,3.7966674426570535e-06,2.871327637876675e-07,7959,
256,,,,7966,2.860281711036805e-05
257,2.938396210083738e-05,5.622981916530989e-06,3.408212307931535e-07,7969,
257,2.6988838726538233e-05,3.354688715262455e-06,2.992072154484049e-07,7979,
257,2.706099439819809e-05,3.218747906430508e-06,3.1724559335089e-07,7989,
257,,,,7997,2.8207550712977536e-05
258,2.895774923672434e-05,4.406947027746355e-06,2.856652088212286e-07,7999,
258,2.685359140741639e-05,3.513181582093239e-06,2.8196933499202714e-07,8009,
258,2.7162090191268362e-05,2.9480177090590587e-06,3.1707816106063547e-07,8019,
258,,,,8028,2.8177621061331593e-05
259,2.7998516088700853e-05,3.4232864436489763e-06,3.187981576502352e-07,8029,
259,2.762071198958438e-05,7.981225280673243e-06,3.233936922697467e-07,8039,
259,2.683730963326525e-05,7.028056188573828e-06,3.031908875072986e-07,8049,
259,2.575476173660718e-05,9.677147318143398e-06,4.882610316059299e-09,8059,
259,,,,8059,2.9245800760691054e-05
260,2.9401631763903424e-05,1.4551158528774977e-05,3.1246770504367305e-07,8069,
260,2.665827196324244e-05,3.689157210828853e-06,3.24156218312055e-07,8079,
260,2.7287080229143612e-05,3.0936698749428615e-06,3.3858623282867484e-07,8089,
260,,,,8090,2.780282375169918e-05
261,2.6961810362990946e-05,5.210952167544747e-06,3.303683513422584e-07,8099,
261,2.6717243599705398e-05,3.003784513566643e-06,2.9713658022956224e-07,8109,
261,2.7024892915505916e-05,3.5477798974170582e-06,3.078548900248279e-07,8119,
261,,,,8121,2.85170699498849e-05
262,2.9296859793248586e-05,1.0728035704232752e-05,3.1449519610760035e-07,8129,
262,2.6150275516556576e-05,2.396276386207319e-06,3.081258057591185e-07,8139,
262,2.7059308195021003e-05,3.1487522846873617e-06,3.014320668626169e-07,8149,
262,,,,8152,2.759795097517781e-05
263,2.7924776077270508e-05,6.889531050546793e-06,3.0442544129982707e-07,8159,
263,2.673227027116809e-05,3.5132638913637493e-06,3.08456804987145e-07,8169,
263,2.5917986931744963e-05,2.5531633127684472e-06,3.296789543583145e-07,8179,
263,,,,8183,2.831916935974732e-05
264,2.9137841920601204e-05,1.2811178748961538e-05,3.4494010492380767e-07,8189,
264,2.6879930373979732e-05,5.6163394219765905e-06,3.052503245726257e-07,8199,
264,2.6600937417242676e-05,2.821559746735147e-06,2.9881454111091443e-07,8209,
264,,,,8214,2.7178446543985046e-05
265,2.6883937607635744e-05,5.458027771965135e-06,2.937480587661412e-07,8219,
265,2.6001091100624762e-05,3.4625688840606017e-06,2.865953661057574e-07,8229,
265,2.6473368052393198e-05,3.432836138017592e-06,3.2426220286652097e-07,8239,
265,,,,8245,2.796391891024541e-05
266,2.82661148958141e-05,7.936559995869175e-06,3.2575374575571914e-07,8249,
266,2.729952393565327e-05,7.318314601434395e-06,3.219309121504921e-07,8259,
266,2.6379670089227147e-05,3.864054633595515e-06,2.9559211611740466e-07,8269,
266,,,,8276,2.6660900402930565e-05
267,2.71524659183342e-05,3.5456516798149096e-06,3.515248749863531e-07,8279,
267,2.549979035393335e-05,2.593945964690647e-06,3.0852339705234044e-07,8289,
267,2.60466131294379e-05,3.519653546391055e-06,3.267779504767532e-07,8299,
267,,,,8307,2.712053174036555e-05
268,2.7782372853835113e-05,5.05165508002392e-06,2.938480747616268e-07,8309,
268,2.593532371975016e-05,4.757861461257562e-06,2.902013420680305e-07,8319,
268,2.6166910174652003e-05,3.811405349551933e-06,3.256548950503202e-07,8329,
268,,,,8338,2.6333518690080382e-05
269,2.6180996428593062e-05,2.811652166201384e-06,3.281808460542379e-07,8339,
269,2.5468010790064e-05,3.5285270314489026e-06,3.3325898129987763e-07,8349,
269,2.4883303922251798e-05,2.8618824217119254e-06,3.1166919711722585e-07,8359,
269,2.3838607376092114e-05,2.8824922537751263e-06,5.042555706324947e-09,8369,
269,,,,8369,2.7111447707284242e-05
270,2.6731404432212003e-05,5.014473117626039e-06,3.212255421658483e-07,8379,
270,2.549065357015934e-05,2.9787549920001766e-06,3.3348342753924953e-07,8389,
270,2.634211523400154e-05,2.8794868285331177e-06,3.484393005237507e-07,8399,
270,,,,8400,2.663852137629874e-05
271,2.5725012164912187e-05,5.7510783335601445e-06,3.395633427771827e-07,8409,
271,2.584120557003189e-05,3.223282647013548e-06,3.05381092857715e-07,8419,
271,2.5891004042932764e-05,2.784596063065692e-06,3.168339333115e-07,8429,
271,,,,8431,2.7111495001008734e-05
272,2.7274221793049946e-05,9.840548045758624e-06,3.235887220398581e-07,8439,
272,2.535450221330393e-05,3.7357033306761878e-06,3.1684237455920083e-07,8449,
272,2.6864885512623005e-05,4.295739472581772e-06,3.1016463708510855e-07,8459,
272,,,,8462,2.6045496269944124e-05
273,2.6251569579471834e-05,3.7688439533667406e-06,3.129493393316807e-07,8469,
273,2.541611138440203e-05,2.6919776701106457e-06,3.1682444046055025e-07,8479,
273,2.5144830942736007e-05,2.7281198526907247e-06,3.3856753134386963e-07,8489,
273,,,,8493,2.579640204203315e-05
274,2.6047637220472097e-05,4.777118647325551e-06,3.545811182448233e-07,8499,
274,2.4910525098675862e-05,2.429448386465083e-06,3.141200011214096e-07,8509,
274,2.5197483410011046e-05,2.6732375317806145e-06,3.065303531002428e-07,8519,
274,,,,8524,2.6808991606230848e-05
275,2.5948604161385447e-05,4.166158305451972e-06,3.0216241952985e-07,8529,
275,2.57637493632501e-05,9.774906175152864e-06,2.94021759827956e-07,8539,
275,2.60386095760623e-05,4.410033398016822e-06,3.3274830002483213e-07,8549,
275,,,,8555,2.7521031370270066e-05
276,2.963995939353481e-05,6.746054623363307e-06,3.3482376693427796e-07,8559,
276,2.632375617395155e-05,5.411402526078746e-06,3.306926430468593e-07,8569,
276,2.5342829758301377e-05,4.322943823353853e-06,3.0337406542457757e-07,8579,
276,,,,8586,2.5525670935167e-05
277,2.6453944883542135e-05,2.998913714691298e-06,3.612236127992219e-07,8589,
277,2.4615135771455243e-05,3.096854698014795e-06,3.172969513798307e-07,8599,
277,2.5032386474777013e-05,3.118392214673804e-06,3.355541480232205e-07,8609,
277,,,,8617,2.6004006940638646e-05
278,2.8395803383318707e-05,4.738972620543791e-06,3.0152838803587656e-07,8619,
278,2.4493634555255994e-05,4.397940756462049e-06,2.981267925861175e-07,8629,
278,2.4976030545076355e-05,3.4588701964821666e-06,3.338197416269395e-07,8639,
278,,,,8648,2.4780605599517003e-05
279,2.4655766537762247e-05,2.6126958800887223e-06,3.3705748592183227e-07,8649,
279,2.428432708256878e-05,3.3297624213446397e-06,3.4241341495544475e-07,8659,
279,2.3624921595910564e-05,2.3708225853624754e-06,3.1982719406187243e-07,8669,
279,2.280790613440331e-05,2.6510231236898107e-06,5.192434038292504e-09,8679,
279,,,,8679,2.4985936761368066e-05
280,2.570425749581773e-05,5.716872237826465e-06,3.2957436246761063e-07,8689,
280,2.401736128376797e-05,2.582962906672037e-06,3.4233246992698696e-07,8699,
280,2.4794066121103242e-05,2.5077711143239867e-06,3.5772666251432383e-07,8709,
280,,,,8710,2.4760642190813087e-05
281,2.4828257664921694e-05,5.763289209426148e-06,3.4825546890715486e-07,8719,
281,2.4597724404884502e-05,3.2903569717745995e-06,3.1312683290707355e-07,8729,
281,2.422646684863139e-05,2.3046495698508807e-06,3.2515143288947e-07,8739,
281,,,,8741,2.519924964872189e-05
282,2.550257158873137e-05,4.9756927182897925e-06,3.3192915793733846e-07,8749,
282,2.4353297703783028e-05,3.3047931538021658e-06,3.249244571179588e-07,8759,
282,2.4652093998156488e-05,3.3941062156372936e-06,3.182669843226904e-07,8769,
282,,,,8772,2.5556515538482927e-05
283,2.7208840037928894e-05,1.3320182915776968e-05,3.2055271503850236e-07,8779,
283,2.53328380495077e-05,3.9924429984239396e-06,3.2448693332298717e-07,8789,
283,2.4513974494766444e-05,5.724312359234318e-06,3.4649718827495235e-07,8799,
283,,,,8803,2.5762188670341857e-05
284,2.7088492061011493e-05,1.0410883987788111e-05,3.632749496773613e-07,8809,
284,2.4466624381602742e-05,3.689686081997934e-06,3.2207756817115296e-07,8819,
284,2.4404160285484977e-05,2.3269383291335544e-06,3.134253745429305e-07,8829,
284,,,,8834,2.4849261535564438e-05
285,2.5850062229437754e-05,4.8523770601605065e-06,3.0935723316360964e-07,8839,
285,2.4260660211439244e-05,2.6965010420099134e-06,3.013039702182141e-07,8849,
285,2.3979728211998008e-05,2.318396809641854e-06,3.4081881494785193e-07,8859,
285,,,,8865,2.4910194042604417e-05
286,2.6318206437281333e-05,3.860350716422545e-06,3.43163719662698e-07,8869,
286,2.4664275770192035e-05,2.802907829391188e-06,3.3884825256791373e-07,8879,
286,2.3671394956181757e-05,2.3653833522985224e-06,3.1086852914086194e-07,8889,
286,,,,8896,2.4467881303280592e-05
287,2.5910658223438077e-05,4.088179593964014e-06,3.7086996940161043e-07,8899,
287,2.4094646505545825e-05,2.946674840131891e-06,3.256045033595001e-07,8909,
287,2.4138398657669313e-05,3.2861187264643377e-06,3.436826432334783e-07,8919,
287,,,,8927,2.455653520883061e-05
288,2.472657615726348e-05,5.3301478146750014e-06,3.0878561574354535e-07,8929,
288,2.389290602877736e-05,4.309986252337694e-06,3.053056047974678e-07,8939,
288,2.3882095774752088e-05,3.895731879310915e-06,3.4120063219234e-07,8949,
288,,,,8958,2.3908107323222794e-05
289,2.376107659074478e-05,3.520583504723618e-06,3.451395400588808e-07,8959,
289,2.323789340152871e-05,3.2108243885886623e-06,3.505300583128701e-07,8969,
289,2.258774111396633e-05,2.064244199573295e-06,3.2702351404623187e-07,8979,
289,2.1461113647092134e-05,1.6782635157142067e-06,5.324564344988403e-09,8989,
289,,,,8989,2.3529788450105116e-05
290,2.392538772255648e-05,4.037810867885128e-06,3.3722815828696184e-07,8999,
290,2.3632201191503555e-05,2.4981954993563704e-06,3.5048702784479246e-07,9009,
290,2.3785165467415936e-05,2.7662078991852468e-06,3.661554615064233e-07,9019,
290,,,,9020,2.3838694687583484e-05
291,2.3670918380958028e-05,3.388246568647446e-06,3.5611731163953664e-07,9029,
291,2.356097502342891e-05,3.5411987937550293e-06,3.205233838343702e-07,9039,
291,2.3308986783376895e-05,2.1678438315575477e-06,3.32865567997942e-07,9049,
291,,,,9051,2.38848715525819e-05
292,2.500511436664965e-05,5.492121545103146e-06,3.398269541321497e-07,9059,
292,2.3590504497406073e-05,4.825300493394025e-06,3.3242122299270704e-07,9069,
292,2.3564907678519376e-05,3.22095229421393e-06,3.257283651691978e-07,9079,
292,,,,9082,2.412487992842216e-05
293,2.5296494641224854e-05,9.574812793289311e-06,3.279047859905404e-07,9089,
293,2.3899077859823592e-05,2.7048931769968476e-06,3.3186773862325936e-07,9099,
293,2.2895650545251556e-05,4.8931915443972684e-06,3.539645376804401e-07,9109,
293,,,,9113,2.469885839673225e-05
294,2.612580829008948e-05,1.5002653526607901e-05,3.7146500631024537e-07,9119,
294,2.408983709756285e-05,4.745375917991623e-06,3.29717551039721e-07,9129,
294,2.3435120965586975e-05,2.5303681923105614e-06,3.198398985659878e-07,9139,
294,,,,9144,2.4152552214218304e-05
295,2.6300456738681532e-05,4.567030828184215e-06,3.162166990477999e-07,9149,
295,2.3344286091742106e-05,2.5891317818604875e-06,3.077480243973696e-07,9159,
295,2.3033315301290713e-05,2.1715229649998946e-06,3.479335646261461e-07,9169,
295,,,,9175,2.3528666133643128e-05
296,2.497578680049628e-05,3.846738309221109e-06,3.5076897120234207e-07,9179,
296,2.345584289287217e-05,3.163248038617894e-06,3.461366873125371e-07,9189,
296,2.2611786334891804e-05,2.166942749681766e-06,3.1771696740179323e-07,9199,
296,,,,9206,2.283053436258342e-05
297,2.5096460376516916e-05,2.768295416899491e-06,3.7923149420748814e-07,9209,
297,2.325806963199284e-05,3.537884140314418e-06,3.331550715302001e-07,9219,
297,2.250187571917195e-05,2.2151111807033885e-06,3.510532735617744e-07,9229,
297,,,,9237,2.2720521883456968e-05
298,2.2819856894784607e-05,2.4933719942055177e-06,3.1543467571282235e-07,9239,
298,2.2516887838719413e-05,3.596811893658014e-06,3.1180110227069235e-07,9249,
298,2.245418909296859e-05,2.431286020510015e-06,3.4814823379747395e-07,9259,
298,,,,9268,2.2828111468697898e-05
299,2.2651422113995068e-05,2.43940667132847e-06,3.524680209920916e-07,9269,
299,2.2797365090809762e-05,5.300065822666511e-06,3.5806107234748197e-07,9279,
299,2.241644324385561e-05,5.799365681014024e-06,3.3374527674823184e-07,9289,
299,2.2518244804814458e-05,9.1968868218828e-06,5.4316138253796e-09,9299,
299,,,,9299,2.444761230435688e-05
300,2.4551813112339005e-05,1.0073644261865411e-05,3.438643716435763e-07,9309,
300,2.35298321058508e-05,7.330685093620559e-06,3.5786641205959313e-07,9319,
300,2.6690129743656144e-05,1.1557830475794617e-05,3.7425070331664756e-07,9329,
300,,,,9330,2.3618487830390222e-05
301,2.266830597363878e-05,5.895393314858666e-06,3.629001241733931e-07,9339,
301,2.3607593902852386e-05,5.785853772977134e-06,3.268651198595762e-07,9349,
301,2.3480370145989582e-05,2.8246515739738243e-06,3.399269132842164e-07,9359,
301,,,,9361,2.327253059775103e-05
302,2.2144213289720938e-05,2.173075472455821e-06,3.469406237854855e-07,9369,
302,2.2657326553598978e-05,3.5819339245790616e-06,3.3910654906321724e-07,9379,
302,2.3530323232989758e-05,3.288235575382714e-06,3.3274832844654156e-07,9389,
302,,,,9392,2.2614714907831512e-05
303,2.1742047465522774e-05,2.26561587624019e-06,3.3506390195725544e-07,9399,
303,2.274892722198274e-05,3.093085751970648e-06,3.386281548500847e-07,9409,
303,2.183361903007608e-05,2.264958084197133e-06,3.609953580507863e-07,9419,
303,,,,9423,2.249025237688329e-05
304,2.2090871425461955e-05,3.5701320939551806e-06,3.7871117797294573e-07,9429,
304,2.1730069420300424e-05,1.9741644337045727e-06,3.370284389347944e-07,9439,
304,2.226996366516687e-05,2.0206700810376788e-06,3.2622256185277365e-07,9449,
304,,,,9454,2.210758248111233e-05
305,2.2307352992356755e-05,4.3398845264164265e-06,3.2286374107570737e-07,9459,
305,2.1648411347996444e-05,2.5955894216167508e-06,3.137562032407004e-07,9469,
305,2.1740283045801334e-05,2.0184040749882115e-06,3.5454891644803865e-07,9479,
305,,,,9485,2.1977029973641038e-05
306,2.2762780645280145e-05,2.033245209531742e-06,3.5817294019580004e-07,9489,
306,2.2212356270756572e-05,2.424270405754214e-06,3.5296505984661053e-07,9499,
306,2.1555180865107104e-05,2.1997250314598205e-06,3.239613306504907e-07,9509,
306,,,,9516,2.199336995545309e-05
307,2.2902026103110984e-05,3.134241069346899e-06,3.8727321793885494e-07,9519,
307,2.2861717297928408e-05,2.061850409518229e-06,3.4011512184406456e-07,9529,
307,2.1887793991481885e-05,2.6022853489848785e-06,3.5771788020610984e-07,9539,
307,,,,9547,2.3311873519560322e-05
308,2.6085877834702842e-05,5.114572104503168e-06,3.2192284038501384e-07,9549,
308,2.4775152269285172e-05,7.314795311685884e-06,3.175575784553075e-07,9559,
308,2.2305279344436713e-05,5.199880433792714e-06,3.5431222045190225e-07,9569,
308,,,,9578,2.502556708350312e-05
309,2.474537177477032e-05,6.973792096687248e-06,3.593763437947928e-07,9579,
309,2.325426794413943e-05,7.768360774207395e-06,3.651298641216272e-07,9589,
309,2.083405888697598e-05,2.344817858102033e-06,3.398328374260018e-07,9599,
309,1.9752338630496524e-05,2.3576137664349517e-06,5.549632309254093e-09,9609,
309,,,,9609,2.2027874365448952e-05
310,2.235952160845045e-05,5.058343049313407e-06,3.506943926367967e-07,9619,
310,2.1197507521719672e-05,1.9848612282657996e-06,3.650842756997008e-07,9629,
310,2.2389214791473933e-05,3.633057758634095e-06,3.818714446879312e-07,9639,
310,,,,9640,2.163925273634959e-05
311,2.1787469449918717e-05,6.649384886259213e-06,3.702492392676504e-07,9649,
311,2.1773586922790855e-05,3.232118388041272e-06,3.336308225243556e-07,9659,
311,2.1185869627515785e-05,1.833372380133369e-06,3.4681548299886344e-07,9669,
311,,,,9671,2.1381214537541382e-05
312,2.1219266272964887e-05,1.761511157383211e-06,3.5374759477235784e-07,9679,
312,2.1224195734248497e-05,2.190982968386379e-06,3.4546741289886995e-07,9689,
312,2.1513302272069268e-05,2.112404672516277e-06,3.3944587585210684e-07,9699,
312,,,,9702,2.1355814169510268e-05
313,2.159247742383741e-05,4.965070274920436e-06,3.412991986806446e-07,9709,
313,2.191184103139676e-05,2.3538264031230938e-06,3.4499993262215867e-07,9719,
313,2.0545328879961744e-05,2.2858182546769967e-06,3.672460024972679e-07,9729,
313,,,,9733,2.1283505702740513e-05
314,2.1326281057554297e-05,2.802915105348802e-06,3.855473380554031e-07,9739,
314,2.1109126464580186e-05,2.5140577690763166e-06,3.436975077875104e-07,9749,
314,2.1259402274154127e-05,2.529823632357875e-06,3.318362757909199e-07,9759,
314,,,,9764,2.1298979845596477e-05
315,2.1343017579056323e-05,2.790469352476066e-06,3.2873757049856067e-07,9769,
315,2.0764877262990922e-05,2.440963953631581e-06,3.1940214739734074e-07,9779,
315,2.1143239791854285e-05,2.5249371446989244e-06,3.6057258512300905e-07,9789,
315,,,,9795,2.249981844215654e-05
316,2.2761014406569302e-05,5.103468993183924e-06,3.650394830856385e-07,9799,
316,2.260385372210294e-05,6.589701115444768e-06,3.5926743180425547e-07,9809,
316,2.1909132556174882e-05,4.3674185690179e-06,3.297346609087981e-07,9819,
316,,,,9826,2.215035965491552e-05
317,2.7535244953469373e-05,8.268484634754714e-06,3.945937976368441e-07,9829,
317,2.268129901494831e-05,8.791730579105206e-06,3.467320368599758e-07,9839,
317,2.056476478173863e-05,2.1493299300345825e-06,3.638730561306147e-07,9849,
317,,,,9857,2.12142967939144e-05
318,2.318736915185582e-05,7.4762328949873336e-06,3.276702216226113e-07,9859,
318,2.1418421965790913e-05,5.556986707233591e-06,3.2331439570043585e-07,9869,
318,2.078480065392796e-05,3.831908088614e-06,3.604219500630279e-07,9879,
318,,,,9888,2.1339759769034572e-05
319,2.11269853025442e-05,2.4689745714567835e-06,3.6582568441190233e-07,9889,
319,2.0803510778932832e-05,3.2018876936490415e-06,3.7207016134743753e-07,9899,
319,2.0123072317801416e-05,2.7689527541951975e-06,3.4555893080323585e-07,9909,
319,1.857909228419885e-05,1.4255015230446588e-06,5.642651679238497e-09,9919,
319,,,,9919,2.128123196598608e-05
320,2.077733734040521e-05,2.6576349227980245e-06,3.5640402984427055e-07,9929,
320,2.0557778043439612e-05,2.1016510345361894e-06,3.714202421178925e-07,9939,
320,2.1652618670486845e-05,2.2303163405013038e-06,3.886201511704712e-07,9949,
320,,,,9950,2.159238101739902e-05
321,2.0285628124838695e-05,1.8397980738882325e-06,3.764526468330587e-07,9959,
321,2.115060306095984e-05,1.8811217614711495e-06,3.39421916351057e-07,9969,
321,2.097720789606683e-05,2.0466411569941556e-06,3.5295002476232185e-07,9979,
321,,,,9981,2.1407671738415956e-05
322,2.207833676948212e-05,3.291323082521558e-06,3.600831917083269e-07,9989,
322,2.045544533757493e-05,1.6810296301628114e-06,3.517646689488174e-07,9999,
322,2.117050826200284e-05,2.1828016087965807e-06,3.457601280842937e-07,10009,
322,,,,10012,2.1166753867873922e-05
323,2.411919558653608e-05,3.954862222599331e-06,3.4763550615934946e-07,10019,
323,2.100071287713945e-05,1.922560386447003e-06,3.5121857422382163e-07,10029,
323,1.9903773136320524e-05,1.8732686157818534e-06,3.7346313774833106e-07,10039,
323,,,,10043,2.1063497115392238e-05
324,2.4939125069067813e-05,4.454535883269273e-06,3.92631761769735e-07,10049,
324,2.0234994735801592e-05,2.3870695713412715e-06,3.504172525481408e-07,10059,
324,2.028264498221688e-05,1.8615324961501756e-06,3.3752189665392507e-07,10069,
324,,,,10074,2.1133580958121456e-05
325,2.1654019292327575e-05,3.237949158574338e-06,3.346039534335432e-07,10079,
325,2.0317722373874858e-05,4.563079528452363e-06,3.250547422339878e-07,10089,
325,2.03236431843834e-05,2.9142227049305802e-06,3.665220731363661e-07,10099,
325,,,,10105,2.2088028345024213e-05
326,2.2457197701442055e-05,5.254772531770868e-06,3.720186327882402e-07,10109,
326,2.0933115592924878e-05,4.4157691263535526e-06,3.655576676919736e-07,10119,
326,2.0720550310215913e-05,3.211137709513423e-06,3.357438629336684e-07,10129,
326,,,,10136,2.1055375327705406e-05
327,2.5378467398695648e-05,5.369983682612656e-06,4.017200581074576e-07,10139,
327,2.054137621598784e-05,7.525497039750917e-06,3.535346877470147e-07,10149,
327,2.0210372895235196e-05,2.3988802695384948e-06,3.701835851188662e-07,10159,
327,,,,10167,2.045427572738845e-05
328,2.106137981172651e-05,4.093586085218703e-06,3.3372893426530936e-07,10169,
328,2.0161834981990978e-05,5.254898042039713e-06,3.2940161531769263e-07,10179,
328,1.9804530893452466e-05,2.060193082797923e-06,3.670008936751401e-07,10189,
328,,,,10198,2.007271359616425e-05
329,1.988820622500498e-05,2.083212848447147e-06,3.725248234331957e-07,10199,
329,1.9678025637404062e-05,2.5468850708421087e-06,3.787423565881909e-07,10209,
329,1.8866287064156495e-05,1.7708127870719181e-06,3.5137449572175683e-07,10219,
329,1.8054946849588305e-05,1.625537720428838e-06,5.747243569942384e-09,10229,
329,,,,10229,1.9933922885684296e-05
330,1.99511614482617e-05,1.9010115011042217e-06,3.628044851211598e-07,10239,
330,1.9485923985484987e-05,1.990301143450779e-06,3.7815647146999254e-07,10249,
330,1.979805892915465e-05,1.8544715203461237e-06,3.958492129640945e-07,10259,
330,,,,10260,1.99885071197059e-05
331,1.928232995851431e-05,2.5885080958687468e-06,3.8328818163790856e-07,10269,
331,1.978317231987603e-05,2.1365622160374187e-06,3.454301520378067e-07,10279,
331,1.972457903320901e-05,1.661167743804981e-06,3.589723291952396e-07,10289,
331,,,,10291,1.991168210224714e-05
332,2.1465781173901632e-05,2.856575292753405e-06,3.6635032074627816e-07,10299,
332,1.95911452465225e-05,2.7859307465405436e-06,3.576007827632566e-07,10309,
332,1.9954175513703376e-05,2.413999709460768e-06,3.5193568237446016e-07,10319,
332,,,,10322,2.003193185373675e-05
333,2.272759775223676e-05,4.976804120815359e-06,3.5338806014806323e-07,10329,
333,1.9891902411472984e-05,1.8486355202185223e-06,3.5715626722776506e-07,10339,
333,1.8769018424791284e-05,2.0775667053385405e-06,3.7921765283499553e-07,10349,
333,,,,10353,2.1256586478557438e-05
334,2.3096656150300987e-05,5.628229246212868e-06,3.987877619238134e-07,10359,
334,1.990928649320267e-05,4.572953457682161e-06,3.565007489214622e-07,10369,
334,1.9645616703201085e-05,2.4963794658106053e-06,3.427506669595459e-07,10379,
334,,,,10384,2.0540464902296662e-05
335,2.9967235604999587e-05,1.2686078662227374e-05,3.399589445507445e-07,10389,
335,2.1019439373048954e-05,5.483570475917077e-06,3.303622690964403e-07,10399,
335,1.9682725906022824e-05,3.4101274195563747e-06,3.717070455877547e-07,10409,
335,,,,10415,2.0319617760833353e-05
336,2.237058106402401e-05,1.4732084309798665e-05,3.783529223255755e-07,10419,
336,1.9491408238536678e-05,2.9975128654768923e-06,3.711953411311697e-07,10429,
336,1.900167808344122e-05,2.1838916381966555e-06,3.414381808397593e-07,10439,
336,,,,10446,1.9707791580003686e-05
337,2.0788229448953643e-05,3.7609054288623156e-06,4.0847967852641887e-07,10449,
337,1.9513638108037412e-05,2.0544564449664904e-06,3.594609552237671e-07,10459,
337,1.8576663933345117e-05,1.664090973463317e-06,3.7602026736749394e-07,10469,
337,,,,10477,1.94653603102779e-05
338,2.0601410142262466e-05,2.6932368655252503e-06,3.3920807140930265e-07,10479,
338,1.9775419787038118e-05,2.08262190426467e-06,3.343314460835245e-07,10489,
338,1.881634489109274e-05,2.309598585270578e-06,3.7252533502396545e-07,10499,
338,,,,10508,1.9479704860714264e-05
339,1.9250535842729732e-05,1.7203894913109252e-06,3.7818688269908307e-07,10509,
339,1.8940700101666152e-05,3.263459575464367e-06,3.8436934346464113e-07,10519,
339,1.8392887795926072e-05,2.1397088403318776e-06,3.5624080396701174e-07,10529,
339,1.7015459889080375e-05,1.3153575082469615e-06,5.836295002836778e-09,10539,
339,,,,10539,1.9527429685695097e-05
340,1.8923281459137797e-05,2.016834514506627e-06,3.679591316085862e-07,10549,
340,1.945750045706518e-05,2.006837348744739e-06,3.8398934520955663e-07,10559,
340,1.9153612811351195e-05,1.7135619145847159e-06,4.0239169152300747e-07,10569,
340,,,,10570,1.9472914573270828e-05
341,1.83746396942297e-05,2.251359319416224e-06,3.889859385708405e-07,10579,
341,1.9705214072018862e-05,1.8149545439882786e-06,3.5079418125860684e-07,10589,
341,1.9002198314410634e-05,1.5808760736035765e-06,3.646468655915669e-07,10599,
341,,,,10601,1.908539343276061e-05
342,2.064584259642288e-05,3.051396561204456e-06,3.720436723142484e-07,10609,
342,1.8829370674211532e-05,2.3294828679354396e-06,3.6309299389358785e-07,10619,
342,1.9486435121507384e-05,2.352653382331482e-06,3.57762132807693e-07,10629,
342,,,,10632,1.9131917724735104e-05
343,2.2230751710594632e-05,4.738360985356849e-06,3.5911139661948255e-07,10639,
343,1.9559502106858417e-05,1.8656036218089866e-06,3.6273422665544786e-07,10649,
343,1.8004033336183056e-05,1.9070669168286258e-06,3.84797374408663e-07,10659,
343,,,,10663,2.003848203457892e-05
344,2.2801008526585065e-05,7.04358535585925e-06,4.0485599583917065e-07,10669,
344,1.9847806470352225e-05,4.889845058642095e-06,3.6227652344678063e-07,10679,
344,1.8766986613627523e-05,2.2632536911260104e-06,3.47974236092341e-07,10689,
344,,,,10694,1.9780296497629024e-05
345,2.0784553271369077e-05,7.187819846876664e-06,3.450308270203095e-07,10699,
345,1.949639045051299e-05,7.929990715638269e-06,3.352124053890293e-07,10709,
345,1.8669517885427922e-05,2.550483941377024e-06,3.771738761315646e-07,10719,
345,,,,10725,1.9007204173249193e-05
346,1.921447619679384e-05,2.2752037693862803e-06,3.8456829543065396e-07,10729,
346,1.8224096493213437e-05,1.7971779016079381e-06,3.7713942901973496e-07,10739,
346,1.808157867344562e-05,1.8500282976674498e-06,3.469269529432495e-07,10749,
346,,,,10756,1.842904748627916e-05
347,1.9321156287332997e-05,2.5171243578370195e-06,4.1507027503939753e-07,10759,
347,1.7880262021208182e-05,2.029900997513323e-06,3.654778311101836e-07,10769,
347,1.763999171089381e-05,1.6017260122680455e-06,3.8143630831655173e-07,10779,
347,,,,10787,1.8423521396471187e-05
348,1.9491077182465233e-05,2.0337154182925588e-06,3.447405561018968e-07,10789,
348,1.917713052534964e-05,3.644771368271904e-06,3.392823373360443e-07,10799,
348,1.7988986655836925e-05,1.700599455034535e-06,3.780476447445835e-07,10809,
348,,,,10818,1.8483822714188136e-05
349,1.826275183702819e-05,2.159329369533225e-06,3.839247995074402e-07,10819,
349,1.8431337593938224e-05,2.9049181193840923e-06,3.9046128108566336e-07,10829,
349,1.7382017176714726e-05,1.593605929883779e-06,3.6119209312346356e-07,10839,
349,1.6427722584921867e-05,1.462122213524708e-06,5.932097479899312e-09,10849,
349,,,,10849,1.834479371609632e-05
350,1.8317721696803346e-05,3.388572849871707e-06,3.7367075833572017e-07,10859,
350,1.7627053239266388e-05,3.341343926877016e-06,3.8975130678409187e-07,10869,
350,1.9423578123678453e-05,4.2116621443710756e-06,4.092137260158779e-07,10879,
350,,,,10880,1.8890741557697766e-05
351,1.812420850910712e-05,2.966120291603147e-06,3.9450810618291143e-07,10889,
351,1.8385471776127815e-05,2.548492375353817e-06,3.561241896932188e-07,10899,
351,1.9416103896219283e-05,3.7971014990034746e-06,3.700668287365261e-07,10909,
351,,,,10911,1.9384833649382927e-05
352,2.003201916522812e-05,7.859271136112511e-06,3.7720730006185477e-07,10919,
352,1.820583565859124e-05,2.5088791062444216e-06,3.677361917198141e-07,10929,
352,2.1474294044310227e-05,5.484446319314884e-06,3.633999483554362e-07,10939,
352,,,,10942,1.9034558135899715e-05
353,2.128587948391214e-05,1.9011842596228234e-05,3.642533954462124e-07,10949,
353,1.8387416275800206e-05,2.137119963663281e-06,3.6748852494383755e-07,10959,
353,1.7608103007660247e-05,2.6791410618898226e-06,3.8993508155726886e-07,10969,
353,,,,10973,1.7740148905431852e-05
354,1.7924412532011047e-05,1.8229641227662796e-06,4.1037878872884903e-07,10979,
354,1.73133139469428e-05,1.5997417222024524e-06,3.6754050825038576e-07,10989,
354,1.7537760868435726e-05,1.5782333093738998e-06,3.5306143786328903e-07,10999,
354,,,,11004,1.7584990928298794e-05
355,1.8618386093294248e-05,2.3133441118261544e-06,3.4999240483557514e-07,11009,
355,1.7230730009032413e-05,1.6137936427185195e-06,3.4048827046717633e-07,11019,
355,1.7221880625584163e-05,1.5027812878543045e-06,3.8243788935687917e-07,11029,
355,,,,11035,1.7725084035191685e-05
356,2.007888542721048e-05,2.1103630842844723e-06,3.9095374404496397e-07,11039,
356,1.8832290152204223e-05,2.739732508416637e-06,3.8291432247206103e-07,11049,
356,1.720887485134881e-05,1.6510957721038722e-06,3.522354177221132e-07,11059,
356,,,,11066,1.80405804712791e-05
357,2.1205460143391974e-05,2.3972022518137237e-06,4.211383100027888e-07,11069,
357,1.8079637811752036e-05,2.473021822879673e-06,3.7138255493118777e-07,11079,
357,1.7398959244019352e-05,1.6267360933852615e-06,3.8659652545902645e-07,11089,
357,,,,11097,1.780063394107856e-05
358,1.8282560631632805e-05,2.3633351702301297e-06,3.499977765386575e-07,11099,
358,1.7702286640997045e-05,3.823705810646061e-06,3.4452233421689016e-07,11109,
358,1.7798174667404965e-05,3.860636752506252e-06,3.834742585695494e-07,11119,
358,,,,11128,1.8279260984854773e-05
359,1.800380414351821e-05,6.618876795982942e-06,3.900093190623011e-07,11129,
359,1.7392374502378516e-05,4.102545062778518e-06,3.958996046549146e-07,11139,
359,1.692133446340449e-05,2.6255838747601956e-06,3.659497167518566e-07,11149,
359,1.6920144844334573e-05,6.1640830608666874e-06,6.025543175525172e-09,11159,
359,,,,11159,1.8455000827088952e-05
360,1.8815126168192364e-05,1.0466656931384932e-05,3.7902489680163853e-07,11169,
360,1.70329149113968e-05,4.166809958405793e-06,3.952329166168056e-07,11179,
360,1.778899422788527e-05,2.2069175429351162e-06,4.1552104335096374e-07,11189,
360,,,,11190,1.814919596654363e-05
361,1.7127173123299144e-05,2.2660065042146016e-06,4.0058182548818877e-07,11199,
361,1.729284122120589e-05,3.06949436890136e-06,3.6124404800830234e-07,11209,
361,1.738086575642228e-05,2.41322868532734e-06,3.7543480857493705e-07,11219,
361,,,,11221,1.73893404280534e-05
362,1.7876809579320252e-05,2.5237793579435674e-06,3.828326100574486e-07,11229,
362,1.674947634455748e-05,1.5510080402236781e-06,3.7292335264282883e-07,11239,
362,1.7425847545382567e-05,1.6172862160601653e-06,3.686500633648393e-07,11249,
362,,,,11252,1.7074411516659893e-05
363,1.8888800696004182e-05,3.203263759132824e-06,3.700803290485055e-07,11259,
363,1.7333180949208327e-05,1.6801077435957268e-06,3.7335280467232224e-07,11269,
363,1.6397605577367358e-05,1.6034379086704575e-06,3.951328721996106e-07,11279,
363,,,,11283,1.7043124898918904e-05
364,2.0651412341976538e-05,4.146523224335397e-06,4.163572953075345e-07,11289,
364,1.6739033526391722e-05,2.592054443084635e-06,3.732289144409151e-07,11299,
364,1.6817153664305806e-05,1.6819554957692162e-06,3.5811126508633606e-07,11309,
364,,,,11314,1.7321415725746192e-05
365,1.9347467969055288e-05,2.5987569642893504e-06,3.5464546499497374e-07,11319,
365,1.7354293959215283e-05,3.360457412782125e-06,3.453893953064835e-07,11329,
365,1.6878086171345785e-05,1.87089813152852e-06,3.8741458752156177e-07,11339,
365,,,,11345,1.7503991330158897e-05
366,2.0109524484723806e-05,5.705022886104416e-06,3.9690215203336265e-07,11349,
366,1.7129221305367537e-05,1.985962853723322e-06,3.882970815993758e-07,11359,
366,1.6385352864745073e-05,1.8911299548562965e-06,3.573244100607553e-07,11369,
366,,,,11376,1.718930434435606e-05
367,1.9328295820741914e-05,2.6351947326475056e-06,4.2759131702041486e-07,11379,
367,1.7264757843804546e-05,6.596067578357179e-06,3.765374287922896e-07,11389,
367,1.7148811821243726e-05,4.5758820306218695e-06,3.916978528195614e-07,11399,
367,,,,11407,1.736491685733199e-05
368,1.8265092876390554e-05,4.8165975385927595e-06,3.5524840313883033e-07,11409,
368,1.698901724012103e-05,2.619682618387742e-06,3.4910704016510863e-07,11419,
368,1.67132693604799e-05,2.5050353542610537e-06,3.8898772913853463e-07,11429,
368,,,,11438,1.7220865629496984e-05
369,1.700027314655017e-05,2.020264901148039e-06,3.9559986930726154e-07,11439,
369,1.8467191694071516e-05,4.517517481872346e-06,4.0172676563088316e-07,11449,
369,1.6004971257643774e-05,2.263803935420583e-06,3.701265995914582e-07,11459,
369,1.4294092579802964e-05,1.3948131254437612e-06,6.135850494359829e-09,11469,
369,,,,11469,1.6520070857950486e-05
370,1.643576797505375e-05,2.025201865762938e-06,3.8458716744571575e-07,11479,
370,1.591576983628329e-05,1.410503273291397e-06,4.013252237200504e-07,11489,
370,1.648366014705971e-05,1.3503256468538893e-06,4.223326470764732e-07,11499,
370,,,,11500,1.6370324374292977e-05
371,1.5822808563825674e-05,1.5143405107664876e-06,4.0633887010699254e-07,11509,
371,1.6510790374013595e-05,2.0396525997057324e-06,3.6677349157798744e-07,11519,
371,1.649334080866538e-05,1.6599236687397934e-06,3.8060835549913463e-07,11529,
371,,,,11531,1.6549300198676065e-05
372,1.8520309822633862e-05,4.1756825339689385e-06,3.884218529037753e-07,11539,
372,1.636700653762091e-05,2.123575995938154e-06,3.7814425013493747e-07,11549,
372,1.695650462352205e-05,1.9572216842789203e-06,3.7421480669763696e-07,11559,
372,,,,11562,1.7357782780891284e-05
373,1.9059658370679244e-05,9.318438060290646e-06,3.75483011794131e-07,11569,
373,1.821471596485935e-05,3.3382718811481027e-06,3.785232536301919e-07,11579,
373,1.5771151083754376e-05,1.5132178532439866e-06,4.003630067472841e-07,11589,
373,,,,11593,1.6685775335645303e-05
374,1.968487777048722e-05,3.788531785176019e-06,4.220952689593105e-07,11599,
374,1.6105435861391015e-05,2.135137265213416e-06,3.7838614730389963e-07,11609,
374,1.6326554032275453e-05,2.2800666101829847e-06,3.632804919107002e-07,11619,
374,,,,11624,1.669339144427795e-05
375,1.7300868421443738e-05,2.6097354748344515e-06,3.595062310068897e-07,11629,
375,1.5937899661366828e-05,3.085025809923536e-06,3.4998672049368906e-07,11639,
375,1.595538924448192e-05,2.1103371636854718e-06,3.92380826497174e-07,11649,
375,,,,11655,1.625602089916356e-05
376,1.84251184691675e-05,1.9234230421716347e-06,4.032204117265792e-07,11659,
376,1.6576021153014153e-05,3.1332922389992746e-06,3.9366813098240527e-07,11669,
376,1.5446366887772456e-05,1.8850295191441546e-06,3.6262241565054865e-07,11679,
376,,,,11686,1.6190530004678294e-05
377,1.8826156519935466e-05,3.527489525367855e-06,4.335268499744416e-07,11689,
377,1.612653250049334e-05,2.24303153117944e-06,3.8248572309385054e-07,11699,
377,1.5413663277286105e-05,1.46790978305944e-06,3.969760484778817e-07,11709,
377,,,,11717,1.5951878594933078e-05
378,1.6655207218718715e-05,2.062937483060523e-06,3.603532263696252e-07,11719,
378,1.609353603271302e-05,2.1620787720166845e-06,3.5398269915276614e-07,11729,
378,1.5649926353944466e-05,1.7165348253911361e-06,3.9443867194677296e-07,11739,
378,,,,11748,1.5867653928580694e-05
379,1.5596104276482947e-05,1.8721779042607523e-06,4.0110006693794276e-07,11749,
379,1.59108003572328e-05,3.507563860694063e-06,4.0713334215070063e-07,11759,
379,1.4952947822166607e-05,1.5261783801179263e-06,3.752003010504268e-07,11769,
379,1.4211842426448129e-05,2.1487303456524387e-06,6.22425844198915e-09,11779,
379,,,,11779,1.6879219401744194e-05
380,2.2542533770320006e-05,1.1407430065446533e-05,3.894354847489012e-07,11789,
380,2.0311626940383576e-05,7.384772743534995e-06,4.0605459616926964e-07,11799,
380,1.7583892258699052e-05,3.956942691729637e-06,4.284622150407813e-07,11809,
380,,,,11810,1.6718715414754115e-05
381,1.5512927348027006e-05,2.7435119136498543e-06,4.1199524503099383e-07,11819,
381,1.6032079656724818e-05,1.7189258869620971e-06,3.7216747728052724e-07,11829,
381,1.6032199710025452e-05,1.931666474774829e-06,3.861601953758509e-07,11839,
381,,,,11841,1.6127340131788515e-05
382,1.585826430527959e-05,1.8022886933977134e-06,3.936919767966174e-07,11849,
382,1.527892891317606e-05,1.8122242408935563e-06,3.828832575436536e-07,11859,
382,1.5951609384501353e-05,1.7250864630113938e-06,3.796764360686211e-07,11869,
382,,,,11872,1.5336829164880328e-05
383,1.574578163854312e-05,2.7424998734204564e-06,3.8076194641689654e-07,11879,
383,1.5735040506115183e-05,1.4385567510544206e-06,3.8383154787879903e-07,11889,
383,1.4847101738268975e-05,1.243028464159579e-06,4.0559467606726685e-07,11899,
383,,,,11903,1.5298348444048315e-05
384,1.6765772670623846e-05,2.076507144010975e-06,4.276272420611349e-07,11909,
384,1.5015520148153882e-05,1.3512673149307375e-06,3.8376913380488986e-07,11919,
384,1.5207200704026036e-05,1.3021378890698543e-06,3.6832508953921206e-07,11929,
384,,,,11934,1.5432080544997007e-05
385,1.8207028915639967e-05,2.804963969538221e-06,3.6419876892068714e-07,11939,
385,1.495311880717054e-05,1.691178908913571e-06,3.551502345544577e-07,11949,
385,1.4879452464811038e-05,1.3781794905298739e-06,3.9753098235451034e-07,11959,
385,,,,11965,1.5531231838394888e-05
386,1.9208462617825717e-05,2.9090831503708614e-06,4.095712995422218e-07,11969,
386,1.537660318717826e-05,1.6420908650616184e-06,3.9951660824044666e-07,11979,
386,1.4571788597095292e-05,1.2755555189869483e-06,3.679635653952573e-07,11989,
386,,,,11996,1.549770968267694e-05
387,1.6253752619377337e-05,2.532947746658465e-06,4.399992690196086e-07,11999,
387,1.5158059795794543e-05,3.2443128930026432e-06,3.8773387700530293e-07,12009,
387,1.5552806871710345e-05,2.773634150798898e-06,4.023925725959998e-07,12019,
387,,,,12027,1.686369432718493e-05
388,1.8046968762064353e-05,1.1521524356794544e-05,3.656564331322443e-07,12029,
388,1.6368292563129216e-05,4.560719389701262e-06,3.587633443657978e-07,12039,
388,1.720258114801254e-05,6.716198640788207e-06,3.9993679479266575e-07,12049,
388,,,,12058,1.6557933122385293e-05
389,1.6311530998791568e-05,2.109138449668535e-06,4.066906740263221e-07,12059,
389,1.6383362890337594e-05,4.433613412402337e-06,4.127708450596401e-07,12069,
389,1.43619799928274e-05,1.298970232710417e-06,3.7957588006065635e-07,12079,
389,1.3685391422768589e-05,1.3440078419080237e-06,6.326189794236825e-09,12089,
389,,,,12089,1.565227285027504e-05
390,1.598370545252692e-05,4.431860816112021e-06,3.949471647501923e-07,12099,
390,1.4576987268810626e-05,1.9360338683327427e-06,4.119500829347089e-07,12109,
390,1.5862529835430905e-05,1.64099003541196e-06,4.3538642557905405e-07,12119,
390,,,,12120,1.651684033276979e-05
391,1.58001475938363e-05,2.1404198378149886e-06,4.1768606706682476e-07,12129,
391,1.4713954442413524e-05,1.4096783615968889e-06,3.766935776639002e-07,12139,
391,1.5673698726459406e-05,1.5039930758575792e-06,3.910286636710225e-07,12149,
391,,,,12151,1.5611594790243544e-05
392,1.5766539945616387e-05,1.6809605085654766e-06,3.9867461509857094e-07,12159,
392,1.463143780711107e-05,1.5132058024391881e-06,3.874154685945541e-07,12169,
392,1.584942583576776e-05,1.5192762248261715e-06,3.848591347832553e-07,12179,
392,,,,12182,1.5034759599075187e-05
393,1.4746997294423636e-05,2.8416050099622225e-06,3.858917523302807e-07,12189,
393,1.5110035747056827e-05,1.3926453448220855e-06,3.8866204477017163e-07,12199,
393,1.4175193427945487e-05,1.178396814793814e-06,4.1046379806175537e-07,12209,
393,,,,12213,1.510665151727153e-05
394,1.63646418513963e-05,3.3506537420180393e-06,4.330108538397326e-07,12219,
394,1.4414195902645588e-05,1.3520326547222794e-06,3.8845351468808076e-07,12229,
394,1.458989572711289e-05,1.1529824632816599e-06,3.730632442966453e-07,12239,
394,,,,12244,1.5075040209922008e-05
395,1.6788400898803957e-05,3.465853296802379e-06,3.688455478823016e-07,12249,
395,1.4365138667926658e-05,2.123432295775274e-06,3.596912279135722e-07,12259,
395,1.4249667401600163e-05,1.446852024855616e-06,4.0229568298855156e-07,12269,
395,,,,12275,1.477113073633518e-05
396,1.705314571154304e-05,2.315634901606245e-06,4.154743464823696e-07,12279,
396,1.5060114492371213e-05,2.0508744000835577e-06,4.045655828122108e-07,12289,
396,1.404253544023959e-05,1.5359827330030384e-06,3.7299872701623826e-07,12299,
396,,,,12306,1.4821428521827329e-05
397,1.6624171621515416e-05,3.900287538272096e-06,4.458220530523249e-07,12309,
397,1.5306524801417254e-05,4.566157713270513e-06,3.930526588646899e-07,12319,
397,1.4102994100539945e-05,1.6382712146878475e-06,4.0715269733482273e-07,12329,
397,,,,12337,1.465243985876441e-05
398,1.6163778127520345e-05,1.815471364352561e-06,3.707646101247519e-07,12339,
398,1.5939500372041948e-05,5.037184564571362e-06,3.637232168784976e-07,12349,
398,1.4842807104287203e-05,5.280552613839973e-06,4.0514410670766665e-07,12359,
398,,,,12368,1.5539448213530704e-05
399,1.5240587345033418e-05,6.234447482711403e-06,4.125760142414947e-07,12369,
399,1.552582580188755e-05,4.937465291732224e-06,4.1797920857788995e-07,12379,
399,1.4736242519575171e-05,5.015058832213981e-06,3.842940827780694e-07,12389,
399,1.3235444384918083e-05,3.161204176649335e-06,6.422527398797229e-09,12399,
399,,,,12399,1.5337591321440414e-05
400,1.476443048886722e-05,2.6389800495962845e-06,4.0050423422144377e-07,12409,
400,1.440792311768746e-05,2.9284014999575447e-06,4.17193461998977e-07,12419,
400,1.4776931493543088e-05,1.651377601774584e-06,4.416535830387147e-07,12429,
400,,,,12430,1.5071739653649274e-05
401,1.4464178093476221e-05,2.4626042431918904e-06,4.2313268977522966e-07,12439,
401,1.4850606021354906e-05,2.6415054890094325e-06,3.8203131680347724e-07,12449,
401,1.4297361303761136e-05,1.2451874908947502e-06,3.9611475699530274e-07,12459,
401,,,,12461,1.5303810869227163e-05
402,1.5581650586682372e-05,3.4028234949801117e-06,4.0406348489341326e-07,12469,
402,1.4771416317671537e-05,2.625788283694419e-06,3.9230076254170854e-07,12479,
402,1.4784467566641979e-05,1.5441343066413538e-06,3.9023390741022013e-07,12489,
402,,,,12492,1.485869779571658e-05
403,1.5638835975551046e-05,4.409165285323979e-06,3.912001034223067e-07,12499,
403,1.534707917016931e-05,3.031247388207703e-06,3.9393404449583613e-07,12509,
403,1.387327938573435e-05,1.6690448774170363e-06,4.158107742568973e-07,12519,
403,,,,12523,1.4908802768331952e-05
404,1.5216439351206645e-05,2.4408236640738323e-06,4.3867470367331407e-07,12529,
404,1.4274584827944636e-05,2.325766899957671e-06,3.935656991416181e-07,12539,
404,1.4162499610392842e-05,2.2176457150635542e-06,3.7825856225026655e-07,12549,
404,,,,12554,1.4838477909506764e-05
405,1.6385572962462902e-05,2.809232000799966e-06,3.735696338935668e-07,12559,
405,1.3679416952072643e-05,2.2387353055819403e-06,3.644157686721883e-07,12569,
405,1.3720901733904611e-05,1.4075279750613845e-06,4.0728255612521025e-07,12579,
405,,,,12585,1.407546460541198e-05
406,1.5943105609039776e-05,2.0988327378290705e-06,4.217873765810509e-07,12589,
406,1.4011146959092002e-05,2.000454287554021e-06,4.097274768355419e-07,12599,
406,1.3244501133158337e-05,1.5152031664911192e-06,3.7826529819540156e-07,12609,
406,,,,12616,1.42630242407904e-05
407,1.7125674276030622e-05,2.929838046838995e-06,4.5192501829660614e-07,12619,
407,1.4875384295010008e-05,4.105753305339022e-06,3.9857860656411503e-07,12629,
407,1.344553857052233e-05,2.2664455627818825e-06,4.1230262581848365e-07,12639,
407,,,,12647,1.447981867386261e-05
408,1.586623147886712e-05,4.303575678932248e-06,3.76189319695186e-07,12649,
408,1.3926446627010591e-05,2.81639017885027e-06,3.684118610181031e-07,12659,
408,1.3569345355790574e-05,1.7696642089504167e-06,4.1085678503804957e-07,12669,
408,,,,12678,1.405527837050613e-05
409,1.376645468553761e-05,2.9137534056644654e-06,4.1821840568445623e-07,12679,
409,1.3534688150684815e-05,2.4928563107096124e-06,4.241759370415821e-07,12689,
409,1.324560071225278e-05,1.436556772205222e-06,3.889464039730228e-07,12699,
409,1.1377063856343739e-05,1.185314772556012e-06,6.5250307379471906e-09,12709,
409,,,,12709,1.383619019179605e-05
410,1.3564975233748555e-05,1.8238008578919107e-06,4.061112974795833e-07,12719,
410,1.35973168653436e-05,2.1625144199788338e-06,4.2297432401028345e-07,12729,
410,1.4278974049375392e-05,1.6490488405906945e-06,4.4844642843600013e-07,12739,
410,,,,12740,1.3680385563930031e-05
411,1.302700002270285e-05,1.2366157307042158e-06,4.2884394702014106e-07,12749,
411,1.3466968084685504e-05,1.3707855259781354e-06,3.8750542330490134e-07,12759,
411,1.400329165335279e-05,1.3804378795612138e-06,4.015670356238843e-07,12769,
411,,,,12771,1.3822718756273389e-05
412,2.3835469619370997e-05,2.7811984182335436e-05,4.088767298071616e-07,12779,
412,1.6576623238506727e-05,7.943259333842434e-06,3.971719593209855e-07,12789,
412,1.5460514987353235e-05,6.0538804973475635e-06,3.9554007003061997e-07,12799,
412,,,,12802,1.4077902051212732e-05
413,1.395337312715128e-05,2.1930227376287803e-06,3.9595462908437185e-07,12809,
413,1.4333717444969807e-05,2.0140953438385623e-06,3.993844472915953e-07,12819,
413,1.3500732165994123e-05,2.6772984256240306e-06,4.211723592106864e-07,12829,
413,,,,12833,1.3905159903515596e-05
414,1.390104807796888e-05,3.352109388288227e-06,4.4388599462763523e-07,12839,
414,1.3189347555453423e-05,1.31837441585958e-06,3.9867200030130334e-07,12849,
414,1.3253698853077367e-05,1.2774648894264828e-06,3.8358112419700774e-07,12859,
414,,,,12864,1.3445259355648886e-05
415,1.3624304301629309e-05,1.4068758673602133e-06,3.784988393817912e-07,12869,
415,1.2743308616336435e-05,1.067988023351063e-06,3.6935699654350174e-07,12879,
415,1.2916182640765328e-05,1.461749775444332e-06,4.124528061311139e-07,12889,
415,,,,12895,1.323758715443546e-05
416,1.5117684597498737e-05,1.9550620891095605e-06,4.2783415210578823e-07,12899,
416,1.3226434020907618e-05,1.2780436691173236e-06,4.154138650847017e-07,12909,
416,1.2597423847182654e-05,1.0549362059464329e-06,3.8351623743437813e-07,12919,
416,,,,12926,1.325856828771066e-05
417,1.6324815078405663e-05,1.8912217001343379e-06,4.5786345026499475e-07,12929,
417,1.351996252196841e-05,1.918520638355403e-06,4.0407525148111745e-07,12939,
417,1.2604050425579771e-05,1.1947934126510518e-06,4.1770138636820775e-07,12949,
417,,,,12957,1.3215001672506332e-05
418,1.4602357623516582e-05,1.8170488829127862e-06,3.8110795230750227e-07,12959,
418,1.4424443179450464e-05,2.4795288027235074e-06,3.730203559371148e-07,12969,
418,1.2891176993434783e-05,1.2269027820366318e-06,4.1649298054835526e-07,12979,
418,,,,12988,1.3103287528792862e-05
419,1.2828546459786594e-05,1.546614726066764e-06,4.237658401962108e-07,12989,
419,1.2948798939760309e-05,3.136625309707597e-06,4.294125233172963e-07,12999,
419,1.237899050465785e-05,1.4820685692029656e-06,3.937919075269747e-07,13009,
419,1.0762681085907388e-05,1.3376206879911479e-06,6.637103311391002e-09,13019,
419,,,,13019,1.3467857570503838e-05
420,1.4342510439746547e-05,5.23383323525195e-06,4.111783198368357e-07,13029,
420,1.2388507457217202e-05,1.2053575346726575e-06,4.280012433355296e-07,13039,
420,1.3789882359560579e-05,4.4957714635529555e-06,4.550134917735704e-07,13049,
420,,,,13050,1.3268133443489205e-05
421,1.3712552572542336e-05,4.984389306628145e-06,4.342396380252467e-07,13059,
421,1.3691376807400957e-05,4.296609859011369e-06,3.9262420159502653e-07,13069,
421,1.3017937817494385e-05,1.6667120235069888e-06,4.068690486747073e-07,13079,
421,,,,13081,1.3292972653289326e-05
422,1.3357834177440964e-05,1.780524144123774e-06,4.143551279867097e-07,13089,
422,1.2803579011233523e-05,1.7845321735876496e-06,4.024299471439008e-07,13099,
422,1.3347247659112327e-05,1.6043316009017872e-06,4.011780561086198e-07,13109,
422,,,,13112,1.2950489690410905e-05
423,1.2598887224157806e-05,2.0052921172464266e-06,4.017536241462949e-07,13119,
423,1.337630510533927e-05,1.7427772718292545e-06,4.048869755024498e-07,13129,
423,1.235087347595254e-05,1.3988701539346948e-06,4.2632521513041866e-07,13139,
423,,,,13143,1.2722681276500225e-05
424,1.522034017398255e-05,2.5666668079793453e-06,4.5028639306110563e-07,13149,
424,1.2582851013576146e-05,1.2029795470880345e-06,4.0419277524961217e-07,13159,
424,1.2412987416610122e-05,1.2139712453063112e-06,3.888937385454483e-07,13169,
424,,,,13174,1.2788908861693926e-05
425,1.634885666135233e-05,2.1922821815678617e-06,3.832661548131e-07,13179,
425,1.2230635547894053e-05,1.1940746844629757e-06,3.744850118891918e-07,13189,
425,1.2083165529475082e-05,1.142764290307241e-06,4.18041878447184e-07,13199,
425,,,,13205,1.2670376236201264e-05
426,1.5611571143381298e-05,2.1509781618078705e-06,4.3466627630550647e-07,13209,
426,1.2612610589712858e-05,1.7153557791971252e-06,4.209979920233309e-07,13219,
426,1.1795099453593139e-05,1.2431380582711427e-06,3.8908515875846206e-07,13229,
426,,,,13236,1.242901271325536e-05
427,1.3989852959639393e-05,2.024266223088489e-06,4.646338709335396e-07,13239,
427,1.269663971470436e-05,2.593075350887375e-06,4.096991688129492e-07,13249,
427,1.1839665603474714e-05,1.4919825161996414e-06,4.2320090187786263e-07,13259,
427,,,,13267,1.2612456885108259e-05
428,1.4510284017887898e-05,1.949619445440476e-06,3.8668372326355893e-07,13269,
428,1.3578866855823435e-05,3.434926156842266e-06,3.7806290720254765e-07,13279,
428,1.2040729416185059e-05,1.740680431794317e-06,4.222265488351695e-07,13289,
428,,,,13298,1.2246588994457852e-05
429,1.1964752957283054e-05,1.4844621318843565e-06,4.298123599255632e-07,13299,
429,1.3568082977144513e-05,9.340069482277613e-06,4.3512824277058826e-07,13309,
429,1.1849428119603544e-05,2.198631136707263e-06,3.983207648161624e-07,13319,
429,1.0789961379487067e-05,3.691863867061329e-06,6.738779312343013e-09,13329,
429,,,,13329,1.3097170267428737e-05
430,1.3985103578306735e-05,7.4194736043864395e-06,4.1786873339333397e-07,13339,
430,1.2603414688783232e-05,3.16712680614728e-06,4.3442040009722405e-07,13349,
430,1.263001195184188e-05,2.8288566227274714e-06,4.622962137545983e-07,13359,
430,,,,13360,1.2404151675582398e-05
431,1.193046318803681e-05,3.710674718604423e-06,4.406441576065845e-07,13369,
431,1.2762211554218084e-05,3.5648979519464774e-06,3.9823760289436905e-07,13379,
431,1.2414442608132958e-05,2.0983161448384635e-06,4.123589292248653e-07,13389,
431,,,,13391,1.2618786058737896e-05
432,1.2467134183680173e-05,1.9133478872390697e-06,4.201078809273895e-07,13399,
432,1.17660956675536e-05,1.7274981018999824e-06,4.0739482187746034e-07,13409,
432,1.2531410902738571e-05,1.4049829815121484e-06,4.071246451076149e-07,13419,
432,,,,13422,1.228114251716761e-05
433,1.2858778063673526e-05,1.967279786185827e-06,4.0751808683126e-07,13429,
433,1.271206019737292e-05,1.321978402302193e-06,4.107224640392815e-07,13439,
433,1.1594001080084126e-05,1.4900460882927291e-06,4.318372361922229e-07,13449,
433,,,,13453,1.2282819625397678e-05
434,1.371525831928011e-05,2.309218871232588e-06,4.562616311432066e-07,13459,
434,1.2025794603687245e-05,1.6993866438497207e-06,4.0923450228547154e-07,13469,
434,1.172464089904679e-05,1.365527396046673e-06,3.9453263411814987e-07,13479,
434,,,,13484,1.1800371794379316e-05
435,1.307625188928796e-05,1.6183641946554417e-06,3.8844873984089645e-07,13489,
435,1.2088082257832866e-05,1.6936119209276512e-06,3.795761074343318e-07,13499,
435,1.1429632650106214e-05,1.1321180863888003e-06,4.2392090904286306e-07,13509,
435,,,,13515,1.2151894225098658e-05
436,1.483473624830367e-05,3.3797427931858692e-06,4.4154575107313576e-07,13519,
436,1.2644484741031192e-05,2.3937943751661805e-06,4.266508710770722e-07,13529,
436,1.101219550037058e-05,1.2650001508518471e-06,3.947143625282479e-07,13539,
436,,,,13546,1.1585080756049138e-05
437,1.3192775440984406e-05,1.7228749129571952e-06,4.71601708795788e-07,13549,
437,1.2697785678028595e-05,1.686357109065284e-06,4.1569006725694635e-07,13559,
437,1.1065862963732798e-05,1.3023153542235377e-06,4.293187600978854e-07,13569,
437,,,,13577,1.2375121514196508e-05
438,1.609758510312531e-05,3.661800974441576e-06,3.925215139588545e-07,13579,
438,1.3498867701855488e-05,3.491699771984713e-06,3.834843482763972e-07,13589,
438,1.1654842637653928e-05,1.985685230465606e-06,4.2863734961429145e-07,13599,
438,,,,13608,1.1850572263938375e-05
439,1.1556683602975681e-05,2.6152233658649493e-06,4.3640403646350023e-07,13609,
439,1.14248550744378e-05,2.1922855921729933e-06,4.416432091147726e-07,13619,
439,1.1431105122028384e-05,1.9435772173892474e-06,4.0361419451073743e-07,13629,
439,9.938617949956097e-06,3.064789780182764e-06,6.8356591498286434e-09,13639,
439,,,,13639,1.2818262803193647e-05
440,1.2843114745919593e-05,5.403126124292612e-06,4.2450758996892546e-07,13649,
440,1.1499394531711005e-05,4.334268396632979e-06,4.408641416375758e-07,13659,
440,1.1197927051398437e-05,1.5312729146899073e-06,4.7027725713633117e-07,13669,
440,,,,13670,1.1535758858371992e-05
441,1.1965646081080195e-05,1.963501972568338e-06,4.4760520268027904e-07,13679,
441,1.2812551176466513e-05,3.168347120663384e-06,4.040690555484616e-07,13689,
441,1.1467954209365416e-05,1.7180976783492952e-06,4.18575638150287e-07,13699,
441,,,,13701,1.1790019925683737e-05
442,1.1377342161722481e-05,1.395281628902012e-06,4.2644646214284876e-07,13709,
442,1.0885852134379093e-05,1.2986306501261424e-06,4.131505590976303e-07,13719,
442,1.152226104750298e-05,1.591326395100623e-06,4.1373672843292297e-07,13729,
442,,,,13732,1.120907563745277e-05
443,1.064922889781883e-05,1.3484026339938282e-06,4.1375952264388616e-07,13739,
443,1.1214390724489931e-05,1.1635028158707428e-06,4.175128935912653e-07,13749,
443,1.0713853043853305e-05,1.3120142057232442e-06,4.3812278249788505e-07,13759,
443,,,,13763,1.1189557881152723e-05
444,1.2719957339868415e-05,2.7708056222763844e-06,4.6355995664271177e-07,13769,
444,1.1256519428570755e-05,1.4488276747215423e-06,4.156049726589117e-07,13779,
444,1.0893602848227601e-05,1.2678406164923217e-06,4.0079467567011307e-07,13789,
444,,,,13794,1.0755875337054022e-05
445,1.1633701433311217e-05,1.3124041515766294e-06,3.9448454458579363e-07,13799,
445,1.0386517715232912e-05,1.1926737215617322e-06,3.858364721054386e-07,13809,
445,1.0441700396768283e-05,1.0383522521806299e-06,4.3033531937908265e-07,13819,
445,,,,13825,1.1211697710677981e-05
446,1.4175594515108969e-05,5.340006282494869e-06,4.490957223879377e-07,13829,
446,1.1865889064210933e-05,1.7522979760542512e-06,4.333680294621445e-07,13839,
446,1.037732363329269e-05,1.3416952242550906e-06,4.013117518297804e-07,13849,
446,,,,13856,1.0818843293236569e-05
447,1.3100418073008768e-05,3.1188021694106283e-06,4.791720584762516e-07,13859,
447,1.096475898521021e-05,1.897608740364376e-06,4.2234444208588684e-07,13869,
447,1.0661316082405392e-05,2.1023133740527555e-06,4.363695893516706e-07,13879,
447,,,,13887,1.1352578439982608e-05
448,1.348243222309975e-05,7.785242814861704e-06,3.987799175320106e-07,13889,
448,1.1136812645418104e-05,3.011947683262406e-06,3.895397071573825e-07,13899,
448,1.1542589163582306e-05,3.6583387554856017e-06,4.359307865797746e-07,13909,
448,,,,13918,1.1657518371066544e-05
449,1.137108847615309e-05,5.467100436362671e-06,4.4375627794579486e-07,13919,
449,1.138118932431098e-05,3.3852538763312623e-06,4.4784368924410956e-07,13929,
449,1.1334217560943216e-05,3.845930223178584e-06,4.0959815805763355e-07,13939,
449,8.835491826175712e-06,1.0650601325323805e-06,6.925971351989801e-09,13949,
449,,,,13949,1.09469019662356e-05
450,1.1011628885171376e-05,1.5721115005362662e-06,4.3152999751328025e-07,13959,
450,1.0370146810601e-05,1.9133656223857542e-06,4.476141270970402e-07,13969,
450,1.0285077223670669e-05,1.4547144928656053e-06,4.791561423189705e-07,13979,
450,,,,13980,1.0245816156384535e-05
451,1.0180089702771511e-05,2.068448111458565e-06,4.5455817598849535e-07,13989,
451,9.942980796040501e-06,1.33013088543521e-06,4.1059456634684466e-07,13999,
451,1.0341463166696485e-05,1.2019168025290128e-06,4.2565270064187644e-07,14009,
451,,,,14011,1.048785725288326e-05
452,1.0498287338123191e-05,2.2391643597075017e-06,4.3375285940783215e-07,14019,
452,1.0054641279566567e-05,1.5366839534181054e-06,4.203784271794575e-07,14029,
452,1.0462666068633553e-05,1.5578151533190976e-06,4.2116695908589463e-07,14039,
452,,,,14042,1.0754960385384038e-05
453,1.4813280358794145e-05,8.496303962601814e-06,4.2063405203407456e-07,14049,
453,1.0728822417149786e-05,2.9852585612388793e-06,4.256060037732823e-07,14059,
453,1.0043115253210999e-05,2.1029736672062427e-06,4.4484298200586636e-07,14069,
453,,,,14073,1.0703163752623368e-05
454,1.1098311915702652e-05,2.5469778393016895e-06,4.711467340712261e-07,14079,
454,1.0261566785629839e-05,2.18641275750997e-06,4.2275482314835244e-07,14089,
454,1.008321123663336e-05,2.4366017896682024e-06,4.084164118012268e-07,14099,
454,,,,14104,1.0561472663539462e-05
455,1.9526043615769595e-05,1.3430121725832578e-05,4.016550860796997e-07,14109,
455,9.803498869587202e-06,1.7951441577679361e-06,3.927159752947773e-07,14119,
455,9.553267773299012e-06,1.2690175026364159e-06,4.374365687453974e-07,14129,
455,,,,14135,9.861784747045022e-06
456,1.1908648957614787e-05,3.375855158083141e-06,4.5792120317855733e-07,14139,
456,1.0674543773347978e-05,2.92288450509659e-06,4.4113983221905073e-07,14149,
456,9.184727787214797e-06,1.3671864280695445e-06,4.0904512843553675e-07,14159,
456,,,,14166,9.8747523225029e-06
457,1.2203544429212343e-05,3.476522351775202e-06,4.881072186435631e-07,14169,
457,9.253650205209851e-06,1.1271552011749009e-06,4.298009343983722e-07,14179,
457,9.083754775929265e-06,1.25302847209241e-06,4.4436268353820196e-07,14189,
457,,,,14197,9.391578714712523e-06
458,9.825985216593836e-06,1.3037124517722987e-06,4.0628987107993453e-07,14199,
458,9.360851436213125e-06,1.2735307564071263e-06,3.96512831457585e-07,14209,
458,9.064634468813892e-06,1.061510715771874e-06,4.448905883691623e-07,14219,
458,,,,14228,9.803407920117024e-06
459,9.60740726441145e-06,1.4680476851935964e-06,4.517933689385245e-07,14229,
459,1.2824100849684328e-05,4.386515684018377e-06,4.561716764328594e-07,14239,
459,9.536549441691022e-06,2.0696527371910634e-06,4.1601023781367985e-07,14249,
459,8.412034731009044e-06,2.3347056412603706e-06,7.031111248778643e-09,14259,
459,,,,14259,9.598426004231442e-06
460,9.868195775197819e-06,1.8255771010444732e-06,4.4070770854887087e-07,14269,
460,1.017576505546458e-05,1.7270075431952137e-06,4.5700858208874706e-07,14279,
460,9.588898137735669e-06,1.9063409126829356e-06,4.900118710793322e-07,14289,
460,,,,14290,9.695869266579393e-06
461,9.685704753792379e-06,2.4875685085135046e-06,4.6386111307583633e-07,14299,
461,9.09375557966996e-06,1.081173877537367e-06,4.1801436623245536e-07,14309,
461,9.32035891310079e-06,2.8425508844520664e-06,4.342931276823947e-07,14319,
461,,,,14321,9.017539014166687e-06
462,1.00233146440587e-05,5.665711796609685e-06,4.431332740750804e-07,14329,
462,8.927157978178002e-06,1.9899791823263513e-06,4.2836458646888786e-07,14339,
462,9.318006050307304e-06,1.6684538195477217e-06,4.310577992328035e-07,14349,
462,,,,14352,9.096575013245456e-06
463,9.122069059230853e-06,1.822575200094434e-06,4.2927413801407965e-07,14359,
463,9.150340702035464e-06,1.3956447446616949e-06,4.3516945424926234e-07,14369,
463,8.645851266919635e-06,1.5044701058286591e-06,4.529697150701395e-07,14379,
463,,,,14383,9.036265510076191e-06
464,1.2498928299464751e-05,3.0673197670694208e-06,4.814975227418472e-07,14389,
464,9.102283911488485e-06,1.2930885304740514e-06,4.3153252704541956e-07,14399,
464,9.155982297670562e-06,1.5035883507152903e-06,4.1786589122239093e-07,14409,
464,,,,14414,9.131964361586142e-06
465,1.0602084330457728e-05,2.4352686978090787e-06,4.098158115084516e-07,14419,
465,9.04597618500702e-06,1.2333842960288166e-06,4.00423687096918e-07,14429,
465,8.550880920665804e-06,1.334531248176063e-06,4.477888353449089e-07,14439,
465,,,,14445,8.564763447793666e-06
466,1.0898350410570856e-05,2.833597363860463e-06,4.695045845437562e-07,14449,
466,9.616245733923279e-06,3.355458147780155e-06,4.505348272232368e-07,14459,
466,8.538375368516427e-06,2.262258703922271e-06,4.1863430055855133e-07,14469,
466,,,,14476,9.248621609003749e-06
467,1.139397772931261e-05,4.980052381142741e-06,5.000516694053658e-07,14479,
467,9.11862025532173e-06,2.9229279334686e-06,4.3873825461560045e-07,14489,
467,9.335775757790543e-06,3.5128109630022664e-06,4.5447143293131376e-07,14499,
467,,,,14507,1.0206079423369374e-05
468,1.756176061462611e-05,4.406490916153416e-06,4.155808142058959e-07,14509,
468,9.117390618484933e-06,5.132218120706966e-06,4.0532881939725485e-07,14519,
468,8.571903890697286e-06,2.11607152778015e-06,4.5569359485853056e-07,14529,
468,,,,14538,8.300661647808738e-06
469,8.104309017653577e-06,1.7048074596459628e-06,4.6178959678400133e-07,14539,
469,8.731335583433975e-06,1.895739160318044e-06,4.651826372992218e-07,14549,
469,7.88519173511304e-06,1.0767096227937145e-06,4.2403533484502987e-07,14559,
469,7.147353699110681e-06,7.682248224227806e-07,7.130291468371297e-09,14569,
469,,,,14569,8.623331268609036e-06
470,8.30408407637151e-06,1.4068149312151945e-06,4.5168638962422847e-07,14579,
470,7.998115506779868e-06,1.5350877902164939e-06,4.668489168579981e-07,14589,
470,8.055154467001557e-06,1.099954943128978e-06,5.024767233408056e-07,14599,
470,,,,14600,7.995445230335463e-06
471,7.66563243814744e-06,1.3061210211162688e-06,4.7366683020300115e-07,14609,
471,7.975721928232815e-06,1.3601197679236066e-06,4.2631623387023865e-07,14619,
471,8.311941201100126e-06,1.3171007822165848e-06,4.438912242221704e-07,14629,
471,,,,14631,9.030055480252486e-06
472,9.978604794014245e-06,2.726520051510306e-06,4.5360786771198036e-07,14639,
472,8.449751476291567e-06,1.6994772522593848e-06,4.377309323899681e-07,14649,
472,8.114056072372478e-06,1.2313809065744863e-06,4.4206836946614203e-07,14659,
472,,,,14662,7.97386201156769e-06
473,7.79568563302746e-06,2.0465804482228123e-06,4.390545598198514e-07,14669,
473,7.945882316562347e-06,1.5750995316921035e-06,4.471685031148809e-07,14679,
473,8.079876351985149e-06,1.0191845376539277e-06,4.6253353502834216e-07,14689,
473,,,,14693,9.319304808741435e-06
474,1.141546181315789e-05,4.604105470207287e-06,4.935096171720943e-07,14699,
474,8.776613867667038e-06,3.70117777492851e-06,4.415335297380807e-07,14709,
474,8.059173524088692e-06,1.564949002386129e-06,4.289302921733906e-07,14719,
474,,,,14724,8.03984858066542e-06
475,9.189709999191109e-06,2.5544018171785865e-06,4.20042539417409e-07,14729,
475,7.755146725685336e-06,1.4683001836601761e-06,4.097813075532031e-07,14739,
475,7.4088634391955566e-06,1.2827457567254896e-06,4.5822420702279487e-07,14749,
475,,,,14755,9.271909220842645e-06
476,1.577888906467706e-05,4.134559276280925e-06,4.822392725145619e-07,14759,
476,9.95079790300224e-06,3.446157961661811e-06,4.604469268087996e-07,14769,
476,8.151522706612013e-06,1.406294472872105e-06,4.2873847405644483e-07,14779,
476,,,,14786,7.866943633416668e-06
477,9.230393516190816e-06,2.5302938411186915e-06,5.127527060722059e-07,14789,
477,7.3564019658078905e-06,1.9437445644143736e-06,4.489845650823554e-07,14799,
477,7.481879947590642e-06,1.7105379583881586e-06,4.658010936964274e-07,14809,
477,,,,14817,8.673787306179293e-06
478,1.1363339581293985e-05,2.137328692697338e-06,4.2590855287016893e-07,14819,
478,7.611210094182752e-06,1.9387623524380615e-06,4.149807750764012e-07,14829,
478,7.341425316553796e-06,1.2451233715182752e-06,4.676063838360278e-07,14839,
478,,,,14848,7.613037269038614e-06
479,7.461290806531906e-06,2.4879552711354336e-06,4.731297167381854e-07,14849,
479,7.8163284342736e-06,2.5055687729036435e-06,4.76048569453269e-07,14859,
479,8.146254913299344e-06,2.88729324893211e-06,4.318514470469381e-07,14869,
479,7.311225544981426e-06,2.6398884074296802e-06,7.232430654369182e-09,14879,
479,,,,14879,9.152158781944308e-06
480,1.0434329851705115e-05,4.605469712259946e-06,4.6386543317566975e-07,14889,
480,7.4243762355763465e-06,1.5306879959098296e-06,4.776845798915019e-07,14899,
480,7.704710696998518e-06,3.1741553812025813e-06,5.160096634426736e-07,14909,
480,,,,14910,7.6284313763608225e-06
481,7.202416782092769e-06,1.6209480691031786e-06,4.843633405471337e-07,14919,
481,8.320241249748506e-06,2.3243451323651243e-06,4.349834910044592e-07,14929,
481,8.126036846078932e-06,1.5693520936110872e-06,4.53941652267531e-07,14939,
481,,,,14941,8.614636499260087e-06
482,8.920968866732437e-06,2.069057472908753e-06,4.647580169603316e-07,14949,
482,7.390663995465729e-06,1.2430601827873033e-06,4.4738058591065055e-07,14959,
482,7.652644853806123e-06,1.3728924841416301e-06,4.540578402156825e-07,14969,
482,,,,14972,8.020893801585771e-06
483,7.365058991126716e-06,1.675497856012953e-06,4.489773459681601e-07,14979,
483,7.3662909017002676e-06,1.570500558045751e-06,4.592788798163383e-07,14989,
483,7.001886842772365e-06,1.496468371442461e-06,4.717823003375088e-07,14999,
483,,,,15003,7.764426300127525e-06
484,7.552808256150456e-06,2.3647769467061153e-06,5.052038432040717e-07,15009,
484,6.767625563952606e-06,9.929848374667927e-07,4.521717755778809e-07,15019,
484,6.793585725972662e-06,9.822975925999344e-07,4.40459359651868e-07,15029,
484,,,,15034,7.561277016066015e-06
485,7.440300123562338e-06,1.5561521422569058e-06,4.3028464347116824e-07,15039,
485,6.4438340814376716e-06,1.0597345863061491e-06,4.1894776359185926e-07,15049,
485,6.501757980004186e-06,9.174430601888162e-07,4.694107929026359e-07,15059,
485,,,,15065,7.583186743431725e-06
486,9.282435712520964e-06,1.5458484767805203e-06,4.948115019942634e-07,15069,
486,7.54775737732416e-06,1.9502708710206207e-06,4.7078924581001047e-07,15079,
486,6.583125014003599e-06,1.0081201935463469e-06,4.3955481032753596e-07,15089,
486,,,,15096,7.275100870174356e-06
487,8.943577086029109e-06,1.498115352660534e-06,5.259348654362839e-07,15099,
487,6.807344107073732e-06,1.3993228549225023e-06,4.592422442328825e-07,15109,
487,6.492817647085758e-06,1.0041567293228582e-06,4.773580712935654e-07,15119,
487,,,,15127,7.372017535089981e-06
488,9.06885998119833e-06,2.5974954951379914e-06,4.35919986330191e-07,15129,
488,8.26779523777077e-06,2.3948512080096407e-06,4.2469594063732075e-07,15139,
488,6.363280135701643e-06,9.788421948542236e-07,4.796054895450652e-07,15149,
488,,,,15158,7.2350367190665565e-06
489,7.110937076504342e-06,1.3669172176378197e-06,4.841027134716569e-07,15159,
489,7.851418558857404e-06,6.569265678990632e-06,4.86100077523588e-07,15169,
489,6.664179636572953e-06,3.2399912015534937e-06,4.4078566929783847e-07,15179,
489,6.768205366824986e-06,3.6392191304912558e-06,7.333180729318656e-09,15189,
489,,,,15189,7.843663297535386e-06
490,7.29711018720991e-06,3.09304573420377e-06,4.7578396333847195e-07,15199,
490,6.733878308295971e-06,3.8126543131511426e-06,4.89253579871729e-07,15209,
490,7.340919182752259e-06,3.93423442801577e-06,5.301721444084251e-07,15219,
490,,,,15220,8.97077097761212e-06
491,7.458571872120956e-06,1.8197445115220034e-06,4.951327809976647e-07,15229,
491,8.79438994161319e-06,3.743705065062386e-06,4.438368819137395e-07,15239,
491,6.934983048267895e-06,2.4153266622306546e-06,4.6440069922937255e-07,15249,
491,,,,15251,9.20243292057421e-06
492,7.080385330482386e-06,2.439129048070754e-06,4.7572356720593234e-07,15259,
492,7.768892828607932e-06,1.8665667766981642e-06,4.5800686621078057e-07,15269,
492,7.163952886912739e-06,2.1074554297229042e-06,4.659705439280515e-07,15279,
492,,,,15282,7.559092409792356e-06
493,9.178792424791027e-06,3.7472525491466513e-06,4.5836608819627145e-07,15289,
493,6.968992238398641e-06,1.5896847571639228e-06,4.711564542958513e-07,15299,
493,7.216256562969647e-06,1.4376845456354204e-06,4.809979259334796e-07,15309,
493,,,,15313,6.812659194110893e-06
494,6.784801826142939e-06,1.8193549067291315e-06,5.170005579202552e-07,15319,
494,6.208363629411906e-06,9.066461643669754e-07,4.6264793240879953e-07,15329,
494,6.575763109140098e-06,1.0408624575575232e-06,4.515795524184796e-07,15339,
494,,,,15344,6.4176197156484704e-06
495,6.740302978869295e-06,1.6574515484535368e-06,4.3997994225719594e-07,15349,
495,6.022435172781115e-06,1.6150718238350237e-06,4.2813621803361457e-07,15359,
495,5.9190256251895335e-06,1.006092929856095e-06,4.801599970960524e-07,15369,
495,,,,15375,6.479951935034478e-06
496,7.233367341541452e-06,1.9552646790543804e-06,5.066482344773249e-07,15379,
496,6.992555881879525e-06,2.0073189261893276e-06,4.811604412680026e-07,15389,
496,5.778098966402467e-06,9.217084766532935e-07,4.4982161284679023e-07,15399,
496,,,,15406,6.445276540034683e-06
497,6.7263495111546945e-06,1.8373337979937787e-06,5.38221797796723e-07,15409,
497,5.799246082460741e-06,1.1415668268455192e-06,4.6875732095941203e-07,15419,
497,6.252490038605174e-06,1.3932827869211906e-06,4.886163083028805e-07,15429,
497,,,,15437,6.92392541168374e-06
498,7.80570371716749e-06,4.8310771489923354e-06,4.452527662124339e-07,15439,
498,6.3373208831762895e-06,1.4966191201892798e-06,4.3413015760052076e-07,15449,
498,5.9305007198418025e-06,1.19590822578175e-06,4.912978965876391e-07,15459,
498,,,,15468,7.061025371513097e-06
499,6.872556241432903e-06,3.399085926503176e-06,4.948347509525775e-07,15469,
499,7.882757927291095e-06,3.4631136713869637e-06,4.954180212735082e-07,15479,
499,6.777639555366477e-06,3.4682409477682086e-06,4.482340898448456e-07,15489,
499,6.472382665378973e-06,4.2557326196401846e-06,7.440588589702202e-09,15499,
499,,,,15499,8.09253742772853e-06
500,8.63925652083708e-06,3.2996758818626404e-06,4.870984753324592e-07,15509,
500,7.68757763580652e-06,2.6956070087180706e-06,4.996827556169592e-07,15519,
500,7.076178462739335e-06,2.0839975150011014e-06,5.424486175797938e-07,15529,
500,,,,15530,6.837022738181986e-06
501,7.1016556830727495e-06,2.3217660327645717e-06,5.053715312897111e-07,15539,
501,7.554696821898688e-06,1.8340039105169126e-06,4.5136198423278984e-07,15549,
501,6.032120381860295e-06,1.1873282801388996e-06,4.7348333964691847e-07,15559,
501,,,,15561,6.416508313122904e-06
502,5.840038284077309e-06,1.7062566257664002e-06,4.866295171268575e-07,15569,
502,5.631673957395833e-06,1.018628154270118e-06,4.670594364597491e-07,15579,
502,5.898932613490615e-06,1.2546211110020522e-06,4.769215138367144e-07,15589,
502,,,,15592,5.762897671957035e-06
503,5.806521585327573e-06,9.372050158162892e-07,4.6736076342313027e-07,15599,
503,5.602875262411544e-06,1.0123512765858322e-06,4.832131139664853e-07,15609,
503,5.495498498930829e-06,8.064556027420622e-07,4.902207706436457e-07,15619,
503,,,,15623,6.286143616307527e-06
504,1.031603187584551e-05,4.3934355744568165e-06,5.287973863232764e-07,15629,
504,6.134436716820346e-06,3.5081791338598123e-06,4.7219404564202705e-07,15639,
504,5.91712068853667e-06,2.085116648231633e-06,4.6243610540841473e-07,15649,
504,,,,15654,6.470429980254266e-06
505,6.535584816447226e-06,2.049664317382849e-06,4.4896870576849324e-07,15659,
505,5.47764193470357e-06,1.2590894584718626e-06,4.359236243089981e-07,15669,
505,5.5818618420744315e-06,1.2877950439360575e-06,4.907852257929335e-07,15679,
505,,,,15685,6.530297468998469e-06
506,1.4967719835112803e-05,6.525492153741652e-06,5.193397214497963e-07,15689,
506,6.908987415954471e-06,7.702487891947385e-06,4.901078227703692e-07,15699,
506,5.656417215504916e-06,1.4042560678717564e-06,4.5915962232356833e-07,15709,
506,,,,15716,5.513165888260119e-06
507,5.944130407442572e-06,2.577732857389492e-06,5.500449447026767e-07,15719,
507,5.379411504691234e-06,1.4846633575871238e-06,4.775977799909015e-07,15729,
507,5.738862910220632e-06,1.012978259495867e-06,4.990307616026257e-07,15739,
507,,,,15747,5.8039809118781704e-06
508,6.592166300833924e-06,1.4612797940571909e-06,4.54404357697058e-07,15749,
508,5.305431841406971e-06,1.2961251059095957e-06,4.4305778601483325e-07,15759,
508,5.2937230066163465e-06,8.482491580252827e-07,5.022743607696611e-07,15769,
508,,,,15778,5.614441761281341e-06
509,5.494479864864843e-06,1.0347529268983635e-06,5.044138333687442e-07,15779,
509,5.7070919865509495e-06,1.2950137033840292e-06,5.047168087912723e-07,15789,
509,4.941422957926989e-06,7.491129281333997e-07,4.5583428232021106e-07,15799,
509,5.2339159992698114e-06,7.60476439154445e-07,7.544795010971939e-09,15809,
509,,,,15809,5.636421064991737e-06
510,6.072261840017745e-06,1.4580975857825251e-06,4.979534651283757e-07,15819,
510,5.582642188528553e-06,1.4037944993106066e-06,5.094921107229311e-07,15829,
510,5.992656952003017e-06,1.1371789696568158e-06,5.551322033170436e-07,15839,
510,,,,15840,6.952548119443236e-06
511,6.2427234297501855e-06,5.31668638359406e-06,5.154824975761585e-07,15849,
511,7.232667940115789e-06,2.949539293695125e-06,4.5946450200062827e-07,15859,
511,5.719759883504594e-06,1.7012607713695616e-06,4.826445660910395e-07,15869,
511,,,,15871,9.094569577428047e-06
512,6.5616568463156e-06,1.7591888763490715e-06,4.966337314726843e-07,15879,
512,6.18272133579012e-06,2.8435640615498414e-06,4.7599945673937327e-07,15889,
512,6.521078375953948e-06,1.2600293075593072e-06,4.875550985161681e-07,15899,
512,,,,15902,5.956862878520042e-06
513,5.956104359938763e-06,3.4852962471632054e-06,4.7568747163495573e-07,15909,
513,5.86579608352622e-06,2.3261777641891968e-06,4.935841957376397e-07,15919,
513,5.393981155066285e-06,1.397909159095434e-06,4.982137511433393e-07,15929,
513,,,,15933,5.651405444950797e-06
514,9.635055903345346e-06,4.465976871870225e-06,5.382914878282463e-07,15939,
514,5.455272912513465e-06,9.86616782938654e-07,4.810462996829301e-07,15949,
514,5.0440794439055026e-06,1.0506842045288067e-06,4.720152730897098e-07,15959,
514,,,,15964,5.731867531721946e-06
515,5.2873865570290945e-06,1.0220799140370218e-06,4.5761817091261037e-07,15969,
515,4.6699069571332075e-06,8.310959742630075e-07,4.4381775410329283e-07,15979,
515,4.890495347353863e-06,9.60239844971511e-07,5.00027908856282e-07,15989,
515,,,,15995,5.341740234143799e-06
516,7.3983296715596225e-06,1.9896406229236163e-06,5.294540414979565e-07,15999,
516,5.098397195979487e-06,9.879180424832157e-07,4.99405530263175e-07,16009,
516,4.875106242252514e-06,7.592199153805268e-07,4.6818840360174363e-07,16019,
516,,,,16026,5.760257863585139e-06
517,9.04620173969306e-06,1.1702753681674949e-06,5.602983605967893e-07,16029,
517,5.148925538378535e-06,1.336744276159152e-06,4.858223974224529e-07,16039,
517,5.030561169405701e-06,1.0017573686127434e-06,5.085825591777393e-07,16049,
517,,,,16057,5.248743036645465e-06
518,6.562079761351924e-06,1.6444677157778642e-06,4.6228731775954657e-07,16059,
518,5.849608442076715e-06,2.1415303308458533e-06,4.5075304910824343e-07,16069,
518,5.012086603528587e-06,1.1380567457308643e-06,5.121332264934608e-07,16079,
518,,,,16088,5.299773874867242e-06
519,5.2102482186455745e-06,1.06044808489969e-06,5.131010425429849e-07,16089,
519,6.278027285588905e-06,4.770650775753893e-06,5.12585245360242e-07,16099,
519,5.316650003805989e-06,2.5424931209272472e-06,4.625792655588157e-07,16109,
519,4.843482201977167e-06,3.2306704724760493e-06,7.630248433088127e-09,16119,
519,,,,16119,5.698421773558948e-06
520,5.2724226407008246e-06,2.914995093306061e-06,5.069447865935217e-07,16129,
520,5.5079794947232585e-06,1.5748219084343873e-06,5.180181688047014e-07,16139,
520,6.780392141081393e-06,4.202294803690165e-06,5.659373414346192e-07,16149,
520,,,,16150,7.5455172918736935e-06
521,5.815857548441272e-06,2.8192832814966096e-06,5.235429512140399e-07,16159,
521,5.413603503257036e-06,2.606491079859552e-06,4.6583289758928004e-07,16169,
521,6.588075393665349e-06,2.9832949621777516e-06,4.901203283225186e-07,16179,
521,,,,16181,6.49645062367199e-06
522,6.543749350385042e-06,3.514577429086785e-06,5.041288204665761e-07,16189,
522,5.784345830761595e-06,9.033939250002732e-07,4.831460955756484e-07,16199,
522,5.873912868992193e-06,3.869831289193826e-06,4.965441462445597e-07,16209,
522,,,,16212,5.9230505939922296e-06
523,5.443597274279455e-06,2.9523271223297343e-06,4.826403596780438e-07,16219,
523,5.07675031258259e-06,8.225715646403842e-07,5.033759862271836e-07,16229,
523,5.372920895752031e-06,1.0000920838137972e-06,5.052866072219331e-07,16239,
523,,,,16243,5.170288659428479e-06
524,6.2581434576713946e-06,4.60147521152976e-06,5.468947392728296e-07,16249,
524,4.968836492480477e-06,1.7027141439029947e-06,4.893580580755952e-07,16259,
524,5.250087724562036e-06,1.5363366401288658e-06,4.809627398572047e-07,16269,
524,,,,16274,5.404459898272762e-06
525,1.114899441745365e-05,6.349791419779649e-06,4.6523268792952877e-07,16279,
525,6.652874162682565e-06,3.6702779198094504e-06,4.5083532995704445e-07,16289,
525,4.7154671847238205e-06,9.854862810243503e-07,5.082219445284863e-07,16299,
525,,,,16305,5.7292054407298565e-06
526,6.447662144637434e-06,2.3692211925663287e-06,5.388687327467778e-07,16309,
526,5.1818506108247675e-06,1.0699931181079592e-06,5.070013457952882e-07,16319,
526,4.618784259946551e-06,9.103941920329817e-07,4.7631064603592677e-07,16329,
526,,,,16336,5.05394791616709e-06
527,6.264925559662515e-06,2.1530720459850272e-06,5.703179226657085e-07,16339,
527,4.711123892775504e-06,1.6468151216031401e-06,4.929918873131101e-07,16349,
527,5.0131543503084686e-06,7.731426308055234e-07,5.17014939305227e-07,16359,
527,,,,16367,5.018536739953561e-06
528,5.547015007323353e-06,1.3078396250421065e-06,4.6983481638562807e-07,16369,
528,4.852841357205762e-06,1.759855535965471e-06,4.5798637415828125e-07,16379,
528,4.4660150706477e-06,8.467692396152415e-07,5.210375775277498e-07,16389,
528,,,,16398,4.818145043827826e-06
529,4.714440365205519e-06,1.0777820307339425e-06,5.214138241171895e-07,16399,
529,5.254261850495823e-06,1.6204032817768166e-06,5.205639013183827e-07,16409,
529,4.410188466863474e-06,1.086015231521742e-06,4.6821975274724537e-07,16419,
529,4.324987003201386e-06,1.029936242957774e-06,7.708525373573138e-09,16429,
529,,,,16429,5.02566172144725e-06
530,5.398353550845059e-06,4.0540130612498615e-06,5.164571916793648e-07,16439,
530,5.100511771161109e-06,3.125531975456397e-06,5.262132845018641e-07,16449,
530,5.055529982200824e-06,2.8046938496117946e-06,5.76068543978181e-07,16459,
530,,,,16460,4.902899036096642e-06
531,5.192784556129482e-06,1.635317175896489e-06,5.322946208252688e-07,16469,
531,4.965138487023069e-06,1.6870980061867158e-06,4.724848281512095e-07,16479,
531,5.225549557508202e-06,1.6421529380750144e-06,4.976465675099462e-07,16489,
531,,,,16491,5.642820724460762e-06
532,1.1995296517852694e-05,6.4232349359372165e-06,5.131211082698428e-07,16499,
532,6.415992174879648e-06,2.9965342491777847e-06,4.910227175969339e-07,16509,
532,4.830522357224254e-06,1.724062599350873e-06,5.043631858825393e-07,16519,
532,,,,16522,5.131174475536682e-06
533,1.5132176486076787e-05,9.947542821464594e-06,4.893634013569681e-07,16529,
533,4.9692885113472585e-06,1.5021802255432704e-06,5.126132691657403e-07,16539,
533,5.2274353947723284e-06,1.9051969957217807e-06,5.119068191561382e-07,16549,
533,,,,16553,4.6500126700266264e-06
534,5.727648840547772e-06,1.2766207646563998e-06,5.55609858565731e-07,16559,
534,4.420000550453551e-06,9.818231774261221e-07,4.969827500644897e-07,16569,
534,4.1171206248691306e-06,8.827235546959855e-07,4.888653961643286e-07,16579,
534,,,,16584,5.2547557061188854e-06
535,5.839297500642715e-06,2.50273524216027e-06,4.7197883645822003e-07,16589,
535,4.242918748786906e-06,1.788724034668121e-06,4.5672942405872163e-07,16599,
535,4.241056558385026e-06,8.695231485944532e-07,5.160931095815613e-07,16609,
535,,,,16615,4.419083779794164e-06
536,5.082449206383899e-06,1.4065844879951328e-06,5.473373789754987e-07,16619,
536,4.512619852903299e-06,1.0283290521329036e-06,5.139910967955075e-07,16629,
536,4.071291641594144e-06,1.0393363254479482e-06,4.835337676922791e-07,16639,
536,,,,16646,4.514590727922041e-06
537,7.095959063008195e-06,2.7437683911557542e-06,5.785076950814982e-07,16649,
537,5.3006324378657155e-06,3.040547881028033e-06,4.995569611310202e-07,16659,
537,4.6889081204426475e-06,2.093831881211372e-06,5.24875474638975e-07,16669,
537,,,,16677,4.63343985757092e-06
538,5.903671080886852e-06,2.977079702759511e-06,4.7618809162486286e-07,16679,
538,7.2643997555132955e-06,3.2755331176304026e-06,4.641694886231562e-07,16689,
538,4.751626420329558e-06,1.9800816062343074e-06,5.284530288918177e-07,16699,
538,,,,16708,6.129870598670095e-06
539,6.022136403771583e-06,1.4430903547690832e-06,5.279776473798847e-07,16709,
539,5.911194421059918e-06,3.56009763891052e-06,5.274999921311974e-07,16719,
539,4.336961410444928e-06,8.814937473289319e-07,4.7376116185660067e-07,16729,
539,3.7916570363449864e-06,9.787991075427271e-07,7.789727085594222e-09,16739,
539,,,,16739,4.737727067549713e-06
540,4.24265908804955e-06,1.7309970417045406e-06,5.241781764198095e-07,16749,
540,4.110094323550584e-06,1.2828368198825046e-06,5.335427317731956e-07,16759,
540,4.573895694193197e-06,1.2315957746977801e-06,5.850204161106376e-07,16769,
540,,,,16770,4.579680080496473e-06
541,4.6566174205509014e-06,9.701335557110724e-07,5.39803465926525e-07,16779,
541,4.242745944793569e-06,1.0394530818302883e-06,4.782323230756447e-07,16789,
541,4.541653197520645e-06,8.362177368326229e-07,5.042480779593461e-07,16799,
541,,,,16801,4.27482882514596e-06
542,4.023723704449367e-06,1.0849743148355628e-06,5.205232014304784e-07,16809,
542,4.038392944494262e-06,7.806670510035474e-07,4.97108374020172e-07,16819,
542,4.245576747052837e-06,8.12038649655733e-07,5.121780191075231e-07,16829,
542,,,,16832,4.422851361596258e-06
543,5.525705546460813e-06,2.057030997093534e-06,4.954183054906025e-07,16839,
543,4.25617145083379e-06,8.817023626761511e-07,5.202805937187804e-07,16849,
543,4.577260369842406e-06,1.0718825933508924e-06,5.180655762160313e-07,16859,
543,,,,16863,5.278690423438093e-06
544,9.257472811441403e-06,7.454178103216691e-06,5.631407020700863e-07,16869,
544,5.0186899898108095e-06,4.133748916501645e-06,5.033241450291825e-07,16879,
544,4.598971372615779e-06,2.087673919959343e-06,4.965226594322303e-07,16889,
544,,,,16894,8.288291610369924e-06
545,1.819943281589076e-05,4.155172973696608e-06,4.7842615913396e-07,16899,
545,5.261865680949995e-06,3.215343667761772e-06,4.6186718805074634e-07,16909,
545,4.615488251147326e-06,1.979290345843765e-06,5.226847292760795e-07,16919,
545,,,,16925,5.505754870682722e-06
546,8.378176971746143e-06,3.799490286837681e-06,5.556348128266109e-07,16929,
546,4.714739134215051e-06,2.8125780318077886e-06,5.20208914167597e-07,16939,
546,4.026749593322165e-06,1.0367597269578255e-06,4.895474035038205e-07,16949,
546,,,,16956,4.608555173035711e-06
547,5.289101864036638e-06,2.2553167582373135e-06,5.858870508745895e-07,16959,
547,4.246113803674234e-06,1.1512087212395272e-06,5.047930926593835e-07,16969,
547,4.371824161353288e-06,8.199871786018775e-07,5.315417297424574e-07,16979,
547,,,,16987,4.728410658572102e-06
548,6.061637577658985e-06,1.6117115819724859e-06,4.816547516384162e-07,16989,
548,4.394199550006306e-06,1.3890979744246579e-06,4.700567615145701e-07,16999,
548,3.914669832738582e-06,9.715117812447716e-07,5.358875228012039e-07,17009,
548,,,,17018,4.300577984395204e-06
549,4.199674094707007e-06,1.6285569017782109e-06,5.345837621462124e-07,17019,
549,4.3138543333043344e-06,1.4817892406426836e-06,5.323440745996777e-07,17029,
549,3.7636420984199503e-06,7.225003173516598e-07,4.780515041602484e-07,17039,
549,3.742131639228319e-06,1.044155283125292e-06,7.859729755921308e-09,17049,
549,,,,17049,4.229548721923493e-06
550,4.879827883996768e-06,2.3462125682272017e-06,5.305913646225235e-07,17059,
550,4.0826389522408135e-06,1.116456360250595e-06,5.396651658884366e-07,17069,
550,4.3535678742046e-06,8.124998203129508e-07,5.925447794652428e-07,17079,
550,,,,17080,4.435637492861133e-06
551,3.913606178684859e-06,7.599250011480763e-07,5.457384304463631e-07,17089,
551,4.13320776715409e-06,1.1300257938273717e-06,4.830587840842782e-07,17099,
551,4.156879185757134e-06,8.961721391642641e-07,5.099260533825145e-07,17109,
551,,,,17111,4.0588993215351366e-06
552,3.912283773388481e-06,1.738991386446287e-06,5.268979066386237e-07,17119,
552,4.457474460650701e-06,1.7984086753131123e-06,5.028582563681994e-07,17129,
552,4.154896487307269e-06,8.568843554712657e-07,5.186278144719836e-07,17139,
552,,,,17142,4.6044638111197855e-06
553,1.1661468306556344e-05,3.133721838821657e-05,5.013473582948791e-07,17149,
553,4.903524313704111e-06,2.29618490266148e-06,5.266812763693451e-07,17159,
553,5.095853339298628e-06,2.3755108031764394e-06,5.230182864579547e-07,17169,
553,,,,17173,5.368108759284951e-06
554,4.918812010146212e-06,3.1827410111873178e-06,5.692688773706323e-07,17179,
554,5.3285652938939165e-06,2.3592317575094057e-06,5.087804879622126e-07,17189,
554,3.884878424287308e-06,1.1841116247524042e-06,5.022555455980182e-07,17199,
554,,,,17204,4.69734277430689e-06
555,6.5234880821662955e-06,2.3407476419379236e-06,4.832448325942096e-07,17209,
555,4.122417067264905e-06,9.674292869021883e-07,4.6679164711349586e-07,17219,
555,3.902707703673514e-06,8.285654189421621e-07,5.293605909173493e-07,17229,
555,,,,17235,4.245871423336212e-06
556,4.95004724143655e-06,1.0837493391591124e-06,5.623442689284275e-07,17239,
556,4.383543455332983e-06,9.678783499111887e-07,5.255876658338821e-07,17249,
556,3.62462424163823e-06,8.973015610536095e-07,4.958265549248608e-07,17259,
556,,,,17266,4.017091669084039e-06
557,5.069131475465838e-06,9.794371180760209e-07,5.933837314842094e-07,17269,
557,3.6364415336720413e-06,8.574812682127231e-07,5.099926738694194e-07,17279,
557,3.781455461648875e-06,7.056264621496666e-07,5.379653771342419e-07,17289,
557,,,,17297,4.393703420646489e-06
558,6.774959274480352e-06,1.1818093526017037e-06,4.873247689829441e-07,17299,
558,4.846200226893416e-06,1.5277897773557925e-06,4.752137670038792e-07,17309,
558,3.977632331952918e-06,1.2375846836221172e-06,5.423167976914556e-07,17319,
558,,,,17328,4.126911335333716e-06
559,4.0497311601939145e-06,9.172287036562921e-07,5.402230840445554e-07,17329,
559,5.281335234030848e-06,1.5612404240528122e-06,5.379312142395065e-07,17339,
559,4.036023710796144e-06,7.411813385260757e-07,4.824114512302913e-07,17349,
559,3.315808271509013e-06,6.855320293652767e-07,7.92002641247791e-09,17359,
559,,,,17359,4.459229330677772e-06
560,4.604485638992628e-06,9.577419177730917e-07,5.371811084842193e-07,17369,
560,3.8350663089659065e-06,1.010476921692316e-06,5.454200504573237e-07,17379,
560,4.063180313096382e-06,8.383699423575308e-07,5.999312406856916e-07,17389,
560,,,,17390,4.0357326724915765e-06
561,3.561530547813163e-06,8.386192575926543e-07,5.513563223757956e-07,17399,
561,3.605601932576974e-06,8.761555250202946e-07,4.876191610492242e-07,17409,
561,3.850296252494445e-06,8.394486030738335e-07,5.150122888153419e-07,17419,
561,,,,17421,3.961040874855826e-06
562,5.033969046053244e-06,2.0437375951587455e-06,5.324275775819842e-07,17429,
562,4.008722953585675e-06,8.93729634299234e-07,5.076254865343799e-07,17439,
562,3.5942307476943824e-06,7.384945774902008e-07,5.245919396656973e-07,17449,
562,,,,17452,3.803870185947744e-06
563,4.540732788882451e-06,1.198216409648012e-06,5.056054419583234e-07,17459,
563,3.6723376979352906e-06,7.948149800540705e-07,5.33330194230075e-07,17469,
563,3.4550366763141938e-06,7.582013950013788e-07,5.281914354782202e-07,17479,
563,,,,17483,3.995243332610698e-06
564,5.771218638983555e-06,2.5854922114376677e-06,5.758701036029379e-07,17489,
564,4.020938831672538e-06,9.885942517939839e-07,5.145480486135057e-07,17499,
564,3.883384579239646e-06,8.448191692878027e-07,5.081674316897988e-07,17509,
564,,,,17514,4.390902631712379e-06
565,6.149980436020996e-06,9.064110599865671e-06,4.891152229902218e-07,17519,
565,4.773497494170442e-06,2.13490852729592e-06,4.720314450423757e-07,17529,
565,4.318921128287911e-06,2.493843112461036e-06,5.348709350982972e-07,17539,
565,,,,17545,4.7512990022369195e-06
566,8.797307600616477e-06,3.6487258512352128e-06,5.687098223461362e-07,17549,
566,5.084100394014968e-06,5.448347565106815e-06,5.320957825460937e-07,17559,
566,3.56402711076953e-06,1.0273793122905772e-06,5.009948722545232e-07,17569,
566,,,,17576,4.477960374060785e-06
567,6.326328730210662e-06,3.3542662549734814e-06,5.986290148030093e-07,17579,
567,3.818150162260281e-06,1.0559921292951913e-06,5.149950652594271e-07,17589,
567,3.3997268928942503e-06,6.962773682062107e-07,5.43739417935285e-07,17599,
567,,,,17607,3.88086255043163e-06
568,4.741227257909486e-06,1.0346552699047606e-06,4.917527007819444e-07,17609,
568,4.0230556805909146e-06,9.874889883576543e-07,4.799181851922185e-07,17619,
568,3.7284942209225846e-06,9.602479167369893e-07,5.483771587933006e-07,17629,
568,,,,17638,3.6636881759477546e-06
569,3.583934812922962e-06,8.621891538496129e-07,5.45785837857693e-07,17639,
569,3.645238166427589e-06,1.0243828683087486e-06,5.423107154456375e-07,17649,
569,4.299043212085962e-06,1.2039466810165322e-06,4.860037847720378e-07,17659,
569,3.3285587051068433e-06,1.607352032806375e-06,7.983317118487321e-09,17669,
569,,,,17669,4.389796686155023e-06
570,5.012783276470145e-06,2.09831432584906e-06,5.428829012998904e-07,17679,
570,3.5754765121964738e-06,1.0149506124434993e-06,5.499400117514597e-07,17689,
570,4.399325462145498e-06,2.2313959107123083e-06,6.061051749384205e-07,17699,
570,,,,17700,4.0915347199188545e-06
571,5.224785581958713e-06,3.7571739994746167e-06,5.563064178204513e-07,17709,
571,7.1690492404741235e-06,3.0692699510836974e-06,4.914220426144311e-07,17719,
571,4.417216132424073e-06,1.4162968682285282e-06,5.190917704567255e-07,17729,
571,,,,17731,4.401168553158641e-06
572,4.3156123865628615e-06,1.3877300943931914e-06,5.371720135372016e-07,17739,
572,3.908073267666623e-06,1.5351312185885035e-06,5.115996941640333e-07,17749,
572,5.199737643124536e-06,1.4882351706546615e-06,5.295968321661348e-07,17759,
572,,,,17762,4.899457508145133e-06
573,4.61829131381819e-06,2.1428056697914144e-06,5.094060497867758e-07,17769,
573,3.665261147034471e-06,1.1453488468760042e-06,5.380567245083512e-07,17779,
573,3.3824624097178457e-06,7.780717510286195e-07,5.315287125995383e-07,17789,
573,,,,17793,3.818376626441022e-06
574,4.304134108679136e-06,1.3316965805643122e-06,5.794587423224584e-07,17799,
574,3.481301973806694e-06,7.393090868390573e-07,5.184475071473571e-07,17809,
574,3.1816020964470226e-06,7.575305289719836e-07,5.128070483806368e-07,17819,
574,,,,17824,3.517188133628224e-06
575,4.094317318958929e-06,2.0365378077258356e-06,4.929167971567949e-07,17829,
575,3.2437158097309293e-06,1.3641317764268024e-06,4.7558233973177266e-07,17839,
575,3.3918413464562036e-06,8.932976811593107e-07,5.392475941334851e-07,17849,
575,,,,17855,3.963154085795395e-06
576,5.47128092875937e-06,1.920218437589938e-06,5.733884336223127e-07,17859,
576,4.340442046668613e-06,1.5810428521945141e-06,5.35168737769709e-07,17869,
576,3.242849743401166e-06,1.171791268461675e-06,5.053113909525564e-07,17879,
576,,,,17886,3.64351512871508e-06
577,6.722425951011246e-06,2.587167728052009e-06,6.037338948772231e-07,17889,
577,6.047679107723525e-06,4.41372094428516e-06,5.190241267882811e-07,17899,
577,4.8403212531411555e-06,2.039447281276807e-06,5.480483196151908e-07,17909,
577,,,,17917,4.651124072552193e-06
578,7.6085329965280835e-06,2.654680884006666e-06,4.957703367836075e-07,17919,
578,4.174099103693152e-06,1.3237888651929097e-06,4.836355742554588e-07,17929,
578,3.726755267052795e-06,1.3825369933329057e-06,5.527201665245229e-07,17939,
578,,,,17948,3.454683792369906e-06
579,3.3789842746045906e-06,9.319110176875256e-07,5.497018378264329e-07,17949,
579,3.486902642180212e-06,1.0943845154542942e-06,5.461076852952829e-07,17959,
579,3.1432452942681266e-06,6.476180374193063e-07,4.890291052106477e-07,17969,
579,2.819011569954455e-06,7.901000458332419e-07,8.031818765630305e-09,17979,
579,,,,17979,3.4908159705082653e-06
580,3.692773361763102e-06,1.1046602139686001e-06,5.47374440884596e-07,17989,
580,5.548974968405673e-06,1.9506467197061284e-06,5.546332886297023e-07,17999,
580,4.3216841731918976e-06,1.715124767542875e-06,6.107624130891054e-07,18009,
580,,,,18010,4.8566826080786996e-06
581,4.700864792539505e-06,3.2188188470172463e-06,5.605248247775307e-07,18019,
581,4.52651192972553e-06,1.2528167872005724e-06,4.947106617692043e-07,18029,
581,5.906828846491408e-06,2.2933641048439313e-06,5.237361619947478e-07,18039,
581,,,,18041,4.644481577997794e-06
582,4.093558345630299e-06,4.150107542955084e-06,5.417027750809211e-07,18049,
582,5.124617928231601e-06,1.6402253777414444e-06,5.159614602234797e-07,18059,
582,5.056877853348851e-06,1.737936486279068e-06,5.337893753676326e-07,18069,
582,,,,18072,4.122826794628054e-06
583,4.014603746327339e-06,1.4052332062419737e-06,5.126599376126251e-07,18079,
583,3.4078821045113727e-06,9.676531362856622e-07,5.430470082501415e-07,18089,
583,3.5576565551309614e-06,8.593642633059062e-07,5.357147756512859e-07,18099,
583,,,,18103,3.5095213206659537e-06
584,3.4644351671886398e-06,1.6588834341746406e-06,5.840738026563486e-07,18109,
584,3.5872521948476788e-06,1.3389750392889255e-06,5.227556698628177e-07,18119,
584,3.1572524221701315e-06,1.0910455330304103e-06,5.174826469556137e-07,18129,
584,,,,18134,3.406756150070578e-06
585,3.990940513176611e-06,1.991738599826931e-06,4.970609097654233e-07,18139,
585,3.732632194441976e-06,8.036243457354431e-07,4.791062337972107e-07,18149,
585,3.2383429697802057e-06,1.1109567594758119e-06,5.437448749034957e-07,18159,
585,,,,18165,3.607877033573459e-06
586,6.385467258951394e-06,1.18445063890249e-06,5.784925747320813e-07,18169,
586,4.8704573600844014e-06,1.865856233962404e-06,5.396526603362872e-07,18179,
586,2.9736424949078355e-06,8.122038934743614e-07,5.093389177091012e-07,18189,
586,,,,18196,3.546237167029176e-06
587,5.3919375204714015e-06,2.207529405495734e-06,6.085359700591653e-07,18199,
587,4.815439297090052e-06,1.6968828049357398e-06,5.222682375460863e-07,18209,
587,3.0304915981105296e-06,7.670439003959473e-07,5.524272523871332e-07,18219,
587,,,,18227,3.5092118650936754e-06
588,5.020549451728584e-06,1.4806495300945244e-06,4.989897774976271e-07,18229,
588,4.294424797990359e-06,1.0424066658742959e-06,4.875217314292968e-07,18239,
588,3.244863137297216e-06,1.0728066399678937e-06,5.574858619183942e-07,18249,
588,,,,18258,3.542051217664266e-06
589,3.46589217770088e-06,1.7981477640205412e-06,5.541885457205353e-07,18259,
589,5.901328677282436e-06,4.0628206079418305e-06,5.499297799360647e-07,18269,
589,4.8287179197359364e-06,1.2358731282802182e-06,4.91517653244955e-07,18279,
589,2.9929124139016494e-06,7.470587206626078e-07,8.079021895923688e-09,18289,
589,,,,18289,3.519480060276692e-06
590,5.546609372686362e-06,2.419258407826419e-06,5.514518193194817e-07,18299,
590,9.878110176941846e-06,2.0234990643075434e-06,5.584002451541892e-07,18309,
590,6.788954578951234e-06,1.724479147924285e-06,6.154862717266951e-07,18319,
590,,,,18320,7.968996214913204e-06
591,4.275107130524702e-06,3.02677267427498e-06,5.638902393911849e-07,18329,
591,4.6929617383284494e-06,3.2941541121545015e-06,4.97364055718208e-07,18339,
591,4.049247309012571e-06,1.5990550537026138e-06,5.270014753477881e-07,18349,
591,,,,18351,4.683327006205218e-06
592,3.7991148928995244e-06,1.772150312717713e-06,5.453991889226018e-07,18359,
592,3.316262109365198e-06,8.60801435464964e-07,5.183188704904751e-07,18369,
592,3.94111339119263e-06,9.737892696648487e-07,5.378059313443373e-07,18379,
592,,,,18382,3.4678325846471125e-06
593,3.928930254915031e-06,1.547194187878631e-06,5.160380283086852e-07,18389,
593,3.211230023225653e-06,1.1263425676588668e-06,5.464751211547991e-07,18399,
593,3.1497324926021975e-06,7.650999691577454e-07,5.386875159274496e-07,18409,
593,,,,18413,3.1278648293664446e-06
594,3.577376674002153e-06,1.96397240870283e-06,5.879889499738056e-07,18419,
594,3.3688634175632615e-06,1.7113083004005603e-06,5.259639124233217e-07,18429,
594,2.914964397859876e-06,1.0477144769538427e-06,5.205432103139174e-07,18439,
594,,,,18444,3.657170282167499e-06
595,5.8370083024783526e-06,1.060759950632928e-05,5.00262729019596e-07,18449,
595,5.183123448659899e-06,7.207759608718334e-06,4.816677687813353e-07,18459,
595,4.136381903663278e-06,1.190139414575242e-06,5.464511332320399e-07,18469,
595,,,,18475,4.5358688112173695e-06
596,5.39194707016577e-06,2.1941330032859696e-06,5.81416713885119e-07,18479,
596,3.883411864080699e-06,1.5891863540673512e-06,5.41847782642435e-07,18489,
596,2.961721293104347e-06,7.280098088813247e-07,5.12322628765105e-07,18499,
596,,,,18506,3.1880067581369076e-06
597,4.234950665704673e-06,1.382271420879988e-06,6.121165370132076e-07,18509,
597,3.227630259061698e-06,1.2045659332216019e-06,5.244691010375391e-07,18519,
597,3.0495461942336988e-06,6.209069738360995e-07,5.554491622206115e-07,18529,
597,,,,18537,3.3257929317187518e-06
598,4.80967764815432e-06,1.0853387948372983e-06,5.017204784962814e-07,18539,
598,3.590462029023911e-06,1.8548947764429613e-06,4.899578129879956e-07,18549,
598,3.1524964470008854e-06,9.402157843396708e-07,5.60594969556405e-07,18559,
598,,,,18568,3.53077507497801e-06
599,3.4769643662002636e-06,1.0980076012856443e-06,5.570377084040956e-07,18569,
599,3.7662923659809167e-06,1.7939331655725255e-06,5.526966901925334e-07,18579,
599,3.0982851058070082e-06,8.385571277358395e-07,4.940004032505385e-07,18589,
599,2.731836048042169e-06,1.0633842748575262e-06,8.120485617268969e-09,18599,
599,,,,18599,3.3997910122707253e-06
600,4.133168204134563e-06,2.573626943558338e-06,5.554441031563329e-07,18609,
600,4.036887276015477e-06,1.6817865571283619e-06,5.614273277387838e-07,18619,
600,5.496505764313042e-06,3.570294893506798e-06,6.196149797688122e-07,18629,
600,,,,18630,4.624458142643562e-06
601,5.357794179872144e-06,1.3930390423411154e-06,5.676674277310667e-07,18639,
601,4.786592398886569e-06,2.1221173938101856e-06,5.001131171411544e-07,18649,
601,3.1193110316962702e-06,9.54122697294224e-07,5.291330467116495e-07,18659,
601,,,,18661,3.7875013276789105e-06
602,3.3878081922011916e-06,1.4551392268913332e-06,5.480436584548443e-07,18669,
602,3.882028067891952e-06,9.145556987277814e-07,5.212654059505439e-07,18679,
602,3.447328026595642e-06,1.0112995596500696e-06,5.406956802289642e-07,18689,
602,,,,18692,3.5960740660812007e-06
603,4.220787559461314e-06,3.840961653622799e-06,5.184614906283969e-07,18699,
603,3.4964461974595906e-06,1.1121427405669237e-06,5.49710364339262e-07,18709,
603,2.9381922104221303e-06,7.604166967212223e-07,5.409916070675536e-07,18719,
603,,,,18723,3.3112494293163763e-06
604,3.648559186331113e-06,1.197033270727843e-06,5.9046766409665e-07,18729,
604,3.1182862585410476e-06,6.438031050493009e-07,5.287795374897541e-07,18739,
604,2.880372448998969e-06,7.614319201820763e-07,5.236996685198392e-07,18749,
604,,,,18754,2.964295617857715e-06
605,2.995212526002433e-06,7.393102237074345e-07,5.024410825171799e-07,18759,
605,2.833871349139372e-06,6.290885607995733e-07,4.841896270590951e-07,18769,
605,2.953661805804586e-06,6.537801482409122e-07,5.498054633790161e-07,18779,
605,,,,18785,3.0700405204697745e-06
606,6.507264970423421e-06,1.4476937622021069e-06,5.854882942912809e-07,18789,
606,3.665611529868329e-06,1.0325493349228054e-06,5.454706979435286e-07,18799,
606,3.0878043162374524e-06,7.230427740978485e-07,5.153337951924186e-07,18809,
606,,,,18816,3.1429424325324362e-06
607,3.753772034542635e-06,2.0449260773602873e-06,6.155448772915406e-07,18819,
607,3.3556232210685266e-06,8.873475394466368e-07,5.268411200631817e-07,18829,
607,3.051151907129679e-06,6.25350764948962e-07,5.585094982052397e-07,18839,
607,,,,18847,3.0793030418863054e-06
608,4.01678471462219e-06,1.3396636404650053e-06,5.041469535171927e-07,18849,
608,3.6995327263866784e-06,1.4699998018841143e-06,4.924121981275675e-07,18859,
608,3.856753210129682e-06,1.7411956605428713e-06,5.637067488351022e-07,18869,
608,,,,18878,3.7932898067083443e-06
609,3.722285100593581e-06,1.8308136304767686e-06,5.597248105004837e-07,18879,
609,4.239950158080319e-06,2.164730631193379e-06,5.547231012315024e-07,18889,
609,5.512290954357013e-06,4.762480784847867e-06,4.948863079334842e-07,18899,
609,3.7929733025521273e-06,2.721690179896541e-06,8.163474340960875e-09,18909,
609,,,,18909,5.592046363744885e-06
610,4.102465936739463e-06,1.572096493873687e-06,5.572060217673425e-07,18919,
610,3.2990803902066546e-06,1.0493271247469238e-06,5.630662371913786e-07,18929,
610,2.9655936941708205e-06,6.496509854514443e-07,6.229585096662049e-07,18939,
610,,,,18940,3.5331870549271116e-06
611,2.863593635993311e-06,9.205553510582831e-07,5.702200382984302e-07,18949,
611,3.016574282810325e-06,7.620132578267658e-07,5.027868041906913e-07,18959,
611,2.8778313208022155e-06,6.04741387633112e-07,5.317414775163343e-07,18969,
611,,,,18971,3.17074841404974e-06
612,2.8792762805096572e-06,6.860838084321585e-07,5.50886909422843e-07,18979,
612,3.1205797768052435e-06,6.310550020316441e-07,5.232205353422614e-07,18989,
612,3.0546971174771897e-06,7.018173846518039e-07,5.43704288702429e-07,18999,
612,,,,19002,3.1680497158959042e-06
613,5.316562692314619e-06,1.1040496019631973e-06,5.212579594626732e-07,19009,
613,3.137636895189644e-06,8.781010478742246e-07,5.522753667719371e-07,19019,
613,4.596069629769772e-06,2.0488955669861753e-06,5.435177854451467e-07,19029,
613,,,,19033,3.382853492439608e-06
614,5.02142438563169e-06,8.580626058574126e-07,5.926862058913684e-07,19039,
614,3.1500840123044327e-06,1.6231879271799698e-06,5.310311621542496e-07,19049,
614,2.9495633953047218e-06,1.2116082643842674e-06,5.265977165436198e-07,19059,
614,,,,19064,3.0892904305801494e-06
615,5.020849584980169e-06,2.1296607428666903e-06,5.051324478699826e-07,19069,
615,3.0378853352885926e-06,1.3264184417494107e-06,4.863901494900347e-07,19079,
615,2.86654017145338e-06,6.712396611874283e-07,5.523947947949637e-07,19089,
615,,,,19095,3.954954536311561e-06
616,7.665312296012416e-06,2.194531816712697e-06,5.884713800696773e-07,19099,
616,3.2060859211924253e-06,6.858477377136296e-07,5.477102718032256e-07,19109,
616,2.7729793146136217e-06,5.80816788442462e-07,5.178754918233608e-07,19119,
616,,,,19126,2.9591099064418813e-06
617,3.5700575153896352e-06,8.709696999176231e-07,6.184515086715692e-07,19129,
617,2.7008670713257743e-06,8.276928724626487e-07,5.292719720273453e-07,19139,
617,2.826333002303727e-06,6.359529152177856e-07,5.611472033706377e-07,19149,
617,,,,19157,2.9689379061892396e-06
618,3.6303654269431718e-06,7.583361707474978e-07,5.067252573098813e-07,19159,
618,3.056316245420021e-06,8.596821317041758e-07,4.947944489686051e-07,19169,
618,2.6819602680916432e-06,5.733127181883901e-07,5.665506819241273e-07,19179,
618,,,,19188,2.79352889265283e-06
619,2.7313387818139745e-06,8.113301532830519e-07,5.623002152788104e-07,19189,
619,4.244172941980651e-06,1.7754175587469945e-06,5.570665848608769e-07,19199,
619,3.126493311356171e-06,1.8640206462805509e-06,4.980243488716951e-07,19209,
619,2.859426558643463e-06,2.106800138790277e-06,8.199362966365698e-09,19219,
619,,,,19219,3.985322564403759e-06
620,6.517198926303536e-06,3.0284415970527334e-06,5.611667575067258e-07,19229,
620,4.012457338831155e-06,2.2441029159381287e-06,5.657077508658404e-07,19239,
620,4.910927600576542e-06,4.322955192037625e-06,6.27117856311088e-07,19249,
620,,,,19250,3.6478168112807907e-06
621,3.7472198073373875e-06,3.4253303056175355e-06,5.719976456930453e-07,19259,
621,3.0638984753750265e-06,9.674782859292463e-07,5.045661168878723e-07,19269,
621,3.657503839349374e-06,1.0608782758936286e-06,5.338933988241479e-07,19279,
621,,,,19281,3.293367399237468e-06
622,3.340864168421831e-06,1.147421471614507e-06,5.530930593522498e-07,19289,
622,3.04389368466218e-06,7.663667815904773e-07,5.253938866189856e-07,19299,
622,3.4403713016217807e-06,1.0797198228829075e-06,5.461516821014811e-07,19309,
622,,,,19312,3.2722330161050195e-06
623,4.518975401879288e-06,3.521959342833725e-06,5.227157657827775e-07,19319,
623,2.760532879619859e-06,6.880601404191111e-07,5.554325070988853e-07,19329,
623,3.1155118449532893e-06,1.0919850410573417e-06,5.455958671518601e-07,19339,
623,,,,19343,3.2366494906455046e-06
624,4.366298526292667e-06,1.631164764148707e-06,5.951100661150122e-07,19349,
624,3.1550609946862096e-06,9.278725201511406e-07,5.337009270078852e-07,19359,
624,2.674258212209679e-06,6.586446943401825e-07,5.289864475344075e-07,19369,
624,,,,19374,2.8105316687287996e-06
625,3.964316420024261e-06,3.3618682664382504e-06,5.071027544545359e-07,19379,
625,3.327171953060315e-06,4.239810095896246e-06,4.885924909103778e-07,19389,
625,2.8157589895272395e-06,1.108250785364362e-06,5.546488068830513e-07,19399,
625,,,,19405,3.239269517507637e-06
626,6.041566393832909e-06,8.057629202085081e-06,5.906944124944857e-07,19409,
626,7.680649105168413e-06,4.18870831708773e-06,5.501016744346998e-07,19419,
626,3.1831707474339055e-06,1.8574340856503113e-06,5.19941011134506e-07,19429,
626,,,,19436,5.369112841435708e-06
627,1.3143137039151043e-05,4.781195002578897e-06,6.199990139066358e-07,19439,
627,7.689493031648453e-06,2.4853604827512754e-06,5.30440502188867e-07,19449,
627,5.56422946829116e-06,2.628423999340157e-06,5.618949217023328e-07,19459,
627,,,,19467,5.389606940298108e-06
628,8.535313099855557e-06,1.708906324893178e-06,5.078668436908629e-07,19469,
628,3.93213622373878e-06,1.532757096356363e-06,4.965302764503576e-07,19479,
628,3.1199729164654855e-06,9.081027201318648e-07,5.679110586243041e-07,19489,
628,,,,19498,3.136435452688602e-06
629,3.0617945867561502e-06,9.495914241597347e-07,5.637820663650928e-07,19499,
629,2.8821589239669265e-06,1.1708563079082523e-06,5.583523261520895e-07,19509,
629,2.6875975436269073e-06,5.163275318409433e-07,4.988858108845307e-07,19519,
629,2.1645012111548567e-06,6.82953384512075e-07,8.230649939378054e-09,19529,
629,,,,19529,2.9021025511610787e-06
630,2.5614847345423186e-06,7.940183763821551e-07,5.631329713651212e-07,19539,
630,2.7867108656209894e-06,9.409039307683997e-07,5.677076160282013e-07,19549,
630,2.555943638071767e-06,5.980973583064042e-07,6.285587232923717e-07,19559,
630,,,,19560,2.77062372333603e-06
631,2.5930248739314266e-06,8.695789119883557e-07,5.747136810896336e-07,19569,
631,2.6511102078075055e-06,6.788054065509641e-07,5.063604930910515e-07,19579,
631,2.9378993531281594e-06,6.986162475186575e-07,5.360082013794454e-07,19589,
631,,,,19591,2.8306176318437792e-06
632,3.3291662475676276e-06,4.7788353185751475e-06,5.555758662012522e-07,19599,
632,2.888259132305393e-06,1.6744800177548314e-06,5.269954499453888e-07,19609,
632,3.088941866735695e-06,9.8458065167506e-07,5.481314246935654e-07,19619,
632,,,,19622,2.8528045277198544e-06
633,4.591224751493428e-06,4.176079983153613e-06,5.244226031209109e-07,19629,
633,3.3330079531879164e-06,2.375556732658879e-06,5.572385930463497e-07,19639,
633,2.8998990728723584e-06,1.4397285212908173e-06,5.474695399243501e-07,19649,
633,,,,19653,3.456619424468954e-06
634,8.33904414321296e-06,9.611673704057466e-06,5.985804136798833e-07,19659,
634,3.7710374272137415e-06,3.3025605716829887e-06,5.352139282877033e-07,19669,
634,2.7705723368853796e-06,1.6781516478658887e-06,5.305691956891678e-07,19679,
634,,,,19684,3.6221583741280483e-06
635,7.001158792263595e-06,1.8554991356722894e-06,5.080568143966957e-07,19689,
635,4.956048542226199e-06,1.4193387869454455e-06,4.887842237621953e-07,19699,
635,3.401672984182369e-06,1.1391547332095797e-06,5.564093044085894e-07,19709,
635,,,,19715,3.661447181002586e-06
636,6.072241831134306e-06,5.683733888872666e-06,5.920755938859656e-07,19719,
636,4.0410759538644925e-06,1.0930607459158637e-06,5.505326043930836e-07,19729,
636,2.9516561426135013e-06,1.158411464530218e-06,5.222936465543171e-07,19739,
636,,,,19746,3.379779627721291e-06
637,6.9048346631461754e-06,2.649665475473739e-06,6.226700293154863e-07,19749,
637,3.1635879622626817e-06,1.8607734091347083e-06,5.329234795681259e-07,19759,
637,3.3903475014085416e-06,7.333532607844973e-07,5.65118170925416e-07,19769,
637,,,,19777,3.2379052754549775e-06
638,3.890122570737731e-06,9.00358486433106e-07,5.098734732200683e-07,19779,
638,2.7404839784139767e-06,5.636117634821858e-07,4.984148631592689e-07,19789,
638,2.860479753508116e-06,7.883999728619528e-07,5.707661330234259e-07,19799,
638,,,,19808,2.763569682429079e-06
639,2.69660449703224e-06,8.623513281236228e-07,5.661307227455836e-07,19809,
639,2.857351546481368e-06,7.66740583912906e-07,5.60688874884363e-07,19819,
639,2.5376409666932886e-06,5.557316171689308e-07,5.009944743505912e-07,19829,
639,2.224031732112053e-06,5.054941425441939e-07,8.275777396704598e-09,19839,
639,,,,19839,2.737572458499926e-06
640,3.694781298690941e-06,3.0376832000911236e-06,5.656957000610419e-07,19849,
640,3.1110093914321624e-06,1.8757593807094963e-06,5.700061933566758e-07,19859,
640,3.0991220683063148e-06,7.95485732396628e-07,6.314735969681351e-07,19869,
640,,,,19870,3.3193487070093397e-06
641,7.99518238636665e-06,4.772108241013484e-06,5.759364967161673e-07,19879,
641,3.9648584788665175e-06,1.4243968280425179e-06,5.0750821856127e-07,19889,
641,4.150149834458716e-06,2.728331992329913e-06,5.37420930868393e-07,19899,
641,,,,19901,3.78745244233869e-06
642,3.44152249454055e-06,2.978640395667753e-06,5.56304087240278e-07,19909,
642,3.143388084936305e-06,1.1599670415307628e-06,5.281800667944481e-07,19919,
642,3.2189188914344413e-06,2.2838933091406943e-06,5.498559403349645e-07,19929,
642,,,,19932,2.9883253773732577e-06
643,3.380116595508298e-06,3.996871328126872e-06,5.26040992099297e-07,19939,
643,2.6891591460298514e-06,8.643391993246041e-07,5.594479830506316e-07,19949,
643,2.8703827865683706e-06,7.158467383305833e-07,5.489343379849743e-07,19959,
643,,,,19963,2.7519820378074655e-06
644,2.8708234367513796e-06,7.227398555187392e-07,5.997111998112814e-07,19969,
644,2.5835990982159274e-06,6.503314011752082e-07,5.371552447286376e-07,19979,
644,2.3086661258275853e-06,5.428599365586706e-07,5.327090093487641e-07,19989,
644,,,,19994,2.8097606445953716e-06
645,2.928238018284901e-06,8.091460586001631e-07,5.104482170281699e-07,19999,
645,2.4605144517408917e-06,5.562773708334134e-07,4.913015345664462e-07,20009,
645,2.4111420771077974e-06,5.768546884610259e-07,5.585664553109382e-07,20019,
645,,,,20025,2.584248932180344e-06
646,3.313695287943119e-06,8.628048817627132e-07,5.94983532664628e-07,20029,
646,2.6240556962875417e-06,9.069365773939353e-07,5.539946528188011e-07,20039,
646,2.5705091957206605e-06,9.950857702278881e-07,5.241642497821886e-07,20049,
646,,,,20056,3.098067509199609e-06
647,4.504783191805473e-06,6.224317075975705e-06,6.249031230254332e-07,20059,
647,2.939624891951098e-06,2.537058435336803e-06,5.344183477973274e-07,20069,
647,3.6539875054586446e-06,3.749714323930675e-06,5.674360750163032e-07,20079,
647,,,,20087,4.09531321565737e-06
648,6.4365403886768036e-06,6.835724434495205e-06,5.110230745231092e-07,20089,
648,3.963021299568936e-06,1.8464576214682893e-06,5.004329750590841e-07,20099,
648,3.293228019174421e-06,1.7599453485672711e-06,5.728794008064142e-07,20109,
648,,,,20118,4.6536733862012625e-06
649,4.586660907079931e-06,2.254332002848969e-06,5.68060158911976e-07,20119,
649,4.580339009407908e-06,4.385524789540796e-06,5.620735237243935e-07,20129,
649,3.5625012060336303e-06,2.1755251964350464e-06,5.019230684411013e-07,20139,
649,2.322778755114996e-06,6.975571409384429e-07,8.29730240070603e-09,20149,
649,,,,20149,3.6161122807243373e-06
650,5.221864739723969e-06,2.2375381831807317e-06,5.664154514306574e-07,20159,
650,3.1437473353435053e-06,1.714473796710081e-06,5.709063657377556e-07,20169,
650,2.8928927804372506e-06,9.382562211612822e-07,6.329376560643141e-07,20179,
650,,,,20180,2.969463366753189e-06
651,2.5685394575702958e-06,1.0806239743033075e-06,5.779105549663655e-07,20189,
651,2.9426087166939396e-06,9.562991181155667e-07,5.093089043839427e-07,20199,
651,2.666508862603223e-06,7.175444238782802e-07,5.391768809204223e-07,20209,
651,,,,20211,2.8176702926430153e-06
652,2.739707042564987e-06,1.4012409792485414e-06,5.587218652181036e-07,20219,
652,2.747598728092271e-06,6.414473432414525e-07,5.30410659393965e-07,20229,
652,2.5343465495097917e-06,7.098060450516641e-07,5.513783776223136e-07,20239,
652,,,,20242,2.5106201064772904e-06
653,2.4312671484949533e-06,5.793071977677755e-07,5.271990062283294e-07,20249,
653,2.4946107259893324e-06,5.513685437108506e-07,5.609217623714358e-07,20259,
653,2.3373168005491607e-06,5.250875005913258e-07,5.505697799890186e-07,20269,
653,,,,20273,2.752121190496837e-06
654,5.516214969247812e-06,2.1440739601530368e-06,6.009196908962622e-07,20279,
654,3.1258034596248763e-06,2.112617949023843e-06,5.382565291256469e-07,20289,
654,2.7526828034751816e-06,1.0397230880698771e-06,5.342662916518748e-07,20299,
654,,,,20304,2.877476617868524e-06
655,3.4275351481483085e-06,6.7547142634794e-07,5.114542886985873e-07,20309,
655,3.0848177630105056e-06,1.8163769937018515e-06,4.923746246277005e-07,20319,
655,2.560593429734581e-06,6.697293315482966e-07,5.599943619927217e-07,20329,
655,,,,20335,2.989540234921151e-06
656,4.919981165585341e-06,3.6074852687306702e-06,5.968787490928662e-07,20339,
656,5.189094736124389e-06,4.502603133005323e-06,5.546098122977128e-07,20349,
656,2.5317942800029414e-06,1.453215418223408e-06,5.255877795207198e-07,20359,
656,,,,20366,4.030463969684206e-06
657,5.9540998336160555e-06,3.347340680193156e-06,6.263863951971871e-07,20369,
657,3.454913667155779e-06,3.317802111268975e-06,5.350275387172587e-07,20379,
657,2.863975623768056e-06,9.650283345763455e-07,5.682247206095781e-07,20389,
657,,,,20397,3.82782991437125e-06
658,6.009777280269191e-06,2.490907718311064e-06,5.135594847160974e-07,20399,
658,5.266494554234669e-06,2.3530649286840344e-06,5.003584533369576e-07,20409,
658,3.3340056688757613e-06,1.6712576780264499e-06,5.734439696425397e-07,20419,
658,,,,20428,3.123730266452185e-06
659,3.0749868074053666e-06,1.2914910030303872e-06,5.697371534552076e-07,20429,
659,3.1420340746990405e-06,2.2534889012604253e-06,5.63174694434565e-07,20439,
659,2.9706857276323717e-06,1.244055511051556e-06,5.030447596254817e-07,20449,
659,2.0759450762852794e-06,5.536903699976392e-07,8.318396638173908e-09,20459,
659,,,,20459,2.965861312986817e-06
660,3.6903861655446235e-06,2.359094878556789e-06,5.682034043275053e-07,20469,
660,2.9498216918000253e-06,3.3533840451127617e-06,5.727709435632278e-07,20479,
660,5.055826022726251e-06,2.780278236969025e-06,6.348561782942852e-07,20489,
660,,,,20490,5.182016593607841e-06
661,4.865191385761136e-06,3.2401669614046114e-06,5.797861604150967e-07,20499,
661,3.509338284857222e-06,3.319130428280914e-06,5.106354592498974e-07,20509,
661,3.2267728329316014e-06,1.260377757716924e-06,5.406565151133691e-07,20519,
661,,,,20521,3.3869489470816916e-06
662,2.7978232992609264e-06,1.20643221634964e-06,5.603099566542369e-07,20529,
662,2.862144810933387e-06,9.096035000766278e-07,5.316578040037712e-07,20539,
662,2.772744437606889e-06,9.27031123865163e-07,5.532991167456203e-07,20549,
662,,,,20552,2.9772938887617784e-06
663,2.619111683088704e-06,7.592927886435064e-07,5.28631346696784e-07,20559,
663,2.720521024457412e-06,6.842200264145504e-07,5.622101753033348e-07,20569,
663,2.349770738874213e-06,6.40691212083766e-07,5.519581804946938e-07,20579,
663,,,,20583,2.4120245143421926e-06
664,2.4370085611735703e-06,5.535870855055691e-07,6.021537615197303e-07,20589,
664,2.4538019260944566e-06,5.453128437693522e-07,5.400185614234942e-07,20599,
664,2.2470767362392507e-06,6.032939268152404e-07,5.358535304367251e-07,20609,
664,,,,20614,2.5260846996388864e-06
665,3.255789351896965e-06,5.915978249504406e-07,5.134465936862398e-07,20619,
665,2.4181563276215456e-06,6.381166031133034e-07,4.939580549034872e-07,20629,
665,2.265387593070045e-06,5.09038443397003e-07,5.615312375084613e-07,20639,
665,,,,20645,2.6789377898239763e-06
666,4.36376603829558e-06,1.63455968049675e-06,5.982964239592548e-07,20649,
666,2.8785771064576693e-06,7.597877242915274e-07,5.565399305851315e-07,20659,
666,2.441977130729356e-06,5.855617928318679e-07,5.26918199739157e-07,20669,
666,,,,20676,2.7939947813138133e-06
667,4.053556040162221e-06,1.2321543181315064e-06,6.279083777371852e-07,20679,
667,3.5664845654537203e-06,3.910355644620722e-06,5.371671818465984e-07,20689,
667,3.180505018463009e-06,8.930605304158235e-07,5.696659854947939e-07,20699,
667,,,,20707,3.947027380490908e-06
668,7.283617833309108e-06,1.8694294112719945e-06,5.14416399255424e-07,20709,
668,3.6950477806385607e-06,1.2742465287374216e-06,5.017870989831863e-07,20719,
668,2.5934434688679175e-06,7.744822028143972e-07,5.74930368202331e-07,20729,
668,,,,20738,2.815086645568954e-06
669,2.7485605187393958e-06,8.566686915401078e-07,5.70820418488438e-07,20739,
669,4.774324224854354e-06,4.591208835336147e-06,5.636857736135426e-07,20749,
669,2.992725057993084e-06,1.4433890100917779e-06,5.035993808633066e-07,20759,
669,2.942064156741253e-06,2.9622121928696288e-06,8.352608382722337e-09,20769,
669,,,,20769,4.157057446718682e-06
670,4.952931703883223e-06,3.3547917155374307e-06,5.70669726585038e-07,20779,
670,2.4272478640341433e-06,7.284101570803614e-07,5.732393333346408e-07,20789,
670,2.592267946965876e-06,1.025698907142214e-06,6.360885436151875e-07,20799,
670,,,,20800,2.6885886654781643e-06
671,2.322275122423889e-06,8.558708941563964e-07,5.80114374315599e-07,20809,
671,2.5478987026872346e-06,7.281537932612991e-07,5.116982038089191e-07,20819,
671,2.881618911487749e-06,7.467316436304827e-07,5.417052193479321e-07,20829,
671,,,,20831,2.8367330742185004e-06
672,2.986076651723124e-06,1.108249989556498e-06,5.609120421468106e-07,20839,
672,2.61283571489912e-06,8.046337143241544e-07,5.318379407981411e-07,20849,
672,2.4064611352514476e-06,5.275941816762497e-07,5.539688459066383e-07,20859,
672,,,,20862,2.545880306570325e-06
673,4.105887910554884e-06,1.7338536508759717e-06,5.292216656016535e-07,20869,
673,2.2878116396896075e-06,6.079862373553624e-07,5.636758260152419e-07,20879,
673,2.5714232378959423e-06,7.28099109892355e-07,5.528962674361537e-07,20889,
673,,,,20893,2.656529659361695e-06
674,3.1158044748735847e-06,1.3184202316551819e-06,6.030574013493606e-07,20899,
674,2.561116161814425e-06,8.611813768766297e-07,5.411446295511269e-07,20909,
674,2.2029737465345534e-06,5.210606559558073e-07,5.370634994505963e-07,20919,
674,,,,20924,2.4169050902855815e-06
675,4.551322035695193e-06,1.3751632650382817e-06,5.141287715559884e-07,20929,
675,5.029963176639285e-06,1.49452489495161e-06,4.941834390592703e-07,20939,
675,3.070740604016464e-06,9.879762501441292e-07,5.621013201562164e-07,20949,
675,,,,20955,4.236093900544802e-06
676,1.08654385257978e-05,3.68585210708261e-06,5.995455012453021e-07,20959,
676,5.34441323907231e-06,2.228814992122352e-06,5.576951593866397e-07,20969,
676,2.751985903159948e-06,1.2243531273270492e-06,5.277642571854813e-07,20979,
676,,,,20986,4.5771635086566675e-06
677,1.4648911928816233e-05,5.286632585921325e-06,6.283348739088979e-07,20989,
677,2.9227419418020872e-06,1.23991128475609e-06,5.372384634938498e-07,20999,
677,3.4569941362860845e-06,3.2190016554523027e-06,5.710631398869737e-07,21009,
677,,,,21017,3.230172751500504e-06
678,3.8129276163090253e-06,3.457232423897949e-06,5.14672478857392e-07,21019,
678,2.6516697744227713e-06,1.476576926506823e-06,5.033825232203526e-07,21029,
678,2.7383571250538807e-06,1.6134301858983235e-06,5.767813604506955e-07,21039,
678,,,,21048,3.2035788990469882e-06
679,3.1291760933527257e-06,1.5879852526268223e-06,5.7179931900464e-07,21049,
679,4.8579486247035675e-06,1.6542295497856685e-06,5.652190111504751e-07,21059,
679,2.522198201404535e-06,9.57023416958691e-07,5.044034878665116e-07,21069,
679,2.2062283733248478e-06,6.023836363056034e-07,8.378713722834163e-09,21079,
679,,,,21079,2.7733003662433475e-06
680,3.5982100143883144e-06,7.892029429967806e-07,5.717349722544895e-07,21089,
680,2.5447861844440922e-06,5.948085117779556e-07,5.747468776462483e-07,21099,
680,2.703286099858815e-06,8.203141987905838e-07,6.38225401417003e-07,21109,
680,,,,21110,2.8773567919415655e-06
681,2.6461009383638157e-06,1.0746848602138925e-06,5.815936106046138e-07,21119,
681,2.3885545488155913e-06,8.31099441711558e-07,5.126622681927984e-07,21129,
681,2.5698552690300858e-06,1.0557373570918571e-06,5.429517955235497e-07,21139,
681,,,,21141,2.8611259494937258e-06
682,3.125825969618745e-06,2.6041889213956892e-06,5.623659831144323e-07,21149,
682,2.9033919872745173e-06,1.267195216314576e-06,5.332339583219436e-07,21159,
682,2.8086465135856997e-06,7.876393510741764e-07,5.550786568164767e-07,21169,
682,,,,21172,2.8299170935497386e-06
683,5.237109689915087e-06,1.048614922183333e-05,5.302867975842673e-07,21179,
683,2.4973871859401697e-06,9.235993161382794e-07,5.644546945404727e-07,21189,
683,3.2046989417722216e-06,1.2626902616830193e-06,5.533378271138645e-07,21199,
683,,,,21203,3.1232482342602452e-06
684,4.248693130648462e-06,1.844185931076936e-06,6.041777282916883e-07,21209,
684,2.6632835670170607e-06,9.104552418648382e-07,5.417441002464329e-07,21219,
684,2.452318994983216e-06,6.423745162464911e-07,5.376008402890875e-07,21229,
684,,,,21234,2.619615997900837e-06
685,2.7575767944654217e-06,9.342697353531548e-07,5.14980399657361e-07,21239,
685,2.1747900973423384e-06,5.822494131280109e-07,4.955638246428862e-07,21249,
685,2.19454614125425e-06,5.602979626928573e-07,5.630574264614552e-07,21259,
685,,,,21265,2.44169450525078e-06
686,3.173820687152329e-06,1.7507289840068552e-06,6.003123758091533e-07,21269,
686,2.819371729856357e-06,1.348703676740115e-06,5.586749125541246e-07,21279,
686,2.1162766188354e-06,6.052080152585404e-07,5.288987949825241e-07,21289,
686,,,,21296,2.3651757601328427e-06
687,3.2307070796377957e-06,1.2108079090467072e-06,6.298602670540276e-07,21299,
687,2.9120271847205004e-06,1.343989310953475e-06,5.382788685892592e-07,21309,
687,2.342364268770325e-06,6.924653348505672e-07,5.719820137528586e-07,21319,
687,,,,21327,2.8287233817536617e-06
688,4.605155027093133e-06,1.3981814390717773e-06,5.163282708053885e-07,21329,
688,4.508169240580173e-06,1.466752451051434e-06,5.039360075898003e-07,21339,
688,2.7687506189977285e-06,1.055566258401086e-06,5.773046041213092e-07,21349,
688,,,,21358,2.6599393549986416e-06
689,2.6052885004901327e-06,1.5098814856173703e-06,5.729077088290069e-07,21359,
689,3.439407464611577e-06,3.101143875028356e-06,5.661401019096957e-07,21369,
689,3.2482957976753823e-06,1.332865394942928e-06,5.049788569522207e-07,21379,
689,1.9968686046922812e-06,7.57736984269286e-07,8.39329850066406e-09,21389,
689,,,,21389,2.723902753132279e-06
690,3.343860043969471e-06,1.49811205574224e-06,5.728871315113793e-07,21399,
690,2.7785004022007342e-06,1.5722476973678567e-06,5.758150223300618e-07,21409,
690,2.801053824441624e-06,8.803020250525151e-07,6.39592656170862e-07,21419,
690,,,,21420,2.6813027034222614e-06
691,7.0509004217456095e-06,3.3734522730810568e-06,5.820390356348071e-07,21429,
691,5.1180581976950634e-06,2.9745222036581254e-06,5.134791081218282e-07,21439,
691,3.041137915715808e-06,1.448072680432233e-06,5.4295776408253e-07,21449,
691,,,,21451,3.244729896323406e-06
692,3.4074305403919425e-06,1.103775730371126e-06,5.636214268633921e-07,21459,
692,3.161933818773832e-06,7.194420845735294e-07,5.338731625670334e-07,21469,
692,3.553959231794579e-06,1.2258091146577499e-06,5.564484126807656e-07,21479,
692,,,,21482,2.6952125153911766e-06
693,3.93008940591244e-06,1.0309182698620134e-06,5.31132684500335e-07,21489,
693,2.3303703073906945e-06,6.550690159201622e-07,5.65569848731684e-07,21499,
693,2.1673204173566774e-06,6.896857485116925e-07,5.548209855987807e-07,21509,
693,,,,21513,2.4332023258466506e-06
694,2.8568674679263495e-06,6.820264388807118e-07,6.050892125131213e-07,21519,
694,2.44235366153589e-06,6.739171567460289e-07,5.429126872513734e-07,21529,
694,2.3536852040706435e-06,6.770507638975687e-07,5.389823627410806e-07,21539,
694,,,,21544,2.310428499185946e-06
695,2.7535311346582603e-06,1.5541047559963772e-06,5.160039791007875e-07,21549,
695,4.194699158688309e-06,7.685185892114532e-07,4.965813218404946e-07,21559,
695,2.2083304429543205e-06,6.390395697053464e-07,5.641871325678949e-07,21569,
695,,,,21575,2.2753233679395635e-06
696,3.696454086821177e-06,1.5385576261905953e-06,6.01586634729756e-07,21579,
696,4.681611699197674e-06,1.4128487464404316e-06,5.603919248642342e-07,21589,
696,2.7979269816569285e-06,1.2116928473915323e-06,5.298027758726676e-07,21599,
696,,,,21606,3.5701136766874697e-06
697,7.213650860649068e-06,2.251791329399566e-06,6.307324724730279e-07,21609,
697,4.34488811151823e-06,5.604930720437551e-06,5.389230182117899e-07,21619,
697,2.616161964397179e-06,1.07197752186039e-06,5.723081812902819e-07,21629,
697,,,,21637,3.0926069030101644e-06
698,4.310556505515706e-06,2.854227886928129e-06,5.169870860299852e-07,21639,
698,2.825601086442475e-06,1.4341345604407252e-06,5.047311333328253e-07,21649,
698,3.851277597277658e-06,3.1875654258328723e-06,5.78437948206556e-07,21659,
698,,,,21668,3.809652980635292e-06
699,3.7416573377413442e-06,3.3543030895089032e-06,5.738156119150517e-07,21669,
699,3.482505917418166e-06,2.8495321657828754e-06,5.668559879268287e-07,21679,
699,3.0156224966049194e-06,2.0755987861775793e-06,5.056459713159711e-07,21689,
699,1.7941398482435034e-06,7.537861961282033e-07,8.408633789258602e-09,21699,
699,,,,21699,3.145520167890936e-06
700,2.634709744597785e-06,1.8021343066720874e-06,5.734134447266115e-07,21709,
700,2.905062046920648e-06,9.711845905258087e-07,5.766016784036765e-07,21719,
700,2.7871305974258576e-06,8.445905450571445e-07,6.404889063560404e-07,21729,
700,,,,21730,2.7700632472260622e-06
701,3.841919806291116e-06,1.1237420949328225e-06,5.83393671149679e-07,21739,
701,2.4085520635708235e-06,7.457030619661964e-07,5.144868282513926e-07,21749,
701,3.660657057480421e-06,6.722065677422506e-07,5.446443083201302e-07,21759,
701,,,,21761,2.6208590497844853e-06
702,2.5713843569974415e-06,9.685826398708741e-07,5.639760729536647e-07,21769,
702,2.2068859379942296e-06,5.71715588648658e-07,5.346223588276189e-07,21779,
702,2.395157707724138e-06,1.221226625602867e-06,5.571337737819704e-07,21789,
702,,,,21792,2.4614705580461305e-06
703,4.045974037580891e-06,5.017084276914829e-06,5.317709224073042e-07,21799,
703,2.431472694297554e-06,1.052565949066775e-06,5.663115985043987e-07,21809,
703,2.191156909248093e-06,7.4263914484618e-07,5.554226163440035e-07,21819,
703,,,,21823,2.7087569378636545e-06
704,6.055459380149841e-06,7.51770130591467e-06,6.046869884812622e-07,21829,
704,5.262109880277421e-06,1.3666884797203238e-06,5.435813363874331e-07,21839,
704,3.9368537727568764e-06,1.9937456272600684e-06,5.399110136750096e-07,21849,
704,,,,21854,3.005196731464821e-06
705,3.3801409244915703e-06,1.7646664218773367e-06,5.168183179193875e-07,21859,
705,2.2791211904404918e-06,7.162253155001963e-07,4.971583393853507e-07,21869,
705,2.234809699075413e-06,8.48362958549842e-07,5.650827006320469e-07,21879,
705,,,,21885,2.5835283850028645e-06
706,5.613995199382771e-06,2.800424454107997e-06,6.02848956532398e-07,21889,
706,3.241165131839807e-06,1.2842571095461608e-06,5.608838478110556e-07,21899,
706,2.265688635816332e-06,8.723303039914754e-07,5.30800264186837e-07,21909,
706,,,,21916,3.2764205570856575e-06
707,5.52846904611215e-06,2.3034285732137505e-06,6.316821554719354e-07,21919,
707,2.6130915102839936e-06,9.235965876541741e-07,5.395174866862362e-07,21929,
707,2.2302408524410566e-06,5.381494361245132e-07,5.738943400501739e-07,21939,
707,,,,21947,2.5644440029282123e-06
708,3.7884735775151057e-06,1.0766992772914818e-06,5.176666491024662e-07,21949,
708,2.7342864541424206e-06,9.642155873734737e-07,5.053075256000739e-07,21959,
708,2.6068637453136034e-06,6.572365691681625e-07,5.792135766569118e-07,21969,
708,,,,21978,2.863553618226433e-06
709,2.7864580260938965e-06,1.1220004125789274e-06,5.738393156207167e-07,21979,
709,3.313037950647413e-06,1.2084014997526538e-06,5.671956841979409e-07,21989,
709,3.696129397212644e-06,7.642223067705345e-07,5.065483605903864e-07,21999,
709,1.929573954839725e-06,5.977550472380244e-07,8.423198138984844e-09,22009,
709,,,,22009,4.095585609320551e-06
710,3.440410864641308e-06,2.088964492941159e-06,5.74349257931317e-07,22019,
710,3.1173083243629662e-06,9.455334293306805e-07,5.768381470261374e-07,22029,
710,2.4337768991244957e-06,7.381497084679722e-07,6.411549975382513e-07,22039,
710,,,,22040,2.897604872487136e-06
711,2.70716941486171e-06,2.79192317975685e-06,5.841000074724434e-07,22049,
711,2.5055601327039767e-06,1.5750141528769745e-06,5.153880238140118e-07,22059,
711,2.308387820448843e-06,1.0068533811136149e-06,5.455230507322995e-07,22069,
711,,,,22071,2.282084324178868e-06
712,2.2125575469544856e-06,9.492834465163469e-07,5.650389311995241e-07,22079,
712,2.072973757094587e-06,5.876669320059591e-07,5.351018330657098e-07,22089,
712,2.2050576262699906e-06,6.075417786632897e-07,5.579321395998704e-07,22099,
712,,,,22102,2.2897138478583656e-06
713,3.2766918138804613e-06,4.713353973784251e-06,5.326008931660908e-07,22109,
713,2.25831331590598e-06,7.707186568950419e-07,5.67133952245058e-07,22119,
713,2.2344138415064663e-06,1.118572185987432e-06,5.562970386563393e-07,22129,
713,,,,22133,2.711099114094395e-06
714,3.450371195867774e-06,1.0551194691288401e-06,6.063131081646134e-07,22139,
714,2.4013086203922285e-06,1.0894681281570229e-06,5.444825887934712e-07,22149,
714,2.135132717739907e-06,8.113085527838848e-07,5.406503760241321e-07,22159,
714,,,,22164,3.005217877216637e-06
715,5.87957492825808e-06,9.139861504081637e-06,5.171780230739387e-07,22169,
715,2.9673215067305136e-06,4.912102212983882e-06,4.976494665243081e-07,22179,
715,2.4993155420816038e-06,1.6431970379926497e-06,5.657361725752708e-07,22189,
715,,,,22195,2.88406636173022e-06
716,4.498676844377769e-06,4.223007181280991e-06,6.034663897480641e-07,22199,
716,3.6920621369063156e-06,1.3275357559905387e-06,5.612596964965633e-07,22209,
716,2.405620080025983e-06,1.0878984539886005e-06,5.315863518262631e-07,22219,
716,,,,22226,4.023279871034902e-06
717,1.0188462510996033e-05,5.375185082812095e-06,6.321001251308189e-07,22229,
717,3.829360593954334e-06,1.51489575728192e-06,5.398521238930698e-07,22239,
717,3.403627488296479e-06,7.901215326455713e-07,5.741169957218517e-07,22249,
717,,,,22257,2.8239367111382307e-06
718,3.3835785870905966e-06,1.5042327277114964e-06,5.179199433769099e-07,22259,
718,2.402618065389106e-06,6.265819934014871e-07,5.065780896984506e-07,22269,
718,2.5145193376374664e-06,7.643994877071236e-07,5.799349196422554e-07,22279,
718,,,,22288,2.445263362460537e-06
719,2.387024778727209e-06,9.479746836404956e-07,5.746333044953644e-07,22289,
719,3.407864824112039e-06,1.529467567706888e-06,5.680237791239051e-07,22299,
719,4.381232429295778e-06,9.762172794580692e-07,5.070024258202466e-07,22309,
719,2.128640744558652e-06,1.0527313634156599e-06,8.44358716278748e-09,22319,
719,,,,22319,3.7330623854359146e-06
720,3.245226480430574e-06,2.6864192932407605e-06,5.750117679781397e-07,22329,
720,2.429743517495808e-06,1.236110506397381e-06,5.77267542212212e-07,22339,
720,2.5290471512562362e-06,2.3325519578065723e-06,6.418829343601828e-07,22349,
720,,,,22350,2.7653782126435544e-06
721,4.570268174575176e-06,1.904176315292716e-06,5.847202260156337e-07,22359,
721,4.16128386859782e-06,1.9993813111796044e-06,5.154981295163452e-07,22369,
721,2.8748595468641724e-06,8.913470423976833e-07,5.45385603345494e-07,22379,
721,,,,22381,3.3954554510273738e-06
722,2.8255196866666665e-06,7.568183946204954e-07,5.650147727465082e-07,22389,
722,2.811052127071889e-06,6.931479674676666e-07,5.349348839445156e-07,22399,
722,2.9002294468227774e-06,8.091795393738721e-07,5.579555022450222e-07,22409,
722,,,,22412,2.592306373117026e-06
723,2.2645110675512115e-06,8.577709422752378e-07,5.328904535417678e-07,22419,
723,2.161717929993756e-06,7.619292432536895e-07,5.670180485140008e-07,22429,
723,2.254349055874627e-06,7.043485652502568e-07,5.564160687754338e-07,22439,
723,,,,22443,2.455262119838153e-06
724,2.7053933990828227e-06,1.7021275198203512e-06,6.073751137591898e-07,22449,
724,2.1454461602843367e-06,1.0013166047428967e-06,5.449973627946747e-07,22459,
724,1.8793946310324827e-06,5.653532184624055e-07,5.409846721704525e-07,22469,
724,,,,22474,2.303468363606953e-06
725,3.032463837371324e-06,2.5552037641318748e-06,5.180147013561509e-07,22479,
725,2.6259440346620977e-06,1.5186039945547236e-06,4.98634904033679e-07,22489,
725,2.1898756585869705e-06,1.141303528129356e-06,5.666864808517857e-07,22499,
725,,,,22505,2.561402425271808e-06
726,6.598568688787054e-06,6.992187536525307e-06,6.041960887159803e-07,22509,
726,4.0930331124400254e-06,5.371273800847121e-06,5.623396077680809e-07,22519,
726,2.4612593279016437e-06,1.5880344790275558e-06,5.317778573044052e-07,22529,
726,,,,22536,2.8590236524905777e-06
727,5.642521045956528e-06,1.1693678061419632e-06,6.326334869299899e-07,22539,
727,2.1471234958880814e-06,6.08062748597149e-07,5.405494221122353e-07,22549,
727,2.126852450601291e-06,6.625688229178195e-07,5.746103397541447e-07,22559,
727,,,,22567,2.0747677353938343e-06
728,2.3360305476671783e-06,6.197972766130988e-07,5.185072495805798e-07,22569,
728,1.9801600501523353e-06,4.860354465563432e-07,5.065892878519662e-07,22579,
728,2.0106388092244742e-06,7.409347517750575e-07,5.803177032248641e-07,22589,
728,,,,22598,2.4082519303192385e-06
729,2.3672660063311923e-06,5.652324830407451e-07,5.755085794589831e-07,22599,
729,3.0527846774930367e-06,9.005588594845904e-07,5.685332666871545e-07,22609,
729,2.4126215976139065e-06,8.984332566797093e-07,5.070415340924228e-07,22619,
729,1.5371364270322374e-06,5.439812298391189e-07,8.46589109926299e-09,22629,
729,,,,22629,2.457996288285358e-06
730,2.422358875264763e-06,7.131103529900429e-07,5.763883450526919e-07,22639,
730,2.7449807475932175e-06,7.352101647484233e-07,5.783508072454424e-07,22649,
730,2.9301841095730197e-06,6.843640107945248e-07,6.430182111216709e-07,22659,
730,,,,22660,2.8062665933248354e-06
731,3.1114182093006093e-06,2.670738467713818e-06,5.854687969986117e-07,22669,
731,2.3834243165765656e-06,8.98417454209266e-07,5.164412755220837e-07,22679,
731,2.845964672815171e-06,1.698015580586798e-06,5.467154551297426e-07,22689,
731,,,,22691,2.9509205887734424e-06
732,7.430449841194786e-06,8.010750207176898e-06,5.668341600539861e-07,22699,
732,5.2710447562276386e-06,2.6215773232252104e-06,5.366580353438621e-07,22709,
732,3.177774942741962e-06,1.254733888345072e-06,5.583544862020062e-07,22719,
732,,,,22722,3.5817456591757946e-06
733,3.763234190046205e-06,1.4939259926904924e-06,5.334897537068173e-07,22729,
733,2.6943291686620796e-06,1.035614445754618e-06,5.677634931089415e-07,22739,
733,3.073892912652809e-06,9.442944133297715e-07,5.571271799453825e-07,22749,
733,,,,22753,2.903539098042529e-06
734,2.6395396162115503e-06,1.1846452707686694e-06,6.073372560422285e-07,22759,
734,2.296462525919196e-06,6.294500281001092e-07,5.456378175949794e-07,22769,
734,1.8832328123608022e-06,6.227905373634712e-07,5.416428621174418e-07,22779,
734,,,,22784,1.9497188077366445e-06
735,2.1947953428025357e-06,1.14977501652902e-06,5.185631835047388e-07,22789,
735,2.1386895241448656e-06,5.390713795350166e-07,4.992864433006616e-07,22799,
735,2.0870047592325136e-06,7.189741495494673e-07,5.669716074407916e-07,22809,
735,,,,22815,2.1408898192021297e-06
736,3.0693283861182863e-06,1.253972300219175e-06,6.044294877938228e-07,22819,
736,2.5444010134378914e-06,1.327195036537887e-06,5.629699444398284e-07,22829,
736,1.9229150893806946e-06,9.72605675997329e-07,5.32727824520407e-07,22839,
736,,,,22846,2.518802148188115e-06
737,3.448996267252369e-06,2.0033801320096245e-06,6.340335403365316e-07,22849,
737,2.6102413812623126e-06,9.825660072237952e-07,5.407752610153693e-07,22859,
737,2.9383281798800454e-06,2.999363005073974e-06,5.756153882430226e-07,22869,
737,,,,22877,3.3098644962592516e-06
738,6.69825567456428e-06,5.213463282416342e-06,5.18947388172819e-07,22879,
738,4.419073320605094e-06,5.391245849750703e-06,5.066900712336064e-07,22889,
738,2.6166289899265394e-06,2.3538848381576827e-06,5.810413199469622e-07,22899,
738,,,,22908,3.2667419418430654e-06
739,3.210746854165336e-06,1.597705704625696e-06,5.761468173659523e-07,22909,
739,4.030716809211299e-06,2.4112302980938694e-06,5.688740998266439e-07,22919,
739,3.7228719520499e-06,6.615171059820568e-07,5.076195748188184e-07,22929,
739,2.069776201096829e-06,9.258437785319984e-07,8.480800062216076e-09,22939,
739,,,,22939,3.8496859815495554e-06
740,3.4458016671123914e-06,1.3245513628135086e-06,5.755279630648147e-07,22949,
740,2.8641627523029456e-06,1.8654124005479389e-06,5.778421723334759e-07,22959,
740,2.360917051191791e-06,6.594115689040336e-07,6.433291446228395e-07,22969,
740,,,,22970,2.387062068009982e-06
741,2.2515278033097275e-06,5.433327601167548e-07,5.859131420038466e-07,22979,
741,2.2116598756838357e-06,5.436975243355846e-07,5.169951577954635e-07,22989,
741,2.0940967715432635e-06,5.208843276705011e-07,5.468555741572345e-07,22999,
741,,,,23001,2.5092756459343946e-06
742,2.7187832074559992e-06,1.2033102620989666e-06,5.664377340508508e-07,23009,
742,2.795069804051309e-06,9.662592219683575e-07,5.367637072595244e-07,23019,
742,2.1987125364830717e-06,8.535927804587118e-07,5.58955321139365e-07,23029,
742,,,,23032,2.639358399392222e-06
743,3.874411504511954e-06,1.3961958984509693e-06,5.334960633263108e-07,23039,
743,2.2971132693783147e-06,6.463328077188635e-07,5.686275130756258e-07,23049,
743,2.2735418951924657e-06,5.251926040727994e-07,5.576097237280919e-07,23059,
743,,,,23063,2.5695612748677377e-06
744,2.663904979272047e-06,1.0840377626664122e-06,6.07583331202477e-07,23069,
744,2.1838895918335766e-06,6.359222766150197e-07,5.463749062073475e-07,23079,
744,1.8627753206601483e-06,4.6372633732971735e-07,5.422054982773261e-07,23089,
744,,,,23094,2.2889803403813858e-06
745,3.0291598704934586e-06,9.481322535975778e-07,5.189202738620224e-07,23099,
745,2.1015018774050986e-06,4.948722107656067e-07,4.997964992980997e-07,23109,
745,2.0645413769670995e-06,5.277983063933789e-07,5.674140766132041e-07,23119,
745,,,,23125,2.3030945612845244e-06
746,5.241226972430013e-06,9.264223876925826e-07,6.047176839274471e-07,23129,
746,3.1218121421261458e-06,8.993376354737848e-07,5.631613362311327e-07,23139,
746,2.1448170173243852e-06,4.944710099152871e-07,5.32966737409879e-07,23149,
746,,,,23156,2.677638804016169e-06
747,5.907494596613105e-06,1.0045412182080327e-06,6.340677600746858e-07,23159,
747,2.5924257442966336e-06,1.1523555940584629e-06,5.413857593339344e-07,23169,
747,2.074880512736854e-06,1.1108287480965373e-06,5.759862347076705e-07,23179,
747,,,,23187,2.8154424853710225e-06
748,4.370840997580672e-06,3.385909849384916e-06,5.198529038352717e-07,23189,
748,2.934704752988182e-06,2.084610287056421e-06,5.071186137683981e-07,23199,
748,3.94455037167063e-06,2.4426904019492213e-06,5.813347456751217e-07,23209,
748,,,,23218,2.7569569738261634e-06
749,2.694067234187969e-06,1.466296339458495e-06,5.76180013922567e-07,23219,
749,3.4717575090326136e-06,2.490935912646819e-06,5.690904458788282e-07,23229,
749,2.039195351244416e-06,9.028341310113319e-07,5.083839482722396e-07,23239,
749,1.494992488915159e-06,5.358559747037361e-07,8.499975834297402e-09,23249,
749,,,,23249,2.169394747397746e-06
750,2.564825990702957e-06,8.897580414668482e-07,5.769107929154416e-07,23259,
750,2.0183706510579214e-06,8.561499384995841e-07,5.791280273115262e-07,23269,
750,2.17905380850425e-06,7.883407420194999e-07,6.439727258111816e-07,23279,
750,,,,23280,2.4654323169670533e-06
751,3.4813924685295206e-06,1.9586175312724663e-06,5.862420380253752e-07,23289,
751,2.717206143643125e-06,1.0009556490331306e-06,5.179976483304927e-07,23299,
751,3.007516625075368e-06,8.637377391096379e-07,5.47365857528348e-07,23309,
751,,,,23311,2.773564801827888e-06
752,3.589890638977522e-06,1.8709015421336517e-06,5.674594945048739e-07,23319,
752,2.3205082015920198e-06,9.14427630505088e-07,5.3726290616396e-07,23329,
752,2.626624336699024e-06,7.785685056660441e-07,5.60041200969863e-07,23339,
752,,,,23342,2.481455794622889e-06
753,1.2815743502869736e-05,6.4687915255490225e-06,5.33842296590592e-07,23349,
753,2.57395367952995e-06,9.04191551853728e-07,5.69235908187693e-07,23359,
753,2.524025376260397e-06,8.60271768488019e-07,5.577438741966034e-07,23369,
753,,,,23373,5.660812803398585e-06
754,5.790861450805096e-06,1.8594118955661543e-06,6.089000521569687e-07,23379,
754,3.03559613712423e-06,8.988126865006052e-07,5.462706553771568e-07,23389,
754,3.4362897167738993e-06,8.166368274942215e-07,5.424578262136492e-07,23399,
754,,,,23404,4.05208356824005e-06
755,2.769519824141753e-06,8.31654858757247e-07,5.200089958634635e-07,23409,
755,2.0061204395460663e-06,1.1049595514123212e-06,5.005189791518205e-07,23419,
755,2.033401642620447e-06,6.977012958486739e-07,5.675760803569574e-07,23429,
755,,,,23435,2.1399305296654347e-06
756,2.7275730190012837e-06,7.416296625706309e-07,6.050681804481428e-07,23439,
756,2.126375420630211e-06,6.847246254437778e-07,5.639527103085129e-07,23449,
756,1.754866389092058e-06,4.219529898819019e-07,5.338371238394757e-07,23459,
756,,,,23466,2.0737054455821635e-06
757,2.492165549483616e-06,5.964160436633392e-07,6.343875043057778e-07,23469,
757,1.779148306013667e-06,5.018152364755224e-07,5.418401656243077e-07,23479,
757,1.730302642499737e-06,5.579522621701472e-07,5.765540436186711e-07,23489,
757,,,,23497,2.0861778011749266e-06
758,2.317885900993133e-06,1.3473138551489683e-06,5.199098040975514e-07,23499,
758,1.9096607957180822e-06,5.425094400379749e-07,5.080588607597747e-07,23509,
758,1.886970835585089e-06,5.333243962013512e-07,5.822058710691635e-07,23519,
758,,,,23528,2.0043912627443206e-06
759,1.961271664185915e-06,1.0347619081585435e-06,5.770994562226406e-07,23529,
759,4.741610609926283e-06,5.564966158999596e-06,5.702410703634087e-07,23539,
759,4.219690708850976e-06,2.0378226963657653e-06,5.087518388791068e-07,23549,
759,2.2377912500815e-06,1.3192704955145018e-06,8.520221861374466e-09,23559,
759,,,,23559,3.1680503980169306e-06
760,4.224384611006826e-06,1.5627383618266322e-06,5.770852453679254e-07,23569,
760,2.93975404019875e-06,1.4683492963740719e-06,5.791512194264214e-07,23579,
760,2.553048261688673e-06,1.189015165437013e-06,6.446730935749656e-07,23589,
760,,,,23590,3.7816666917933617e-06
761,2.9636103135999292e-06,8.191217943931406e-07,5.86885732900555e-07,23599,
761,2.988308096973924e-06,2.536037527534063e-06,5.180404514248949e-07,23609,
761,2.3841084839659743e-06,2.912606078098179e-06,5.483928475769062e-07,23619,
761,,,,23621,2.2200249532033922e-06
762,1.9472861367830774e-06,8.741027386349742e-07,5.672302449966082e-07,23629,
762,1.9891574538632995e-06,8.193173925974406e-07,5.37151436219574e-07,23639,
762,1.9472461190161994e-06,6.013270876792376e-07,5.603136514764628e-07,23649,
762,,,,23652,2.0981869965908118e-06
763,2.3055124529491877e-06,2.1624189230351476e-06,5.342334929991921e-07,23659,
763,1.8781465769279748e-06,6.640880769737123e-07,5.693797788808297e-07,23669,
763,1.7598063095647376e-06,4.1526661220814276e-07,5.584658424595546e-07,23679,
763,,,,23683,2.0486929770413553e-06
764,3.3296021229034523e-06,4.167350198258646e-06,6.083056973693601e-07,23689,
764,3.071716719205142e-06,2.399615596004878e-06,5.47355625712953e-07,23699,
764,1.8860806676457287e-06,5.638422067022475e-07,5.432709713204531e-07,23709,
764,,,,23714,2.760974894044921e-06
765,9.484620932198595e-06,1.0641573680914007e-05,5.200146233619307e-07,23719,
765,2.9013920084253186e-06,1.2716267292489647e-06,5.009063670513569e-07,23729,
765,2.3307231913349824e-06,1.5139120250751148e-06,5.673856549037737e-07,23739,
765,,,,23745,4.28079511038959e-06
766,5.527775556402048e-06,5.54856796952663e-06,6.052171102055581e-07,23749,
766,4.839258963329485e-06,1.6190845144592458e-06,5.637855338136433e-07,23759,
766,2.205346163464128e-06,7.178897476478596e-07,5.341439646144863e-07,23769,
766,,,,23776,2.2590929802390747e-06
767,2.705516180867562e-06,7.049766281852499e-07,6.349529257931863e-07,23779,
767,2.2508752408612054e-06,6.864310648779792e-07,5.424658411357086e-07,23789,
767,1.7072562741304864e-06,5.15202543738269e-07,5.769146582679241e-07,23799,
767,,,,23807,2.0107015643588966e-06
768,2.4692938040971057e-06,7.659506309209974e-07,5.19809930210613e-07,23809,
768,2.1930120510660345e-06,6.848474072285171e-07,5.084260692456155e-07,23819,
768,1.9710535070771584e-06,7.413209459627979e-07,5.822363391416729e-07,23829,
768,,,,23838,2.185840685342555e-06
769,2.14280089494423e-06,6.396756475623988e-07,5.771485689365363e-07,23839,
769,3.081794375248137e-06,1.3130639899827656e-06,5.704205818801711e-07,23849,
769,2.4705577743588947e-06,1.0343023859604727e-06,5.086882879368204e-07,23859,
769,1.866261754912557e-06,7.315198899959796e-07,8.52655102079325e-09,23869,
769,,,,23869,3.1558315640722867e-06
770,3.0867126952216495e-06,1.0309456683899043e-06,5.786742462987604e-07,23879,
770,2.6875407002080465e-06,8.018618586902448e-07,5.798095799036673e-07,23889,
770,2.243750714114867e-06,1.2684549801633693e-06,6.455007905969978e-07,23899,
770,,,,23900,2.5695248950796667e-06
771,2.4439477783744223e-06,2.381794729444664e-06,5.881796028006647e-07,23909,
771,2.1420460143417586e-06,7.683869966967904e-07,5.188655336496595e-07,23919,
771,2.0259358279872686e-06,5.009682695344964e-07,5.489772547662142e-07,23929,
771,,,,23931,2.1725438728026347e-06
772,7.061692485876847e-06,8.0561512731947e-06,5.683126005351369e-07,23939,
772,2.1674652543879347e-06,6.983238449720375e-07,5.376493845687946e-07,23949,
772,4.004904440080281e-06,4.005836217402248e-06,5.607951720776327e-07,23959,
772,,,,23962,3.024029638254433e-06
773,3.5970392673334572e-06,1.8177701122112921e-06,5.344537044038589e-07,23969,
773,2.3132529349823017e-06,1.2660251513807452e-06,5.689037152478704e-07,23979,
773,2.4358052996831248e-06,9.674979537521722e-07,5.587635882875475e-07,23989,
773,,,,23993,2.247371867269976e-06
774,5.184316250961274e-06,1.1850703458549106e-06,6.098027824918972e-07,23999,
774,2.1941007162240567e-06,9.483234180152067e-07,5.476416049532418e-07,24009,
774,1.8993607682205038e-06,8.200003662750532e-07,5.436333481156908e-07,24019,
774,,,,24024,3.486490186332958e-06
775,5.531627721211407e-06,2.9708278361795237e-06,5.198473331802234e-07,24029,
775,2.463644477757043e-06,1.1411588047849364e-06,5.009554229218338e-07,24039,
775,1.9071650285695796e-06,5.100935140944785e-07,5.686977146979189e-07,24049,
775,,,,24055,2.0637155557778897e-06
776,2.3507027435698546e-06,8.849384585118969e-07,6.060483315195597e-07,24059,
776,1.9979518128820928e-06,8.620034464001947e-07,5.650856564898277e-07,24069,
776,1.7426627891836688e-06,4.780189897246601e-07,5.349041316549119e-07,24079,
776,,,,24086,2.0178752038191305e-06
777,3.1223726182361133e-06,9.561673550706473e-07,6.353711796691641e-07,24089,
777,2.0996797047700966e-06,6.350957733047835e-07,5.428471467894269e-07,24099,
777,1.8717329339779099e-06,8.330210334861476e-07,5.771809128418681e-07,24109,
777,,,,24117,2.173908569602645e-06
778,3.296883960501873e-06,1.3947561683380627e-06,5.203607429393742e-07,24119,
778,3.882143118971726e-06,1.1573450819923892e-06,5.089338515062991e-07,24129,
778,2.062111661871313e-06,1.208496541948989e-06,5.827229188071215e-07,24139,
778,,,,24148,3.0816561320534674e-06
779,3.0393719043786405e-06,1.6801319588921615e-06,5.783067535958253e-07,24149,
779,3.387446213309886e-06,3.067097850362188e-06,5.703805641132931e-07,24159,
779,3.979786924901418e-06,1.9614569737314014e-06,5.089399905955361e-07,24169,
779,1.7012475836963858e-06,1.448613829779788e-06,8.544723151260314e-09,24179,
779,,,,24179,2.6539228201727383e-06
780,2.927467903646175e-06,1.1376197335266625e-06,5.779641583103512e-07,24189,
780,2.476220288372133e-06,1.093731611945259e-06,5.80059236199304e-07,24199,
780,1.989091515497421e-06,6.410864443751052e-07,6.456999130932672e-07,24209,
780,,,,24210,2.5359731807839125e-06
781,5.484379016706953e-06,1.9011131371371448e-06,5.869641199751641e-07,24219,
781,2.9141663162590703e-06,1.60812021476886e-06,5.186216185393278e-07,24229,
781,2.6456309569766745e-06,7.113224569366139e-07,5.484542953126947e-07,24239,
781,,,,24241,3.1320018933911342e-06
782,3.6617027490137843e-06,2.3691832211625297e-06,5.688277724402724e-07,24249,
782,2.3203804175864207e-06,6.553842695211642e-07,5.373306066758232e-07,24259,
782,1.9098517896054545e-06,5.496394805959426e-07,5.608633273368469e-07,24269,
782,,,,24272,2.0399122604430886e-06
783,3.2317523164238082e-06,2.169052550016204e-06,5.348547915673407e-07,24279,
783,2.2238180008571362e-06,5.462993044602626e-07,5.694290052815631e-07,24289,
783,2.672284153959481e-06,1.1411331115596113e-06,5.59464581328939e-07,24299,
783,,,,24303,2.999534444825258e-06
784,5.7735405789571814e-06,8.387502248297096e-07,6.097558298279182e-07,24309,
784,2.4469861727993703e-06,9.411139103576716e-07,5.476929914038919e-07,24319,
784,2.064139380308916e-06,5.915766791986243e-07,5.435522894003952e-07,24329,
784,,,,24334,3.498020760162035e-06
785,7.708876182732638e-06,3.314747345939395e-06,5.200317332310078e-07,24339,
785,3.125100420220406e-06,1.6576232155784965e-06,5.009145525036729e-07,24349,
785,2.022495436904137e-06,5.121223125570395e-07,5.686372901436698e-07,24359,
785,,,,24365,2.446235612296732e-06
786,3.163388555549318e-06,1.1419959946579183e-06,6.06730623076146e-07,24369,
786,2.3084410258888965e-06,1.0203764304606011e-06,5.656519874719379e-07,24379,
786,1.6907387134779128e-06,4.908418986815377e-07,5.350228207134933e-07,24389,
786,,,,24396,2.1530674985115184e-06
787,3.3177286695718067e-06,1.0706320381359546e-06,6.353245680656983e-07,24399,
787,2.0039099126734072e-06,1.5038791616461822e-06,5.433303158497438e-07,24409,
787,1.927057155626244e-06,6.948230861780758e-07,5.77296930259763e-07,24419,
787,,,,24427,2.189497763538384e-06
788,3.0730589060112834e-06,9.571989494361333e-07,5.207891149439092e-07,24429,
788,2.2461874777945923e-06,2.4413136543444125e-06,5.090014383313246e-07,24439,
788,1.8566586277302122e-06,4.926744736621913e-07,5.82857865083497e-07,24449,
788,,,,24458,2.25650001084432e-06
789,2.2210201677808072e-06,8.587176125729457e-07,5.782267180620693e-07,24459,
789,2.664652356543229e-06,1.8898603002526215e-06,5.711158905796765e-07,24469,
789,4.411053851072211e-06,4.411660938785644e-06,5.092958303976047e-07,24479,
789,2.4417911390628433e-06,6.5363855128453e-07,8.546916951956973e-09,24489,
789,,,,24489,3.259240884290193e-06
790,3.666217935460736e-06,1.3902351838623872e-06,5.780765945928579e-07,24499,
790,2.644045025590458e-06,1.3238819747130037e-06,5.801147153761121e-07,24509,
790,2.0973584469174966e-06,1.0251040976072545e-06,6.451693934650393e-07,24519,
790,,,,24520,2.8349957119644387e-06
791,2.1025482510594884e-06,5.993884428789897e-07,5.881451556888351e-07,24529,
791,2.0107888758502668e-06,6.991488703533832e-07,5.189419312046084e-07,24539,
791,1.9523047285474604e-06,6.564746399817523e-07,5.490331318469543e-07,24549,
791,,,,24551,2.221271870439523e-06
792,1.765332740433223e-06,6.573881137228454e-07,5.685870405613969e-07,24559,
792,1.907472324091941e-06,6.251236754906131e-07,5.37781147613714e-07,24569,
792,1.8073953924613306e-06,5.117981913826952e-07,5.613934490611427e-07,24579,
792,,,,24582,1.9389824501558905e-06
793,2.16141984310525e-06,6.528920835080498e-07,5.350089509192912e-07,24589,
793,1.9640112896013306e-06,4.2435371483406925e-07,5.701310215044941e-07,24599,
793,1.6615282447673962e-06,4.1660123883957567e-07,5.596428422904864e-07,24609,
793,,,,24613,2.0090076304768445e-06
794,3.0893443181412295e-06,5.60570867946808e-07,6.093243882787647e-07,24619,
794,1.8848321587938699e-06,6.33062256838457e-07,5.482748406393512e-07,24629,
794,1.644175426918082e-06,4.837613118979789e-07,5.444054522740771e-07,24639,
794,,,,24644,2.070176378765609e-06
795,4.271066700312076e-06,9.375482363793708e-07,5.208577817938931e-07,24649,
795,1.8948751403513597e-06,6.682629987153632e-07,5.019390982852201e-07,24659,
795,1.9012238681170857e-06,6.49571461508458e-07,5.695663958249497e-07,24669,
795,,,,24675,2.1386667867773212e-06
796,4.135033123020548e-06,3.6182934763928642e-06,6.066467790333263e-07,24679,
796,3.48357752955053e-06,2.057758820228628e-06,5.65875723168574e-07,24689,
796,2.2471724605566124e-06,1.108170749830606e-06,5.35439880877675e-07,24699,
796,,,,24706,2.979794089696952e-06
797,7.12458677298855e-06,1.9950580281147268e-06,6.355261348289787e-07,24709,
797,2.589434188848827e-06,2.284976062583155e-06,5.432753482637054e-07,24719,
797,3.4159666029154323e-06,1.404633962920343e-06,5.770556867901178e-07,24729,
797,,,,24737,3.2503605780220823e-06
798,5.3306844165490475e-06,3.295409669590299e-06,5.209640221437439e-07,24739,
798,2.3491145384468837e-06,1.5407913451781496e-06,5.084290251033963e-07,24749,
798,2.1987816580804065e-06,9.13569635940803e-07,5.826827873534057e-07,24759,
798,,,,24768,2.3577511001349194e-06
799,2.287652932864148e-06,7.96648407686007e-07,5.782760581496404e-07,24769,
799,2.2128740511107026e-06,1.3881034419682692e-06,5.70597023852315e-07,24779,
799,1.8492868321118294e-06,7.899025149527006e-07,5.096950417282642e-07,24789,
799,1.2120398196202586e-06,3.9051380440469075e-07,8.568851406209888e-09,24799,
799,,,,24799,1.8352259303355822e-06
800,1.64425136972568e-06,5.126278779243876e-07,5.785699386251508e-07,24809,
800,1.7814660395742976e-06,6.597953756681818e-07,5.808786909256014e-07,24819,
800,1.806345267141296e-06,4.143543890222645e-07,6.464733246502874e-07,24829,
800,,,,24830,1.940254833243671e-06
801,4.731351964437636e-06,7.846118137422309e-07,5.879125524188566e-07,24839,
801,3.1317713364842348e-06,1.435401827620808e-06,5.201958970246778e-07,24849,
801,2.2334727418638067e-06,9.854943527898286e-07,5.491860974871088e-07,24859,
801,,,,24861,3.1516547096543945e-06
802,4.4456774048740044e-06,1.8110173414243036e-06,5.699000666936627e-07,24869,
802,2.453584556860733e-06,9.012780424200173e-07,5.384863470681012e-07,24879,
802,2.465780880811508e-06,7.348370445470209e-07,5.615221994048625e-07,24889,
802,,,,24892,2.593887529656058e-06
803,4.741933025798062e-06,1.0135844604519662e-05,5.353723508960684e-07,24899,
803,2.2890865238878177e-06,2.0333329757704632e-06,5.711717676604167e-07,24909,
803,2.7949172363150865e-06,3.182333330187248e-06,5.603923227681662e-07,24919,
803,,,,24923,2.053444632110768e-06
804,2.3361583316727774e-06,1.2214061371196294e-06,6.096640845498769e-07,24929,
804,2.161786142096389e-06,4.94150469876331e-07,5.485016458806058e-07,24939,
804,1.863421516645758e-06,6.055581138753041e-07,5.447830062621506e-07,24949,
804,,,,24954,2.1756206933787325e-06
805,3.2917037060542498e-06,1.6655606032145442e-06,5.212297651269182e-07,24959,
805,2.5152428406727267e-06,7.736442171335511e-07,5.016964337301033e-07,24969,
805,2.3650941329833586e-06,6.222946353773295e-07,5.690521902579349e-07,24979,
805,,,,24985,2.9946668291813694e-06
806,9.289626177633181e-06,2.202502628279035e-06,6.074848784010101e-07,24989,
806,3.5077375741821015e-06,1.9350898128323024e-06,5.660277224706078e-07,24999,
806,1.9189783415640704e-06,1.291517605750414e-06,5.356504857445543e-07,25009,
806,,,,25016,3.6187286696076626e-06
807,7.888200343586504e-06,3.830634341284167e-06,6.356628432513389e-07,25019,
807,2.977904614454019e-06,1.5443602023879066e-06,5.427818905445747e-07,25029,
807,2.384630079177441e-06,5.828321150147531e-07,5.781768663837283e-07,25039,
807,,,,25047,2.1202679363341304e-06
808,2.1857051706319908e-06,8.888108027349517e-07,5.213832992012613e-07,25049,
808,1.758476059876557e-06,4.764642653753981e-07,5.099294071442273e-07,25059,
808,1.6624682075416786e-06,4.799848625225422e-07,5.841321808475186e-07,25069,
808,,,,25078,1.7064247685993905e-06
809,1.6628799812679063e-06,6.770030154257256e-07,5.786511678707029e-07,25079,
809,2.0315380879765144e-06,1.5948261307130451e-06,5.714838380299625e-07,25089,
809,2.348120005990495e-06,7.809163662386709e-07,5.104062097416318e-07,25099,
809,1.8261810055264505e-06,8.21275818907452e-07,8.576904519941309e-09,25109,
809,,,,25109,2.4669848244229797e-06
810,5.167707058717497e-06,1.8312138081455487e-06,5.791787316411501e-07,25119,
810,2.587387371022487e-06,1.7582550526640262e-06,5.810039738207706e-07,25129,
810,4.248272034601541e-06,1.0489237638466875e-06,6.460564918597811e-07,25139,
810,,,,25140,4.391724360175431e-06
811,4.5337060328165535e-06,4.278588221495738e-06,5.892617878089368e-07,25149,
811,2.5969011403503828e-06,1.44874445595633e-06,5.190456704440294e-07,25159,
811,2.0590621261362685e-06,1.8623408095663763e-06,5.494842412190337e-07,25169,
811,,,,25171,2.639725607878063e-06
812,5.530682756216265e-06,9.810244591790251e-06,5.692766649190162e-07,25179,
812,3.44331283486099e-06,2.389358769505634e-06,5.381231176215806e-07,25189,
812,1.8841798237190233e-06,6.89802334363776e-07,5.610216362583742e-07,25199,
812,,,,25202,2.8290435238886857e-06
813,5.185597728996072e-06,1.269038307327719e-06,5.349132834453485e-07,25209,
813,2.308148395968601e-06,1.0693673857531394e-06,5.703175816051953e-07,25219,
813,1.912045490826131e-06,9.824074140851735e-07,5.595347261078132e-07,25229,
813,,,,25233,2.136329385393765e-06
814,2.037881131400354e-06,7.605951282130263e-07,6.089119892749295e-07,25239,
814,1.7473656725996989e-06,5.453456992654537e-07,5.484606617756072e-07,25249,
814,1.4881388779031113e-06,4.311616521590622e-07,5.444016437650134e-07,25259,
814,,,,25264,1.798958123799821e-06
815,2.5639269551902544e-06,1.379232685394527e-06,5.209216169532738e-07,25269,
815,1.539521576887637e-06,6.350320518322405e-07,5.023528046876891e-07,25279,
815,1.5944034430503962e-06,5.184929250390269e-07,5.695184199794312e-07,25289,
815,,,,25295,1.8154247527490952e-06
816,2.930146820290247e-06,7.974899745022412e-07,6.072365295040072e-07,25299,
816,2.1015766833443195e-06,9.939267329173163e-07,5.665447702085658e-07,25309,
816,1.5163409443630371e-06,4.3876789845853637e-07,5.361392254599195e-07,25319,
816,,,,25326,2.0592406144714914e-06
817,3.067311126869754e-06,8.131289064294833e-07,6.362877797982947e-07,25329,
817,2.2608928702538833e-06,1.0283596338922507e-06,5.436650667434151e-07,25339,
817,1.6505699704794097e-06,4.1730933730832476e-07,5.78567437514721e-07,25349,
817,,,,25357,2.172409040213097e-06
818,3.2823445508256555e-06,7.269644584084745e-07,5.219786203269905e-07,25359,
818,3.5407629184192047e-06,1.4748609373782529e-06,5.095348569739144e-07,25369,
818,3.592233497329289e-06,1.4470908809016692e-06,5.838152219439507e-07,25379,
818,,,,25388,3.4249285363330273e-06
819,3.3775158954085782e-06,1.7664796132521587e-06,5.793368700324208e-07,25389,
819,3.812973091044114e-06,1.6190617770917015e-06,5.706723982257245e-07,25399,
819,4.687887667387258e-06,1.2021141628792975e-06,5.097548410049058e-07,25409,
819,2.9684565561183263e-06,2.5076412839553086e-06,8.610474999670714e-09,25419,
819,,,,25419,4.6121499508444685e-06
820,4.714483566203853e-06,2.0019474504806567e-06,5.780636342933576e-07,25429,
820,2.6433040147821885e-06,2.1223959265626036e-06,5.80699179408839e-07,25439,
820,2.6107927624252625e-06,2.36594382840849e-06,6.471855158451945e-07,25449,
820,,,,25450,3.074223741350579e-06
821,2.0204672637191834e-06,6.587785605915997e-07,5.891490673093358e-07,25459,
821,2.108793751176563e-06,9.089623063118779e-07,5.204983608564362e-07,25469,
821,2.0355425931484206e-06,1.7412556871931884e-06,5.501282203113078e-07,25479,
821,,,,25481,2.4503344775439473e-06
822,1.8611760879139183e-06,9.0922566187146e-07,5.696336984328809e-07,25489,
822,1.7782921304387855e-06,7.831220614207268e-07,5.385402914726001e-07,25499,
822,1.8588348211778793e-06,1.2442143315638532e-06,5.617217766484828e-07,25509,
822,,,,25512,2.607303258628235e-06
823,2.0033271539432462e-06,1.5959152506184182e-06,5.357161398933385e-07,25519,
823,1.8024588825937826e-06,6.46034493456682e-07,5.709633796868729e-07,25529,
823,1.7966206087294267e-06,1.0385101631982252e-06,5.601261818810599e-07,25539,
823,,,,25543,2.4650280465721153e-06
824,2.045628207270056e-06,1.425549612577015e-06,6.095757498769672e-07,25549,
824,1.8875027762987884e-06,1.0039450444310205e-06,5.490239800565178e-07,25559,
824,1.6062656413851073e-06,4.9904900834008e-07,5.446944442155655e-07,25569,
824,,,,25574,2.2313113277050434e-06
825,2.3484894882130902e-06,1.1389946621420677e-06,5.217041234573117e-07,25579,
825,2.058852032860159e-06,9.486677186032466e-07,5.02717114159168e-07,25589,
825,1.9239655557612423e-06,6.248609452086384e-07,5.694891456187179e-07,25599,
825,,,,25605,2.253830871268292e-06
826,3.961120910389582e-06,1.74136937403091e-06,6.070472409192007e-07,25609,
826,5.000201781513169e-06,1.3449243851937354e-06,5.668251219503873e-07,25619,
826,2.338895001230412e-06,7.605742666783044e-07,5.357761097002367e-07,25629,
826,,,,25636,2.616337496874621e-06
827,5.286166924634017e-06,1.8703658497543074e-06,6.360397151183861e-07,25639,
827,2.0856530227320036e-06,7.42271993203758e-07,5.437649406303535e-07,25649,
827,2.8851143270003377e-06,1.8466161009200732e-06,5.776935836365737e-07,25659,
827,,,,25667,3.489728214844945e-06
828,6.416124506358756e-06,3.4935267194668995e-06,5.212469318394142e-07,25669,
828,3.4124900594179053e-06,1.0842239817066002e-06,5.090804506835411e-07,25679,
828,2.955670652227127e-06,6.981810543038591e-07,5.831921612298174e-07,25689,
828,,,,25698,2.5938604721886804e-06
829,2.521192072890699e-06,1.3805473599859397e-06,5.789785859633412e-07,25699,
829,2.9271384391904576e-06,1.609971036486968e-06,5.708347998734098e-07,25709,
829,1.8948602473756182e-06,5.589556053564593e-07,5.099694249111053e-07,25719,
829,1.5276623344107065e-06,2.048408077826025e-06,8.603341150603683e-09,25729,
829,,,,25729,2.7219309686188353e-06
830,2.9492098292394076e-06,4.825122687179828e-06,5.796421191917034e-07,25739,
830,3.924550128431292e-06,2.4520566057617543e-06,5.801495603918738e-07,25749,
830,1.8929450789073599e-06,1.4715318457092508e-06,6.470652920143039e-07,25759,
830,,,,25760,2.69693282461958e-06
831,2.3815171061869478e-06,2.0242614482413046e-06,5.890172474209976e-07,25769,
831,1.867522428256052e-06,9.435722176931449e-07,5.204465196584351e-07,25779,
831,2.0657566892623436e-06,6.201191240506887e-07,5.500962174664892e-07,25789,
831,,,,25791,2.1219736936473055e-06
832,5.461007731355494e-06,1.4570165376426303e-06,5.695075060430099e-07,25799,
832,3.6595749861589866e-06,8.703450475877617e-07,5.389220518736693e-07,25809,
832,1.8292233789907186e-06,7.671675916753884e-07,5.616889211523812e-07,25819,
832,,,,25822,4.038264705741312e-06
833,3.300604703326826e-06,1.123203674069373e-06,5.354701784199278e-07,25829,
833,2.1576220206043217e-06,9.078490847969078e-07,5.705629746444174e-07,25839,
833,2.1395944713731296e-06,5.096471227261645e-07,5.605249953077873e-07,25849,
833,,,,25853,2.9831744541297667e-06
834,2.4594094156782376e-06,1.0209732863586396e-06,6.097265554672049e-07,25859,
834,1.960186182259349e-06,5.759324039900093e-07,5.488037118084321e-07,25869,
834,1.6567132661293726e-06,7.802254913258366e-07,5.447778903544531e-07,25879,
834,,,,25884,2.324590695934603e-06
835,2.300127789567341e-06,7.7686519261988e-07,5.212377800489776e-07,25889,
835,1.7618523315832135e-06,6.530449923047854e-07,5.02674652125279e-07,25899,
835,1.7282977751165163e-06,5.192443950363668e-07,5.697251026504091e-07,25909,
835,,,,25915,1.854073616414098e-06
836,2.6413301839056658e-06,6.315281098068226e-07,6.073033205211686e-07,25919,
836,1.8121252196579007e-06,8.196424801099056e-07,5.668809990311274e-07,25929,
836,1.478194917581277e-06,4.538289033462206e-07,5.364097432902781e-07,25939,
836,,,,25946,1.8873058706958545e-06
837,3.2660223041602876e-06,9.167461030301638e-07,6.364059572661063e-07,25949,
837,1.9127346604363993e-06,1.2116464631617418e-06,5.440027734948671e-07,25959,
837,1.6020932207538863e-06,6.259339784264739e-07,5.78556807795394e-07,25969,
837,,,,25977,1.8942257611342939e-06
838,2.4639980438223574e-06,1.5930654626572505e-06,5.21782396845083e-07,25979,
838,1.9153617358824704e-06,8.122236181407061e-07,5.101387046124728e-07,25989,
838,1.6684334696037695e-06,8.888986826605105e-07,5.84098131639621e-07,25999,
838,,,,26008,2.3122186121327104e-06
839,2.277993189636618e-06,1.8863422610593261e-06,5.791784474240558e-07,26009,
839,4.11392966270796e-06,3.3799660741351545e-06,5.720689841837157e-07,26019,
839,2.2441124656324973e-06,7.582505077152746e-07,5.099512350170698e-07,26029,
839,1.9317039914312772e-06,1.6638674651403562e-06,8.606900969709841e-09,26039,
839,,,,26039,3.2499933695362415e-06
840,3.6674955481430516e-06,6.009518074279185e-06,5.798651159238943e-07,26049,
840,2.2304116100713145e-06,2.6829955004359363e-06,5.811809273836843e-07,26059,
840,3.690067842399003e-06,1.4974101532061468e-06,6.473491112046759e-07,26069,
840,,,,26070,4.063972482981626e-06
841,3.251909220125526e-06,1.703460497992637e-06,5.894571017961425e-07,26079,
841,3.2209663913818076e-06,1.2140045555497636e-06,5.200046757636301e-07,26089,
841,1.8697949144552695e-06,6.947657880118641e-07,5.505014541995479e-07,26099,
841,,,,26101,2.3315490125241922e-06
842,1.8399581449557445e-06,6.592437671315565e-07,5.692240847565699e-07,26109,
842,1.942266408150317e-06,4.41901960357427e-07,5.384849259826296e-07,26119,
842,1.7003541188387317e-06,5.818713475491677e-07,5.620989327326242e-07,26129,
842,,,,26132,1.8195395341535914e-06
843,2.7417966066423105e-06,7.572555773549539e-07,5.354356744646793e-07,26139,
843,1.6179419617401436e-06,4.622021094746742e-07,5.706507977265574e-07,26149,
843,2.0255279196135234e-06,5.344724058886641e-07,5.606189574791642e-07,26159,
843,,,,26163,2.112045649482752e-06
844,2.6558327590464614e-06,1.3669340432898025e-06,6.097210416555754e-07,26169,
844,1.8953562630485976e-06,5.762081514149031e-07,5.49391415916034e-07,26179,
844,1.6045383972596028e-06,4.898652150586713e-07,5.452631626212678e-07,26189,
844,,,,26194,1.8256509974889923e-06
845,2.587933067843551e-06,5.910928848607e-07,5.216761564952321e-07,26199,
845,1.5549479712717584e-06,5.751152798438852e-07,5.031580485592713e-07,26209,
845,1.6864117924342281e-06,4.065762766458647e-07,5.699856160390482e-07,26219,
845,,,,26225,1.8421585536998464e-06
846,4.838942913920619e-06,6.961033136576589e-07,6.076373324503948e-07,26229,
846,2.6543475541984662e-06,9.327731618213875e-07,5.670965492754476e-07,26239,
846,1.5962965562721365e-06,6.100228802097263e-07,5.363316404327634e-07,26249,
846,,,,26256,2.2110314148449106e-06
847,4.9576210585655645e-06,8.58030148265243e-07,6.366985871864017e-07,26259,
847,2.2017698029230814e-06,1.4446126215261756e-06,5.438715220407175e-07,26269,
847,1.8034340882877586e-06,6.488362487289123e-07,5.786032488686033e-07,26279,
847,,,,26287,2.2154738417157205e-06
848,2.806173597491579e-06,1.4209000482878764e-06,5.222224785939034e-07,26289,
848,2.3609450181538705e-06,6.566511387973151e-07,5.095612323202658e-07,26299,
848,1.8645496311364695e-06,4.647538105473359e-07,5.842914561071666e-07,26309,
848,,,,26318,2.0759437120432267e-06
849,2.035979832726298e-06,5.454202778309991e-07,5.79042762183235e-07,26319,
849,2.0846393908868777e-06,8.079124427240458e-07,5.720472699977108e-07,26329,
849,1.774766815287876e-06,6.757594519513077e-07,5.105266041027789e-07,26339,
849,1.1193794762220932e-06,3.2539546168663946e-07,8.627537795291573e-09,26349,
849,,,,26349,1.7760660284693586e-06
850,2.41054067373625e-06,1.006654429147602e-06,5.80768187319336e-07,26359,
850,2.0053587377333315e-06,7.02922420714458e-07,5.818010890834557e-07,26369,
850,1.7038989881257294e-06,6.101693088567117e-07,6.480341312453675e-07,26379,
850,,,,26380,1.954885419763741e-06
851,2.059219468719675e-06,2.6139425699511776e-06,5.902931548007473e-07,26389,
851,2.5541653485561255e-06,9.289188938055304e-07,5.216761564952321e-07,26399,
851,2.0176792077108985e-06,8.303400136355776e-07,5.513064706974546e-07,26409,
851,,,,26411,2.206009412475396e-06
852,6.636207672272576e-06,8.500598596583586e-06,5.710347750209621e-07,26419,
852,2.401028723397758e-06,2.5084598291869042e-06,5.388462795963278e-07,26429,
852,2.4622893306514015e-06,1.162369017038145e-06,5.621853347292927e-07,26439,
852,,,,26442,3.747114305951982e-06
853,7.115573680493981e-06,6.691885118925711e-06,5.355223606784421e-07,26449,
853,3.4319243695790647e-06,2.0458182916627266e-06,5.709416655008681e-07,26459,
853,3.11447593048797e-06,1.023197569338663e-06,5.61305114388233e-07,26469,
853,,,,26473,2.400229504928575e-06
854,2.970416062453296e-06,7.358103175647557e-06,6.109169135015691e-07,26479,
854,2.6193627036263933e-06,8.631368473288603e-07,5.494927677318628e-07,26489,
854,1.695026639936259e-06,4.125386965370126e-07,5.451573770187679e-07,26499,
854,,,,26504,2.130915845555137e-06
855,2.6270336093148217e-06,8.651215352983854e-07,5.218671503826044e-07,26509,
855,1.7109533700931934e-06,6.201890982993064e-07,5.029659178035217e-07,26519,
855,1.6147064343385864e-06,4.280099403786153e-07,5.698013865185203e-07,26529,
855,,,,26535,1.6140995739988284e-06
856,2.2010697193763917e-06,1.49942786720203e-06,6.07395861607074e-07,26539,
856,1.6577694168518065e-06,8.17550187548477e-07,5.672477527696174e-07,26549,
856,1.4627843256675988e-06,4.444164858341537e-07,5.36710786036565e-07,26559,
856,,,,26566,1.912037305373815e-06
857,2.710317630771897e-06,7.37403297534911e-07,6.36857748759212e-07,26569,
857,1.821462774387328e-06,7.006790951891162e-07,5.443212671707442e-07,26579,
857,1.4058030046726344e-06,3.8041673633415485e-07,5.789926262877998e-07,26589,
857,,,,26597,1.7264527514271322e-06
858,2.489706730557373e-06,5.972595999992336e-07,5.221296532909037e-07,26599,
858,2.6751904442789964e-06,1.4153787333270884e-06,5.105354148327024e-07,26609,
858,1.5779431805640343e-06,4.289461799089622e-07,5.84337442433025e-07,26619,
858,,,,26628,2.009487616305705e-06
859,1.9843218979076482e-06,6.659236078121467e-07,5.792679758087615e-07,26629,
859,6.867027423140826e-06,4.082808118255343e-06,5.727069947170094e-07,26639,
859,4.801670456799911e-06,1.7320592178293737e-06,5.103131570649566e-07,26649,
859,2.6488114599487744e-06,5.821243576065172e-07,8.640057558295666e-09,26659,
859,,,,26659,3.192530584783526e-06
860,2.95622885460034e-06,2.069418542305357e-06,5.797123776574153e-07,26669,
860,2.1691291749448283e-06,9.68698259384837e-07,5.806218155157694e-07,26679,
860,1.7776999357010936e-06,6.59775707845256e-07,6.471794335993764e-07,26689,
860,,,,26690,2.021886075453949e-06
861,2.318152155567077e-06,3.103075869148597e-06,5.887062570764101e-07,26699,
861,1.8165000028602662e-06,6.505188139271922e-07,5.208306674830965e-07,26709,
861,1.9503265775711043e-06,6.299305255197396e-07,5.504197702066449e-07,26719,
861,,,,26721,2.0933343876095023e-06
862,4.866869858233258e-06,9.109044185606763e-06,5.698739755644056e-07,26729,
862,1.882571723399451e-06,8.043923003242526e-07,5.381813821259129e-07,26739,
862,2.482470563336392e-06,3.6462351999944076e-06,5.624942218673823e-07,26749,
862,,,,26752,2.1521395865420345e-06
863,1.977460442503798e-06,7.808337727510661e-07,5.35711478732992e-07,26759,
863,1.8167677353631007e-06,1.1559221775314654e-06,5.70571728530922e-07,26769,
863,1.7019350480040885e-06,1.0533111662880401e-06,5.606455033557722e-07,26779,
863,,,,26783,1.939655248861527e-06
864,2.3890574993856717e-06,1.115632244363951e-06,6.101381018197571e-07,26789,
864,1.8588254988571862e-06,8.852936161929392e-07,5.493824914992729e-07,26799,
864,1.7259862943319604e-06,6.022311822562187e-07,5.45609793789481e-07,26809,
864,,,,26814,1.811827019082557e-06
865,2.0752422642544843e-06,1.1682890317388228e-06,5.218319074629107e-07,26819,
865,1.4720828858116874e-06,4.863737785854028e-07,5.030715328757651e-07,26829,
865,1.5427528978761984e-06,4.3139024796801095e-07,5.701618874809355e-07,26839,
865,,,,26845,1.718997395983024e-06
866,2.1366370219766395e-06,1.2044603181493585e-06,6.081181140871195e-07,26849,
866,1.7900874809129164e-06,7.780581654515117e-07,5.679232231159403e-07,26859,
866,1.339870777883334e-06,4.597564782216068e-07,5.370865778786538e-07,26869,
866,,,,26876,1.7505158211861271e-06
867,2.4526539164071437e-06,8.704010951987584e-07,6.369718335008656e-07,26879,
867,2.0353861600597156e-06,5.887036422791425e-07,5.44398972124327e-07,26889,
867,1.6218538121393067e-06,4.932831529913528e-07,5.794195772068633e-07,26899,
867,,,,26907,2.0020606825710274e-06
868,3.134678081551101e-06,8.973889862318174e-07,5.22749019182811e-07,26909,
868,5.193319339014124e-06,7.896930469541985e-07,5.099222448734508e-07,26919,
868,2.720233396757976e-06,9.584522331351764e-07,5.847036277373263e-07,26929,
868,,,,26938,3.086631295445841e-06
869,3.0384255751414457e-06,8.048916129155259e-07,5.794000799141941e-07,26939,
869,4.954716587235453e-06,2.2350479866872774e-06,5.727290499635274e-07,26949,
869,3.868513886118308e-06,1.2416106756063527e-06,5.105817990624928e-07,26959,
869,1.6837016119097825e-06,1.9621679712145124e-06,8.64940741251985e-09,26969,
869,,,,26969,2.6522945972828893e-06
870,2.3930608676892007e-06,1.1205935379621224e-06,5.805191563013068e-07,26979,
870,2.3626957954547834e-06,1.66466713835689e-06,5.812753443024121e-07,26989,
870,1.9260535282228375e-06,2.617460950204986e-06,6.475364671132411e-07,26999,
870,,,,27000,3.3656453979347134e-06
871,2.2540298232343048e-06,1.801338498808036e-06,5.899095754102746e-07,27009,
871,3.481558906059945e-06,2.1234034193184925e-06,5.211810503169545e-07,27019,
871,2.162467353628017e-06,1.2548420045277453e-06,5.51108257695887e-07,27029,
871,,,,27031,3.2746531815064372e-06
872,3.016388745891163e-06,2.7488219984661555e-06,5.703745387108938e-07,27039,
872,1.92697302736633e-06,1.0152565437238081e-06,5.379844765229791e-07,27049,
872,2.1695097984775202e-06,1.1433876352384686e-06,5.623274432764447e-07,27059,
872,,,,27062,2.6762913876154926e-06
873,1.8886142925111926e-06,1.4027392580828746e-06,5.35675098944921e-07,27069,
873,1.5518116924795322e-06,5.222069603405544e-07,5.710163577532512e-07,27079,
873,1.5113008657863247e-06,8.050445217122615e-07,5.611065603261522e-07,27089,
873,,,,27093,1.7167797068395885e-06
874,1.8736325273494003e-06,1.9743131360883126e-06,6.101899430177582e-07,27099,
874,1.5673933830839815e-06,7.835628252905735e-07,5.496228254742164e-07,27109,
874,1.4450253047471051e-06,4.3601659172054497e-07,5.455671043819166e-07,27119,
874,,,,27124,1.7019578990584705e-06
875,3.174232233504881e-06,4.108283519599354e-06,5.224547408033686e-07,27129,
875,1.6902529296203284e-06,2.1629405182466144e-06,5.032841272623045e-07,27139,
875,1.5675263966841158e-06,5.310691904014675e-07,5.702692646991636e-07,27149,
875,,,,27155,2.0326681351434672e-06
876,4.904915385850472e-06,3.026987542398274e-06,6.082028107812221e-07,27159,
876,2.2887879822519608e-06,1.711132426862605e-06,5.67897245673521e-07,27169,
876,1.7022151723722345e-06,7.106630164344097e-07,5.367513722376316e-07,27179,
876,,,,27186,2.2203892058314523e-06
877,4.02572595703532e-06,1.1811524700533482e-06,6.368144909174589e-07,27189,
877,1.5365449144155718e-06,5.529871600629122e-07,5.442718133963353e-07,27199,
877,1.424874994881975e-06,5.101466626911133e-07,5.789746637674398e-07,27209,
877,,,,27217,1.5040192238302552e-06
878,1.6584824606979964e-06,5.684077564183099e-07,5.22011475823092e-07,27219,
878,1.418473175363033e-06,5.458624627863173e-07,5.105113700665243e-07,27229,
878,1.3902032378609874e-06,3.451613963534328e-07,5.846686690347269e-07,27239,
878,,,,27248,1.6751636167100514e-06
879,1.6431938547611935e-06,4.874977435065375e-07,5.797629683002015e-07,27249,
879,2.257238065794809e-06,9.226027941622306e-07,5.723619551645243e-07,27259,
879,2.6305715437047184e-06,6.274632369240862e-07,5.106512617203407e-07,27269,
879,1.2161694940004963e-06,4.65914581582183e-07,8.660884454059214e-09,27279,
879,,,,27279,1.956915184564423e-06
880,3.594161171349697e-06,8.326848615070048e-07,5.811027676827507e-07,27289,
880,1.883109121081361e-06,6.516512485177373e-07,5.81783808684122e-07,27299,
880,1.9652563878480578e-06,5.537101515074028e-07,6.482463277279749e-07,27309,
880,,,,27310,2.6088166578119854e-06
881,8.87587884790264e-06,1.7096474493882852e-06,5.89761555147561e-07,27319,
881,2.7912458335777046e-06,1.7414098465451389e-06,5.217263492340862e-07,27329,
881,2.698863227124093e-06,2.710468606892391e-06,5.505640956471325e-07,27339,
881,,,,27341,3.7324853110476397e-06
882,5.753022833232535e-06,2.813933633660781e-06,5.713574751098349e-07,27349,
882,2.086398126266431e-06,1.3070613249510643e-06,5.382216841098852e-07,27359,
882,2.359563723075553e-06,1.1763303291445482e-06,5.622218850476202e-07,27369,
882,,,,27372,2.3846373551350553e-06
883,2.910346438511624e-06,1.6723309954613796e-06,5.360572004065034e-07,27379,
883,1.8674521697903401e-06,1.199245502903068e-06,5.711452217838087e-07,27389,
883,1.5740303069833317e-06,5.84303961659316e-07,5.615789859803044e-07,27399,
883,,,,27403,1.9440708456386346e-06
884,7.078252110659378e-06,2.3275139028555714e-05,6.097558298279182e-07,27409,
884,2.0349848455225583e-06,1.1937414683416137e-06,5.501442501554266e-07,27419,
884,1.8678582591746817e-06,7.027710466900317e-07,5.4596063137069e-07,27429,
884,,,,27434,2.8371173357299995e-06
885,5.729503300244687e-06,1.3155844271750539e-06,5.223640187068668e-07,27439,
885,2.096920979965944e-06,6.33875743005774e-07,5.032526360082556e-07,27449,
885,1.5860224493735586e-06,5.071471491646662e-07,5.704039267584449e-07,27459,
885,,,,27465,2.3949353362695547e-06
886,2.9394557259365683e-06,8.169481020559033e-07,6.07900233262626e-07,27469,
886,1.955144853127422e-06,4.628660974503873e-07,5.680129220309027e-07,27479,
886,1.4886932149238419e-06,3.8170966831785336e-07,5.373061071622942e-07,27489,
886,,,,27496,2.0067191144335084e-06
887,3.98455358663341e-06,1.0296677146470756e-06,6.374815484377905e-07,27499,
887,1.5515541917920928e-06,3.4826089745365607e-07,5.440915060717089e-07,27509,
887,1.3519845651899232e-06,4.1274057593909674e-07,5.789254942101252e-07,27519,
887,,,,27527,1.9993392470496474e-06
888,3.264952511017327e-06,1.0681939102141769e-06,5.222203753874055e-07,27529,
888,2.1317446226021275e-06,9.219388630299363e-07,5.103026410324674e-07,27539,
888,1.71578267327277e-06,6.140763844086905e-07,5.845623149980383e-07,27549,
888,,,,27558,2.2001704564900137e-06
889,2.1617154288833262e-06,7.017446819190809e-07,5.800017106594169e-07,27559,
889,2.8986378310946748e-06,9.994505489885341e-07,5.717298563467921e-07,27569,
889,1.6998221781250322e-06,4.5082774136062653e-07,5.106600724502641e-07,27579,
889,1.2947828054166166e-06,4.39479862279768e-07,8.662456529862084e-09,27589,
889,,,,27589,2.366477474424755e-06
890,2.2710205485054757e-06,9.329039016847673e-07,5.808889795844152e-07,27599,
890,2.110404466293403e-06,7.52496646327927e-07,5.817738610858214e-07,27609,
890,2.00743806999526e-06,4.716682440175646e-07,6.486589541054855e-07,27619,
890,,,,27620,2.4688893063284922e-06
891,2.0675417999882484e-06,6.026682513038395e-07,5.90698789437738e-07,27629,
891,2.0137465526204323e-06,8.06211062354123e-07,5.22048253515095e-07,27639,
891,1.613411996004288e-06,4.693344237693964e-07,5.518853072317143e-07,27649,
891,,,,27651,1.8613510519571719e-06
892,1.8197840745415306e-06,9.754951406648615e-07,5.713853852284956e-07,27659,
892,1.8040880149783334e-06,4.792022991750855e-07,5.394178970163921e-07,27669,
892,1.7316933735855855e-06,4.1093790059676394e-07,5.632561510537926e-07,27679,
892,,,,27682,2.0761492578458274e-06
893,2.308544935658574e-06,1.1573608844628325e-06,5.364566959542572e-07,27689,
893,1.6445281971755321e-06,5.660083388647763e-07,5.718341071769828e-07,27699,
893,1.4860620467516128e-06,4.729359375232889e-07,5.617089300358202e-07,27709,
893,,,,27713,1.924614934978308e-06
894,3.6928777262801304e-06,1.7559394791533123e-06,6.110432195782778e-07,27719,
894,2.0125949049543124e-06,8.686500336807512e-07,5.504264777300705e-07,27729,
894,1.7317302081210073e-06,5.960095563750656e-07,5.463052161758242e-07,27739,
894,,,,27744,1.7394719407093362e-06
895,3.5073937851848314e-06,1.2294267435208894e-06,5.226488610787783e-07,27749,
895,1.81091422746249e-06,7.465006888196513e-07,5.043254986958345e-07,27759,
895,1.5544676443823846e-06,5.037126129536773e-07,5.712245183531195e-07,27769,
895,,,,27775,1.814406346056785e-06
896,3.3188268844241975e-06,2.267416448376025e-06,6.083859034333727e-07,27779,
896,5.8719351727631874e-06,3.1621136713511078e-06,5.685300834556983e-07,27789,
896,1.7183124327857513e-06,7.952488090268162e-07,5.378219043450372e-07,27799,
896,,,,27806,3.4489485187805258e-06
897,9.636168215365615e-06,3.5803416267299326e-06,6.364094247146568e-07,27809,
897,2.905316023316118e-06,2.675737050594762e-06,5.442042265713098e-07,27819,
897,1.8253927009936888e-06,7.396045589302958e-07,5.791529247289873e-07,27829,
897,,,,27837,1.5881747685853043e-06
898,1.7653449049248593e-06,7.295349178093602e-07,5.224886763244285e-07,27839,
898,1.5362995782197686e-06,4.371661361801671e-07,5.111201062391046e-07,27849,
898,1.6195501757465536e-06,5.041007398176589e-07,5.848326054547215e-07,27859,
898,,,,27868,1.6786638070698245e-06
899,1.6401953644162859e-06,8.33354931728536e-07,5.795573656541819e-07,27869,
899,2.29397392104147e-06,1.2020672102153185e-06,5.724190828004794e-07,27879,
899,2.120996668963926e-06,2.494661202945281e-06,5.113948304824589e-07,27889,
899,2.1423641101137036e-06,3.9351320424430014e-07,8.68737792814045e-09,27899,
899,,,,27899,2.7427179247752065e-06
900,3.03629371956049e-06,7.270697892636235e-07,5.820586466143141e-07,27909,
900,1.8967655250889948e-06,1.8498813005862758e-06,5.815724648527976e-07,27919,
900,1.9614114989963127e-06,8.161236451087461e-07,6.487423434009543e-07,27929,
900,,,,27930,2.2878059553477215e-06
901,4.520699349086499e-06,1.2024495390505763e-06,5.89670491990546e-07,27939,
901,2.7026217139791697e-06,1.67576695275784e-06,5.221137939770415e-07,27949,
901,2.6028251340903807e-06,1.3543102568291943e-06,5.516739065569709e-07,27959,
901,,,,27961,3.1710503662907286e-06
902,2.8573829240485793e-06,2.047939688054612e-06,5.714136932510883e-07,27969,
902,2.292263616254786e-06,1.206179376822547e-06,5.385335839491745e-07,27979,
902,2.1811379156133626e-06,8.905264508030086e-07,5.627292125609529e-07,27989,
902,,,,27992,1.889358600237756e-06
903,1.7744713431966375e-06,7.955168257467449e-07,5.359896135814779e-07,27999,
903,1.5181116168605513e-06,5.271410827845102e-07,5.715004931516887e-07,28009,
903,1.3635468576467247e-06,4.0911692167355795e-07,5.618197747025988e-07,28019,
903,,,,28023,1.536510922051093e-06
904,2.435441729176091e-06,5.316296096680162e-07,6.1105907889214e-07,28029,
904,1.7086280195144354e-06,5.983113169349963e-07,5.501037776411977e-07,28039,
904,1.6304010159728932e-06,5.51387188352237e-07,5.46433113868261e-07,28049,
904,,,,28054,2.454180275890394e-06
905,4.23528763349168e-06,5.74488524307526e-07,5.223547532295925e-07,28059,
905,2.2260383047978394e-06,3.9681867747276556e-07,5.03666171880468e-07,28069,
905,1.7279553503612988e-06,5.076512934465427e-07,5.704976047127275e-07,28079,
905,,,,28085,2.4202226995839737e-06
906,5.713871814805316e-06,2.74069589067949e-06,6.079463332753221e-07,28089,
906,5.068878181191394e-06,1.2647459470827016e-06,5.682215373781219e-07,28099,
906,1.986069491977105e-06,1.4801275938225444e-06,5.372366445044463e-07,28109,
906,,,,28116,4.757558599521872e-06
907,1.5714023902546614e-05,6.6777852225641254e-06,6.354182460199809e-07,28119,
907,3.7315894587663934e-06,2.0789314021385508e-06,5.434033027995611e-07,28129,
907,1.959296014319989e-06,1.1399737331885262e-06,5.786624797110562e-07,28139,
907,,,,28147,2.6666903067962267e-06
908,4.168920895608608e-06,2.9843649826943874e-06,5.220030061536818e-07,28149,
908,2.1836992800672306e-06,1.8682361542232684e-06,5.108994969305058e-07,28159,
908,1.7255114244107972e-06,1.8991759134223685e-06,5.845915893587517e-07,28169,
908,,,,28178,1.8975700868395506e-06
909,1.8644382180355024e-06,8.8112659568651e-07,5.799481073154311e-07,28179,
909,1.6254664387815865e-06,1.1291832606730168e-06,5.722441187572258e-07,28189,
909,1.946659040186205e-06,1.1022110584235634e-06,5.110123311169446e-07,28199,
909,9.93104777080589e-07,3.8141192248986044e-07,8.689365671443738e-09,28209,
909,,,,28209,1.6749369251556345e-06
910,1.583745984135021e-06,1.2529879995781812e-06,5.810432526232034e-07,28219,
910,1.6135250007209834e-06,6.198613959895738e-07,5.820110118293087e-07,28229,
910,1.4621284663007827e-06,6.051629952708026e-07,6.486682195827598e-07,28239,
910,,,,28240,1.7724444205668988e-06
911,1.4680188087368151e-06,7.127807180040691e-07,5.904245767851535e-07,28249,
911,1.6819554957692162e-06,8.723768019081035e-07,5.226900157140335e-07,28259,
911,1.4542937378791976e-06,5.711030439670139e-07,5.522261972146225e-07,28269,
911,,,,28271,1.5532020825048676e-06
912,1.6704115068932879e-06,8.865222298481967e-07,5.712602160201641e-07,28279,
912,1.6781095837359317e-06,5.798490292363567e-07,5.396522624323552e-07,28289,
912,1.4295635537564522e-06,6.017708074068651e-07,5.635685624838516e-07,28299,
912,,,,28302,1.6924373085203115e-06
913,4.784604698215844e-06,3.823697625193745e-06,5.363680770642532e-07,28309,
913,1.7390111679560505e-06,1.1269704600636032e-06,5.717524800274987e-07,28319,
913,1.4586190673071542e-06,6.73906527026702e-07,5.619422722702438e-07,28329,
913,,,,28333,2.357596486035618e-06
914,5.03749151903321e-06,7.988924153323751e-06,6.105809120526828e-07,28339,
914,2.677825477803708e-06,8.700487228452403e-07,5.507330911314057e-07,28349,
914,2.170814696000889e-06,9.22679816994787e-07,5.467656478685967e-07,28359,
914,,,,28364,2.8777321858797222e-06
915,3.64128868568514e-06,3.57128078576352e-06,5.217078182795376e-07,28369,
915,1.8676456647881423e-06,7.948148663672328e-07,5.041854933551804e-07,28379,
915,1.989091970244772e-06,6.924325930413033e-07,5.713536666007712e-07,28389,
915,,,,28395,3.1530653359368443e-06
916,5.460854481498245e-06,3.77238075088826e-06,6.089151156629669e-07,28399,
916,2.573597612354206e-06,1.137321419264481e-06,5.69303267639043e-07,28409,
916,2.850300006684847e-06,7.002362281127716e-07,5.372552323024138e-07,28419,
916,,,,28426,3.1437114103027852e-06
917,7.129349796741735e-06,2.154592948500067e-06,6.380789727700176e-07,28429,
917,3.026896365554421e-06,8.825192026051809e-07,5.437960908238892e-07,28439,
917,1.6126501805047155e-06,7.684426464038552e-07,5.791761168438825e-07,28449,
917,,,,28457,1.8410472648611176e-06
918,2.1552611997321947e-06,8.224261591749382e-07,5.219565650804725e-07,28459,
918,1.6262974895653315e-06,7.597567446282483e-07,5.105655418446986e-07,28469,
918,1.3630990451929392e-06,3.916820787708275e-07,5.846500243933406e-07,28479,
918,,,,28488,1.6183671505132224e-06
919,1.5729009419374052e-06,4.99734710501798e-07,5.796319442197273e-07,28489,
919,1.6560512676733197e-06,6.424677394534228e-07,5.723896947529283e-07,28499,
919,1.408683488079987e-06,3.7765946103718306e-07,5.112423764330742e-07,28509,
919,9.272167744711624e-07,5.400701752478199e-07,8.69785932167133e-09,28519,
919,,,,28519,1.5137629816308618e-06
920,1.4571106703442638e-06,1.2628368040168425e-06,5.815197710035136e-07,28529,
920,1.5338640650952584e-06,8.78514583746437e-07,5.822984121550689e-07,28539,
920,1.4278432445280487e-06,4.919190246255312e-07,6.487982204816944e-07,28549,
920,,,,28550,1.387964289278898e-06
921,1.7793087181416922e-06,2.1953283066977747e-06,5.906033493374707e-07,28559,
921,2.6313612124795327e-06,1.2164425697847037e-06,5.230217539065052e-07,28569,
921,1.7099486058214097e-06,5.29399528659269e-07,5.521729349311499e-07,28579,
921,,,,28581,2.1197693058638833e-06
922,3.99297687181388e-06,1.5216880910884356e-06,5.712657298317936e-07,28589,
922,2.8488811949500814e-06,5.537682454814785e-07,5.388283739193866e-07,28599,
922,2.041899278992787e-06,5.525651545212895e-07,5.632575721392641e-07,28609,
922,,,,28612,2.173020675400039e-06
923,9.063383004104253e-06,9.145419426204171e-06,5.356594670047343e-07,28619,
923,3.2277100672217784e-06,3.4810273064067587e-06,5.713590098821442e-07,28629,
923,3.797814315475989e-06,1.732929376885295e-06,5.61611841476406e-07,28639,
923,,,,28643,3.5576499612943735e-06
924,5.845587111252826e-06,4.849540346185677e-06,6.092616899877612e-07,28649,
924,2.486519179001334e-06,1.2629600405489327e-06,5.500482416209707e-07,28659,
924,2.159354608011199e-06,7.134457860047405e-07,5.463215870804561e-07,28669,
924,,,,28674,2.2285714749159524e-06
925,1.9696699382620864e-06,9.491224091107142e-07,5.223585048952373e-07,28679,
925,1.4788354292250006e-06,4.246033427079965e-07,5.042663246968004e-07,28689,
925,1.387910742778331e-06,4.744031230075052e-07,5.705448984372197e-07,28699,
925,,,,28705,1.5965673583195894e-06
926,2.181311629101401e-06,4.5917815327811695e-07,6.081480137254403e-07,28709,
926,1.6878436781553319e-06,7.615862500642834e-07,5.689281579179806e-07,28719,
926,1.196076823362091e-06,4.4725803149958665e-07,5.379958452067513e-07,28729,
926,,,,28736,1.4357007103171782e-06
927,2.127117795680533e-06,1.0166835409108899e-06,6.371395784299239e-07,28739,
927,2.1255918909446336e-06,1.0242496273349389e-06,5.451170750347956e-07,28749,
927,1.2578348105307668e-06,4.232310573115683e-07,5.795070023850712e-07,28759,
927,,,,28767,1.5527750747423852e-06
928,2.3813465759303654e-06,7.275702387232741e-07,5.222670438342902e-07,28769,
928,3.2480731988471234e-06,1.1552838259376585e-06,5.113125212119485e-07,28779,
928,1.8203243143943837e-06,7.531500045843131e-07,5.848643240824458e-07,28789,
928,,,,28798,3.074220103371772e-06
929,3.0314831747091375e-06,1.4222240451999824e-06,5.809711183246691e-07,28799,
929,2.646285793161951e-06,1.5056162965265685e-06,5.727784468945174e-07,28809,
929,4.395552423375193e-06,1.061955458681041e-06,5.113095085107489e-07,28819,
929,9.95472532849817e-07,3.7982781009304745e-07,8.711777077508032e-09,28829,
929,,,,28829,2.0921909253956983e-06
930,1.54072745317535e-06,6.953443971724482e-07,5.8073754871657e-07,28839,
930,2.7230107662035152e-06,4.002132754976628e-06,5.823903279633669e-07,28849,
930,1.444483814339037e-06,6.630899633819354e-07,6.488677968263801e-07,28859,
930,,,,28860,1.6958132391664549e-06
931,1.6919293557293713e-06,6.904326141921047e-07,5.908067350901547e-07,28869,
931,1.6891086715986603e-06,8.532500146429811e-07,5.226470420893747e-07,28879,
931,1.612879941603751e-06,8.780052667134441e-07,5.523331765289186e-07,28889,
931,,,,28891,1.6375639688703814e-06
932,1.8663284890862997e-06,7.781763997627422e-07,5.722143328057427e-07,28899,
932,1.4231490013116854e-06,4.802413968718611e-07,5.393949322751723e-07,28909,
932,1.3910776033299044e-06,4.7617641030228697e-07,5.632957140733197e-07,28919,
932,,,,28922,1.367532490803569e-06
933,1.6133520830408088e-06,4.244985518653266e-07,5.36660934358224e-07,28929,
933,1.3148218158676173e-06,3.06458389331965e-07,5.719846285501262e-07,28939,
933,1.402053044330387e-06,3.979671987508482e-07,5.624699497275287e-07,28949,
933,,,,28953,1.473794213779911e-06
934,6.259085694182431e-06,7.286982963705668e-07,6.110515755608503e-07,28959,
934,1.778255182216526e-06,6.143996529317519e-07,5.504230671249388e-07,28969,
934,1.3876426692149835e-06,5.498464474840148e-07,5.466365564643638e-07,28979,
934,,,,28984,2.480755256328848e-06
935,2.5952774649340427e-06,6.520223791994795e-07,5.221043579695106e-07,28989,
935,1.5616079735991661e-06,7.92850471498241e-07,5.041951567363867e-07,28999,
935,1.5566330375804682e-06,4.2611040385054366e-07,5.708778303414874e-07,29009,
935,,,,29015,1.738689547892136e-06
936,2.129479071300011e-06,1.9866026832460193e-06,6.080228445171088e-07,29019,
936,3.480411351119983e-06,1.872844109129801e-06,5.690023954230128e-07,29029,
936,1.6682653267707792e-06,8.19239630800439e-07,5.383564598560042e-07,29039,
936,,,,29046,2.9902982987550786e-06
937,6.906885573698673e-06,4.0252866710943636e-06,6.366723823703069e-07,29049,
937,2.645269660206395e-06,6.337237437037402e-07,5.442460064841725e-07,29059,
937,1.9654635252663866e-06,5.814484893562621e-07,5.797894573333906e-07,29069,
937,,,,29077,2.574548716438585e-06
938,3.7739459912700113e-06,1.4077879768592538e-06,5.228814075053378e-07,29079,
938,1.8375735635345336e-06,4.443055274805374e-07,5.109442327011493e-07,29089,
938,1.6182713125090231e-06,5.360612931326614e-07,5.852205049450276e-07,29099,
938,,,,29108,1.6389680013162433e-06
939,1.5945385030136094e-06,1.521935018899967e-06,5.801839506602846e-07,29109,
939,2.268237267344375e-06,3.5986734019388678e-06,5.725977416659589e-07,29119,
939,1.732193027237372e-06,1.4414675888474449e-06,5.118131412018556e-07,29129,
939,8.785860927673639e-07,3.093646796514804e-07,8.715569599360151e-09,29139,
939,,,,29139,1.527453036942461e-06
940,2.0097745618841145e-06,2.5800288767641177e-06,5.819988473376725e-07,29149,
940,2.0290547126933234e-06,1.188843611998891e-06,5.825285143146175e-07,29159,
940,1.5849971077841474e-06,5.557796498578682e-07,6.491204089797975e-07,29169,
940,,,,29170,1.8233720311400248e-06
941,2.4327307528437814e-06,3.0147755296638934e-06,5.910082450100163e-07,29179,
941,1.938294190040324e-06,1.1681784144457197e-06,5.234219884187041e-07,29189,
941,1.7511563328298507e-06,6.694685339425632e-07,5.525222945834685e-07,29199,
941,,,,29201,1.8496045868232613e-06
942,3.7024656194262207e-06,1.7436425423511537e-06,5.724624543290702e-07,29209,
942,2.9360701319092186e-06,1.80884944711579e-06,5.403088607636164e-07,29219,
942,3.4131330721720587e-06,2.368288278375985e-06,5.631812882711529e-07,29229,
942,,,,29232,3.2165617085411213e-06
943,4.10325401389855e-06,2.9568714126071427e-06,5.366933351069747e-07,29239,
943,1.8411751625535544e-06,7.330631319746317e-07,5.711398216590169e-07,29249,
943,1.5886345181570505e-06,7.1487289687866e-07,5.6193198361143e-07,29259,
943,,,,29263,1.5563450688205194e-06
944,3.856237981381128e-06,1.4327100643640733e-06,6.104037311160937e-07,29269,
944,2.3631441763427574e-06,6.321301952993963e-07,5.503695774677908e-07,29279,
944,1.6958442756731529e-06,6.391225042534643e-07,5.462702006298059e-07,29289,
944,,,,29294,2.2000672288413625e-06
945,3.972053946199594e-06,2.6695804535847856e-06,5.220907723924029e-07,29299,
945,2.0612742446246557e-06,1.127187374549976e-06,5.042072643846041e-07,29309,
945,1.6178563555513392e-06,7.713398417763528e-07,5.705312560166931e-07,29319,
945,,,,29325,2.144515292457072e-06
946,2.8742942959070206e-06,3.677845370475552e-06,6.074394036659214e-07,29329,
946,2.331239102204563e-06,4.119905042898608e-06,5.686553095074487e-07,29339,
946,1.4912076267137309e-06,6.452583534155565e-07,5.379272920436051e-07,29349,
946,,,,29356,1.8417741785015096e-06
947,3.154875912514399e-06,3.678498387671425e-06,6.376824330800446e-07,29359,
947,2.90659181700903e-06,1.523009018455923e-06,5.442215069706435e-07,29369,
947,2.4448286239930894e-06,5.459846192934492e-07,5.793904165329877e-07,29379,
947,,,,29387,2.8353788366075605e-06
948,5.870148925168905e-06,2.0379609395604348e-06,5.216956537879014e-07,29389,
948,2.2308117877400946e-06,9.484357406108757e-07,5.100472435515258e-07,29399,
948,1.980283514058101e-06,9.158707143797074e-07,5.843783128511859e-07,29409,
948,,,,29418,1.8803513057719101e-06
949,1.8617163277667714e-06,9.642517397878692e-07,5.796106847810734e-07,29419,
949,2.1893738448852673e-06,1.388797386425722e-06,5.725935920963821e-07,29429,
949,1.8180390952693415e-06,6.672440804322832e-07,5.119939601172518e-07,29439,
949,9.129973932431312e-07,4.5557112571259495e-07,8.728860301232544e-09,29449,
949,,,,29449,1.7884586895888788e-06
950,1.4063605249248212e-06,5.421629794000182e-07,5.819856028210779e-07,29459,
950,2.079537352983607e-06,6.105929060140625e-07,5.82650841352006e-07,29469,
950,1.609794139767473e-06,4.146380945257988e-07,6.490045052487403e-07,29479,
950,,,,29480,1.7213620822076336e-06
951,1.2290685162952286e-06,5.104712386128085e-07,5.910713980483706e-07,29489,
951,1.703751308923529e-06,5.733526791118493e-07,5.236065589997452e-07,29499,
951,1.6443344748040545e-06,3.685092053729022e-07,5.527307962438499e-07,29509,
951,,,,29511,1.688094357632508e-06
952,1.4936086927264114e-06,5.629782435789821e-07,5.724448897126422e-07,29519,
952,1.4487569615084794e-06,4.2621687157406996e-07,5.398160283220932e-07,29529,
952,1.4054321582079865e-06,4.013940326785814e-07,5.63588400837034e-07,29539,
952,,,,29542,1.4596186019844026e-06
953,2.481721139702131e-06,1.5468585843336768e-06,5.36523714345094e-07,29549,
953,1.637879790905572e-06,3.9302972254517954e-07,5.716048576687172e-07,29559,
953,1.7406759980076458e-06,4.0095778786053415e-07,5.625024073196982e-07,29569,
953,,,,29573,2.3372017494693864e-06
954,1.961793896043673e-05,3.2853554330358747e-06,6.121971409811522e-07,29579,
954,5.068594418844441e-06,1.2783179954567458e-06,5.506238380803552e-07,29589,
954,1.8349778656556737e-06,1.041453060679487e-06,5.464831360768585e-07,29599,
954,,,,29604,4.568272288452135e-06
955,3.1899242003419204e-06,3.833868049696321e-06,5.229937301010068e-07,29609,
955,2.2619096853304654e-06,2.0638976820919197e-06,5.044657314101642e-07,29619,
955,1.5535807733613183e-06,8.69338236952899e-07,5.705184094040305e-07,29629,
955,,,,29635,2.754479055511183e-06
956,3.560480990927317e-06,2.258411313960096e-06,6.074039333725523e-07,29639,
956,2.1232854123809375e-06,1.51975382323144e-06,5.691093747373088e-07,29649,
956,1.3530375326809008e-06,1.1802878816524753e-06,5.374774332267407e-07,29659,
956,,,,29666,1.8303126125829294e-06
957,2.6778652681969106e-06,6.5586427808739245e-06,6.367542368934664e-07,29669,
957,2.7338412564859027e-06,3.629082584666321e-06,5.43810472208861e-07,29679,
957,1.391709929521312e-06,4.308051302359672e-07,5.790265049654408e-07,29689,
957,,,,29697,1.6129596360769938e-06
958,1.955563448063913e-06,1.1118804650323e-06,5.218124670136604e-07,29699,
958,1.3441384680845658e-06,3.981757856763579e-07,5.106187472847523e-07,29709,
958,1.3153461395631894e-06,5.580463380283618e-07,5.845369059898076e-07,29719,
958,,,,29728,1.6168540923899855e-06
959,1.5839298157516168e-06,7.449572194673237e-07,5.797228368464857e-07,29729,
959,1.5781608908582712e-06,1.3938973779659136e-06,5.725137270928826e-07,29739,
959,1.2522631323008682e-06,3.192082544956065e-07,5.115688850310107e-07,29749,
959,8.494118901580805e-07,4.0359552144764166e-07,8.727221612048197e-09,29759,
959,,,,29759,1.4275035482569365e-06
960,1.2975330037079402e-06,6.416950668608479e-07,5.818523618472682e-07,29769,
960,1.4770899952054606e-06,9.02709530237189e-07,5.824804816256801e-07,29779,
960,1.2832480251745437e-06,3.750451469386462e-07,6.493471005342144e-07,29789,
960,,,,29790,1.5315422388084698e-06
961,2.412624326098012e-06,1.3721634104513214e-06,5.909636797696294e-07,29799,
961,1.6727157117202296e-06,5.057463567936793e-07,5.233591195974441e-07,29809,
961,1.466273829464626e-06,4.072141734923207e-07,5.527862185772392e-07,29819,
961,,,,29821,1.672115672590735e-06
962,1.7243072534256498e-06,1.0904728924288065e-06,5.722073979086417e-07,29829,
962,1.5816598306628293e-06,4.819361834051961e-07,5.396960887082969e-07,29839,
962,1.3707646075999946e-06,4.911561859444191e-07,5.637775188915839e-07,29849,
962,,,,29852,1.480990249547176e-06
963,3.073286507060402e-06,2.6622974473866634e-06,5.362826414057054e-07,29859,
963,2.394424654994509e-06,1.1833629969260073e-06,5.721666411773185e-07,29869,
963,1.4645336250396213e-06,1.2937701967530302e-06,5.62683851512702e-07,29879,
963,,,,29883,2.4607040813862113e-06
964,6.6605061874724925e-06,7.426817319355905e-06,6.114927373346291e-07,29889,
964,2.1519163055927493e-06,1.8318698948860401e-06,5.508596814252087e-07,29899,
964,2.0034719909745036e-06,1.40761801503686e-06,5.46519686395186e-07,29909,
964,,,,29914,3.8504708754771855e-06
965,4.617497779690893e-06,3.778178552238387e-06,5.22332470609399e-07,29919,
965,2.824915554811014e-06,1.8478533547749976e-06,5.045067723585817e-07,29929,
965,1.6679708778610802e-06,5.206424589232483e-07,5.706854722120625e-07,29939,
965,,,,29945,2.6310431167075876e-06
966,3.4072627386194654e-06,1.4467689197772415e-06,6.076926979403652e-07,29949,
966,2.133716407115571e-06,7.855098260733939e-07,5.69216297208186e-07,29959,
966,1.3596762755696545e-06,4.140942166941386e-07,5.386295924836304e-07,29969,
966,,,,29976,1.4283937161962967e-06
967,2.1017629023845075e-06,6.561645591318666e-07,6.377433123816445e-07,29979,
967,1.4492497939500026e-06,4.0354157704314275e-07,5.452486675494583e-07,29989,
967,1.166292804555269e-06,3.352830901803827e-07,5.798914912702458e-07,29999,
967,,,,30007,1.259136638509517e-06
968,1.485984398641449e-06,6.370609071382205e-07,5.226668235991383e-07,30009,
968,1.2940328133481671e-06,3.6168236761113803e-07,5.115343242323434e-07,30019,
968,1.1696813544403994e-06,2.794301678932243e-07,5.854313371855824e-07,30029,
968,,,,30038,1.3765530866294284e-06
969,1.3485025647241855e-06,4.7206017939060985e-07,5.807724505757506e-07,30039,
969,1.5913788047328126e-06,7.237781005642319e-07,5.731791361540672e-07,30049,
969,1.704822921055893e-06,4.604649745942879e-07,5.121131039231841e-07,30059,
969,1.0043488600786077e-06,3.426845580634108e-07,8.74513261805987e-09,30069,
969,,,,30069,1.6169334458027151e-06
970,1.5539176274614874e-06,1.2666085922319326e-06,5.824533104714646e-07,30079,
970,3.921119514416205e-06,2.8810329695261316e-06,5.827873224006908e-07,30089,
970,1.8651506934475037e-06,9.73467763287772e-07,6.490553801086207e-07,30099,
970,,,,30100,2.9908183023508172e-06
971,2.6428233468323015e-06,7.522044143115636e-07,5.914113785365771e-07,30109,
971,1.7347518905808101e-06,8.243148954534263e-07,5.237083655629249e-07,30119,
971,1.69522468240757e-06,8.477195478917565e-07,5.531211968445859e-07,30129,
971,,,,30131,2.7104913442599354e-06
972,7.050778549455572e-06,8.281484952021856e-06,5.73184138374927e-07,30139,
972,3.07491677631333e-06,5.037683877162635e-06,5.397004088081303e-07,30149,
972,3.0479409360850696e-06,1.9784749838436255e-06,5.625845460599521e-07,30159,
972,,,,30162,2.4015359940676717e-06
973,1.889588133963116e-06,1.1721189139279886e-06,5.363094146559888e-07,30169,
973,1.447353952244157e-06,3.767268594856432e-07,5.70784095543786e-07,30179,
973,1.333525347035902e-06,3.987370007507707e-07,5.621512286779762e-07,30189,
973,,,,30193,1.5823546846149839e-06
974,1.4637103049608413e-06,5.623679726340924e-07,6.098106837271189e-07,30199,
974,1.3973576642456464e-06,3.307420115561399e-07,5.508098297468678e-07,30209,
974,1.1572253697522683e-06,3.2303864827554207e-07,5.467807113745948e-07,30219,
974,,,,30224,1.4244394606066635e-06
975,3.3203939437953522e-06,6.75495527957537e-07,5.230318151916435e-07,30229,
975,2.8114945962443016e-06,8.474351602671959e-07,5.047882041253615e-07,30239,
975,1.3394092093221843e-06,8.744219712752965e-07,5.706389742954343e-07,30249,
975,,,,30255,2.311812522748369e-06
976,4.963930223311763e-06,3.539762246873579e-06,6.078556680222391e-07,30259,
976,2.3403683826472843e-06,1.6021461988202645e-06,5.688572173312423e-07,30269,
976,1.6358387711079558e-06,5.385547297009907e-07,5.382897256822616e-07,30279,
976,,,,30286,2.832979362210608e-06
977,5.545050498767523e-06,1.8810159190252307e-06,6.365428362187231e-07,30289,
977,6.230852704902645e-06,1.1960471510974457e-06,5.449134619084361e-07,30299,
977,2.025299863817054e-06,6.97617963396624e-07,5.788436965303845e-07,30309,
977,,,,30317,3.076366965615307e-06
978,6.132620001153555e-06,9.90613671092433e-07,5.22331674801535e-07,30319,
978,1.5535212014583522e-06,8.957079558058467e-07,5.105038667352346e-07,30329,
978,1.3377901950661908e-06,3.483484931621206e-07,5.847136890224647e-07,30339,
978,,,,30348,1.5979925365172676e-06
979,1.5477970691790688e-06,6.315523251032573e-07,5.797665494355897e-07,30349,
979,1.4082794450587244e-06,5.698797167497105e-07,5.723340450458636e-07,30359,
979,1.574515295033052e-06,3.703354423123528e-07,5.117444743518718e-07,30369,
979,7.801953074704215e-07,2.690495080059918e-07,8.744080126632525e-09,30379,
979,,,,30379,1.5057376003824174e-06
980,1.7134556173914461e-06,8.022725523915142e-07,5.819005650664621e-07,30389,
980,1.332626084149524e-06,3.2019039508668357e-07,5.821686386298097e-07,30399,
980,1.4499793223876623e-06,1.3279517361297621e-06,6.493670525742345e-07,30409,
980,,,,30410,1.523008222648059e-06
981,3.6434505545912543e-06,4.949356934957905e-06,5.909129185965867e-07,30419,
981,2.4277526335936273e-06,1.562047032166447e-06,5.236680067355337e-07,30429,
981,2.6214017907477682e-06,1.218325110130536e-06,5.526909490072285e-07,30439,
981,,,,30441,1.6735914414311992e-06
982,1.8742131260296446e-06,8.370038813154679e-07,5.712236657018366e-07,30449,
982,1.5143032214837149e-06,4.590167463902617e-07,5.39488155482104e-07,30459,
982,1.519908209957066e-06,8.328117360179021e-07,5.636161404254381e-07,30469,
982,,,,30472,1.3990883189762826e-06
983,1.5818221754670958e-06,5.948326702309714e-07,5.364231583371293e-07,30479,
983,1.313004645453475e-06,6.818856377321936e-07,5.71814439354057e-07,30489,
983,1.2932093795825494e-06,4.0986512317431334e-07,5.626138204206654e-07,30499,
983,,,,30503,1.4808266541876947e-06
984,3.3338380944769597e-06,2.047531324933516e-06,6.112053370088688e-07,30509,
984,1.5167859146458795e-06,7.608507530676434e-07,5.509015750249091e-07,30519,
984,1.3819364994560601e-06,4.273172748980869e-07,5.470736823554034e-07,30529,
984,,,,30534,1.4694354604216642e-06
985,2.9576274300779914e-06,1.737683305691462e-06,5.2298958053143e-07,30539,
985,1.8258184582009562e-06,1.2496799399741576e-06,5.049237756793445e-07,30549,
985,1.3744756870437413e-06,4.5162093442741025e-07,5.711606831937388e-07,30559,
985,,,,30565,2.25648454943439e-06
986,7.75906300987117e-06,6.252613275137264e-06,6.084910069148464e-07,30569,
986,4.2780266085173935e-06,2.5168756110360846e-06,5.69369831282529e-07,30579,
986,1.8185563703809748e-06,1.588198983881739e-06,5.375079581426689e-07,30589,
986,,,,30596,3.7274419355526334e-06
987,1.2735165910271462e-05,5.124023573443992e-06,6.357082042995899e-07,30599,
987,4.316992544772802e-06,2.865511532945675e-06,5.429656084743328e-07,30609,
987,2.1974715309625026e-06,9.188271974380768e-07,5.791784474240558e-07,30619,
987,,,,30627,2.2843078113510273e-06
988,3.2032826311478857e-06,2.09723202715395e-06,5.225002155384573e-07,30629,
988,1.5512296158703975e-06,5.626283723358938e-07,5.111709810989851e-07,30639,
988,1.3037101780355442e-06,4.5109774760021537e-07,5.851677542523248e-07,30649,
988,,,,30658,1.7230772755283397e-06
989,1.6980937971311505e-06,4.696475173204817e-07,5.799611813017691e-07,30659,
989,1.5208770491881296e-06,1.0351045602874365e-06,5.728965675189102e-07,30669,
989,1.4318918601929909e-06,4.033642824197159e-07,5.12200927005324e-07,30679,
989,9.832593832470593e-07,6.369187417476496e-07,8.759390546231316e-09,30689,
989,,,,30689,1.4864382364976336e-06
990,1.454674588785565e-06,4.5752017285849433e-07,5.82128507176094e-07,30699,
990,1.2592156508617336e-06,5.136254799253948e-07,5.82500547352538e-07,30709,
990,1.190921466331929e-06,3.4406036775180837e-07,6.496765081465128e-07,30719,
990,,,,30720,1.2472597745727398e-06
991,1.340605876976042e-06,4.745421335883293e-07,5.910977165513032e-07,30729,
991,1.417536395820207e-06,4.957486225976027e-07,5.242187626208761e-07,30739,
991,1.4624521327277762e-06,4.0667632106305973e-07,5.535677587431564e-07,30749,
991,,,,30751,1.7410833379472024e-06
992,2.8291208309383364e-06,7.754069883958437e-07,5.724603511225723e-07,30759,
992,1.9116507701255614e-06,3.771876038172195e-07,5.39904306151584e-07,30769,
992,1.3238355904832133e-06,3.77773829995931e-07,5.635857860397664e-07,30779,
992,,,,30782,1.672773919381143e-06
993,3.0754915769648505e-06,4.900880412606057e-07,5.362984438761487e-07,30789,
993,1.914812628456275e-06,8.903954835659533e-07,5.718443958357966e-07,30799,
993,1.5398961750179296e-06,4.954382006872038e-07,5.625246899398917e-07,30809,
993,,,,30813,2.630607241371763e-06
994,5.008295829611598e-06,2.5514418666716665e-06,6.107120498199947e-07,30819,
994,2.269782271469012e-06,1.2158986919530435e-06,5.512202960744617e-07,30829,
994,1.4577796036974178e-06,4.851463586419413e-07,5.470078008329438e-07,30839,
994,,,,30844,2.7936582682741573e-06
995,2.1229468529782025e-06,2.5676863515400328e-06,5.22869925134728e-07,30849,
995,1.3994722394272685e-06,8.056003935053013e-07,5.053261133980413e-07,30859,
995,1.465607397221902e-06,6.059050861040305e-07,5.707825607714767e-07,30869,
995,,,,30875,1.5922082639008295e-06
996,1.786008738235978e-06,2.461927806507447e-06,6.081054380047135e-07,30879,
996,1.551144919176295e-06,8.07762091881159e-07,5.697730784959276e-07,30889,
996,1.9896535832231166e-06,1.7049068219421315e-06,5.3856973636357e-07,30899,
996,,,,30906,2.608343038446037e-06
997,5.852049980603624e-06,4.4174198592372704e-06,6.369099310177262e-07,30909,
997,5.383848019846482e-06,4.465609436010709e-06,5.462276249090792e-07,30919,
997,2.168308810723829e-06,2.4118614874168998e-06,5.790093950963637e-07,30929,
997,,,,30937,2.864883299480425e-06
998,4.856305622524815e-06,1.1282314744676114e-06,5.222682375460863e-07,30939,
998,1.758970597620646e-06,6.237428351596463e-07,5.105380864733888e-07,30949,
998,1.5130054862311226e-06,4.96511745495809e-07,5.847031729899754e-07,30959,
998,,,,30968,1.474876398788183e-06
999,1.447341674065683e-06,7.052524892969814e-07,5.802183409286954e-07,30969,
999,1.3313145927895675e-06,6.068976290407591e-07,5.724176617150079e-07,30979,
999,1.241188329004217e-06,6.234498073354189e-07,5.118873787068878e-07,30989,
999,7.42393694963539e-07,2.755010370947275e-07,8.75677308442846e-09,30999,
999,,,,30999,1.3905089417676209e-06
