epoch,loss,skeleton,smooth,step,val_loss
0,0.273718923330307,0.23776526749134064,2.803047891575261e-07,9,
0,0.25141826272010803,0.09985863417387009,6.582835112567409e-07,19,
0,0.17862001061439514,0.056330300867557526,7.920257303339895e-07,29,
0,,,,30,0.16584540903568268
1,0.10568930953741074,0.03395276889204979,1.0144705129278009e-06,39,
1,0.05577445402741432,0.01933141052722931,1.1245452924413257e-06,49,
1,0.03758041188120842,0.012118407525122166,1.2887215916634887e-06,59,
1,,,,61,0.035245005041360855
2,0.031097380444407463,0.008094049990177155,1.1627996627794346e-06,69,
2,0.029503891244530678,0.006342777516692877,1.2324422868914553e-06,79,
2,0.026960181072354317,0.005245515611022711,1.3800071201330866e-06,89,
2,,,,92,0.025659922510385513
3,0.023677820339798927,0.004677195101976395,1.4070676570554497e-06,99,
3,0.022793497890233994,0.004620755091309547,1.446666260562779e-06,109,
3,0.020276544615626335,0.00413968600332737,1.5138464277697494e-06,119,
3,,,,123,0.020302338525652885
4,0.01938089169561863,0.0038850796408951283,1.5947238125590957e-06,129,
4,0.01805363968014717,0.003538239048793912,1.6349927136616316e-06,139,
4,0.016586333513259888,0.0034956135787069798,1.6898918602237245e-06,149,
4,,,,154,0.01613401249051094
5,0.015538299456238747,0.0034146166872233152,1.6006753185138223e-06,159,
5,0.013263300061225891,0.0030394585337489843,1.717209102025663e-06,169,
5,0.01203020941466093,0.003009597072377801,1.8184935015597148e-06,179,
5,,,,185,0.010899228975176811
6,0.010681907646358013,0.0026974398642778397,1.8650957827048842e-06,189,
6,0.008725670166313648,0.002753899898380041,1.7243618231077562e-06,199,
6,0.007235595490783453,0.0025003685150295496,1.7702908507999382e-06,209,
6,,,,216,0.006251892074942589
7,0.006062308792024851,0.00214707781560719,1.913063897518441e-06,219,
7,0.005253755487501621,0.0022148042917251587,1.7819739923652378e-06,229,
7,0.004684642422944307,0.002049242379143834,1.8650866877578665e-06,239,
7,,,,247,0.004167402628809214
8,0.00427275849506259,0.0018960746238008142,1.8269942074766732e-06,249,
8,0.0039028774481266737,0.001723569119349122,1.879686919892265e-06,259,
8,0.0034456923604011536,0.0016414171550422907,1.9298327060823794e-06,269,
8,,,,278,0.0033049697522073984
9,0.003270969958975911,0.0014517413219437003,2.018912255152827e-06,279,
9,0.0030142138712108135,0.0013868807582184672,1.9357546534592984e-06,289,
9,0.0029615936800837517,0.0013118345523253083,2.022855596806039e-06,299,
9,0.0019982820376753807,0.0010110947769135237,1.0251070214906122e-08,309,
9,,,,309,0.002830462995916605
10,0.002671225927770138,0.0011728532845154405,1.967943489944446e-06,319,
10,0.0025057331658899784,0.0011268070666119456,2.0279908312659245e-06,329,
10,0.0024858780670911074,0.0010736585827544332,1.9574777070374694e-06,339,
10,,,,340,0.0025068488903343678
11,0.0024858429096639156,0.001101396861486137,2.086334916384658e-06,349,
11,0.002360535552725196,0.0010740692960098386,1.930008011186146e-06,359,
11,0.002320061204954982,0.0009204661473631859,2.1676294181816047e-06,369,
11,,,,371,0.002262585796415806
12,0.0021210957784205675,0.0009391905623488128,1.8670621102501173e-06,379,
12,0.002114997012540698,0.000923342362511903,1.9775259261223255e-06,389,
12,0.0020700583700090647,0.0007889954722486436,2.0906552435917547e-06,399,
12,,,,402,0.0020673107355833054
13,0.002048749476671219,0.0007556274649687111,2.092643171636155e-06,409,
13,0.002046784618869424,0.0007911072461865842,2.165620799132739e-06,419,
13,0.0019327417248860002,0.000724920944776386,2.0976517589588184e-06,429,
13,,,,433,0.0019054629374295473
14,0.0018809428438544273,0.0006923754699528217,2.029702500294661e-06,439,
14,0.0018634331645444036,0.0006321439286693931,2.0409074750205036e-06,449,
14,0.0018068664940074086,0.0006066588102839887,2.171237838410889e-06,459,
14,,,,464,0.0017681209137663245
15,0.001748371054418385,0.0006468163919635117,1.948885028468794e-06,469,
15,0.0017050988972187042,0.0005345006356947124,2.0400036646606168e-06,479,
15,0.0016620794776827097,0.000512512109708041,2.0761324321938446e-06,489,
15,,,,495,0.0016496075550094247
16,0.0015995034482330084,0.0004391098045744002,2.0467919057409745e-06,499,
16,0.0015633332077413797,0.0005273783463053405,1.9039404151044437e-06,509,
16,0.001547816558741033,0.0004899177001789212,1.971994606719818e-06,519,
16,,,,526,0.001546030049212277
17,0.0015072440728545189,0.0004297929990570992,1.9655203686852474e-06,529,
17,0.001486161258071661,0.00046069826930761337,1.8793130038829986e-06,539,
17,0.0015392204513773322,0.00044602813431993127,2.0063209831278073e-06,549,
17,,,,557,0.0014545806916430593
18,0.001492390176281333,0.0004224916046950966,1.9233532384532737e-06,559,
18,0.0014810500433668494,0.00039843982085585594,1.8565111759016872e-06,569,
18,0.0013892394490540028,0.0004084740940015763,1.8269070096721407e-06,579,
18,,,,588,0.0013731722719967365
19,0.0013652367051690817,0.0003277789510320872,1.8920252387033543e-06,589,
19,0.001293935114517808,0.00030429227626882493,1.787695737220929e-06,599,
19,0.0013263867003843188,0.0003191688156221062,1.8442871123625082e-06,609,
19,0.0009229443967342377,0.0001829352549975738,8.318703947907125e-09,619,
19,,,,619,0.0013002287596464157
20,0.0012460420839488506,0.00030062132282182574,1.6491820815645042e-06,629,
20,0.001213887007907033,0.0002667901571840048,1.7342123328489834e-06,639,
20,0.0012168196262791753,0.0002846982970368117,1.5940210005283006e-06,649,
20,,,,650,0.0012345645809546113
21,0.0012404416920617223,0.00030440272530540824,1.7569049077792442e-06,659,
21,0.0011944613652303815,0.0003087642544414848,1.56599730871676e-06,669,
21,0.0011887963628396392,0.0002599324507173151,1.7135791949840495e-06,679,
21,,,,681,0.0011752779828384519
22,0.0011033079354092479,0.0002679658937267959,1.4314108511825907e-06,689,
22,0.0011314493604004383,0.00027826972655020654,1.5513595599259133e-06,699,
22,0.001112109748646617,0.000232919686823152,1.5328287190641277e-06,709,
22,,,,712,0.001121649518609047
23,0.001106388634070754,0.0002203371695941314,1.5449368220288306e-06,719,
23,0.0011284204665571451,0.000245540461037308,1.67117184446397e-06,729,
23,0.0010853169951587915,0.00022971050930209458,1.556462052576535e-06,739,
23,,,,743,0.0010730550857260823
24,0.0010642552515491843,0.0002466401201672852,1.440064352209447e-06,749,
24,0.0010618864325806499,0.00021766129066236317,1.430488168807642e-06,759,
24,0.0010430944385007024,0.00019560738292057067,1.5543481595159392e-06,769,
24,,,,774,0.00102891493588686
25,0.0010242132702842355,0.00022982829250395298,1.3763173001279938e-06,779,
25,0.0010030135745182633,0.00018673643353395164,1.3913073644289398e-06,789,
25,0.0009927074424922466,0.00018227737746201456,1.4009457345309784e-06,799,
25,,,,805,0.0009886984480544925
26,0.0009562571649439633,0.00016250649059657007,1.3353898111745366e-06,809,
26,0.0009491071687079966,0.0001980046072276309,1.2814439287467394e-06,819,
26,0.0009508036891929805,0.0001824742357712239,1.3519851336241118e-06,829,
26,,,,836,0.0009519416489638388
27,0.0009289220324717462,0.00018036109395325184,1.277734327231883e-06,839,
27,0.0009284341358579695,0.0001767911744536832,1.2543473530968186e-06,849,
27,0.0009648347622714937,0.00017699030286166817,1.371670236949285e-06,859,
27,,,,867,0.0009182476787827909
28,0.0009377202368341386,0.00016910948033910245,1.3089471622151905e-06,869,
28,0.0009465849143452942,0.00017270246462430805,1.2381052556520444e-06,879,
28,0.0008994544041343033,0.00019091009744443,1.2110313036828302e-06,889,
28,,,,898,0.0008872737525962293
29,0.0008819624199531972,0.0001428420073352754,1.2188791060907533e-06,899,
29,0.0008434790652245283,0.00012906176561955363,1.1316245718262508e-06,909,
29,0.00086826307233423,0.00015076033014338464,1.20855736440717e-06,919,
29,0.0006466151680797338,4.901124702882953e-05,4.5939732018496215e-09,929,
29,,,,929,0.0008587209740653634
30,0.0008345918613485992,0.0001480851205997169,1.0519017905608052e-06,939,
30,0.0008191474480554461,0.00011848506255773827,1.118656768994697e-06,949,
30,0.0008275310392491519,0.00014205007755663246,1.0364390163886128e-06,959,
30,,,,960,0.0008323258371092379
31,0.0008392221061512828,0.00014934958016965538,1.1665996453302796e-06,969,
31,0.0008150169742293656,0.0001544301339890808,1.0210605978500098e-06,979,
31,0.0008099445258267224,0.00013573115575127304,1.1156258779010386e-06,989,
31,,,,991,0.0008078569080680609
32,0.0007679517730139196,0.0001352088147541508,9.159057299257256e-07,999,
32,0.0007895544404163957,0.00014334007573779672,1.0298749657522421e-06,1009,
32,0.0007776619750075042,0.00012799368414562196,9.944430985342478e-07,1019,
32,,,,1022,0.0007851036498323083
33,0.0007726646144874394,0.00011912232730537653,9.979974038287764e-07,1029,
33,0.0007905393140390515,0.00013336114352568984,1.1371312211849727e-06,1039,
33,0.0007701895665377378,0.0001269439235329628,1.0407364925413276e-06,1049,
33,,,,1053,0.0007638824754394591
34,0.0007613091147504747,0.00014326842210721225,9.624213817005511e-07,1059,
34,0.0007595217321068048,0.0001260116696357727,9.599889381206594e-07,1069,
34,0.0007476987666450441,0.0001096157357096672,1.0392716376372846e-06,1079,
34,,,,1084,0.0007440341869369149
35,0.0007441628840751946,0.0001337378052994609,9.306651236329344e-07,1089,
35,0.000727978884242475,0.00011011267633875832,9.2414916252892e-07,1099,
35,0.0007266135653480887,0.00010888362157857046,9.362691457681649e-07,1109,
35,,,,1115,0.0007254222291521728
36,0.0007007356616668403,0.00010237920650979504,8.78933178682928e-07,1119,
36,0.0007018729229457676,0.00011512399942148477,8.544941465515876e-07,1129,
36,0.0007041830103844404,0.00010607375588733703,9.253271286979725e-07,1139,
36,,,,1146,0.0007079312345013022
37,0.0006940471357665956,0.00011154732055729255,8.612836950305791e-07,1149,
37,0.0006949420785531402,0.00010641427797963843,8.582669011047983e-07,1159,
37,0.0007190684555098414,0.00010472896246938035,9.498121471551713e-07,1169,
37,,,,1177,0.0006914637633599341
38,0.0007016115123406053,0.00010138633660972118,9.113557553064311e-07,1179,
38,0.0007141666137613356,0.00010826898505911231,8.728154625714524e-07,1189,
38,0.0006847307668067515,0.0001182802880066447,8.562831794733938e-07,1199,
38,,,,1208,0.0006759335519745946
39,0.0006719491211697459,9.08821530174464e-05,8.404692266594793e-07,1209,
39,0.000646493281237781,8.223298209486529e-05,7.660083838345599e-07,1219,
39,0.0006622211658395827,9.632345609134063e-05,8.466822691843845e-07,1229,
39,0.0005298837786540389,2.9226763217593543e-05,2.808002719234537e-09,1239,
39,,,,1239,0.0006612605648115277
40,0.0006492249667644501,9.484259499004111e-05,7.424286536661384e-07,1249,
40,0.0006373135838657618,7.501698564738035e-05,7.78503590481705e-07,1259,
40,0.0006487435894086957,8.949517359724268e-05,7.500261745008174e-07,1269,
40,,,,1270,0.0006473684916272759
41,0.0006519187591038644,9.45010397117585e-05,8.301272487187816e-07,1279,
41,0.0006378566031344235,9.696472261566669e-05,7.240030868160829e-07,1289,
41,0.0006320182583294809,8.632799290353432e-05,7.952002079036902e-07,1299,
41,,,,1301,0.000634184863884002
42,0.0006099166930653155,8.678116137161851e-05,6.538598427141551e-07,1309,
42,0.0006230016588233411,8.987396722659469e-05,7.40108418995078e-07,1319,
42,0.0006175085436552763,8.391454321099445e-05,7.241077923936245e-07,1329,
42,,,,1332,0.0006216441979631782
43,0.000610270828474313,7.929425191832706e-05,7.157990467021591e-07,1339,
43,0.0006238458445295691,8.535838423995301e-05,8.276664402728784e-07,1349,
43,0.000613314681686461,8.199445437639952e-05,7.576859957225679e-07,1359,
43,,,,1363,0.0006096929428167641
44,0.0006112519185990095,9.23971165320836e-05,7.139057061067433e-07,1369,
44,0.0006082604522816837,8.104478911263868e-05,7.141790092646261e-07,1379,
44,0.0005972565850242972,7.15426795068197e-05,7.5471496074897e-07,1389,
44,,,,1394,0.0005982855800539255
45,0.000601141422521323,8.824516407912597e-05,6.931593361514388e-07,1399,
45,0.0005861323443241417,7.270529749803245e-05,6.772997949155979e-07,1409,
45,0.0005887728766538203,7.240870036184788e-05,6.922986699464673e-07,1419,
45,,,,1425,0.0005873800837434828
46,0.0005690712132491171,6.944555207155645e-05,6.474577389781189e-07,1429,
46,0.0005712024285458028,7.503517554141581e-05,6.270887524806312e-07,1439,
46,0.0005715296138077974,6.876348925288767e-05,6.875910685266717e-07,1449,
46,,,,1456,0.00057693273993209
47,0.0005696768639609218,7.417702727252617e-05,6.429485210901476e-07,1459,
47,0.0005684803472831845,7.073196320561692e-05,6.442601829803607e-07,1469,
47,0.0005848356522619724,6.930380914127454e-05,7.065457339194836e-07,1479,
47,,,,1487,0.0005669008241966367
48,0.0005715673905797303,6.816862151026726e-05,6.84475423895492e-07,1489,
48,0.0005858975346200168,7.23827033652924e-05,6.703019721499004e-07,1499,
48,0.0005646026111207902,7.774624100420624e-05,6.573779955942882e-07,1509,
48,,,,1518,0.0005572439986281097
49,0.000554039201233536,6.184580706758425e-05,6.350052785819571e-07,1519,
49,0.0005365899996832013,5.6605171266710386e-05,5.71279031191807e-07,1529,
49,0.0005453911144286394,6.441955338232219e-05,6.417275244530174e-07,1539,
49,0.00046402079169638455,2.503553514543455e-05,2.03396388620547e-09,1549,
49,,,,1549,0.00054792535956949
50,0.0005425250274129212,6.373842916218564e-05,5.762843215961766e-07,1559,
50,0.0005306551465764642,5.173464887775481e-05,5.902342081753886e-07,1569,
50,0.0005440304521471262,5.9351401432650164e-05,5.933839588578849e-07,1579,
50,,,,1580,0.0005389127763919532
51,0.000541879388038069,6.322845729300752e-05,6.321141654552775e-07,1589,
51,0.0005318485200405121,6.467074126703665e-05,5.550758714889525e-07,1599,
51,0.0005274136201478541,5.789842180092819e-05,6.12919222930941e-07,1609,
51,,,,1611,0.0005301780765876174
52,0.0005143853486515582,5.926850644755177e-05,5.102649538457626e-07,1619,
52,0.0005217388970777392,6.043975008651614e-05,5.709965762434877e-07,1629,
52,0.0005203609471209347,5.705154035240412e-05,5.74364776184666e-07,1639,
52,,,,1642,0.000521695998031646
53,0.0005116208340041339,5.5457407142966986e-05,5.568605843109253e-07,1649,
53,0.0005216533900238574,5.789805072708987e-05,6.35487197087059e-07,1659,
53,0.0005155638791620731,5.549475463340059e-05,5.896170591768168e-07,1669,
53,,,,1673,0.00051344238454476
54,0.0005185152404010296,6.241543451324105e-05,5.696110747521743e-07,1679,
54,0.0005130813806317747,5.4616579291177914e-05,5.69894609725452e-07,1689,
54,0.0005027930019423366,4.944292231812142e-05,5.8340509667687e-07,1699,
54,,,,1704,0.000505393894854933
55,0.0005103853764012456,6.057969949324615e-05,5.518380703506409e-07,1709,
55,0.0004949198919348419,5.031169348512776e-05,5.319964770933439e-07,1719,
55,0.000500237918458879,5.045449870522134e-05,5.494735546562879e-07,1729,
55,,,,1735,0.0004975275369361043
56,0.0004857349267695099,4.874921796726994e-05,5.173590693630103e-07,1739,
56,0.00048521446296945214,5.176494596526027e-05,4.958724275638815e-07,1749,
56,0.00048389771836809814,4.761958552990109e-05,5.44390388768079e-07,1759,
56,,,,1766,0.0004898215411230922
57,0.0004887213581241667,5.181348751648329e-05,5.168034817870648e-07,1769,
57,0.00048380938824266195,4.972332317265682e-05,5.160525233804947e-07,1779,
57,0.0004950790316797793,4.8814472393132746e-05,5.558551947615342e-07,1789,
57,,,,1797,0.0004822562332265079
58,0.00048339349450543523,4.905481546302326e-05,5.427923497336451e-07,1799,
58,0.000498344365041703,5.1175513362977654e-05,5.440698487291229e-07,1809,
58,0.000482417264720425,5.401274756877683e-05,5.355127541406546e-07,1819,
58,,,,1828,0.0004748139763250947
59,0.00047093004104681313,4.489953789743595e-05,5.106716685077117e-07,1829,
59,0.0004604320856742561,4.177173104835674e-05,4.564279265650839e-07,1839,
59,0.0004639838880393654,4.558120053843595e-05,5.148906438989798e-07,1849,
59,0.00041497807251289487,2.3609281925018877e-05,1.6610461894828177e-09,1859,
59,,,,1859,0.0004674769297707826
60,0.0004661114071495831,4.595464270096272e-05,4.774383342009969e-07,1869,
60,0.00045289157424122095,3.919351365766488e-05,4.775228035214241e-07,1879,
60,0.0004666449676733464,4.2265946831321344e-05,4.978682568435033e-07,1889,
60,,,,1890,0.00046022344031371176
61,0.00046154545270837843,4.557545980787836e-05,5.081517997496121e-07,1899,
61,0.00045349463471211493,4.636466837837361e-05,4.5013374005975493e-07,1909,
61,0.00045081114512868226,4.2529973143246025e-05,5.01627937410376e-07,1919,
61,,,,1921,0.0004530266742222011
62,0.00044166785664856434,4.326142880017869e-05,4.2271022948625614e-07,1929,
62,0.00044511992018669844,4.4159522076370195e-05,4.657233887428447e-07,1939,
62,0.00044605013681575656,4.179566167294979e-05,4.825926112062007e-07,1949,
62,,,,1952,0.0004458557232283056
63,0.00043611135333776474,4.169189924141392e-05,4.5913662916063913e-07,1959,
63,0.00044368646922521293,4.2489944462431595e-05,5.1076955287499e-07,1969,
63,0.0004394236020743847,4.0941678889794275e-05,4.841819531975489e-07,1979,
63,,,,1983,0.00043868066859431565
64,0.00044553002226166427,4.582399196806364e-05,4.802620878763264e-07,1989,
64,0.00043894819100387394,4.065202301717363e-05,4.77880575999734e-07,1999,
64,0.0004274238017387688,3.737085353350267e-05,4.744495072372956e-07,2009,
64,,,,2014,0.0004314779071137309
65,0.00043782562715932727,4.4873722799820825e-05,4.6114021756693546e-07,2019,
65,0.0004205374571029097,3.875464972225018e-05,4.410582050695666e-07,2029,
65,0.0004276309337001294,3.8593450881307945e-05,4.592457685248519e-07,2039,
65,,,,2045,0.00042423373088240623
66,0.00041752855759114027,3.7754634831799194e-05,4.385530019135331e-07,2049,
66,0.0004132915346417576,3.9563597965752706e-05,4.1673087025628774e-07,2059,
66,0.00041108616278506815,3.660100992419757e-05,4.5363506728790526e-07,2069,
66,,,,2076,0.0004169422318227589
67,0.0004210940096527338,4.004104994237423e-05,4.3928801574111276e-07,2079,
67,0.0004125944396946579,3.901163290720433e-05,4.3370548041821166e-07,2089,
67,0.0004189234459772706,3.7749603507108986e-05,4.5854343966311717e-07,2099,
67,,,,2107,0.0004095948243048042
68,0.00040849990909919143,3.9382419345201924e-05,4.499327417306631e-07,2109,
68,0.0004210656334180385,4.0558279579272494e-05,4.6003555098650395e-07,2119,
68,0.00041110708843916655,4.1294159018434584e-05,4.574062586470973e-07,2129,
68,,,,2138,0.0004021785862278193
69,0.0003963136114180088,3.6279107007430866e-05,4.3014929929086065e-07,2139,
69,0.0003904524492099881,3.5004730307264253e-05,3.830528214621154e-07,2149,
69,0.0003917537978850305,3.587979881558567e-05,4.331043328420492e-07,2159,
69,0.0003742205153685063,2.3103846615413204e-05,1.4473197085251854e-09,2169,
69,,,,2169,0.0003946805954910815
70,0.0003951256221625954,3.860923970933072e-05,4.136469158311229e-07,2179,
70,0.00038072047755122185,3.3198954042745754e-05,4.0645937815497746e-07,2189,
70,0.00039377177017740905,3.408082193345763e-05,4.3428923390820273e-07,2199,
70,,,,2200,0.0003870934306178242
71,0.0003869031206704676,3.7270372558850795e-05,4.269446662874543e-07,2209,
71,0.00038022876833565533,3.735511199920438e-05,3.8057621054576884e-07,2219,
71,0.00037883318145759404,3.514575291774236e-05,4.2883198148047086e-07,2229,
71,,,,2231,0.0003794208460021764
72,0.00037121053901501,3.6229161196388304e-05,3.6444359352572064e-07,2239,
72,0.0003711218887474388,3.5693210520548746e-05,3.96628195176163e-07,2249,
72,0.00037357525434345007,3.5085860872641206e-05,4.190170557194506e-07,2259,
72,,,,2262,0.00037168103153817356
73,0.0003635428729467094,3.611482316046022e-05,3.928894898308499e-07,2269,
73,0.00036837466177530587,3.436635233811103e-05,4.2624733964657935e-07,2279,
73,0.00036340279621072114,3.407730764592998e-05,4.128771138312004e-07,2289,
73,,,,2293,0.00036390579771250486
74,0.00037278758827596903,3.857471892843023e-05,4.2010290712823917e-07,2299,
74,0.0003625644894782454,3.3861131669254974e-05,4.1136195250146557e-07,2309,
74,0.00034962495556101203,3.2910709705902264e-05,4.003828451004665e-07,2319,
74,,,,2324,0.0003561238991096616
75,0.0003655186155810952,3.808660403592512e-05,3.9822833741709474e-07,2329,
75,0.00034292720374651253,3.492865289445035e-05,3.7767946992062207e-07,2339,
75,0.0003506607317831367,3.4242566471220925e-05,3.966957820011885e-07,2349,
75,,,,2355,0.00034834325197152793
76,0.0003449746873229742,3.337131056468934e-05,3.833191613011877e-07,2359,
76,0.00033919414272531867,3.599396950448863e-05,3.6347572063277767e-07,2369,
76,0.0003351279883645475,3.25494293065276e-05,3.903103333868785e-07,2379,
76,,,,2386,0.0003405798051971942
77,0.00034843626781366765,3.586008824640885e-05,3.8457557138826814e-07,2389,
77,0.0003383898292668164,3.475981066003442e-05,3.7444186773427646e-07,2399,
77,0.0003376878739800304,3.4223816328449175e-05,3.901461127497896e-07,2409,
77,,,,2417,0.0003328829479869455
78,0.00033307468402199447,3.5375069273868576e-05,3.8294510318337416e-07,2419,
78,0.0003400718269404024,3.662502422230318e-05,3.978833831297379e-07,2429,
78,0.0003326440928503871,3.5483048122841865e-05,4.015775232346641e-07,2439,
78,,,,2448,0.0003253280301578343
79,0.0003187688416801393,3.280998862464912e-05,3.696563624089322e-07,2449,
79,0.0003130148397758603,3.197383557562716e-05,3.300952187146322e-07,2459,
79,0.00031322118593379855,3.162212306051515e-05,3.72146132576745e-07,2469,
79,0.0003115285071544349,3.0378025257959962e-05,1.2884567857085472e-09,2479,
79,,,,2479,0.0003179974155500531
80,0.0003191999567206949,3.462644599494524e-05,3.6501785416476196e-07,2489,
80,0.00029995408840477467,2.9303040719241835e-05,3.5361205164008425e-07,2499,
80,0.00031546695390716195,3.160331107210368e-05,3.828756689472357e-07,2509,
80,,,,2510,0.0003109821700491011
81,0.00030682983924634755,3.3175212593050674e-05,3.659263541067048e-07,2519,
81,0.00030483081354759634,3.212227966287173e-05,3.2752387824075413e-07,2529,
81,0.000307746056932956,3.216231561964378e-05,3.711925558036455e-07,2539,
81,,,,2541,0.00030427987803705037
82,0.00029803591314703226,3.227736669941805e-05,3.197279738742509e-07,2549,
82,0.0002948561159428209,3.235519761801697e-05,3.4467552723072004e-07,2559,
82,0.00029660455766133964,3.2935615308815613e-05,3.651883275779255e-07,2569,
82,,,,2572,0.00029791376437060535
83,0.00029507908038794994,3.188523623975925e-05,3.38662118792854e-07,2579,
83,0.0002950638299807906,3.0893203074811026e-05,3.6206154163664905e-07,2589,
83,0.00028775326791219413,2.9848049962311052e-05,3.556888543698733e-07,2599,
83,,,,2603,0.00029186884057708085
84,0.00030169199453666806,3.3677621104288846e-05,3.7092110005687573e-07,2609,
84,0.00028899256722070277,3.038454997295048e-05,3.547635003542382e-07,2619,
84,0.000276649312581867,3.029603794857394e-05,3.4154385275542154e-07,2629,
84,,,,2634,0.00028606056002900004
85,0.00029638249543495476,3.2763975468697026e-05,3.4784460467562894e-07,2639,
85,0.0002725299564190209,3.090333120780997e-05,3.2551676554248843e-07,2649,
85,0.0002816881751641631,3.1084229703992605e-05,3.45926622458137e-07,2659,
85,,,,2665,0.0002804331306833774
86,0.00027694719028659165,2.9150964110158384e-05,3.3613557093303825e-07,2669,
86,0.000273016223218292,3.173455115756951e-05,3.206604333172436e-07,2679,
86,0.0002708442625589669,2.902481355704367e-05,3.3883983974192233e-07,2689,
86,,,,2696,0.00027495838003233075
87,0.00028103782096877694,3.085689604631625e-05,3.397950081307499e-07,2699,
87,0.0002736600872594863,3.0424545911955647e-05,3.2693469620426185e-07,2709,
87,0.00027001320268027484,3.0504359529004432e-05,3.3669624599497183e-07,2719,
87,,,,2727,0.0002696427109185606
88,0.0002709957479964942,3.157237370032817e-05,3.3096210927396896e-07,2729,
88,0.0002771688159555197,3.257226126152091e-05,3.488241588911478e-07,2739,
88,0.0002667472290340811,3.0349028747878037e-05,3.572151854314143e-07,2749,
88,,,,2758,0.0002645142376422882
89,0.0002626524365041405,2.8919481337652542e-05,3.22355447224254e-07,2759,
89,0.00025270282640121877,2.9111080948496237e-05,2.906926965806633e-07,2769,
89,0.0002548186166677624,2.820612644427456e-05,3.2505965918971924e-07,2779,
89,0.00026809884002432227,3.631661456893198e-05,1.1955332279711683e-09,2789,
89,,,,2789,0.0002596005506347865
90,0.0002609355142340064,3.08175222016871e-05,3.281367071394925e-07,2799,
90,0.0002444285782985389,2.638014848344028e-05,3.121542420103651e-07,2809,
90,0.0002595739206299186,2.758618757070508e-05,3.429477999361552e-07,2819,
90,,,,2820,0.0002549255732446909
91,0.0002516338136047125,2.8557424229802564e-05,3.201164133770362e-07,2829,
91,0.0002506452437955886,2.8367299819365144e-05,2.8896261028421577e-07,2839,
91,0.000255281018326059,2.839732405846007e-05,3.297231785381882e-07,2849,
91,,,,2851,0.00025051861302927136
92,0.0002496439847163856,2.9332220947253518e-05,2.893568478157249e-07,2859,
92,0.00024213110737036914,2.8370399377308786e-05,3.069222316298692e-07,2869,
92,0.00024242776271421462,2.835635496012401e-05,3.268068553552439e-07,2879,
92,,,,2882,0.000246406823862344
93,0.00024869877961464226,2.8209453375893645e-05,3.00753299598e-07,2889,
93,0.0002454619389027357,2.8137203116784804e-05,3.1870411021373e-07,2899,
93,0.00023906365095172077,2.5939540137187578e-05,3.151349972085882e-07,2909,
93,,,,2913,0.00024256823235191405
94,0.00025060560437850654,2.9143648134777322e-05,3.4024736805804423e-07,2919,
94,0.00023896007041912526,2.731206768658012e-05,3.157144021770364e-07,2929,
94,0.0002281729393871501,2.6852734663407318e-05,3.015707932263467e-07,2939,
94,,,,2944,0.00023887562565505505
95,0.00024351244792342186,2.8863330953754485e-05,3.1426608870788186e-07,2949,
95,0.00022533013543579727,2.787138510029763e-05,2.9224457875898224e-07,2959,
95,0.000233138314797543,2.791832957882434e-05,3.13392916950761e-07,2969,
95,,,,2975,0.00023507847799919546
96,0.00023061891261022538,2.653470255609136e-05,3.047513246201561e-07,2979,
96,0.0002259362954646349,2.8630156521103345e-05,2.935437066753366e-07,2989,
96,0.00022457785962615162,2.6577345124678686e-05,3.0362983238774177e-07,2999,
96,,,,3006,0.00023090002650860697
97,0.0002354601601837203,2.8744805604219437e-05,3.1205846084958466e-07,3009,
97,0.00022774278477299958,2.684820537979249e-05,2.959885136988305e-07,3019,
97,0.0002233420527772978,2.7368645532988012e-05,3.0156914476719976e-07,3029,
97,,,,3037,0.00022623484255746007
98,0.0002277781313750893,2.9453809474944137e-05,2.97442767305256e-07,3039,
98,0.00023401244834531099,2.9094027922837995e-05,3.158442325457145e-07,3049,
98,0.00022086310491431504,2.7661748390528373e-05,3.2922721970862767e-07,3059,
98,,,,3068,0.00022125267423689365
99,0.00022108558914624155,2.6182982765021734e-05,2.9219782504696923e-07,3069,
99,0.00021009091869927943,2.620727536850609e-05,2.6560368837635906e-07,3079,
99,0.00021414615912362933,2.5097537218243815e-05,2.941362140518322e-07,3089,
99,0.00021907985501457006,3.483223190414719e-05,1.1649140541081238e-09,3099,
99,,,,3099,0.00021625928638968617
100,0.00021367089357227087,2.799584763124585e-05,3.05684920931526e-07,3109,
100,0.00020384800154715776,2.4880315322661772e-05,2.844789435130224e-07,3119,
100,0.00021565544011536986,2.4479866624460556e-05,3.162611790230585e-07,3129,
100,,,,3130,0.00021144167112652212
101,0.00020585751917678863,2.558125379437115e-05,2.8925032324877975e-07,3139,
101,0.00020431060693226755,2.6170650016865693e-05,2.647147141487949e-07,3149,
101,0.0002114506933139637,2.59991102211643e-05,3.0421088581533695e-07,3159,
101,,,,3161,0.00020681459864135832
102,0.00020240596495568752,2.616883830341976e-05,2.7012831083084166e-07,3169,
102,0.00019877155136782676,2.5341159926028922e-05,2.825640024184395e-07,3179,
102,0.00019957283802796155,2.54471324296901e-05,3.0189801236701896e-07,3189,
102,,,,3192,0.00020235333067830652
103,0.00020441869855858386,2.6323687052354217e-05,2.7657861778607185e-07,3199,
103,0.00020059676899109036,2.5014556740643457e-05,2.907335954205337e-07,3209,
103,0.00019726961909327656,2.3551683625555597e-05,2.8749880698342167e-07,3219,
103,,,,3223,0.00019807925855275244
104,0.00020883452089037746,2.6658395654521883e-05,3.2201668886955304e-07,3229,
104,0.00019551281002350152,2.5103585358010605e-05,2.9025076742072997e-07,3239,
104,0.00018779918900690973,2.432833207421936e-05,2.7487251941238355e-07,3249,
104,,,,3254,0.00019406448700465262
105,0.0001987160212593153,2.60848810285097e-05,2.915731727171078e-07,3259,
105,0.00018701970111578703,2.5653351258370094e-05,2.7096848498331383e-07,3269,
105,0.00019071750284638256,2.5355160687468015e-05,2.917504104971158e-07,3279,
105,,,,3285,0.00019042751227971166
106,0.00019055508892051876,2.414539449091535e-05,2.8412199526428594e-07,3289,
106,0.000187204874237068,2.6740492103272118e-05,2.7644466626952635e-07,3299,
106,0.00018481191364116967,2.446510552545078e-05,2.7880474817720824e-07,3309,
106,,,,3316,0.00018730288138613105
107,0.00019466844969429076,2.6942454496747814e-05,2.9429742198772146e-07,3319,
107,0.00018539106531534344,2.5775063477340154e-05,2.7573889838095056e-07,3329,
107,0.00018346293654758483,2.5363598979311064e-05,2.768865101643314e-07,3339,
107,,,,3347,0.00018472704687155783
108,0.0001900430943351239,2.8033273338223808e-05,2.758723383067263e-07,3349,
108,0.00018488345085643232,2.6213378077954985e-05,2.94627369612499e-07,3359,
108,0.00018054281827062368,2.6078778319060802e-05,3.120773612863559e-07,3369,
108,,,,3378,0.0001824094506446272
109,0.00018273635942023247,2.5029632524820045e-05,2.7261290824753814e-07,3379,
109,0.00016901289927773178,2.408297405054327e-05,2.5067919295906904e-07,3389,
109,0.00017251857207156718,2.4351280444534495e-05,2.722989620451699e-07,3399,
109,0.00016638473607599735,2.737699651333969e-05,1.1529618371142192e-09,3409,
109,,,,3409,0.00017956829105969518
110,0.0001735255355015397,2.744714765867684e-05,2.9356459663176793e-07,3419,
110,0.00016546284314244986,2.2741372958989814e-05,2.655166895237926e-07,3429,
110,0.00017315713921561837,2.252433478133753e-05,2.975743029764999e-07,3439,
110,,,,3440,0.00017554880469106138
111,0.00016975184553302824,2.505303746147547e-05,2.6869452085520606e-07,3449,
111,0.0001649469486437738,2.42346286540851e-05,2.4890493932616664e-07,3459,
111,0.0001693866797722876,2.3751526896376163e-05,2.877660847389052e-07,3469,
111,,,,3471,0.00017080087854992598
112,0.00016208100714720786,2.3847858756198548e-05,2.5769077183213085e-07,3479,
112,0.00015973924018908292,2.3407779735862277e-05,2.652961654803221e-07,3489,
112,0.00016044569201767445,2.325514651602134e-05,2.849548650374345e-07,3499,
112,,,,3502,0.0001663621369516477
113,0.00016111793229356408,2.387930544500705e-05,2.617292693685158e-07,3509,
113,0.00016119546489790082,2.3507151126977988e-05,2.716383278311696e-07,3519,
113,0.00015958557196427137,2.2095950043876655e-05,2.6837696509574016e-07,3529,
113,,,,3533,0.0001625528238946572
114,0.0001673100923653692,2.4949078579084016e-05,3.0916964988136897e-07,3539,
114,0.00015672056179028004,2.3764705474604852e-05,2.727785215483891e-07,3549,
114,0.00015058695862535387,2.244246206828393e-05,2.5737620035215514e-07,3559,
114,,,,3564,0.00015919533325359225
115,0.000159687566338107,2.4853321519913152e-05,2.7616542297437263e-07,3569,
115,0.00014617167471442372,2.3462987883249298e-05,2.5624203203733487e-07,3579,
115,0.00015284230175893754,2.384165782132186e-05,2.772638936221483e-07,3589,
115,,,,3595,0.00015615554002579302
116,0.0001566897117299959,2.3082389816408977e-05,2.715365212679899e-07,3599,
116,0.00014619440480601043,2.4059307179413736e-05,2.6312861223232176e-07,3609,
116,0.00014784882660023868,2.3190757929114625e-05,2.6173705691689975e-07,3619,
116,,,,3626,0.00015342123515438288
117,0.00015072347014211118,2.4918641429394484e-05,2.820583802076726e-07,3629,
117,0.000146855745697394,2.36997857427923e-05,2.601671269530925e-07,3639,
117,0.0001460840430809185,2.3608537958352827e-05,2.6065492875204654e-07,3649,
117,,,,3657,0.0001507490233052522
118,0.00014662512694485486,2.4425262381555513e-05,2.6060072855216276e-07,3659,
118,0.00014652781828772277,2.4230495910160244e-05,2.798909690682194e-07,3669,
118,0.0001446256646886468,2.394969305896666e-05,2.9844989057892235e-07,3679,
118,,,,3688,0.00014727754751220345
119,0.00014719017781317234,2.326136382180266e-05,2.586562857231911e-07,3689,
119,0.0001341081951977685,2.196733112214133e-05,2.416111328784609e-07,3699,
119,0.00013884804502595216,2.1558609660132788e-05,2.572413677626173e-07,3709,
119,0.00011770778655773029,2.3664575564907864e-05,1.169542795942391e-09,3719,
119,,,,3719,0.00014317964087240398
120,0.0001371074904454872,2.4108465368044563e-05,2.861424377442745e-07,3729,
120,0.00013213226338848472,2.1122177713550627e-05,2.519716133519978e-07,3739,
120,0.00013690411287825555,2.1082085368107073e-05,2.827900686952489e-07,3749,
120,,,,3750,0.00013950820721220225
121,0.00013370110536925495,2.1996604118612595e-05,2.538285741593427e-07,3759,
121,0.00013241160195320845,2.2361351511790417e-05,2.3818905958705727e-07,3769,
121,0.00013422133633866906,2.2154214093461633e-05,2.748788290318771e-07,3779,
121,,,,3781,0.00013628661690745503
122,0.00012982617772649974,2.200183371314779e-05,2.489549331130547e-07,3789,
122,0.00012842038995586336,2.208937621617224e-05,2.522550630601472e-07,3799,
122,0.000129508160171099,2.2176564016263e-05,2.715034668199223e-07,3809,
122,,,,3812,0.00013332199887372553
123,0.00012616840831469744,2.1765399651485495e-05,2.517017492209561e-07,3819,
123,0.00012841173156630248,2.262052657897584e-05,2.5696903094285517e-07,3829,
123,0.0001291383960051462,2.0682600734289736e-05,2.536731358304678e-07,3839,
123,,,,3843,0.00013060848868917674
124,0.00013526604743674397,2.39076489378931e-05,2.963763847674272e-07,3849,
124,0.0001248294865945354,2.1464997189468704e-05,2.599749109322147e-07,3859,
124,0.0001207389504997991,2.1813824787386693e-05,2.4542279675188183e-07,3869,
124,,,,3874,0.00012815571972168982
125,0.0001267489424208179,2.3680418962612748e-05,2.6524367058300413e-07,3879,
125,0.00011780763452406973,2.2592237655771896e-05,2.4532221232220763e-07,3889,
125,0.00012347086158115417,2.2720660126651637e-05,2.663434202077042e-07,3899,
125,,,,3905,0.0001259331766050309
126,0.00012627536489162594,2.272077472298406e-05,2.612905518617481e-07,3909,
126,0.00011745127267204225,2.2604983314522542e-05,2.519737449802051e-07,3919,
126,0.00011961887503275648,2.1673786250175908e-05,2.481735918991035e-07,3929,
126,,,,3936,0.00012391919153742492
127,0.00012550089741125703,2.345287248317618e-05,2.707340911456413e-07,3939,
127,0.00011727576202247292,2.2473715944215655e-05,2.4745554583205376e-07,3949,
127,0.0001168905509985052,2.1748759536421858e-05,2.473272218139755e-07,3959,
127,,,,3967,0.00012206986139062792
128,0.00011721458577085286,2.2843976694275625e-05,2.4814082166813023e-07,3969,
128,0.00011879788507940248,2.424076956231147e-05,2.6933560093311826e-07,3979,
128,0.00011717118468368426,2.2639225790044293e-05,2.8717590794258285e-07,3989,
128,,,,3998,0.00012026292824884877
129,0.00012040002911817282,2.3563630747958086e-05,2.476837721587799e-07,3999,
129,0.00010789433144964278,2.096791831718292e-05,2.350208632151407e-07,4009,
129,0.00011195176921319216,2.043776294158306e-05,2.448465465931804e-07,4019,
129,8.740993507672101e-05,2.493308602424804e-05,1.2194106835394791e-09,4029,
129,,,,4029,0.00011831839947262779
130,0.00011190867371624336,2.480736111465376e-05,2.786698019008327e-07,4039,
130,0.00010739860590547323,2.0042172764078714e-05,2.4121126784848457e-07,4049,
130,0.00011044499842682853,2.1486601326614618e-05,2.7077601316705113e-07,4059,
130,,,,4060,0.00011612212256295606
131,0.00010841422044904903,2.1915304387221113e-05,2.427463527965301e-07,4069,
131,0.00010625974391587079,2.14314968616236e-05,2.3065639709329844e-07,4079,
131,0.0001082033704733476,2.1395524527179077e-05,2.6350954840381746e-07,4089,
131,,,,4091,0.00011385792458895594
132,0.0001052193038049154,2.189514816564042e-05,2.415980020487041e-07,4099,
132,0.00010311287769582123,2.1401208869065158e-05,2.4183719915527035e-07,4109,
132,0.00010541142546571791,2.0697785657830536e-05,2.6005187692135223e-07,4119,
132,,,,4122,0.00011180201545357704
133,0.00010177362128160894,2.1719964934163727e-05,2.43657098053518e-07,4129,
133,0.00010459215991431847,2.2039557734387927e-05,2.4421319722023327e-07,4139,
133,0.00010396041034255177,2.012322329392191e-05,2.4108189222715737e-07,4149,
133,,,,4153,0.00010990104055963457
134,0.00010984243999700993,2.3059063096297905e-05,2.835334100836917e-07,4159,
134,9.861570288194343e-05,2.0644331016228534e-05,2.4950301735771063e-07,4169,
134,9.690211300039664e-05,2.010124080698006e-05,2.3497665324612171e-07,4179,
134,,,,4184,0.00010807437502080575
135,0.00010532696614973247,2.217865585407708e-05,2.560203995471966e-07,4189,
135,9.509929805062711e-05,2.070800110232085e-05,2.3736227205972682e-07,4199,
135,9.871635847957805e-05,2.0720806787721813e-05,2.5591504027033807e-07,4209,
135,,,,4215,0.00010615924111334607
136,0.00010262668365612626,2.0271219909773208e-05,2.517532209367346e-07,4219,
136,9.434573439648375e-05,2.0611705622286536e-05,2.4279762556034257e-07,4229,
136,9.571309055900201e-05,1.936838816618547e-05,2.349216856600833e-07,4239,
136,,,,4246,0.00010396736615803093
137,0.00010876238229684532,2.0415493054315448e-05,2.589918892681453e-07,4249,
137,9.314481576438993e-05,2.154049252567347e-05,2.3611602273376775e-07,4259,
137,9.328991291113198e-05,1.9511511709424667e-05,2.3680337335463264e-07,4269,
137,,,,4277,0.00010123217361979187
138,9.199605119647458e-05,2.160453914257232e-05,2.3784387792602502e-07,4279,
138,9.46194923017174e-05,2.0877618226222694e-05,2.5997624675255793e-07,4289,
138,9.377052629133686e-05,1.9627119399956428e-05,2.734299755502434e-07,4299,
138,,,,4308,9.786565351532772e-05
139,9.841539576882496e-05,2.1723626559833065e-05,2.3763935530496383e-07,4309,
139,8.671861723996699e-05,2.0902098185615614e-05,2.2902526097823284e-07,4319,
139,8.907359733711928e-05,1.747537862684112e-05,2.338966709203305e-07,4329,
139,6.168525578686967e-05,1.8857643226510845e-05,1.2604237653590644e-09,4339,
139,,,,4339,9.432854130864143e-05
140,8.953423093771562e-05,2.0735516955028288e-05,2.698556897939852e-07,4349,
140,8.700429316377267e-05,1.7925036445376463e-05,2.3106092328362138e-07,4359,
140,8.89842413016595e-05,1.750812771206256e-05,2.6042150125249464e-07,4369,
140,,,,4370,9.108646918321028e-05
141,8.785502723185346e-05,1.750736373651307e-05,2.3360767897884216e-07,4379,
141,8.54656464071013e-05,1.717944542178884e-05,2.2429603063756076e-07,4389,
141,8.743379294173792e-05,1.6732452422729693e-05,2.5233481437680894e-07,4399,
141,,,,4401,8.848871948430315e-05
142,8.632221579318866e-05,1.7102242054534145e-05,2.3551764627427474e-07,4409,
142,8.491583866998553e-05,1.824005630624015e-05,2.3288627915007964e-07,4419,
142,8.676527795614675e-05,1.623830212338362e-05,2.49557785991783e-07,4429,
142,,,,4432,8.729067485546693e-05
143,8.157263073371723e-05,1.6182968465727754e-05,2.368330598301327e-07,4439,
143,8.673061529407278e-05,1.6934855011641048e-05,2.333928108555483e-07,4449,
143,8.519477705704048e-05,1.5564442946924828e-05,2.3072387023148622e-07,4459,
143,,,,4463,8.788581180851907e-05
144,9.225038229487836e-05,1.7432632375857793e-05,2.7012595182895893e-07,4469,
144,8.048534073168412e-05,1.5254579011525493e-05,2.4078516958070395e-07,4479,
144,7.959248614497483e-05,1.4909867786627728e-05,2.267923520093973e-07,4489,
144,,,,4494,8.737168536754325e-05
145,8.374392200494185e-05,1.69183113030158e-05,2.4876652560124057e-07,4499,
145,7.864346844144166e-05,1.5016571524029132e-05,2.309876663275645e-07,4509,
145,8.177227573469281e-05,1.5735764463897794e-05,2.4696166178728163e-07,4519,
145,,,,4525,8.621985034551471e-05
146,8.57103441376239e-05,1.606299883860629e-05,2.432174994737579e-07,4529,
146,7.798954902682453e-05,1.5453957530553453e-05,2.357915036554914e-07,4539,
146,7.951750012580305e-05,1.503856765339151e-05,2.2521652454088326e-07,4549,
146,,,,4556,8.507938036927953e-05
147,8.522733696736395e-05,1.5777737644384615e-05,2.483903926986386e-07,4559,
147,7.837086741346866e-05,1.5510044249822386e-05,2.2684743328227341e-07,4569,
147,7.897146133473143e-05,1.4922797163308132e-05,2.2960941237215593e-07,4579,
147,,,,4587,8.443815022474155e-05
148,7.818658923497424e-05,1.5248343515850138e-05,2.3066034771090926e-07,4589,
148,7.920037751318887e-05,1.5366462321253493e-05,2.5340889919789333e-07,4599,
148,7.807496149325743e-05,1.4600307622458786e-05,2.618318717395596e-07,4609,
148,,,,4618,8.396364864893258e-05
149,8.421894017374143e-05,1.5108964362298138e-05,2.2967144275298779e-07,4619,
149,7.603287667734548e-05,1.4558785551344045e-05,2.2465741267296835e-07,4629,
149,7.616767106810585e-05,1.3837949154549278e-05,2.2690264245284197e-07,4639,
149,5.116781539982185e-05,1.0174021554121282e-05,1.3022162237419366e-09,4649,
149,,,,4649,8.257220179075375e-05
150,7.702590664848685e-05,1.4676741557195783e-05,2.6187140633737727e-07,4659,
150,7.464415102731436e-05,1.339500340691302e-05,2.2356250894972618e-07,4669,
150,7.612135959789157e-05,1.3129969374858774e-05,2.529453979605023e-07,4679,
150,,,,4680,8.116797107504681e-05
151,7.775785343255848e-05,1.3863612366549205e-05,2.2843505576020107e-07,4689,
151,7.373846892733127e-05,1.3500913155439775e-05,2.2043820990802487e-07,4699,
151,7.585298590129241e-05,1.3631180991069414e-05,2.4352078753508977e-07,4709,
151,,,,4711,8.000962407095358e-05
152,7.589314191136509e-05,1.4168478628562298e-05,2.3128924908633053e-07,4719,
152,7.29896710254252e-05,1.3784294424112886e-05,2.2593548010263476e-07,4729,
152,7.469316915376112e-05,1.3980303265270777e-05,2.415003166333918e-07,4739,
152,,,,4742,7.889067637734115e-05
153,7.049230771372095e-05,1.2990035429538693e-05,2.3195785558982607e-07,4749,
153,7.478013867512345e-05,1.3793383914162405e-05,2.2616471540004568e-07,4759,
153,7.420799374813214e-05,1.4328622455650475e-05,2.237765102108824e-07,4769,
153,,,,4773,7.789272058289498e-05
154,7.948026177473366e-05,1.4698252016387414e-05,2.5821537974479725e-07,4779,
154,7.079934584908187e-05,1.2515413800429087e-05,2.3384519920455205e-07,4789,
154,6.96133793098852e-05,1.2755866919178516e-05,2.1998535260081553e-07,4799,
154,,,,4804,7.689088670304045e-05
155,7.352735701715574e-05,1.4185799045662861e-05,2.435479302675958e-07,4809,
155,6.934250268386677e-05,1.3526357179216575e-05,2.2580393022053613e-07,4819,
155,7.140325760701671e-05,1.2962283108208794e-05,2.395865124071861e-07,4829,
155,,,,4835,7.598952652188018e-05
156,7.322039164137095e-05,1.5906440239632502e-05,2.3585738517795107e-07,4839,
156,6.838141416665167e-05,1.340555081696948e-05,2.3059753573306807e-07,4849,
156,6.969050446059555e-05,1.2418261576385703e-05,2.1717953302413662e-07,4859,
156,,,,4866,7.517185440519825e-05
157,7.327950879698619e-05,1.625700133445207e-05,2.391280986557831e-07,4869,
157,6.857716653030366e-05,1.3593918993137777e-05,2.190448213923446e-07,4879,
157,6.89881417201832e-05,1.2693274584307801e-05,2.2344377725858067e-07,4889,
157,,,,4897,7.437611930072308e-05
158,6.877290434204042e-05,1.3878547179047018e-05,2.2487934359105566e-07,4899,
158,6.954393757041544e-05,1.2841325769841205e-05,2.478686553786247e-07,4909,
158,6.912031676620245e-05,1.2597563909366727e-05,2.511109187253169e-07,4919,
158,,,,4928,7.362966425716877e-05
159,7.380582974292338e-05,1.2666061593336053e-05,2.2263610333084216e-07,4929,
159,6.664011016255245e-05,1.3902751561545301e-05,2.2101853858202958e-07,4939,
159,6.714829942211509e-05,1.2166131455160212e-05,2.208438445450156e-07,4949,
159,4.4296288251644e-05,7.550956070190296e-06,1.3343396387810458e-09,4959,
159,,,,4959,7.288996130228043e-05
160,6.790257612010464e-05,1.3988515092933085e-05,2.537605325869663e-07,4969,
160,6.674152245977893e-05,1.1811426702479366e-05,2.174307951463561e-07,4979,
160,6.841051072115079e-05,1.1236727914365474e-05,2.4626908157188154e-07,4989,
160,,,,4990,7.212787750177085e-05
161,7.076092151692137e-05,1.3072503861621954e-05,2.241299483785042e-07,4999,
161,6.533063424285501e-05,1.128955864260206e-05,2.1739946021170908e-07,5009,
161,6.738097727065906e-05,1.1897288459294941e-05,2.3580108177156944e-07,5019,
161,,,,5021,7.133999315556139e-05
162,6.706437125103548e-05,1.2711619092442561e-05,2.2772657359837467e-07,5029,
162,6.518369627883658e-05,1.1874343726958614e-05,2.2019489165359118e-07,5039,
162,6.681548984488472e-05,1.261286797671346e-05,2.3496164658354246e-07,5049,
162,,,,5052,7.049355190247297e-05
163,6.309601303655654e-05,1.1526108210091479e-05,2.274788784006887e-07,5059,
163,6.641280924668536e-05,1.175822671939386e-05,2.2007051825312374e-07,5069,
163,6.601966742891818e-05,1.2774328752129804e-05,2.1838873465185316e-07,5079,
163,,,,5083,6.957646837690845e-05
164,7.080827344907448e-05,1.2649130439967848e-05,2.472605729053612e-07,5089,
164,6.32900046184659e-05,1.1461422218417283e-05,2.2890327500135754e-07,5099,
164,6.216846668394282e-05,1.095636162062874e-05,2.1401604044513078e-07,5109,
164,,,,5114,6.857972766738385e-05
165,6.549301906488836e-05,1.264377533516381e-05,2.398855656338128e-07,5119,
165,6.163153739180416e-05,1.1956994057982229e-05,2.2182516090651916e-07,5129,
165,6.405578460544348e-05,1.1086394806625322e-05,2.3377469915430993e-07,5139,
165,,,,5145,6.748281884938478e-05
166,6.548833334818482e-05,1.4849152648821473e-05,2.2989250680893747e-07,5149,
166,6.150240369606763e-05,1.1136573448311538e-05,2.2677616584587668e-07,5159,
166,6.236666376935318e-05,1.1275599717919249e-05,2.1094304258895136e-07,5169,
166,,,,5176,6.627855327678844e-05
167,6.459998985519633e-05,1.2809265172109008e-05,2.3153008044118906e-07,5179,
167,6.139461765997112e-05,1.1658417861326598e-05,2.1290510687776987e-07,5189,
167,6.220617797225714e-05,1.1093826287833508e-05,2.1883104750486382e-07,5199,
167,,,,5207,6.500506424345076e-05
168,6.156678136903793e-05,1.1414032996981405e-05,2.212795493505837e-07,5209,
168,6.271235906751826e-05,1.316780526394723e-05,2.439705326651165e-07,5219,
168,6.212056177901104e-05,1.0070541975437663e-05,2.422879106234177e-07,5229,
168,,,,5238,6.376153032761067e-05
169,6.372916686814278e-05,1.1590753274504095e-05,2.1712415332331148e-07,5239,
169,5.9977774071739987e-05,1.1793134035542607e-05,2.187335184089534e-07,5249,
169,6.079249578760937e-05,1.0591897989797872e-05,2.1633692881550814e-07,5259,
169,3.932140680262819e-05,6.675167242065072e-06,1.3745462545955434e-09,5269,
169,,,,5269,6.276703788898885e-05
170,6.0442609537858516e-05,1.1080616786784958e-05,2.4736010573178646e-07,5279,
170,5.9919133491348475e-05,9.51106812863145e-06,2.129346796664322e-07,5289,
170,6.143229984445497e-05,9.890693945635576e-06,2.4101746021187864e-07,5299,
170,,,,5300,6.21491126366891e-05
171,6.31137954769656e-05,1.1387593986000866e-05,2.214467826888722e-07,5309,
171,5.9491336287464947e-05,1.0178034244745504e-05,2.1587597132111114e-07,5319,
171,6.057524660718627e-05,9.641905307944398e-06,2.3001231852504134e-07,5329,
171,,,,5331,6.153451249701902e-05
172,5.8530033129500225e-05,9.839688573265448e-06,2.2567009239082836e-07,5339,
172,5.9281399444444105e-05,1.0391804607934318e-05,2.1603649713597406e-07,5349,
172,6.067321010050364e-05,1.0846631084859837e-05,2.302092525496846e-07,5359,
172,,,,5362,6.104122439865023e-05
173,5.9046080423286185e-05,1.0732550435932353e-05,2.245076160534154e-07,5369,
173,6.122821650933474e-05,1.3798077816318255e-05,2.1544838091358542e-07,5379,
173,5.945007796981372e-05,1.1749078112188727e-05,2.1468207478392287e-07,5389,
173,,,,5393,6.0945072618778795e-05
174,6.206922989804298e-05,1.3774003491562326e-05,2.3852359731790784e-07,5399,
174,5.8225650718668476e-05,1.4522275705530774e-05,2.2609965810715948e-07,5409,
174,5.7717159506864846e-05,1.0824031051015481e-05,2.0968519720554468e-07,5419,
174,,,,5424,6.0576570831472054e-05
175,6.132968701422215e-05,2.2605498088523746e-05,2.3826520134662132e-07,5429,
175,5.672514816978946e-05,1.2010502359771635e-05,2.194763339957717e-07,5439,
175,5.839864752488211e-05,9.456504812987987e-06,2.2996849224909965e-07,5449,
175,,,,5455,5.984807285130955e-05
176,6.0026646679034457e-05,1.2303971743676811e-05,2.2595540372094547e-07,5459,
176,5.7439734518993646e-05,1.0754363756859675e-05,2.246694350560574e-07,5469,
176,5.660556780640036e-05,9.308455446443986e-06,2.069397027071318e-07,5479,
176,,,,5486,5.8962570619769394e-05
177,5.8318717492511496e-05,1.0368183211539872e-05,2.263375904476561e-07,5489,
177,5.5720109230605885e-05,1.0289394595019985e-05,2.0876056794350006e-07,5499,
177,5.636739660985768e-05,9.534373930364382e-06,2.1622616941385786e-07,5509,
177,,,,5517,5.852951653650962e-05
178,5.64640540687833e-05,1.308189985138597e-05,2.1970268448967545e-07,5519,
178,5.8606827224139124e-05,1.0572380233497825e-05,2.4172118173737545e-07,5529,
178,5.658423469867557e-05,9.13074745767517e-06,2.3552541961180395e-07,5539,
178,,,,5548,5.814448377350345e-05
179,5.801249426440336e-05,9.72737052507e-06,2.135001295755501e-07,5549,
179,5.546623287955299e-05,9.701479029899929e-06,2.1797994520511565e-07,5559,
179,5.5711116146994755e-05,9.195216989610344e-06,2.1338003364235192e-07,5569,
179,3.633971937233582e-05,5.936907655268442e-06,1.4253361824145827e-09,5579,
179,,,,5579,5.7430992455920205e-05
180,5.584112659562379e-05,1.0035288141807541e-05,2.4314815050274774e-07,5589,
180,5.4863055993337184e-05,8.272568265965674e-06,2.104209073650054e-07,5599,
180,5.605853220913559e-05,8.533548680134118e-06,2.377803838271575e-07,5609,
180,,,,5610,5.693390630767681e-05
181,5.80968517169822e-05,1.1302578968752641e-05,2.204380393777683e-07,5619,
181,5.5294229241553694e-05,9.752841833687853e-06,2.1609687905765895e-07,5629,
181,5.5247583077289164e-05,8.63133573147934e-06,2.2649390984952333e-07,5639,
181,,,,5641,5.662623152602464e-05
182,5.371425868361257e-05,8.968297152023297e-06,2.255788018601379e-07,5649,
182,5.45332113688346e-05,9.62200738285901e-06,2.1370712488533172e-07,5659,
182,5.5423170124413446e-05,8.91276249603834e-06,2.2758163709113433e-07,5669,
182,,,,5672,5.623495962936431e-05
183,5.414415500126779e-05,1.053305186360376e-05,2.2392922005565197e-07,5679,
183,5.5584376241313294e-05,1.0853511412278749e-05,2.1336278166472766e-07,5689,
183,5.40901419299189e-05,8.741681085666642e-06,2.127849114685887e-07,5699,
183,,,,5703,5.5657652410445735e-05
184,5.638056973111816e-05,1.270695520361187e-05,2.3301933538277808e-07,5709,
184,5.331089050741866e-05,1.0620826287777163e-05,2.2503760988001886e-07,5719,
184,5.247055014478974e-05,8.28212796477601e-06,2.073552138881496e-07,5729,
184,,,,5734,5.5050415539881214e-05
185,5.526639870367944e-05,1.4107958122622222e-05,2.3906878254820185e-07,5739,
185,5.141785368323326e-05,9.226118891092483e-06,2.1899261071212095e-07,5749,
185,5.318767944118008e-05,9.047590538102668e-06,2.2805240007528482e-07,5759,
185,,,,5765,5.44713948329445e-05
186,5.579015123657882e-05,1.3646407751366496e-05,2.2413722433611838e-07,5769,
186,5.313416841090657e-05,9.890197361528408e-06,2.2434213065025688e-07,5779,
186,5.220468301558867e-05,9.070436135516502e-06,2.0498198693985614e-07,5789,
186,,,,5796,5.389366197050549e-05
187,5.448637966765091e-05,1.1213698599021882e-05,2.2351061090830626e-07,5799,
187,5.13131708430592e-05,8.460837307211477e-06,2.067660176408026e-07,5809,
187,5.162910383660346e-05,8.339279702340718e-06,2.1538608052651398e-07,5819,
187,,,,5827,5.329103805706836e-05
188,5.226247958489694e-05,1.0607174772303551e-05,2.2007732525253232e-07,5829,
188,5.3822994232177734e-05,9.378035429108422e-06,2.416802828975051e-07,5839,
188,5.245696956990287e-05,7.912718501756899e-06,2.3132849946705392e-07,5849,
188,,,,5858,5.269721441436559e-05
189,5.25029499840457e-05,8.452109796053264e-06,2.1183794274293177e-07,5859,
189,5.067935126135126e-05,8.93683227332076e-06,2.193420840512772e-07,5869,
189,5.098907058709301e-05,7.582300440844847e-06,2.1250255599625234e-07,5879,
189,3.4175620385212824e-05,5.111631253384985e-06,1.490510492807573e-09,5889,
189,,,,5889,5.2146599045954645e-05
190,5.1740080380113795e-05,9.918876457959414e-06,2.412228070625133e-07,5899,
190,5.09158599015791e-05,7.792445103405043e-06,2.0983755177894636e-07,5909,
190,5.1424780394881964e-05,7.444519724231213e-06,2.365195399534059e-07,5919,
190,,,,5920,5.168429561308585e-05
191,5.224413689575158e-05,9.987422345147934e-06,2.2109760777766496e-07,5929,
191,5.0820166507037356e-05,8.271448677987792e-06,2.1807677796914504e-07,5939,
191,5.0754657422658056e-05,7.401629318337655e-06,2.2515587261295877e-07,5949,
191,,,,5951,5.1317278121132404e-05
192,4.971526868757792e-05,8.26104405859951e-06,2.2737646077075624e-07,5959,
192,5.0164922868134454e-05,8.666330359119456e-06,2.1330993149604183e-07,5969,
192,5.079913535155356e-05,7.344373443629593e-06,2.2704257673922257e-07,5979,
192,,,,5982,5.105722084408626e-05
193,4.9549351388122886e-05,8.77634283824591e-06,2.2524662313117005e-07,5989,
193,5.173260433366522e-05,9.960891475202516e-06,2.1309151065906917e-07,5999,
193,4.9763868446461856e-05,7.583553269796539e-06,2.127129477003109e-07,6009,
193,,,,6013,5.044451609137468e-05
194,5.121163485455327e-05,8.386306944885291e-06,2.2982406733262906e-07,6019,
194,4.851930134464055e-05,7.780464329698589e-06,2.257521032333898e-07,6029,
194,4.891516800853424e-05,7.73264400777407e-06,2.0675935274994117e-07,6039,
194,,,,6044,4.995888230041601e-05
195,5.0587401347002015e-05,8.702917511982378e-06,2.4178046942324727e-07,6049,
195,4.806030847248621e-05,8.132777111313771e-06,2.2024738655090914e-07,6059,
195,5.0861322961281985e-05,8.78434548212681e-06,2.2806933941410534e-07,6069,
195,,,,6075,4.987116335541941e-05
196,5.0240814744029194e-05,9.30969872570131e-06,2.241962278048959e-07,6079,
196,4.8725658416515216e-05,8.337373401445802e-06,2.2562913670753915e-07,6089,
196,4.860276749241166e-05,8.966028872237075e-06,2.0511136256118334e-07,6099,
196,,,,6106,4.964049730915576e-05
197,5.0502814701758325e-05,9.98439372779103e-06,2.2279209588305093e-07,6109,
197,4.792688196175732e-05,9.145761396212038e-06,2.0656112553751882e-07,6119,
197,4.831757178180851e-05,9.19672856980469e-06,2.1576312292381772e-07,6129,
197,,,,6137,4.948129571857862e-05
198,4.923180313198827e-05,9.462701200391166e-06,2.2206775440736237e-07,6139,
198,5.025392601964995e-05,1.231440000992734e-05,2.433662018574978e-07,6149,
198,4.85814489366021e-05,8.63406512507936e-06,2.293375445105994e-07,6159,
198,,,,6168,4.908290065941401e-05
199,4.8729925765655935e-05,7.665187695238274e-06,2.120509066116938e-07,6169,
199,4.718645504908636e-05,9.475562364968937e-06,2.2202414129424142e-07,6179,
199,4.7559569793520495e-05,7.2471807470719796e-06,2.135267749281411e-07,6189,
199,3.2839892810443416e-05,4.697717940871371e-06,1.561755835766121e-09,6199,
199,,,,6199,4.8669367970433086e-05
200,4.961219383403659e-05,1.0236176422040444e-05,2.41317678728592e-07,6209,
200,4.7702298616059124e-05,7.2416573857481126e-06,2.108708230252887e-07,6219,
200,4.848699245485477e-05,7.275009465956828e-06,2.374280541062035e-07,6229,
200,,,,6230,4.832266131415963e-05
201,4.9928588850889355e-05,9.31074555410305e-06,2.2335382254823344e-07,6239,
201,4.687382897827774e-05,7.339230251091067e-06,2.2174390323925763e-07,6249,
201,4.7737285058246925e-05,7.102207291609375e-06,2.2621850348514272e-07,6259,
201,,,,6261,4.813331543118693e-05
202,4.671566784963943e-05,7.443819868058199e-06,2.306735638057944e-07,6269,
202,4.739577343571e-05,8.636603524792008e-06,2.1494167867786018e-07,6279,
202,4.737180279335007e-05,6.563398983416846e-06,2.285250104705483e-07,6289,
202,,,,6292,4.7870180424069986e-05
203,4.723648089566268e-05,8.652760698169004e-06,2.2821052425570088e-07,6299,
203,4.8052999773062766e-05,9.433681043446995e-06,2.14978712165248e-07,6309,
203,4.673207877203822e-05,6.4897672018560115e-06,2.145960991128959e-07,6319,
203,,,,6323,4.751187952933833e-05
204,4.977534990757704e-05,8.778799383435398e-06,2.288722953380784e-07,6329,
204,4.561608875519596e-05,8.486479600833263e-06,2.2824985990155255e-07,6339,
204,4.5464697905117646e-05,6.3141501414065715e-06,2.0814796641843714e-07,6349,
204,,,,6354,4.7192279453156516e-05
205,4.977578282705508e-05,1.052839888870949e-05,2.463203827574034e-07,6359,
205,4.55081753898412e-05,9.032136404130142e-06,2.231733731150598e-07,6369,
205,4.6580877096857876e-05,6.85231725583435e-06,2.3003016735856363e-07,6379,
205,,,,6385,4.696756514022127e-05
206,4.829575482290238e-05,1.1303053724986967e-05,2.26300272743174e-07,6389,
206,4.5756260078633204e-05,7.57998850531294e-06,2.2851722292216436e-07,6399,
206,4.5269760448718444e-05,7.697708497289568e-06,2.071015217097738e-07,6409,
206,,,,6416,4.669355621444993e-05
207,4.715086834039539e-05,9.79336618911475e-06,2.242739043367692e-07,6419,
207,4.49736908194609e-05,7.632406777702272e-06,2.0828090896429785e-07,6429,
207,4.523829557001591e-05,8.200549018511083e-06,2.1825179885581747e-07,6439,
207,,,,6447,4.6400862629525363e-05
208,4.565353810903616e-05,8.196119779313449e-06,2.2607959238030162e-07,6449,
208,4.7195007937261835e-05,1.1005963642674033e-05,2.468766524543753e-07,6459,
208,4.5438042434398085e-05,7.321588327613426e-06,2.294052308116079e-07,6469,
208,,,,6478,4.607307710102759e-05
209,4.5688509999308735e-05,7.323633326450363e-06,2.1397481475560198e-07,6479,
209,4.4430304114939645e-05,1.0293795639881864e-05,2.2657378906387748e-07,6489,
209,4.4823387725045905e-05,7.082242518663406e-06,2.1630877711231733e-07,6499,
209,3.147715688101016e-05,4.361049377621384e-06,1.6446638495537513e-09,6509,
209,,,,6509,4.578226071316749e-05
210,4.6910226956242695e-05,1.0818642294907477e-05,2.435763519770262e-07,6519,
210,4.495975372265093e-05,6.716145435348153e-06,2.1362328084251203e-07,6529,
210,4.5421104005072266e-05,6.633542852796381e-06,2.3991046305127384e-07,6539,
210,,,,6540,4.565924609778449e-05
211,4.764071127283387e-05,9.337316441815346e-06,2.2717293290952512e-07,6549,
211,4.3983032810501754e-05,6.054944151401287e-06,2.2664173116027087e-07,6559,
211,4.468979386729188e-05,6.806336841691518e-06,2.290105385327479e-07,6569,
211,,,,6571,4.542827809927985e-05
212,4.423772406880744e-05,7.035226644802606e-06,2.3549141303647048e-07,6579,
212,4.4501968659460545e-05,7.707901204412337e-06,2.1793012194848416e-07,6589,
212,4.440740667632781e-05,6.0026527535228524e-06,2.3157664941209077e-07,6599,
212,,,,6602,4.505752076511271e-05
213,4.428294414537959e-05,7.824301974324044e-06,2.327565908899487e-07,6609,
213,4.508377242018469e-05,8.777542461757548e-06,2.1827648311045778e-07,6619,
213,4.3907235522056e-05,5.8972318583983e-06,2.1790820881051332e-07,6629,
213,,,,6633,4.4697535486193374e-05
214,4.648812682717107e-05,8.298043212562334e-06,2.3012152894352766e-07,6639,
214,4.284994793124497e-05,8.312722457048949e-06,2.3239944368924625e-07,6649,
214,4.276446998119354e-05,5.737224910262739e-06,2.109766370494981e-07,6659,
214,,,,6664,4.4411488488549367e-05
215,4.64646473119501e-05,9.58493819780415e-06,2.5239978640456684e-07,6669,
215,4.29721076216083e-05,8.843764589983039e-06,2.2753985717827163e-07,6679,
215,4.367374276625924e-05,6.013026904838625e-06,2.334659114922033e-07,6689,
215,,,,6695,4.4520194933284074e-05
216,4.531532613327727e-05,9.847229193837848e-06,2.29942727969501e-07,6699,
216,4.333606193540618e-05,7.099372396623949e-06,2.3284157180114562e-07,6709,
216,4.2571376980049536e-05,6.689972451567883e-06,2.107375252080601e-07,6719,
216,,,,6726,4.42504278908018e-05
217,4.468343104235828e-05,9.237485755875241e-06,2.2750251105208008e-07,6729,
217,4.289165008231066e-05,7.068021659506485e-06,2.1145373807485157e-07,6739,
217,4.273631566320546e-05,7.429966444760794e-06,2.2212880423921888e-07,6749,
217,,,,6757,4.383535997476429e-05
218,4.3453524995129555e-05,8.289564902952407e-06,2.3167363849552203e-07,6759,
218,4.461655407794751e-05,1.0118435966433026e-05,2.518456767575117e-07,6769,
218,4.291914956411347e-05,7.150990768423071e-06,2.3118992942272598e-07,6779,
218,,,,6788,4.348899165051989e-05
219,4.308681673137471e-05,6.941220817680005e-06,2.172925377408319e-07,6789,
219,4.169860403635539e-05,8.965566848928574e-06,2.324066770142963e-07,6799,
219,4.229662226862274e-05,7.2488069235987496e-06,2.204417768325584e-07,6809,
219,3.002862649736926e-05,3.8012694858480245e-06,1.7345941349944383e-09,6819,
219,,,,6819,4.305255788494833e-05
220,4.35308029409498e-05,7.392995939881075e-06,2.474743041602778e-07,6829,
220,4.232154242345132e-05,5.748077455791645e-06,2.176231816974905e-07,6839,
220,4.261179128661752e-05,5.714360213460168e-06,2.4365138528992247e-07,6849,
220,,,,6850,4.394455754663795e-05
221,4.516177432378754e-05,7.3197052188334055e-06,2.322972250112798e-07,6859,
221,4.191749758319929e-05,5.528416295419447e-06,2.3259471504388785e-07,6869,
221,4.221541530569084e-05,5.835684532939922e-06,2.3328254883381305e-07,6879,
221,,,,6881,4.3180065404158086e-05
222,4.243641160428524e-05,6.2297499425767455e-06,2.413915183296922e-07,6889,
222,4.2253712308593094e-05,7.58762189434492e-06,2.221169523863864e-07,6899,
222,4.1971557948272675e-05,5.705858711735345e-06,2.3595895015660062e-07,6909,
222,,,,6912,4.305470793042332e-05
223,4.1975810745498165e-05,8.094102668110281e-06,2.3852985009398253e-07,6919,
223,4.289333810447715e-05,9.940622476278804e-06,2.2280593725554354e-07,6929,
223,4.1305440390715376e-05,5.987339136481751e-06,2.2231581908727094e-07,6939,
223,,,,6943,4.250909842085093e-05
224,4.351874304120429e-05,1.087053260562243e-05,2.3312033192723902e-07,6949,
224,4.087676643393934e-05,9.652701919549145e-06,2.3771846713316336e-07,6959,
224,4.041318243253045e-05,6.6879983933176845e-06,2.1492473933903966e-07,6969,
224,,,,6974,4.1720377339515835e-05
225,4.261677895556204e-05,7.578934400953585e-06,2.595267858396255e-07,6979,
225,4.056769466842525e-05,6.366377874655882e-06,2.327657426803853e-07,6989,
225,4.1210209019482136e-05,5.4612496569461655e-06,2.3794088122031098e-07,6999,
225,,,,7005,4.299945794628002e-05
226,4.2436819057911634e-05,6.675326858385233e-06,2.3482442657041247e-07,7009,
226,4.164533311268315e-05,6.255273092392599e-06,2.382490151831007e-07,7019,
226,4.0411083318758756e-05,5.479988431034144e-06,2.1547319306591817e-07,7029,
226,,,,7036,4.19265816162806e-05
227,4.296355473343283e-05,7.392709903797368e-06,2.3185829434169136e-07,7039,
227,4.081678707734682e-05,6.389122518157819e-06,2.1567201713423856e-07,7049,
227,4.0415601688437164e-05,6.746839062543586e-06,2.271440422418891e-07,7059,
227,,,,7067,4.180373070994392e-05
228,4.1610823245719075e-05,8.823071766528301e-06,2.3826173389807082e-07,7069,
228,4.217922469251789e-05,9.09453501662938e-06,2.578229896244011e-07,7079,
228,4.0621762309456244e-05,7.273899882420665e-06,2.3418716921241867e-07,7089,
228,,,,7098,4.141019962844439e-05
229,4.1003961086971685e-05,7.1218382799997926e-06,2.216144139310927e-07,7099,
229,3.938227746402845e-05,6.524412583530648e-06,2.3919224645396753e-07,7109,
229,4.002458445029333e-05,6.54666746413568e-06,2.2561658852282562e-07,7119,
229,2.89658346446231e-05,3.7573042845906457e-06,1.8285229996806152e-09,7129,
229,,,,7129,4.120312223676592e-05
230,4.120042285649106e-05,7.731879122729879e-06,2.526429625504534e-07,7139,
230,4.0219871152658015e-05,5.539510766539024e-06,2.2248687514547782e-07,7149,
230,4.076630648341961e-05,5.290619355946546e-06,2.4851468083397776e-07,7159,
230,,,,7160,4.223158612148836e-05
231,4.3281725083943456e-05,6.944166216271697e-06,2.381749766300345e-07,7169,
231,3.970088800997473e-05,5.023262474423973e-06,2.3916797431411396e-07,7179,
231,4.030839409097098e-05,5.903904821025208e-06,2.3865240450504643e-07,7189,
231,,,,7191,4.072504452778958e-05
232,4.020553387817927e-05,6.921601197973359e-06,2.4812607080093585e-07,7199,
232,3.97228795918636e-05,6.3830252656771336e-06,2.271369368145315e-07,7209,
232,3.987931631854735e-05,5.893556135561084e-06,2.41118584654032e-07,7219,
232,,,,7222,4.062187144882046e-05
233,3.956098953494802e-05,7.841635124350432e-06,2.4510620733053656e-07,7229,
233,3.9920541894389316e-05,6.104317435529083e-06,2.2811325095517532e-07,7239,
233,3.9232298149727285e-05,5.574993338086642e-06,2.2756343298624415e-07,7249,
233,,,,7253,4.031906428281218e-05
234,4.10515749535989e-05,6.2720100686419755e-06,2.3689047168318211e-07,7259,
234,3.800624472205527e-05,5.0923358685395215e-06,2.4372801021854684e-07,7269,
234,3.8630612834822387e-05,5.129179498908343e-06,2.1988303444686608e-07,7279,
234,,,,7284,4.120104495086707e-05
235,4.2348368879174814e-05,6.934181783435633e-06,2.6741804504126776e-07,7289,
235,3.9204867789521813e-05,6.457486051658634e-06,2.387491235822381e-07,7299,
235,3.99084274249617e-05,5.345671070244862e-06,2.4326138259311847e-07,7309,
235,,,,7315,4.0265942516271025e-05
236,4.257930413587019e-05,1.2364985195745248e-05,2.406188457371172e-07,7319,
236,3.900306546711363e-05,7.622933480888605e-06,2.4425730771326926e-07,7329,
236,3.8711772504029796e-05,6.439739081542939e-06,2.2083892758928414e-07,7339,
236,,,,7346,3.996704981545918e-05
237,4.1241532017011195e-05,1.8209373592981137e-05,2.3728880194084923e-07,7349,
237,3.885517071466893e-05,9.811427844397258e-06,2.2080287465087167e-07,7359,
237,3.853774251183495e-05,5.315322596288752e-06,2.3287880424049945e-07,7369,
237,,,,7377,3.979111716034822e-05
238,4.084762622369453e-05,1.013346354739042e-05,2.461629549088684e-07,7379,
238,4.00105127482675e-05,8.147023436322343e-06,2.646542611728364e-07,7389,
238,3.855231261695735e-05,4.843288024858339e-06,2.3817862881969631e-07,7399,
238,,,,7408,3.947102959500626e-05
239,3.9112925151130185e-05,7.271279173437506e-06,2.2685949829792662e-07,7409,
239,3.787950481637381e-05,5.321567641658476e-06,2.467359649926948e-07,7419,
239,3.829499473795295e-05,4.7973840082704555e-06,2.3144660588059196e-07,7429,
239,2.8692791602225043e-05,3.3294277272943873e-06,1.926117265682592e-09,7439,
239,,,,7439,4.145469210925512e-05
240,3.9977672713575885e-05,7.054814432194689e-06,2.5859191055133124e-07,7449,
240,3.897886927006766e-05,5.0608259698492475e-06,2.2799726195898984e-07,7459,
240,3.947701407014392e-05,5.325676283973735e-06,2.540847390264389e-07,7469,
240,,,,7470,3.960683534387499e-05
241,4.004650691058487e-05,7.28884106138139e-06,2.442962170334795e-07,7479,
241,3.776893572648987e-05,4.844901468459284e-06,2.4619691885163775e-07,7489,
241,3.796211603912525e-05,4.812306997337146e-06,2.4462084979859355e-07,7499,
241,,,,7501,3.982771886512637e-05
242,3.746074071386829e-05,5.076649813418044e-06,2.5565879013811355e-07,7509,
242,3.800088961725123e-05,5.263433649815852e-06,2.328002466356338e-07,7519,
242,3.779378312174231e-05,4.5419687921821605e-06,2.4711610535632644e-07,7529,
242,,,,7532,3.7885554775130004e-05
243,3.7503279600059614e-05,5.144032002135646e-06,2.523249520436366e-07,7539,
243,3.76311618310865e-05,5.135578703630017e-06,2.3411389804550709e-07,7549,
243,3.754098725039512e-05,4.45076420874102e-06,2.3348735567196854e-07,7559,
243,,,,7563,3.811192436842248e-05
244,3.9491234929300845e-05,4.8714223339629825e-06,2.4170014967239695e-07,7569,
244,3.646746336016804e-05,4.709361292043468e-06,2.5030081474142207e-07,7579,
244,3.691684833029285e-05,4.415249350131489e-06,2.253171516031216e-07,7589,
244,,,,7594,3.902213938999921e-05
245,4.102576713194139e-05,7.359127721429104e-06,2.757532229225035e-07,7599,
245,3.77717187802773e-05,6.939866580069065e-06,2.452331955282716e-07,7609,
245,3.8013396988390014e-05,4.8133852033060975e-06,2.491031523277343e-07,7619,
245,,,,7625,3.906462370650843e-05
246,4.097828423255123e-05,1.1143523806822486e-05,2.4708330670364376e-07,7629,
246,3.734254642040469e-05,7.15050282451557e-06,2.507888154923421e-07,7639,
246,3.725758506334387e-05,5.634456101688556e-06,2.2677218680655642e-07,7649,
246,,,,7656,3.8695663533871993e-05
247,3.953059422201477e-05,1.605209763511084e-05,2.432867347579304e-07,7659,
247,3.7247180443955585e-05,9.313044756709132e-06,2.2633125240645313e-07,7669,
247,3.7341436836868525e-05,4.876666025666054e-06,2.3895631784398574e-07,7679,
247,,,,7687,3.7862824683543295e-05
248,3.813069633906707e-05,7.153271326387767e-06,2.5381274326718994e-07,7689,
248,3.820400161202997e-05,6.787156053178478e-06,2.719674796480831e-07,7699,
248,3.667343480628915e-05,4.363273092167219e-06,2.4270420340144483e-07,7709,
248,,,,7718,3.698996079037897e-05
249,3.66698186553549e-05,5.391209469962632e-06,2.326077606085164e-07,7719,
249,3.6117966374149546e-05,5.071137366030598e-06,2.5465098474342085e-07,7729,
249,3.65792220691219e-05,5.449157924886094e-06,2.3771957557983114e-07,7739,
249,2.7203932404518127e-05,2.816994992826949e-06,2.019162836930377e-09,7749,
249,,,,7749,3.7446749047376215e-05
250,3.723774352692999e-05,5.893693924008403e-06,2.649151724654075e-07,7759,
250,3.661546725197695e-05,4.421183803060558e-06,2.3402274962336378e-07,7769,
250,3.675065090646967e-05,4.4019748202117626e-06,2.5975529638344597e-07,7779,
250,,,,7780,3.779042526730336e-05
251,3.843027297989465e-05,5.873499503650237e-06,2.5139496528936434e-07,7789,
251,3.637769987108186e-05,4.252654434822034e-06,2.536441456868488e-07,7799,
251,3.644060416263528e-05,5.0935573199240025e-06,2.513659751457453e-07,7809,
251,,,,7811,3.8260135625023395e-05
252,3.663622192107141e-05,6.928396942385007e-06,2.6314148726669373e-07,7819,
252,3.688710421556607e-05,6.807430963817751e-06,2.3860400233388646e-07,7829,
252,3.6819710658164695e-05,6.433070211642189e-06,2.532273413180519e-07,7839,
252,,,,7842,3.785946682910435e-05
253,3.786168235819787e-05,1.4211548659659456e-05,2.5991812435677275e-07,7849,
253,3.7220910598989576e-05,1.0696030585677363e-05,2.404178474080254e-07,7859,
253,3.7057758163427934e-05,5.809999038319802e-06,2.395545379840769e-07,7869,
253,,,,7873,4.482310396269895e-05
254,4.109646761207841e-05,1.5795203580637462e-05,2.4762266548350453e-07,7879,
254,3.562073106877506e-05,5.489330305863405e-06,2.574466293481237e-07,7889,
254,3.57387398253195e-05,6.167198534967611e-06,2.312294924422531e-07,7899,
254,,,,7904,3.915245906682685e-05
255,3.8560952816624194e-05,7.521682618971681e-06,2.849121187864512e-07,7909,
255,3.54261756001506e-05,4.970155259798048e-06,2.5182947638313635e-07,7919,
255,3.60467893187888e-05,5.413607595983194e-06,2.5524178681735066e-07,7929,
255,,,,7935,3.618204573285766e-05
256,3.6443816497921944e-05,5.41529834663379e-06,2.540093930747389e-07,7939,
256,3.506530629238114e-05,4.417928721522912e-06,2.5788679636207235e-07,7949,
256,3.483139516902156e-05,4.880155756836757e-06,2.332005237803969e-07,7959,
256,,,,7966,3.616080357460305e-05
257,3.6189132515573874e-05,8.818692549539264e-06,2.496629178949661e-07,7969,
257,3.469402508926578e-05,4.340790383139392e-06,2.3232531987105176e-07,7979,
257,3.520035170367919e-05,5.2968111958762165e-06,2.4538786647099187e-07,7989,
257,,,,7997,3.746497168322094e-05
258,3.790948539972305e-05,8.539565897081047e-06,2.6104260086867725e-07,7999,
258,3.633286542026326e-05,6.315417067526141e-06,2.793428848235635e-07,8009,
258,3.594996451283805e-05,4.629194791050395e-06,2.475341034369194e-07,8019,
258,,,,8028,3.642369483713992e-05
259,3.614964953158051e-05,6.35737387710833e-06,2.38543748309894e-07,8029,
259,3.461543019511737e-05,4.421263838594314e-06,2.6245066919727833e-07,8039,
259,3.5689397918758914e-05,4.298394742363598e-06,2.4417727217951324e-07,8049,
259,2.68820676865289e-05,2.7528224109119037e-06,2.112440666834914e-09,8059,
259,,,,8059,3.622688745963387e-05
260,3.5430108255241066e-05,5.939000402577221e-06,2.713595961267856e-07,8069,
260,3.5139801184413955e-05,4.21161303165718e-06,2.3991094622033415e-07,8079,
260,3.527000080794096e-05,4.158945102972211e-06,2.6587281354295556e-07,8089,
260,,,,8090,3.58425168087706e-05
261,3.6279659980209544e-05,4.899879058939405e-06,2.580840998689382e-07,8099,
261,3.462685344857164e-05,3.858487161778612e-06,2.60876504398766e-07,8109,
261,3.4737124224193394e-05,4.134529262955766e-06,2.579499494004267e-07,8119,
261,,,,8121,3.5672685044119135e-05
262,3.451539669185877e-05,4.483878001337871e-06,2.70857952955339e-07,8129,
262,3.476570418570191e-05,4.683678980654804e-06,2.4458194047838333e-07,8139,
262,3.502580875647254e-05,4.357882517069811e-06,2.595533032945241e-07,8149,
262,,,,8152,3.619347990024835e-05
263,3.592229768401012e-05,5.78309163756785e-06,2.6732934088613547e-07,8159,
263,3.478283906588331e-05,4.8452516239194665e-06,2.4725099478928314e-07,8169,
263,3.5203895095037296e-05,4.56798215964227e-06,2.4597716219432186e-07,8179,
263,,,,8183,3.678122448036447e-05
264,3.750992254936136e-05,6.093555839470355e-06,2.5288395022471377e-07,8189,
264,3.484858461888507e-05,7.445652045134921e-06,2.6406360120745376e-07,8199,
264,3.486237255856395e-05,4.4833191168436315e-06,2.3689021588779724e-07,8209,
264,,,,8214,3.658140849438496e-05
265,3.882407327182591e-05,1.0035396371677052e-05,2.9308935722838214e-07,8219,
265,3.5669108910951763e-05,7.553432169515872e-06,2.58393129115575e-07,8229,
265,3.6099179851589724e-05,5.19575905855163e-06,2.61632806086709e-07,8239,
265,,,,8245,3.605584061006084e-05
266,3.808869223576039e-05,1.2102642358513549e-05,2.6087516857842274e-07,8249,
266,3.4069857065333053e-05,5.093120307719801e-06,2.643269567670359e-07,8259,
266,3.421965811867267e-05,4.68228154204553e-06,2.392844749010692e-07,8269,
266,,,,8276,3.607853068388067e-05
267,3.708088115672581e-05,2.0621866497094743e-05,2.5625257649153355e-07,8279,
267,3.443999958108179e-05,8.103667823888827e-06,2.3827057304970367e-07,8289,
267,3.4344979212619364e-05,4.590057415043702e-06,2.5181759610859444e-07,8299,
267,,,,8307,4.13314119214192e-05
268,4.40192234236747e-05,7.67004348745104e-06,2.6901636829279596e-07,8309,
268,3.556301089702174e-05,5.235699518379988e-06,2.868749504614243e-07,8319,
268,3.506341454340145e-05,4.181503300060285e-06,2.524908779832913e-07,8329,
268,,,,8338,3.4269334719283506e-05
269,3.394393206690438e-05,5.090061677037738e-06,2.445979703225021e-07,8339,
269,3.3124149922514334e-05,3.899840976373525e-06,2.7035994776269945e-07,8349,
269,3.3487998734926805e-05,3.904879577021347e-06,2.5054757202269684e-07,8359,
269,2.5874738639686257e-05,2.220412170572672e-06,2.204680216166821e-09,8369,
269,,,,8369,3.380851921974681e-05
270,3.324505087221041e-05,4.415374405652983e-06,2.7806552793663286e-07,8379,
270,3.3340966183459386e-05,3.6816243209614186e-06,2.459968300172477e-07,8389,
270,3.356351953698322e-05,3.683662725961767e-06,2.719601752687595e-07,8399,
270,,,,8400,3.399645720492117e-05
271,3.4191169106634334e-05,4.003357389592566e-06,2.650016313054948e-07,8409,
271,3.324235512991436e-05,3.5245891467639012e-06,2.680155830603326e-07,8419,
271,3.334921711939387e-05,3.877456947520841e-06,2.647104508923803e-07,8429,
271,,,,8431,3.4040458558592945e-05
272,3.338410169817507e-05,5.6220033002318814e-06,2.785157846574293e-07,8439,
272,3.306549115222879e-05,4.120196081203176e-06,2.5046429641406576e-07,8449,
272,3.389794073882513e-05,5.243846317171119e-06,2.657479569734278e-07,8459,
272,,,,8462,3.4452132240403444e-05
273,3.4231357858516276e-05,5.8227778936270624e-06,2.748254530615668e-07,8469,
273,3.3319251087959856e-05,4.142511897953227e-06,2.538027956688893e-07,8479,
273,3.3604719646973535e-05,4.971425369149074e-06,2.520309863029979e-07,8489,
273,,,,8493,3.4353448427282274e-05
274,3.43718274962157e-05,4.139555130677763e-06,2.5860762775664625e-07,8499,
274,3.357041350682266e-05,5.712267920898739e-06,2.709724924443435e-07,8509,
274,3.259365985286422e-05,4.652417828765465e-06,2.429074754672911e-07,8519,
274,,,,8524,3.427905176067725e-05
275,3.4690052416408435e-05,4.98398640047526e-06,3.017687504325295e-07,8529,
275,3.391984500922263e-05,4.929755050397944e-06,2.6472011427358666e-07,8539,
275,3.324072895338759e-05,3.897062470059609e-06,2.6751564519145177e-07,8549,
275,,,,8555,3.447884228080511e-05
276,3.342495983815752e-05,5.174113084649434e-06,2.675487849046476e-07,8559,
276,3.271726018283516e-05,4.13722955272533e-06,2.715928246743715e-07,8569,
276,3.2710224331822246e-05,4.281961537344614e-06,2.453809031521814e-07,8579,
276,,,,8586,3.47372297255788e-05
277,3.409509372431785e-05,9.481882443651557e-06,2.6239683847961714e-07,8589,
277,3.29522299580276e-05,5.946014880464645e-06,2.4389825625803496e-07,8599,
277,3.3455951779615134e-05,6.6804564085032325e-06,2.575340545263316e-07,8609,
277,,,,8617,3.519346864777617e-05
278,3.7532699934672564e-05,1.9488912585075013e-05,2.755524519670871e-07,8619,
278,3.5683286114363e-05,1.11962153823697e-05,2.941755496976839e-07,8629,
278,3.322423799545504e-05,4.938861366099445e-06,2.574530810761644e-07,8639,
278,,,,8648,3.9012578781694174e-05
279,3.880526128341444e-05,1.6653222701279446e-05,2.5142890081042424e-07,8649,
279,3.378037581569515e-05,1.0242507414659485e-05,2.777565271117055e-07,8659,
279,3.413925151107833e-05,4.123146936763078e-06,2.5623680244279967e-07,8669,
279,2.5781720978557132e-05,2.6523043743509334e-06,2.2922224118815393e-09,8679,
279,,,,8679,3.5848763218382373e-05
280,3.4469579986762255e-05,4.7492080739175435e-06,2.844934670065413e-07,8689,
280,3.2525644201086834e-05,4.012047156720655e-06,2.516169388400158e-07,8699,
280,3.235152689740062e-05,3.554746172085288e-06,2.7779844913311535e-07,8709,
280,,,,8710,3.263392500230111e-05
281,3.30746806866955e-05,4.143397291045403e-06,2.7184719897377363e-07,8719,
281,3.209147325833328e-05,3.2898476547416067e-06,2.7505751631906605e-07,8729,
281,3.210837166989222e-05,3.2812129120429745e-06,2.71555677500146e-07,8739,
281,,,,8741,3.2825471862452105e-05
282,3.21808984153904e-05,3.7557401810772717e-06,2.8627121650970366e-07,8749,
282,3.187403126503341e-05,3.827614818874281e-06,2.5652599333625403e-07,8759,
282,3.20884573739022e-05,3.3376859391864855e-06,2.721502312397206e-07,8769,
282,,,,8772,3.240002479287796e-05
283,3.2155639928532764e-05,4.0389172681898344e-06,2.825118485816347e-07,8779,
283,3.1806826882530004e-05,3.5160076095053228e-06,2.6057978175231256e-07,8789,
283,3.195037061232142e-05,3.433909796513035e-06,2.579313616024592e-07,8799,
283,,,,8803,3.2389219995820895e-05
284,3.238226054236293e-05,3.4884371871157782e-06,2.6435205313646293e-07,8809,
284,3.117142114206217e-05,3.693686494443682e-06,2.778081409360311e-07,8819,
284,3.1232022593030706e-05,3.449782298048376e-06,2.4902789164116257e-07,8829,
284,,,,8834,3.279976226622239e-05
285,3.369533078512177e-05,4.63426067653927e-06,3.1007340339783696e-07,8839,
285,3.1947089155437425e-05,4.5093574954080395e-06,2.7116098522128596e-07,8849,
285,3.225900945835747e-05,3.567146677596611e-06,2.737173474542942e-07,8859,
285,,,,8865,3.290882523288019e-05
286,3.336659574415535e-05,9.780312211660203e-06,2.7441024030849803e-07,8869,
286,3.159706830047071e-05,6.5940016611421015e-06,2.786474908589298e-07,8879,
286,3.173359436914325e-05,4.381317012303043e-06,2.515228914035106e-07,8889,
286,,,,8896,3.3204807550646365e-05
287,3.426050170673989e-05,1.988884287129622e-05,2.686581126454257e-07,8899,
287,3.305487189209089e-05,1.3063733604212757e-05,2.4975665269266756e-07,8909,
287,3.1675543141318485e-05,5.0724615903163794e-06,2.6383682438790856e-07,8919,
287,,,,8927,3.661294249468483e-05
288,4.1160685213981196e-05,2.4676859538885765e-05,2.8341082725091837e-07,8929,
288,3.402885340619832e-05,9.718868568597827e-06,3.0217154289857717e-07,8939,
288,3.181246211170219e-05,3.5712944281840464e-06,2.6290445021004416e-07,8949,
288,,,,8958,3.238542194594629e-05
289,3.210321665392257e-05,5.054638677393086e-06,2.5742437514963967e-07,8959,
289,3.1509698601439595e-05,3.63041590389912e-06,2.856530727513018e-07,8969,
289,3.192980875610374e-05,3.446732080192305e-06,2.62760352143232e-07,8979,
289,2.4938088245107792e-05,2.0271340872568544e-06,2.377458674374111e-09,8989,
289,,,,8989,3.249443034292199e-05
290,3.199922866770066e-05,4.322917448007502e-06,2.913292576067761e-07,8999,
290,3.162333450745791e-05,3.55867155121814e-06,2.577385771473928e-07,9009,
290,3.1130814022617415e-05,3.241295871703187e-06,2.844495270437619e-07,9019,
290,,,,9020,3.2114749046741053e-05
291,3.224555985070765e-05,4.005995378975058e-06,2.785439221497654e-07,9029,
291,3.118472523055971e-05,3.4261829569004476e-06,2.8184894063087995e-07,9039,
291,3.104049028479494e-05,3.2074901810119627e-06,2.783931165595277e-07,9049,
291,,,,9051,3.2040130463428795e-05
292,3.1080890039447695e-05,3.701518380694324e-06,2.9372111498560116e-07,9059,
292,3.068748992518522e-05,3.6695716971735237e-06,2.626618140766368e-07,9069,
292,3.0889877962181345e-05,3.2628031476633623e-06,2.7852507855641306e-07,9079,
292,,,,9082,3.156678576488048e-05
293,3.1090283300727606e-05,4.127902229811298e-06,2.900342792599986e-07,9089,
293,3.0654697184218094e-05,3.4118299936380936e-06,2.674291010862362e-07,9099,
293,3.0813735065748915e-05,3.849708264169749e-06,2.6393337293484365e-07,9109,
293,,,,9113,3.16713958454784e-05
294,3.140634362353012e-05,3.620474672061391e-06,2.705870372210484e-07,9119,
294,3.0456514650722966e-05,5.4010738494980615e-06,2.84825006247047e-07,9129,
294,3.0218589017749764e-05,3.740736474355799e-06,2.552981186454417e-07,9139,
294,,,,9144,3.245453626732342e-05
295,3.328411912661977e-05,9.688465979706962e-06,3.186723063208774e-07,9149,
295,3.201415893272497e-05,8.461989636998624e-06,2.780888621600752e-07,9159,
295,3.168624607496895e-05,4.895283836958697e-06,2.800860556817497e-07,9169,
295,,,,9175,3.2339783501811326e-05
296,3.521378675941378e-05,7.133781764423475e-06,2.813883099861414e-07,9179,
296,3.1372223020298406e-05,3.954130534111755e-06,2.858659229332261e-07,9189,
296,3.074687992921099e-05,3.810353291555657e-06,2.577680220383627e-07,9199,
296,,,,9206,3.3703665394568816e-05
297,3.344033029861748e-05,6.032373676134739e-06,2.747241296674474e-07,9209,
297,3.0992552638053894e-05,5.08637913299026e-06,2.5566740191607096e-07,9219,
297,3.0462922950391658e-05,3.183989292665501e-06,2.7018009518542385e-07,9229,
297,,,,9237,3.123723217868246e-05
298,3.175578603986651e-05,3.961659331253031e-06,2.900093534208281e-07,9239,
298,3.138972169836052e-05,4.4401349441614e-06,3.099643777204619e-07,9249,
298,3.018690040335059e-05,3.182266709700343e-06,2.689047846615722e-07,9259,
298,,,,9268,3.134883081656881e-05
299,3.11177755065728e-05,4.285701834305655e-06,2.641010325987736e-07,9269,
299,2.9796481612720527e-05,3.147350525978254e-06,2.935877603249537e-07,9279,
299,3.100968024227768e-05,4.474118213693146e-06,2.6916330853055115e-07,9289,
299,2.5140790967270732e-05,2.853743126252084e-06,2.4569972723043065e-09,9299,
299,,,,9299,3.245066909585148e-05
300,3.237542841816321e-05,1.2181139027234167e-05,2.981145144076436e-07,9309,
300,3.1540785130346194e-05,8.796953807177488e-06,2.638652745190484e-07,9319,
300,3.0592676921514794e-05,3.8276966733974405e-06,2.9118487532286963e-07,9329,
300,,,,9330,3.182632281095721e-05
301,3.165425732731819e-05,4.224983058520593e-06,2.854738738733431e-07,9339,
301,3.0178936867741868e-05,2.9609789180540247e-06,2.8903110660394304e-07,9349,
301,3.0330826120916754e-05,3.219413656552206e-06,2.854363856386044e-07,9359,
301,,,,9361,3.1667575967730954e-05
302,3.0783248803345487e-05,3.574802121875109e-06,3.013985860889079e-07,9369,
302,2.9904096663813107e-05,3.957846729463199e-06,2.688579456844309e-07,9379,
302,2.995520299009513e-05,2.952881459350465e-06,2.849021427664411e-07,9389,
302,,,,9392,3.069109152420424e-05
303,3.0609524401370436e-05,4.223769792588428e-06,2.9724773753514455e-07,9399,
303,2.9884100513299927e-05,3.666661086754175e-06,2.7419432058195525e-07,9409,
303,3.004309292009566e-05,3.929890681320103e-06,2.698553203117626e-07,9419,
303,,,,9423,3.105490395682864e-05
304,3.077037035836838e-05,3.6496317079581786e-06,2.7701304361471557e-07,9429,
304,2.9536875445046462e-05,4.264046765456442e-06,2.9172969107094104e-07,9439,
304,2.9605149393319152e-05,3.927828856831184e-06,2.615367691305437e-07,9449,
304,,,,9454,3.127747913822532e-05
305,3.2797099265735596e-05,7.336681392189348e-06,3.265413681674545e-07,9459,
305,3.110965189989656e-05,7.958779860928189e-06,2.846325344307843e-07,9469,
305,3.035633562831208e-05,3.7637453260686016e-06,2.8658840278694697e-07,9479,
305,,,,9485,3.1012426916277036e-05
306,3.2273459510179237e-05,7.192129032773664e-06,2.8826133302573e-07,9489,
306,3.0080060241743922e-05,5.5786908887967e-06,2.931039091436105e-07,9499,
306,2.9649738280568272e-05,3.7422396417241544e-06,2.640995262481738e-07,9509,
306,,,,9516,3.0897070246282965e-05
307,3.2360112527385354e-05,7.869457476772368e-06,2.811122783441533e-07,9519,
307,2.990391840285156e-05,4.495494522416266e-06,2.617522341097356e-07,9529,
307,2.949101872218307e-05,3.2557418307987973e-06,2.7630829890767927e-07,9539,
307,,,,9547,3.070336242672056e-05
308,3.111922342213802e-05,5.5774521570128854e-06,2.965205112559488e-07,9549,
308,3.14193130179774e-05,4.652982170227915e-06,3.175029803514917e-07,9559,
308,2.9641885703313164e-05,3.3992371299973456e-06,2.749228542597848e-07,9569,
308,,,,9578,3.086619472014718e-05
309,3.0643786885775626e-05,3.8701446101185866e-06,2.705293979943235e-07,9579,
309,2.9128521418897435e-05,3.1232125365932006e-06,3.010285638538335e-07,9589,
309,3.0194139981176704e-05,3.9926476347318385e-06,2.7537012670109107e-07,9599,
309,2.4474009478581138e-05,2.036538944594213e-06,2.5309070394996525e-09,9609,
309,,,,9609,3.132348138024099e-05
310,2.9825094316038303e-05,4.260165951563977e-06,3.053486921089643e-07,9619,
310,2.9413367883535102e-05,3.453832732702722e-06,2.698910748222261e-07,9629,
310,2.9859080314054154e-05,4.211354280414525e-06,2.979373903144733e-07,9639,
310,,,,9640,3.090563404839486e-05
311,3.0833987693767995e-05,4.7174462451948784e-06,2.9231804887785984e-07,9649,
311,2.9311197067727335e-05,3.063301164729637e-06,2.9565819659183035e-07,9659,
311,3.0286970286397263e-05,6.7846826823370066e-06,2.9257006417537923e-07,9669,
311,,,,9671,3.2422969525214285e-05
312,3.1014780688565224e-05,9.650515494286083e-06,3.084913942075218e-07,9679,
312,2.9526176149374805e-05,5.775670615548734e-06,2.7473623731566477e-07,9689,
312,3.0073284506215714e-05,3.02806802210398e-06,2.909207807988423e-07,9699,
312,,,,9702,3.069691592827439e-05
313,3.1276231311494485e-05,8.125480235321447e-06,3.0416023832913197e-07,9709,
313,2.98840350296814e-05,5.313118890626356e-06,2.8098341431359586e-07,9719,
313,2.89797881123377e-05,3.595048838178627e-06,2.754425167950103e-07,9729,
313,,,,9733,3.073138213949278e-05
314,3.0186061849235557e-05,5.537649485631846e-06,2.830280436683097e-07,9739,
314,2.8916478186147287e-05,3.0832111406198237e-06,2.980662259233213e-07,9749,
314,2.8724198273266666e-05,2.9012251161475433e-06,2.678180806015007e-07,9759,
314,,,,9764,2.9962557164253667e-05
315,3.05882676912006e-05,3.552074076651479e-06,3.342895524838241e-07,9769,
315,2.8928043320775032e-05,3.6775156786461594e-06,2.9098259801685344e-07,9779,
315,2.934124495368451e-05,2.8803476652683457e-06,2.928509559296799e-07,9789,
315,,,,9795,2.953799776150845e-05
316,2.9862219889764674e-05,3.5190901144233067e-06,2.951750275315135e-07,9799,
316,2.8104317607358098e-05,2.7882613267138368e-06,3.002825224029948e-07,9809,
316,2.8598218705155887e-05,2.8204876798554324e-06,2.7022525728170876e-07,9819,
316,,,,9826,2.949098779936321e-05
317,2.929747643065639e-05,3.6027402074978454e-06,2.875869142826559e-07,9829,
317,2.856357787095476e-05,4.071157036378281e-06,2.676975157100969e-07,9839,
317,2.8445012503652833e-05,2.834681936292327e-06,2.8249823458281753e-07,9849,
317,,,,9857,2.949071495095268e-05
318,3.0074386813794263e-05,3.2548466606385773e-06,3.0306986786854395e-07,9859,
318,2.8987829864490777e-05,3.2550310606893618e-06,3.2530448379475274e-07,9869,
318,2.8422517061699182e-05,3.5038738133152947e-06,2.811119088619307e-07,9879,
318,,,,9888,2.9936285500298254e-05
319,2.9709186492254958e-05,3.8204684642551e-06,2.7694102300301893e-07,9889,
319,2.8290725822444074e-05,3.4286736081412528e-06,3.0862099720252445e-07,9899,
319,2.9034470571787097e-05,5.261586466076551e-06,2.8136824425928353e-07,9909,
319,2.4702811060706154e-05,2.5616175207687775e-06,2.5966708783187187e-09,9919,
319,,,,9919,3.1053259590407833e-05
320,3.093768100370653e-05,8.777167749940418e-06,3.1218931439980224e-07,9929,
320,2.938001307484228e-05,5.914508165005827e-06,2.757906543138233e-07,9939,
320,2.9944960260763764e-05,3.9920628296385985e-06,3.042364369321149e-07,9949,
320,,,,9950,3.111287878709845e-05
321,3.0223985959310085e-05,4.1204129956895486e-06,2.987700327139464e-07,9959,
321,2.9501845347112976e-05,6.296281299000839e-06,3.021741008524259e-07,9969,
321,2.8623158868867904e-05,2.9986979370733025e-06,2.991894803017203e-07,9979,
321,,,,9981,3.276745701441541e-05
322,2.9523678676923737e-05,4.830368652619654e-06,3.1508150755144015e-07,9989,
322,2.8797730919905007e-05,5.333042736310745e-06,2.8115354666624626e-07,9999,
322,2.8484766517067328e-05,3.542364083841676e-06,2.9731177164649125e-07,10009,
322,,,,10012,3.039839430130087e-05
323,2.8948932595085353e-05,5.903661531192483e-06,3.1122823429541313e-07,10019,
323,2.8325810490059666e-05,3.1749266327096848e-06,2.87377787344667e-07,10029,
323,2.7937141567235813e-05,2.5505137273285072e-06,2.810580497225601e-07,10039,
323,,,,10043,3.127397212665528e-05
324,2.887573828047607e-05,3.6157675822323654e-06,2.893112025503797e-07,10049,
324,2.7592879632720724e-05,2.774093672996969e-06,3.044641516680713e-07,10059,
324,2.757052607194055e-05,2.5525048386043636e-06,2.7408034952713933e-07,10069,
324,,,,10074,2.9147149689379148e-05
325,2.924843101936858e-05,4.027668637718307e-06,3.425097645504138e-07,10079,
325,2.7930391297559254e-05,2.7113167107017944e-06,2.972791719457746e-07,10089,
325,2.8344134989310987e-05,2.9981802072143182e-06,2.9871088713662175e-07,10099,
325,,,,10105,2.88349183392711e-05
326,2.8429280064301565e-05,3.898035174643155e-06,3.016514540377102e-07,10109,
326,2.772405423456803e-05,2.6118630103155738e-06,3.071533285492478e-07,10119,
326,2.733746077865362e-05,2.442050117679173e-06,2.759966832854843e-07,10129,
326,,,,10136,2.7923666493734345e-05
327,2.7980804588878527e-05,2.832474592651124e-06,2.936316150226048e-07,10139,
327,2.727437822613865e-05,2.7938529001403367e-06,2.733502242335817e-07,10149,
327,2.742582728387788e-05,2.6653760869521648e-06,2.881210434679815e-07,10159,
327,,,,10167,2.8421789465937763e-05
328,2.926642082456965e-05,3.1421463972947095e-06,3.091467704052775e-07,10169,
328,2.7938629500567913e-05,2.6718387289292878e-06,3.3241019536944805e-07,10179,
328,2.7682381187332794e-05,3.6958176679036114e-06,2.8688538122878526e-07,10189,
328,,,,10198,2.9328237360459752e-05
329,2.9005348551436327e-05,3.8768216654716525e-06,2.828858498560294e-07,10199,
329,2.9985614673933014e-05,5.1451020226522814e-06,3.1532491107100213e-07,10209,
329,2.881680120481178e-05,6.668447895208374e-06,2.8679039587586885e-07,10219,
329,2.323789885849692e-05,2.0647173641918926e-06,2.656010300583489e-09,10229,
329,,,,10229,3.2992666092468426e-05
330,2.897031299653463e-05,3.9834194467402995e-06,3.1832078661864216e-07,10239,
330,2.923431748058647e-05,3.948610356019344e-06,2.8137236540715094e-07,10249,
330,2.8124419259256683e-05,2.8109323011449305e-06,3.1087208185454074e-07,10259,
330,,,,10260,3.0804389098193496e-05
331,2.885340290958993e-05,3.270369006713736e-06,3.0517250593220524e-07,10269,
331,2.765574026852846e-05,2.5429949346289504e-06,3.084945490172686e-07,10279,
331,2.7649581170408055e-05,2.480798684700858e-06,3.0544455853487307e-07,10289,
331,,,,10291,2.814080289681442e-05
332,2.7722462618839927e-05,2.8197871415613918e-06,3.221280735488108e-07,10299,
332,2.6993180654244497e-05,2.605843747005565e-06,2.8657942152676696e-07,10309,
332,2.7378900995245203e-05,2.470574827384553e-06,3.0288143193502037e-07,10319,
332,,,,10322,2.751111787802074e-05
333,2.7142434191773646e-05,2.4723146907490445e-06,3.17004435146373e-07,10329,
333,2.6994574000127614e-05,2.367445404161117e-06,2.9336567308746453e-07,10339,
333,2.703302561712917e-05,2.2856802388560027e-06,2.8586009648279287e-07,10349,
333,,,,10353,2.8059061150997877e-05
334,2.764773671515286e-05,3.0280978080554632e-06,2.952165516489913e-07,10359,
334,2.667706212378107e-05,2.4941725769167533e-06,3.100545598044846e-07,10369,
334,2.7145240892423317e-05,2.6953300675813807e-06,2.790637267935381e-07,10379,
334,,,,10384,2.8256326913833618e-05
335,2.858566222130321e-05,3.203979531463119e-06,3.4862253528444853e-07,10389,
335,2.7019987101084553e-05,2.5170663775497815e-06,3.026420642981975e-07,10399,
335,2.7697227778844535e-05,2.6609709493641276e-06,3.040736942239164e-07,10409,
335,,,,10415,2.826502350217197e-05
336,2.7867878088727593e-05,2.945029109469033e-06,3.072725860420178e-07,10419,
336,2.6993129722541198e-05,2.791619408526458e-06,3.1317955517806695e-07,10429,
336,2.6757845262181945e-05,2.597491175038158e-06,2.812403465668467e-07,10439,
336,,,,10446,2.8329841370577924e-05
337,2.8848331567132846e-05,4.1506932575430255e-06,2.9891234021306445e-07,10449,
337,2.701691846596077e-05,2.84611041934113e-06,2.7849711159433355e-07,10459,
337,2.7107284040539525e-05,3.8221492104639765e-06,2.934608005489281e-07,10469,
337,,,,10477,2.947390566987451e-05
338,3.125990042462945e-05,5.685722044290742e-06,3.1494352015215554e-07,10479,
338,2.7803564080386423e-05,3.0166490887495456e-06,3.3867476645355055e-07,10489,
338,2.7521302399691194e-05,5.8125478972215205e-06,2.923847830516024e-07,10499,
338,,,,10508,2.9328957680263557e-05
339,2.9123259082552977e-05,4.867988081969088e-06,2.885165315547056e-07,10509,
339,2.802910421451088e-05,4.294741302146576e-06,3.2161017315956997e-07,10519,
339,2.8385507903294638e-05,7.867230124247726e-06,2.9192477768447134e-07,10529,
339,2.303432484040968e-05,2.118537850037683e-06,2.7068542962638276e-09,10539,
339,,,,10539,2.9228272978798486e-05
340,2.6901139790425077e-05,2.716381686695968e-06,3.2495029245183105e-07,10549,
340,2.6969262762577273e-05,2.4325399863300845e-06,2.8658837436523754e-07,10559,
340,2.685118124645669e-05,2.5471476874372456e-06,3.164569193359057e-07,10569,
340,,,,10570,2.7758596843341365e-05
341,2.75705006060889e-05,2.8344927613943582e-06,3.1139603606789024e-07,10579,
341,2.6766674636746757e-05,2.4056603251665365e-06,3.1439236636288115e-07,10589,
341,2.6735811843536794e-05,2.4452378966088872e-06,3.1148346124609816e-07,10599,
341,,,,10601,2.665447027538903e-05
342,2.674450479389634e-05,2.531960262786015e-06,3.2856030429684324e-07,10609,
342,2.6130608603125438e-05,2.3449426862498512e-06,2.9215473773547274e-07,10619,
342,2.6873416572925635e-05,2.617837935758871e-06,3.0815388640803576e-07,10629,
342,,,,10632,2.685412619030103e-05
343,2.668653723958414e-05,2.4414691779384157e-06,3.227516174320044e-07,10639,
343,2.6248200811096467e-05,2.316051450179657e-06,2.990068992403394e-07,10649,
343,2.6756926672533154e-05,2.746725158431218e-06,2.9067550144645793e-07,10659,
343,,,,10663,2.699448486964684e-05
344,2.676646545296535e-05,2.7410942493588664e-06,3.008717044394871e-07,10669,
344,2.6625051759765483e-05,2.9036141313554253e-06,3.153165550884296e-07,10679,
344,2.647167093527969e-05,3.6169215036352398e-06,2.842184301243833e-07,10689,
344,,,,10694,2.746055179159157e-05
345,3.045071571250446e-05,4.184186309430515e-06,3.560599850516155e-07,10699,
345,2.762960320978891e-05,4.386061391414842e-06,3.0847172638459597e-07,10709,
345,2.7861102353199385e-05,3.580163365768385e-06,3.089873814587918e-07,10719,
345,,,,10725,2.860588392650243e-05
346,3.266335988882929e-05,5.194965524424333e-06,3.1293032520807174e-07,10729,
346,2.753499211394228e-05,5.72882254346041e-06,3.1905236141938076e-07,10739,
346,2.6285750209353864e-05,2.996364173668553e-06,2.863366717065219e-07,10749,
346,,,,10756,2.754298475338146e-05
347,2.8011398171656765e-05,3.0140931812638883e-06,3.042132732389291e-07,10759,
347,2.6451796657056548e-05,3.1148906600719783e-06,2.834640611126815e-07,10769,
347,2.6030173103208654e-05,2.285819846292725e-06,2.9866032491554506e-07,10779,
347,,,,10787,2.626756759127602e-05
348,2.6562502171145752e-05,2.423443447696627e-06,3.2045372222455626e-07,10789,
348,2.6359835828770883e-05,2.5850715701380977e-06,3.4540468618615705e-07,10799,
348,2.617694735818077e-05,2.3495488221669802e-06,2.978865438763023e-07,10809,
348,,,,10818,2.6661762603907846e-05
349,2.6544610591372475e-05,2.440865046082763e-06,2.936585303814354e-07,10819,
349,2.6450657969689928e-05,3.930502316507045e-06,3.283701346390444e-07,10829,
349,2.813628816511482e-05,3.0667652026750147e-06,2.96774231856034e-07,10839,
349,2.2466858354164287e-05,1.6044923540903255e-06,2.764407369681976e-09,10849,
349,,,,10849,2.7594263883656822e-05
350,2.727407445490826e-05,5.150120159669314e-06,3.3140969435407897e-07,10859,
350,2.8440632377169095e-05,3.366788178027491e-06,2.918058328305051e-07,10869,
350,2.702648453123402e-05,3.0849157610646216e-06,3.2283659834320133e-07,10879,
350,,,,10880,2.861508801288437e-05
351,2.7741056328522973e-05,3.641552893896005e-06,3.167247371038684e-07,10889,
351,2.6245614208164625e-05,2.8705260319839e-06,3.195150384271983e-07,10899,
351,2.69223892246373e-05,3.6723638459079666e-06,3.172177400756482e-07,10909,
351,,,,10911,3.224979809601791e-05
352,2.9753044145763852e-05,6.2440772126137745e-06,3.3450453429395566e-07,10919,
352,2.6487221475690603e-05,3.5908440167986555e-06,2.9682922786378185e-07,10929,
352,2.994115675392095e-05,1.0316837688151281e-05,3.1280066536965023e-07,10939,
352,,,,10942,2.8909058528370224e-05
353,2.7976806450169533e-05,5.070904535386944e-06,3.2800269877952815e-07,10949,
353,2.655484240676742e-05,4.087411070941016e-06,3.047091752250708e-07,10959,
353,2.6264615371474065e-05,2.7150560981681338e-06,2.9540092327806633e-07,10969,
353,,,,10973,2.9311080652405508e-05
354,2.7888412660104223e-05,8.15209023130592e-06,3.064220095438941e-07,10979,
354,2.5806059056776576e-05,4.916063971904805e-06,3.210384988960868e-07,10989,
354,2.5743607693584636e-05,2.4181895241781604e-06,2.896846069688763e-07,10999,
354,,,,11004,2.7312422389513813e-05
355,2.668174056452699e-05,3.255651336075971e-06,3.618533241933619e-07,11009,
355,2.560646134952549e-05,2.6000384423241485e-06,3.1374426612273965e-07,11019,
355,2.6011424779426306e-05,2.336358193133492e-06,3.144938602872571e-07,11029,
355,,,,11035,2.6170187993557192e-05
356,2.6107107260031626e-05,2.55418308370281e-06,3.1857157978265604e-07,11039,
356,2.537810360081494e-05,2.2077701942180283e-06,3.2532133786844497e-07,11049,
356,2.520531961636152e-05,2.062004796243855e-06,2.9156245773265255e-07,11059,
356,,,,11066,2.591938027762808e-05
357,2.6384674129076302e-05,2.8317331270955037e-06,3.0938397799218365e-07,11069,
357,2.5209748855559155e-05,2.273799054819392e-06,2.886336858409777e-07,11079,
357,2.5581737645552494e-05,2.1741232103522634e-06,3.036833220448898e-07,11089,
357,,,,11097,2.62714565906208e-05
358,2.772767584247049e-05,2.838471800714615e-06,3.261199879034393e-07,11099,
358,2.593459612398874e-05,2.666051386768231e-06,3.5139311194143374e-07,11109,
358,2.55063314398285e-05,2.5778515464480733e-06,3.030069990472839e-07,11119,
358,,,,11128,2.7081850930699147e-05
359,2.6918363801087253e-05,2.5722722512000473e-06,2.9911976184848754e-07,11129,
359,2.5704182917252183e-05,3.1293366191675887e-06,3.337918030865694e-07,11139,
359,2.572992343630176e-05,2.6736468043964123e-06,3.01472880437359e-07,11149,
359,2.2265796360443346e-05,1.772821292433946e-06,2.806545440492414e-09,11159,
359,,,,11159,2.762548319878988e-05
360,2.5787343474803492e-05,2.862363317035488e-06,3.369309240497387e-07,11169,
360,2.5566498152329586e-05,2.410358092674869e-06,2.9644391474903387e-07,11179,
360,2.575033067842014e-05,2.4959988422779134e-06,3.280750888734474e-07,11189,
360,,,,11190,2.7088395654573105e-05
361,2.6182933652307838e-05,2.5035403723450145e-06,3.2245529268948303e-07,11199,
361,2.5611543605918996e-05,2.721315240705735e-06,3.2462477861372463e-07,11209,
361,2.5812203602981754e-05,3.466393991402583e-06,3.225867715173081e-07,11219,
361,,,,11221,2.636952012835536e-05
362,2.5418110453756526e-05,2.2686949705530424e-06,3.40305660984086e-07,11229,
362,2.478377973602619e-05,2.4345140445802826e-06,3.02299241639048e-07,11239,
362,2.56687944784062e-05,3.450473741395399e-06,3.1806911238163593e-07,11249,
362,,,,11252,2.626315108500421e-05
363,2.6031613742816262e-05,3.6084627481614007e-06,3.336516556373681e-07,11259,
363,2.5923203793354332e-05,4.642940893972991e-06,3.097511012128962e-07,11269,
363,2.6553161660558544e-05,3.675470679809223e-06,2.9960429515085707e-07,11279,
363,,,,11283,2.927515743067488e-05
364,2.9675098630832508e-05,7.390518476313446e-06,3.119445466381876e-07,11289,
364,2.7013837097911164e-05,8.042355148063507e-06,3.2539603012082807e-07,11299,
364,2.6602809157338925e-05,5.975948624836747e-06,2.940454351119115e-07,11309,
364,,,,11314,2.8143014787929133e-05
365,2.9158854886190966e-05,1.1307957720418926e-05,3.6744262388310744e-07,11319,
365,2.734687404881697e-05,5.224131655268138e-06,3.178753900101583e-07,11329,
365,2.6154388251597993e-05,3.870138698403025e-06,3.190332336089341e-07,11339,
365,,,,11345,2.7702721126843244e-05
366,2.5726072635734454e-05,4.166365670243977e-06,3.234765131310269e-07,11349,
366,2.547160693211481e-05,2.9691368581552524e-06,3.306255393908941e-07,11359,
366,2.4886845494620502e-05,2.8233332614036044e-06,2.959935443413997e-07,11369,
366,,,,11376,2.5497345632174984e-05
367,2.6537079975241795e-05,3.954576641262975e-06,3.137554642762552e-07,11379,
367,2.4986607968457974e-05,2.276044824611745e-06,2.9308085913726245e-07,11389,
367,2.454453715472482e-05,1.9895628611266147e-06,3.0827408181721694e-07,11399,
367,,,,11407,2.480667353665922e-05
368,2.5076862584683113e-05,2.374273890382028e-06,3.30663567638112e-07,11409,
368,2.4891709472285584e-05,2.1285297862050356e-06,3.573067317574896e-07,11419,
368,2.4526892957510427e-05,1.970221319425036e-06,3.078543215906393e-07,11429,
368,,,,11438,2.5035638827830553e-05
369,2.49475833697943e-05,2.0867660168732982e-06,3.0377086090993544e-07,11439,
369,2.432627479720395e-05,2.198756874349783e-06,3.3951675959542627e-07,11449,
369,2.4773326003924012e-05,2.2666770291834837e-06,3.0608188694714045e-07,11459,
369,2.188600046792999e-05,1.5720827377663227e-06,2.851236358125675e-09,11469,
369,,,,11469,2.5878684027702548e-05
370,2.5268251192755997e-05,3.242042794227018e-06,3.421304768380651e-07,11479,
370,2.489583675924223e-05,2.378744966335944e-06,3.0108034820841567e-07,11489,
370,2.6595807867124677e-05,3.838107204501284e-06,3.337107159495645e-07,11499,
370,,,,11500,2.8033877242705785e-05
371,2.7713054805644788e-05,4.3810355236928444e-06,3.273933657510497e-07,11509,
371,2.536645479267463e-05,2.9891641588619677e-06,3.2936478078227083e-07,11519,
371,2.687499363673851e-05,4.800459464604501e-06,3.27402034372426e-07,11529,
371,,,,11531,2.7072555894847028e-05
372,2.6798597900778987e-05,4.196155259705847e-06,3.4538282989160507e-07,11539,
372,2.4964714611996897e-05,2.986715344377444e-06,3.0692442010149534e-07,11549,
372,2.5540755814290605e-05,4.2308797674195375e-06,3.224655529265874e-07,11559,
372,,,,11562,2.575423422968015e-05
373,2.4790700990706682e-05,3.1915387808112428e-06,3.3822959721874213e-07,11569,
373,2.4399374524364248e-05,2.2782305677537806e-06,3.151220369090879e-07,11579,
373,2.423507976345718e-05,2.3425996005244087e-06,3.037161491192819e-07,11589,
373,,,,11593,2.485588629497215e-05
374,2.4414848667220213e-05,2.2426947907661088e-06,3.161713664212584e-07,11599,
374,2.4001807105378248e-05,2.496801016604877e-06,3.3047695069399197e-07,11609,
374,2.3975439034984447e-05,2.121075112881954e-06,2.9900814979555435e-07,11619,
374,,,,11624,2.4504706743755378e-05
375,2.554997081460897e-05,4.0687041291676e-06,3.740658485185122e-07,11629,
375,2.4844383005984128e-05,4.522578819887713e-06,3.2353341339330655e-07,11639,
375,2.521743044781033e-05,2.6562847779132426e-06,3.234230803172977e-07,11649,
375,,,,11655,2.597414277261123e-05
376,2.803974894050043e-05,8.73971566761611e-06,3.2864414833966293e-07,11659,
376,2.54907881753752e-05,5.923465778323589e-06,3.3549019917700207e-07,11669,
376,2.4291886802529916e-05,2.7880016659764806e-06,3.002127755280526e-07,11679,
376,,,,11686,2.5288221877417527e-05
377,2.7503712772158906e-05,4.722241556009976e-06,3.184385377608123e-07,11689,
377,2.4367249352508225e-05,2.560731900302926e-06,2.971620460812119e-07,11699,
377,2.4089828002615832e-05,2.5744639060576446e-06,3.127119327928085e-07,11709,
377,,,,11717,2.4486098482157104e-05
378,2.505060547264293e-05,2.6431368951307377e-06,3.349049393364112e-07,11719,
378,2.4397606466664e-05,2.4977205157483695e-06,3.6257858937460696e-07,11729,
378,2.4558506993344054e-05,2.3317134036915377e-06,3.1270786848835996e-07,11739,
378,,,,11748,2.4789123926893808e-05
379,2.466895239194855e-05,2.2369938506017206e-06,3.0837691156193614e-07,11749,
379,2.3821716240490787e-05,2.1572393507085508e-06,3.4476744303901796e-07,11759,
379,2.5185499907820486e-05,2.7595892788667697e-06,3.1028159241941466e-07,11769,
379,2.256600600958336e-05,2.093759576382581e-06,2.8892996883911337e-09,11779,
379,,,,11779,2.6832460207515396e-05
380,2.589488576631993e-05,4.600048669090029e-06,3.4756723721329763e-07,11789,
380,2.545831011957489e-05,3.933394509658683e-06,3.05470109651651e-07,11799,
380,2.7832507839775644e-05,4.446804723556852e-06,3.3910907859535655e-07,11809,
380,,,,11810,2.7733285605791025e-05
381,2.6911511668004096e-05,4.8915330808085855e-06,3.3198588766936155e-07,11819,
381,2.614475306472741e-05,4.4473072193795815e-06,3.3421474654460326e-07,11829,
381,2.5012666810653172e-05,3.0029723347979598e-06,3.322917052628327e-07,11839,
381,,,,11841,2.698203388717957e-05
382,2.6658628485165536e-05,3.582865701901028e-06,3.5025871625293803e-07,11849,
382,2.539258093747776e-05,3.339674094604561e-06,3.119871792023332e-07,11859,
382,2.4817361918394454e-05,4.3519526116142515e-06,3.2723824006097857e-07,11869,
382,,,,11872,2.614853838167619e-05
383,2.542831134633161e-05,5.991987563902512e-06,3.433999609114835e-07,11879,
383,2.4084085453068838e-05,2.8497947823780123e-06,3.199654940999608e-07,11889,
383,2.377222517679911e-05,2.0787301764357835e-06,3.078057204675133e-07,11899,
383,,,,11903,2.5294868464698084e-05
384,2.4654924345668405e-05,2.429219648547587e-06,3.208220675787743e-07,11909,
384,2.3591081117046997e-05,2.3021082142804516e-06,3.350305632920936e-07,11919,
384,2.315387064300012e-05,1.8037681002169847e-06,3.032933477697952e-07,11929,
384,,,,11934,2.3864524337113835e-05
385,2.3907594368210994e-05,1.9755843823077157e-06,3.788584876929235e-07,11939,
385,2.35044899454806e-05,2.086969971060171e-06,3.2794531534818816e-07,11949,
385,2.3787046302459203e-05,1.960102053999435e-06,3.278817075624829e-07,11959,
385,,,,11965,2.3600154236191884e-05
386,2.4224638764280826e-05,4.234806510794442e-06,3.3333014926029136e-07,11969,
386,2.3279999368241988e-05,2.9200937206042e-06,3.407880342365388e-07,11979,
386,2.386282903898973e-05,3.5199188914702972e-06,3.0468288514384767e-07,11989,
386,,,,11996,2.4411829144810326e-05
387,2.7420803235145286e-05,1.6300111383316107e-05,3.2293289109475154e-07,11999,
387,2.4775174097158015e-05,8.531406820111442e-06,3.016223502072535e-07,12009,
387,2.356079130549915e-05,2.569525122453342e-06,3.1704450975666987e-07,12019,
387,,,,12027,2.4565963030909188e-05
388,2.6261726816301234e-05,1.2521772987383883e-05,3.3989414305324317e-07,12029,
388,2.457270966260694e-05,4.926576366415247e-06,3.679397195810452e-07,12039,
388,2.358671736146789e-05,2.287633833475411e-06,3.167921533986373e-07,12049,
388,,,,12058,2.4266237232950516e-05
389,2.4169210519175977e-05,2.4659109385538613e-06,3.126010597043205e-07,12059,
389,2.3074426280800253e-05,2.1343660137063125e-06,3.4965401596309675e-07,12069,
389,2.325957757420838e-05,1.8776294155031792e-06,3.142606885830901e-07,12079,
389,2.0571285858750343e-05,1.0771445886348374e-06,2.9229940690100875e-09,12089,
389,,,,12089,2.3819955458748154e-05
390,2.332259464310482e-05,1.9992685338365845e-06,3.526549789967248e-07,12099,
390,2.310231138835661e-05,1.9741448795684846e-06,3.097408409757918e-07,12109,
390,2.3273747501662e-05,2.101889776895405e-06,3.434439008742629e-07,12119,
390,,,,12120,2.3337079255725257e-05
391,2.3354577933787368e-05,2.4911644231906394e-06,3.371665968643356e-07,12129,
391,2.3124857762013562e-05,1.934376996359788e-06,3.3896614581863105e-07,12139,
391,2.382414459134452e-05,2.1521775579458335e-06,3.3722247394507576e-07,12149,
391,,,,12151,2.3907281502033584e-05
392,2.478530404914636e-05,2.8571428174473112e-06,3.5559563116294157e-07,12159,
392,2.3600861823069863e-05,2.478119313309435e-06,3.1588507454216597e-07,12169,
392,2.5370616640429944e-05,3.519379561112146e-06,3.3107687613664893e-07,12179,
392,,,,12182,2.6483345209271647e-05
393,2.6478672225493938e-05,3.154168098262744e-06,3.472113405678101e-07,12189,
393,2.4230086637544446e-05,4.758917839353671e-06,3.232429435229278e-07,12199,
393,2.3255650376086123e-05,2.764151986411889e-06,3.1094080554794346e-07,12209,
393,,,,12213,2.64400241576368e-05
394,2.6498899387661368e-05,5.567053449340165e-06,3.233523955259443e-07,12219,
394,2.4173585188691504e-05,3.996918621851364e-06,3.383189266514819e-07,12229,
394,2.421686440357007e-05,3.8134000988065964e-06,3.0709139764439897e-07,12239,
394,,,,12244,2.6673862521420233e-05
395,2.5470460968790576e-05,4.130923571210587e-06,3.83494636935211e-07,12249,
395,2.3442798919859342e-05,2.3576567400596105e-06,3.3205105864908546e-07,12259,
395,2.3449872969649732e-05,2.1292560177244013e-06,3.316157801691588e-07,12269,
395,,,,12275,2.4341492462554015e-05
396,2.3790742488927208e-05,2.9440680009429343e-06,3.375878065980942e-07,12279,
396,2.2895485017215833e-05,2.3953230083861854e-06,3.4571431228869187e-07,12289,
396,2.2462867491412908e-05,1.8492382878321223e-06,3.088160553943453e-07,12299,
396,,,,12306,2.3151631467044353e-05
397,2.3827020413591526e-05,3.906164238287602e-06,3.2713379027882183e-07,12309,
397,2.282665082020685e-05,2.5344531877635745e-06,3.059376183500717e-07,12319,
397,2.3541544578620233e-05,3.869854481308721e-06,3.212467447610834e-07,12329,
397,,,,12337,2.3924996639834717e-05
398,2.713411595323123e-05,1.0012683560489677e-05,3.441950866545085e-07,12339,
398,2.3737922674627043e-05,3.880059011862613e-06,3.728121669155371e-07,12349,
398,2.309409319423139e-05,2.8579820536833722e-06,3.213689296899247e-07,12359,
398,,,,12368,2.3756661903462373e-05
399,2.3736385628581047e-05,7.365801138803363e-06,3.173904872255662e-07,12369,
399,2.3168735424405895e-05,4.818671186512802e-06,3.547351923316455e-07,12379,
399,2.3526432414655574e-05,3.0773812795814592e-06,3.1811941880732775e-07,12389,
399,2.0324396245996468e-05,1.490826548433688e-06,2.9581563865122007e-09,12399,
399,,,,12399,2.4998136723297648e-05
400,2.2811129383626394e-05,3.0409673854592256e-06,3.575192693006102e-07,12409,
400,2.2446527509600855e-05,2.071773224088247e-06,3.1380804443870147e-07,12419,
400,2.2364460164681077e-05,1.8954932556880522e-06,3.4819908023564494e-07,12429,
400,,,,12430,2.2956419343245216e-05
401,2.2782836822443642e-05,2.5514830213069217e-06,3.4202452070530853e-07,12439,
401,2.2570711735170335e-05,2.3182190034276573e-06,3.434671782542864e-07,12449,
401,2.2339641873259097e-05,1.7671842442723573e-06,3.415956939534226e-07,12459,
401,,,,12461,2.238476554339286e-05
402,2.25122130359523e-05,1.9252372567279963e-06,3.6067953601559566e-07,12469,
402,2.1943134925095364e-05,1.7926864757100702e-06,3.2063834964901616e-07,12479,
402,2.244955066998955e-05,1.9235901618230855e-06,3.3553112643858185e-07,12489,
402,,,,12492,2.2557913325726986e-05
403,2.2713347789249383e-05,2.2360779894370353e-06,3.5156634226041206e-07,12499,
403,2.211899118265137e-05,2.0289207895984873e-06,3.2838730135154037e-07,12509,
403,2.2306019673123956e-05,2.3823768060537986e-06,3.149369547372771e-07,12519,
403,,,,12523,2.3134751245379448e-05
404,2.3264563424163498e-05,2.3421998776029795e-06,3.2906800129239855e-07,12529,
404,2.204889096901752e-05,2.747266307778773e-06,3.4287847938685445e-07,12539,
404,2.2164756956044585e-05,2.881317413994111e-06,3.108259818418446e-07,12549,
404,,,,12554,2.3634673198102973e-05
405,2.4193645003833808e-05,3.274422624599538e-06,3.8838965110699064e-07,12559,
405,2.2502526917378418e-05,2.9282953164511127e-06,3.3581196134946367e-07,12569,
405,2.2806134438724257e-05,2.5606325380067574e-06,3.354261082222365e-07,12579,
405,,,,12585,2.3459595468011685e-05
406,2.3190817955764942e-05,2.5718679808051093e-06,3.4167976536991773e-07,12589,
406,2.2364181859302334e-05,3.0212045203370508e-06,3.4971645845871535e-07,12599,
406,2.1826292140758596e-05,1.9921671992051415e-06,3.1248069376488274e-07,12609,
406,,,,12616,2.3130485715228133e-05
407,2.305858834006358e-05,2.5100707716774195e-06,3.3056238635253976e-07,12619,
407,2.231772305094637e-05,2.719113354032743e-06,3.0944866580284724e-07,12629,
407,2.1808891688124277e-05,2.0300726646382827e-06,3.2483109180247993e-07,12639,
407,,,,12647,2.2578278731089085e-05
408,2.3042817701934837e-05,2.9639008971571457e-06,3.4788001812557923e-07,12649,
408,2.3448386855307035e-05,3.2240725431620376e-06,3.774741230699874e-07,12659,
408,2.3726664949208498e-05,4.6369473238883074e-06,3.251566340622958e-07,12669,
408,,,,12678,2.3937593141454272e-05
409,2.3718326701782644e-05,2.885833282562089e-06,3.210345767001854e-07,12679,
409,2.257887535961345e-05,2.7136795779370004e-06,3.5959919841843657e-07,12689,
409,2.3922049877000973e-05,3.3230051030841423e-06,3.2198417443396465e-07,12699,
409,2.1617859601974487e-05,2.260354676764109e-06,2.9862234907085394e-09,12709,
409,,,,12709,2.453408160363324e-05
410,2.529920675442554e-05,6.711953119520331e-06,3.618373227709526e-07,12719,
410,2.4102837414829992e-05,6.446448423957918e-06,3.1745710771247104e-07,12729,
410,2.333943484700285e-05,2.93904099635256e-06,3.531810648382816e-07,12739,
410,,,,12740,2.5864654162433e-05
411,2.3691642127232626e-05,3.148222049276228e-06,3.4622891575963877e-07,12749,
411,2.359117024752777e-05,3.983488113590283e-06,3.4706619089774904e-07,12759,
411,2.41468569583958e-05,4.915858426102204e-06,3.455330670476542e-07,12769,
411,,,,12771,2.499939910194371e-05
412,2.3333112039836124e-05,5.876886007172288e-06,3.6518051160783216e-07,12779,
412,2.2040429030312225e-05,2.6417953904456226e-06,3.246161668357672e-07,12789,
412,2.3275330022443086e-05,2.341973413422238e-06,3.3913002539520676e-07,12799,
412,,,,12802,2.459758434270043e-05
413,2.4797931473585777e-05,2.657816821738379e-06,3.556721424047282e-07,12809,
413,2.2662588889943436e-05,3.4183801744802622e-06,3.323706039282115e-07,12819,
413,2.1583766283583827e-05,2.3628285816812422e-06,3.185846253472846e-07,12829,
413,,,,12833,2.34815597650595e-05
414,2.3093740310287103e-05,3.2590749015071196e-06,3.3241590813304356e-07,12839,
414,2.2394098778022453e-05,2.8153767743788194e-06,3.4669341175685986e-07,12849,
414,2.1110750822117552e-05,2.1963685412629275e-06,3.153208467665536e-07,12859,
414,,,,12864,2.3611770302522928e-05
415,2.2291887944447808e-05,2.5694037049106555e-06,3.933098469133256e-07,12869,
415,2.2012525732861832e-05,2.797784645736101e-06,3.4008866123258485e-07,12879,
415,2.1762176402262412e-05,2.106783767885645e-06,3.398724004455289e-07,12889,
415,,,,12895,2.284131733176764e-05
416,2.2198368242243305e-05,6.602492248930503e-06,3.459473703060212e-07,12899,
416,2.1665915483026765e-05,3.6082353744859574e-06,3.546106768226309e-07,12909,
416,2.10073048947379e-05,2.3908139610284707e-06,3.1673107514507137e-07,12919,
416,,,,12926,2.1850273697054945e-05
417,2.31450885621598e-05,9.978487469197717e-06,3.3481498462606396e-07,12929,
417,2.1702500816900283e-05,3.6735407320520608e-06,3.134453834263695e-07,12939,
417,2.1045572793809697e-05,1.937637534865644e-06,3.292844326097111e-07,12949,
417,,,,12957,2.1750816813437268e-05
418,2.2416541469283402e-05,3.025658998012659e-06,3.521714688758948e-07,12959,
418,2.1464444216690026e-05,1.7953091173694702e-06,3.824827956577792e-07,12969,
418,2.0975177903892472e-05,1.7332542938675033e-06,3.2952613082670723e-07,12979,
418,,,,12988,2.1248648408800364e-05
419,2.122380828950554e-05,1.8137449160349206e-06,3.2526642712582543e-07,12989,
419,2.0792864233953878e-05,1.891033775791584e-06,3.637880752194178e-07,12999,
419,2.1303052562871017e-05,2.270777940793778e-06,3.258393519445235e-07,13009,
419,1.971226629393641e-05,1.0310531024515512e-06,3.008550963912171e-09,13019,
419,,,,13019,2.1915368051850237e-05
420,2.205551936640404e-05,4.807606728718383e-06,3.6617402088268136e-07,13029,
420,2.2161648303153925e-05,3.5234704682807205e-06,3.213548325220472e-07,13039,
420,2.334418604732491e-05,2.9820200779795414e-06,3.574803031369811e-07,13049,
420,,,,13050,2.378723547735717e-05
421,2.3679829610046e-05,4.869694294029614e-06,3.5050055657848134e-07,13059,
421,2.139914249710273e-05,2.0024419882247457e-06,3.5112989849039877e-07,13069,
421,2.3464986952603795e-05,3.0611729471274884e-06,3.4959933259415266e-07,13079,
421,,,,13081,2.507341378077399e-05
422,2.6131116101169027e-05,4.989277840650175e-06,3.6941821690561483e-07,13089,
422,2.2045262085157447e-05,4.473168701224495e-06,3.287655658823496e-07,13099,
422,2.1201833078521304e-05,1.9009720517715323e-06,3.4335175769228954e-07,13109,
422,,,,13112,2.3471269742003642e-05
423,2.3263330149347894e-05,4.209428880130872e-06,3.5964552580480813e-07,13119,
423,2.1490175640792586e-05,2.261432882733061e-06,3.3698668744364113e-07,13129,
423,2.0726491129607894e-05,2.3288373540708562e-06,3.224082263386663e-07,13139,
423,,,,13143,2.1612686396110803e-05
424,2.1330495656002313e-05,2.360787902944139e-06,3.37321210963637e-07,13149,
424,2.0759338440257125e-05,2.2699707642459543e-06,3.510872943479626e-07,13159,
424,2.0528612367343158e-05,1.856234007391322e-06,3.1960630053617933e-07,13169,
424,,,,13174,2.097093965858221e-05
425,2.1384259525802918e-05,2.1097985154483467e-06,3.984702345860569e-07,13179,
425,2.1359890524763614e-05,2.464471208440955e-06,3.439985221120878e-07,13189,
425,2.106470310536679e-05,1.9590540887293173e-06,3.4385504932288313e-07,13199,
425,,,,13205,2.1492289306479506e-05
426,2.2415433704736643e-05,5.357192549126921e-06,3.5021142252844584e-07,13209,
426,2.119839882652741e-05,3.498203341223416e-06,3.587858543596667e-07,13219,
426,2.0865081751253456e-05,2.9488562631740933e-06,3.2038931863098696e-07,13229,
426,,,,13236,2.1767051293863915e-05
427,2.4296447008964606e-05,1.265568698727293e-05,3.3822860245891206e-07,13239,
427,2.1837566237081774e-05,6.280999059526948e-06,3.167803868109331e-07,13249,
427,2.062843122985214e-05,2.239592959085712e-06,3.33107522010323e-07,13259,
427,,,,13267,2.1343168555176817e-05
428,2.283084177179262e-05,5.477932518260786e-06,3.5592438507592306e-07,13269,
428,2.1361411199904978e-05,2.63094420915877e-06,3.870493969770905e-07,13279,
428,2.0675552150350995e-05,2.0946824861312052e-06,3.33244742023453e-07,13289,
428,,,,13298,2.134619171556551e-05
429,2.129588756361045e-05,2.728241042859736e-06,3.2889693102333695e-07,13299,
429,2.0248857254046015e-05,2.1704759092244785e-06,3.683138913856965e-07,13309,
429,2.0793477233382873e-05,1.9028484530281276e-06,3.2944763006526046e-07,13319,
429,1.9101329598925076e-05,8.745652166908258e-07,3.0347735435753975e-09,13329,
429,,,,13329,2.1706191546400078e-05
430,2.155626134481281e-05,3.982111138611799e-06,3.7080943116052367e-07,13339,
430,2.103092811012175e-05,2.1430028027680237e-06,3.2558830298512476e-07,13349,
430,2.0929179299855605e-05,2.010242042160826e-06,3.616686115037737e-07,13359,
430,,,,13360,2.340171704418026e-05
431,2.2728410840500146e-05,6.469750132964691e-06,3.551071188212518e-07,13369,
431,2.1436897441162728e-05,2.883352408389328e-06,3.5587481761467643e-07,13379,
431,2.038904494838789e-05,1.8909307755166083e-06,3.541300941378722e-07,13389,
431,,,,13391,2.1241237845970318e-05
432,2.0967125237802975e-05,3.6867720609734533e-06,3.7424163679133926e-07,13399,
432,2.008095725614112e-05,2.0208735804772004e-06,3.3299136248388095e-07,13409,
432,2.037220292550046e-05,2.162125156246475e-06,3.4750021882246074e-07,13419,
432,,,,13422,2.1060155631857924e-05
433,2.0713343474199064e-05,2.9533562155847903e-06,3.637574081949424e-07,13429,
433,2.0164927263977006e-05,2.3993259219423635e-06,3.412289686366421e-07,13439,
433,2.007065268117003e-05,2.426957280476927e-06,3.2611018241368583e-07,13449,
433,,,,13453,2.039405080722645e-05
434,2.0190376744722016e-05,1.8184682630817406e-06,3.40965812029026e-07,13459,
434,2.0005263650091365e-05,2.7425030566519126e-06,3.5454581848171074e-07,13469,
434,1.9556518964236602e-05,1.7159929939225549e-06,3.231631922062661e-07,13479,
434,,,,13484,2.0354989828774706e-05
435,2.1805193682666868e-05,3.747237087736721e-06,4.0324064798369363e-07,13489,
435,2.139808020729106e-05,4.000443368568085e-06,3.479520671589853e-07,13499,
435,2.054950346064288e-05,2.455258936606697e-06,3.4749217547869193e-07,13509,
435,,,,13515,2.0706629584310576e-05
436,2.3218546630232595e-05,2.64046025222342e-06,3.5419685673332424e-07,13519,
436,2.0906254576402716e-05,2.5481483589828713e-06,3.62975924872444e-07,13529,
436,1.9869174138875678e-05,1.8876284002544708e-06,3.2398887128692877e-07,13539,
436,,,,13546,2.123777085216716e-05
437,2.417247014818713e-05,3.1626022973796353e-06,3.42381667906011e-07,13549,
437,2.1041025320300832e-05,2.1070600269013084e-06,3.208295424883545e-07,13559,
437,1.9714772861334495e-05,1.761744329087378e-06,3.36878116513617e-07,13569,
437,,,,13577,2.0560550183290616e-05
438,2.1784022464998998e-05,2.6188442916463828e-06,3.600553100113757e-07,13579,
438,2.0246210624463856e-05,1.8891795434683445e-06,3.9157387732302595e-07,13589,
438,1.9667309970827773e-05,1.9149590571032604e-06,3.377261634796014e-07,13599,
438,,,,13608,1.9973667804151773e-05
439,1.9978706404799595e-05,1.957858103196486e-06,3.331853974941623e-07,13609,
439,1.9593619072111323e-05,3.381998340046266e-06,3.728542310454941e-07,13619,
439,2.103571023326367e-05,3.207885356459883e-06,3.333484244194551e-07,13629,
439,1.8678105334402062e-05,1.9049574575547013e-06,3.058499009611637e-09,13639,
439,,,,13639,2.1444026060635224e-05
440,2.13235634873854e-05,7.18208775651874e-06,3.7443987821461633e-07,13649,
440,2.128108280885499e-05,3.844255388685269e-06,3.289407288775692e-07,13659,
440,2.161500378861092e-05,3.966098120145034e-06,3.668022259262216e-07,13669,
440,,,,13670,2.6047810024465434e-05
441,2.2354466636897996e-05,5.72518047192716e-06,3.5957953059551073e-07,13679,
441,2.049357681244146e-05,3.0768683245696593e-06,3.593496558096376e-07,13689,
441,2.1658830519299954e-05,5.485742804012261e-06,3.578944074433821e-07,13699,
441,,,,13701,2.3757118469802663e-05
442,2.123838203260675e-05,4.483722932491219e-06,3.791697622546053e-07,13709,
442,1.962716669368092e-05,2.14554029298597e-06,3.368609213794116e-07,13719,
442,1.9781482478720136e-05,1.9067700804953347e-06,3.509206010221533e-07,13729,
442,,,,13732,2.184085860790219e-05
443,2.0980951376259327e-05,2.78512356999272e-06,3.679040219140006e-07,13739,
443,1.9221763068344444e-05,1.813681024032121e-06,3.454752288689633e-07,13749,
443,1.8888211343437433e-05,1.769535060702765e-06,3.2973366614896804e-07,13759,
443,,,,13763,2.1942571038380265e-05
444,2.1103940525790676e-05,3.1476436106459005e-06,3.4456877529009944e-07,13769,
444,1.93334690266056e-05,2.2083377189119346e-06,3.586091565921379e-07,13779,
444,1.937150227604434e-05,2.025893536483636e-06,3.276562381415715e-07,13789,
444,,,,13794,2.1575309801846743e-05
445,2.4900718926801346e-05,5.076588877273025e-06,4.0841274540071026e-07,13799,
445,2.1135580027475953e-05,4.918617833027383e-06,3.519527354001184e-07,13809,
445,2.0392189981066622e-05,2.424205149509362e-06,3.51838338019661e-07,13819,
445,,,,13825,2.2024967620382085e-05
446,2.2753843950340524e-05,6.052905064279912e-06,3.586115155940206e-07,13829,
446,1.9984390746685676e-05,4.103221272089286e-06,3.6796126323679346e-07,13839,
446,1.8952114260173403e-05,2.1574367110588355e-06,3.2860660326150537e-07,13849,
446,,,,13856,2.009506533795502e-05
447,2.012633194681257e-05,2.6657273792807246e-06,3.459028903307626e-07,13859,
447,1.9625867935246788e-05,2.0856437004113104e-06,3.2494963875251415e-07,13869,
447,1.888104816316627e-05,1.65852020472812e-06,3.41453812779946e-07,13879,
447,,,,13887,2.0191197108943015e-05
448,2.1683315935661085e-05,2.6521968266024487e-06,3.6512022916213027e-07,13889,
448,1.967662865354214e-05,1.7672424519332708e-06,3.964377981446887e-07,13899,
448,1.8751890820567496e-05,1.6236041346928687e-06,3.4174044571955164e-07,13909,
448,,,,13918,2.117414987878874e-05
449,2.118270094797481e-05,2.908422175096348e-06,3.375787400727859e-07,13919,
449,1.9777709894697182e-05,2.1944099444226595e-06,3.7753559922748536e-07,13929,
449,1.8693050151341595e-05,1.9005067315447377e-06,3.375508867975441e-07,13939,
449,1.8514334442443214e-05,9.59903786679206e-07,3.0874531820046514e-09,13949,
449,,,,13949,2.0268156731617637e-05
450,2.1864016161998734e-05,6.6193351813126355e-06,3.799366652401659e-07,13959,
450,1.8870627172873355e-05,2.675181576705654e-06,3.337664793434669e-07,13969,
450,1.979246735572815e-05,2.2691428966936655e-06,3.711883493906498e-07,13979,
450,,,,13980,2.2477152015198953e-05
451,2.1917907361057587e-05,6.899215804878622e-06,3.64832430932438e-07,13989,
451,1.9348122805240564e-05,3.278717940702336e-06,3.650896758244926e-07,13999,
451,1.886881364043802e-05,1.7981055862037465e-06,3.625650890626275e-07,14009,
451,,,,14011,1.9652645278256387e-05
452,1.958127541001886e-05,2.2170431748236297e-06,3.838949851342477e-07,14019,
452,1.8611319319461472e-05,2.0443330868147314e-06,3.414749016883434e-07,14029,
452,1.9057750250794925e-05,1.701396172393288e-06,3.556094725354342e-07,14039,
452,,,,14042,1.971105120901484e-05
453,1.937474553415086e-05,2.420137661829358e-06,3.7281463960425754e-07,14049,
453,1.8725759218796156e-05,2.149424062736216e-06,3.5014357990803546e-07,14059,
453,1.8250671928399242e-05,2.1465828012878774e-06,3.3368965546287654e-07,14069,
453,,,,14073,2.0777062673005275e-05
454,2.0262636098777875e-05,3.488650463623344e-06,3.4932654102703964e-07,14079,
454,1.9407898435019888e-05,2.53492544288747e-06,3.6258998648008856e-07,14089,
454,1.859774965851102e-05,3.7624765809596283e-06,3.31408045894932e-07,14099,
454,,,,14104,1.9457456801319495e-05
455,1.9734296074602753e-05,2.6667519250622718e-06,4.130403965518781e-07,14109,
455,1.8942204405902885e-05,1.7844957937995787e-06,3.5590426250564633e-07,14119,
455,1.890552812255919e-05,2.00633780877979e-06,3.565781412362412e-07,14129,
455,,,,14135,1.9085338863078505e-05
456,1.9104303646599874e-05,4.129086391913006e-06,3.6288352589508577e-07,14139,
456,1.8779484889819287e-05,3.2265311347146053e-06,3.7267218999659235e-07,14149,
456,1.8114787962986156e-05,1.7588544096724945e-06,3.324263389004045e-07,14159,
456,,,,14166,1.9035944205825217e-05
457,2.0797560864593834e-05,3.2272678254230414e-06,3.498919625144481e-07,14169,
457,1.879729279608e-05,2.1259338609525003e-06,3.288254504241195e-07,14179,
457,1.8483420717529953e-05,2.53435860031459e-06,3.458792150468071e-07,14189,
457,,,,14197,1.9107474145130254e-05
458,2.022257467615418e-05,7.565653504570946e-06,3.687777621053101e-07,14199,
458,1.8783948689815588e-05,2.0899205992463976e-06,4.0099030229612254e-07,14209,
458,1.8553069821791723e-05,2.331177483938518e-06,3.461388473624538e-07,14219,
458,,,,14228,1.914046697493177e-05
459,1.9106557374470867e-05,2.6983514089806704e-06,3.4166060913776164e-07,14229,
459,1.796292963263113e-05,2.418794565528515e-06,3.8200636254259734e-07,14239,
459,1.815371615521144e-05,1.5802518191776471e-06,3.416905087760824e-07,14249,
459,1.753601463860832e-05,8.100324748738785e-07,3.1125182431424037e-09,14259,
459,,,,14259,1.834033173508942e-05
460,1.9112005247734487e-05,3.826608462986769e-06,3.8415294056903804e-07,14269,
460,1.8342976545682177e-05,2.2235299184103496e-06,3.37974626063442e-07,14279,
460,1.877406430139672e-05,1.6149346038218937e-06,3.76003100654998e-07,14289,
460,,,,14290,1.9211724065826274e-05
461,2.06662189157214e-05,3.542756530805491e-06,3.6949032278243976e-07,14299,
461,1.8754055417957716e-05,2.0153599962213775e-06,3.692149448397686e-07,14309,
461,1.8630942577146925e-05,2.46246304413944e-06,3.6683556459138345e-07,14319,
461,,,,14321,1.8707063645706512e-05
462,1.934482133947313e-05,5.258139481156832e-06,3.8924659406802675e-07,14329,
462,1.8205288142780773e-05,2.2202677882887656e-06,3.4587898767313163e-07,14339,
462,1.8679626009543426e-05,2.0443983430595836e-06,3.59714192654792e-07,14349,
462,,,,14352,1.8951688616652973e-05
463,1.876168607850559e-05,2.100615574818221e-06,3.7713269307459996e-07,14359,
463,1.7857630155049264e-05,2.1946023025520844e-06,3.545160609519371e-07,14369,
463,1.785244603524916e-05,2.3391407921735663e-06,3.381697410986817e-07,14379,
463,,,,14383,1.8458382328390144e-05
464,1.8400533008389175e-05,2.0782408682862297e-06,3.539530268881208e-07,14389,
464,1.799592428142205e-05,2.350670001760591e-06,3.671171953101293e-07,14399,
464,1.775707096385304e-05,1.9999304186057998e-06,3.356605589033279e-07,14409,
464,,,,14414,1.8637907487573102e-05
465,2.0639863578253426e-05,2.6841551061806967e-06,4.186416617812938e-07,14419,
465,1.9053244614042342e-05,2.519358076824574e-06,3.604424136938178e-07,14429,
465,1.8743881810223684e-05,2.3558945940749254e-06,3.60833354307033e-07,14439,
465,,,,14445,1.8958184227813035e-05
466,1.901749419630505e-05,2.6538414203969296e-06,3.677120901102171e-07,14449,
466,1.787986002455e-05,1.9903209249605425e-06,3.7770053040731e-07,14459,
466,1.7357495380565524e-05,1.6708548855604022e-06,3.367337058080011e-07,14469,
466,,,,14476,1.84042401087936e-05
467,1.8922695744549856e-05,3.0082287594268564e-06,3.5432782397037954e-07,14479,
467,1.7767948520486243e-05,2.1220007511146832e-06,3.3336772276015836e-07,14489,
467,1.7357182514388114e-05,1.5211130630632397e-06,3.5044260471295274e-07,14499,
467,,,,14507,1.857308052422013e-05
468,2.0296774891903624e-05,2.93416246677225e-06,3.742171088561008e-07,14509,
468,1.8172395357396454e-05,2.4247497094620485e-06,4.0628736996950465e-07,14519,
468,1.782315484888386e-05,2.4056530492089223e-06,3.5087850847048685e-07,14529,
468,,,,14538,1.8537402866058983e-05
469,1.8504004401620477e-05,2.1506673419935396e-06,3.46365425230033e-07,14539,
469,1.781741957529448e-05,2.9290565635164967e-06,3.871369074204267e-07,14549,
469,1.8430193449603394e-05,3.042417802134878e-06,3.459940387529059e-07,14559,
469,1.7399646822013892e-05,9.774806812856696e-07,3.1389746357746162e-09,14569,
469,,,,14569,1.9385433915886097e-05
470,1.8164255379815586e-05,2.122473688359605e-06,3.890204141043796e-07,14579,
470,1.7497239241492935e-05,2.2455519683717284e-06,3.42377177275921e-07,14589,
470,1.7764521544449963e-05,2.6405612061353168e-06,3.8161488191690296e-07,14599,
470,,,,14600,1.9042136045754887e-05
471,1.7737133021000773e-05,2.5886099592753453e-06,3.7513260053856357e-07,14609,
471,1.7646649212110788e-05,2.5860147161438363e-06,3.7408597108878894e-07,14619,
471,1.782268736860715e-05,1.9922333649446955e-06,3.7157744259275205e-07,14629,
471,,,,14631,1.8819981050910428e-05
472,1.9193083062418737e-05,2.5336009912280133e-06,3.9465282952733105e-07,14639,
472,1.9863653506035917e-05,7.98300879978342e-06,3.508235977278673e-07,14649,
472,1.9162240278092213e-05,2.877533461287385e-06,3.645855599643255e-07,14659,
472,,,,14662,2.2018477466190234e-05
473,2.4568666049162857e-05,7.921838914626278e-06,3.8192987972252013e-07,14669,
473,1.933719977387227e-05,4.941684437653748e-06,3.590812696074863e-07,14679,
473,1.7860835214378312e-05,2.9319851364562055e-06,3.4240909485561133e-07,14689,
473,,,,14693,2.127331572410185e-05
474,1.9811204765574075e-05,4.068746420671232e-06,3.5816987065118155e-07,14699,
474,1.789660564099904e-05,3.5859063700627303e-06,3.713786327352864e-07,14709,
474,1.7567812392371707e-05,2.459971256030258e-06,3.4146916050303844e-07,14719,
474,,,,14724,1.884356970549561e-05
475,1.812323353078682e-05,2.569296839283197e-06,4.24256626274655e-07,14729,
475,1.800766222004313e-05,2.360063490414177e-06,3.649691677765077e-07,14739,
475,1.77143701876048e-05,1.8246322497361689e-06,3.661516245756502e-07,14749,
475,,,,14755,1.799295932869427e-05
476,1.726517621136736e-05,2.3389286525343778e-06,3.7286324072738353e-07,14759,
476,1.749954026308842e-05,1.8835083892554394e-06,3.828570811492682e-07,14769,
476,1.6583040633122437e-05,1.579027980369574e-06,3.4193115538982966e-07,14779,
476,,,,14786,1.8746941350400448e-05
477,1.8851826098398305e-05,2.082057790175895e-06,3.5894427696803177e-07,14789,
477,1.7138976545538753e-05,1.8355038946538116e-06,3.376511301667051e-07,14799,
477,1.6620067981421016e-05,1.5340359595938935e-06,3.5547333254726254e-07,14809,
477,,,,14817,1.7053722331183963e-05
478,1.731999327603262e-05,2.0421734916453715e-06,3.7914486483714427e-07,14819,
478,1.727025482978206e-05,1.5615772781529813e-06,4.117334810871398e-07,14829,
478,1.6548890926060267e-05,1.5089216276464867e-06,3.5572844581110985e-07,14839,
478,,,,14848,1.7112221030401997e-05
479,1.7165719327749684e-05,1.7784265082809725e-06,3.5076743643003283e-07,14849,
479,1.6730380593799055e-05,2.615181756482343e-06,3.9234413407029933e-07,14859,
479,1.8134020137949847e-05,2.013061475736322e-06,3.5058462799497647e-07,14869,
479,1.670578603807371e-05,1.0666462912922725e-06,3.166651163510892e-09,14879,
479,,,,14879,1.7536915038363077e-05
480,1.7164273231173865e-05,2.764844566627289e-06,3.941580075661477e-07,14889,
480,1.8134263882529922e-05,2.6005288873420795e-06,3.4735731446744467e-07,14899,
480,1.717199666018132e-05,2.2275819446804235e-06,3.8719161921108025e-07,14909,
480,,,,14910,1.7622091036173515e-05
481,1.677483851381112e-05,2.1765845303889364e-06,3.806148924923036e-07,14919,
481,1.713293204375077e-05,2.0212630715832347e-06,3.7896506910328753e-07,14929,
481,1.7121690689236857e-05,1.964945568033727e-06,3.765247242881742e-07,14939,
481,,,,14941,1.7928927263710648e-05
482,1.7334426956949756e-05,2.208016212534858e-06,4.007696645658143e-07,14949,
482,1.694358797976747e-05,2.898461389122531e-06,3.554903287295019e-07,14959,
482,1.7672242393018678e-05,2.8091451440559467e-06,3.692889265494159e-07,14969,
482,,,,14972,1.968998731172178e-05
483,1.7889029550133273e-05,3.4862914617406204e-06,3.872963816320407e-07,14979,
483,1.8318909496883862e-05,6.231813586055068e-06,3.651413749139465e-07,14989,
483,1.8621487470227294e-05,6.617578947043512e-06,3.4764715906021593e-07,14999,
483,,,,15003,2.0829038476222195e-05
484,1.8551096218288876e-05,3.957976787205553e-06,3.643733634817181e-07,15009,
484,1.6731124560465105e-05,3.582279987313086e-06,3.7682869447053235e-07,15019,
484,1.6663034330122173e-05,4.856782197748544e-06,3.458276296441909e-07,15029,
484,,,,15034,1.8350368918618187e-05
485,1.9533395970938727e-05,2.695920557016507e-06,4.2998618710043957e-07,15039,
485,1.7906770153786056e-05,2.900936578953406e-06,3.6984872053835716e-07,15049,
485,1.6563524695811793e-05,1.6779770248831483e-06,3.7152724985389796e-07,15059,
485,,,,15065,1.7365184248774312e-05
486,1.9830442397505976e-05,1.1795290447480511e-05,3.7767600247207156e-07,15069,
486,1.829438224376645e-05,5.0218905016663484e-06,3.883367014623218e-07,15079,
486,1.6317675544996746e-05,2.3052050437399885e-06,3.466143425612245e-07,15089,
486,,,,15096,1.6735399185563438e-05
487,1.676189094723668e-05,3.6686303701571887e-06,3.636125143202662e-07,15099,
487,1.6370411685784347e-05,1.535470801172778e-06,3.4275666394023574e-07,15109,
487,1.641002563701477e-05,1.6096330455184216e-06,3.604740186347044e-07,15119,
487,,,,15127,1.718455860100221e-05
488,1.838345815485809e-05,3.5289092465973226e-06,3.84484962978604e-07,15129,
488,1.6594714907114394e-05,1.4935781109670643e-06,4.176862660187908e-07,15139,
488,1.609779428690672e-05,1.5164313253990258e-06,3.6064093933418917e-07,15149,
488,,,,15158,1.7120020856964402e-05
489,1.704152782622259e-05,1.6690472648406285e-06,3.5553279076339095e-07,15159,
489,1.6242844139924273e-05,2.455129788359045e-06,3.9779797589289956e-07,15169,
489,1.6855843568919227e-05,2.258293307022541e-06,3.556828005457646e-07,15179,
489,1.6039510228438303e-05,8.264800612778345e-07,3.1962466007229295e-09,15189,
489,,,,15189,1.7264486814383417e-05
490,1.701143992249854e-05,3.105665882685571e-06,3.9976947618924896e-07,15199,
490,1.652843457122799e-05,2.039019818766974e-06,3.527765954913775e-07,15209,
490,1.6035670341807418e-05,1.4763701301490073e-06,3.9269835383493046e-07,15219,
490,,,,15220,1.6574103938182816e-05
491,1.6093119484139606e-05,3.345094910400803e-06,3.8639021227027115e-07,15229,
491,1.6626221622573212e-05,2.100609435728984e-06,3.845696312509972e-07,15239,
491,1.6402656910941005e-05,2.141287041013129e-06,3.815344200575055e-07,15249,
491,,,,15251,1.66521731443936e-05
492,1.698126652627252e-05,2.4840935566317057e-06,4.0641887721903913e-07,15259,
492,1.6740061255404726e-05,3.3966496175708016e-06,3.6074814602216065e-07,15269,
492,1.70928833540529e-05,2.912960098910844e-06,3.741849354810256e-07,15279,
492,,,,15282,1.7069549357984215e-05
493,1.696312210697215e-05,2.6973034437105525e-06,3.9200079982038005e-07,15289,
493,1.6533791495021433e-05,3.470469664534903e-06,3.699180126659485e-07,15299,
493,1.54978424689034e-05,2.358950723646558e-06,3.520516429489362e-07,15309,
493,,,,15313,1.7185227989102714e-05
494,1.626920493436046e-05,2.0385859897942282e-06,3.6807287528972665e-07,15319,
494,1.5899227946647443e-05,1.703963221189042e-06,3.815755746927607e-07,15329,
494,1.526927007944323e-05,1.4415105624721036e-06,3.5092318739771144e-07,15339,
494,,,,15344,1.6454616343253292e-05
495,1.676417923590634e-05,2.314681751158787e-06,4.354795919425669e-07,15349,
495,1.649739351705648e-05,2.325401283087558e-06,3.749826760213182e-07,15359,
495,1.5810035620233975e-05,1.799745405151043e-06,3.7653458662134653e-07,15369,
495,,,,15375,1.6006473742891103e-05
496,1.6331006918335333e-05,2.894613089665654e-06,3.8308539274112263e-07,15379,
496,1.5812149285920896e-05,1.9182868982170476e-06,3.9360054415737977e-07,15389,
496,1.5349154637078755e-05,1.5898352785370662e-06,3.516140623105457e-07,15399,
496,,,,15406,1.61513926286716e-05
497,1.755060293362476e-05,6.269158802751917e-06,3.684794478431286e-07,15409,
497,1.6000196410459466e-05,2.4135922558343736e-06,3.4729941944533493e-07,15419,
497,1.5647234249627218e-05,2.6273633011442143e-06,3.6552665960698505e-07,15429,
497,,,,15437,1.6612704712315463e-05
498,1.7879672668641433e-05,3.950409791286802e-06,3.8938716784286953e-07,15439,
498,1.601308031240478e-05,1.7232971458724933e-06,4.22275775235903e-07,15449,
498,1.5577081285300665e-05,2.376335032749921e-06,3.659801564026566e-07,15459,
498,,,,15468,1.6930209312704392e-05
499,1.7006492271320894e-05,2.2931878902454628e-06,3.603935283535975e-07,15469,
499,1.6187173969228752e-05,2.809388433888671e-06,4.0291050140695006e-07,15479,
499,1.7129348634625785e-05,2.8314586870692438e-06,3.607406142691616e-07,15489,
499,1.6431466065114364e-05,9.105577305490442e-07,3.2232254643105307e-09,15499,
499,,,,15499,1.8078668290399946e-05
500,1.7730943000060506e-05,3.7694965158152627e-06,4.0452508187627245e-07,15509,
500,1.628537938813679e-05,2.264584281874704e-06,3.5755121530200995e-07,15519,
500,1.565229831612669e-05,1.5986861399142072e-06,3.983988108302583e-07,15529,
500,,,,15530,1.6456140656373464e-05
501,1.6081277863122523e-05,2.1225764612609055e-06,3.9208381963362626e-07,15539,
501,1.5614099538652226e-05,1.7097089539674926e-06,3.8978222960395215e-07,15549,
501,1.5444067685166374e-05,1.3974039347885991e-06,3.8646442135359393e-07,15559,
501,,,,15561,1.551775676489342e-05
502,1.5778077795403078e-05,1.5400840993606835e-06,4.1262046579504386e-07,15569,
502,1.5104816156963352e-05,1.4855010022074566e-06,3.660554170892283e-07,15579,
502,1.531792077003047e-05,1.5463155023098807e-06,3.7957534004817717e-07,15589,
502,,,,15592,1.5767267541377805e-05
503,1.6080022760434076e-05,2.079717887681909e-06,3.9749770053276734e-07,15599,
503,1.7705549907987006e-05,3.4248998872499214e-06,3.7570336530734494e-07,15609,
503,1.549520129628945e-05,2.829435061357799e-06,3.571403226487746e-07,15619,
503,,,,15623,1.6832813344080932e-05
504,1.6312960724462755e-05,2.508895704522729e-06,3.7376693740043265e-07,15629,
504,1.591117870702874e-05,3.8778471207479015e-06,3.865558255711221e-07,15639,
504,1.5169848666118924e-05,2.0605698409781326e-06,3.5617031812762434e-07,15649,
504,,,,15654,1.7831334844231606e-05
505,2.268194657517597e-05,6.146603027445963e-06,4.4271834553910594e-07,15659,
505,1.7744541764841415e-05,4.456087935977848e-06,3.7970599464642873e-07,15669,
505,1.5883473679423332e-05,2.739948058660957e-06,3.8183830497473537e-07,15679,
505,,,,15685,1.6891812265384942e-05
506,1.629126381885726e-05,2.343292862860835e-06,3.881457359966589e-07,15689,
506,1.5406705642817542e-05,2.3104391857486917e-06,3.990328991676506e-07,15699,
506,1.4645387636846863e-05,1.5511128594880574e-06,3.5668875852934434e-07,15709,
506,,,,15716,1.5668205378460698e-05
507,1.605027682671789e-05,6.020257842465071e-06,3.7295242805157613e-07,15719,
507,1.5621830243617296e-05,2.4799057882773923e-06,3.5210470628044277e-07,15729,
507,1.4612573068006895e-05,1.460114617657382e-06,3.7097450444889546e-07,15739,
507,,,,15747,1.5130392057471909e-05
508,1.5532841644017026e-05,2.2279605218500365e-06,3.948180733459594e-07,15749,
508,1.5271532902261242e-05,1.508064769950579e-06,4.2833613633774803e-07,15759,
508,1.478669491916662e-05,1.4445702163357055e-06,3.709819509367662e-07,15769,
508,,,,15778,1.515529311291175e-05
509,1.5176604392763693e-05,1.7999985857386491e-06,3.64996196822176e-07,15779,
509,1.4972527424106374e-05,3.2591226499789627e-06,4.083458691184205e-07,15789,
509,1.6069245248218067e-05,2.1956370801490266e-06,3.654487557014363e-07,15799,
509,1.5214510312944185e-05,8.313883768096275e-07,3.247786706239708e-09,15809,
509,,,,15809,1.6186673747142777e-05
510,1.6709363990230486e-05,5.4581373660766985e-06,4.1023287167263334e-07,15819,
510,1.5731722669443116e-05,2.7778023650171235e-06,3.623513862294203e-07,15829,
510,1.5286323105101474e-05,1.8657049167813966e-06,4.042279329041776e-07,15839,
510,,,,15840,1.71911724464735e-05
511,1.5266808986780234e-05,3.3268822789978003e-06,3.9750648284098133e-07,15849,
511,1.5554423953290097e-05,1.983100901270518e-06,3.9505695781372197e-07,15859,
511,1.5071368579810951e-05,1.966202944458928e-06,3.914790340786567e-07,15869,
511,,,,15871,1.590393549122382e-05
512,1.565603815834038e-05,2.6438474378664978e-06,4.181275130576978e-07,15879,
512,1.5979116142261773e-05,1.7976650497075752e-06,3.7123876950317936e-07,15889,
512,1.5106141290743835e-05,2.3747381874272833e-06,3.8472998653560353e-07,15899,
512,,,,15902,1.7117446986958385e-05
513,1.7395312170265242e-05,2.661151711436105e-06,4.02794142928542e-07,15909,
513,1.5104173144209199e-05,2.1688808828912443e-06,3.8095191712272936e-07,15919,
513,1.4363981790666003e-05,1.7839671500041732e-06,3.62313528512459e-07,15929,
513,,,,15933,1.5892837836872786e-05
514,1.5269872164935805e-05,2.2971660200710176e-06,3.7828615973012347e-07,15939,
514,1.4912513506715186e-05,2.9157079097785754e-06,3.916179309726431e-07,15949,
514,1.4619175999541767e-05,1.7538277461426333e-06,3.615742798501742e-07,15959,
514,,,,15964,1.5243334928527474e-05
515,1.6428974049631506e-05,2.6756358693091897e-06,4.4774935759051004e-07,15969,
515,1.5488169083255343e-05,3.0494099974021083e-06,3.842400246867328e-07,15979,
515,1.53685177792795e-05,1.7787806427804753e-06,3.8734913232474355e-07,15989,
515,,,,15995,1.617085399630014e-05
516,2.0174104065517895e-05,9.011381735035684e-06,3.9367969861814345e-07,15999,
516,1.6095673345262185e-05,5.591220087808324e-06,4.0461472394781595e-07,16009,
516,1.4588800695491955e-05,1.9754857021325734e-06,3.6135398318037915e-07,16019,
516,,,,16026,1.7514841601951048e-05
517,1.858464747783728e-05,3.002458925038809e-06,3.7796829133185383e-07,16029,
517,1.4906800060998648e-05,1.8739314100457705e-06,3.565965300822427e-07,16039,
517,1.4537133210978936e-05,1.601201802259311e-06,3.7613617109855113e-07,16049,
517,,,,16057,1.5223385162244085e-05
518,1.6957070329226553e-05,4.886640908807749e-06,4.0021254221755953e-07,16059,
518,1.485836946812924e-05,1.834985482673801e-06,4.332947867169423e-07,16069,
518,1.446864098397782e-05,2.046547479039873e-06,3.757793365366524e-07,16079,
518,,,,16088,1.5179795809672214e-05
519,1.5138891285459977e-05,1.928218580360408e-06,3.694970018841559e-07,16089,
519,1.3963448509457521e-05,1.907575779114268e-06,4.134474238526309e-07,16099,
519,1.4134000593912788e-05,1.3587034572992707e-06,3.702191122556542e-07,16109,
519,1.4839549294265453e-05,7.552086458417762e-07,3.2781806158510562e-09,16119,
519,,,,16119,1.4758688848814927e-05
520,1.5538118532276712e-05,3.8032137581467396e-06,4.1544987539055e-07,16129,
520,1.4119645129540004e-05,1.775571263351594e-06,3.6770373412764457e-07,16139,
520,1.4787317013542634e-05,1.7052192333721905e-06,4.0968853909362224e-07,16149,
520,,,,16150,1.533950307930354e-05
521,1.5196616004686803e-05,3.447232757025631e-06,4.033099969547038e-07,16159,
521,1.4836889931757469e-05,2.169474328184151e-06,4.0006000290304655e-07,16169,
521,1.5007801266619936e-05,1.7996648011830985e-06,3.962218499964365e-07,16179,
521,,,,16181,1.518133285571821e-05
522,1.5447551049874164e-05,2.6420379981573205e-06,4.2397903143864824e-07,16189,
522,1.5003749467723537e-05,2.9171585538279032e-06,3.756589990189241e-07,16199,
522,1.4821875993220601e-05,1.6923139583013835e-06,3.8905852761672577e-07,16209,
522,,,,16212,1.5368983440566808e-05
523,1.547646570543293e-05,1.7281842019656324e-06,4.074432240486203e-07,16219,
523,1.4945770999474917e-05,4.0560598790762015e-06,3.857338413126854e-07,16229,
523,1.4206714695319533e-05,2.616638084873557e-06,3.666541772417986e-07,16239,
523,,,,16243,1.5620193153154105e-05
524,1.51532667587162e-05,2.054706556009478e-06,3.829725301329745e-07,16249,
524,1.471329051128123e-05,3.1992447020456893e-06,3.964294705838256e-07,16259,
524,1.35970085466397e-05,2.1595003545371583e-06,3.660298091290315e-07,16269,
524,,,,16274,1.461019019188825e-05
525,1.4869458937027957e-05,1.7048458857971127e-06,4.5291892547538737e-07,16279,
525,1.4523354366247077e-05,1.753825813466392e-06,3.888762591941486e-07,16289,
525,1.4026262761035468e-05,1.5128449604162597e-06,3.9221993120008847e-07,16299,
525,,,,16305,1.516605607321253e-05
526,1.5348339729825966e-05,6.017402483848855e-06,3.982684972925199e-07,16309,
526,1.4315468433778733e-05,2.6569757665129146e-06,4.1006993001246883e-07,16319,
526,1.3858657439413946e-05,1.8162593278248096e-06,3.663652421437291e-07,16329,
526,,,,16336,1.4535997252096422e-05
527,1.4341107089421712e-05,2.195265324189677e-06,3.8218817621782364e-07,16339,
527,1.3953354027762543e-05,1.456044742553786e-06,3.610048793234455e-07,16349,
527,1.392800550092943e-05,1.7748033087627846e-06,3.808969211149815e-07,16359,
527,,,,16367,1.4771442693017889e-05
528,1.5881674698903225e-05,3.3910266665770905e-06,4.0452471239404986e-07,16369,
528,1.4371082215802744e-05,1.838378352658765e-06,4.392813934828155e-07,16379,
528,1.3881855011277366e-05,1.4857794212730369e-06,3.801615946485981e-07,16389,
528,,,,16398,1.5134274690353777e-05
529,1.5057426026032772e-05,2.1070436559966765e-06,3.7447478007379686e-07,16399,
529,1.3653727364726365e-05,1.4880919252391323e-06,4.177834398433333e-07,16409,
529,1.4018632100487594e-05,1.4056025747777312e-06,3.7493526860998827e-07,16419,
529,1.4380088941834401e-05,7.060998541419394e-07,3.297125683587865e-09,16429,
529,,,,16429,1.4430381270358339e-05
530,1.4383298548636958e-05,1.8399096006760374e-06,4.2081492779288965e-07,16439,
530,1.3947033039585222e-05,2.2819754121883307e-06,3.7294066146387195e-07,16449,
530,1.3716430657950696e-05,1.4299403119366616e-06,4.156767374752235e-07,16459,
530,,,,16460,1.433860779798124e-05
531,1.510795937065268e-05,3.163434257658082e-06,4.094102052931703e-07,16469,
531,1.7102589481510222e-05,4.885771886620205e-06,4.057527860368282e-07,16479,
531,1.5452113075298257e-05,2.5308174826932373e-06,4.015109595911781e-07,16489,
531,,,,16491,1.8840608390746638e-05
532,1.9351426089997403e-05,4.137781161261955e-06,4.3020676798732893e-07,16499,
532,1.4493450180452783e-05,2.9705768156418344e-06,3.799308672114421e-07,16509,
532,1.4791883586440235e-05,2.087685743390466e-06,3.9357757941616e-07,16519,
532,,,,16522,1.568267725815531e-05
533,1.5159184840740636e-05,2.3654999949940247e-06,4.129808814923308e-07,16529,
533,1.4854348592052702e-05,6.975210908422014e-06,3.911854093985312e-07,16539,
533,1.353323932562489e-05,2.4555436084483517e-06,3.7177355238782184e-07,16549,
533,,,,16553,1.5986437574611045e-05
534,1.4860985174891539e-05,2.8936062790307915e-06,3.881379768699844e-07,16559,
534,1.3955424037703779e-05,2.1097439457662404e-06,4.013710110939428e-07,16569,
534,1.2977910046174657e-05,1.8227998452857719e-06,3.712220006946154e-07,16579,
534,,,,16584,1.4549003935826477e-05
535,1.4992964679549914e-05,2.6786121907207416e-06,4.5916320345895656e-07,16589,
535,1.3922358448326122e-05,1.850212356657721e-06,3.937628605399368e-07,16599,
535,1.3611438589578029e-05,1.7243401089217514e-06,3.9739722978993086e-07,16609,
535,,,,16615,1.4202130842022598e-05
536,1.3342415513761807e-05,1.866831894403731e-06,4.031101070722798e-07,16619,
536,1.3515431419364177e-05,1.8054497559205629e-06,4.1526362792865257e-07,16629,
536,1.2819044968637172e-05,1.2650738199226907e-06,3.7082605786054046e-07,16639,
536,,,,16646,1.380922731186729e-05
537,1.4199315046425909e-05,1.7690625782051939e-06,3.8690481574121804e-07,16649,
537,1.3286996363603976e-05,1.4379098729477846e-06,3.656309388588852e-07,16659,
537,1.3682312783203088e-05,1.501792780800315e-06,3.862401456444786e-07,16669,
537,,,,16677,1.4190486581355799e-05
538,1.6334017345798202e-05,2.035038505709963e-06,4.0994896721713303e-07,16679,
538,1.3993842003401369e-05,1.8889567172664101e-06,4.4473435423242336e-07,16689,
538,1.3676662092620973e-05,1.975104396478855e-06,3.8558039250347065e-07,16699,
538,,,,16708,1.494638308940921e-05
539,1.4891368664393667e-05,2.2075087144912686e-06,3.788279059335764e-07,16709,
539,1.336800505669089e-05,2.345535676795407e-06,4.2366747265987215e-07,16719,
539,1.3954530004411936e-05,1.7568125940670143e-06,3.7961058296787087e-07,16729,
539,1.4062440641282592e-05,8.929152386372152e-07,3.325227204697967e-09,16739,
539,,,,16739,1.4251385437091812e-05
540,1.350916409137426e-05,1.5556357766399742e-06,4.250801737271104e-07,16749,
540,1.286544375034282e-05,1.377626063003845e-06,3.77640901660925e-07,16759,
540,1.3126217709213961e-05,1.3331901982382988e-06,4.2074034922734427e-07,16769,
540,,,,16770,1.3882061466574669e-05
541,1.3400249372352846e-05,2.6126124339498347e-06,4.147673848819977e-07,16779,
541,1.5101123608474154e-05,3.4697347928158706e-06,4.104834374629718e-07,16789,
541,1.3535020116250962e-05,1.469079052185407e-06,4.059851050897123e-07,16799,
541,,,,16801,1.4079633729124907e-05
542,1.3550528819905594e-05,1.625015329409507e-06,4.3565077589846624e-07,16809,
542,1.3134977052686736e-05,1.7390062794220285e-06,3.85275995995471e-07,16819,
542,1.3380481505009811e-05,1.4699785424454603e-06,3.9867950363259297e-07,16829,
542,,,,16832,1.3880710866942536e-05
543,1.3994223081681412e-05,1.4445844271904207e-06,4.174961532044108e-07,16839,
543,1.421479282726068e-05,3.862494395434624e-06,3.9614226921003137e-07,16849,
543,1.334109310846543e-05,2.8793565434170887e-06,3.7631221516676305e-07,16859,
543,,,,16863,1.4161096260068007e-05
544,1.538120886834804e-05,1.9086494376097107e-06,3.9302690879594593e-07,16869,
544,1.3957837836642284e-05,2.6017467007477535e-06,4.063062988279853e-07,16879,
544,1.277961564483121e-05,1.9625917957455385e-06,3.7590800161524385e-07,16889,
544,,,,16894,1.46372503877501e-05
545,1.9681043340824544e-05,4.585802798828809e-06,4.6527671315743646e-07,16899,
545,1.3862941159459297e-05,2.302926532138372e-06,3.987596528531867e-07,16909,
545,1.3844379282090813e-05,3.007106670338544e-06,4.0260349010168284e-07,16919,
545,,,,16925,1.5051800801302306e-05
546,1.3993243555887602e-05,4.544063358480344e-06,4.0824644997883297e-07,16929,
546,1.3546198715630453e-05,2.039154878730187e-06,4.2078144701918063e-07,16939,
546,1.292629985982785e-05,2.2429464934248244e-06,3.755631894364342e-07,16949,
546,,,,16956,1.5627163520548493e-05
547,1.6854401110322215e-05,9.523402695776895e-06,3.918963216165139e-07,16959,
547,1.5278443243005313e-05,3.682455599118839e-06,3.699848605265288e-07,16969,
547,1.299962150369538e-05,2.2238407382246805e-06,3.9107570160012983e-07,16979,
547,,,,16987,1.4262745025916956e-05
548,1.600335235707462e-05,2.6435016025061486e-06,4.1452017285337206e-07,16989,
548,1.3813145415042527e-05,2.20210517909436e-06,4.4956260580875096e-07,16999,
548,1.3394655979936942e-05,3.2958357678580796e-06,3.902929393007071e-07,17009,
548,,,,17018,1.4498006748908665e-05
549,1.4441646271734498e-05,2.6527338832238456e-06,3.833569053313113e-07,17019,
549,1.4134818229649682e-05,4.152132987655932e-06,4.2815369738491427e-07,17029,
549,1.331670591753209e-05,3.623602196967113e-06,3.844624245630257e-07,17039,
549,1.3547648450185079e-05,1.4305786635304685e-06,3.346024790573665e-09,17049,
549,,,,17049,1.4714564713358413e-05
550,1.3836767720931675e-05,2.4022926936595468e-06,4.3009310957131675e-07,17059,
550,1.2274344953766558e-05,1.4600179838453187e-06,3.8230513155212975e-07,17069,
550,1.3023241990595125e-05,1.6196618162211962e-06,4.263392554548773e-07,17079,
550,,,,17080,1.3611998838314321e-05
551,1.3583985492005013e-05,4.5346273509494495e-06,4.199445982067118e-07,17089,
551,1.3333613424038049e-05,2.497944933566032e-06,4.1541400719324884e-07,17099,
551,1.3036085874773562e-05,1.746290763549041e-06,4.1078723711507337e-07,17109,
551,,,,17111,1.3140377632225864e-05
552,1.3533984201785643e-05,2.0652273633459117e-06,4.4092783468840935e-07,17119,
552,1.2194494047435e-05,1.723353648230841e-06,3.89901543940141e-07,17129,
552,1.2717349818558432e-05,1.4974805253586965e-06,4.0315234173249337e-07,17139,
552,,,,17142,1.2913395039504394e-05
553,1.3614837371278554e-05,3.1772876809554873e-06,4.2254760046489537e-07,17149,
553,1.2714365766441915e-05,1.3602860917671933e-06,4.0108895404955547e-07,17159,
553,1.2081811291864142e-05,1.415732185705565e-06,3.8054443507462565e-07,17169,
553,,,,17173,1.4419017134059686e-05
554,1.427733150194399e-05,2.4947016754595097e-06,3.9728831779939355e-07,17179,
554,1.3271331226860639e-05,2.324965180378058e-06,4.100868125078705e-07,17189,
554,1.229768713528756e-05,2.0394679722812725e-06,3.808456767728785e-07,17199,
554,,,,17204,1.3079213204036932e-05
555,1.346518092759652e-05,1.8507324739402975e-06,4.7003211989249394e-07,17209,
555,1.2929642252856866e-05,1.4312435041574645e-06,4.025367843496497e-07,17219,
555,1.2840393537771888e-05,1.7056338492693612e-06,4.0728247086008196e-07,17229,
555,,,,17235,1.3708951883018017e-05
556,1.3508511983673088e-05,2.8431520604499383e-06,4.126505928070401e-07,17239,
556,1.3077931726002134e-05,1.9655187770695193e-06,4.25395796810335e-07,17249,
556,1.250453988177469e-05,1.4277261470851954e-06,3.795687177898799e-07,17259,
556,,,,17266,1.3332498383533675e-05
557,1.4013909094501287e-05,2.020008423642139e-06,3.9529945183858217e-07,17269,
557,1.2601451089722104e-05,1.4363691889229813e-06,3.7374945804913295e-07,17279,
557,1.2182553291495424e-05,1.4913956647433224e-06,3.9600004697604163e-07,17289,
557,,,,17297,1.3107712220516987e-05
558,1.3883613064535893e-05,3.163534756822628e-06,4.198005285616091e-07,17299,
558,1.3774685612588655e-05,3.269752369305934e-06,4.5417453975460376e-07,17309,
558,1.4008625839778688e-05,3.3840776723081945e-06,3.9436855558960815e-07,17319,
558,,,,17328,1.3806433344143443e-05
559,1.3796804523735773e-05,2.297934088346665e-06,3.876538414715469e-07,17329,
559,1.2631272511498537e-05,2.0036607111251215e-06,4.3216044787186547e-07,17339,
559,1.2584690921357833e-05,1.7836306369645172e-06,3.880660983668349e-07,17349,
559,1.3052955182502046e-05,6.582799869647715e-07,3.368730627784089e-09,17359,
559,,,,17359,1.4229399312171154e-05
560,1.3129215403751004e-05,2.30743739848549e-06,4.3532969584703096e-07,17369,
560,1.1967370483034756e-05,1.5562299040539074e-06,3.865127098379162e-07,17379,
560,1.2350772522040643e-05,1.3433370895654662e-06,4.3150495798727206e-07,17389,
560,,,,17390,1.3365676750254352e-05
561,1.2467731721699238e-05,3.7087440887262346e-06,4.251899383689306e-07,17399,
561,1.3859391401638277e-05,3.873497007589322e-06,4.2038641367980745e-07,17409,
561,1.2763574886776041e-05,2.035008265011129e-06,4.1537902006894e-07,17419,
561,,,,17421,1.3169102203391958e-05
562,1.3192877304391004e-05,3.3667508887447184e-06,4.463964557999134e-07,17429,
562,1.4124394510872662e-05,3.647656967586954e-06,3.9451524003197846e-07,17439,
562,1.2668143426708411e-05,1.4602508144889725e-06,4.076159711985383e-07,17449,
562,,,,17452,1.4731806913914625e-05
563,1.4343463590194006e-05,2.2439282929553883e-06,4.273860838566179e-07,17459,
563,1.2563527889142279e-05,4.075159267813433e-06,4.056318516632018e-07,17469,
563,1.2289895494177472e-05,2.13964585782378e-06,3.849816891943192e-07,17479,
563,,,,17483,1.3679951734957285e-05
564,1.3524604582926258e-05,3.0614980914833723e-06,4.0164587744584423e-07,17489,
564,1.3675891750608571e-05,6.099035545048537e-06,4.148574817008921e-07,17499,
564,1.2950293239555322e-05,1.97849772121117e-06,3.8511927868967177e-07,17509,
564,,,,17514,1.4619271496485453e-05
565,1.5792364138178527e-05,3.830230980383931e-06,4.7520438783976715e-07,17519,
565,1.476865782024106e-05,2.0870484149781987e-06,4.0703426407162624e-07,17529,
565,1.2785277249349747e-05,2.1538887722272193e-06,4.1133978356810985e-07,17539,
565,,,,17545,1.4384122550836764e-05
566,1.2543205230031163e-05,2.0203319763822947e-06,4.1687110297061736e-07,17549,
566,1.2539685485535301e-05,1.8190872879131348e-06,4.303976481878635e-07,17559,
566,1.1733278370229527e-05,1.4646332147094654e-06,3.8389168821595376e-07,17569,
566,,,,17576,1.2112414879084099e-05
567,1.2086469723726623e-05,1.7059367110050516e-06,3.992147128428769e-07,17579,
567,1.1820074178103823e-05,1.2069027661709697e-06,3.7791230056427594e-07,17589,
567,1.1578395969991107e-05,1.1273626796537428e-06,4.0033950199358515e-07,17599,
567,,,,17607,1.2635205166589003e-05
568,1.3413726264843717e-05,1.868791741799214e-06,4.2407813793943205e-07,17609,
568,1.2036521184199955e-05,1.3122810287313769e-06,4.5900335976511997e-07,17619,
568,1.2025008800264914e-05,1.3916754824094824e-06,3.9884474745122134e-07,17629,
568,,,,17638,1.2836117093684152e-05
569,1.2822402823076118e-05,1.2876422488261596e-06,3.914156820883363e-07,17639,
569,1.2100419553462416e-05,2.318145561730489e-06,4.3735551003010187e-07,17649,
569,1.2259005416126456e-05,2.0868781120952917e-06,3.926007821064559e-07,17659,
569,1.2316812899371143e-05,6.111749826231971e-07,3.390461689178892e-09,17669,
569,,,,17669,1.3710976418224163e-05
570,1.3494844097294845e-05,4.4616422201215755e-06,4.397092823182902e-07,17679,
570,1.2782320482074283e-05,2.8605870738829253e-06,3.9087521486180776e-07,17689,
570,1.2083992260158993e-05,1.2951059034094214e-06,4.359673368981021e-07,17699,
570,,,,17700,1.3648647836816963e-05
571,1.2188301298010629e-05,2.2141127828945173e-06,4.2974255620720214e-07,17709,
571,1.2430950846464839e-05,1.860040924839268e-06,4.2468315086807706e-07,17719,
571,1.2089458323316649e-05,1.3997481573824189e-06,4.194708367322164e-07,17729,
571,,,,17731,1.2154076102888212e-05
572,1.2115243407606613e-05,1.4456476264967932e-06,4.5136229687159357e-07,17739,
572,1.1310599802527577e-05,1.245718863174261e-06,3.9855234490460134e-07,17749,
572,1.2008513294858858e-05,1.4347165233630221e-06,4.117425476124481e-07,17759,
572,,,,17762,1.1919919415959157e-05
573,1.2501417586463504e-05,1.763072418725642e-06,4.316499939704954e-07,17769,
573,1.1908075066457968e-05,2.2814263047621353e-06,4.1044677345780656e-07,17779,
573,1.2888879609818105e-05,2.9961397558508907e-06,3.891757671681262e-07,17789,
573,,,,17793,1.3734200365433935e-05
574,1.4121919775789138e-05,6.6714524109556805e-06,4.0586914451523626e-07,17799,
574,1.2713948308373801e-05,2.12255577025644e-06,4.187172919500881e-07,17809,
574,1.1500662367325276e-05,1.9496028471621685e-06,3.8944131119933445e-07,17819,
574,,,,17824,1.2873012565250974e-05
575,1.2930570846947376e-05,2.584702770036529e-06,4.806741458196484e-07,17829,
575,1.2210345630592201e-05,2.061856093860115e-06,4.11273163081205e-07,17839,
575,1.1781489774875809e-05,1.4215771670933464e-06,4.163793221323431e-07,17849,
575,,,,17855,1.204641375807114e-05
576,1.1553062904567923e-05,1.4650162256657495e-06,4.2153033064096235e-07,17859,
576,1.1500879736559e-05,1.7143089507953846e-06,4.355575526915345e-07,17869,
576,1.1202267160115298e-05,1.3311120028447476e-06,3.8826598824925895e-07,17879,
576,,,,17886,1.1696586625475902e-05
577,1.2138522833993193e-05,4.2164406295341905e-06,4.038899987790501e-07,17889,
577,1.3944429156254046e-05,4.029089268442476e-06,3.820700840151403e-07,17899,
577,1.1780717613874003e-05,1.6030504639275023e-06,4.049668973493681e-07,17909,
577,,,,17917,1.2308124496485107e-05
578,1.3388867046160158e-05,3.176465270371409e-06,4.292247410830896e-07,17919,
578,1.2107136171835009e-05,2.0040731669723755e-06,4.6378286810977443e-07,17929,
578,1.150776915892493e-05,1.4975914837123128e-06,4.029019180507021e-07,17939,
578,,,,17948,1.2765858627972193e-05
579,1.2812942259188276e-05,2.3365616925730137e-06,3.955038039293868e-07,17949,
579,1.2219782547617797e-05,2.660400241438765e-06,4.412172813772486e-07,17959,
579,1.1886918400705326e-05,1.7900450757224462e-06,3.96502002786292e-07,17969,
579,1.2338424312474672e-05,1.052528318723489e-06,3.409070581383844e-09,17979,
579,,,,17979,1.352506205876125e-05
580,1.2974091987416614e-05,2.4231117095041554e-06,4.4480239580479974e-07,17989,
580,1.1759501830965746e-05,2.0159538962616352e-06,3.9535467522000545e-07,17999,
580,1.2077645806130022e-05,1.546554244669096e-06,4.4105124175075616e-07,18009,
580,,,,18010,1.4798587471887004e-05
581,1.31899514599354e-05,6.445804501709063e-06,4.349319908669713e-07,18019,
581,1.5474623069167137e-05,7.230041319417069e-06,4.297611155834602e-07,18029,
581,1.3597781617136206e-05,5.168253210285911e-06,4.239916222559259e-07,18039,
581,,,,18041,1.6080663044704124e-05
582,1.5840096239116974e-05,1.3063016012893058e-05,4.5621231947734486e-07,18049,
582,1.568571497045923e-05,4.92579783895053e-06,4.0261443245981354e-07,18059,
582,1.289765441470081e-05,2.185777702834457e-06,4.1516537407915166e-07,18069,
582,,,,18072,1.7913911506184377e-05
583,1.54130957525922e-05,4.872222689300543e-06,4.3609679778455757e-07,18079,
583,1.232230533787515e-05,2.190875193264219e-06,4.1399772499062237e-07,18089,
583,1.1353034096828196e-05,1.3919147932028864e-06,3.926793965547404e-07,18099,
583,,,,18103,1.2769467502948828e-05
584,1.2796620467270259e-05,1.974746737687383e-06,4.095539054560504e-07,18109,
584,1.2158766367065255e-05,1.52227516991843e-06,4.2268416677870846e-07,18119,
584,1.0749522516562138e-05,1.2974272749488591e-06,3.9328381262748735e-07,18129,
584,,,,18134,1.380679077556124e-05
585,1.2707815585599747e-05,1.582920617693162e-06,4.847283889830578e-07,18139,
585,1.1597613593039569e-05,1.4736940556758782e-06,4.148324421748839e-07,18149,
585,1.1197258572792634e-05,1.2187553011244745e-06,4.2024956314890005e-07,18159,
585,,,,18165,1.1814210665761493e-05
586,1.125582912209211e-05,2.008719093282707e-06,4.2531760868769197e-07,18169,
586,1.1040039680665359e-05,1.5882404795775074e-06,4.396940482820355e-07,18179,
586,1.0732921509770676e-05,1.1356740969858947e-06,3.9201881918415893e-07,18189,
586,,,,18196,1.1425840966694523e-05
587,1.1077198905695695e-05,1.843821678448876e-06,4.0717208094065427e-07,18199,
587,1.1045429346268065e-05,1.19439880563732e-06,3.8542719948964077e-07,18209,
587,1.0791952263389248e-05,1.0952486491078162e-06,4.0919982779996644e-07,18219,
587,,,,18227,1.1345552593411412e-05
588,1.1707781595760025e-05,1.723039190437703e-06,4.325183056153037e-07,18229,
588,1.1257894584559835e-05,1.2692141808656743e-06,4.6802986730654084e-07,18239,
588,1.0835580724233296e-05,1.3619036280942964e-06,4.06797909136003e-07,18249,
588,,,,18258,1.1682875992846675e-05
589,1.16753481052001e-05,1.3846668025507824e-06,3.9897244619169214e-07,18259,
589,1.1370987522241194e-05,1.970980520127341e-06,4.456630335880618e-07,18269,
589,1.1331098903610837e-05,1.8450197103447863e-06,4.002393438895524e-07,18279,
589,1.1619408724072855e-05,9.874929673969746e-07,3.4300124962527434e-09,18289,
589,,,,18289,1.262113255506847e-05
590,1.3436202607408632e-05,5.89535466133384e-06,4.48251483931017e-07,18299,
590,1.1871155038534198e-05,2.4884245704015484e-06,3.9899200032778026e-07,18309,
590,1.1089031431765761e-05,1.1543090749910334e-06,4.4511284613690805e-07,18319,
590,,,,18320,1.2625429917534348e-05
591,1.1538629223650787e-05,2.801728442136664e-06,4.3878790734197537e-07,18329,
591,1.1325327250233386e-05,1.4020810112924664e-06,4.3311587205607793e-07,18339,
591,1.1159164387208875e-05,1.2584005162352696e-06,4.2748726514219015e-07,18349,
591,,,,18351,1.177335434476845e-05
592,1.2419472113833763e-05,1.9041141285924823e-06,4.602880778747931e-07,18359,
592,1.058577709045494e-05,1.4338664868773776e-06,4.066143901582109e-07,18369,
592,1.1276023542450275e-05,1.8858329440263333e-06,4.1952537799261336e-07,18379,
592,,,,18382,1.2040120964229573e-05
593,1.2202335710753687e-05,3.1613615192327416e-06,4.398477244649257e-07,18389,
593,1.1646844541246537e-05,1.8294816754860221e-06,4.1846877252282866e-07,18399,
593,1.086576230591163e-05,2.3587381292600185e-06,3.965365920066688e-07,18409,
593,,,,18413,1.269285348826088e-05
594,1.1399178220017347e-05,1.8145580042983056e-06,4.1359396618645405e-07,18419,
594,1.1187431482539978e-05,1.7515285435365513e-06,4.2673224243117147e-07,18429,
594,1.102812348108273e-05,2.081056891256594e-06,3.9751705571688944e-07,18439,
594,,,,18444,1.1396678019082174e-05
595,1.1625254956015851e-05,1.4798343954680604e-06,4.903380386167555e-07,18449,
595,1.1075549991801381e-05,1.359407747258956e-06,4.1899664893207955e-07,18459,
595,1.1188433745701332e-05,1.3882176972401794e-06,4.246369087468338e-07,18469,
595,,,,18475,1.183085078082513e-05
596,1.2768989108735695e-05,2.829335471687955e-06,4.293466986382555e-07,18479,
596,1.1402912605262827e-05,1.4719595355927595e-06,4.4443015667638974e-07,18489,
596,1.0770521839731373e-05,1.222017658619734e-06,3.954818339479971e-07,18499,
596,,,,18506,1.1898549018951599e-05
597,1.1764916962420102e-05,4.001493380201282e-06,4.109819826680905e-07,18509,
597,1.2451534530555364e-05,3.4958998185175005e-06,3.886789556872827e-07,18519,
597,1.1307884960842784e-05,1.848379952207324e-06,4.133771369652095e-07,18529,
597,,,,18537,1.4665720300399698e-05
598,1.9439492461970076e-05,9.136543667409569e-06,4.371475483821996e-07,18539,
598,1.301546762988437e-05,3.953466602979461e-06,4.716164880846918e-07,18549,
598,1.116256771638291e-05,2.3771833639329998e-06,4.102594743926602e-07,18559,
598,,,,18568,1.5149795217439532e-05
599,1.5190432350209448e-05,4.196163445158163e-06,4.0272632872984104e-07,18569,
599,1.1959649782511406e-05,3.1866657081991434e-06,4.499048600337119e-07,18579,
599,1.0588791155896615e-05,1.5497579397560912e-06,4.039454495341488e-07,18589,
599,1.1272612027823925e-05,6.725475145685778e-07,3.4531646431190666e-09,18599,
599,,,,18599,1.295702804782195e-05
600,1.2650029930227902e-05,3.7672541566280415e-06,4.520062191204488e-07,18609,
600,1.0590598321869038e-05,1.600878817953344e-06,4.0305667425855063e-07,18619,
600,1.142022210842697e-05,3.485317620288697e-06,4.5061096898280084e-07,18629,
600,,,,18630,1.1595043361012358e-05
601,1.308799983235076e-05,1.04688979263301e-05,4.4332190896057e-07,18639,
601,1.1630498192971572e-05,3.9892429413157515e-06,4.376726110422169e-07,18649,
601,1.1325308150844648e-05,2.4636563011881663e-06,4.3188015297346283e-07,18659,
601,,,,18661,1.2462767699616961e-05
602,1.1693888154695742e-05,2.6718148546933662e-06,4.652243035252468e-07,18669,
602,1.0998807738360483e-05,2.161951897505787e-06,4.106757387489779e-07,18679,
602,1.072987652150914e-05,1.2406666201059124e-06,4.2380133891128935e-07,18689,
602,,,,18692,1.2246727237652522e-05
603,1.2484195394790731e-05,3.5968471365777077e-06,4.4397521037353727e-07,18699,
603,1.0610829122015275e-05,2.025519506787532e-06,4.2306015757276327e-07,18709,
603,9.930815394909587e-06,1.3591446759164683e-06,4.0031332559919974e-07,18719,
603,,,,18723,1.1088947758253198e-05
604,1.083220740838442e-05,2.0380248315632343e-06,4.1728858946044056e-07,18729,
604,1.060711747413734e-05,1.6520287999810535e-06,4.3074427935607673e-07,18739,
604,1.0001744158216752e-05,1.5186168411673862e-06,4.013395198398939e-07,18749,
604,,,,18754,1.1210211596335284e-05
605,1.2317719665588811e-05,1.5513322750848602e-06,4.953087682224577e-07,18759,
605,1.1648146028164774e-05,1.7194245174323441e-06,4.226911016758095e-07,18769,
605,1.0540730727370828e-05,1.1458403150754748e-06,4.2859986137955275e-07,18779,
605,,,,18785,1.2068130672560073e-05
606,1.647484714339953e-05,3.207487679901533e-06,4.332043772592442e-07,18789,
606,1.2750013411277905e-05,2.6413915747980354e-06,4.487175715439662e-07,18799,
606,1.0359342923038639e-05,1.337692538072588e-06,3.994339294877136e-07,18809,
606,,,,18816,1.1329049812047742e-05
607,1.0752730304375291e-05,2.352244564463035e-06,4.146754690736998e-07,18819,
607,1.0312631275155582e-05,1.164785885521269e-06,3.9220245184878877e-07,18829,
607,1.0087250302603934e-05,1.283307938138023e-06,4.174841023996123e-07,18839,
607,,,,18847,1.1056036782974843e-05
608,1.2001499271718785e-05,1.928370465975604e-06,4.4034209167875815e-07,18849,
608,1.0458322321937885e-05,1.325725747847173e-06,4.761497791605507e-07,18859,
608,1.0509580533835106e-05,1.9568797142710537e-06,4.1407574258300883e-07,18869,
608,,,,18878,1.1386485311959404e-05
609,1.1445680684118997e-05,1.995263801291003e-06,4.0630141029396327e-07,18879,
609,1.0449936780787539e-05,1.8843913949240232e-06,4.530933779278712e-07,18889,
609,1.0885129086091183e-05,1.518255089649756e-06,4.072511785579991e-07,18899,
609,1.0657297025318258e-05,8.948410368248005e-07,3.4681195693053724e-09,18909,
609,,,,18909,1.1127573998237494e-05
610,1.121631885325769e-05,1.5400881920868414e-06,4.55897605888822e-07,18919,
610,1.0104239663633052e-05,1.510847482677491e-06,4.0672316004020104e-07,18929,
610,1.0641509106790181e-05,1.2605838719537132e-06,4.545771901121043e-07,18939,
610,,,,18940,1.0977730198646896e-05
611,1.1496300430735573e-05,2.29872671297926e-06,4.473526757919899e-07,18949,
611,1.1898675438715145e-05,3.898802333424101e-06,4.415859962136892e-07,18959,
611,1.1457925211288966e-05,1.8425940879751579e-06,4.3586197762124357e-07,18969,
611,,,,18971,1.2698892533080652e-05
612,1.4447196917899419e-05,2.188927965107723e-06,4.6992920488264645e-07,18979,
612,1.201829672936583e-05,4.209656708553666e-06,4.145540515310131e-07,18989,
612,1.1006384738720953e-05,1.0925382412096951e-06,4.276479046438908e-07,18999,
612,,,,19002,1.2768824490194675e-05
613,1.2760616300511174e-05,2.1702733192796586e-06,4.4771607576876704e-07,19009,
613,1.2697840247710701e-05,5.13884788233554e-06,4.2741379502331256e-07,19019,
613,1.006858019536594e-05,3.1724871405458543e-06,4.041754380068596e-07,19029,
613,,,,19033,1.347232682746835e-05
614,1.117934243666241e-05,3.157456831104355e-06,4.211370878692833e-07,19039,
614,1.0667864444258157e-05,2.0353932086436544e-06,4.3417222173047776e-07,19049,
614,9.710629456094466e-06,1.5121700016607065e-06,4.0450814253745193e-07,19059,
614,,,,19064,1.1962308235524688e-05
615,1.147344482888002e-05,3.0266614885476884e-06,4.99015527566371e-07,19069,
615,1.0605218449200038e-05,1.8167665984947234e-06,4.263690982497792e-07,19079,
615,1.0370109521318227e-05,1.5216735391732072e-06,4.3232176949459244e-07,19089,
615,,,,19095,1.184534721687669e-05
616,1.066837921825936e-05,1.6359521168851643e-06,4.3632599044940434e-07,19099,
616,1.0125575499841943e-05,1.3567290579885594e-06,4.529885870852013e-07,19109,
616,9.85332462732913e-06,1.2446122354958788e-06,4.027272382245428e-07,19119,
616,,,,19126,1.0749678040156141e-05
617,1.0724209460022394e-05,2.8922793262609048e-06,4.1772895542635524e-07,19129,
617,1.0243783435726073e-05,1.8677141042644507e-06,3.9551520103486837e-07,19139,
617,9.763403795659542e-06,1.1003006648024893e-06,4.2116278109460836e-07,19149,
617,,,,19157,1.0436631782795303e-05
618,1.0842869414773304e-05,1.4179769323163782e-06,4.4422293399293267e-07,19159,
618,1.0168497283302713e-05,1.4537550896420726e-06,4.803994215762941e-07,19169,
618,9.525168934487738e-06,1.2670557225646917e-06,4.176621644091938e-07,19179,
618,,,,19188,1.0320106412109453e-05
619,1.0419174941489473e-05,1.5381241382783628e-06,4.0964096115203574e-07,19189,
619,1.0779181138786953e-05,2.8097717859054683e-06,4.5686047656090523e-07,19199,
619,1.0612248843244743e-05,2.6535833512753015e-06,4.10695491837032e-07,19209,
619,1.0143239705939777e-05,5.86469184327143e-07,3.4865914599890857e-09,19219,
619,,,,19219,1.1704948519764002e-05
620,1.1658656148938462e-05,3.596177293729852e-06,4.5983662744220055e-07,19229,
620,1.0231216037936974e-05,2.3544516807305627e-06,4.095231531664467e-07,19239,
620,1.0804712474055123e-05,1.5776761301822262e-06,4.586804038808623e-07,19249,
620,,,,19250,1.1084703146480024e-05
621,1.1179039574926719e-05,2.143872507076594e-06,4.508112567691569e-07,19259,
621,1.0127685527550057e-05,1.3937866469859728e-06,4.4549034328156267e-07,19269,
621,1.038793197949417e-05,1.9478272861306323e-06,4.3937185978393245e-07,19279,
621,,,,19281,1.1308137800369877e-05
622,1.1745506526494864e-05,4.691114099841798e-06,4.7352500587294344e-07,19289,
622,1.0292422302882187e-05,1.919307351272437e-06,4.178433243851032e-07,19299,
622,1.0009579455072526e-05,1.2333986205703695e-06,4.3100249058625195e-07,19309,
622,,,,19312,1.1914193237316795e-05
623,1.1161047950736247e-05,1.5239713775372365e-06,4.51521799504917e-07,19319,
623,9.733448678161949e-06,1.9303365661471616e-06,4.3097489310639503e-07,19329,
623,9.417637556907721e-06,2.0658078483393183e-06,4.074431956269109e-07,19339,
623,,,,19343,1.057544068316929e-05
624,1.0070616554003209e-05,1.52832330968522e-06,4.2449906345609634e-07,19349,
624,1.015863563225139e-05,1.5729934830233105e-06,4.3814407035824843e-07,19359,
624,9.136903827311471e-06,1.1353838544891914e-06,4.0856247096598963e-07,19369,
624,,,,19374,1.027192956826184e-05
625,1.0722751540015452e-05,1.8882673202824662e-06,5.038199901719054e-07,19379,
625,1.0608899174258113e-05,1.779769490894978e-06,4.299256204376434e-07,19389,
625,9.646660146245267e-06,1.1543086202436825e-06,4.3607369093479065e-07,19399,
625,,,,19405,1.0322096386516932e-05
626,1.2609180885192472e-05,3.461294227236067e-06,4.401344995130785e-07,19409,
626,1.0245912562822923e-05,2.1371622551669134e-06,4.5677055027226743e-07,19419,
626,1.0548184036451858e-05,1.3839220400768681e-06,4.0628989950164396e-07,19429,
626,,,,19436,1.1908016858797055e-05
627,1.9716597307706252e-05,4.812678071175469e-06,4.2198166738671716e-07,19439,
627,1.3085382306599058e-05,2.6185532533418154e-06,3.986622516549687e-07,19449,
627,9.873091585177463e-06,1.4308093341242056e-06,4.249860410254769e-07,19459,
627,,,,19467,1.055643406289164e-05
628,1.1293210263829678e-05,2.4782818854873767e-06,4.482611188905139e-07,19469,
628,1.0074535566673148e-05,1.3427351177597302e-06,4.839841380999133e-07,19479,
628,9.388702892465517e-06,1.588282657394302e-06,4.208343398204306e-07,19489,
628,,,,19498,1.1116715540993027e-05
629,1.113708276534453e-05,1.524950107523182e-06,4.129024375743029e-07,19499,
629,9.492431672697421e-06,1.4899312645866303e-06,4.605364551935054e-07,19509,
629,1.0075281352328602e-05,1.5166723414949956e-06,4.139486691201455e-07,19519,
629,9.632951332605444e-06,6.231649649635074e-07,3.5097273975992493e-09,19529,
629,,,,19529,1.0325627044949215e-05
630,1.015192628983641e-05,2.9037607873760862e-06,4.6430739075731253e-07,19539,
630,1.0362367902416736e-05,2.020735337282531e-06,4.134895164042973e-07,19549,
630,9.765980394149665e-06,1.1897835747731733e-06,4.624132543540327e-07,19559,
630,,,,19560,1.0895036211877596e-05
631,1.0881638445425779e-05,2.2163060293678427e-06,4.5487112743103353e-07,19569,
631,1.0673035831132438e-05,2.283574985995074e-06,4.4895256223753677e-07,19579,
631,9.6138455774053e-06,1.2362689858491649e-06,4.4297783574620553e-07,19589,
631,,,,19591,1.0119693797605578e-05
632,1.0035501873062458e-05,1.49248455727502e-06,4.77936907827825e-07,19599,
632,9.49648892856203e-06,2.186679921578616e-06,4.21833277641781e-07,19609,
632,1.0467005267855711e-05,1.9626645553216804e-06,4.3460792653604585e-07,19619,
632,,,,19622,1.0013990504376125e-05
633,1.0111021765624173e-05,1.770704216141894e-06,4.5540801352217386e-07,19629,
633,9.093428161577322e-06,1.2038643717460218e-06,4.3495288082340267e-07,19639,
633,9.123202289629262e-06,1.2440732461982407e-06,4.111864484457328e-07,19649,
633,,,,19653,1.009191146295052e-05
634,9.992782906920183e-06,1.4793643003940815e-06,4.284522958641901e-07,19659,
634,9.32335478864843e-06,1.1199335858691484e-06,4.4134520749139483e-07,19669,
634,8.897001862351317e-06,1.4689919680677122e-06,4.1201798239853815e-07,19679,
634,,,,19684,9.791864613362122e-06
635,1.1368450941517949e-05,2.880564352381043e-06,5.084477265882015e-07,19689,
635,1.0118399586644955e-05,1.3874255273549352e-06,4.3353310275051626e-07,19699,
635,9.78783646132797e-06,1.7523803990115994e-06,4.3984030639876437e-07,19709,
635,,,,19715,1.0131278941116761e-05
636,1.5749483281979337e-05,3.697045485751005e-06,4.439408201051265e-07,19719,
636,1.0797124559758231e-05,2.4468749870720785e-06,4.6104858597573184e-07,19729,
636,9.694252184999641e-06,1.296810296480544e-06,4.0984625115925155e-07,19739,
636,,,,19746,1.2611637430381961e-05
637,1.7157686670543626e-05,4.055986210005358e-06,4.2556027324280876e-07,19749,
637,1.2138294550823048e-05,7.939405804791022e-06,4.0214041518993326e-07,19759,
637,1.0676978490664624e-05,1.9598473954829387e-06,4.288133936825034e-07,19769,
637,,,,19777,1.4459355043072719e-05
638,1.769950904417783e-05,5.146032435732195e-06,4.5205317178442783e-07,19779,
638,1.087957207346335e-05,3.4795154988387367e-06,4.86940905375377e-07,19789,
638,9.411093742528465e-06,1.5409294746859814e-06,4.2334681893407833e-07,19799,
638,,,,19808,9.841068276728038e-06
639,9.915015652950387e-06,1.3842042108080932e-06,4.161537958680128e-07,19809,
639,9.141321243077982e-06,1.5455992752322345e-06,4.636747803488106e-07,19819,
639,9.169581971946172e-06,1.1757427955672028e-06,4.1742279677237093e-07,19829,
639,8.939000508689787e-06,6.473153462138725e-07,3.5276994658772765e-09,19839,
639,,,,19839,1.0231384294456802e-05
640,9.589793990016915e-06,2.790728331092396e-06,4.6759612359892344e-07,19849,
640,9.61935984378215e-06,2.246890744572738e-06,4.171100727035082e-07,19859,
640,9.205405149259605e-06,1.1080161357313045e-06,4.669416284741601e-07,19869,
640,,,,19870,9.505431080469862e-06
641,9.097419933823403e-06,1.8700426380746649e-06,4.5892119260315667e-07,19879,
641,9.932121429301333e-06,2.7138355562783545e-06,4.52906419923238e-07,19889,
641,9.277357094106264e-06,1.2822291637348826e-06,4.471107502013183e-07,19899,
641,,,,19901,9.869091627479065e-06
642,9.826318091654684e-06,1.9935139334847918e-06,4.818407433049288e-07,19909,
642,1.0883001777983736e-05,3.480348823359236e-06,4.24901259066246e-07,19919,
642,9.442975169804413e-06,1.5488994904444553e-06,4.380878522169951e-07,19929,
642,,,,19932,9.57476095209131e-06
643,9.90184344118461e-06,1.303151179854467e-06,4.589025195400609e-07,19939,
643,1.0053531696030404e-05,2.811441390804248e-06,4.3857025389115734e-07,19949,
643,8.865274139679968e-06,1.9525677998899482e-06,4.1483471591163834e-07,19959,
643,,,,19963,1.0001082046073861e-05
644,1.0038981599791441e-05,1.8755929431790719e-06,4.320500579524378e-07,19969,
644,1.0358352483308408e-05,3.4728691389318556e-06,4.4541667421071907e-07,19979,
644,9.388378202856984e-06,2.6957957288686885e-06,4.156558190970827e-07,19989,
644,,,,19994,1.0975694749504328e-05
645,1.142760447692126e-05,4.741017619380727e-06,5.121930826135213e-07,19999,
645,1.1977671420027036e-05,2.6475063350517303e-06,4.3709982833206595e-07,20009,
645,9.61120895226486e-06,2.612623802633607e-06,4.4324551140562107e-07,20019,
645,,,,20025,1.0841930816241074e-05
646,1.6445472283521667e-05,1.8630496924743056e-05,4.4735656956618186e-07,20029,
646,1.2747552318614908e-05,6.3783154473640025e-06,4.6482529114655335e-07,20039,
646,1.041465930029517e-05,2.8076080980099505e-06,4.131202331336681e-07,20049,
646,,,,20056,1.3265554116514977e-05
647,1.1490476936160121e-05,3.8038431284803664e-06,4.280577456938772e-07,20059,
647,9.987959856516682e-06,1.65072913205222e-06,4.048069683904032e-07,20069,
647,9.717005923448596e-06,1.394103492202703e-06,4.327980036578083e-07,20079,
647,,,,20087,1.1675735549943056e-05
648,1.2959932064404711e-05,5.1347319640626665e-06,4.5489571220969083e-07,20089,
648,9.754072380019352e-06,2.226762944701477e-06,4.918555305266636e-07,20099,
648,8.995358257379849e-06,1.153683570009889e-06,4.271072384653962e-07,20109,
648,,,,20118,1.0389231647423003e-05
649,1.039450853568269e-05,2.1784189812024124e-06,4.192267510916281e-07,20119,
649,9.145484909822699e-06,2.13268208426598e-06,4.6719668489458854e-07,20129,
649,8.683485248184297e-06,1.1274327107457793e-06,4.2043700432259357e-07,20139,
649,8.472102308587637e-06,6.565807098013465e-07,3.5448508572955006e-09,20149,
649,,,,20149,1.0353779543947894e-05
650,9.660633622843307e-06,1.925402784763719e-06,4.7124427737799124e-07,20159,
650,8.505009645887185e-06,1.2747672144541866e-06,4.203395462809567e-07,20169,
650,8.884616363502573e-06,1.078796685760608e-06,4.7055411300789274e-07,20179,
650,,,,20180,1.0488505722605623e-05
651,9.433641025680117e-06,2.7763803700509015e-06,4.6241021323112363e-07,20189,
651,9.10348171601072e-06,1.7336615201202221e-06,4.561610467135324e-07,20199,
651,8.996597898658365e-06,1.040245479089208e-06,4.5062134290674294e-07,20209,
651,,,,20211,9.753618542163167e-06
652,8.817821253614966e-06,1.2621968608073075e-06,4.857874387198535e-07,20219,
652,8.354518286068924e-06,1.0694890306695015e-06,4.280811936041573e-07,20229,
652,8.670755960338283e-06,1.15176294457342e-06,4.4160006495985726e-07,20239,
652,,,,20242,8.90609862835845e-06
653,8.926732334657572e-06,1.2416433037287788e-06,4.627657972378074e-07,20249,
653,8.706451808393467e-06,1.320401679549832e-06,4.4248380959288625e-07,20259,
653,9.42102815315593e-06,1.8897413838203647e-06,4.1807902562140953e-07,20269,
653,,,,20273,1.0502170880499762e-05
654,1.0046544048236683e-05,3.4197444165329216e-06,4.351731490714883e-07,20279,
654,9.232494448951911e-06,1.4174777334119426e-06,4.483412112676888e-07,20289,
654,9.358876923215576e-06,2.53949860962166e-06,4.1904860381691833e-07,20299,
654,,,,20304,9.789461728360038e-06
655,9.480409062234685e-06,1.4738037634742795e-06,5.167279937268177e-07,20309,
655,8.908893505576998e-06,1.6542282992304536e-06,4.405988534017524e-07,20319,
655,8.812137821223587e-06,1.6158932112375624e-06,4.4721110725731705e-07,20329,
655,,,,20335,1.1501703738758806e-05
656,1.0690995623008348e-05,2.523015837141429e-06,4.5050200014884467e-07,20339,
656,8.818037713353988e-06,1.517974510534259e-06,4.690033392762416e-07,20349,
656,8.620731023256667e-06,1.334717467216251e-06,4.158377180374373e-07,20359,
656,,,,20366,1.0177974218095187e-05
657,1.429293661203701e-05,5.8647051446314435e-06,4.3206546251894906e-07,20369,
657,9.255013537767809e-06,2.919337703133351e-06,4.081052509263827e-07,20379,
657,1.159986095444765e-05,7.022189038252691e-06,4.366843313619029e-07,20389,
657,,,,20397,1.4212548194336705e-05
658,2.0318968381616287e-05,3.225612090318464e-05,4.595740108470636e-07,20399,
658,1.0654711331881117e-05,6.156788003863767e-06,4.94754090141214e-07,20409,
658,9.751032848726027e-06,2.6741645342553966e-06,4.301798242067889e-07,20419,
658,,,,20428,1.3530205251299776e-05
659,1.3403461707639508e-05,4.9477034735900816e-06,4.2236550257257477e-07,20429,
659,1.019818773784209e-05,2.5478705083514797e-06,4.6965399747023184e-07,20439,
659,8.979623089544475e-06,1.3673420653503854e-06,4.2286532675461785e-07,20449,
659,8.590139259467833e-06,1.079376147572475e-06,3.565398642990658e-09,20459,
659,,,,20459,1.1694818567775656e-05
660,9.493752259004395e-06,1.6330010339515866e-06,4.749088589051098e-07,20469,
660,8.732530659472104e-06,1.4651712945124018e-06,4.235093342686014e-07,20479,
660,8.346934919245541e-06,1.1136388593513402e-06,4.7492710564256413e-07,20489,
660,,,,20490,9.942134056473151e-06
661,9.115618013311177e-06,1.6810554370749742e-06,4.664071298066119e-07,20499,
661,8.60991349327378e-06,1.0487327699593152e-06,4.6009799348212255e-07,20509,
661,8.579891982662957e-06,1.0120249953615712e-06,4.5458435238288075e-07,20519,
661,,,,20521,9.107054211199284e-06
662,8.501107004121877e-06,1.3390888398134848e-06,4.893586833532027e-07,20529,
662,8.051157237787265e-06,1.041262748913141e-06,4.314562147555989e-07,20539,
662,8.51057302497793e-06,1.1725011290764087e-06,4.450525921129156e-07,20549,
662,,,,20552,9.357571798318531e-06
663,8.628057003079448e-06,1.24426787806442e-06,4.6640258233310306e-07,20559,
663,8.223933036788367e-06,1.1708210649885586e-06,4.462011986561265e-07,20569,
663,7.865424777264707e-06,9.67163941822946e-07,4.213531497043732e-07,20579,
663,,,,20583,9.012729606183711e-06
664,8.535384949936997e-06,1.4569210406989441e-06,4.385865679523704e-07,20589,
664,9.361746378999669e-06,1.2454233910830226e-06,4.5198132170298777e-07,20599,
664,8.126551620080136e-06,1.2473088872866356e-06,4.222596317049465e-07,20609,
664,,,,20614,9.353534551337361e-06
665,1.0080634638143238e-05,2.0412619505805196e-06,5.210890776652377e-07,20619,
665,9.459746252105106e-06,1.4848345699647325e-06,4.4416935907065636e-07,20629,
665,8.352668373845518e-06,1.0773001122288406e-06,4.510692690473661e-07,20639,
665,,,,20645,9.856057658907957e-06
666,1.1216006896574982e-05,2.802989911288023e-06,4.535788207249425e-07,20649,
666,8.966320820036344e-06,2.6340403564972803e-06,4.7322623686341103e-07,20659,
666,8.190188054868486e-06,1.0106899708262063e-06,4.1952910123654874e-07,20669,
666,,,,20676,9.718712135509122e-06
667,1.0529068276809994e-05,2.188382495660335e-06,4.3489453105394205e-07,20679,
667,8.091997187875677e-06,1.1502617098813062e-06,4.109808457997133e-07,20689,
667,8.234203960455488e-06,1.1691679446812486e-06,4.404286073622643e-07,20699,
667,,,,20707,9.016092917590868e-06
668,1.0388649570813868e-05,1.658428686823754e-06,4.628702185982547e-07,20709,
668,8.360258107131813e-06,1.0977593092320603e-06,4.992395474801015e-07,20719,
668,8.191225788323209e-06,1.7612013607504196e-06,4.3380379111113143e-07,20729,
668,,,,20738,8.849051482684445e-06
669,8.860889465722721e-06,1.701399810372095e-06,4.260483592588571e-07,20739,
669,8.839051588438451e-06,2.5328424726467347e-06,4.7414047799065884e-07,20749,
669,8.339660780620761e-06,2.0651229988288833e-06,4.2658379584281647e-07,20759,
669,7.656090019736439e-06,5.651519927596382e-07,3.5856557722979687e-09,20769,
669,,,,20769,9.902594683808275e-06
670,9.57566862780368e-06,3.617338734329678e-06,4.785917440131016e-07,20779,
670,9.020056495501194e-06,2.3307504761760356e-06,4.270081319646124e-07,20789,
670,9.169250915874727e-06,1.452198944207339e-06,4.787470970768481e-07,20799,
670,,,,20800,1.0258626389259007e-05
671,9.91523211268941e-06,2.2382157567335526e-06,4.7011496917548357e-07,20809,
671,8.691731636645272e-06,1.760591885613394e-06,4.640245663267706e-07,20819,
671,8.431127753283363e-06,1.4679313835586072e-06,4.5814368831997854e-07,20829,
671,,,,20831,9.323712220066227e-06
672,9.387260433868505e-06,1.8462848174749524e-06,4.936943582833919e-07,20839,
672,7.974685104272794e-06,1.1166416697960813e-06,4.3519415271475737e-07,20849,
672,8.403328138228972e-06,1.152735308096453e-06,4.486140312565112e-07,20859,
672,,,,20862,8.985778549686074e-06
673,8.503173376084305e-06,1.6731746654841118e-06,4.704950811174058e-07,20869,
673,7.807752808730584e-06,1.0838039088412188e-06,4.4990295577918005e-07,20879,
673,7.563042800029507e-06,9.799092595130787e-07,4.2499266328377416e-07,20889,
673,,,,20893,8.756139322940726e-06
674,8.81688447407214e-06,1.8984572989211301e-06,4.422782069468667e-07,20899,
674,8.336908649653196e-06,1.4970032680139411e-06,4.55436946822374e-07,20909,
674,7.804620508977678e-06,1.0954039453281439e-06,4.258046431004914e-07,20919,
674,,,,20924,9.266083907277789e-06
675,9.708750440040603e-06,2.479763452356565e-06,5.258042961031606e-07,20929,
675,8.625177542853635e-06,1.1295300055280677e-06,4.4755569206245127e-07,20939,
675,8.418975994572975e-06,1.2550677865874604e-06,4.5487234956453904e-07,20949,
675,,,,20955,8.897071893443353e-06
676,1.0413577911094762e-05,2.3381953724310733e-06,4.5727003339379735e-07,20959,
676,8.250253813457675e-06,1.6341952004950144e-06,4.772681450049276e-07,20969,
676,8.348487426701467e-06,1.360415694762196e-06,4.2279259560018545e-07,20979,
676,,,,20986,9.432945262233261e-06
677,9.650922947912477e-06,3.333520680826041e-06,4.3840992702826043e-07,20989,
677,9.030686669575516e-06,1.7689080777927302e-06,4.1425644781156734e-07,20999,
677,7.943847776914481e-06,1.4256637541620876e-06,4.441881173988804e-07,21009,
677,,,,21017,1.0103957720275503e-05
678,1.2471623449528124e-05,2.848537178579136e-06,4.6762107785980334e-07,21019,
678,9.04438547877362e-06,6.057969585526735e-06,5.032480316913279e-07,21029,
678,9.953109838534147e-06,2.996383045683615e-06,4.371059389995935e-07,21039,
678,,,,21048,1.0108164133271202e-05
679,1.0030028533947188e-05,1.945832536875969e-06,4.293855226933374e-07,21049,
679,8.50278593134135e-06,1.7480168708061683e-06,4.772259103447141e-07,21059,
679,7.965983968460932e-06,1.4479103356279666e-06,4.295146140975703e-07,21069,
679,7.345184712903574e-06,8.370959108106035e-07,3.612704801980726e-09,21079,
679,,,,21079,9.113212399824988e-06
680,8.497082490066532e-06,2.8639519769058097e-06,4.821618517780735e-07,21089,
680,8.126936336338986e-06,2.275930000905646e-06,4.301782325910608e-07,21099,
680,7.97729899204569e-06,1.0618903161230264e-06,4.833421485272993e-07,21109,
680,,,,21110,8.642453394713812e-06
681,8.010578312678263e-06,1.2918026186525822e-06,4.738110988000699e-07,21119,
681,8.174208232958335e-06,2.1910027498961426e-06,4.6823271304674563e-07,21129,
681,7.732983249297831e-06,1.0507546903681941e-06,4.628213901014533e-07,21139,
681,,,,21141,7.863812243158463e-06
682,8.04629144113278e-06,1.49172012697818e-06,4.977443381903868e-07,21149,
682,1.0179212949879002e-05,5.507901278178906e-06,4.3925788872911653e-07,21159,
682,8.086785783234518e-06,1.7323163774563e-06,4.526541204086243e-07,21169,
682,,,,21172,9.337725714431144e-06
683,9.464654795010574e-06,2.011214746744372e-06,4.743372414850455e-07,21179,
683,1.0184046004724223e-05,4.02037039748393e-06,4.5382884650280175e-07,21189,
683,8.064983376243617e-06,2.6189024993072962e-06,4.2832351709876093e-07,21199,
683,,,,21203,1.2309866178839002e-05
684,1.006855472951429e-05,2.231553253295715e-06,4.4644812646765786e-07,21209,
684,9.573755960445851e-06,2.5528904643579153e-06,4.5891189870417293e-07,21219,
684,7.679311238462105e-06,1.4882131154081435e-06,4.2882450657089066e-07,21229,
684,,,,21234,1.0982504136336502e-05
685,1.0223260687780567e-05,2.140005562978331e-06,5.288757165544666e-07,21239,
685,8.72368946147617e-06,2.0465463421714958e-06,4.5093383960193023e-07,21249,
685,8.27213534648763e-06,1.4049708170205122e-06,4.581691825933376e-07,21259,
685,,,,21265,9.109614438784774e-06
686,8.48249237606069e-06,1.5407994169436279e-06,4.5966964989929693e-07,21269,
686,7.441325124091236e-06,1.364911099699384e-06,4.813286409444117e-07,21279,
686,7.46070281820721e-06,1.0095008065036382e-06,4.256841634742159e-07,21289,
686,,,,21296,8.245640856330283e-06
687,8.232403160945978e-06,1.7386182662448846e-06,4.4131951426606975e-07,21299,
687,7.592004749312764e-06,1.0463438684382709e-06,4.17272900676835e-07,21309,
687,7.433900009345962e-06,1.0802642691487563e-06,4.4809073074247863e-07,21319,
687,,,,21327,8.117482138914056e-06
688,9.10245580598712e-06,2.048285978162312e-06,4.7083420895432937e-07,21329,
688,7.816315701347776e-06,1.2465468444133876e-06,5.070246515970211e-07,21339,
688,7.49905393604422e-06,1.7095125031119096e-06,4.4005537347402424e-07,21349,
688,,,,21358,8.111997885862365e-06
689,8.162557605828624e-06,2.0992586087231757e-06,4.328071838699543e-07,21359,
689,7.786270543874707e-06,1.8198085172116407e-06,4.813358032151882e-07,21369,
689,8.233520929934457e-06,1.937554998221458e-06,4.3298641116962244e-07,21379,
689,6.863616363261826e-06,7.469156457773352e-07,3.6318559271109052e-09,21389,
689,,,,21389,8.883052032615524e-06
690,9.069824045582209e-06,2.098612412737566e-06,4.865524942943011e-07,21399,
690,8.052979865169618e-06,1.4594347703678068e-06,4.3388831727497745e-07,21409,
690,7.930662832222879e-06,1.0909722050200799e-06,4.871860710409237e-07,21419,
690,,,,21420,9.033754395204596e-06
691,8.375434845220298e-06,2.8608944830921246e-06,4.778146944772743e-07,21429,
691,8.654710654809605e-06,1.932994109665742e-06,4.7239120704034576e-07,21439,
691,7.733464371995069e-06,1.2841604757340974e-06,4.6637930495307955e-07,21449,
691,,,,21451,8.569316378270742e-06
692,8.625988812127616e-06,1.916625478770584e-06,5.016135560254043e-07,21459,
692,7.5271686910127755e-06,1.4856587995382142e-06,4.4275435584495426e-07,21469,
692,7.785521120240446e-06,1.5211048776109237e-06,4.557561794626963e-07,21479,
692,,,,21482,7.782637112541124e-06
693,7.854706382204313e-06,1.366942001368443e-06,4.777270987688098e-07,21489,
693,7.766446287860163e-06,1.6039836054915213e-06,4.580032282319735e-07,21499,
693,7.523103704443201e-06,1.5618479665135965e-06,4.3203564814575657e-07,21509,
693,,,,21513,8.269666977867018e-06
694,7.87449062045198e-06,1.5407104001496918e-06,4.4973626245337073e-07,21519,
694,8.039010936045088e-06,1.3207619531385717e-06,4.626796794582333e-07,21529,
694,7.744993126834743e-06,1.3145032653483213e-06,4.3250557268947887e-07,21539,
694,,,,21544,8.075591722445097e-06
695,8.290444384329021e-06,1.495270112172875e-06,5.345469844542095e-07,21549,
695,7.716774234722834e-06,1.0473708016434102e-06,4.5496051370719215e-07,21559,
695,7.768080649839249e-06,1.0658992550816038e-06,4.626273266694625e-07,21569,
695,,,,21575,7.667686986678746e-06
696,7.6600199463428e-06,2.0124150523770368e-06,4.636073640540417e-07,21579,
696,7.653555258002598e-06,1.55661598455481e-06,4.856408963860304e-07,21589,
696,7.5034854489786085e-06,1.117348688239872e-06,4.292120081572648e-07,21599,
696,,,,21606,8.752397661737632e-06
697,9.548045454721432e-06,5.768578830611659e-06,4.452389248399413e-07,21609,
697,7.890380402386654e-06,1.807611283766164e-06,4.199771126423002e-07,21619,
697,7.319137239392148e-06,1.0553078482189449e-06,4.518502123573853e-07,21629,
697,,,,21637,7.771055607008748e-06
698,8.717367563804146e-06,1.7881211533676833e-06,4.74594941124451e-07,21639,
698,7.5380589805718046e-06,1.480718310631346e-06,5.108104801365698e-07,21649,
698,7.102077688614372e-06,1.3935261904407525e-06,4.434155584931432e-07,21659,
698,,,,21668,7.85417159931967e-06
699,7.935044777696021e-06,1.4494806919174152e-06,4.3614784317469457e-07,21669,
699,7.763451321807224e-06,3.6568653740687296e-06,4.849986225963221e-07,21679,
699,8.898718078853562e-06,2.501339849914075e-06,4.3642106106744905e-07,21689,
699,6.345428573695244e-06,7.698919262111303e-07,3.6625582566784942e-09,21699,
699,,,,21699,8.035206519707572e-06
700,7.3211713242926635e-06,1.7639682710068882e-06,4.902048544863646e-07,21709,
700,7.063179054966895e-06,1.3307455901667709e-06,4.369326234154869e-07,21719,
700,7.228278718685033e-06,1.2356076695141383e-06,4.918007903143007e-07,21729,
700,,,,21730,7.93970775703201e-06
701,7.326419563469244e-06,1.6704924519217457e-06,4.81498034332617e-07,21739,
701,8.127218279696535e-06,2.32450452131161e-06,4.761897116623004e-07,21749,
701,7.20928619557526e-06,1.1016915095751756e-06,4.7074428266569157e-07,21759,
701,,,,21761,7.197993454610696e-06
702,7.559021923952969e-06,1.4020434946360183e-06,5.056198233432951e-07,21769,
702,9.700955160951708e-06,4.850337518291781e-06,4.4625153350352775e-07,21779,
702,7.464647296728799e-06,1.5381792763946578e-06,4.597354177349189e-07,21789,
702,,,,21792,9.820810191740748e-06
703,1.0536682566453237e-05,2.447884753564722e-06,4.819904120267893e-07,21799,
703,1.1801704204117414e-05,3.724215957845445e-06,4.615772866145562e-07,21809,
703,8.307950338348746e-06,2.4387650228163693e-06,4.3504090285750863e-07,21819,
703,,,,21823,1.2335783139860723e-05
704,1.0112366908288095e-05,2.729990910665947e-06,4.531696617959824e-07,21829,
704,1.020816489472054e-05,2.1825105704920134e-06,4.6629318717350543e-07,21839,
704,7.505831490561832e-06,2.0102172584302025e-06,4.3590841869445285e-07,21849,
704,,,,21854,1.648933903197758e-05
705,1.436999809811823e-05,9.963953743863385e-06,5.381403980209143e-07,21859,
705,9.089890227187425e-06,2.116204314006609e-06,4.583940835800604e-07,21869,
705,7.985207048477605e-06,1.5297545132852974e-06,4.6537277853531123e-07,21879,
705,,,,21885,1.281037475564517e-05
706,9.790246622287668e-06,1.8890076489697094e-06,4.668065685109468e-07,21889,
706,7.884079423092771e-06,1.5804546364961425e-06,4.88884836613579e-07,21899,
706,8.04512728791451e-06,1.5702233895353856e-06,4.316981403462705e-07,21909,
706,,,,21916,1.104838702303823e-05
707,9.051252163772006e-06,2.0859627056779573e-06,4.4770897034140944e-07,21919,
707,7.5527750595938414e-06,1.7046304492396303e-06,4.231168304613675e-07,21929,
707,7.0146083999134135e-06,1.16528531179938e-06,4.552207997221558e-07,21939,
707,,,,21947,7.331632787099807e-06
708,7.926253601908684e-06,1.3260108744361787e-06,4.772584247803024e-07,21949,
708,6.9515886025328655e-06,9.629144415157498e-07,5.137287644174648e-07,21959,
708,6.6440402406442445e-06,9.236715641236515e-07,4.458129581053072e-07,21969,
708,,,,21978,8.00364159658784e-06
709,8.118637197185308e-06,1.06093409613095e-06,4.3897586010643863e-07,21979,
709,6.65028119328781e-06,1.0394704759164597e-06,4.876238222095708e-07,21989,
709,6.601031600439455e-06,9.381400900565495e-07,4.3906635482926504e-07,21999,
709,5.834580861119321e-06,5.514787631000218e-07,3.6817433546332268e-09,22009,
709,,,,22009,7.059214112814516e-06
710,7.286530944838887e-06,1.4344941519084387e-06,4.935294555252767e-07,22019,
710,6.402157396223629e-06,9.203550916936365e-07,4.3988328002342314e-07,22029,
710,6.831416612840258e-06,9.741892199599533e-07,4.956031602887379e-07,22039,
710,,,,22040,7.1881786425365135e-06
711,7.204675512184622e-06,2.300014784850646e-06,4.847228751714283e-07,22049,
711,6.8671884037030395e-06,1.018361899696174e-06,4.796319217348355e-07,22059,
711,7.574965366075048e-06,1.3252247299533337e-06,4.7432388328161323e-07,22069,
711,,,,22071,8.244513992394786e-06
712,8.675903700350318e-06,2.49554045694822e-06,5.09038443397003e-07,22079,
712,6.807379577367101e-06,1.3326897487786482e-06,4.493081178225111e-07,22089,
712,7.679707778152078e-06,1.5627534821760491e-06,4.6277378373815736e-07,22099,
712,,,,22102,8.858178262016736e-06
713,8.463051926810294e-06,2.195393562942627e-06,4.849263177675311e-07,22109,
713,7.0131782194948755e-06,1.3387888202487375e-06,4.6569334699597675e-07,22119,
713,6.738256615790306e-06,1.133293949351355e-06,4.385921954508376e-07,22129,
713,,,,22133,7.362628821283579e-06
714,7.025416380201932e-06,1.0742747917902307e-06,4.5632017986463325e-07,22139,
714,6.780603143852204e-06,8.715193757780071e-07,4.696713347129844e-07,22149,
714,6.4613695940352045e-06,1.0455986512170057e-06,4.3884949718631105e-07,22159,
714,,,,22164,7.0409691943496e-06
715,7.109176749509061e-06,1.3828232567902887e-06,5.427798441814957e-07,22169,
715,7.02319402989815e-06,1.1084797506555333e-06,4.619608375833195e-07,22179,
715,6.697692697343882e-06,1.0307639968232252e-06,4.6957586619100766e-07,22189,
715,,,,22195,7.835758879082277e-06
716,9.395286724611651e-06,2.5851186364889145e-06,4.699665794305474e-07,22199,
716,8.020178029255476e-06,2.380036676186137e-06,4.932909973831556e-07,22209,
716,7.684039701416623e-06,1.3906382037021103e-06,4.352517635197728e-07,22219,
716,,,,22226,9.00578834261978e-06
717,9.612823305360507e-06,2.372445578657789e-06,4.5169966256253247e-07,22229,
717,7.3325745688634925e-06,1.4257502698455937e-06,4.2574851022436633e-07,22239,
717,6.727622348989826e-06,1.116496378017473e-06,4.5936522496958787e-07,22249,
717,,,,22257,7.458064374077367e-06
718,8.897909538063686e-06,2.2356086901709205e-06,4.815237844013609e-07,22259,
718,7.936509973660577e-06,3.160995447615278e-06,5.184820679460245e-07,22269,
718,7.225149602163583e-06,1.1667488024613704e-06,4.495042276175809e-07,22279,
718,,,,22288,8.571971193305217e-06
719,8.642812645121012e-06,1.6399035303038545e-06,4.426028681336902e-07,22289,
719,7.3390110628679395e-06,2.4206376565416576e-06,4.912487838737434e-07,22299,
719,7.1930530793906655e-06,1.236734533449635e-06,4.4224617568033864e-07,22309,
719,6.274796760408208e-06,9.915106602420565e-07,3.7079475045942445e-09,22319,
719,,,,22319,8.990334208647255e-06
720,9.025166036735754e-06,5.893664365430595e-06,4.974979219696252e-07,22329,
720,7.660735718673095e-06,2.0511886305030202e-06,4.4319145331428444e-07,22339,
720,6.732144811394392e-06,1.3281483006721828e-06,4.997189648747735e-07,22349,
720,,,,22350,1.1380138857930433e-05
721,8.19268825580366e-06,4.921626441500848e-06,4.887616569249076e-07,22359,
721,7.205714609881397e-06,1.3214947784945252e-06,4.84087138374889e-07,22369,
721,6.646941073995549e-06,1.3016665434406605e-06,4.783044005307602e-07,22379,
721,,,,22381,7.363842087215744e-06
722,7.495752015529433e-06,2.9342488687689183e-06,5.126409519107256e-07,22389,
722,6.343322638713289e-06,1.6776101574578206e-06,4.524069652234175e-07,22399,
722,6.7413734541332815e-06,1.1370366337359883e-06,4.663164361318195e-07,22409,
722,,,,22412,6.90550405124668e-06
723,7.007002750469837e-06,1.6982609167826013e-06,4.892723950433719e-07,22419,
723,6.227784979273565e-06,1.1053474509026273e-06,4.6942011522332905e-07,22429,
723,6.186558948684251e-06,1.1166752074132091e-06,4.4221189909876557e-07,22439,
723,,,,22443,7.429548531945329e-06
724,6.643877441092627e-06,1.6152977195815765e-06,4.6057999725235277e-07,22449,
724,7.177507995947963e-06,1.2111585192542407e-06,4.734313847620797e-07,22459,
724,6.2936828726378735e-06,8.753897304814018e-07,4.4247775576877757e-07,22469,
724,,,,22474,8.279878784378525e-06
725,1.1962077223870438e-05,3.4123568184440956e-06,5.475928332998592e-07,22479,
725,8.523828000761569e-06,2.2329027160594705e-06,4.6579486934206216e-07,22489,
725,6.901340384501964e-06,1.2838138445658842e-06,4.7354325261039776e-07,22499,
725,,,,22505,7.443976755894255e-06
726,7.173104677349329e-06,1.5062269085319713e-06,4.7313193363152095e-07,22509,
726,6.6940906435775105e-06,1.1902662890861393e-06,4.975025831299718e-07,22519,
726,6.615272468479816e-06,1.1311202570141177e-06,4.3874939592569717e-07,22529,
726,,,,22536,8.902857189241331e-06
727,1.1649724910967052e-05,3.633964070104412e-06,4.554870542960998e-07,22539,
727,8.683593478053808e-06,2.168446826544823e-06,4.287757349175081e-07,22549,
727,6.535813554364722e-06,8.807750759842747e-07,4.632612444765982e-07,22559,
727,,,,22567,6.891512384754606e-06
728,8.10567507869564e-06,2.495073204045184e-06,4.860262379224878e-07,22569,
728,6.9155967139522545e-06,1.7317639731118106e-06,5.214759539740044e-07,22579,
728,6.618112365686102e-06,1.105152364289097e-06,4.5235390189191094e-07,22589,
728,,,,22598,8.086096386250574e-06
729,8.165226972778328e-06,1.7962756828637794e-06,4.457637032828643e-07,22599,
729,6.687443146802252e-06,1.985265726034413e-06,4.943456133332802e-07,22609,
729,6.984051196923247e-06,1.1446035159679013e-06,4.451609640909737e-07,22619,
729,5.181606866244692e-06,6.553738671755127e-07,3.73620201443714e-09,22629,
729,,,,22629,6.847175427537877e-06
730,6.563081569765927e-06,2.0713948742923094e-06,5.016088948650577e-07,22639,
730,6.696520813420648e-06,1.5814836160643608e-06,4.466365055577626e-07,22649,
730,6.205379122548038e-06,1.0803073564602528e-06,5.040464543526468e-07,22659,
730,,,,22660,7.50087519918452e-06
731,6.9627672019123565e-06,2.4982662125694333e-06,4.9234421339861e-07,22669,
731,7.714100320299622e-06,3.1137835776462452e-06,4.873772923019715e-07,22679,
731,6.5697854552126955e-06,1.0964154171233531e-06,4.825020596399554e-07,22689,
731,,,,22691,6.3723155108164065e-06
732,6.634794772253372e-06,1.3235468259154004e-06,5.17123964982602e-07,22699,
732,7.113113497325685e-06,3.2521832054044353e-06,4.564908522297628e-07,22709,
732,7.43136479286477e-06,1.5586686004098738e-06,4.702813782841986e-07,22719,
732,,,,22722,8.020574568945449e-06
733,7.859910510887858e-06,1.960751433216501e-06,4.934553317070822e-07,22729,
733,7.360345080087427e-06,1.8087805528921308e-06,4.73580314519495e-07,22739,
733,6.578122338396497e-06,1.13514590793784e-06,4.4557285150403914e-07,22749,
733,,,,22753,7.441611614922294e-06
734,8.009024895727634e-06,4.544429884845158e-06,4.6460465341624513e-07,22759,
734,6.898100309626898e-06,2.8896183721371926e-06,4.770325290337496e-07,22769,
734,6.303320787992561e-06,1.1463397413535859e-06,4.458167950360803e-07,22779,
734,,,,22784,7.228931281133555e-06
735,1.0569607184152119e-05,4.835597337660147e-06,5.520765853361809e-07,22789,
735,8.315601917274762e-06,2.246947133244248e-06,4.6941153186708107e-07,22799,
735,7.05305001247325e-06,2.0811787635466317e-06,4.772559236698726e-07,22809,
735,,,,22815,1.0246806596114766e-05
736,1.5892437659204006e-05,1.3252752069092821e-05,4.76961304229917e-07,22819,
736,8.842917850415688e-06,2.180336878154776e-06,5.014408088754863e-07,22829,
736,7.262795861606719e-06,1.200268457068887e-06,4.4198779391990684e-07,22839,
736,,,,22846,8.330492164532188e-06
737,1.0933026715065353e-05,3.5320088045409648e-06,4.5740051746179233e-07,22849,
737,6.665234195679659e-06,2.0385866719152546e-06,4.318026185501367e-07,22859,
737,6.5572448875172995e-06,8.819856134323345e-07,4.6663441821692686e-07,22869,
737,,,,22877,8.844753210723866e-06
738,9.591035450284835e-06,2.0778477392013883e-06,4.889578804068151e-07,22879,
738,6.728277185175102e-06,1.008856429507432e-06,5.251515062809631e-07,22889,
738,6.123906132415868e-06,9.807982905840618e-07,4.5510432755691e-07,22899,
738,,,,22908,7.0431860876851715e-06
739,7.083478067215765e-06,1.8780364143822226e-06,4.4924399844603613e-07,22909,
739,6.1760306380165275e-06,9.972773113986477e-07,4.977768526259752e-07,22919,
739,5.998443612043047e-06,9.571180044076755e-07,4.4833672063759877e-07,22929,
739,4.855792667513015e-06,5.49074115951953e-07,3.762278044661116e-09,22939,
739,,,,22939,6.58906083117472e-06
740,6.3409815993509255e-06,1.092811089620227e-06,5.057360681348655e-07,22949,
740,6.034611942595802e-06,1.0472872418176848e-06,4.4939619670003594e-07,22959,
740,5.905506895942381e-06,8.697837188265112e-07,5.078693448012928e-07,22969,
740,,,,22970,6.5317312873958144e-06
741,6.053380730008939e-06,1.1847081395899295e-06,4.960855903846095e-07,22979,
741,6.042152563168202e-06,9.082928045245353e-07,4.91752075504337e-07,22989,
741,5.871816028957255e-06,8.126327202262473e-07,4.863138656219235e-07,22999,
741,,,,23001,6.114800726209069e-06
742,6.278604814724531e-06,1.4822018101767753e-06,5.208350444263488e-07,23009,
742,5.632878583128331e-06,8.091217864603095e-07,4.5967249207023997e-07,23019,
742,6.0148804550408386e-06,1.107964862967492e-06,4.73752663765481e-07,23029,
742,,,,23032,6.455917628045427e-06
743,6.490088708233088e-06,1.2462454606065876e-06,4.968348434886138e-07,23039,
743,6.290672899922356e-06,1.9892420368705643e-06,4.778600555255252e-07,23049,
743,6.300184850260848e-06,1.8148956542063388e-06,4.4866294501844095e-07,23059,
743,,,,23063,9.553256859362591e-06
744,8.904317837732378e-06,2.625239403641899e-06,4.670934288242279e-07,23069,
744,7.097658908605808e-06,1.665046511334367e-06,4.802608941645303e-07,23079,
744,6.275649866438471e-06,1.2209704891574802e-06,4.490157152758911e-07,23089,
744,,,,23094,7.704335985181388e-06
745,8.42416011437308e-06,2.933688620032626e-06,5.559317060033209e-07,23099,
745,6.6687489379546605e-06,2.8697584184556035e-06,4.7285240611927293e-07,23109,
745,6.387435860233381e-06,1.9024806761080981e-06,4.805572757504706e-07,23119,
745,,,,23125,8.768477528064977e-06
746,1.0645179827406537e-05,3.143671847283258e-06,4.798815211870533e-07,23129,
746,7.474778158211848e-06,1.7705839354675845e-06,5.054209282207012e-07,23139,
746,6.393649982783245e-06,1.2396955071380944e-06,4.456690874121705e-07,23149,
746,,,,23156,9.11082770471694e-06
747,1.134301237470936e-05,4.0208451537182555e-06,4.617877209511789e-07,23159,
747,6.620203294005478e-06,1.1814992149083992e-06,4.351178972683556e-07,23169,
747,6.075333658372983e-06,1.2774564766004914e-06,4.7120082058427215e-07,23179,
747,,,,23187,7.3883684308384545e-06
748,8.357047590834554e-06,2.288646555825835e-06,4.926434371554933e-07,23189,
748,6.407859473256394e-06,1.057987219610368e-06,5.29083422406984e-07,23199,
748,5.946948022028664e-06,1.8002192518906668e-06,4.582493602356408e-07,23209,
748,,,,23218,6.490369287348585e-06
749,6.549772933794884e-06,1.8099568706020364e-06,4.52339179446426e-07,23219,
749,6.5447202359791845e-06,2.0876059352303855e-06,5.010159043195017e-07,23229,
749,5.819073976454092e-06,1.45630201586755e-06,4.517133334047685e-07,23239,
749,4.453861947695259e-06,4.833084972233337e-07,3.785053159788276e-09,23249,
749,,,,23249,6.718308213748969e-06
750,6.987925644352799e-06,3.3202472877746914e-06,5.091470143270271e-07,23259,
750,5.865849288966274e-06,1.4756615200894885e-06,4.5262760295372573e-07,23269,
750,5.724783932237187e-06,9.263917490898166e-07,5.121501658322813e-07,23279,
750,,,,23280,6.517843758047093e-06
751,6.463278623414226e-06,2.3129014152800664e-06,4.996236384613439e-07,23289,
751,5.895343747397419e-06,1.0816895610332722e-06,4.957708483743772e-07,23299,
751,5.908499133511214e-06,1.1849637076011277e-06,4.903520789412141e-07,23309,
751,,,,23311,6.89917351337499e-06
752,7.882058525865432e-06,2.539070237617125e-06,5.244774001766928e-07,23319,
752,5.605852948065149e-06,1.1341153367538936e-06,4.6312942458826e-07,23329,
752,6.052125627320493e-06,1.7946528032553033e-06,4.769490828948619e-07,23339,
752,,,,23342,6.669402409897884e-06
753,6.975500582484528e-06,2.8498852771008387e-06,5.006180003874761e-07,23349,
753,5.876905106561026e-06,1.052508764587401e-06,4.815389047507779e-07,23359,
753,5.578821401286405e-06,1.279291950595507e-06,4.5229279521663557e-07,23369,
753,,,,23373,7.510143859690288e-06
754,7.149503744585672e-06,2.0498389403655892e-06,4.712498480330396e-07,23379,
754,6.415704319806537e-06,1.527996232653095e-06,4.839518510380003e-07,23389,
754,5.676604814652819e-06,1.2343983826212934e-06,4.521901644238824e-07,23399,
754,,,,23404,6.617786311835516e-06
755,7.796436875651125e-06,1.8341701206736616e-06,5.60053024400986e-07,23409,
755,6.586240942851873e-06,1.9569561118260026e-06,4.7612303433197667e-07,23419,
755,6.682882485620212e-06,1.372612359773484e-06,4.844503678214096e-07,23429,
755,,,,23435,7.953093700052705e-06
756,8.412656825385056e-06,2.0304692043282557e-06,4.826335384677805e-07,23439,
756,6.611197477468522e-06,1.7034484471878386e-06,5.09281449012633e-07,23449,
756,6.143065547803417e-06,1.0071140650325106e-06,4.481974826830992e-07,23459,
756,,,,23466,6.19435604676255e-06
757,6.502251380879898e-06,3.1223346468323143e-06,4.6465729042211024e-07,23469,
757,6.140716322988737e-06,1.5750167676742421e-06,4.376522326765553e-07,23479,
757,6.0731581470463425e-06,1.1605905001488281e-06,4.7453366391891905e-07,23489,
757,,,,23497,7.528092282882426e-06
758,9.191860954160802e-06,3.2957393614196917e-06,4.966359483660199e-07,23499,
758,6.6805523601942696e-06,2.3720594981568865e-06,5.322315246303333e-07,23509,
758,6.563612714671763e-06,1.2439511465345277e-06,4.608113783888257e-07,23519,
758,,,,23528,6.668997684755595e-06
759,6.738326192134991e-06,1.619856675461051e-06,4.557782347092143e-07,23529,
759,7.0183773459575605e-06,3.1400395528180525e-06,5.044681756771752e-07,23539,
759,7.0751325438322965e-06,1.6745154880482005e-06,4.5434737216965004e-07,23549,
759,4.269315923011163e-06,5.751425646849384e-07,3.8172807137470954e-09,23559,
759,,,,23559,6.8688464125443716e-06
760,6.000893790769624e-06,1.0629672715367633e-06,5.13063469043118e-07,23569,
760,6.029997166479006e-06,1.2206852488816367e-06,4.556265196242748e-07,23579,
760,5.840137418999802e-06,9.035393304657191e-07,5.16458726451674e-07,23589,
760,,,,23590,6.68094753564219e-06
761,6.184555331856245e-06,1.483210667174717e-06,5.030065608480072e-07,23599,
761,6.244172709557461e-06,2.574964355517295e-06,4.993843845113588e-07,23609,
761,6.2969834289106075e-06,1.456386939935328e-06,4.944681677443441e-07,23619,
761,,,,23621,7.900574928498827e-06
762,8.911983968573622e-06,2.284740503455396e-06,5.288293323246762e-07,23629,
762,8.132573384500574e-06,5.252771188679617e-06,4.667585074003e-07,23639,
762,6.230161943676649e-06,2.1507323708647164e-06,4.805912681149493e-07,23649,
762,,,,23652,8.213068213080987e-06
763,7.361323696386535e-06,1.733330350361939e-06,5.042684847467171e-07,23659,
763,5.744491318182554e-06,2.5154470222332748e-06,4.851358994528709e-07,23669,
763,6.1689775066042785e-06,3.225332648071344e-06,4.555399755190592e-07,23679,
763,,,,23683,7.338681825785898e-06
764,6.67466338200029e-06,2.0077820863662055e-06,4.751892106469313e-07,23689,
764,7.77944933361141e-06,2.5801928131841123e-06,4.872181875725801e-07,23699,
764,5.527214398171054e-06,1.3397109341894975e-06,4.5484983957067016e-07,23709,
764,,,,23714,9.430793397768866e-06
765,8.34275306260679e-06,2.7086014142696513e-06,5.643485110340407e-07,23719,
765,6.37358425592538e-06,2.8579631816683104e-06,4.79456105040299e-07,23729,
765,5.770623829448596e-06,1.786726215868839e-06,4.877934429714514e-07,23739,
765,,,,23745,7.3449105002509896e-06
766,6.042110271664569e-06,1.5451074659722508e-06,4.852659003518056e-07,23749,
766,5.846928615937941e-06,1.580901198394713e-06,5.132845899424865e-07,23759,
766,5.619185685645789e-06,1.3499123951987713e-06,4.5162701667322835e-07,23769,
766,,,,23776,6.8153635766066145e-06
767,6.486259280791273e-06,2.5046335849765455e-06,4.6781562446085445e-07,23779,
767,6.023342848493485e-06,1.138503648689948e-06,4.4092175244259124e-07,23789,
767,5.420527031674283e-06,1.0233578677798505e-06,4.787561920238659e-07,23799,
767,,,,23807,6.10578308624099e-06
768,6.911016953381477e-06,2.1973185084789293e-06,5.001891736355901e-07,23809,
768,6.776423560950207e-06,1.1291391501799808e-06,5.365492370401626e-07,23819,
768,5.4235397328739055e-06,1.416430109202338e-06,4.6409249421230925e-07,23829,
768,,,,23838,6.923132332303794e-06
769,6.968204615986906e-06,1.6852915223353193e-06,4.587893158713996e-07,23839,
769,6.42772010905901e-06,2.297554146934999e-06,5.077933451502759e-07,23849,
769,5.621620857709786e-06,1.3658535635840963e-06,4.577260597216082e-07,23859,
769,3.9568558349856175e-06,4.322643292198336e-07,3.8424321502361636e-09,23869,
769,,,,23869,6.686595952487551e-06
770,6.8576277953980025e-06,3.6594790344679495e-06,5.167822791918297e-07,23879,
770,5.636016339849448e-06,1.9719425381481415e-06,4.585401995882421e-07,23889,
770,5.596018127107527e-06,1.061166017279902e-06,5.199786983212107e-07,23899,
770,,,,23900,6.829951871623052e-06
771,5.925839104747865e-06,1.1542510947037954e-06,5.06662900079391e-07,23909,
771,5.8176187849312555e-06,1.2872577599409851e-06,5.031945988775988e-07,23919,
771,5.419420631369576e-06,1.2302565437494195e-06,4.977515573045821e-07,23929,
771,,,,23931,6.432203463191399e-06
772,6.5848334998008795e-06,3.0504299957101466e-06,5.315326916388585e-07,23939,
772,5.64780066270032e-06,1.3259614206617698e-06,4.691018773428368e-07,23949,
772,5.9299236454535276e-06,1.1975009783782298e-06,4.835963522964448e-07,23959,
772,,,,23962,8.161701771314256e-06
773,7.932427251944318e-06,1.6853654187798384e-06,5.074903697277477e-07,23969,
773,5.848160981258843e-06,1.9104884358966956e-06,4.887626801064471e-07,23979,
773,5.512264124263311e-06,1.2355397984720184e-06,4.587049886595196e-07,23989,
773,,,,23993,8.131914000841789e-06
774,7.5401139838504605e-06,1.7290998357566423e-06,4.775914703714079e-07,23999,
774,5.953287654847372e-06,1.3638367590829148e-06,4.908384880764061e-07,24009,
774,5.251742095424561e-06,8.963874620349088e-07,4.582994108659477e-07,24019,
774,,,,24024,7.00081227478222e-06
775,7.26455073163379e-06,1.9414339931245195e-06,5.685799919774581e-07,24029,
775,6.2878634707885794e-06,2.404606902928208e-06,4.830134798794461e-07,24039,
775,5.954916105110897e-06,1.107877096728771e-06,4.914295459457207e-07,24049,
775,,,,24055,5.796840923721902e-06
776,5.556773885473376e-06,1.0740681091192528e-06,4.886977080786892e-07,24059,
776,5.208047241467284e-06,1.002404815153568e-06,5.169272299099248e-07,24069,
776,5.255565611150814e-06,8.321576387970708e-07,4.545712215531239e-07,24079,
776,,,,24086,5.944653366896091e-06
777,6.694096555293072e-06,1.5143773453019094e-06,4.70910322292184e-07,24089,
777,5.6534408940933645e-06,1.2887488765045418e-06,4.437937093371147e-07,24099,
777,5.3616290642821696e-06,9.178685331789893e-07,4.821207539862371e-07,24109,
777,,,,24117,6.20863238509628e-06
778,7.816730430931784e-06,2.3740392407489708e-06,5.035984145251859e-07,24119,
778,6.492140528280288e-06,2.137808905899874e-06,5.400623876994359e-07,24129,
778,6.647911959589692e-06,1.538576952953008e-06,4.6676322540406545e-07,24139,
778,,,,24148,5.825317657581763e-06
779,5.857714768353617e-06,1.253067694051424e-06,4.622533253950678e-07,24149,
779,5.659206181007903e-06,9.127060707214696e-07,5.106479648020468e-07,24159,
779,5.64182982998318e-06,9.419225648343854e-07,4.6043723500588385e-07,24169,
779,3.7341344523156295e-06,5.230400006439595e-07,3.87377951938106e-09,24179,
779,,,,24179,5.430537839856697e-06
780,5.2598579713958316e-06,9.884579412755556e-07,5.206567266213824e-07,24189,
780,5.040562427893747e-06,9.341086411041033e-07,4.6178641355254513e-07,24199,
780,5.045130365033401e-06,8.399918556278863e-07,5.242111456027487e-07,24209,
780,,,,24210,5.550144123844802e-06
781,5.487811904458795e-06,1.6930058563957573e-06,5.103491957925144e-07,24219,
781,6.446427505579777e-06,2.3989812234503916e-06,5.068604309599323e-07,24229,
781,6.154117272672011e-06,2.2987958345765946e-06,5.020046387471666e-07,24239,
781,,,,24241,7.999995432328433e-06
782,1.0077168553834781e-05,3.816650405497057e-06,5.361278567761474e-07,24249,
782,9.070969099411741e-06,6.17041450823308e-06,4.7296347815972695e-07,24259,
782,6.480009687948041e-06,1.775705641193781e-06,4.873489274359599e-07,24269,
782,,,,24272,9.977157787943725e-06
783,9.397405847266782e-06,4.282292593416059e-06,5.117125851938908e-07,24279,
783,7.420213933073683e-06,3.024756097147474e-06,4.920011065223662e-07,24289,
783,7.602979621879058e-06,2.5490135158179328e-06,4.6144478460519167e-07,24299,
783,,,,24303,1.0668008144421037e-05
784,1.0407021363789681e-05,6.033379122527549e-06,4.819473815587116e-07,24309,
784,7.285345873242477e-06,1.8760232478598482e-06,4.930875547870528e-07,24319,
784,5.5807281569286715e-06,1.8565644950285787e-06,4.609534869359777e-07,24329,
784,,,,24334,7.62942545406986e-06
785,6.778327588108368e-06,2.585528363852063e-06,5.717095064028399e-07,24339,
785,5.742538178310497e-06,1.2103896551707294e-06,4.861643105869007e-07,24349,
785,5.802052783110412e-06,1.2381808573991293e-06,4.940934559272137e-07,24359,
785,,,,24365,6.302239398792153e-06
786,5.999735094519565e-06,1.4996803656686097e-06,4.913886755275598e-07,24369,
786,5.1711281230382156e-06,9.288445994570793e-07,5.204466333452729e-07,24379,
786,5.091379534860607e-06,9.131053388955479e-07,4.5740006271444145e-07,24389,
786,,,,24396,6.085712811909616e-06
787,5.8250325309927575e-06,2.765345243460615e-06,4.734741878564819e-07,24399,
787,5.621974196401425e-06,1.0517760529182851e-06,4.461647336029273e-07,24409,
787,4.997672476747539e-06,8.492677920912683e-07,4.855070301346132e-07,24419,
787,,,,24427,5.311597760737641e-06
788,5.754700396209955e-06,1.2580302382048103e-06,5.069684902991867e-07,24429,
788,5.4079910114523955e-06,1.0799370784297935e-06,5.435591674540774e-07,24439,
788,4.943781277688686e-06,8.088620120361156e-07,4.694171877872577e-07,24449,
788,,,,24458,5.606682407233166e-06
789,5.665733624482527e-06,8.11339930351096e-07,4.6499945938194287e-07,24459,
789,4.980038283974864e-06,1.278538888982439e-06,5.137189305060019e-07,24469,
789,5.14735347678652e-06,8.582263149037317e-07,4.6330836767083383e-07,24479,
789,3.5653572467708727e-06,4.7523141688543546e-07,3.8946850189347515e-09,24489,
789,,,,24489,6.329437837848673e-06
790,6.248919817153364e-06,3.1360229968413478e-06,5.243507530394709e-07,24499,
790,5.8903233366436325e-06,1.3387310673351749e-06,4.6432901967818907e-07,24509,
790,5.8436530707695056e-06,1.0608182492433116e-06,5.276834258438612e-07,24519,
790,,,,24520,6.966105502215214e-06
791,7.833115887478925e-06,2.9117220492480556e-06,5.130899012328882e-07,24529,
791,6.397758170351153e-06,1.3694447034140467e-06,5.09998528741562e-07,24539,
791,5.618623163172742e-06,1.1922287512788898e-06,5.051720108895097e-07,24549,
791,,,,24551,6.143838618299924e-06
792,7.648632163181901e-06,2.528239519961062e-06,5.382109975471394e-07,24559,
792,5.341653832147131e-06,1.3581837947640452e-06,4.7587687390659994e-07,24569,
792,5.622350727207959e-06,1.8898562075264635e-06,4.901978059024259e-07,24579,
792,,,,24582,6.990882411628263e-06
793,6.999256584094837e-06,2.464404133206699e-06,5.144957526681537e-07,24589,
793,4.883676865574671e-06,9.73232545220526e-07,4.961679564985388e-07,24599,
793,4.7087505663512275e-06,8.491013545608439e-07,4.6486007931889617e-07,24609,
793,,,,24613,7.014006769168191e-06
794,6.29311170996516e-06,1.2618070286407601e-06,4.846941124014847e-07,24619,
794,5.01950080433744e-06,1.1811416698037647e-06,4.971645921614254e-07,24629,
794,4.688180069933878e-06,1.3463121604218031e-06,4.642096769202908e-07,24639,
794,,,,24644,5.826766027894337e-06
795,5.6576423048682045e-06,1.1944325706281234e-06,5.760251156061713e-07,24649,
795,5.324131961970124e-06,9.908793572321883e-07,4.895640586255467e-07,24659,
795,5.2421223699639086e-06,8.718918138583831e-07,4.979796131010517e-07,24669,
795,,,,24675,6.191661213961197e-06
796,7.903702680778224e-06,2.5257302240788704e-06,4.946680292050587e-07,24679,
796,6.194004527060315e-06,2.172757831431227e-06,5.237977234173741e-07,24689,
796,5.303229954733979e-06,9.394109952154395e-07,4.598824716595118e-07,24699,
796,,,,24706,6.4809078139660414e-06
797,7.715096216998063e-06,2.0178463273623493e-06,4.7648308054704103e-07,24709,
797,5.845338819199242e-06,1.521917852187471e-06,4.4878865423925163e-07,24719,
797,4.986800377082545e-06,1.1899220453415182e-06,4.887834847977501e-07,24729,
797,,,,24737,5.816739758301992e-06
798,7.161775101849344e-06,1.6768423165558488e-06,5.101397846374311e-07,24739,
798,6.376347755576717e-06,2.788145593513036e-06,5.471412123370101e-07,24749,
798,5.527568191610044e-06,1.2063368330927915e-06,4.7205944042616466e-07,24759,
798,,,,24768,8.0344516391051e-06
799,8.004075425560586e-06,1.161470208899118e-06,4.6785879703747923e-07,24769,
799,5.633595719700679e-06,1.7899858448799932e-06,5.161917897567037e-07,24779,
799,5.653702828567475e-06,1.4916324744262965e-06,4.6572577616643684e-07,24789,
799,3.606176505854819e-06,7.575656013614207e-07,3.91459176185549e-09,24799,
799,,,,24799,6.6559118749864865e-06
800,8.390087714360561e-06,7.380155238934094e-06,5.270529186418571e-07,24809,
800,5.266984317131573e-06,1.7256197679671459e-06,4.667510324907198e-07,24819,
800,5.049422270531068e-06,1.1683290495057008e-06,5.312733151185967e-07,24829,
800,,,,24830,9.190706805384252e-06
801,6.054885034245672e-06,3.346601943121641e-06,5.159338911653322e-07,24839,
801,5.103409876028309e-06,1.1624955504885293e-06,5.132201295054983e-07,24849,
801,4.871128112426959e-06,9.255483064407599e-07,5.082923735244549e-07,24859,
801,,,,24861,6.143534847069532e-06
802,5.7172896958945785e-06,1.39076246341574e-06,5.410847165876476e-07,24869,
802,4.887351224169834e-06,1.466061462451762e-06,4.77961862088705e-07,24879,
802,5.494849574461114e-06,9.473014870309271e-07,4.927252916786529e-07,24889,
802,,,,24892,6.050080173736205e-06
803,5.375737146096071e-06,1.206355022986827e-06,5.17692853918561e-07,24899,
803,4.754901965497993e-06,1.159604721578944e-06,4.989821604794997e-07,24909,
803,4.466592145035975e-06,8.338857924172771e-07,4.6791609520369093e-07,24919,
803,,,,24923,6.018284693709575e-06
804,5.1855672609235626e-06,1.3896286645831424e-06,4.877524020230339e-07,24929,
804,5.204609351494582e-06,1.2169044794063666e-06,5.002196985515184e-07,24939,
804,4.792666459252359e-06,1.2558208482005284e-06,4.668315227718267e-07,24949,
804,,,,24954,5.713406608265359e-06
805,7.30343026589253e-06,2.6321722543798387e-06,5.801421707474219e-07,24959,
805,5.74504838368739e-06,1.1160133226439939e-06,4.92703179588716e-07,24969,
805,5.089279056846863e-06,1.0689761893445393e-06,5.01186491419503e-07,24979,
805,,,,24985,6.322801255009836e-06
806,7.843453204259276e-06,2.3852546746638836e-06,4.970881377630576e-07,24989,
806,5.87505019211676e-06,2.0016584585391684e-06,5.273431611385604e-07,24999,
806,4.841978352487786e-06,9.487985153100453e-07,4.62843559034809e-07,25009,
806,,,,25016,5.9891508499276824e-06
807,7.366023965005297e-06,1.970203356904676e-06,4.794055712409317e-07,25019,
807,5.400527697929647e-06,1.5913605011519394e-06,4.513134399530827e-07,25029,
807,4.790257207787363e-06,8.642695661364996e-07,4.921611207464593e-07,25039,
807,,,,25047,6.146737632661825e-06
808,8.15260864328593e-06,1.2548010772661655e-06,5.132126830176276e-07,25049,
808,5.31471141584916e-06,1.0736246167653007e-06,5.499199460246018e-07,25059,
808,5.059413069830043e-06,1.2202725656607072e-06,4.7422815896425163e-07,25069,
808,,,,25078,5.250398771750042e-06
809,5.2934065024601296e-06,1.3452922758006025e-06,4.7076895270947716e-07,25079,
809,5.232346666161902e-06,1.6595503211647156e-06,5.193145966586599e-07,25089,
809,5.5496789173048455e-06,1.3460434047374292e-06,4.6854887614244944e-07,25099,
809,3.252866918046493e-06,4.574627325837355e-07,3.943613879897612e-09,25109,
809,,,,25109,6.219008355401456e-06
810,5.67342976864893e-06,2.259209168187226e-06,5.306520733938669e-07,25119,
810,6.372262305376353e-06,2.1760490653832676e-06,4.692977881859406e-07,25129,
810,5.0867365644080564e-06,1.4401589396584313e-06,5.34674597929552e-07,25139,
810,,,,25140,7.652461135876365e-06
811,7.097641628206475e-06,3.985756393376505e-06,5.188150566937111e-07,25149,
811,5.760060048487503e-06,2.038781303781434e-06,5.159781721886247e-07,25159,
811,5.193408014747547e-06,1.621574369892187e-06,5.117584009894927e-07,25169,
811,,,,25171,6.579973614861956e-06
812,6.977217708481476e-06,2.411447667327593e-06,5.443422423923039e-07,25179,
812,5.325039182935143e-06,2.6543013973423513e-06,4.815530587620742e-07,25189,
812,6.751391993020661e-06,2.746286099863937e-06,4.958299655299925e-07,25199,
812,,,,25202,1.0505877980904188e-05
813,1.0331270459573716e-05,5.790010618511587e-06,5.208956395108544e-07,25209,
813,6.055777248548111e-06,1.7216985952472896e-06,5.021659035264747e-07,25219,
813,4.821633410756476e-06,1.6276079577437486e-06,4.701408045093558e-07,25229,
813,,,,25233,5.709926881536376e-06
814,5.451553533930564e-06,1.7344024172416539e-06,4.904062507193885e-07,25239,
814,4.8717106437834445e-06,9.681468782218872e-07,5.027777092436736e-07,25249,
814,4.99363068229286e-06,8.44892554141552e-07,4.6949534748819133e-07,25259,
814,,,,25264,6.579428372788243e-06
815,6.0398938330763485e-06,1.5704001725680428e-06,5.832404212924303e-07,25269,
815,5.201882231631316e-06,9.958863529391238e-07,4.955443273502169e-07,25279,
815,4.788373644259991e-06,9.81034645519685e-07,5.040672590439499e-07,25289,
815,,,,25295,5.9674257499864325e-06
816,5.656478151649935e-06,1.5699610003139242e-06,4.996588245376188e-07,25299,
816,4.902505224890774e-06,1.1725309150278918e-06,5.305438435243559e-07,25309,
816,4.582826477417257e-06,8.822308927847189e-07,4.654252734326292e-07,25319,
816,,,,25326,5.968594450678211e-06
817,5.839513050887035e-06,1.5161904229898937e-06,4.817982244276209e-07,25329,
817,4.716291186923627e-06,1.036684352584416e-06,4.536631479368225e-07,25339,
817,4.491893378144596e-06,1.0173355349252233e-06,4.953098482474161e-07,25349,
817,,,,25357,5.972100552753545e-06
818,7.427239779644879e-06,1.7013255728670629e-06,5.160720206731639e-07,25359,
818,5.1039473873970564e-06,1.31215563214937e-06,5.53022346139187e-07,25369,
818,5.245509782980662e-06,1.271528958568524e-06,4.767435086705518e-07,25379,
818,,,,25388,6.300266250036657e-06
819,6.203132215887308e-06,1.336835339316167e-06,4.7303294081757485e-07,25389,
819,5.889075964660151e-06,2.533521865188959e-06,5.217079319663753e-07,25399,
819,6.130317615316017e-06,1.5679203215768212e-06,4.704417335688049e-07,25409,
819,3.1812644465389894e-06,7.397310923806799e-07,3.965364481217648e-09,25419,
819,,,,25419,5.839970526722027e-06
820,5.196851361688459e-06,2.6317075025872327e-06,5.33082300080423e-07,25429,
820,4.759130206366535e-06,9.17332442895713e-07,4.718295372185821e-07,25439,
820,4.816538421437144e-06,1.2342578656898695e-06,5.380278480515699e-07,25449,
820,,,,25450,5.504862656380283e-06
821,5.965000127616804e-06,3.4909601254184963e-06,5.218303158471826e-07,25459,
821,5.139357654115884e-06,1.320508999924641e-06,5.195235530663922e-07,25469,
821,5.567482276092051e-06,1.828176095841627e-06,5.149143476046447e-07,25479,
821,,,,25481,6.511178980872501e-06
822,8.036456165427808e-06,4.828967576031573e-06,5.472789439409098e-07,25489,
822,5.3402532103064004e-06,1.174091607936134e-06,4.837921778744203e-07,25499,
822,4.680729944084305e-06,8.840050327307836e-07,4.984174211131176e-07,25509,
822,,,,25512,5.384957148635294e-06
823,5.642478754452895e-06,1.680825221228588e-06,5.234450100033428e-07,25519,
823,4.608535618899623e-06,1.227195525643765e-06,5.052156666351948e-07,25529,
823,4.455265298020095e-06,9.472586839365249e-07,4.7333526254078606e-07,25539,
823,,,,25543,5.546017746382859e-06
824,4.720751348941121e-06,1.0695225682866294e-06,4.940166604683327e-07,25549,
824,4.622005690180231e-06,1.1769992624977021e-06,5.059837917542609e-07,25559,
824,4.383276063890662e-06,1.170715108855802e-06,4.7200157382576435e-07,25569,
824,,,,25574,5.3973490139469504e-06
825,5.074476575828157e-06,1.2660995025726152e-06,5.865726961928885e-07,25579,
825,4.670901944336947e-06,9.078393645722826e-07,4.982920245311107e-07,25589,
825,4.6775130613241345e-06,8.354884926120576e-07,5.070638735560351e-07,25599,
825,,,,25605,5.367606718209572e-06
826,6.818767360528e-06,1.9950834939663764e-06,5.022052960157453e-07,25609,
826,5.538172899832716e-06,1.8974741351485136e-06,5.336798949429067e-07,25619,
826,4.59987995782285e-06,1.0604788940327126e-06,4.6781218543401337e-07,25629,
826,,,,25636,6.134897375886794e-06
827,7.008722150203539e-06,2.780493332465994e-06,4.843208785132447e-07,25639,
827,5.254984898783732e-06,1.8475457181921229e-06,4.561086939247616e-07,25649,
827,4.942412033415167e-06,1.1958520644839155e-06,4.981889105692971e-07,25659,
827,,,,25667,6.3622260313422885e-06
828,1.0660644875315484e-05,2.4704288534849184e-06,5.187716851651203e-07,25669,
828,5.590668479271699e-06,1.5391150327559444e-06,5.55742587948771e-07,25679,
828,5.430873898149002e-06,1.2397490536386613e-06,4.789004606209346e-07,25689,
828,,,,25698,7.009793080214877e-06
829,7.00451118973433e-06,1.7090460460167378e-06,4.7565654881509545e-07,25699,
829,5.565843366639456e-06,1.4498123164230492e-06,5.248790557743632e-07,25709,
829,5.196885012992425e-06,9.62544390858966e-07,4.733018101887865e-07,25719,
829,3.395927478777594e-06,6.455960033235897e-07,3.990769492645541e-09,25729,
829,,,,25729,8.174480171874166e-06
830,5.837722255819244e-06,1.863668558144127e-06,5.37214305040834e-07,25739,
830,5.17873286298709e-06,1.3160968137526652e-06,4.7410981096618343e-07,25749,
830,4.482306394493207e-06,8.498981856064347e-07,5.406926106843457e-07,25759,
830,,,,25760,6.774142093490809e-06
831,5.301992132444866e-06,1.6918329492909834e-06,5.242509928393702e-07,25769,
831,4.796215762326028e-06,1.2632658581424039e-06,5.220991283749754e-07,25779,
831,4.691220055974554e-06,1.1422455372667173e-06,5.174611032998655e-07,25789,
831,,,,25791,5.766806680185255e-06
832,6.159027179819532e-06,1.4944274653316825e-06,5.499474582393304e-07,25799,
832,5.472883003676543e-06,1.9483377400320023e-06,4.861963702751382e-07,25809,
832,5.323369805410039e-06,1.5181724393187324e-06,5.007328809369938e-07,25819,
832,,,,25822,6.788839982618811e-06
833,5.618564046017127e-06,1.285606685996754e-06,5.264447509034653e-07,25829,
833,4.892091055808123e-06,1.3848862181475852e-06,5.073479201200826e-07,25839,
833,4.354086286184611e-06,1.0524947811063612e-06,4.7555343485328194e-07,25849,
833,,,,25853,4.777163212565938e-06
834,5.082079951534979e-06,1.2407778058332042e-06,4.964466597812134e-07,25859,
834,4.713883754448034e-06,1.6638711031191633e-06,5.084247618469817e-07,25869,
834,5.099171175970696e-06,1.5530146129094646e-06,4.744400712297647e-07,25879,
834,,,,25884,6.188992756506195e-06
835,6.106652108428534e-06,1.0516447446207167e-06,5.899717052670894e-07,25889,
835,4.7909798013279215e-06,1.172197130472341e-06,5.005206844543864e-07,25899,
835,5.055662313679932e-06,1.0549287026151433e-06,5.095152459944075e-07,25909,
835,,,,25915,5.269313078315463e-06
836,6.879611646581907e-06,3.0103401513770223e-06,5.046334194958035e-07,25919,
836,4.61986110167345e-06,1.1262286534474697e-06,5.361350190469238e-07,25929,
836,5.623701781587442e-06,2.30155342251237e-06,4.7037045192155347e-07,25939,
836,,,,25946,6.919347470102366e-06
837,7.3911241997848265e-06,3.479392034932971e-06,4.865429445999325e-07,25949,
837,5.360898740036646e-06,1.441614926989132e-06,4.58093268207449e-07,25959,
837,5.364142452890519e-06,2.3205911929835565e-06,5.006472179047705e-07,25969,
837,,,,25977,7.9576057032682e-06
838,1.1879708836204372e-05,6.6921602410729975e-06,5.219446279625117e-07,25979,
838,6.819410828029504e-06,2.531751988499309e-06,5.580992592513212e-07,25989,
838,5.390794740378624e-06,2.740391209954396e-06,4.808167659575702e-07,25999,
838,,,,26008,8.841141607263125e-06
839,8.914061254472472e-06,2.5719184577610577e-06,4.773858677253884e-07,26009,
839,7.936425390653312e-06,2.0325712739577284e-06,5.250277013146842e-07,26019,
839,5.507265996129718e-06,1.5791553096278221e-06,4.7458524932153523e-07,26029,
839,3.3080114008043893e-06,7.312169145734515e-07,3.997751907292013e-09,26039,
839,,,,26039,6.145054612716194e-06
840,5.843482995260274e-06,1.2453821227609296e-06,5.389704256231198e-07,26049,
840,4.5426700125972275e-06,8.943939064920414e-07,4.760759395594505e-07,26059,
840,4.668474048230564e-06,9.273952059629664e-07,5.437501044980309e-07,26069,
840,,,,26070,6.810550530644832e-06
841,5.220596449362347e-06,2.2450719825428678e-06,5.268767608868075e-07,26079,
841,4.576509581966093e-06,9.198103612106934e-07,5.25324708178232e-07,26089,
841,4.309754331188742e-06,7.565251394225925e-07,5.203294222155819e-07,26099,
841,,,,26101,6.0422607930377126e-06
842,5.274847808323102e-06,1.632683961361181e-06,5.526375730369182e-07,26109,
842,4.5159863475419115e-06,9.991795195674058e-07,4.888642592959513e-07,26119,
842,4.577260824589757e-06,1.0933142675639829e-06,5.034628429712029e-07,26129,
842,,,,26132,5.776513717137277e-06
843,5.4755328164901584e-06,1.3032813512836583e-06,5.287638487061486e-07,26139,
843,4.522367817116901e-06,1.2500335060394718e-06,5.106528533360688e-07,26149,
843,4.56543784821406e-06,1.5346837471952313e-06,4.776377977577795e-07,26159,
843,,,,26163,5.35701246917597e-06
844,4.886705482931575e-06,1.5032652527224855e-06,4.986507633475412e-07,26169,
844,4.601646651281044e-06,1.4223090829545981e-06,5.110682081976847e-07,26179,
844,4.081110546394484e-06,8.164894893525343e-07,4.763265621932078e-07,26189,
844,,,,26194,5.515795692190295e-06
845,5.692131708201487e-06,2.614253162391833e-06,5.925259642935998e-07,26199,
845,5.454264737636549e-06,2.432691644571605e-06,5.032758849665697e-07,26209,
845,4.736089977086522e-06,1.7636251641306444e-06,5.11882831233379e-07,26219,
845,,,,26225,5.458927262225188e-06
846,4.892409833701095e-06,1.301923589380749e-06,5.061776278125762e-07,26229,
846,4.495339453569613e-06,1.082138851415948e-06,5.38820472684165e-07,26239,
846,4.466768132260768e-06,1.071960355147894e-06,4.722745927665528e-07,26249,
846,,,,26256,5.680085905623855e-06
847,6.343986569845583e-06,5.15392457600683e-06,4.878908725913789e-07,26259,
847,5.138332198839635e-06,2.789495283650467e-06,4.599416740802553e-07,26269,
847,4.488526883505983e-06,1.3489733419191907e-06,5.030598231314798e-07,26279,
847,,,,26287,6.738076535839355e-06
848,9.653314009483438e-06,4.049998551636236e-06,5.237889126874506e-07,26289,
848,5.3691314860770945e-06,2.9649816042365273e-06,5.607506068372459e-07,26299,
848,4.770833584188949e-06,1.6692713415977778e-06,4.829605586564867e-07,26309,
848,,,,26318,6.081296305637807e-06
849,6.1281111811695155e-06,1.678734292909212e-06,4.795559789272374e-07,26319,
849,5.0930889301525895e-06,1.0004121122619836e-06,5.285522206577298e-07,26329,
849,4.603797606250737e-06,1.3217785408414784e-06,4.773159503201896e-07,26339,
849,2.546529685787391e-06,5.747115778831358e-07,4.023652522278098e-09,26349,
849,,,,26349,5.530348516913364e-06
850,5.402677743404638e-06,2.34839967561129e-06,5.419647663984506e-07,26359,
850,5.145287559571443e-06,1.107732146010676e-06,4.780990821018349e-07,26369,
850,4.575975708576152e-06,7.693647035011963e-07,5.464007131195103e-07,26379,
850,,,,26380,6.53330880595604e-06
851,6.055147423467133e-06,1.6234195072684088e-06,5.291686306918564e-07,26389,
851,5.154600785317598e-06,1.0530361578275915e-06,5.276829710965103e-07,26399,
851,4.3558457036851905e-06,7.995147939254821e-07,5.22817629189376e-07,26409,
851,,,,26411,4.596624421537854e-06
852,4.794077085534809e-06,1.1925152421099483e-06,5.553303026317735e-07,26419,
852,5.351867457648041e-06,2.231440475952695e-06,4.913419502372562e-07,26429,
852,4.962606453773333e-06,1.4202857983036665e-06,5.058347483100079e-07,26439,
852,,,,26442,7.741891749901697e-06
853,6.520227088913089e-06,1.6697355249561951e-06,5.318137255017064e-07,26449,
853,4.63106471215724e-06,1.0852839977815165e-06,5.125621100887656e-07,26459,
853,4.241779606672935e-06,1.4404838566406397e-06,4.79999243907514e-07,26469,
853,,,,26473,5.719638920709258e-06
854,6.415277766791405e-06,2.2588574211113155e-06,5.012045107832819e-07,26479,
854,7.241055300255539e-06,6.177189789013937e-06,5.134754701430211e-07,26489,
854,4.75029401059146e-06,1.7535924143885495e-06,4.785491682923748e-07,26499,
854,,,,26504,9.509190022072289e-06
855,5.696633252227912e-06,1.5793006014064304e-06,5.94693972288951e-07,26509,
855,4.862608420808101e-06,1.3815131296723848e-06,5.051701350566873e-07,26519,
855,4.799147063749842e-06,9.914689371726126e-07,5.142194936524902e-07,26529,
855,,,,26535,5.293279627949232e-06
856,5.474957106343936e-06,1.5416783298860537e-06,5.078015874460107e-07,26539,
856,4.335625817475375e-06,1.1528147751960205e-06,5.410741437117395e-07,26549,
856,4.406229436426656e-06,8.497648309457873e-07,4.7385876200678467e-07,26559,
856,,,,26566,4.6375039346457925e-06
857,4.568162694340572e-06,1.1059022426707088e-06,4.899350187770324e-07,26569,
857,4.153666395723121e-06,8.237520319198666e-07,4.6194702463253634e-07,26579,
857,3.9686919990344904e-06,7.567988973278261e-07,5.057542011854821e-07,26589,
857,,,,26597,4.7772414291102905e-06
858,6.240646143851336e-06,2.5968456611735746e-06,5.264341211841383e-07,26599,
858,4.19893694925122e-06,8.189001050595834e-07,5.632961688206706e-07,26609,
858,4.488542799663264e-06,7.494384703932155e-07,4.850071491091512e-07,26619,
858,,,,26628,4.725798135041259e-06
859,4.6963859858806245e-06,9.059044714376796e-07,4.820635695068631e-07,26629,
859,4.456372607819503e-06,1.318561430707632e-06,5.31088176103367e-07,26639,
859,4.392433766042814e-06,7.566084718746424e-07,4.794790129380999e-07,26649,
859,2.661963208083762e-06,5.416077328845859e-07,4.0462984074451924e-09,26659,
859,,,,26659,5.1082533900626e-06
860,5.2673640311695635e-06,2.1430755623441655e-06,5.449667810353276e-07,26669,
860,4.426716714078793e-06,9.758609849086497e-07,4.802115540769591e-07,26679,
860,4.426357008924242e-06,1.042937469719618e-06,5.492460104505881e-07,26689,
860,,,,26690,5.6321523516089655e-06
861,7.620527412655065e-06,2.8560014015965862e-06,5.322035008248349e-07,26699,
861,5.327454346115701e-06,1.3244851970739546e-06,5.30528268427588e-07,26709,
861,4.161041033512447e-06,1.0803473742271308e-06,5.253938866189856e-07,26719,
861,,,,26721,5.1430793064355385e-06
862,4.79212803838891e-06,1.6361415191568085e-06,5.578746140599833e-07,26729,
862,3.9625633689865936e-06,8.142413321365893e-07,4.930660111313045e-07,26739,
862,4.4325115595711395e-06,1.264862135030853e-06,5.080442520011275e-07,26749,
862,,,,26752,4.441469627636252e-06
863,4.390974481793819e-06,1.1523495686560636e-06,5.339792892300466e-07,26759,
863,4.870694738201564e-06,2.4394905722147087e-06,5.16087084179162e-07,26769,
863,4.570591954689007e-06,1.3331799664229038e-06,4.825182031709119e-07,26779,
863,,,,26783,5.853644779563183e-06
864,5.614059773506597e-06,1.223409867634473e-06,5.040448058934999e-07,26789,
864,5.0989365263376385e-06,2.8255467441340443e-06,5.15308727244701e-07,26799,
864,5.017901912651723e-06,1.9364251784281805e-06,4.803991942026187e-07,26809,
864,,,,26814,6.21449089521775e-06
865,9.063660399988294e-06,3.4352685815974837e-06,5.98375947902241e-07,26819,
865,6.113694325904362e-06,2.0284956008254085e-06,5.077689593235846e-07,26829,
865,4.571426416077884e-06,1.8849492562367232e-06,5.162276579540048e-07,26839,
865,,,,26845,5.446795057650888e-06
866,6.132884664111771e-06,1.1124928960271063e-06,5.100972657601233e-07,26849,
866,4.589113814290613e-06,1.1329399285386899e-06,5.438277526081947e-07,26859,
866,4.37460039393045e-06,8.76792853432562e-07,4.764951313518395e-07,26869,
866,,,,26876,5.098700967209879e-06
867,6.4924111029540654e-06,1.9541917026799638e-06,4.923795131617226e-07,26879,
867,4.255883141013328e-06,1.190566990771913e-06,4.639099984160566e-07,26889,
867,4.161841388850007e-06,1.124590539802739e-06,5.084910981167923e-07,26899,
867,,,,26907,4.761171567224665e-06
868,5.885685823159292e-06,2.424378635623725e-06,5.286505029289401e-07,26909,
868,4.557620286504971e-06,9.99084704744746e-07,5.65902269045182e-07,26919,
868,4.6455065785266925e-06,1.068383767233172e-06,4.869578447141976e-07,26929,
868,,,,26938,5.841226538905175e-06
869,5.809180493088206e-06,1.1532409871506388e-06,4.839782832277706e-07,26939,
869,5.191332547838101e-06,2.1263740563881584e-06,5.332007049219101e-07,26949,
869,4.747947514260886e-06,1.3443061561702052e-06,4.814182261725364e-07,26959,
869,2.639063495735172e-06,5.453738936012087e-07,4.063561043210484e-09,26969,
869,,,,26969,6.5198223637708e-06
870,5.462593435368035e-06,3.0130818231555168e-06,5.468563131216797e-07,26979,
870,4.585297574521974e-06,1.1508685702210641e-06,4.817000558432483e-07,26989,
870,4.547584012470907e-06,7.310465548471257e-07,5.518730858966592e-07,26999,
870,,,,27000,6.617022791033378e-06
871,4.871070814260747e-06,1.1064511227232288e-06,5.341730116015242e-07,27009,
871,4.501931471168064e-06,1.1391865655241418e-06,5.328672045834537e-07,27019,
871,4.137994892516872e-06,8.386988952224783e-07,5.277514105728187e-07,27029,
871,,,,27031,5.460938609758159e-06
872,4.435145910974825e-06,1.1157059134347946e-06,5.599841870207456e-07,27039,
872,4.053930297232e-06,9.604976867194637e-07,4.950464358444151e-07,27049,
872,4.286948296794435e-06,1.1473611039036768e-06,5.101031206322659e-07,27059,
872,,,,27062,5.519880232895957e-06
873,5.259554200165439e-06,1.5614361927873688e-06,5.360768682294292e-07,27069,
873,5.559019882639404e-06,2.7504831905389437e-06,5.18195975018898e-07,27079,
873,4.1729708755156025e-06,1.021164621306525e-06,4.841988925363694e-07,27089,
873,,,,27093,6.3809629864408635e-06
874,5.265271738608135e-06,2.0366635453683557e-06,5.060549028712558e-07,27099,
874,4.654883468901971e-06,1.9462752334220568e-06,5.173457111595781e-07,27109,
874,4.1193879951606505e-06,1.9941981008742005e-06,4.819822834178922e-07,27119,
874,,,,27124,5.7463762459519785e-06
875,4.823209110327298e-06,1.8316226260139956e-06,5.994382945573307e-07,27129,
875,4.616299065673957e-06,1.2506637858678005e-06,5.09501546730462e-07,27139,
875,4.159089257882442e-06,9.229394208887243e-07,5.187260398997751e-07,27149,
875,,,,27155,6.319389740383485e-06
876,6.515571840282064e-06,2.219585212515085e-06,5.12115605033614e-07,27159,
876,4.675497166317655e-06,1.9733738554350566e-06,5.462032959258067e-07,27169,
876,4.1650882849353366e-06,8.52306698106986e-07,4.776587161359203e-07,27179,
876,,,,27186,4.676001026382437e-06
877,4.687221007770859e-06,1.7415914044249803e-06,4.940117719343107e-07,27189,
877,4.116735908610281e-06,8.779572340245068e-07,4.6528529651368444e-07,27199,
877,3.859015578200342e-06,8.452780093648471e-07,5.104939759803528e-07,27209,
877,,,,27217,4.391808488435345e-06
878,5.22658456247882e-06,1.3229494015831733e-06,5.305741979100276e-07,27219,
878,4.1148455238726456e-06,1.000504653347889e-06,5.676270120602567e-07,27229,
878,3.991827270510839e-06,1.3333950619198731e-06,4.88404168663692e-07,27239,
878,,,,27248,4.592809546011267e-06
879,4.6026416384847835e-06,1.8491124365027645e-06,4.858889610659389e-07,27249,
879,5.527027951757191e-06,2.2636068024439737e-06,5.349047569325194e-07,27259,
879,5.078351932752412e-06,1.665055492594547e-06,4.827402335649822e-07,27269,
879,2.308301191078499e-06,5.214678253651073e-07,4.077654658374286e-09,27279,
879,,,,27279,5.586987754213624e-06
880,4.9918344302568585e-06,1.7860019170257146e-06,5.484045004777727e-07,27289,
880,4.339603037806228e-06,1.3632799209517543e-06,4.83252847516269e-07,27299,
880,3.908710368705215e-06,6.308840170277108e-07,5.539521907849121e-07,27309,
880,,,,27310,6.00423663854599e-06
881,5.190468527871417e-06,1.5682489902246743e-06,5.36613583790313e-07,27319,
881,5.03778392157983e-06,1.1751699275919236e-06,5.350586320673756e-07,27329,
881,4.1964899537560996e-06,1.3567065479946905e-06,5.300932457430463e-07,27339,
881,,,,27341,5.6154140111175366e-06
882,5.528115707420511e-06,1.9640178834379185e-06,5.618810519081308e-07,27349,
882,4.952984909323277e-06,1.7644717900111573e-06,4.9677066726872e-07,27359,
882,5.172755663807038e-06,1.7754227883415297e-06,5.119410957377113e-07,27369,
882,,,,27372,5.490796411322663e-06
883,5.39405027666362e-06,1.9307929051137762e-06,5.381807000048866e-07,27379,
883,8.125598469632678e-06,1.722644697110809e-06,5.205235424909915e-07,27389,
883,4.360292223282158e-06,9.173483590529941e-07,4.859038540416805e-07,27399,
883,,,,27403,6.846773885627044e-06
884,6.713044513162458e-06,2.9209670628915774e-06,5.080177061245195e-07,27409,
884,5.249800324236276e-06,3.0311973659991054e-06,5.195777816879854e-07,27419,
884,4.335724952397868e-06,2.3470399810321396e-06,4.840093197344686e-07,27429,
884,,,,27434,7.477525286958553e-06
885,7.330176686082268e-06,1.656533868299448e-06,6.021956551194307e-07,27439,
885,5.648271326208487e-06,1.0991191174980486e-06,5.11469522734842e-07,27449,
885,4.354275006335229e-06,9.422809057468839e-07,5.206654236644681e-07,27459,
885,,,,27465,6.9326392804214265e-06
886,6.147016847535269e-06,1.030862449624692e-06,5.130673912390193e-07,27469,
886,4.561576133710332e-06,8.925086376621039e-07,5.478804609992949e-07,27479,
886,4.141950739722233e-06,7.668268153793178e-07,4.791715468854818e-07,27489,
886,,,,27496,6.53587903798325e-06
887,9.5699851954123e-06,1.5176565284491517e-06,4.963065407537215e-07,27499,
887,5.406374839367345e-06,1.7963911886909045e-06,4.668216035952355e-07,27509,
887,4.054120381624671e-06,7.962927952576138e-07,5.119188699609367e-07,27519,
887,,,,27527,4.70403756480664e-06
888,5.2948767006455455e-06,2.399656978013809e-06,5.328066094989481e-07,27529,
888,4.52864105682238e-06,2.2559872832061956e-06,5.688192459274433e-07,27539,
888,4.3667364479915705e-06,1.0457895314175403e-06,4.896479595117853e-07,27549,
888,,,,27558,6.847823897260241e-06
889,6.841966296633473e-06,1.8864087678593933e-06,4.870469751949713e-07,27559,
889,5.283761311147828e-06,8.833287097331777e-07,5.352297307581466e-07,27569,
889,4.845042440138059e-06,1.6507328837178648e-06,4.833915454582893e-07,27579,
889,2.523305056456593e-06,8.407549216826737e-07,4.080404458761677e-09,27589,
889,,,,27589,5.79156130697811e-06
890,5.236925062490627e-06,3.555756165951607e-06,5.500222073351324e-07,27599,
890,4.36934215031215e-06,1.0891816373259644e-06,4.84749534734874e-07,27609,
890,3.9808119254303165e-06,1.2333247241258505e-06,5.557931785915571e-07,27619,
890,,,,27620,4.691754838859197e-06
891,4.604348760040011e-06,2.4437410957034444e-06,5.372229452405008e-07,27629,
891,4.236610493535409e-06,9.751881862030132e-07,5.366938466977444e-07,27639,
891,4.750410880660638e-06,2.4044054498517653e-06,5.316825308909756e-07,27649,
891,,,,27651,5.84333201913978e-06
892,9.485311238677241e-06,5.349179900804302e-06,5.634648800878495e-07,27659,
892,4.642472049454227e-06,1.2163694691480487e-06,4.985455461792299e-07,27669,
892,4.429781256476417e-06,7.308820499929425e-07,5.131736884322891e-07,27679,
892,,,,27682,4.841509962716373e-06
893,4.517235083767446e-06,1.279201683246356e-06,5.393042101786705e-07,27689,
893,3.7170468658587197e-06,9.113632586377207e-07,5.217469265517138e-07,27699,
893,3.890223979396978e-06,1.078480977412255e-06,4.8754003501017e-07,27709,
893,,,,27713,4.789675585925579e-06
894,4.34714002039982e-06,1.2125793773520854e-06,5.096812856208999e-07,27719,
894,4.318615538068116e-06,1.0529021210459177e-06,5.2139932904538e-07,27729,
894,3.5321936593391e-06,6.714926144013589e-07,4.856019586441107e-07,27739,
894,,,,27744,4.60944193036994e-06
895,4.55643976238207e-06,1.013935502669483e-06,6.040625635250763e-07,27749,
895,4.2635069803509396e-06,1.466373873881821e-06,5.13488146225427e-07,27759,
895,3.751354824998998e-06,8.377692211070098e-07,5.224850383456214e-07,27769,
895,,,,27775,4.4053354031348135e-06
896,4.999204520572675e-06,1.4771952692171908e-06,5.152471658220747e-07,27779,
896,3.919595656043384e-06,1.1533194310686667e-06,5.499615554072079e-07,27789,
896,4.104359504708555e-06,6.908589398335607e-07,4.813447276319494e-07,27799,
896,,,,27806,5.086910277896095e-06
897,7.630350410181563e-06,2.5276242467953125e-06,4.976099603481998e-07,27809,
897,4.545471711026039e-06,1.4467225355474511e-06,4.682188432525436e-07,27819,
897,4.4175835682835896e-06,1.2574191714520566e-06,5.143716634847806e-07,27829,
897,,,,27837,5.629140105156694e-06
898,7.77173409005627e-06,3.0640892418887233e-06,5.349891125661088e-07,27839,
898,4.345373326941626e-06,1.286637029807025e-06,5.716070745620527e-07,27849,
898,4.546357558865566e-06,1.2278453596081818e-06,4.913719635624147e-07,27859,
898,,,,27868,4.836251264350722e-06
899,4.869663371209754e-06,1.2086705964975408e-06,4.891342086921213e-07,27869,
899,4.077899575349875e-06,1.002727458399022e-06,5.378253717935877e-07,27879,
899,4.06560593546601e-06,1.32049558487779e-06,4.859282398683717e-07,27889,
899,2.204136990258121e-06,6.804743861721363e-07,4.106395223857362e-09,27899,
899,,,,27899,4.442690624273382e-06
900,4.40043459093431e-06,1.582021809554135e-06,5.533815965463873e-07,27909,
900,3.748487642951659e-06,7.975806397553242e-07,4.866438985118293e-07,27919,
900,4.1709881770657375e-06,9.858365501713706e-07,5.584328732766153e-07,27929,
900,,,,27930,5.504876298800809e-06
901,6.0134907471365295e-06,2.2510328108182875e-06,5.395395419327542e-07,27939,
901,4.617515060090227e-06,1.4692565173390904e-06,5.389219950302504e-07,27949,
901,4.178023118583951e-06,1.432226667930081e-06,5.339879294297134e-07,27959,
901,,,,27961,5.09452547703404e-06
902,5.430325018096482e-06,2.144272684745374e-06,5.663770821229264e-07,27969,
902,5.158554358786205e-06,1.3878832305636024e-06,5.008078574064712e-07,27979,
902,4.260656623955583e-06,1.0020070249083801e-06,5.1519151611501e-07,27989,
902,,,,27992,7.018595169938635e-06
903,5.861438694410026e-06,1.0093589253301616e-06,5.419406079454347e-07,27999,
903,3.907094651367515e-06,9.195487109536771e-07,5.2333138000904e-07,28009,
903,4.093085863132728e-06,2.2140113742352696e-06,4.893132654615329e-07,28019,
903,,,,28023,5.175939804757945e-06
904,4.73175441584317e-06,1.3130904790159548e-06,5.118530452818959e-07,28029,
904,5.385788881540066e-06,2.2484744022222003e-06,5.235918933976791e-07,28039,
904,4.23029632656835e-06,1.8960271290779929e-06,4.873680268246972e-07,28049,
904,,,,28054,7.3362230068596546e-06
905,6.940467301319586e-06,5.200704890739871e-06,6.069749929338286e-07,28059,
905,4.979588538844837e-06,3.989805009041447e-06,5.149698836248717e-07,28069,
905,4.89439253215096e-06,3.1574586500937585e-06,5.238091489445651e-07,28079,
905,,,,28085,6.667612979072146e-06
906,7.384348464256618e-06,3.96899440602283e-06,5.166932055544748e-07,28089,
906,4.357951183919795e-06,9.845617796599981e-07,5.512857228495704e-07,28099,
906,4.105956122657517e-06,9.099273370338778e-07,4.823547214982682e-07,28109,
906,,,,28116,4.9084273996413685e-06
907,4.772079591930378e-06,1.8066093616653234e-06,4.981286565453047e-07,28119,
907,4.453190740605351e-06,8.428352771261416e-07,4.697730560110358e-07,28129,
907,3.5504835977917537e-06,7.754002808724181e-07,5.161340936865599e-07,28139,
907,,,,28147,4.249422090651933e-06
908,5.17203307026648e-06,1.089255306396808e-06,5.365317292671534e-07,28149,
908,3.93374693885562e-06,8.854620432430238e-07,5.731209284931538e-07,28159,
908,3.843711056106258e-06,1.1364536476321518e-06,4.927869667881168e-07,28169,
908,,,,28178,4.077593530382728e-06
909,4.079453447047854e-06,1.1266365618212149e-06,4.903918693344167e-07,28179,
909,4.613985311152646e-06,1.7742437421475188e-06,5.39471841420891e-07,28189,
909,3.894043857144425e-06,8.440243846052908e-07,4.875401486970077e-07,28199,
909,2.115388269885443e-06,4.3850090492014715e-07,4.114907969920978e-09,28209,
909,,,,28209,4.9941095312533434e-06
910,6.203493740031263e-06,3.308035275040311e-06,5.550539299292723e-07,28219,
910,5.1448491831251886e-06,1.5740757817184203e-06,4.881326276517939e-07,28229,
910,3.7211225389910396e-06,7.349094062192307e-07,5.601282282441389e-07,28239,
910,,,,28240,5.015454917156603e-06
911,4.322282165958313e-06,1.3848890603185282e-06,5.409791015154042e-07,28249,
911,4.082019131601555e-06,9.091528454518993e-07,5.406432137533557e-07,28259,
911,3.6036267374583986e-06,7.153013825700327e-07,5.357296117836086e-07,28269,
911,,,,28271,3.8009277432138333e-06
912,4.034303856315091e-06,8.535623123862024e-07,5.675623242495931e-07,28279,
912,4.151620032644132e-06,1.60441379648546e-06,5.021030915486335e-07,28289,
912,4.37746302850428e-06,1.1912650279555237e-06,5.171135057935317e-07,28299,
912,,,,28302,4.945245109411189e-06
913,4.614093995769508e-06,1.5799641914782114e-06,5.43902388017159e-07,28309,
913,5.540842721529771e-06,2.381389549555024e-06,5.255926680547418e-07,28319,
913,5.095098003948806e-06,1.5030940403448767e-06,4.909964559374203e-07,28329,
913,,,,28333,5.021414835937321e-06
914,4.66521441921941e-06,1.219892851622717e-06,5.137372340868751e-07,28339,
914,5.0118646868213546e-06,2.344472250115359e-06,5.246884029475041e-07,28349,
914,3.7998706829966977e-06,1.0902518852162757e-06,4.886795181846537e-07,28359,
914,,,,28364,5.0378635023662355e-06
915,9.491787750448566e-06,4.667069788411027e-06,6.098704261603416e-07,28369,
915,6.753570232831407e-06,2.467530748617719e-06,5.170250005903654e-07,28379,
915,4.475763489608653e-06,1.192154741147533e-06,5.260316697786038e-07,28389,
915,,,,28395,1.0324684808438178e-05
916,7.69190774008166e-06,3.3944991173484595e-06,5.174846364752739e-07,28399,
916,5.876265277038328e-06,2.310579930053791e-06,5.538061031984398e-07,28409,
916,4.548707238427596e-06,1.0384576398791978e-06,4.843208216698258e-07,28419,
916,,,,28426,9.6818166639423e-06
917,8.951182280725334e-06,2.7662533739203354e-06,5.006490368941741e-07,28429,
917,4.847389391215984e-06,2.2153599275043234e-06,4.705550225025945e-07,28439,
917,4.478556093090447e-06,9.681505162006943e-07,5.170253416508785e-07,28449,
917,,,,28457,5.70538395550102e-06
918,6.7688897615880705e-06,2.0982822661608225e-06,5.376564331527334e-07,28459,
918,4.959564193995902e-06,1.3381112466959166e-06,5.739487392020237e-07,28469,
918,3.883741555910092e-06,7.854939099161129e-07,4.933813215757255e-07,28479,
918,,,,28488,5.675061856891261e-06
919,5.724428774556145e-06,1.696494337011245e-06,4.912678264190617e-07,28489,
919,4.215761691739317e-06,8.633624020149e-07,5.400308396019682e-07,28499,
919,3.6459052807913395e-06,7.392729912680807e-07,4.881736686002114e-07,28509,
919,2.1281994122546166e-06,5.453934477372968e-07,4.1223788826982855e-09,28519,
919,,,,28519,4.5230440264276695e-06
920,3.895095233019674e-06,1.0897095990003436e-06,5.558500788538367e-07,28529,
920,3.515858452374232e-06,7.071583354445465e-07,4.889513434136461e-07,28539,
920,3.378915153007256e-06,7.197726858976239e-07,5.61424769784935e-07,28549,
920,,,,28550,4.546457603282761e-06
921,3.948815447074594e-06,2.126289246007218e-06,5.424620326266449e-07,28559,
921,3.6595088204194326e-06,9.550986987960641e-07,5.42082602805749e-07,28569,
921,3.579781605367316e-06,8.091727181636088e-07,5.370583835428988e-07,28579,
921,,,,28581,4.587456260196632e-06
922,4.844154773309128e-06,9.032434036271297e-07,5.687876409865567e-07,28589,
922,4.699326836998807e-06,1.523067453490512e-06,5.030906891079212e-07,28599,
922,4.195613655610941e-06,1.4245656529965345e-06,5.182255335967056e-07,28609,
922,,,,28612,4.241718670527916e-06
923,4.236580025462899e-06,1.9778624391619815e-06,5.444334760795755e-07,28619,
923,4.632216132449685e-06,1.579787976879743e-06,5.272430598779465e-07,28629,
923,4.241501301294193e-06,1.7494432995590614e-06,4.920504466099374e-07,28639,
923,,,,28643,8.938648534240201e-06
924,6.3070929172681645e-06,2.9147734039725037e-06,5.141271799402602e-07,28649,
924,5.3228536671667825e-06,2.814877916534897e-06,5.262509716885688e-07,28659,
924,4.803933279617922e-06,1.441953941139218e-06,4.899056875729002e-07,28669,
924,,,,28674,5.515268185263267e-06
925,4.933987383992644e-06,1.3797034625895321e-06,6.094380182730674e-07,28679,
925,4.442780664248858e-06,1.3803767160425195e-06,5.185441409594205e-07,28689,
925,3.981011104770005e-06,1.1481632782306406e-06,5.276405090626213e-07,28699,
925,,,,28705,7.868424290791154e-06
926,6.048060186003568e-06,1.3681091104444931e-06,5.18913509495178e-07,28709,
926,4.358980277174851e-06,1.4572564168702229e-06,5.552911375161784e-07,28719,
926,4.538115263130749e-06,1.147669763668091e-06,4.855469342146534e-07,28729,
926,,,,28736,7.391386134258937e-06
927,7.051206921460107e-06,1.5231165662044077e-06,5.022501454732264e-07,28739,
927,4.329571311245672e-06,1.5470450307475403e-06,4.718366142242303e-07,28749,
927,4.655295924749225e-06,1.0039261724159587e-06,5.190498200136062e-07,28759,
927,,,,28767,6.147682142909616e-06
928,7.859207471483387e-06,3.691600568345166e-06,5.396552751335548e-07,28769,
928,4.7653893489041366e-06,1.7709810435917461e-06,5.754037601946038e-07,28779,
928,3.935473159799585e-06,1.0268834103044355e-06,4.944168949805317e-07,28789,
928,,,,28798,6.066463356546592e-06
929,6.1570094658236485e-06,1.5357184111053357e-06,4.927446184410655e-07,28799,
929,4.314678335504141e-06,1.625864001653099e-06,5.414106567513954e-07,28809,
929,3.949367055611219e-06,1.7216683545484557e-06,4.894791914011876e-07,28819,
929,2.142004632332828e-06,6.997533432695491e-07,4.131786024430539e-09,28829,
929,,,,28829,5.413796770881163e-06
930,4.380981408758089e-06,2.8447664135455852e-06,5.575871000473853e-07,28839,
930,3.631945446613827e-06,8.258097636826278e-07,4.901284569314157e-07,28849,
930,3.474317054497078e-06,7.064362534947577e-07,5.631673047901131e-07,28859,
930,,,,28860,4.910898041998735e-06
931,3.7798797620780533e-06,1.8641042061062763e-06,5.438392349788046e-07,28869,
931,3.780904080485925e-06,9.266110509997816e-07,5.438022299131262e-07,28879,
931,4.0324762267118786e-06,1.2138583542764536e-06,5.386536372498085e-07,28889,
931,,,,28891,4.384271960589103e-06
932,5.0063176786352415e-06,1.9960782537964405e-06,5.701987788597762e-07,28899,
932,3.5938346627517603e-06,7.770789238747966e-07,5.046194928581826e-07,28909,
932,4.083589828951517e-06,1.1265906323387753e-06,5.197076120566635e-07,28919,
932,,,,28922,4.522049493971281e-06
933,4.506308869167697e-06,1.1964357327087782e-06,5.460367447085446e-07,28929,
933,3.8325629247992765e-06,1.0904423106694594e-06,5.288202942210773e-07,28939,
933,4.0714039641898125e-06,1.7864882693174877e-06,4.934024673275417e-07,28949,
933,,,,28953,4.9308532652503345e-06
934,5.539637186302571e-06,1.3761609807261266e-06,5.159374723007204e-07,28959,
934,3.860408469336107e-06,1.2300689604671788e-06,5.278797630126064e-07,28969,
934,3.6068477129447274e-06,8.43083398649469e-07,4.910214101983001e-07,28979,
934,,,,28984,5.152573066879995e-06
935,5.535701347980648e-06,1.4192876278684707e-06,6.116523536547902e-07,28989,
935,4.09488211516873e-06,1.4444239013755578e-06,5.200300847718609e-07,28999,
935,4.00364160668687e-06,1.0758905091279303e-06,5.289300020194787e-07,29009,
935,,,,29015,4.5209289964986965e-06
936,4.7629082473577e-06,1.4918254009899101e-06,5.202394959269441e-07,29019,
936,3.857138381135883e-06,1.0091143849422224e-06,5.571451424657425e-07,29029,
936,3.670724936455372e-06,7.97559096099576e-07,4.866835183747753e-07,29039,
936,,,,29046,5.720038643630687e-06
937,6.834978648839751e-06,3.903654487658059e-06,5.02496561693988e-07,29049,
937,4.677925971918739e-06,2.2183305645739892e-06,4.730216858206404e-07,29059,
937,3.898667273460887e-06,1.1252368494751863e-06,5.208260063227499e-07,29069,
937,,,,29077,6.18065405433299e-06
938,7.682252544327639e-06,3.282191528342082e-06,5.411347387962451e-07,29079,
938,4.343099135439843e-06,1.5366979368991451e-06,5.778577474302438e-07,29089,
938,3.980492238042643e-06,1.160492161034199e-06,4.964516620020731e-07,29099,
938,,,,29108,6.3121356106421445e-06
939,6.278596629272215e-06,1.9050934270126163e-06,4.942901909998909e-07,29109,
939,4.923307642457075e-06,1.7488131334175705e-06,5.429982365967589e-07,29119,
939,3.737028919204022e-06,9.922517847371637e-07,4.911614723823732e-07,29129,
939,2.092843715217896e-06,4.7165278260763444e-07,4.149623311633377e-09,29139,
939,,,,29139,4.707780590251787e-06
940,3.6316694149718387e-06,1.5293701380869607e-06,5.597214567387709e-07,29149,
940,3.4302124731766526e-06,7.016207064225455e-07,4.918875333714823e-07,29159,
940,3.4721217616606737e-06,8.099978003883734e-07,5.65526590889931e-07,29169,
940,,,,29170,5.390528258431004e-06
941,3.899634066328872e-06,1.2394550594763132e-06,5.45436250831699e-07,29179,
941,3.7804065868840553e-06,8.603628884884529e-07,5.456039389173384e-07,29189,
941,3.589062089304207e-06,6.731654593750136e-07,5.408496122072393e-07,29199,
941,,,,29201,5.7863771871780045e-06
942,6.033132194716018e-06,1.179013452201616e-06,5.721891511711874e-07,29209,
942,6.203122211445589e-06,3.4798533761204453e-06,5.06543244682689e-07,29219,
942,4.595189693645807e-06,1.8345075432080193e-06,5.212993414716038e-07,29229,
942,,,,29232,5.6480052990082186e-06
943,5.441705980047118e-06,3.4183156003564363e-06,5.480370646182564e-07,29239,
943,4.837568212678889e-06,1.279287403121998e-06,5.30607110249548e-07,29249,
943,3.8341690924426075e-06,1.1175696954524028e-06,4.946116405335488e-07,29259,
943,,,,29263,6.979105364735005e-06
944,5.458039595396258e-06,2.60976298704918e-06,5.177731168259925e-07,29269,
944,7.390022346953629e-06,2.9332397843973013e-06,5.29040164565231e-07,29279,
944,4.895274742011679e-06,1.4181235883370391e-06,4.927630925521953e-07,29289,
944,,,,29294,9.390471859660465e-06
945,7.548377652710769e-06,1.7475822460255586e-06,6.135629178061208e-07,29299,
945,5.10156360178371e-06,1.966812988030142e-06,5.210816311773669e-07,29309,
945,4.388106844999129e-06,1.0257120948153897e-06,5.304011665430153e-07,29319,
945,,,,29325,1.0815495443239342e-05
946,5.618108389171539e-06,2.107008413076983e-06,5.213794906921976e-07,29329,
946,4.329227976995753e-06,2.352102910663234e-06,5.582679136750812e-07,29339,
946,3.688377546495758e-06,9.315002102994185e-07,4.869982603850076e-07,29349,
946,,,,29356,4.479493327380624e-06
947,4.522416929830797e-06,1.4273529131969553e-06,5.033755314798327e-07,29359,
947,3.862218818539986e-06,6.900749554006325e-07,4.740401493563695e-07,29369,
947,3.3991159398283344e-06,8.173033165803645e-07,5.221933747634466e-07,29379,
947,,,,29387,4.2932388168992475e-06
948,4.652819370676298e-06,2.5408860437892145e-06,5.427764904197829e-07,29389,
948,3.72799945580482e-06,9.376755087942001e-07,5.78630306335981e-07,29399,
948,3.537358907124144e-06,7.372838695118844e-07,4.972155238647247e-07,29409,
948,,,,29418,4.035161964566214e-06
949,4.024827376269968e-06,8.195581244763162e-07,4.95658241561614e-07,29419,
949,3.700915613080724e-06,1.266322556148225e-06,5.448188176160329e-07,29429,
949,3.856676812574733e-06,9.920094043991412e-07,4.922154062114714e-07,29439,
949,1.9232654722145526e-06,4.240299347202381e-07,4.1580419107845046e-09,29449,
949,,,,29449,5.265918844088446e-06
950,4.665430878958432e-06,3.8097157357697142e-06,5.609678623841319e-07,29459,
950,4.1900980249920394e-06,1.6149415387189947e-06,4.926008045913477e-07,29469,
950,4.430876288097352e-06,1.1322075579300872e-06,5.66307392091403e-07,29479,
950,,,,29480,6.90866909280885e-06
951,4.984924544260139e-06,3.4039899219351355e-06,5.470545829666662e-07,29489,
951,4.028405783174094e-06,1.50505786677968e-06,5.469100301525032e-07,29499,
951,3.794011945501552e-06,9.388334660798137e-07,5.417726924861199e-07,29509,
951,,,,29511,6.160254088172223e-06
952,4.6851473598508164e-06,1.6906935798033373e-06,5.729816621169448e-07,29519,
952,3.3928827178897336e-06,8.863989364726876e-07,5.066615358373383e-07,29529,
952,3.9635888242628425e-06,1.4286988516687416e-06,5.224628694122657e-07,29539,
952,,,,29542,5.8844593695539515e-06
953,4.19170419263537e-06,1.7693613472147263e-06,5.495820687428932e-07,29549,
953,3.686524678414571e-06,1.4587099030904938e-06,5.318086095940089e-07,29559,
953,3.600274112613988e-06,1.1440325806688634e-06,4.961095783073688e-07,29569,
953,,,,29573,5.340620646165917e-06
954,4.324109795561526e-06,1.2655672207984026e-06,5.187625902181026e-07,29579,
954,4.074243406648748e-06,1.5358858718172996e-06,5.306264370119607e-07,29589,
954,3.2669820484443335e-06,7.497836236325384e-07,4.939748237120511e-07,29599,
954,,,,29604,4.6956847654655576e-06
955,4.057474598084809e-06,1.084760697267484e-06,6.152338869469531e-07,29609,
955,3.703263018906e-06,1.1833163853225415e-06,5.228663439993397e-07,29619,
955,3.401672984182369e-06,8.928914212447125e-07,5.321608682606893e-07,29629,
955,,,,29635,4.2223045966238715e-06
956,4.270457793609239e-06,1.0200377573710284e-06,5.228984036875772e-07,29639,
956,3.6281464872445213e-06,8.333065011356666e-07,5.59808029265696e-07,29649,
956,3.5181985822418937e-06,6.48463924335374e-07,4.889440674560319e-07,29659,
956,,,,29666,4.509567588684149e-06
957,5.174309080757666e-06,2.0234017483744537e-06,5.054483835920109e-07,29669,
957,4.151148459641263e-06,1.1452722219473799e-06,4.7557139737364196e-07,29679,
957,3.5765233405982144e-06,1.2741041928165941e-06,5.242993665888207e-07,29689,
957,,,,29697,5.181971573620103e-06
958,7.0894634518481325e-06,4.23483606937225e-06,5.446437398859416e-07,29699,
958,5.1176371016481426e-06,1.568029802001547e-06,5.803208864563203e-07,29709,
958,3.7985948893037857e-06,1.8406954040983692e-06,4.98408269322681e-07,29719,
958,,,,29728,4.469912255444797e-06
959,4.46313742941129e-06,2.2495059965876862e-06,4.9710348548615e-07,29729,
959,4.816231466975296e-06,1.9487686131469673e-06,5.457439442579926e-07,29739,
959,3.7197066831140546e-06,1.3478257869792287e-06,4.936055688631313e-07,29749,
959,1.8369778445048723e-06,3.9277210817090236e-07,4.166145206596639e-09,29759,
959,,,,29759,6.462179499067133e-06
960,4.208753125567455e-06,2.1486318928509718e-06,5.618742875412863e-07,29769,
960,3.4894344480562722e-06,6.941598371668078e-07,4.939543032378424e-07,29779,
960,3.2686450595065253e-06,8.247034202213399e-07,5.682746859747567e-07,29789,
960,,,,29790,5.229312591836788e-06
961,3.9807077882869635e-06,1.5455137827302678e-06,5.483100835590449e-07,29799,
961,3.4528957257862203e-06,7.981200838003133e-07,5.481003881868673e-07,29809,
961,3.441518401814392e-06,9.778588037079317e-07,5.431953127299494e-07,29819,
961,,,,29821,4.243162493366981e-06
962,4.746490503748646e-06,2.0999946173105855e-06,5.748037210651091e-07,29829,
962,4.225506017974112e-06,1.3687590580957476e-06,5.087468935016659e-07,29839,
962,3.7581187370960834e-06,1.1456851325419848e-06,5.233884508015763e-07,29849,
962,,,,29852,5.219942522671772e-06
963,4.330771844252013e-06,1.1124136563012144e-06,5.506005322786223e-07,29859,
963,3.7325087305362104e-06,9.020477023113926e-07,5.332430532689614e-07,29869,
963,3.6805301988351857e-06,1.308633272856241e-06,4.972918077328359e-07,29879,
963,,,,29883,5.5307059483311605e-06
964,4.45381101599196e-06,1.295826905334252e-06,5.198450026000501e-07,29889,
964,4.496525434660725e-06,1.612027176634001e-06,5.319090519151359e-07,29899,
964,3.7446907299454324e-06,1.0414165672045783e-06,4.947229967910971e-07,29909,
964,,,,29914,4.343327873357339e-06
965,4.777711183123756e-06,1.2596595979630365e-06,6.16677994003112e-07,29919,
965,4.165357950114412e-06,1.5328250810853206e-06,5.241871008365706e-07,29929,
965,4.0609838833916e-06,1.2015669881293434e-06,5.334090928954538e-07,29939,
965,,,,29945,5.1189472287660465e-06
966,6.502998985524755e-06,1.662276076785929e-06,5.236513516138075e-07,29949,
966,4.219034508423647e-06,1.6063961538748117e-06,5.612183713310515e-07,29959,
966,4.18947229263722e-06,1.416171585333359e-06,4.905223818241211e-07,29969,
966,,,,29976,6.678471436316613e-06
967,9.579358447808772e-06,3.2422381082142238e-06,5.072769795333443e-07,29979,
967,5.066070571047021e-06,2.351628836549935e-06,4.7636660838179523e-07,29989,
967,3.6787525914405705e-06,1.1774160384447896e-06,5.252774712971586e-07,29999,
967,,,,30007,7.038977855700068e-06
968,9.810768460738473e-06,2.2042038381187012e-06,5.453364337881794e-07,30009,
968,4.767070095113013e-06,1.2652961913772742e-06,5.809860113004106e-07,30019,
968,3.566291070455918e-06,7.835240580789105e-07,4.995922040507139e-07,30029,
968,,,,30038,5.966113803879125e-06
969,5.94716129853623e-06,2.0046097688464215e-06,4.978882088835235e-07,30039,
969,5.885948212380754e-06,3.5427224247541744e-06,5.465639674184786e-07,30049,
969,3.636897417891305e-06,1.4878096408210695e-06,4.945675868839317e-07,30059,
969,1.7597268424651702e-06,4.3985551201330964e-07,4.170237044576197e-09,30069,
969,,,,30069,5.116869942867197e-06
970,5.528886958927615e-06,2.8556246434163768e-06,5.633761475110077e-07,30079,
970,3.7067109133204212e-06,8.856889621711161e-07,4.947127649757022e-07,30089,
970,3.631366325862473e-06,9.641402130000643e-07,5.695517302228836e-07,30099,
970,,,,30100,4.943633939546999e-06
971,3.8206994759093504e-06,1.6570232901358395e-06,5.492894388225977e-07,30109,
971,3.697529336932348e-06,1.0004598607338266e-06,5.494567290043051e-07,30119,
971,3.8027201298973523e-06,8.187632261069666e-07,5.443655481940368e-07,30129,
971,,,,30131,4.640807674149983e-06
972,3.7410998174891574e-06,9.729709518069285e-07,5.76255160922301e-07,30139,
972,3.510652732074959e-06,8.382900205106125e-07,5.095498636364937e-07,30149,
972,3.5071584534307476e-06,8.243797537943465e-07,5.246947125669976e-07,30159,
972,,,,30162,5.245433385425713e-06
973,4.729212378151715e-06,2.6063842142320937e-06,5.519962087419117e-07,30169,
973,3.34712990479602e-06,1.1557771131265326e-06,5.347681621969969e-07,30179,
973,3.097866965617868e-06,7.115468747542764e-07,4.983787107448734e-07,30189,
973,,,,30193,3.7682448237319477e-06
974,3.440836735535413e-06,9.455682743464422e-07,5.211454094933288e-07,30199,
974,3.258020797147765e-06,6.737773219356313e-07,5.327403300725564e-07,30209,
974,3.032049789908342e-06,7.99927704520087e-07,4.957109922543168e-07,30219,
974,,,,30224,3.7276456623658305e-06
975,3.915870365744922e-06,1.1162387636431959e-06,6.181086860124196e-07,30229,
975,3.6103929232922383e-06,9.129922773354338e-07,5.253023687146197e-07,30239,
975,3.946160632040119e-06,6.865379305054375e-07,5.347735054783698e-07,30249,
975,,,,30255,4.302215984353097e-06
976,4.389310561236925e-06,1.5914678215267486e-06,5.247753165349422e-07,30259,
976,3.8047435282351216e-06,1.0471452469573705e-06,5.627254608953081e-07,30269,
976,3.94733069697395e-06,9.160164040622476e-07,4.912341751150961e-07,30279,
976,,,,30286,4.935875494993525e-06
977,7.734383871138562e-06,5.352143034542678e-06,5.074397222415428e-07,30289,
977,4.153406734985765e-06,2.188214921261533e-06,4.772776946992963e-07,30299,
977,3.6956400890630903e-06,7.406364943562949e-07,5.266417701932369e-07,30309,
977,,,,30317,6.8508038566506e-06
978,1.00666620710399e-05,4.1102880459220614e-06,5.468303925226792e-07,30319,
978,4.738299139717128e-06,2.868466935979086e-06,5.82565064632945e-07,30329,
978,3.684830289785168e-06,7.95553944499261e-07,5.005028356208641e-07,30339,
978,,,,30348,8.1307907748851e-06
979,8.177200470527168e-06,2.0914749256917275e-06,4.990131969861977e-07,30349,
979,3.7379736568254884e-06,1.1660785048661637e-06,5.471966915138182e-07,30359,
979,3.3909727790160105e-06,1.2980469819012797e-06,4.948954597239208e-07,30369,
979,1.9719846022780985e-06,5.186946623325639e-07,4.182267865360245e-09,30379,
979,,,,30379,4.563172751659295e-06
980,3.6920939692208776e-06,1.2024645457131555e-06,5.645382543661981e-07,30389,
980,3.4598253932927037e-06,7.562948667327873e-07,4.958360477758106e-07,30399,
980,3.193810471202596e-06,7.89164005254861e-07,5.709362085326575e-07,30409,
980,,,,30410,4.63420428786776e-06
981,3.860096512653399e-06,1.5235167438731878e-06,5.504093110175745e-07,30419,
981,3.287573690613499e-06,7.022462682471087e-07,5.504115279109101e-07,30429,
981,3.526913360474282e-06,7.570174034299271e-07,5.456813596538268e-07,30439,
981,,,,30441,4.578302196023287e-06
982,4.619958872353891e-06,1.5236577155519626e-06,5.768500273006794e-07,30449,
982,3.481747626210563e-06,7.099088747963833e-07,5.106211915517633e-07,30459,
982,3.5977759580418933e-06,9.267005225410685e-07,5.256304689282842e-07,30469,
982,,,,30472,4.57248097518459e-06
983,3.848530923278304e-06,1.4461346609095926e-06,5.530503699446854e-07,30479,
983,3.3637120395724196e-06,7.633241807525337e-07,5.353396659302234e-07,30489,
983,3.7715508369728923e-06,1.372664655718836e-06,4.99517852858844e-07,30499,
983,,,,30503,5.274850991554558e-06
984,5.931747182330582e-06,1.5235402770485962e-06,5.221929200160957e-07,30509,
984,3.75548279407667e-06,1.3851139328835416e-06,5.342787403606053e-07,30519,
984,3.4161964777013054e-06,8.945195872911427e-07,4.963856667927757e-07,30529,
984,,,,30534,6.175343060021987e-06
985,6.130655492597725e-06,1.8520744333727635e-06,6.197861353030021e-07,30539,
985,4.747512321046088e-06,1.6331722463291953e-06,5.263862021820387e-07,30549,
985,3.917218691640301e-06,1.532538590254262e-06,5.353663254936691e-07,30559,
985,,,,30565,7.786953574395739e-06
986,5.115130988997407e-06,1.565116008350742e-06,5.247921990303439e-07,30569,
986,4.649748461815761e-06,1.356422103526711e-06,5.635816364701896e-07,30579,
986,4.102687398699345e-06,1.2874817230112967e-06,4.922184757560899e-07,30589,
986,,,,30596,6.72959458825062e-06
987,6.736408977303654e-06,3.282573516116827e-06,5.081466269984958e-07,30599,
987,4.811860435438575e-06,3.2804546208353713e-06,4.775308752869023e-07,30609,
987,3.657787374322652e-06,1.050540731739602e-06,5.270961764836102e-07,30619,
987,,,,30627,5.6326293815800454e-06
988,7.194071713456651e-06,3.649859081633622e-06,5.476688329508761e-07,30629,
988,4.772898591909325e-06,2.4964720068965107e-06,5.835224783368176e-07,30639,
988,3.998210104327882e-06,1.095424295272096e-06,5.007348704566539e-07,30649,
988,,,,30658,6.921964541106718e-06
989,7.003680821071612e-06,1.5642157222828246e-06,4.996888947061962e-07,30659,
989,4.417402124090586e-06,6.694667717965785e-07,5.475476996252837e-07,30669,
989,3.5561361073632725e-06,1.08576932689175e-06,4.954745236318558e-07,30679,
989,2.3266397874976974e-06,4.961939339409582e-07,4.189000257781572e-09,30689,
989,,,,30689,7.290885605470976e-06
990,4.6842501433275174e-06,1.9478536614769837e-06,5.654151777889638e-07,30699,
990,4.310911208449397e-06,1.038798131958174e-06,4.96125835525163e-07,30709,
990,3.5650580230139894e-06,9.122446726905764e-07,5.715912152481906e-07,30719,
990,,,,30720,6.228812253539218e-06
991,4.565842573356349e-06,1.7692391338641755e-06,5.510003688868892e-07,30729,
991,3.517472350722528e-06,1.1920202496185084e-06,5.512237635230122e-07,30739,
991,3.515955313559971e-06,7.827260901649424e-07,5.461637329062796e-07,30749,
991,,,,30751,5.257065822661389e-06
992,4.179916686553042e-06,1.3665788856087602e-06,5.776736315965536e-07,30759,
992,3.7772717860207194e-06,8.628638283880719e-07,5.110939582664287e-07,30769,
992,4.170277861703653e-06,9.363284334540367e-07,5.262184004095616e-07,30779,
992,,,,30782,4.980421635991661e-06
993,4.57117312180344e-06,1.0442975053592818e-06,5.532962745746772e-07,30789,
993,3.8028936160117155e-06,1.3148244306648849e-06,5.366065352063742e-07,30799,
993,3.929041668015998e-06,9.230586215380754e-07,4.998278768653108e-07,30809,
993,,,,30813,4.561777586786775e-06
994,4.401968908496201e-06,1.09660368252662e-06,5.229845214671514e-07,30819,
994,4.153800546191633e-06,1.881542971204908e-06,5.342178042155865e-07,30829,
994,3.978211225330597e-06,1.5921916656225221e-06,4.969534757037763e-07,30839,
994,,,,30844,5.675047304976033e-06
995,4.904269644612214e-06,1.3354065231396817e-06,6.194094908096304e-07,30849,
995,4.0130148590833414e-06,1.5827416746105882e-06,5.270491101327934e-07,30859,
995,3.977367668994702e-06,9.850402875599684e-07,5.36463289790845e-07,30869,
995,,,,30875,4.282775989850052e-06
996,3.929906142730033e-06,1.4586704537578044e-06,5.257859356788686e-07,30879,
996,3.3668397918518167e-06,1.1913998605450615e-06,5.643506710839574e-07,30889,
996,3.4545491871540435e-06,6.764444151485804e-07,4.927852046421322e-07,30899,
996,,,,30906,4.372602688818006e-06
997,4.6876270971552e-06,2.4548683086322853e-06,5.088035663902701e-07,30909,
997,3.738453187906998e-06,9.975882448998163e-07,4.784791372003383e-07,30919,
997,3.502905428831582e-06,1.075150635188038e-06,5.287535600473348e-07,30929,
997,,,,30937,4.582707788358675e-06
998,6.2470853663398884e-06,2.34838421420136e-06,5.482256142386177e-07,30939,
998,3.6176020330458414e-06,1.1178723298144178e-06,5.84335793973878e-07,30949,
998,3.51549329025147e-06,9.85114411378163e-07,5.021414040129457e-07,30959,
998,,,,30968,4.831348178413464e-06
999,4.773780347022694e-06,1.5044978454170632e-06,5.004225727134326e-07,30969,
999,4.124074621358886e-06,2.6803038508660393e-06,5.497166171153367e-07,30979,
999,4.028207513329107e-06,8.642094257993449e-07,4.972559963789536e-07,30989,
999,1.6492390386702027e-06,3.520694065173302e-07,4.198726255566498e-09,30999,
999,,,,30999,4.865996288572205e-06
