epoch,loss,step,val_loss
0,0.10845418274402618,9,
0,0.06945009529590607,19,
0,0.04282229393720627,29,
0,,30,0.05700567737221718
1,0.01223202794790268,39,
1,0.006984225939959288,49,
1,0.005138813052326441,59,
1,,61,0.007202295586466789
2,0.004320092033594847,69,
2,0.0036662050988525152,79,
2,0.0029864031821489334,89,
2,,92,0.00366323278285563
3,0.0030478681437671185,99,
3,0.0027196332812309265,109,
3,0.0035447068512439728,119,
3,,123,0.0026029746513813734
4,0.0031374988611787558,129,
4,0.0024926960468292236,139,
4,0.002590159187093377,149,
4,,154,0.0023056785576045513
5,0.002399452729150653,159,
5,0.002050942974165082,169,
5,0.002326269168406725,179,
5,,185,0.0020574028603732586
6,0.00242856633849442,189,
6,0.0017821579240262508,199,
6,0.0017274348065257072,209,
6,,216,0.0018498151330277324
7,0.001640775240957737,219,
7,0.0016370689263567328,229,
7,0.0016127217095345259,239,
7,,247,0.0017664855113252997
8,0.0019508600234985352,249,
8,0.0014064470306038857,259,
8,0.0013723147567361593,269,
8,,278,0.0016665761359035969
9,0.002522825263440609,279,
9,0.0014921845868229866,289,
9,0.001141533488407731,299,
9,0.0009705880656838417,309,
9,,309,0.0015780340181663632
10,0.0014202268794178963,319,
10,0.0014236790593713522,329,
10,0.0017936890944838524,339,
10,,340,0.0015100223245099187
11,0.0010998978978022933,349,
11,0.0010941234650090337,359,
11,0.0012902113376185298,369,
11,,371,0.0014633607352152467
12,0.0011009013978764415,379,
12,0.0010154687333852053,389,
12,0.0010506728431209922,399,
12,,402,0.0014280395116657019
13,0.0012440247228369117,409,
13,0.0010126401903107762,419,
13,0.002001073444262147,429,
13,,433,0.0013974654721096158
14,0.0016507433028891683,439,
14,0.0010999947553500533,449,
14,0.001266332226805389,459,
14,,464,0.001359196612611413
15,0.0011901966063305736,469,
15,0.0009287598659284413,479,
15,0.0011180141009390354,489,
15,,495,0.001322668744251132
16,0.0016344680916517973,499,
16,0.0011536887614056468,509,
16,0.0008870517485775054,519,
16,,526,0.0012918300926685333
17,0.001023471006192267,529,
17,0.0008631825912743807,539,
17,0.0009936131536960602,549,
17,,557,0.0012595708249136806
18,0.0010634594364091754,559,
18,0.0007805026834830642,569,
18,0.0008718776516616344,579,
18,,588,0.0012287609279155731
19,0.0018969151424244046,589,
19,0.0010600935202091932,599,
19,0.0007744021131657064,609,
19,0.00046491200919263065,619,
19,,619,0.0011967415921390057
20,0.0009012339869514108,629,
20,0.0009822463616728783,639,
20,0.0014152430230751634,649,
20,,650,0.0011760828783735633
21,0.0007544536492787302,659,
21,0.0007490851567126811,669,
21,0.0009728127042762935,679,
21,,681,0.0011517516104504466
22,0.0007006674422882497,689,
22,0.000643848383333534,699,
22,0.0008360118954442441,709,
22,,712,0.0011399744544178247
23,0.000802055059466511,719,
23,0.000729138613678515,729,
23,0.0015523312613368034,739,
23,,743,0.0011112273205071688
24,0.0014509923057630658,749,
24,0.000857293140143156,759,
24,0.0009427406475879252,769,
24,,774,0.001095167943276465
25,0.0008888225420378149,779,
25,0.0006209354614838958,789,
25,0.0007937657064758241,799,
25,,805,0.0010644968133419752
26,0.001324478187598288,809,
26,0.0009018985438160598,819,
26,0.0007104455726221204,829,
26,,836,0.0010527388658374548
27,0.0009338122326880693,839,
27,0.0007045295205898583,849,
27,0.0007904642843641341,859,
27,,867,0.001018890761770308
28,0.0008078190148808062,869,
28,0.0006249996949918568,879,
28,0.0006699623772874475,889,
28,,898,0.0010084763634949923
29,0.0015958513831719756,899,
29,0.0008662473410367966,909,
29,0.0006504937191493809,919,
29,0.0003157120372634381,929,
29,,929,0.0009709527366794646
30,0.0006890905788168311,939,
30,0.0007675748784095049,949,
30,0.0012267031706869602,959,
30,,960,0.0009653517627157271
31,0.0006557037122547626,969,
31,0.0005786890396848321,979,
31,0.0008721256745047867,989,
31,,991,0.000929898873437196
32,0.0005763302906416357,999,
32,0.0005747763789258897,1009,
32,0.0007866712985560298,1019,
32,,1022,0.0009195840684697032
33,0.0006273018661886454,1029,
33,0.0006219684728421271,1039,
33,0.0013498932821676135,1049,
33,,1053,0.0008831184823065996
34,0.0012528483057394624,1059,
34,0.0007230235496535897,1069,
34,0.00078917684732005,1079,
34,,1084,0.000869093812070787
35,0.0007427075761370361,1089,
35,0.0005168320494703948,1099,
35,0.0007227020105347037,1109,
35,,1115,0.0008381538791581988
36,0.0011616128031164408,1119,
36,0.0007986437412910163,1129,
36,0.0006822365685366094,1139,
36,,1146,0.0008221165626309812
37,0.0009747516014613211,1149,
37,0.0006412515067495406,1159,
37,0.000700572389177978,1169,
37,,1177,0.0007975688204169273
38,0.0006946290377527475,1179,
38,0.0005312651046551764,1189,
38,0.0005689585232175887,1199,
38,,1208,0.0007799214799888432
39,0.0012936519924551249,1209,
39,0.0007583959959447384,1219,
39,0.0005239806487224996,1229,
39,0.00026273177354596555,1239,
39,,1239,0.000761651957873255
40,0.0006657002959400415,1249,
40,0.000656716525554657,1259,
40,0.0011326504172757268,1269,
40,,1270,0.0007525920518673956
41,0.0006325223366729915,1279,
41,0.0005108457407914102,1289,
41,0.0008223846089094877,1299,
41,,1301,0.0007381116156466305
42,0.0005116646061651409,1309,
42,0.0004927566624246538,1319,
42,0.0006344721186906099,1329,
42,,1332,0.0007306355400942266
43,0.0005413269973360002,1339,
43,0.00046308428863994777,1349,
43,0.0011580439750105143,1359,
43,,1363,0.0007226138259284198
44,0.0010402138577774167,1369,
44,0.0006531273247674108,1379,
44,0.000738253875169903,1389,
44,,1394,0.0007178251398727298
45,0.0007538383943028748,1399,
45,0.0005351371946744621,1409,
45,0.0007078460184857249,1419,
45,,1425,0.0007099827635101974
46,0.0009329114109277725,1429,
46,0.0006719662924297154,1439,
46,0.0005185887566767633,1449,
46,,1456,0.000702293065842241
47,0.000721876451279968,1459,
47,0.0004922878579236567,1469,
47,0.0005873406771570444,1479,
47,,1487,0.00069678999716416
48,0.000577587925363332,1489,
48,0.0004445571103133261,1499,
48,0.0005040096584707499,1509,
48,,1518,0.0006906800554133952
49,0.0012014696840196848,1519,
49,0.0007220307015813887,1529,
49,0.0005141385481692851,1539,
49,0.0002079725090879947,1549,
49,,1549,0.0006818930269218981
50,0.0006048246286809444,1559,
50,0.0005507761379703879,1569,
50,0.000914022617507726,1579,
50,,1580,0.0006761698750779033
51,0.0004668672336265445,1589,
51,0.00044341289321891963,1599,
51,0.000624454696662724,1609,
51,,1611,0.0006709063309244812
52,0.00044839357724413276,1619,
52,0.0003650884609669447,1629,
52,0.0005224544438533485,1639,
52,,1642,0.000664361345116049
53,0.00048096830141730607,1649,
53,0.00042646366637200117,1659,
53,0.001026607002131641,1669,
53,,1673,0.0006597002502530813
54,0.0010110439034178853,1679,
54,0.0006596327875740826,1689,
54,0.0006207926198840141,1699,
54,,1704,0.0006525304052047431
55,0.0006563393981195986,1709,
55,0.0004451208806131035,1719,
55,0.0005429291049949825,1729,
55,,1735,0.000646514818072319
56,0.0007647353922948241,1739,
56,0.0005633846740238369,1749,
56,0.00041992394835688174,1759,
56,,1766,0.000638434721622616
57,0.000639692647382617,1769,
57,0.00044024913222528994,1779,
57,0.000539858010597527,1789,
57,,1797,0.0006294885533861816
58,0.0005102765280753374,1799,
58,0.00041161736589856446,1809,
58,0.00043313438072800636,1819,
58,,1828,0.0006215872708708048
59,0.0010806135833263397,1829,
59,0.0006219593342393637,1839,
59,0.000493078725412488,1849,
59,0.00016726645117159933,1859,
59,,1859,0.0006140180048532784
60,0.0005187311326153576,1869,
60,0.00047800742322579026,1879,
60,0.0007808449445292354,1889,
60,,1890,0.0006065830821171403
61,0.0004114769399166107,1899,
61,0.00040670015732757747,1909,
61,0.0005452053155750036,1919,
61,,1921,0.0005990855861455202
62,0.0003946195065509528,1929,
62,0.00031673655030317605,1939,
62,0.0004913784796372056,1949,
62,,1952,0.0005924077704548836
63,0.0004199529066681862,1959,
63,0.0003976885345764458,1969,
63,0.000906921923160553,1979,
63,,1983,0.0005867031286470592
64,0.0009575511794537306,1989,
64,0.0006488475482910872,1999,
64,0.0005319684860296547,2009,
64,,2014,0.0005825926782563329
65,0.0005722410278394818,2019,
65,0.00038162877899594605,2029,
65,0.00045612832764163613,2039,
65,,2045,0.0005778666236437857
66,0.0006622215732932091,2049,
66,0.0004886002279818058,2059,
66,0.00036910484777763486,2069,
66,,2076,0.0005762166692875326
67,0.000615896366070956,2079,
67,0.0004042611981276423,2089,
67,0.0004733106179628521,2099,
67,,2107,0.0005762496730312705
68,0.0004582062247209251,2109,
68,0.0003830040222965181,2119,
68,0.00039701719651930034,2129,
68,,2138,0.0005748864496126771
69,0.0009486469207331538,2139,
69,0.0005320353666320443,2149,
69,0.0004608643357641995,2159,
69,0.00014190190995577723,2169,
69,,2169,0.0005784125532954931
70,0.0004733374807983637,2179,
70,0.00040233429172076285,2189,
70,0.0006746724247932434,2199,
70,,2200,0.000582157343160361
71,0.00039206971996463835,2209,
71,0.0003993527789134532,2219,
71,0.0005031796172261238,2229,
71,,2231,0.0005894509959034622
72,0.0003392922517377883,2239,
72,0.0002847612777259201,2249,
72,0.0004998297663405538,2259,
72,,2262,0.0005974398227408528
73,0.0004230401827953756,2269,
73,0.0003761693660635501,2279,
73,0.0007771372911520302,2289,
73,,2293,0.000612903677392751
74,0.0008871803293004632,2299,
74,0.0006537380395457149,2309,
74,0.0004879651532974094,2319,
74,,2324,0.000621707527898252
75,0.0005274059949442744,2329,
75,0.00031421444145962596,2339,
75,0.00041610634070821106,2349,
75,,2355,0.0006412400398403406
76,0.0006398374680429697,2359,
76,0.0004744625184684992,2369,
76,0.0003250595764257014,2379,
76,,2386,0.0006506411009468138
77,0.0006112526752986014,2389,
77,0.0003928004880435765,2399,
77,0.0004468140541575849,2409,
77,,2417,0.0006729199085384607
78,0.0004537598288152367,2419,
78,0.00032464772812090814,2429,
78,0.00038730804226361215,2439,
78,,2448,0.0006678979843854904
79,0.000893140328116715,2449,
79,0.0005104760057292879,2459,
79,0.0004019147891085595,2469,
79,0.00012346330913715065,2479,
79,,2479,0.0006975331925787032
80,0.0004446874372661114,2489,
80,0.00039783306419849396,2499,
80,0.0005693389102816582,2509,
80,,2510,0.0006667813868261874
81,0.00036241041379980743,2519,
81,0.0003693564794957638,2529,
81,0.0005384829128161073,2539,
81,,2541,0.0007233750657178462
82,0.0003554633294697851,2549,
82,0.0002758388000074774,2559,
82,0.00048519117990508676,2569,
82,,2572,0.0006528447265736759
83,0.00042815852793864906,2579,
83,0.00039262231439352036,2589,
83,0.0007016271119937301,2599,
83,,2603,0.0007734965765848756
84,0.0008055590442381799,2609,
84,0.0006452332017943263,2619,
84,0.0005115088424645364,2629,
84,,2634,0.0006537760491482913
85,0.0005226378561928868,2639,
85,0.0002892715856432915,2649,
85,0.00036817946238443255,2659,
85,,2665,0.0008240159368142486
86,0.0006407942855730653,2669,
86,0.0005882587283849716,2679,
86,0.00031901165493763983,2689,
86,,2696,0.0007019619224593043
87,0.0006674611358903348,2699,
87,0.0003580493212211877,2709,
87,0.00045427336590364575,2719,
87,,2727,0.0008276192820630968
88,0.000521802983712405,2729,
88,0.00033214324503205717,2739,
88,0.0003679435176309198,2749,
88,,2758,0.0006127067026682198
89,0.0008370138821192086,2759,
89,0.0005124997696839273,2769,
89,0.0004045393434353173,2779,
89,0.00016163999680429697,2789,
89,,2789,0.0007012319401837885
90,0.0003887093917001039,2799,
90,0.0004081664956174791,2809,
90,0.0005769156268797815,2819,
90,,2820,0.0005175128462724388
91,0.000340316619258374,2829,
91,0.00032894063042476773,2839,
91,0.0005346602411009371,2849,
91,,2851,0.0005996860563755035
92,0.0003437172854319215,2859,
92,0.0003084336349274963,2869,
92,0.00046810670755803585,2879,
92,,2882,0.0005193352117203176
93,0.0003796543169301003,2889,
93,0.0003495696873869747,2899,
93,0.0007256758399307728,2909,
93,,2913,0.0005964021547697484
94,0.0007738448912277818,2919,
94,0.0006027932395227253,2929,
94,0.000514234125148505,2939,
94,,2944,0.0005407253047451377
95,0.0004455569142010063,2949,
95,0.00029871720471419394,2959,
95,0.0003761755651794374,2969,
95,,2975,0.0006204150849953294
96,0.0005903857527300715,2979,
96,0.0005212865653447807,2989,
96,0.00027748930733650923,2999,
96,,3006,0.0005909810424782336
97,0.0005561409052461386,3009,
97,0.00032497450592927635,3019,
97,0.00040251301834359765,3029,
97,,3037,0.0006787289748899639
98,0.0004310445801820606,3039,
98,0.00028187662246637046,3049,
98,0.00038998134550638497,3059,
98,,3068,0.0006852942169643939
99,0.0007860952755436301,3069,
99,0.0005861861864104867,3079,
99,0.00037194276228547096,3089,
99,0.00014198152348399162,3099,
99,,3099,0.0007649341132491827
100,0.00039486130117438734,3109,
100,0.000475025677587837,3119,
100,0.0005061295814812183,3129,
100,,3130,0.0008144177845679224
101,0.0003243201063014567,3139,
101,0.0003534041461534798,3149,
101,0.0006212312146089971,3159,
101,,3161,0.0008182565798051655
102,0.00040531507693231106,3169,
102,0.0003277422219980508,3179,
102,0.00038277433486655354,3189,
102,,3192,0.000718984694685787
103,0.0003648281854111701,3199,
103,0.00045601054443977773,3209,
103,0.0009271181188523769,3219,
103,,3223,0.0005240833852440119
104,0.0007757979328744113,3229,
104,0.00054330745479092,3239,
104,0.0005031867185607553,3249,
104,,3254,0.00038221298018470407
105,0.00048621834139339626,3259,
105,0.0003744357672985643,3269,
105,0.0003770063631236553,3279,
105,,3285,0.0003789113834500313
106,0.0004587202856782824,3289,
106,0.0004121180681977421,3299,
106,0.00024949837825261056,3309,
106,,3316,0.00035098788794130087
107,0.0005364622338674963,3319,
107,0.0003246532869525254,3329,
107,0.00038870269781909883,3339,
107,,3347,0.00038556696381419897
108,0.00035012507578358054,3349,
108,0.0002877631050068885,3359,
108,0.0002921652630902827,3369,
108,,3378,0.0003592062566895038
109,0.0007247092435136437,3379,
109,0.0004956330521963537,3389,
109,0.0003512839030008763,3399,
109,9.914304973790422e-05,3409,
109,,3409,0.00038967246655374765
110,0.00029914366314187646,3419,
110,0.0003563707577995956,3429,
110,0.0004498195194173604,3439,
110,,3440,0.000365584681276232
111,0.00024273856251966208,3449,
111,0.0002937519457191229,3459,
111,0.00039958953857421875,3469,
111,,3471,0.00039976282278075814
112,0.0002558361738920212,3479,
112,0.00027575448621064425,3489,
112,0.0003525981737766415,3499,
112,,3502,0.0003793613868765533
113,0.0002478155947756022,3509,
113,0.0002748009574133903,3519,
113,0.0008151955553330481,3529,
113,,3533,0.000434168498031795
114,0.0007289311615750194,3539,
114,0.00052162870997563,3549,
114,0.000436997739598155,3559,
114,,3564,0.00042544808820821345
115,0.00044021892244927585,3569,
115,0.0002953888615593314,3579,
115,0.00031828443752601743,3589,
115,,3595,0.0005304338410496712
116,0.00047374606947414577,3599,
116,0.0003708430449478328,3609,
116,0.00021832756465300918,3619,
116,,3626,0.0004611043259501457
117,0.0005812612362205982,3629,
117,0.00030094030080363154,3639,
117,0.00034840989974327385,3649,
117,,3657,0.0005777011974714696
118,0.00039883001591078937,3659,
118,0.00027995347045361996,3669,
118,0.00027805648278445005,3679,
118,,3688,0.00040286927833221853
119,0.0007006704108789563,3689,
119,0.00046451520756818354,3699,
119,0.00032763637136667967,3709,
119,0.0001352437393506989,3719,
119,,3719,0.0004882950452156365
120,0.00027052819496020675,3729,
120,0.00030201912159100175,3739,
120,0.0003982041962444782,3749,
120,,3750,0.0003435505204834044
121,0.00021603575441986322,3759,
121,0.00025985765387304127,3769,
121,0.00037131167482584715,3779,
121,,3781,0.0004208120808470994
122,0.00023445617989636958,3789,
122,0.0002560375432949513,3799,
122,0.0003554120776243508,3809,
122,,3812,0.0003455589758232236
123,0.0002248852833872661,3819,
123,0.00026077573420479894,3829,
123,0.000762064999435097,3839,
123,,3843,0.0003927682701032609
124,0.0006919803563505411,3849,
124,0.0004990973975509405,3859,
124,0.0004033824661746621,3869,
124,,3874,0.0003438683634158224
125,0.0003619000199250877,3879,
125,0.00025338472914882004,3889,
125,0.0002843476249836385,3899,
125,,3905,0.00038613530341535807
126,0.0003667839046102017,3909,
126,0.0003321385011076927,3919,
126,0.00020023288379888982,3929,
126,,3936,0.0003514783165883273
127,0.0004988545551896095,3939,
127,0.0002587985072750598,3949,
127,0.00031158854835666716,3959,
127,,3967,0.0003995970473624766
128,0.00035413174191489816,3969,
128,0.00022917540627531707,3979,
128,0.00025697561795823276,3989,
128,,3998,0.00037531284033320844
129,0.0006244230316951871,3999,
129,0.0004445071972440928,4009,
129,0.0003137538442388177,4019,
129,0.00015483077731914818,4029,
129,,4029,0.0004235023516230285
130,0.0002492066705599427,4039,
130,0.00027882304857484996,4049,
130,0.0003744277637451887,4059,
130,,4060,0.0004233576182741672
131,0.00023371649149339646,4069,
131,0.00024458899861201644,4079,
131,0.0003704490081872791,4089,
131,,4091,0.00045756014878861606
132,0.00025393959367647767,4099,
132,0.00025981722865253687,4109,
132,0.0003735737700480968,4119,
132,,4122,0.0004726910556200892
133,0.00025423881015740335,4129,
133,0.00030040988349355757,4139,
133,0.0007451966521330178,4149,
133,,4153,0.0004600762913469225
134,0.0007121323142200708,4159,
134,0.00048620926099829376,4169,
134,0.00038928803405724466,4179,
134,,4184,0.0004281137662474066
135,0.0003833421797025949,4189,
135,0.00025772480876185,4199,
135,0.0002984764287248254,4209,
135,,4215,0.00040051189716905355
136,0.0003684103430714458,4219,
136,0.0003398086701054126,4229,
136,0.0001918751950142905,4239,
136,,4246,0.0003712153702508658
137,0.0005423704860731959,4249,
137,0.00027092359960079193,4259,
137,0.0003218128113076091,4269,
137,,4277,0.0003736618091352284
138,0.00034255051286891103,4279,
138,0.00023029941075947136,4289,
138,0.0002621184103190899,4299,
138,,4308,0.00035838689655065536
139,0.000584794906899333,4309,
139,0.00043525671935640275,4319,
139,0.00031122294603846967,4329,
139,0.0001543764810776338,4339,
139,,4339,0.00036604038905352354
140,0.0002592965611256659,4349,
140,0.0002817960048560053,4359,
140,0.0003597416798584163,4369,
140,,4370,0.0003487482026685029
141,0.00020208951900713146,4379,
141,0.00023208856873679906,4389,
141,0.0003577178285922855,4399,
141,,4401,0.00036990593071095645
142,0.00023207788763102144,4409,
142,0.0002439703093841672,4419,
142,0.000352944596670568,4429,
142,,4432,0.00033892455394379795
143,0.0002229967067250982,4439,
143,0.00025952799478545785,4449,
143,0.0007054980378597975,4459,
143,,4463,0.00037867261562496424
144,0.0006426722975447774,4469,
144,0.00047681856085546315,4479,
144,0.0003789909533225,4489,
144,,4494,0.0003363089053891599
145,0.00036275258753448725,4499,
145,0.0002528245095163584,4509,
145,0.00028701574774459004,4519,
145,,4525,0.0003949358069803566
146,0.0003453076642472297,4529,
146,0.00032089269370771945,4539,
146,0.0001898389309644699,4549,
146,,4556,0.00033928759512491524
147,0.0005601133452728391,4559,
147,0.000292357086436823,4569,
147,0.00034801714355126023,4579,
147,,4587,0.00041752023389562964
148,0.00033244877704419196,4589,
148,0.0002233145642094314,4599,
148,0.0002503785362932831,4609,
148,,4618,0.0003808425390161574
149,0.0006043928442522883,4619,
149,0.00046568186371587217,4629,
149,0.00035723220207728446,4639,
149,0.00014632244710810483,4649,
149,,4649,0.00044377820449881256
150,0.0002669549430720508,4659,
150,0.0002983225276693702,4669,
150,0.0003796379896812141,4679,
150,,4680,0.0005467908340506256
151,0.00028748047770932317,4689,
151,0.0003871458466164768,4699,
151,0.00042183217010460794,4709,
151,,4711,0.0005320216296240687
152,0.0002464576391503215,4719,
152,0.0002589815703686327,4729,
152,0.0003693360195029527,4739,
152,,4742,0.0006242613890208304
153,0.0003325770376250148,4749,
153,0.00037302557029761374,4759,
153,0.0007170988828875124,4769,
153,,4773,0.00047024196828715503
154,0.0006159772165119648,4779,
154,0.0005471368785947561,4789,
154,0.0003549025277607143,4799,
154,,4804,0.00043568338151089847
155,0.00031406033667735755,4809,
155,0.0002492390922270715,4819,
155,0.00036660002660937607,4829,
155,,4835,0.0003747911541722715
156,0.0003745271824300289,4839,
156,0.0002983857993967831,4849,
156,0.00018791623006109148,4859,
156,,4866,0.000437530834460631
157,0.0005058997194282711,4869,
157,0.0003017743874806911,4879,
157,0.00036402957630343735,4889,
157,,4897,0.0004488016420509666
158,0.00025893549900501966,4899,
158,0.00022254424402490258,4909,
158,0.00019781455921474844,4919,
158,,4928,0.0004095963086001575
159,0.0006709209410473704,4929,
159,0.0004250457277521491,4939,
159,0.0004200997354928404,4949,
159,0.00010125053086085245,4959,
159,,4959,0.000980175333097577
160,0.0002735463494900614,4969,
160,0.00031216879142448306,4979,
160,0.00031561197829432786,4989,
160,,4990,0.0005123179289512336
161,0.00028251600451767445,4999,
161,0.00022158859064802527,5009,
161,0.00037043646443635225,5019,
161,,5021,0.0004712383379228413
162,0.00022448893287219107,5029,
162,0.00020987950847484171,5039,
162,0.0003022706077899784,5049,
162,,5052,0.0005739802145399153
163,0.0003728445735760033,5059,
163,0.00031900472822599113,5069,
163,0.0005614894325844944,5079,
163,,5083,0.00045720685739070177
164,0.0005756347673013806,5089,
164,0.0003705736016854644,5099,
164,0.00037295842776075006,5109,
164,,5114,0.0005091264611110091
165,0.00033556221751496196,5119,
165,0.0002624799672048539,5129,
165,0.000304261950077489,5139,
165,,5145,0.000354889256414026
166,0.000296000944217667,5149,
166,0.0003216483455616981,5159,
166,0.00022687226010020822,5169,
166,,5176,0.00037957404856570065
167,0.00047708177589811385,5179,
167,0.00022438734595198184,5189,
167,0.00030370004242286086,5199,
167,,5207,0.0002896504884120077
168,0.0003464891342446208,5209,
168,0.00020932483312208205,5219,
168,0.00024548021610826254,5229,
168,,5238,0.00036942187580280006
169,0.0005826200358569622,5239,
169,0.0003740958054549992,5249,
169,0.00029959349194541574,5259,
169,8.20590285002254e-05,5269,
169,,5269,0.0003080862225033343
170,0.00023655696713831276,5279,
170,0.00023748834792058915,5289,
170,0.0003184311499353498,5299,
170,,5300,0.00042732228757813573
171,0.0002485412987880409,5309,
171,0.0002372371673118323,5319,
171,0.00035151810152456164,5329,
171,,5331,0.00034835090627893806
172,0.00022180766973178834,5339,
172,0.0001944382966030389,5349,
172,0.0003134190628770739,5359,
172,,5362,0.0005228163790889084
173,0.00041246641194447875,5369,
173,0.0003164188819937408,5379,
173,0.0005684727220796049,5389,
173,,5393,0.00039832282345741987
174,0.0006431220099329948,5399,
174,0.0004118245269637555,5409,
174,0.00034111682907678187,5419,
174,,5424,0.0006168560357764363
175,0.00036937478580512106,5429,
175,0.00021699033095501363,5439,
175,0.0002808213175740093,5449,
175,,5455,0.00039660741458646953
176,0.0003930182720068842,5459,
176,0.0004258790868334472,5469,
176,0.00031397974817082286,5479,
176,,5486,0.00047281416482292116
177,0.0004859872569795698,5489,
177,0.0002619308070279658,5499,
177,0.0004042944929096848,5509,
177,,5517,0.0002876245998777449
178,0.0003967803786508739,5519,
178,0.0002194147527916357,5529,
178,0.00024973085965029895,5539,
178,,5548,0.0002699143369682133
179,0.00048437737859785557,5549,
179,0.000332225434249267,5559,
179,0.00033974822144955397,5569,
179,8.86613706825301e-05,5579,
179,,5579,0.00025107961846515536
180,0.0002801154332701117,5589,
180,0.0002686189254745841,5599,
180,0.000464814220322296,5609,
180,,5610,0.00025009235832840204
181,0.00024282230879180133,5619,
181,0.00026724630151875317,5629,
181,0.00041411156416870654,5639,
181,,5641,0.00022965493553783745
182,0.0001530810841359198,5649,
182,0.0002029265888268128,5659,
182,0.00031072975252754986,5669,
182,,5672,0.0002452966873534024
183,0.00022319094568956643,5679,
183,0.00020493486954364926,5689,
183,0.0005684231873601675,5699,
183,,5703,0.00022299947158899158
184,0.0005182938766665757,5709,
184,0.0003246310807298869,5719,
184,0.00038091521128080785,5729,
184,,5734,0.00024564226623624563
185,0.0002662774932105094,5739,
185,0.00024057777773123235,5749,
185,0.000318620033795014,5759,
185,,5765,0.0002287945244461298
186,0.00039546017069369555,5769,
186,0.0003117772575933486,5779,
186,0.00022062106290832162,5789,
186,,5796,0.0002468829625286162
187,0.00038882126682437956,5799,
187,0.0001981967652682215,5809,
187,0.00025085450033657253,5819,
187,,5827,0.00023612640507053584
188,0.0002989534696098417,5829,
188,0.00020408125419635326,5839,
188,0.0002543346199672669,5849,
188,,5858,0.00024836056400090456
189,0.0004598962841555476,5859,
189,0.0003230467264074832,5869,
189,0.00025148584973067045,5879,
189,6.675844633718953e-05,5889,
189,,5889,0.00023948514717631042
190,0.00020711516845040023,5899,
190,0.0002671093971002847,5909,
190,0.00038936949567869306,5919,
190,,5920,0.00024894747184589505
191,0.000192495746887289,5929,
191,0.00022087716206442565,5939,
191,0.0002687686064746231,5949,
191,,5951,0.00024185836082324386
192,0.0001576278154971078,5959,
192,0.0001475268800277263,5969,
192,0.0002070523623842746,5979,
192,,5982,0.00024915847461670637
193,0.00020685119670815766,5989,
193,0.00018072340753860772,5999,
193,0.0005508771282620728,6009,
193,,6013,0.0002447032602503896
194,0.0004327208152972162,6019,
194,0.0003321908297948539,6029,
194,0.00031630342709831893,6039,
194,,6044,0.0002508557226974517
195,0.00025311679928563535,6049,
195,0.00018954034021589905,6059,
195,0.0002560551802162081,6069,
195,,6075,0.0002508760953787714
196,0.0003050318919122219,6079,
196,0.00023929093731567264,6089,
196,0.00017723627388477325,6099,
196,,6106,0.00025477036251686513
197,0.00032550469040870667,6109,
197,0.0001889849518192932,6119,
197,0.00022097154578659683,6129,
197,,6137,0.00026283925399184227
198,0.0003397218242753297,6139,
198,0.00018300852389074862,6149,
198,0.00020427105482667685,6159,
198,,6168,0.00026993334176950157
199,0.00047394848661497235,6169,
199,0.00031273532658815384,6179,
199,0.0002508015895728022,6189,
199,0.00020394522289279848,6199,
199,,6199,0.00029082383844070137
200,0.0002081149141304195,6209,
200,0.00023700394376646727,6219,
200,0.0003305777790956199,6229,
200,,6230,0.00031588636920787394
201,0.00020020853844471276,6239,
201,0.0001960686786333099,6249,
201,0.0002425414277240634,6259,
201,,6261,0.0003715982602443546
202,0.00020848143321927637,6269,
202,0.0001554933114675805,6279,
202,0.00021395468502305448,6289,
202,,6292,0.0003727578732650727
203,0.0002738904731813818,6299,
203,0.0002614848781377077,6309,
203,0.0005259324098005891,6319,
203,,6323,0.0004849669348914176
204,0.0005158851854503155,6329,
204,0.000347707187756896,6339,
204,0.00030658123432658613,6349,
204,,6354,0.0003388590121176094
205,0.0002997033589053899,6359,
205,0.00019929440168198198,6369,
205,0.00024051466607488692,6379,
205,,6385,0.0003989253018517047
206,0.0003485891502350569,6389,
206,0.00024217390455305576,6399,
206,0.00017600946011953056,6409,
206,,6416,0.00029201648430898786
207,0.00033533500391058624,6419,
207,0.00018033329979516566,6429,
207,0.00020143210713285953,6439,
207,,6447,0.0003135618462692946
208,0.00031886828946880996,6449,
208,0.00017184673924930394,6459,
208,0.00020488274458330125,6469,
208,,6478,0.00031850734376348555
209,0.0004054099554196,6479,
209,0.0002945557062048465,6489,
209,0.0002474916691426188,6499,
209,0.0001455270394217223,6509,
209,,6509,0.0002800620859488845
210,0.00019904613145627081,6519,
210,0.0002608964859973639,6529,
210,0.0002749256673268974,6539,
210,,6540,0.00036118036950938404
211,0.00017202261369675398,6549,
211,0.00019019831961486489,6559,
211,0.00022345467004925013,6569,
211,,6571,0.0002470134641043842
212,0.00013964287063572556,6579,
212,0.00012567784870043397,6589,
212,0.000177507201442495,6599,
212,,6602,0.0004039656778331846
213,0.00018759304657578468,6609,
213,0.00017495235078968108,6619,
213,0.0004773105029016733,6629,
213,,6633,0.00023413282178808004
214,0.000427352380938828,6639,
214,0.00033185971551574767,6649,
214,0.00026537629310041666,6659,
214,,6664,0.0004334060358814895
215,0.0002541309513617307,6669,
215,0.00015486236952710897,6679,
215,0.00021423542057164013,6689,
215,,6695,0.00023056873760651797
216,0.00029399897903203964,6699,
216,0.00023969322501216084,6709,
216,0.00013544727698899806,6719,
216,,6726,0.0004521323717199266
217,0.0003441759035922587,6729,
217,0.0001873596920631826,6739,
217,0.00018658455519471318,6749,
217,,6757,0.0002269821270601824
218,0.0003198457125108689,6759,
218,0.00015449993952643126,6769,
218,0.00016903986397664994,6779,
218,,6788,0.00045152229722589254
219,0.00045334509923122823,6789,
219,0.0002695721632335335,6799,
219,0.000252603436820209,6809,
219,0.0002073814393952489,6819,
219,,6819,0.00022409857774619013
220,0.00020219838188495487,6829,
220,0.00025048633688129485,6839,
220,0.00024399136600550264,6849,
220,,6850,0.0004260311834514141
221,0.00020266263163648546,6859,
221,0.00018727111455518752,6869,
221,0.00021808448946103454,6879,
221,,6881,0.0002203843032475561
222,0.0001336430141236633,6889,
222,0.00012065345799783245,6899,
222,0.0001780771417543292,6909,
222,,6912,0.0003852735972031951
223,0.00019029701070394367,6919,
223,0.0001815088908188045,6929,
223,0.00044469788554124534,6939,
223,,6943,0.00022543568047694862
224,0.0004619048268068582,6949,
224,0.00030477074324153364,6959,
224,0.0002510971680749208,6969,
224,,6974,0.0003523733466863632
225,0.00022870907559990883,6979,
225,0.00013806171773467213,6989,
225,0.00020853881142102182,6999,
225,,7005,0.00024655042216181755
226,0.00027200550539419055,7009,
226,0.00022102505317889154,7019,
226,0.00013110872532706708,7029,
226,,7036,0.0003340688708703965
227,0.000320314837154001,7039,
227,0.000173001506482251,7049,
227,0.00017290345567744225,7059,
227,,7067,0.00028006048523820937
228,0.0003186834219377488,7069,
228,0.00014157300756778568,7079,
228,0.0001452856231480837,7089,
228,,7098,0.0003275497874710709
229,0.00038885633694007993,7099,
229,0.00024087444762699306,7109,
229,0.00025109059060923755,7119,
229,0.0001692603254923597,7129,
229,,7129,0.0003236228076275438
230,0.00018364842981100082,7139,
230,0.00023783723008818924,7149,
230,0.00022729142801836133,7159,
230,,7160,0.00032359323813579977
231,0.00019140627409797162,7169,
231,0.0001783443003660068,7179,
231,0.00019541029178071767,7189,
231,,7191,0.00037389883073046803
232,0.00016036711167544127,7199,
232,0.00011938848183490336,7209,
232,0.00017741323972586542,7219,
232,,7222,0.00031346126343123615
233,0.0001824223145376891,7229,
233,0.00017766503151506186,7239,
233,0.00042758393101394176,7249,
233,,7253,0.0003839043783955276
234,0.0005181689630262554,7259,
234,0.00030673202127218246,7269,
234,0.00023608928313478827,7279,
234,,7284,0.000276092323474586
235,0.00019553348829504102,7289,
235,0.00012772333866450936,7299,
235,0.00019604181579779834,7309,
235,,7315,0.00036765183904208243
236,0.00029759531025774777,7319,
236,0.00022380796144716442,7329,
236,0.00012887665070593357,7339,
236,,7346,0.00022998685017228127
237,0.0002895637007895857,7349,
237,0.00015502216410823166,7359,
237,0.0001668671757215634,7369,
237,,7377,0.0003753530909307301
238,0.0003736172220669687,7379,
238,0.00014272941916715354,7389,
238,0.0001389195240335539,7399,
238,,7408,0.00021363173436839134
239,0.00033789785811677575,7409,
239,0.00022531334252562374,7419,
239,0.00024279185163322836,7429,
239,0.00015752852777950466,7439,
239,,7439,0.00040902727050706744
240,0.0002011571341427043,7449,
240,0.00022707064636051655,7459,
240,0.00023309500829782337,7469,
240,,7470,0.00022970883583184332
241,0.00014398137864191085,7479,
241,0.0001647435565246269,7489,
241,0.00019460369367152452,7499,
241,,7501,0.00047452852595597506
242,0.0001726371847325936,7509,
242,0.00012949576193932444,7519,
242,0.0001919546484714374,7529,
242,,7532,0.0002699701872188598
243,0.00019849032105412334,7539,
243,0.00022326355974655598,7549,
243,0.00043857216951437294,7559,
243,,7563,0.0005502841086126864
244,0.0004828501841984689,7569,
244,0.00033627747325226665,7579,
244,0.0002289495459990576,7589,
244,,7594,0.00026864014216698706
245,0.00025647986331023276,7599,
245,0.00014786601241212338,7609,
245,0.00021038502745795995,7619,
245,,7625,0.0004781653406098485
246,0.0003357883542776108,7629,
246,0.0002276498853461817,7639,
246,0.0001210179107147269,7649,
246,,7656,0.00022976045147515833
247,0.00033582854666747153,7659,
247,0.00015234695456456393,7669,
247,0.0001678387343417853,7679,
247,,7687,0.00032922334503382444
248,0.0003553752030711621,7689,
248,0.00014297326561063528,7699,
248,0.00013575311459135264,7709,
248,,7718,0.00023499557573813945
249,0.00031161351944319904,7719,
249,0.0002141137229045853,7729,
249,0.0002601206360850483,7739,
249,9.355461224913597e-05,7749,
249,,7749,0.00027803104603663087
250,0.00016750223585404456,7759,
250,0.0002359577629249543,7769,
250,0.00019543286180123687,7779,
250,,7780,0.0002590655058156699
251,0.0001240643032360822,7789,
251,0.0001598585513420403,7799,
251,0.00022085363161750138,7809,
251,,7811,0.0002574137761257589
252,0.00014648164506070316,7819,
252,0.00012778693053405732,7829,
252,0.00021181181364227086,7839,
252,,7842,0.00029144014115445316
253,0.00017767159442882985,7849,
253,0.0002109856577590108,7859,
253,0.00039542047306895256,7869,
253,,7873,0.0002423810219625011
254,0.00040446268394589424,7879,
254,0.0003011298249475658,7889,
254,0.00020465999841690063,7899,
254,,7904,0.00031523581128567457
255,0.00019394885748624802,7909,
255,0.0001227929606102407,7919,
255,0.00018220201309304684,7929,
255,,7935,0.0002322358195669949
256,0.00026029214495792985,7939,
256,0.00021551539248321205,7949,
256,0.00014055253996048123,7959,
256,,7966,0.00033010795596055686
257,0.0004140123201068491,7969,
257,0.0001685644529061392,7979,
257,0.00020897491776850075,7989,
257,,7997,0.0002289888507220894
258,0.0003047259524464607,7999,
258,0.000132680797833018,8009,
258,0.00012477129348553717,8019,
258,,8028,0.00033445892040617764
259,0.00033422873821109533,8029,
259,0.00021507509518414736,8039,
259,0.00025534923770464957,8049,
259,9.325879364041612e-05,8059,
259,,8059,0.00022841397731099278
260,0.0001533434697194025,8069,
260,0.0002134621172444895,8079,
260,0.0002446924045216292,8089,
260,,8090,0.0003275155322626233
261,0.00018214086594525725,8099,
261,0.00018540318706072867,8109,
261,0.00033931253710761666,8119,
261,,8121,0.0002194015251006931
262,0.00016750424401834607,8129,
262,0.00017565887537784874,8139,
262,0.0002583590685389936,8149,
262,,8152,0.0003107023658230901
263,0.00017060319078154862,8159,
263,0.00019768925267271698,8169,
263,0.0003938335576094687,8179,
263,,8183,0.00021040553110651672
264,0.0003087197837885469,8189,
264,0.00020775542361661792,8199,
264,0.00026658177375793457,8209,
264,,8214,0.00031191727612167597
265,0.0002681349578779191,8219,
265,0.00019822396279778332,8229,
265,0.00023355627490673214,8239,
265,,8245,0.00020092149497941136
266,0.0003219336795154959,8249,
266,0.00022345059551298618,8259,
266,0.00017405470134690404,8269,
266,,8276,0.0003231362206861377
267,0.00038536483771167696,8279,
267,0.00017119049152825028,8289,
267,0.00016273227811325341,8299,
267,,8307,0.00019684438302647322
268,0.00024136439606081694,8309,
268,0.00018682463269215077,8319,
268,0.00015852900105528533,8329,
268,,8338,0.000346432498190552
269,0.00041768551454879344,8339,
269,0.00027029128978028893,8349,
269,0.00023587349278386682,8359,
269,0.0001517122727818787,8369,
269,,8369,0.00021736539201810956
270,0.00017146128811873496,8379,
270,0.00021330546587705612,8389,
270,0.00025930893025361,8399,
270,,8400,0.00036498444387689233
271,0.00023456603230442852,8409,
271,0.0001624259166419506,8419,
271,0.00023828093253541738,8429,
271,,8431,0.00026141342823393643
272,0.0001540892553748563,8439,
272,0.00010615924111334607,8449,
272,0.0001577421062393114,8459,
272,,8462,0.00030901344143785536
273,0.0002666808431968093,8469,
273,0.00015025411266833544,8479,
273,0.0003600636264309287,8489,
273,,8493,0.000277141691185534
274,0.0002884203859139234,8499,
274,0.0001981163804885,8509,
274,0.00023277838772628456,8519,
274,,8524,0.00023014689213596284
275,0.0002387062704656273,8529,
275,0.00014794449089094996,8539,
275,0.00016910230624489486,8549,
275,,8555,0.0002510237682145089
276,0.00026173132937401533,8559,
276,0.0001748231879901141,8569,
276,0.00012753649207297713,8579,
276,,8586,0.00019320001592859626
277,0.0002962848811876029,8589,
277,0.0001630506885703653,8599,
277,0.00011822100350400433,8609,
277,,8617,0.00022627069847658277
278,0.00022347572667058557,8619,
278,0.0001732397504383698,8629,
278,0.00014248970546759665,8639,
278,,8648,0.000192412655451335
279,0.0003420824941713363,8649,
279,0.00021348752488847822,8659,
279,0.00020934849453624338,8669,
279,6.670926813967526e-05,8679,
279,,8679,0.00022264147992245853
280,0.00014374729653354734,8689,
280,0.00017472312902100384,8699,
280,0.00022134603932499886,8709,
280,,8710,0.00019860205065924674
281,0.00013103603851050138,8719,
281,0.0001284793543163687,8729,
281,0.00018218596233054996,8739,
281,,8741,0.00022569372958969325
282,0.00015361163241323084,8749,
282,9.60529432632029e-05,8759,
282,0.00014095693768467754,8769,
282,,8772,0.0002056747325696051
283,0.00022535471362061799,8779,
283,0.0001350247039226815,8789,
283,0.0002993870875798166,8799,
283,,8803,0.00023604740272276103
284,0.00025680469116196036,8809,
284,0.00019200044334866107,8819,
284,0.00019918562611564994,8829,
284,,8834,0.00022104922391008586
285,0.00021189772814977914,8839,
285,0.00011996417015325278,8849,
285,0.00014784882660023868,8859,
285,,8865,0.0002557419065851718
286,0.0002390889567323029,8869,
286,0.00015862534928601235,8879,
286,0.00011436722707003355,8889,
286,,8896,0.00024391402257606387
287,0.00030895971576683223,8899,
287,0.00015892149531282485,8909,
287,0.00012189033441245556,8919,
287,,8927,0.00029197640833444893
288,0.00024537398712709546,8929,
288,0.00017772642604541034,8939,
288,0.00013142521493136883,8949,
288,,8958,0.0002694892755243927
289,0.00040424204780720174,8959,
289,0.0002267721138196066,8969,
289,0.00021155967260710895,8979,
289,0.00011461454414529726,8989,
289,,8989,0.00032947625732049346
290,0.00014012368046678603,8999,
290,0.00018365851428825408,9009,
290,0.00020699920423794538,9019,
290,,9020,0.0002544302842579782
291,0.00016342735034413636,9029,
291,0.00012181798228994012,9039,
291,0.0001680299174040556,9049,
291,,9051,0.0003305134305264801
292,0.00015865103341639042,9059,
292,9.369168401462957e-05,9069,
292,0.0001322022726526484,9079,
292,,9082,0.00023125999723561108
293,0.00025070359697565436,9089,
293,0.00013744106399826705,9099,
293,0.00027850118931382895,9109,
293,,9113,0.0003026203194167465
294,0.00023303763009607792,9119,
294,0.00020881649106740952,9129,
294,0.00018904299940913916,9139,
294,,9144,0.0002268305397592485
295,0.0002177459537051618,9149,
295,0.00011803126108134165,9159,
295,0.00013938205665908754,9169,
295,,9175,0.00028382721939124167
296,0.0002290972915943712,9179,
296,0.00016130685980897397,9189,
296,0.0001124341506510973,9199,
296,,9206,0.0002455785288475454
297,0.0002692708221729845,9209,
297,0.00013379105075728148,9219,
297,0.00012826551392208785,9229,
297,,9237,0.0003029359504580498
298,0.00022764992900192738,9239,
298,0.00015370947949122638,9249,
298,0.00012589749530889094,9259,
298,,9268,0.0002770823775790632
299,0.000368052365956828,9269,
299,0.00021244259551167488,9279,
299,0.00020287721417844296,9289,
299,0.00016624116688035429,9299,
299,,9299,0.0003386284806765616
300,0.00015002973668742925,9309,
300,0.0001769765658536926,9319,
300,0.00020460067025851458,9329,
300,,9330,0.0003202894586138427
301,0.0001530009030830115,9339,
301,0.00011297717719571665,9349,
301,0.0001526394917163998,9359,
301,,9361,0.00036700937198475003
302,0.00017164867313113064,9369,
302,9.19848243938759e-05,9379,
302,0.00014215578266885132,9389,
302,,9392,0.00039580624434165657
303,0.0003028487553820014,9399,
303,0.0001513272145530209,9409,
303,0.0002769522543530911,9419,
303,,9423,0.00036956422263756394
304,0.0002467212325427681,9429,
304,0.00022281199926510453,9439,
304,0.00018610255210660398,9449,
304,,9454,0.00037385252653621137
305,0.00023841901565901935,9459,
305,0.00014014574117027223,9469,
305,0.000143602563184686,9479,
305,,9485,0.00035154816578142345
306,0.00028244382701814175,9489,
306,0.00016706578026060015,9499,
306,0.0001328963553532958,9509,
306,,9516,0.0003506125358399004
307,0.00029119240934960544,9519,
307,0.00012245778634678572,9529,
307,0.00014477994409389794,9539,
307,,9547,0.0003263154940214008
308,0.00025207383441738784,9549,
308,0.0001450892596039921,9559,
308,0.00011721517512341961,9569,
308,,9578,0.000363125087460503
309,0.00038807312375865877,9579,
309,0.00019553927995730191,9589,
309,0.00022101127251517028,9599,
309,0.00013852003030478954,9609,
309,,9609,0.00033121462911367416
310,0.00013200125249568373,9619,
310,0.0001824765931814909,9629,
310,0.00018930708756670356,9639,
310,,9640,0.00041720393346622586
311,0.0001613818749319762,9649,
311,0.0001046532197506167,9659,
311,0.00016358518041670322,9669,
311,,9671,0.00039109165663830936
312,0.0002055115910479799,9679,
312,0.00011052077024942264,9689,
312,0.0002014930360019207,9699,
312,,9702,0.0004901661304756999
313,0.00022706070740241557,9709,
313,0.0002536966057959944,9719,
313,0.00027576572028920054,9729,
313,,9733,0.00043368444312363863
314,0.0002365155378356576,9739,
314,0.00026276562130078673,9749,
314,0.00023424347455147654,9759,
314,,9764,0.0003746166476048529
315,0.0002710744447540492,9769,
315,0.0001634790241951123,9779,
315,0.00019868758681695908,9789,
315,,9795,0.00018374221690464765
316,0.00022429972887039185,9799,
316,0.00029898094362579286,9809,
316,0.00012023531598970294,9819,
316,,9826,0.00019654018979053944
317,0.00023784661607351154,9829,
317,0.0001599856186658144,9839,
317,0.0001358643057756126,9849,
317,,9857,0.00020019712974317372
318,0.00025179903605021536,9859,
318,0.0001635757798794657,9869,
318,0.00013784841576125473,9879,
318,,9888,0.00022236868971958756
319,0.0002881429682020098,9889,
319,0.00018112416728399694,9899,
319,0.00022018890012986958,9909,
319,0.00015278479258995503,9919,
319,,9919,0.00022504208027385175
320,0.00013506721006706357,9929,
320,0.00015857096877880394,9939,
320,0.00019983404490631074,9949,
320,,9950,0.00027066623442806304
321,0.00014405438560061157,9959,
321,0.00014374639431480318,9969,
321,0.00017432536697015166,9979,
321,,9981,0.0002654885174706578
322,0.00019807307398878038,9989,
322,0.0001408666284987703,9999,
322,0.00017420599760953337,10009,
322,,10012,0.0003076464054174721
323,0.00018970848759636283,10019,
323,0.00022789924696553499,10029,
323,0.0002527650212869048,10039,
323,,10043,0.0003138006723020226
324,0.00019850044918712229,10049,
324,0.000293280987534672,10059,
324,0.00019749414059333503,10069,
324,,10074,0.00032484816620126367
325,0.00029363235807977617,10079,
325,0.000138679490191862,10089,
325,0.0001858266768977046,10099,
325,,10105,0.0002990180510096252
326,0.00026182603323832154,10109,
326,0.0002855762140825391,10119,
326,0.00016823431360535324,10129,
326,,10136,0.0002704646030906588
327,0.0002411931927781552,10139,
327,0.00013719133858103305,10149,
327,0.00010535646288190037,10159,
327,,10167,0.00021015532547608018
328,0.00031008600490167737,10169,
328,0.000157578571815975,10179,
328,0.0002189154620282352,10189,
328,,10198,0.00017158008995465934
329,0.0002641677565407008,10199,
329,0.0002271471021231264,10209,
329,0.0002668284869287163,10219,
329,9.495394624536857e-05,10229,
329,,10229,0.00018519630248192698
330,0.00013114397006575018,10239,
330,0.00015075843839440495,10249,
330,0.0002275945880683139,10259,
330,,10260,0.00020687674987129867
331,0.00013316349941305816,10269,
331,0.00018003256991505623,10279,
331,0.0001809094537748024,10289,
331,,10291,0.0002046105801127851
332,0.00016708238399587572,10299,
332,0.00011895450734300539,10309,
332,0.00014311862469185144,10319,
332,,10322,0.00023935057106427848
333,0.00027890675119124353,10329,
333,0.00019518868066370487,10339,
333,0.00024392134218942374,10349,
333,,10353,0.00021257231128402054
334,0.00017317477613687515,10359,
334,0.0002835544291883707,10369,
334,0.0002129430213244632,10379,
334,,10384,0.0002466146252118051
335,0.0001953981554834172,10389,
335,0.000151754284161143,10399,
335,0.00015852871001698077,10409,
335,,10415,0.0002171727828681469
336,0.00032087453291751444,10419,
336,0.0002388734428677708,10429,
336,0.0001618103706277907,10439,
336,,10446,0.00025211332831531763
337,0.00027422633138485253,10449,
337,0.00014123144501354545,10459,
337,0.00011967682803515345,10469,
337,,10477,0.00022390391677618027
338,0.00036924186861142516,10479,
338,0.0001820942125050351,10489,
338,0.0001340387825621292,10499,
338,,10508,0.00026652973610907793
339,0.0003629526763688773,10509,
339,0.00018587596423458308,10519,
339,0.00028853025287389755,10529,
339,0.00018124539928976446,10539,
339,,10539,0.00024519776343367994
340,0.00015866941248532385,10549,
340,0.0001593989582033828,10559,
340,0.0002334872115170583,10569,
340,,10570,0.0002961399732157588
341,0.00017785745149012655,10579,
341,0.0001583088014740497,10589,
341,0.00019820278976112604,10599,
341,,10601,0.00028961049974896014
342,0.0002758086775429547,10609,
342,0.00014463765546679497,10619,
342,0.0001752391690388322,10629,
342,,10632,0.000355790660250932
343,0.0003958993765991181,10639,
343,0.0002699528122320771,10649,
343,0.00028140805079601705,10659,
343,,10663,0.0002995007671415806
344,0.0001883063232526183,10669,
344,0.00025341042783111334,10679,
344,0.00022502787760458887,10689,
344,,10694,0.0004346695786807686
345,0.0002503766736481339,10699,
345,0.00016038042667787522,10709,
345,0.0002450596366543323,10719,
345,,10725,0.00026663177413865924
346,0.00024195824516937137,10729,
346,0.0002810658188536763,10739,
346,0.00021581375040113926,10749,
346,,10756,0.0003427643096074462
347,0.000260211993008852,10759,
347,0.0001624301221454516,10769,
347,0.0001351938844891265,10779,
347,,10787,0.0002580094733275473
348,0.0003716627834364772,10789,
348,0.00013826882059220225,10799,
348,0.0001701236324151978,10809,
348,,10818,0.000274953170446679
349,0.00035268068313598633,10819,
349,0.0001961827219929546,10829,
349,0.0003050561062991619,10839,
349,7.631292100995779e-05,10849,
349,,10849,0.0002566878392826766
350,0.0001335802226094529,10859,
350,0.00013618839147966355,10869,
350,0.00023096430231817067,10879,
350,,10880,0.00029522785916924477
351,0.00015700416406616569,10889,
351,0.00017473816114943475,10899,
351,0.00017312049749307334,10909,
351,,10911,0.0002819995570462197
352,0.00022444631031248719,10919,
352,0.00016959739150479436,10929,
352,0.00013561244122684002,10939,
352,,10942,0.0003057454014196992
353,0.00025784122408367693,10949,
353,0.00021330984600353986,10959,
353,0.00028801002190448344,10969,
353,,10973,0.0002780780487228185
354,0.00015061018348205835,10979,
354,0.0001929184509208426,10989,
354,0.00030417556990869343,10999,
354,,11004,0.0002979919663630426
355,0.0001681767316767946,11009,
355,0.00015732852625660598,11019,
355,0.0002185030753025785,11029,
355,,11035,0.00025746633764356375
356,0.00022437743609771132,11039,
356,0.0002433853514958173,11049,
356,0.00016876793233677745,11059,
356,,11066,0.0002832470345310867
357,0.00020499022502917796,11069,
357,0.00012501135643105954,11079,
357,0.00010812727850861847,11089,
357,,11097,0.00023815235181245953
358,0.00025734782684594393,11099,
358,0.00013576388300862163,11109,
358,0.00014780048513785005,11119,
358,,11128,0.00028524070512503386
359,0.0003269524313509464,11129,
359,0.00021223795192781836,11139,
359,0.00022092045401223004,11149,
359,0.00010390931129222736,11159,
359,,11159,0.00023071405303198844
360,0.00013326265616342425,11169,
360,0.00016383918409701437,11179,
360,0.00021019208361394703,11189,
360,,11190,0.00029662158340215683
361,0.0001376005238853395,11199,
361,0.0001619448303245008,11209,
361,0.0001626743032829836,11219,
361,,11221,0.00023042505199555308
362,0.00018664122035261244,11229,
362,0.00013624229177366942,11239,
362,0.00013261931599117815,11249,
362,,11252,0.00030483416048809886
363,0.00019860052270814776,11259,
363,0.00015779116074554622,11269,
363,0.0002935388183686882,11279,
363,,11283,0.00022944118245504797
364,0.00017104657308664173,11289,
364,0.0002029151510214433,11299,
364,0.00025620494852773845,11309,
364,,11314,0.0003040844458155334
365,0.0002090760099235922,11319,
365,0.00015354248171206564,11329,
365,0.00018709588039200753,11339,
365,,11345,0.00023506679281126708
366,0.0002167529601138085,11349,
366,0.00023887297720648348,11359,
366,0.0001644450385356322,11369,
366,,11376,0.00031364092137664557
367,0.000207547505851835,11379,
367,0.0001141623652074486,11389,
367,0.00010287838085787371,11399,
367,,11407,0.00023038996732793748
368,0.00025469003594480455,11409,
368,0.00011857638310175389,11419,
368,0.00012768700253218412,11429,
368,,11438,0.0003310952160973102
369,0.0003342803393024951,11439,
369,0.00023151202185545117,11449,
369,0.0002156109840143472,11459,
369,0.0002780702488962561,11469,
369,,11469,0.00024345160636585206
370,0.00016996037447825074,11479,
370,0.00014168037159834057,11489,
370,0.00020075816428288817,11499,
370,,11500,0.00035862994263879955
371,0.00015865187742747366,11509,
371,0.00015705129771959037,11519,
371,0.00015862684813328087,11529,
371,,11531,0.0002339721831958741
372,0.00018376711523160338,11539,
372,0.00012619378685485572,11549,
372,0.00014188043132890016,11559,
372,,11562,0.000312911462970078
373,0.00018860335694625974,11569,
373,0.0001808216911740601,11579,
373,0.0002861874527297914,11589,
373,,11593,0.00023593456717208028
374,0.00019221506954636425,11599,
374,0.00018397349049337208,11609,
374,0.00023886935377959162,11619,
374,,11624,0.0002844175905920565
375,0.00019697545212693512,11629,
375,0.00014614286192227155,11639,
375,0.00019241939298808575,11649,
375,,11655,0.00023750560649205
376,0.00020494087948463857,11659,
376,0.00021183134231250733,11669,
376,0.00014393140736501664,11679,
376,,11686,0.00025554627063684165
377,0.00017396749171894044,11689,
377,9.620614582672715e-05,11699,
377,0.00010800071322591975,11709,
377,,11717,0.00023758191673550755
378,0.00021739020303357393,11719,
378,0.00011606136831687763,11729,
378,0.00012668489944189787,11739,
378,,11748,0.0002426707069389522
379,0.0002786661498248577,11749,
379,0.0002099468547385186,11759,
379,0.00021509523503482342,11769,
379,9.768160816747695e-05,11779,
379,,11779,0.0002322219661436975
380,0.00010658508108463138,11789,
380,0.0001265655882889405,11799,
380,0.00018241892394144088,11809,
380,,11810,0.0002359244244871661
381,0.00010050311539089307,11819,
381,0.00013775748084299266,11829,
381,0.00013567120186053216,11839,
381,,11841,0.0002269003598485142
382,0.00016206491272896528,11849,
382,0.00011604200699366629,11859,
382,0.00013094747555442154,11869,
382,,11872,0.00023145311570260674
383,0.0001644735166337341,11879,
383,0.00015984523633960634,11889,
383,0.00025367081980220973,11899,
383,,11903,0.00022102895309217274
384,0.00016096791659947485,11909,
384,0.00017664289043750614,11919,
384,0.0002106363681377843,11929,
384,,11934,0.00022415320563595742
385,0.00013893007417209446,11939,
385,0.0001309362705796957,11949,
385,0.00017355095769744366,11959,
385,,11965,0.00021940837905276567
386,0.00016884497017599642,11969,
386,0.00020296259026508778,11979,
386,0.00014208520587999374,11989,
386,,11996,0.00021993389236740768
387,0.0001630598126212135,11999,
387,8.76696067280136e-05,12009,
387,0.00010596469655865803,12019,
387,,12027,0.00022030544641893357
388,0.00020134513033553958,12029,
388,0.00010554475738899782,12039,
388,0.00011117883695987985,12049,
388,,12058,0.00021804468997288495
389,0.0002510187914595008,12059,
389,0.00018094840925186872,12069,
389,0.0002304415247635916,12079,
389,0.0001086929114535451,12089,
389,,12089,0.0002266748051624745
390,0.00010308971832273528,12099,
390,0.0001181249026558362,12109,
390,0.00017553297220729291,12119,
390,,12120,0.00021859552362002432
391,0.0001119220833061263,12129,
391,0.00013569527072831988,12139,
391,0.00013232122000772506,12149,
391,,12151,0.00022781761072110385
392,0.00016605056589469314,12159,
392,0.00011164905299665406,12169,
392,0.00013474271690938622,12179,
392,,12182,0.00022257563250605017
393,0.00017047658911906183,12189,
393,0.00018061323498841375,12199,
393,0.0002292153367307037,12209,
393,,12213,0.0002239923196611926
394,0.0001773210387909785,12219,
394,0.00017302717606071383,12229,
394,0.00020000834774691612,12239,
394,,12244,0.00021806024597026408
395,0.00014304081560112536,12249,
395,0.00013121556548867375,12259,
395,0.00017706827202346176,12269,
395,,12275,0.00022010608518030494
396,0.00015596381854265928,12279,
396,0.00019088834233116359,12289,
396,0.00014232780085876584,12299,
396,,12306,0.00021770350576844066
397,0.00017869329894892871,12309,
397,9.069834050023928e-05,12319,
397,0.00010031437705038115,12329,
397,,12337,0.00022073522268328816
398,0.0001975989725906402,12339,
398,0.00010961548105115071,12349,
398,0.00010322709567844868,12359,
398,,12368,0.00022437366715166718
399,0.00022798978898208588,12369,
399,0.00018310396990273148,12379,
399,0.000244165858021006,12389,
399,9.385512385051697e-05,12399,
399,,12399,0.00022585393162444234
400,9.559244062984362e-05,12409,
400,0.00011716970766428858,12419,
400,0.00016407156363129616,12429,
400,,12430,0.00025694447685964406
401,0.00011081265984103084,12439,
401,0.00014481246762443334,12449,
401,0.0001380017347401008,12459,
401,,12461,0.0002403794351266697
402,0.00016487388347741216,12469,
402,0.00010634923091856763,12479,
402,0.00012722004612442106,12489,
402,,12492,0.00035751404357142746
403,0.00017965110600925982,12499,
403,0.00021939851285424083,12509,
403,0.00023357858299277723,12519,
403,,12523,0.0002966630272567272
404,0.00025909009855240583,12529,
404,0.00019987062842119485,12539,
404,0.0001784674677764997,12549,
404,,12554,0.00029343171627260745
405,0.0002015167847275734,12559,
405,0.0001581818942213431,12569,
405,0.00017400519573129714,12579,
405,,12585,0.0003146805102005601
406,0.00024877028772607446,12589,
406,0.0001937335473485291,12599,
406,0.00013791787205263972,12609,
406,,12616,0.00030201635672710836
407,0.000239722547121346,12619,
407,0.00011433895269874483,12629,
407,0.00010822945478139445,12639,
407,,12647,0.0002539271372370422
408,0.00030854641227051616,12649,
408,0.00011803588859038427,12659,
408,0.00011029956658603624,12669,
408,,12678,0.0002692975685931742
409,0.00024378657690249383,12679,
409,0.00017651398957241327,12689,
409,0.00020756105368491262,12699,
409,0.00028623195248655975,12709,
409,,12709,0.00025352189550176263
410,0.0001119461958296597,12719,
410,0.00014368128904607147,12729,
410,0.00015142577467486262,12739,
410,,12740,0.00023621162108611315
411,0.00012498695286922157,12749,
411,0.0001484135864302516,12759,
411,0.00014301438932307065,12769,
411,,12771,0.00017836233018897474
412,0.00013395753921940923,12779,
412,0.00013147694699000567,12789,
412,0.00015335100761149079,12799,
412,,12802,0.0002282776840729639
413,0.00018417701357975602,12809,
413,0.00017982585995923728,12819,
413,0.0001984644477488473,12829,
413,,12833,0.00016359175788238645
414,0.0001606555306352675,12839,
414,0.00019465670629870147,12849,
414,0.0001707726769382134,12859,
414,,12864,0.00021851231576874852
415,0.00011236841237405315,12869,
415,0.00012501765741035342,12879,
415,0.000162448690389283,12889,
415,,12895,0.0001520102086942643
416,0.00016342582239303738,12899,
416,0.00019513658480718732,12909,
416,0.0001389758981531486,12919,
416,,12926,0.00020045902056153864
417,0.00021795836801175028,12929,
417,0.0001141699540312402,12939,
417,0.00010766573541332036,12949,
417,,12957,0.00015115684072952718
418,0.00020780110207851976,12959,
418,0.00011107053433079273,12969,
418,0.00017463730182498693,12979,
418,,12988,0.0001804917847039178
419,0.00024985987693071365,12989,
419,0.00022950590937398374,12999,
419,0.00027718968340195715,13009,
419,6.471147207776085e-05,13019,
419,,13019,0.00021794684289488941
420,0.00011542579159140587,13029,
420,0.00014496610674541444,13039,
420,0.00014005054254084826,13049,
420,,13050,0.00030043491278775036
421,0.00013874519208911806,13059,
421,0.00028824020409956574,13069,
421,0.000112633962999098,13079,
421,,13081,0.000517825479619205
422,0.0002395039628027007,13089,
422,0.00013340155419427902,13099,
422,0.00019462760246824473,13109,
422,,13112,0.00033903916482813656
423,0.0001524062390672043,13119,
423,0.00014586938777938485,13129,
423,0.00028636385104618967,13139,
423,,13143,0.00028184885741211474
424,0.00026315622380934656,13149,
424,0.00017866409325506538,13159,
424,0.00015828284085728228,13169,
424,,13174,0.000237632732023485
425,0.00019584524852689356,13179,
425,0.00011256150173721835,13189,
425,0.00015852473734412342,13199,
425,,13205,0.0002459693350829184
426,0.00021102145547047257,13209,
426,0.00017599898274056613,13219,
426,0.0001207026798510924,13229,
426,,13236,0.00021832299535162747
427,0.00017564237350597978,13239,
427,0.00014210122753866017,13249,
427,0.00013004965148866177,13259,
427,,13267,0.00023170116764958948
428,0.0001968591968761757,13269,
428,0.00012943518231622875,13279,
428,8.68200440891087e-05,13289,
428,,13298,0.0002088546025333926
429,0.00040877191349864006,13299,
429,0.00014958651445340365,13309,
429,0.00019184773555025458,13319,
429,0.00011168960918439552,13329,
429,,13329,0.00023097023949958384
430,9.625712846172974e-05,13339,
430,0.00013417071022558957,13349,
430,0.00012577582674566656,13359,
430,,13360,0.00020290505199227482
431,0.00012329616583883762,13369,
431,0.00011733686551451683,13379,
431,0.0001116282946895808,13389,
431,,13391,0.00022522523067891598
432,0.00013613526243716478,13399,
432,0.00011065878061344847,13409,
432,0.0001429145340807736,13419,
432,,13422,0.00019965243700426072
433,0.00013546030095312744,13429,
433,0.00012511899694800377,13439,
433,0.00020360048802103847,13449,
433,,13453,0.00022786896442994475
434,0.0002123132871929556,13459,
434,0.000157982183736749,13469,
434,0.00014317133172880858,13479,
434,,13484,0.00019301306747365743
435,0.0001273982343263924,13489,
435,0.00010567741264821962,13499,
435,0.00013911606220062822,13509,
435,,13515,0.00024021837452892214
436,0.00019259056716691703,13519,
436,0.0001557349314680323,13529,
436,9.424278687220067e-05,13539,
436,,13546,0.00018835770606528968
437,0.00016191932081710547,13549,
437,0.00010387317161075771,13559,
437,0.00011719900066964328,13569,
437,,13577,0.0002642541076056659
438,0.00023646109912078828,13579,
438,0.00012553483247756958,13589,
438,7.942933007143438e-05,13599,
438,,13608,0.0001932544691953808
439,0.0002904052962549031,13609,
439,0.0001422364730387926,13619,
439,0.00021687733533326536,13629,
439,0.0002282605564687401,13639,
439,,13639,0.0002553222293499857
440,0.00011442261893535033,13649,
440,0.00011524868023116142,13659,
440,0.00012246822007000446,13669,
440,,13670,0.00021326383284758776
441,0.00010619286331348121,13679,
441,0.00010954302706522867,13689,
441,0.00011579833517316729,13699,
441,,13701,0.0002754910965450108
442,0.00013864289212506264,13709,
442,0.00010867520177271217,13719,
442,0.00015382832498289645,13729,
442,,13732,0.00020795744785573334
443,0.0001512882299721241,13739,
443,0.0001453222066629678,13749,
443,0.00017542524437885731,13759,
443,,13763,0.00025061608175747097
444,0.00026109867030754685,13769,
444,0.00016321687144227326,13779,
444,0.00013545199180953205,13789,
444,,13794,0.00021222989016678184
445,0.00011094526416854933,13799,
445,9.078095899894834e-05,13809,
445,0.00014638344873674214,13819,
445,,13825,0.0002588971401564777
446,0.00016342283925041556,13829,
446,0.00014198441931512207,13839,
446,9.619937191018835e-05,13849,
446,,13856,0.00021468311024364084
447,0.00018188261310569942,13859,
447,9.736750507727265e-05,13869,
447,0.00012038333807140589,13879,
447,,13887,0.0002631896350067109
448,0.00021487426420208067,13889,
448,0.00010437171295052394,13899,
448,7.517979247495532e-05,13909,
448,,13918,0.0002171552914660424
449,0.000278036342933774,13919,
449,0.0001355154236080125,13929,
449,0.00019304151646792889,13939,
449,0.00010306940384907648,13949,
449,,13949,0.0002708432439249009
450,8.01334681455046e-05,13959,
450,0.00010861402552109212,13969,
450,0.00011818502389360219,13979,
450,,13980,0.00021956820273771882
451,0.00010520967771299183,13989,
451,0.00010473918518982828,13999,
451,0.00011802007793448865,14009,
451,,14011,0.0002743727818597108
452,0.000131151668028906,14019,
452,0.00010803491022670642,14029,
452,0.00013021117774769664,14039,
452,,14042,0.00021871518401894718
453,0.00014649811782874167,14049,
453,0.00015016004908829927,14059,
453,0.0001788391818990931,14069,
453,,14073,0.0002624193439260125
454,0.00021396060765255243,14079,
454,0.00016839559248182923,14089,
454,0.00014229395310394466,14099,
454,,14104,0.00021557751460932195
455,0.00011451544560259208,14109,
455,9.108120138989761e-05,14119,
455,0.00015585485380142927,14129,
455,,14135,0.0002509827900212258
456,0.0001567455183248967,14139,
456,0.00013158482033759356,14149,
456,8.791730942903087e-05,14159,
456,,14166,0.0002056948869721964
457,0.00020504881103988737,14169,
457,9.154361032415181e-05,14179,
457,0.00011321865167701617,14189,
457,,14197,0.00023709503875579685
458,0.00019561844237614423,14199,
458,9.758702071849257e-05,14209,
458,7.036799797788262e-05,14219,
458,,14228,0.00019536845502443612
459,0.00025087266112677753,14229,
459,0.00013222005509305745,14239,
459,0.00019478444301057607,14249,
459,0.00010313363600289449,14259,
459,,14259,0.0002284075744682923
460,7.897763134678826e-05,14269,
460,0.00010837580339284614,14279,
460,9.909115033224225e-05,14289,
460,,14290,0.00018868267943616956
461,0.00010150503658223897,14299,
461,0.00010330890654586256,14309,
461,0.00010971621668431908,14319,
461,,14321,0.00022554659517481923
462,0.00011031473695766181,14329,
462,0.00010131696035386994,14339,
462,0.00012001351569779217,14349,
462,,14352,0.00018969194206874818
463,0.0001334206317551434,14359,
463,0.00015264620014932007,14369,
463,0.00017339424812234938,14379,
463,,14383,0.00023034102923702449
464,0.0002158082352252677,14389,
464,0.00015426220488734543,14399,
464,0.0001307560596615076,14409,
464,,14414,0.00019497789617162198
465,0.00012114702258259058,14419,
465,8.766820974415168e-05,14429,
465,0.00014998341794125736,14439,
465,,14445,0.0002311638672836125
466,0.00014882510004099458,14449,
466,0.00011999782145721838,14459,
466,7.58911992306821e-05,14469,
466,,14476,0.00020118083921261132
467,0.0002042564592557028,14479,
467,8.40205539134331e-05,14489,
467,0.00010944040695903823,14499,
467,,14507,0.0002280429907841608
468,0.0001883199147414416,14509,
468,0.0001083729657693766,14519,
468,6.696003401884809e-05,14529,
468,,14538,0.0001976888597710058
469,0.00021954985277261585,14539,
469,0.00012067583156749606,14549,
469,0.00019837464787997305,14559,
469,9.698984649730846e-05,14569,
469,,14569,0.0002263618807774037
470,7.274738163687289e-05,14579,
470,0.00010014889267040417,14589,
470,8.68135248310864e-05,14599,
470,,14600,0.00019312989024911076
471,9.339115058537573e-05,14609,
471,0.0001102793394238688,14619,
471,0.00010375741840107366,14629,
471,,14631,0.0002258686872664839
472,0.0001026698955683969,14639,
472,0.00010073978774016723,14649,
472,0.00011806443944806233,14659,
472,,14662,0.00019000230531673878
473,0.0001321354357060045,14669,
473,0.0001441260101273656,14679,
473,0.00015341138350777328,14689,
473,,14693,0.00021872008801437914
474,0.00018385096336714923,14699,
474,0.00014905187708791345,14709,
474,0.00011900476238224655,14719,
474,,14724,0.000190630424185656
475,0.00010725401079980657,14729,
475,8.513174543622881e-05,14739,
475,0.00013307269546203315,14749,
475,,14755,0.00021630463015753776
476,0.00013533975288737565,14759,
476,0.0001122484973166138,14769,
476,6.86696293996647e-05,14779,
476,,14786,0.00018811352492775768
477,0.00020529500034172088,14789,
477,8.010827878024429e-05,14799,
477,0.00010083511006087065,14809,
477,,14817,0.00021015791571699083
478,0.00015751348109915853,14819,
478,0.00010328704229323193,14829,
478,6.507339276140556e-05,14839,
478,,14848,0.00018579844618216157
479,0.0001823011552914977,14849,
479,0.0001041257637552917,14859,
479,0.00018171174451708794,14869,
479,6.464395119110122e-05,14879,
479,,14879,0.00020236037380527705
480,6.71635934850201e-05,14889,
480,9.478489664616063e-05,14899,
480,8.144844468915835e-05,14909,
480,,14910,0.0001859290205175057
481,8.254146086983383e-05,14919,
481,9.99585390673019e-05,14929,
481,0.00010081495565827936,14939,
481,,14941,0.00019469922699499875
482,9.513753320788965e-05,14949,
482,0.00010008253593696281,14959,
482,0.00011879196972586215,14969,
482,,14972,0.00018920074217021465
483,0.00013333882088772953,14979,
483,0.0001359724410576746,14989,
483,0.00014114628720562905,14999,
483,,15003,0.00019046961097046733
484,0.0001847513922257349,15009,
484,0.00013977386697661132,15019,
484,0.00011106667807325721,15029,
484,,15034,0.00019358006829861552
485,9.383042197441682e-05,15039,
485,7.590518362121657e-05,15049,
485,0.00011915344657609239,15059,
485,,15065,0.00018633004219736904
486,0.00014771937276236713,15069,
486,0.0001160958781838417,15079,
486,6.964254862396047e-05,15089,
486,,15096,0.0001924151147250086
487,0.00019809964578598738,15099,
487,7.36330111976713e-05,15109,
487,8.919720858102664e-05,15119,
487,,15127,0.00018134413403458893
488,0.00018258778436575085,15129,
488,0.00011554034426808357,15139,
488,6.618933548452333e-05,15149,
488,,15158,0.00018317837384529412
489,0.0001313819084316492,15159,
489,8.36150866234675e-05,15169,
489,0.0001841478660935536,15179,
489,0.00010229976760456339,15189,
489,,15189,0.00016748426423873752
490,6.847532495157793e-05,15199,
490,9.270264854421839e-05,15209,
490,8.294725557789207e-05,15219,
490,,15220,0.00017095732619054615
491,6.995827425271273e-05,15229,
491,8.600502769695595e-05,15239,
491,9.891795343719423e-05,15249,
491,,15251,0.00015856984828133136
492,9.20380771276541e-05,15259,
492,0.00010121996456291527,15269,
492,0.00012086630886187777,15279,
492,,15282,0.0001637267996557057
493,0.00011933811038034037,15289,
493,0.0001326849451288581,15299,
493,0.0001337873691227287,15309,
493,,15313,0.00015245124814100564
494,0.00017851439770311117,15319,
494,0.0001333557302132249,15329,
494,0.00010774314432637766,15339,
494,,15344,0.00015836075181141496
495,8.22241127025336e-05,15349,
495,7.601535617141053e-05,15359,
495,0.00010557617497397587,15369,
495,,15375,0.00014762005594093353
496,0.00015318882651627064,15379,
496,0.0001205684820888564,15389,
496,7.043760706437752e-05,15399,
496,,15406,0.00015762113616801798
497,0.000165048215421848,15409,
497,7.290024223038927e-05,15419,
497,8.09153207228519e-05,15429,
497,,15437,0.00014250396634452045
498,0.00019043049542233348,15439,
498,0.00010895359446294606,15449,
498,6.326279981294647e-05,15459,
498,,15468,0.00015676765178795904
499,0.00013610199675895274,15469,
499,8.285538206109777e-05,15479,
499,0.00017813082376960665,15489,
499,8.993269875645638e-05,15499,
499,,15499,0.00013900830526836216
500,6.79904842399992e-05,15509,
500,0.00010110661969520152,15519,
500,9.461834997637197e-05,15529,
500,,15530,0.00016342820890713483
501,7.013994036242366e-05,15539,
501,7.537603232776746e-05,15549,
501,0.00010931431461358443,15559,
501,,15561,0.0001386100921081379
502,9.114175918512046e-05,15569,
502,0.0001021873758872971,15579,
502,0.00011962655844399706,15589,
502,,15592,0.00017474502965342253
503,0.00011916556832147762,15599,
503,0.00012695640907622874,15609,
503,0.00012154676369391382,15619,
503,,15623,0.0001478815102018416
504,0.00015539751620963216,15629,
504,0.0001625718577997759,15639,
504,0.00010689417104003951,15649,
504,,15654,0.0001870466221589595
505,9.078905713977292e-05,15659,
505,9.216193575412035e-05,15669,
505,9.843558655120432e-05,15679,
505,,15685,0.00015475919644813985
506,0.00018024141900241375,15689,
506,0.0001480289502069354,15699,
506,8.703036291990429e-05,15709,
506,,15716,0.0002020713873207569
507,0.00019204843556508422,15719,
507,8.659850573167205e-05,15729,
507,7.940451905597001e-05,15739,
507,,15747,0.0001688141783233732
508,0.00021164365170989186,15749,
508,0.00011133206135127693,15759,
508,7.599401578772813e-05,15769,
508,,15778,0.00020647628116421402
509,0.00015400798292830586,15779,
509,8.665285713505e-05,15789,
509,0.0001612597261555493,15799,
509,0.00011831944721052423,15809,
509,,15809,0.00016750850772950798
510,8.995592361316085e-05,15819,
510,0.00010779535659821704,15829,
510,0.00011351217835908756,15839,
510,,15840,0.00020269438391551375
511,8.99624137673527e-05,15849,
511,8.030097524169832e-05,15859,
511,0.0001396093430230394,15869,
511,,15871,0.00015594442083965987
512,0.00011562403960851952,15879,
512,0.00011424668628023937,15889,
512,0.00012586962839122862,15899,
512,,15902,0.0001946878182934597
513,0.00012580207840073854,15909,
513,0.00012071812670910731,15919,
513,0.00012356984370853752,15929,
513,,15933,0.00014551589265465736
514,0.00011902806727448478,15939,
514,0.00013198099622968584,15949,
514,0.0001319681468885392,15959,
514,,15964,0.00018343253759667277
515,9.756385406944901e-05,15969,
515,0.00010744427709141746,15979,
515,0.00011619566066656262,15989,
515,,15995,0.00014448695583269
516,0.00016346975462511182,15999,
516,0.0001459798659197986,16009,
516,0.00010277952969772741,16019,
516,,16026,0.00017492087499704212
517,0.00020455243065953255,16029,
517,8.161737787304446e-05,16039,
517,8.057456579990685e-05,16049,
517,,16057,0.0001438678300473839
518,0.00015102069301065058,16059,
518,0.00010124196705874056,16069,
518,6.328911695163697e-05,16079,
518,,16088,0.00016824503836687654
519,0.0001494304306106642,16089,
519,9.170397970592603e-05,16099,
519,0.0001525040715932846,16109,
519,4.783963231602684e-05,16119,
519,,16119,0.00014277230366133153
520,8.357972546946257e-05,16129,
520,0.00011380561045370996,16139,
520,0.00013116782065480947,16149,
520,,16150,0.00016511985450051725
521,8.73530880198814e-05,16159,
521,9.389698243467137e-05,16169,
521,0.00013613776536658406,16179,
521,,16181,0.00014583711163140833
522,9.858894190983847e-05,16189,
522,9.250506991520524e-05,16199,
522,9.730148303788155e-05,16209,
522,,16212,0.00016207755834329873
523,0.00011489015741972253,16219,
523,0.00010966537229251117,16229,
523,0.00014574488159269094,16239,
523,,16243,0.00014408679271582514
524,0.00011458066728664562,16249,
524,0.00012420970597304404,16259,
524,0.00015471939695999026,16269,
524,,16274,0.00015652341244276613
525,0.00011937878298340365,16279,
525,0.00011482631089165807,16289,
525,0.00011797175829997286,16299,
525,,16305,0.00014169749920256436
526,0.00013806165952701122,16309,
526,0.0001292014349019155,16319,
526,8.906402217689902e-05,16329,
526,,16336,0.0001545722916489467
527,0.00018689240096136928,16339,
527,8.14431332401e-05,16349,
527,7.2970797191374e-05,16359,
527,,16367,0.00013850416871719062
528,0.00013221327390056103,16369,
528,0.00010048280091723427,16379,
528,6.765288708265871e-05,16389,
528,,16398,0.0001476360484957695
529,0.00016562662494834512,16399,
529,0.00010875790030695498,16409,
529,0.00014871740131638944,16419,
529,6.58076605759561e-05,16429,
529,,16429,0.0001338972506346181
530,7.928689592517912e-05,16439,
530,0.00010706138709792867,16449,
530,0.00011637643910944462,16459,
530,,16460,0.0001441864005755633
531,8.778991468716413e-05,16469,
531,9.265216795029119e-05,16479,
531,0.00011430368613218889,16489,
531,,16491,0.00013034824223723263
532,8.667679503560066e-05,16499,
532,8.121424616547301e-05,16509,
532,7.7867902291473e-05,16519,
532,,16522,0.0001378376764478162
533,0.00012575238361023366,16529,
533,0.0001002360149868764,16539,
533,0.00015385315055027604,16549,
533,,16553,0.00013084517559036613
534,0.00010706465400289744,16559,
534,0.00012531229003798217,16569,
534,0.00013781375309918076,16579,
534,,16584,0.00013235157530289143
535,0.00011729756079148501,16589,
535,0.00010615971405059099,16599,
535,0.00010545842087594792,16609,
535,,16615,0.00012751089525409043
536,0.00012470976798795164,16619,
536,0.00012591073755174875,16629,
536,7.839588943170384e-05,16639,
536,,16646,0.00012790056644007564
537,0.00018507515778765082,16649,
537,7.503049710066989e-05,16659,
537,7.184968126239255e-05,16669,
537,,16677,0.00013112201122567058
538,0.00011696560977725312,16679,
538,9.245192632079124e-05,16689,
538,6.434396345866844e-05,16699,
538,,16708,0.0001264950551558286
539,0.0001552408648421988,16709,
539,0.00012409529881551862,16719,
539,0.00014561737771146,16729,
539,9.929442603606731e-05,16739,
539,,16739,0.00013556440535467118
540,8.15266466815956e-05,16749,
540,9.95859518297948e-05,16759,
540,0.00010947793634841219,16769,
540,,16770,0.00012906045594718307
541,7.74217551224865e-05,16779,
541,0.00010101013322127983,16789,
541,9.900369332171977e-05,16799,
541,,16801,0.00014317661407403648
542,8.85601039044559e-05,16809,
542,8.025513670872897e-05,16819,
542,7.595853821840137e-05,16829,
542,,16832,0.00013158471847418696
543,0.00011194518447155133,16839,
543,9.635249443817884e-05,16849,
543,0.00014912625192664564,16859,
543,,16863,0.00014587168698199093
544,0.00012140558828832582,16869,
544,0.00011577947589103132,16879,
544,0.00012348387099336833,16889,
544,,16894,0.00013542773376684636
545,0.00011009320587618276,16899,
545,0.00010068027768284082,16909,
545,9.372173371957615e-05,16919,
545,,16925,0.00015898275887593627
546,0.00011702489427989349,16929,
546,0.00011732178973034024,16939,
546,7.215292862383649e-05,16949,
546,,16956,0.00014244095655158162
547,0.00013906117237638682,16959,
547,7.040036143735051e-05,16969,
547,7.489499694202095e-05,16979,
547,,16987,0.0001696004328550771
548,0.00012129553215345368,16989,
548,0.00010213586938334629,16999,
548,6.608114927075803e-05,17009,
548,,17018,0.00016011139086913317
549,0.00014878672664053738,17019,
549,0.00011927285959245637,17029,
549,0.00015708731370978057,17039,
549,0.00011568375339265913,17049,
549,,17049,0.00020390719873830676
550,7.511748117394745e-05,17059,
550,9.630111890146509e-05,17069,
550,0.00011179109424119815,17079,
550,,17080,0.00017062100232578814
551,8.595344115747139e-05,17089,
551,0.00010994848707923666,17099,
551,0.00010088769340654835,17109,
551,,17111,0.00021972836111672223
552,0.00010427033703308553,17119,
552,6.7534638219513e-05,17129,
552,7.973785977810621e-05,17139,
552,,17142,0.00014227323117665946
553,0.00010864568321267143,17149,
553,0.0001004869700409472,17159,
553,0.00014402088709175587,17169,
553,,17173,0.00023135541414376348
554,0.00016567099373787642,17179,
554,0.00012051279918523505,17189,
554,0.00011610108776949346,17199,
554,,17204,0.00014715104771312326
555,0.00010435579315526411,17209,
555,0.00010530416329856962,17219,
555,8.831126615405083e-05,17229,
555,,17235,0.000233576211030595
556,0.00011591750080697238,17239,
556,0.00010530519648455083,17249,
556,7.490450661862269e-05,17259,
556,,17266,0.000158842682139948
557,0.00013791081437375396,17269,
557,5.979591151117347e-05,17279,
557,8.307354437420145e-05,17289,
557,,17297,0.00023201893782243133
558,0.0001323003089055419,17299,
558,0.00010448128887219355,17309,
558,6.467298953793943e-05,17319,
558,,17328,0.00016674865037202835
559,0.0001422304194420576,17329,
559,0.00010610600293148309,17339,
559,0.00013804956688545644,17349,
559,7.701798313064501e-05,17359,
559,,17359,0.0002281046035932377
560,7.477562030544505e-05,17369,
560,8.494625217281282e-05,17379,
560,0.00010465844388818368,17389,
560,,17390,0.00017354177543893456
561,6.148158718133345e-05,17399,
561,8.083470311248675e-05,17409,
561,8.282986527774483e-05,17419,
561,,17421,0.00022652020561508834
562,9.864963794825599e-05,17429,
562,6.44175597699359e-05,17439,
562,7.088040001690388e-05,17449,
562,,17452,0.0001777106081135571
563,0.00011662117321975529,17459,
563,0.00010488007683306932,17469,
563,0.00013041487545706332,17479,
563,,17483,0.0002307315298821777
564,0.0001478700287407264,17489,
564,0.0001325884077232331,17499,
564,9.764853166416287e-05,17509,
564,,17514,0.00018662998627405614
565,0.00011166180775035173,17519,
565,9.85281658358872e-05,17529,
565,8.693214476807043e-05,17539,
565,,17545,0.00021482050942722708
566,0.00011378750787116587,17549,
566,0.00010312715312466025,17559,
566,7.66513985581696e-05,17569,
566,,17576,0.00019530041026882827
567,0.00017762952484190464,17579,
567,6.384274456650019e-05,17589,
567,7.82718270784244e-05,17599,
567,,17607,0.00020225479966029525
568,0.00016143631364684552,17609,
568,8.428241562796757e-05,17619,
568,5.95435340073891e-05,17629,
568,,17638,0.0001874652662081644
569,0.0001631392224226147,17639,
569,0.00011326342792017385,17649,
569,0.00014955663937143981,17659,
569,0.00019185265409760177,17669,
569,,17669,0.000180406219442375
570,9.09688460524194e-05,17679,
570,7.798767910571769e-05,17689,
570,9.329088788945228e-05,17699,
570,,17700,0.0001791823306120932
571,6.40867292531766e-05,17709,
571,7.769537478452548e-05,17719,
571,8.550376514904201e-05,17729,
571,,17731,0.00017564876179676503
572,9.186041279463097e-05,17739,
572,7.274832023540512e-05,17749,
572,7.622586417710409e-05,17759,
572,,17762,0.00016267652972601354
573,0.00011299961624899879,17769,
573,0.00010229265899397433,17779,
573,0.00011784659727709368,17789,
573,,17793,0.00017041977844201028
574,0.00013106156256981194,17799,
574,0.00012174587027402595,17809,
574,9.139915346167982e-05,17819,
574,,17824,0.00015244624228216708
575,8.088677714113146e-05,17829,
575,7.770887896185741e-05,17839,
575,7.604238635394722e-05,17849,
575,,17855,0.0001703685411484912
576,8.417389472015202e-05,17859,
576,9.365145524498075e-05,17869,
576,6.885155016789213e-05,17879,
576,,17886,0.0001444775698473677
577,0.00013085243699606508,17889,
577,4.9861013394547626e-05,17899,
577,7.767775241518393e-05,17909,
577,,17917,0.00017381687939632684
578,0.00010839036985998973,17919,
578,8.080585394054651e-05,17929,
578,5.009816959500313e-05,17939,
578,,17948,0.00013934896560385823
579,0.0001037212714436464,17949,
579,8.189658547053114e-05,17959,
579,0.00014651411038357764,17969,
579,3.063881740672514e-05,17979,
579,,17979,0.00017401791410520673
580,5.6818287703208625e-05,17989,
580,7.301857840502635e-05,17999,
580,8.900725515559316e-05,18009,
580,,18010,0.00013639054668601602
581,5.2493662224151194e-05,18019,
581,6.679529906250536e-05,18029,
581,7.585708954138681e-05,18039,
581,,18041,0.00017652248789090663
582,8.782238001003861e-05,18049,
582,7.129769801395014e-05,18059,
582,8.127620094455779e-05,18069,
582,,18072,0.0001344113115919754
583,9.961960313376039e-05,18079,
583,9.517600119579583e-05,18089,
583,0.00010050747368950397,18099,
583,,18103,0.0001801643375074491
584,0.0001340213930234313,18109,
584,0.00012073276593582705,18119,
584,8.882134716259316e-05,18129,
584,,18134,0.00013544518151320517
585,6.79239456076175e-05,18139,
585,6.593621947104111e-05,18149,
585,7.74548898334615e-05,18159,
585,,18165,0.0001835858856793493
586,8.985014574136585e-05,18169,
586,0.00010102323722094297,18179,
586,7.371990795945749e-05,18189,
586,,18196,0.0001436052261851728
587,0.0001391045079799369,18199,
587,5.603367026196793e-05,18209,
587,8.609003998572007e-05,18219,
587,,18227,0.0001823727070586756
588,0.00013924058293923736,18229,
588,0.0001030678758979775,18239,
588,5.473134297062643e-05,18249,
588,,18258,0.00014245904458221048
589,8.430909656453878e-05,18259,
589,7.124656258383766e-05,18269,
589,0.00014525032020173967,18279,
589,0.00012573835556395352,18289,
589,,18289,0.0001734373508952558
590,5.840467201778665e-05,18299,
590,7.605791324749589e-05,18309,
590,8.580118446843699e-05,18319,
590,,18320,0.00014624354662373662
591,6.575878796866164e-05,18329,
591,6.693904288113117e-05,18339,
591,8.546277967980132e-05,18349,
591,,18351,0.00016011737170629203
592,9.268256690120324e-05,18359,
592,8.663333574077114e-05,18369,
592,8.91596864676103e-05,18379,
592,,18382,0.00016254914226010442
593,9.444396710023284e-05,18389,
593,9.736728679854423e-05,18399,
593,0.00010648449824657291,18409,
593,,18413,0.00015879518468864262
594,0.00011980062845395878,18419,
594,0.00012388941831886768,18429,
594,9.009014320326969e-05,18439,
594,,18444,0.00019681910634972155
595,7.379049202427268e-05,18449,
595,7.406686927424744e-05,18459,
595,8.574964158469811e-05,18469,
595,,18475,0.00014675009879283607
596,0.000107787229353562,18479,
596,0.00011093435750808567,18489,
596,6.963784107938409e-05,18499,
596,,18506,0.0001844844373408705
597,0.0001878780749393627,18509,
597,5.65850677958224e-05,18519,
597,7.718632696196437e-05,18529,
597,,18537,0.00014302054478321224
598,0.00011276873556198552,18539,
598,8.844592957757413e-05,18549,
598,5.122269067214802e-05,18559,
598,,18568,0.00016924153896979988
599,9.181936184177175e-05,18569,
599,7.665807061130181e-05,18579,
599,0.00012981408508494496,18589,
599,9.890447108773515e-05,18599,
599,,18599,0.00014315922453533858
600,5.6965167459566146e-05,18609,
600,7.315258699236438e-05,18619,
600,7.789199298713356e-05,18629,
600,,18630,0.00015235852333717048
601,6.159894837765023e-05,18639,
601,6.450951332226396e-05,18649,
601,9.664106619311497e-05,18659,
601,,18661,0.00014849744911771268
602,8.471713226754218e-05,18669,
602,8.553907537134364e-05,18679,
602,8.782583608990535e-05,18689,
602,,18692,0.00013992558524478227
603,0.00010751353693194687,18699,
603,0.00010049424599856138,18709,
603,9.912990208249539e-05,18719,
603,,18723,0.00014916012878529727
604,0.0001235595700563863,18729,
604,0.00011906884174095467,18739,
604,7.8480203228537e-05,18749,
604,,18754,0.0001293373788939789
605,7.320158329093829e-05,18759,
605,6.85988343320787e-05,18769,
605,8.342957153217867e-05,18779,
605,,18785,0.0001514246396254748
606,8.965531742433086e-05,18789,
606,8.752538997214288e-05,18799,
606,6.763789133401588e-05,18809,
606,,18816,0.00012225178943481296
607,0.00015608829562552273,18819,
607,4.2875220970017835e-05,18829,
607,7.74206782807596e-05,18839,
607,,18847,0.0001537543284939602
608,0.00012549653183668852,18849,
608,9.126775694312528e-05,18859,
608,4.8683981731301174e-05,18869,
608,,18878,0.00012243416858837008
609,8.271275873994455e-05,18879,
609,7.673540676478297e-05,18889,
609,0.0001416762825101614,18899,
609,6.734106864314526e-05,18909,
609,,18909,0.00015223468653857708
610,5.499936014530249e-05,18919,
610,6.461366137955338e-05,18929,
610,7.401982293231413e-05,18939,
610,,18940,0.0001239247212652117
611,5.577934643952176e-05,18949,
611,6.7790926550515e-05,18959,
611,9.64015198405832e-05,18969,
611,,18971,0.00015117412840481848
612,8.508643077220768e-05,18979,
612,8.568025805288926e-05,18989,
612,9.282489190809429e-05,18999,
612,,19002,0.00012721859093289822
613,0.00010488744737813249,19009,
613,0.00010964032117044553,19019,
613,8.962382707977667e-05,19029,
613,,19033,0.00014999866834841669
614,0.0001313683605985716,19039,
614,0.0001159484963864088,19049,
614,7.014830043772236e-05,19059,
614,,19064,0.00012930919183418155
615,8.107107714749873e-05,19069,
615,8.215544221457094e-05,19079,
615,8.764547237660736e-05,19089,
615,,19095,0.00015426328172907233
616,0.00010595592902973294,19099,
616,9.188363765133545e-05,19109,
616,7.718621782260016e-05,19119,
616,,19126,0.00013254513032734394
617,0.0001776368444552645,19129,
617,4.778803850058466e-05,19139,
617,8.57493287185207e-05,19149,
617,,19157,0.00015283409447874874
618,0.00012730469461530447,19159,
618,8.617955609224737e-05,19169,
618,4.435600931174122e-05,19179,
618,,19188,0.0001307299389736727
619,9.00287413969636e-05,19189,
619,7.446814561262727e-05,19199,
619,0.00014506337174680084,19209,
619,8.488805906381458e-05,19219,
619,,19219,0.0001541419915156439
620,7.424211071338505e-05,19229,
620,7.163971167756245e-05,19239,
620,9.043529280461371e-05,19249,
620,,19250,0.00012752049951814115
621,6.741887045791373e-05,19259,
621,7.479635678464547e-05,19269,
621,0.00012721752864308655,19279,
621,,19281,0.00015102623729035258
622,8.48563140607439e-05,19289,
622,8.942636486608535e-05,19299,
622,9.508070070296526e-05,19309,
622,,19312,0.00012519035954028368
623,0.00011624711623881012,19319,
623,0.00010936517355730757,19329,
623,7.91844940977171e-05,19339,
623,,19343,0.0001572964247316122
624,0.00011001209350069985,19349,
624,0.00010380767344031483,19359,
624,7.676151290070266e-05,19369,
624,,19374,0.00012362658162601292
625,8.665180212119594e-05,19379,
625,0.00010532252781558782,19389,
625,9.839382983045653e-05,19399,
625,,19405,0.00015604301006533206
626,0.00011941834236495197,19409,
626,0.0001008501130854711,19419,
626,8.986740431282669e-05,19429,
626,,19436,0.00012328116281423718
627,0.00018619094043970108,19439,
627,5.137851621839218e-05,19449,
627,8.425949636148289e-05,19459,
627,,19467,0.0001589710300322622
628,0.00013335561379790306,19469,
628,8.225515193771571e-05,19479,
628,4.328419890953228e-05,19489,
628,,19498,0.00012393883662298322
629,8.178836287697777e-05,19499,
629,6.517126166727394e-05,19509,
629,0.0001511108421254903,19519,
629,5.785191387985833e-05,19529,
629,,19529,0.00015937368152663112
630,7.306125189643353e-05,19539,
630,7.733266829745844e-05,19549,
630,9.800289262784645e-05,19559,
630,,19560,0.00012394794612191617
631,6.554574065376073e-05,19569,
631,7.076004112605006e-05,19579,
631,0.00012347314623184502,19589,
631,,19591,0.0001620568218640983
632,9.013649832922965e-05,19599,
632,8.980352868093178e-05,19609,
632,0.00010316157568013296,19619,
632,,19622,0.0001250454952241853
633,0.0001105803603422828,19629,
633,0.00011349828128004447,19639,
633,8.054205682128668e-05,19649,
633,,19653,0.00015971290122251958
634,0.00011627397179836407,19659,
634,0.00010244619625154883,19669,
634,7.872971764300019e-05,19679,
634,,19684,0.0001281526347156614
635,7.799777085892856e-05,19689,
635,9.661826334195212e-05,19699,
635,8.796243491815403e-05,19709,
635,,19715,0.0001580912939971313
636,0.00012167679233243689,19719,
636,0.0001081746377167292,19729,
636,9.471330849919468e-05,19739,
636,,19746,0.00013130066508892924
637,0.0002112162037519738,19749,
637,6.253142782952636e-05,19759,
637,9.402013529324904e-05,19769,
637,,19777,0.0001541084493510425
638,0.00013648559979628772,19779,
638,9.544354543322697e-05,19789,
638,4.266322139301337e-05,19799,
638,,19808,0.00013418302114587277
639,8.120301936287433e-05,19809,
639,6.851828220533207e-05,19819,
639,0.0001399990142090246,19829,
639,4.4925986003363505e-05,19839,
639,,19839,0.00015176445594988763
640,6.897862476762384e-05,19849,
640,8.322662324644625e-05,19859,
640,0.00012998582678847015,19869,
640,,19870,0.00013634419883601367
641,8.986922330223024e-05,19879,
641,9.14107367862016e-05,19889,
641,0.0001871269487310201,19899,
641,,19901,0.0001546358980704099
642,0.00010280306014465168,19909,
642,0.00010536742775002494,19919,
642,0.00013271959323901683,19929,
642,,19932,0.00013534873141907156
643,0.00012175481242593378,19939,
643,0.000115616996481549,19949,
643,9.575874719303101e-05,19959,
643,,19963,0.0001607678714208305
644,9.168940596282482e-05,19969,
644,7.9697638284415e-05,19979,
644,0.00010367031791247427,19989,
644,,19994,0.00013047546963207424
645,0.0001466984540456906,19999,
645,0.0001479899074183777,20009,
645,0.0001246525498572737,20019,
645,,20025,0.00017528327589388937
646,0.00021213109721429646,20029,
646,0.00017805170500651002,20039,
646,0.00016869185492396355,20049,
646,,20056,0.0001420567714376375
647,0.00023723604681435972,20059,
647,7.436035957653075e-05,20069,
647,0.00010197855590377003,20079,
647,,20087,0.00020594996749423444
648,0.0001300109433941543,20089,
648,0.00011018475925084203,20099,
648,9.394951484864578e-05,20109,
648,,20118,0.00018191622802987695
649,0.0002655440184753388,20119,
649,0.0002013117918977514,20129,
649,9.326628060080111e-05,20139,
649,6.986819789744914e-05,20149,
649,,20149,0.00023184629390016198
650,0.00012668095587287098,20159,
650,0.00014169294445309788,20169,
650,0.00021876402024645358,20179,
650,,20180,0.00021170453692320734
651,0.00010046953684650362,20189,
651,8.150555368047208e-05,20199,
651,0.00011151921353302896,20209,
651,,20211,0.00022869632812216878
652,0.00013978274364490062,20219,
652,6.601847417186946e-05,20229,
652,5.745500675402582e-05,20239,
652,,20242,0.00021138992451597005
653,0.00021132343681529164,20249,
653,0.00010986667621182278,20259,
653,0.0002666178916115314,20269,
653,,20273,0.0002340163046028465
654,9.249454888049513e-05,20279,
654,0.00010938692139461637,20289,
654,0.0001796958822524175,20299,
654,,20304,0.00020450001466087997
655,0.00017405215476173908,20309,
655,0.00013703439617529511,20319,
655,0.00011013589391950518,20329,
655,,20335,0.0002151457010768354
656,0.00010437323362566531,20339,
656,7.22772310837172e-05,20349,
656,8.079736289801076e-05,20359,
656,,20366,0.00018294263281859457
657,0.00010898714390350506,20369,
657,8.866938151186332e-05,20379,
657,0.00010364138142904267,20389,
657,,20397,0.00018503270985092968
658,0.0002003933914238587,20399,
658,0.00012412162323016673,20409,
658,0.00010499657946638763,20419,
658,,20428,0.00016144227993208915
659,0.00026688960497267544,20429,
659,0.00022443391208071262,20439,
659,9.299860539613292e-05,20449,
659,3.5629316698759794e-05,20459,
659,,20459,0.00015932699898257852
660,8.610347867943347e-05,20469,
660,0.0001065877077053301,20479,
660,0.00012600338959600776,20489,
660,,20490,0.0001740986481308937
661,0.00010629100142978132,20499,
661,8.614824764663354e-05,20509,
661,8.387238631257787e-05,20519,
661,,20521,0.00014561253192368895
662,0.00010889219265663996,20529,
662,7.021817145869136e-05,20539,
662,6.360645056702197e-05,20549,
662,,20552,0.00014556857058778405
663,0.0001360261085210368,20559,
663,7.903975347289816e-05,20569,
663,0.000192004517884925,20579,
663,,20583,0.00014609875506721437
664,7.381540490314364e-05,20589,
664,7.557195203844458e-05,20599,
664,0.00012595407315529883,20609,
664,,20614,0.00014522444689646363
665,0.0001421998895239085,20619,
665,0.00011369345156708732,20629,
665,8.9537090389058e-05,20639,
665,,20645,0.00014788082626182586
666,9.745524585014209e-05,20649,
666,8.427076681982726e-05,20659,
666,7.808137161191553e-05,20669,
666,,20676,0.0001486549008404836
667,9.00641898624599e-05,20679,
667,7.374028791673481e-05,20689,
667,8.444338891422376e-05,20699,
667,,20707,0.00015206677198875695
668,0.00014935513900127262,20709,
668,8.986695320345461e-05,20719,
668,8.21501380414702e-05,20729,
668,,20738,0.00015560515748802572
669,0.00020548408792819828,20739,
669,0.0001678033295320347,20749,
669,6.962549377931282e-05,20759,
669,5.0795151764759794e-05,20769,
669,,20769,0.0001583593402756378
670,7.662784628337249e-05,20779,
670,9.784309804672375e-05,20789,
670,0.00011064775026170537,20799,
670,,20800,0.00016554426110815257
671,6.968214438529685e-05,20809,
671,8.20802160887979e-05,20819,
671,7.213494973257184e-05,20829,
671,,20831,0.00016148194845300168
672,9.721509559312835e-05,20839,
672,6.309704622253776e-05,20849,
672,6.313867925200611e-05,20859,
672,,20862,0.00017130485503003
673,0.00012583148782141507,20869,
673,7.282188744284213e-05,20879,
673,0.0001598634262336418,20889,
673,,20893,0.00016170222079381347
674,7.409949466818944e-05,20899,
674,7.783436740282923e-05,20909,
674,0.00011214100231882185,20919,
674,,20924,0.00018006864411290735
675,0.0001317807473242283,20929,
675,0.000100119155831635,20939,
675,8.66551126819104e-05,20949,
675,,20955,0.00016275620146188885
676,9.829940245253965e-05,20959,
676,8.878743392415345e-05,20969,
676,8.152448572218418e-05,20979,
676,,20986,0.00018238734628539532
677,9.33388655539602e-05,20989,
677,7.461298810085282e-05,20999,
677,8.276529115391895e-05,21009,
677,,21017,0.0001681335998000577
678,0.00014329397527035326,21019,
678,8.52922021294944e-05,21029,
678,7.056823960738257e-05,21039,
678,,21048,0.00018517840362619609
679,0.00018599392205942422,21049,
679,0.00015330527094192803,21059,
679,6.420855788746849e-05,21069,
679,4.773851833306253e-05,21079,
679,,21079,0.0001726276968838647
680,7.151228783186525e-05,21089,
680,9.871490328805521e-05,21099,
680,9.828923793975264e-05,21109,
680,,21110,0.00018679416098166257
681,6.977744487812743e-05,21119,
681,8.648709626868367e-05,21129,
681,7.191899203462526e-05,21139,
681,,21141,0.0001797926815925166
682,9.050017251865938e-05,21149,
682,7.055662717903033e-05,21159,
682,7.594637281727046e-05,21169,
682,,21172,0.00018190483388025314
683,0.00010108534479513764,21179,
683,6.924079934833571e-05,21189,
683,0.00013946213584858924,21199,
683,,21203,0.00017871502495836467
684,8.65949405124411e-05,21209,
684,7.138692308217287e-05,21219,
684,0.0001054634849424474,21229,
684,,21234,0.00017125342856161296
685,0.00012517177674453706,21239,
685,8.719599281903356e-05,21249,
685,8.609803626313806e-05,21259,
685,,21265,0.00017675149138085544
686,0.00011716127482941374,21269,
686,9.870369831332937e-05,21279,
686,9.147314267465845e-05,21289,
686,,21296,0.00016479994519613683
687,8.407545828958973e-05,21299,
687,6.891493103466928e-05,21309,
687,8.057890954660252e-05,21319,
687,,21327,0.00017461253446526825
688,0.00019272667123004794,21329,
688,9.880867582978681e-05,21339,
688,6.004891110933386e-05,21349,
688,,21358,0.0001691595243755728
689,0.00015596974117215723,21359,
689,0.00013962737284600735,21369,
689,5.981811409583315e-05,21379,
689,0.00013059438788332045,21389,
689,,21389,0.00016482375212945044
690,0.00010961612133542076,21399,
690,0.00011550349154276773,21409,
690,9.975428110919893e-05,21419,
690,,21420,0.00016663857968524098
691,7.30320462025702e-05,21429,
691,8.118655387079343e-05,21439,
691,7.655836088815704e-05,21449,
691,,21451,0.00013947041588835418
692,6.232647137949243e-05,21459,
692,9.834895172389224e-05,21469,
692,0.00010186199506279081,21479,
692,,21482,0.00014436960918828845
693,7.376453140750527e-05,21489,
693,6.308441516011953e-05,21499,
693,0.0001164286004495807,21509,
693,,21513,0.00010999885125784203
694,0.00011235076090088114,21519,
694,6.93765323376283e-05,21529,
694,0.00010063053923659027,21539,
694,,21544,0.00011122914293082431
695,0.00011511205229908228,21549,
695,8.033135236473754e-05,21559,
695,7.41577532608062e-05,21569,
695,,21575,9.009012137539685e-05
696,0.00012171616981504485,21579,
696,0.00011074410576839,21589,
696,6.122878403402865e-05,21599,
696,,21606,9.00640879990533e-05
697,9.128532838076353e-05,21609,
697,6.844229210400954e-05,21619,
697,6.183644291013479e-05,21629,
697,,21637,7.931608706712723e-05
698,0.00010748438216978684,21639,
698,6.653040327364579e-05,21649,
698,5.5520053138025105e-05,21659,
698,,21668,8.551641076337546e-05
699,0.00011207960051251575,21669,
699,0.00014781160280108452,21679,
699,5.6657358072698116e-05,21689,
699,4.600081956596114e-05,21699,
699,,21699,7.74087238823995e-05
700,5.926195808569901e-05,21709,
700,8.08882323326543e-05,21719,
700,8.85039335116744e-05,21729,
700,,21730,8.576601248933002e-05
701,5.5988177336985245e-05,21739,
701,7.718287815805525e-05,21749,
701,6.50623842375353e-05,21759,
701,,21761,7.668331818422303e-05
702,6.385550659615546e-05,21769,
702,6.73579634167254e-05,21779,
702,5.456063081510365e-05,21789,
702,,21792,8.770538988756016e-05
703,6.479883450083435e-05,21799,
703,5.412387690739706e-05,21809,
703,9.604677325114608e-05,21819,
703,,21823,7.640251715201885e-05
704,5.690125544788316e-05,21829,
704,6.787075835745782e-05,21839,
704,6.902854511281475e-05,21849,
704,,21854,8.987726323539391e-05
705,0.00011050858302041888,21859,
705,8.53484234539792e-05,21869,
705,7.036310125840828e-05,21879,
705,,21885,7.649007602594793e-05
706,0.00011186669144080952,21889,
706,9.29015877773054e-05,21899,
706,6.052368917153217e-05,21909,
706,,21916,9.324487473350018e-05
707,8.152153168339282e-05,21919,
707,5.8456182159716263e-05,21929,
707,5.7868281146511436e-05,21939,
707,,21947,7.660617120563984e-05
708,8.768172847339883e-05,21949,
708,5.9737601986853406e-05,21959,
708,4.772484680870548e-05,21969,
708,,21978,9.880166908260435e-05
709,0.00010116684279637411,21979,
709,0.00013938384654466063,21989,
709,5.162465458852239e-05,21999,
709,7.584151899209246e-05,22009,
709,,22009,7.883194484747946e-05
710,5.842379687237553e-05,22019,
710,7.485086098313332e-05,22029,
710,9.148631215794012e-05,22039,
710,,22040,0.00010422516061225906
711,5.603228783002123e-05,22049,
711,7.259794074343517e-05,22059,
711,6.197247421368957e-05,22069,
711,,22071,7.89365658420138e-05
712,7.037541945464909e-05,22079,
712,5.384348696679808e-05,22089,
712,4.471683132578619e-05,22099,
712,,22102,0.00010944295354420319
713,7.9401332186535e-05,22109,
713,5.196028359932825e-05,22119,
713,9.866643813438714e-05,22129,
713,,22133,8.296270971186459e-05
714,5.128418342792429e-05,22139,
714,6.963660416658968e-05,22149,
714,6.540266622323543e-05,22159,
714,,22164,0.00011081602133344859
715,0.00011139488924527541,22169,
715,9.17827055673115e-05,22179,
715,6.441137520596385e-05,22189,
715,,22195,8.582478039897978e-05
716,9.74116483121179e-05,22199,
716,8.367377449758351e-05,22209,
716,5.594516915152781e-05,22219,
716,,22226,0.00011091633496107534
717,8.941174746723846e-05,22229,
717,6.334903446258977e-05,22239,
717,5.8111305406782776e-05,22249,
717,,22257,8.757861360209063e-05
718,8.483318379148841e-05,22259,
718,6.445857434300706e-05,22269,
718,4.742194141726941e-05,22279,
718,,22288,0.00010792601824505255
719,0.00010134831973118708,22289,
719,0.00013222954294178635,22299,
719,5.182625318411738e-05,22309,
719,6.586316885659471e-05,22319,
719,,22319,9.257623605662957e-05
720,4.8930633056443185e-05,22329,
720,6.176879833219573e-05,22339,
720,8.151558722602203e-05,22349,
720,,22350,0.0001059017886291258
721,5.274517752695829e-05,22359,
721,6.735805072821677e-05,22369,
721,5.063596472609788e-05,22379,
721,,22381,9.134467836702242e-05
722,6.855560059193522e-05,22389,
722,4.968989742337726e-05,22399,
722,4.27407467213925e-05,22409,
722,,22412,0.00010158777877222747
723,8.184678154066205e-05,22419,
723,5.2548737585311756e-05,22429,
723,8.513237116858363e-05,22439,
723,,22443,9.338253585156053e-05
724,4.9826627218862996e-05,22449,
724,6.375189695972949e-05,22459,
724,5.4637166613247246e-05,22469,
724,,22474,9.849291382124647e-05
725,9.032298839883879e-05,22479,
725,7.65207369113341e-05,22489,
725,5.621081072604284e-05,22499,
725,,22505,9.910893277265131e-05
726,7.658636604901403e-05,22509,
726,7.315225229831412e-05,22519,
726,5.285366205498576e-05,22529,
726,,22536,9.559359750710428e-05
727,7.727705815341324e-05,22539,
727,6.0104855947429314e-05,22549,
727,6.0211681557120755e-05,22559,
727,,22567,0.00010063641093438491
728,9.911232336889952e-05,22569,
728,6.515345012303442e-05,22579,
728,4.271762372809462e-05,22589,
728,,22598,9.361688717035577e-05
729,8.994340169010684e-05,22599,
729,0.0001013057553791441,22609,
729,5.615645932266489e-05,22619,
729,0.00010301345173502341,22629,
729,,22629,0.00010443820792715997
730,4.696898758993484e-05,22639,
730,5.645495548378676e-05,22649,
730,7.719057612121105e-05,22659,
730,,22660,9.465845505474135e-05
731,6.115213909652084e-05,22669,
731,6.427501648431644e-05,22679,
731,4.365303539088927e-05,22689,
731,,22691,0.00010928196570603177
732,6.442962330766022e-05,22699,
732,3.9803861000109464e-05,22709,
732,4.84736192447599e-05,22719,
732,,22722,0.00010006941738538444
733,8.393968164455146e-05,22729,
733,5.977708860882558e-05,22739,
733,7.639219984412193e-05,22749,
733,,22753,0.00011537180398590863
734,7.408220699289814e-05,22759,
734,6.698205834254622e-05,22769,
734,5.621290983981453e-05,22779,
734,,22784,9.437969129066914e-05
735,9.746857540449128e-05,22789,
735,8.098383841570467e-05,22799,
735,5.320355194271542e-05,22809,
735,,22815,0.00011240146704949439
736,9.065276390174404e-05,22819,
736,6.241178198251873e-05,22829,
736,4.749850995722227e-05,22839,
736,,22846,9.344794671051204e-05
737,5.806669651065022e-05,22849,
737,5.803046587971039e-05,22859,
737,6.645654502790421e-05,22869,
737,,22877,0.00010390371608082205
738,0.00011609021748881787,22879,
738,6.824472802691162e-05,22889,
738,4.4409076508600265e-05,22899,
738,,22908,0.00010181379911955446
739,9.007070184452459e-05,22909,
739,8.63180321175605e-05,22919,
739,6.109811511123553e-05,22929,
739,7.69028629292734e-05,22939,
739,,22939,9.578389290254563e-05
740,5.232805051491596e-05,22949,
740,4.8444508138345554e-05,22959,
740,7.40190371288918e-05,22969,
740,,22970,0.00011525865556905046
741,5.253600102150813e-05,22979,
741,6.315443170024082e-05,22989,
741,4.849714969168417e-05,22999,
741,,23001,8.346680988324806e-05
742,7.256723620230332e-05,23009,
742,5.0060898502124473e-05,23019,
742,4.284080205252394e-05,23029,
742,,23032,0.00012157172750448808
743,6.85240447637625e-05,23039,
743,5.263886851025745e-05,23049,
743,6.058849976398051e-05,23059,
743,,23063,7.641015690751374e-05
744,5.073442662251182e-05,23069,
744,8.104300650302321e-05,23079,
744,4.477013135328889e-05,23089,
744,,23094,0.00011844057007692754
745,8.393879397772253e-05,23099,
745,8.354694728041068e-05,23109,
745,5.397958375397138e-05,23119,
745,,23125,7.161843677749857e-05
746,7.378582085948437e-05,23129,
746,6.026085247867741e-05,23139,
746,4.56552515970543e-05,23149,
746,,23156,0.00011389156134100631
747,8.380195504287258e-05,23159,
747,4.6565543016185984e-05,23169,
747,5.760011845268309e-05,23179,
747,,23187,7.085369725245982e-05
748,7.521234510932118e-05,23189,
748,5.907970989937894e-05,23199,
748,3.527611988829449e-05,23209,
748,,23218,0.0001118433428928256
749,8.188239735318348e-05,23219,
749,8.616581180831417e-05,23229,
749,5.5574317229911685e-05,23239,
749,8.446307037957013e-05,23249,
749,,23249,7.253295189002529e-05
750,4.759355215355754e-05,23259,
750,4.324365727370605e-05,23269,
750,5.6714525271672755e-05,23279,
750,,23280,0.00011328169057378545
751,4.519794674706645e-05,23289,
751,5.532374052563682e-05,23299,
751,4.937134144711308e-05,23309,
751,,23311,7.614317291881889e-05
752,6.577288149856031e-05,23319,
752,5.442698602564633e-05,23329,
752,3.873343302984722e-05,23339,
752,,23342,0.00011440719390520826
753,8.301259367726743e-05,23349,
753,5.6497130572097376e-05,23359,
753,5.651764877256937e-05,23369,
753,,23373,8.106827590381727e-05
754,4.548455763142556e-05,23379,
754,6.931901589268818e-05,23389,
754,4.3757656385423616e-05,23399,
754,,23404,0.0001047714104061015
755,6.291596946539357e-05,23409,
755,6.686864799121395e-05,23419,
755,5.333952867658809e-05,23429,
755,,23435,8.457129297312349e-05
756,6.536876026075333e-05,23439,
756,6.377757381414995e-05,23449,
756,4.435213850229047e-05,23459,
756,,23466,9.706873242976144e-05
757,9.914243128150702e-05,23469,
757,4.806289143743925e-05,23479,
757,5.6683402362978086e-05,23489,
757,,23497,8.637183054815978e-05
758,6.866679177619517e-05,23499,
758,5.521881394088268e-05,23509,
758,3.200281207682565e-05,23519,
758,,23528,9.159733599517494e-05
759,6.474600377259776e-05,23529,
759,8.08891563792713e-05,23539,
759,5.490409239428118e-05,23549,
759,0.00011032303882529959,23559,
759,,23559,9.997094457503408e-05
760,4.1777293517952785e-05,23569,
760,4.414031354826875e-05,23579,
760,5.5695541959721595e-05,23589,
760,,23590,8.540588896721601e-05
761,4.907129186904058e-05,23599,
761,4.657849785871804e-05,23609,
761,4.579636515700258e-05,23619,
761,,23621,9.832196519710124e-05
762,6.27991248620674e-05,23629,
762,5.385807526181452e-05,23639,
762,4.0975541196530685e-05,23649,
762,,23652,7.906356768216938e-05
763,6.401982682291418e-05,23659,
763,4.382292536320165e-05,23669,
763,5.523059735423885e-05,23679,
763,,23683,9.534067794447765e-05
764,4.456128954188898e-05,23689,
764,6.4076877606567e-05,23699,
764,4.683579027187079e-05,23709,
764,,23714,7.646087760804221e-05
765,5.3434152505360544e-05,23719,
765,5.864092236151919e-05,23729,
765,4.466656901058741e-05,23739,
765,,23745,9.698267240310088e-05
766,5.6332799431402236e-05,23749,
766,5.931729174335487e-05,23759,
766,4.209193866699934e-05,23769,
766,,23776,7.209318573586643e-05
767,7.974322943482548e-05,23779,
767,3.9558995922561735e-05,23789,
767,5.18346787430346e-05,23799,
767,,23807,9.72185589489527e-05
768,7.363515760516748e-05,23809,
768,5.170319491298869e-05,23819,
768,3.0487017284031026e-05,23829,
768,,23838,7.066950638545677e-05
769,3.966602525906637e-05,23839,
769,6.131108239060268e-05,23849,
769,5.332731598173268e-05,23859,
769,4.841761619900353e-05,23869,
769,,23869,0.00010291291982866824
770,3.79021221306175e-05,23879,
770,3.93476766475942e-05,23889,
770,5.301929923007265e-05,23899,
770,,23900,6.769493484171107e-05
771,3.8871527067385614e-05,23909,
771,4.250117126503028e-05,23919,
771,4.13314119214192e-05,23929,
771,,23931,0.00010687345638871193
772,5.257355223875493e-05,23939,
772,4.950738002662547e-05,23949,
772,4.268439442967065e-05,23959,
772,,23962,6.896802369737998e-05
773,5.6172837503254414e-05,23969,
773,4.183444252703339e-05,23979,
773,5.5437245464418083e-05,23989,
773,,23993,0.00011263287888141349
774,5.122672882862389e-05,23999,
774,6.192414002725855e-05,24009,
774,4.5607277570525184e-05,24019,
774,,24024,7.311941590160131e-05
775,4.6960740291979164e-05,24029,
775,5.4883195844013244e-05,24039,
775,4.238249675836414e-05,24049,
775,,24055,0.00011031905160052702
776,6.561505870195106e-05,24059,
776,6.383314030244946e-05,24069,
776,4.220596019877121e-05,24079,
776,,24086,8.41386936372146e-05
777,9.27794462768361e-05,24089,
777,5.601094017038122e-05,24099,
777,5.2593495638575405e-05,24109,
777,,24117,0.00010369556548539549
778,8.734337461646646e-05,24119,
778,5.3392370318761095e-05,24129,
778,3.2551797630731016e-05,24139,
778,,24148,7.842958439141512e-05
779,4.5199820306152105e-05,24149,
779,6.317826046142727e-05,24159,
779,6.0527647292474285e-05,24169,
779,0.00010052217839984223,24179,
779,,24179,9.354625944979489e-05
780,4.241985152475536e-05,24189,
780,4.0721446566749364e-05,24199,
780,5.605898695648648e-05,24209,
780,,24210,7.839830504963174e-05
781,4.4165113649796695e-05,24219,
781,4.399957106215879e-05,24229,
781,3.992436904809438e-05,24239,
781,,24241,8.458714000880718e-05
782,4.917936530546285e-05,24249,
782,4.5865624997531995e-05,24259,
782,4.0597205952508375e-05,24269,
782,,24272,7.354072295129299e-05
783,5.023249104851857e-05,24279,
783,4.325445115682669e-05,24289,
783,5.266703010420315e-05,24299,
783,,24303,7.91829515947029e-05
784,5.366691038943827e-05,24309,
784,5.627161226584576e-05,24319,
784,4.455136877368204e-05,24329,
784,,24334,7.740905857644975e-05
785,5.1642535254359245e-05,24339,
785,5.714795406674966e-05,24349,
785,4.4648011680692434e-05,24359,
785,,24365,7.70493716117926e-05
786,5.3651921916753054e-05,24369,
786,5.9225847508059815e-05,24379,
786,3.897754868376069e-05,24389,
786,,24396,9.11210008780472e-05
787,8.607606287114322e-05,24399,
787,3.8338905142154545e-05,24409,
787,5.1376231567701325e-05,24419,
787,,24427,7.763088069623336e-05
788,6.60215227981098e-05,24429,
788,5.609198706224561e-05,24439,
788,3.190087227267213e-05,24449,
788,,24458,0.0001188067180919461
789,9.226422116626054e-05,24459,
789,6.160952034406364e-05,24469,
789,4.990352317690849e-05,24479,
789,0.00013373856199905276,24489,
789,,24489,9.199881606036797e-05
790,6.991695408942178e-05,24499,
790,4.108198845642619e-05,24509,
790,5.584320751950145e-05,24519,
790,,24520,0.00013256000238470733
791,4.398446253617294e-05,24529,
791,5.48167918168474e-05,24539,
791,7.551971793873236e-05,24549,
791,,24551,8.449589222436771e-05
792,5.436304127215408e-05,24559,
792,5.47315321455244e-05,24569,
792,3.641208604676649e-05,24579,
792,,24582,9.206714457832277e-05
793,8.542573050362989e-05,24589,
793,6.917418068042025e-05,24599,
793,5.833121031173505e-05,24609,
793,,24613,7.579112570965663e-05
794,6.424060120480135e-05,24619,
794,6.135678995633498e-05,24629,
794,4.8102487198775634e-05,24639,
794,,24644,8.452567999484017e-05
795,5.497700840351172e-05,24649,
795,6.959722668398172e-05,24659,
795,5.9184392739553005e-05,24669,
795,,24675,7.69120451877825e-05
796,5.908686216571368e-05,24679,
796,6.340177060337737e-05,24689,
796,3.9332859159912914e-05,24699,
796,,24706,6.851842772448435e-05
797,9.928643703460693e-05,24709,
797,3.830977584584616e-05,24719,
797,4.953487587044947e-05,24729,
797,,24737,9.336605580756441e-05
798,7.253148942254484e-05,24739,
798,4.723793244920671e-05,24749,
798,2.7939138817600906e-05,24759,
798,,24768,6.998556636972353e-05
799,4.364959386293776e-05,24769,
799,6.099305028328672e-05,24779,
799,5.565999890677631e-05,24789,
799,4.287977935746312e-05,24799,
799,,24799,9.990350372390822e-05
800,3.9611120882909745e-05,24809,
800,4.061866638949141e-05,24819,
800,4.761115269502625e-05,24829,
800,,24830,6.752285844413564e-05
801,3.611908687162213e-05,24839,
801,4.3808995542349294e-05,24849,
801,3.943361298297532e-05,24859,
801,,24861,0.00010118279897142202
802,4.373316915007308e-05,24869,
802,4.790149614564143e-05,24879,
802,4.2223913624184206e-05,24889,
802,,24892,6.536867294926196e-05
803,4.6567092795157805e-05,24899,
803,4.542098395177163e-05,24909,
803,4.858232932747342e-05,24919,
803,,24923,0.00010075681348098442
804,4.682467260863632e-05,24929,
804,5.4949869081610814e-05,24939,
804,4.382669067126699e-05,24949,
804,,24954,6.338826642604545e-05
805,4.31250809924677e-05,24959,
805,5.994161983835511e-05,24969,
805,4.050386996823363e-05,24979,
805,,24985,0.00010117874626303092
806,5.103879084344953e-05,24989,
806,5.456530561787076e-05,24999,
806,3.838877455564216e-05,25009,
806,,25016,6.208422564668581e-05
807,7.366231875494123e-05,25019,
807,3.860249125864357e-05,25029,
807,5.025936115998775e-05,25039,
807,,25047,0.00010315924737369642
808,9.094953566091135e-05,25049,
808,5.056005829828791e-05,25059,
808,2.8725089578074403e-05,25069,
808,,25078,6.42687373328954e-05
809,3.692731843329966e-05,25079,
809,5.698228778783232e-05,25089,
809,5.7720550103113055e-05,25099,
809,8.641641034046188e-05,25109,
809,,25109,0.00010463975195307285
810,3.9532140363007784e-05,25119,
810,4.324012843426317e-05,25129,
810,4.7557332436554134e-05,25139,
810,,25140,6.929422670509666e-05
811,4.7415614972123876e-05,25149,
811,4.225701923132874e-05,25159,
811,4.0878381696529686e-05,25169,
811,,25171,0.00010368073708377779
812,4.80300877825357e-05,25179,
812,4.600922329700552e-05,25189,
812,4.7086530685191974e-05,25199,
812,,25202,7.712203660048544e-05
813,5.128484554006718e-05,25209,
813,4.836325751966797e-05,25219,
813,5.504755245056003e-05,25229,
813,,25233,0.00010654643119778484
814,5.468378367368132e-05,25239,
814,6.492160173365846e-05,25249,
814,4.6732311602681875e-05,25259,
814,,25264,8.851627353578806e-05
815,4.849042306886986e-05,25269,
815,5.311288987286389e-05,25279,
815,3.990516415797174e-05,25289,
815,,25295,9.918467549141496e-05
816,6.350795592879876e-05,25299,
816,5.762013825005852e-05,25309,
816,3.713245314429514e-05,25319,
816,,25326,8.944745786720887e-05
817,6.377210229402408e-05,25329,
817,4.60794944956433e-05,25339,
817,4.878928302787244e-05,25349,
817,,25357,9.031374793266878e-05
818,6.988199311308563e-05,25359,
818,5.3740131988888606e-05,25369,
818,2.746021891653072e-05,25379,
818,,25388,7.872519927332178e-05
819,3.582029603421688e-05,25389,
819,4.891354183200747e-05,25399,
819,6.437988486140966e-05,25409,
819,5.708977550966665e-05,25419,
819,,25419,8.102589345071465e-05
820,3.485041452222504e-05,25429,
820,4.083005478605628e-05,25439,
820,5.500564293470234e-05,25449,
820,,25450,7.106327393557876e-05
821,4.3192198063479736e-05,25459,
821,4.955285839969292e-05,25469,
821,3.962155096814968e-05,25479,
821,,25481,7.962272502481937e-05
822,4.494306995184161e-05,25489,
822,4.273174999980256e-05,25499,
822,4.24943573307246e-05,25509,
822,,25512,6.885482434881851e-05
823,4.698802877101116e-05,25519,
823,3.846663821605034e-05,25529,
823,5.185274130781181e-05,25539,
823,,25543,7.809816452208906e-05
824,5.595625043497421e-05,25549,
824,5.915312794968486e-05,25559,
824,4.34534958912991e-05,25569,
824,,25574,8.234385313699022e-05
825,4.7499441279796883e-05,25579,
825,5.552572838496417e-05,25589,
825,5.1220380555605516e-05,25599,
825,,25605,8.003880066098645e-05
826,5.10434947500471e-05,25609,
826,5.234292257227935e-05,25619,
826,3.365952579770237e-05,25629,
826,,25636,0.00010504540841793641
827,0.00011203195754205808,25639,
827,5.390011574490927e-05,25649,
827,5.2754123316844925e-05,25659,
827,,25667,8.489541505696252e-05
828,6.888337520649657e-05,25669,
828,5.3308358474168926e-05,25679,
828,3.166154056088999e-05,25689,
828,,25698,0.00010274953820044175
829,7.827110675862059e-05,25699,
829,6.785107689211145e-05,25709,
829,5.442279507406056e-05,25719,
829,9.535584831610322e-05,25729,
829,,25729,7.920604548417032e-05
830,4.127628926653415e-05,25739,
830,3.7836078263353556e-05,25749,
830,5.094264997751452e-05,25759,
830,,25760,7.479768100893125e-05
831,4.275771789252758e-05,25769,
831,4.5146105549065396e-05,25779,
831,5.13482082169503e-05,25789,
831,,25791,7.599868695251644e-05
832,4.51164050900843e-05,25799,
832,4.3549105612328276e-05,25809,
832,4.229617115925066e-05,25819,
832,,25822,6.870016659377143e-05
833,5.395639891503379e-05,25829,
833,4.0575403545517474e-05,25839,
833,4.802483817911707e-05,25849,
833,,25853,7.265731255756691e-05
834,5.772079020971432e-05,25859,
834,5.5319560487987474e-05,25869,
834,4.171706677880138e-05,25879,
834,,25884,6.894509715493768e-05
835,4.3670694140018895e-05,25889,
835,5.205799243412912e-05,25899,
835,4.72497777082026e-05,25909,
835,,25915,7.502445805585012e-05
836,4.670789712690748e-05,25919,
836,5.370005965232849e-05,25929,
836,3.505528002278879e-05,25939,
836,,25946,7.322688907152042e-05
837,9.601811325410381e-05,25949,
837,3.801817729254253e-05,25959,
837,4.779235314344987e-05,25969,
837,,25977,8.891287870937958e-05
838,5.849272929481231e-05,25979,
838,4.253016959410161e-05,25989,
838,2.834305450960528e-05,25999,
838,,26008,7.805089990142733e-05
839,4.704797174781561e-05,26009,
839,5.0639726396184415e-05,26019,
839,5.5603999498998746e-05,26029,
839,4.058137346873991e-05,26039,
839,,26039,9.510824747849256e-05
840,4.194467328488827e-05,26049,
840,4.1081319068325683e-05,26059,
840,5.0305774493608624e-05,26069,
840,,26070,7.185764116002247e-05
841,3.567177918739617e-05,26079,
841,4.003599678981118e-05,26089,
841,4.265583629603498e-05,26099,
841,,26101,8.75393016031012e-05
842,4.0445473132422194e-05,26109,
842,4.244919909979217e-05,26119,
842,4.20535980083514e-05,26129,
842,,26132,6.197000766405836e-05
843,4.46059784735553e-05,26139,
843,4.0370669012190774e-05,26149,
843,4.170911415712908e-05,26159,
843,,26163,8.213434921344742e-05
844,5.606433842331171e-05,26169,
844,4.674446608987637e-05,26179,
844,3.7704434362240136e-05,26189,
844,,26194,5.8838781114900485e-05
845,4.2021769331768155e-05,26199,
845,6.610471609747037e-05,26209,
845,4.461082426132634e-05,26219,
845,,26225,8.323500514961779e-05
846,5.1429004088277e-05,26229,
846,5.36300940439105e-05,26239,
846,3.485561319394037e-05,26249,
846,,26256,5.636770947603509e-05
847,9.247707930626348e-05,26259,
847,3.7375299143604934e-05,26269,
847,5.964255251456052e-05,26279,
847,,26287,9.668718848843127e-05
848,7.530903531005606e-05,26289,
848,4.206770972814411e-05,26299,
848,2.629307891766075e-05,26309,
848,,26318,5.8521625760477036e-05
849,3.097185617662035e-05,26319,
849,5.3481271606869996e-05,26329,
849,5.132279693498276e-05,26339,
849,8.901915862224996e-05,26349,
849,,26349,0.0001174943899968639
850,4.387207445688546e-05,26359,
850,4.580640234053135e-05,26369,
850,5.4544940212508664e-05,26379,
850,,26380,6.217221380211413e-05
851,4.5540302380686626e-05,26389,
851,4.244579758960754e-05,26399,
851,4.9413418309995905e-05,26409,
851,,26411,0.00010811556421685964
852,5.633243199554272e-05,26419,
852,4.401998739922419e-05,26429,
852,5.027929728385061e-05,26439,
852,,26442,6.326031871140003e-05
853,4.805979915545322e-05,26449,
853,4.3240823288215324e-05,26459,
853,4.6467259380733594e-05,26469,
853,,26473,0.00010148181900149211
854,5.861425961484201e-05,26479,
854,5.221727769821882e-05,26489,
854,4.4473847083281726e-05,26499,
854,,26504,6.439964636228979e-05
855,5.119576962897554e-05,26509,
855,6.427285552490503e-05,26519,
855,4.469669875106774e-05,26529,
855,,26535,8.415735646849498e-05
856,6.0908747400389984e-05,26539,
856,5.8299803640693426e-05,26549,
856,3.990244658780284e-05,26559,
856,,26566,8.152866939781234e-05
857,7.977685163496062e-05,26569,
857,4.823838753509335e-05,26579,
857,5.637400317937136e-05,26589,
857,,26597,8.536528184777126e-05
858,7.647412712685764e-05,26599,
858,4.747931961901486e-05,26609,
858,2.7689962735166773e-05,26619,
858,,26628,9.852696530288085e-05
859,5.973998486297205e-05,26629,
859,5.6760996812954545e-05,26639,
859,6.172601570142433e-05,26649,
859,5.4785436077509075e-05,26659,
859,,26659,7.99370463937521e-05
860,3.980169276474044e-05,26669,
860,4.516963963396847e-05,26679,
860,5.626810161629692e-05,26689,
860,,26690,8.011380850803107e-05
861,4.575765706249513e-05,26699,
861,4.298758358345367e-05,26709,
861,4.6450397348962724e-05,26719,
861,,26721,6.887186464155093e-05
862,4.546825948636979e-05,26729,
862,4.2118826968362555e-05,26739,
862,4.659373371396214e-05,26749,
862,,26752,7.214558718260378e-05
863,4.146149876760319e-05,26759,
863,4.1901508666342124e-05,26769,
863,4.4721713493345305e-05,26779,
863,,26783,6.718537042615935e-05
864,4.9515965656610206e-05,26789,
864,5.058335227658972e-05,26799,
864,4.2040785046992823e-05,26809,
864,,26814,7.182299304986373e-05
865,4.9289927119389176e-05,26819,
865,6.432368536479771e-05,26829,
865,4.8120637075044215e-05,26839,
865,,26845,6.670598668279126e-05
866,5.361334478948265e-05,26849,
866,4.9700760428095236e-05,26859,
866,4.381160033517517e-05,26869,
866,,26876,7.22572804079391e-05
867,7.489331619581208e-05,26879,
867,3.5638546250993386e-05,26889,
867,5.394400068325922e-05,26899,
867,,26907,6.672649760730565e-05
868,6.555927393492311e-05,26909,
868,3.8916572520975024e-05,26919,
868,2.5311941499239765e-05,26929,
868,,26938,7.312962407013401e-05
869,3.662721428554505e-05,26939,
869,5.511239942279644e-05,26949,
869,5.505438457475975e-05,26959,
869,2.899063656514045e-05,26969,
869,,26969,6.755912181688473e-05
870,3.805664528044872e-05,26979,
870,4.382636689115316e-05,26989,
870,6.08824921073392e-05,26999,
870,,27000,7.366389036178589e-05
871,4.106404958292842e-05,27009,
871,4.324779729358852e-05,27019,
871,4.8864596465136856e-05,27029,
871,,27031,6.941235915292054e-05
872,4.057245314470492e-05,27039,
872,4.272580554243177e-05,27049,
872,4.2577881686156616e-05,27059,
872,,27062,7.347930659307167e-05
873,4.326794442022219e-05,27069,
873,4.0311013435712084e-05,27079,
873,4.3080832256237045e-05,27089,
873,,27093,7.381151226582006e-05
874,5.0234695663675666e-05,27099,
874,4.829854879062623e-05,27109,
874,4.709436325356364e-05,27119,
874,,27124,7.420590554829687e-05
875,5.7755314628593624e-05,27129,
875,7.012100832071155e-05,27139,
875,5.1829145377269015e-05,27149,
875,,27155,8.159854769473895e-05
876,5.54395119252149e-05,27159,
876,4.987569263903424e-05,27169,
876,4.138216172577813e-05,27179,
876,,27186,7.611282489961013e-05
877,8.110967610264197e-05,27189,
877,3.629961793194525e-05,27199,
877,4.501009971136227e-05,27209,
877,,27217,9.121329640038311e-05
878,7.71833656472154e-05,27219,
878,4.808849189430475e-05,27229,
878,3.4370445064269006e-05,27239,
878,,27248,7.846869266359136e-05
879,5.3651008784072474e-05,27249,
879,6.839780689915642e-05,27259,
879,6.179476622492075e-05,27269,
879,7.963019015733153e-05,27279,
879,,27279,9.776844672160223e-05
880,4.178060044068843e-05,27289,
880,4.418701064423658e-05,27299,
880,5.112773214932531e-05,27309,
880,,27310,7.944671233417466e-05
881,4.595430800691247e-05,27319,
881,3.580074917408638e-05,27329,
881,3.870211003231816e-05,27339,
881,,27341,9.927471546689048e-05
882,5.0156613724539056e-05,27349,
882,5.572005102294497e-05,27359,
882,5.034580681240186e-05,27369,
882,,27372,8.099524711724371e-05
883,5.9639831306412816e-05,27379,
883,5.207374124438502e-05,27389,
883,5.066662561148405e-05,27399,
883,,27403,9.911176312016323e-05
884,6.389026384567842e-05,27409,
884,5.092025821795687e-05,27419,
884,4.180529504083097e-05,27429,
884,,27434,8.393645839532837e-05
885,7.022191857686266e-05,27439,
885,5.708094249712303e-05,27449,
885,4.080360668012872e-05,27459,
885,,27465,8.939018880482763e-05
886,5.783790402347222e-05,27469,
886,4.9102945922641084e-05,27479,
886,4.432090645423159e-05,27489,
886,,27496,8.799190982244909e-05
887,8.812829764792696e-05,27499,
887,4.2591105739120394e-05,27509,
887,4.964533218299039e-05,27519,
887,,27527,7.61306582717225e-05
888,0.00010578993533272296,27529,
888,5.348401828086935e-05,27539,
888,3.794933218159713e-05,27549,
888,,27558,8.893091580830514e-05
889,7.26704893168062e-05,27559,
889,6.016037877998315e-05,27569,
889,6.408702029148117e-05,27579,
889,0.00010127767018275335,27589,
889,,27589,6.998691969783977e-05
890,4.542841634247452e-05,27599,
890,4.433682988747023e-05,27609,
890,5.7657856814330444e-05,27619,
890,,27620,8.89729562913999e-05
891,5.8739009546115994e-05,27629,
891,4.016008097096346e-05,27639,
891,4.204134165775031e-05,27649,
891,,27651,6.868505442980677e-05
892,4.627641828847118e-05,27659,
892,5.172736564418301e-05,27669,
892,5.7863577239913866e-05,27679,
892,,27682,8.653018448967487e-05
893,5.6944940297398716e-05,27689,
893,5.1103470468660817e-05,27699,
893,5.4845804697833955e-05,27709,
893,,27713,8.818635978968814e-05
894,5.767025868408382e-05,27719,
894,7.554059993708506e-05,27729,
894,4.6518322051269934e-05,27739,
894,,27744,9.539684833725914e-05
895,7.289867789950222e-05,27749,
895,5.543625229620375e-05,27759,
895,4.324231485952623e-05,27769,
895,,27775,7.955313776619732e-05
896,5.316425449564122e-05,27779,
896,4.4083881221013144e-05,27789,
896,4.5246604713611305e-05,27799,
896,,27806,8.491121116094291e-05
897,7.516860932810232e-05,27809,
897,3.664381802082062e-05,27819,
897,5.135505853104405e-05,27829,
897,,27837,6.84102633385919e-05
898,7.459421613020822e-05,27839,
898,5.2258154028095305e-05,27849,
898,2.8780452339560725e-05,27859,
898,,27868,8.128702756948769e-05
899,5.7710556575329974e-05,27869,
899,5.970765414531343e-05,27879,
899,5.044436329626478e-05,27889,
899,3.656353146652691e-05,27899,
899,,27899,6.304543785518035e-05
900,3.2606312743155286e-05,27909,
900,4.068995622219518e-05,27919,
900,5.05174211866688e-05,27929,
900,,27930,7.837932935217395e-05
901,4.461841672309674e-05,27939,
901,3.838630436803214e-05,27949,
901,4.140204327995889e-05,27959,
901,,27961,6.627535913139582e-05
902,4.1184728615917265e-05,27969,
902,5.205699926591478e-05,27979,
902,4.858998363488354e-05,27989,
902,,27992,8.317351603182033e-05
903,4.791289029526524e-05,27999,
903,4.374679701868445e-05,28009,
903,4.549534060060978e-05,28019,
903,,28023,6.902121094753966e-05
904,4.161464676144533e-05,28029,
904,5.600485746981576e-05,28039,
904,4.197175439912826e-05,28049,
904,,28054,8.319013431901112e-05
905,5.541725840885192e-05,28059,
905,5.690160833182745e-05,28069,
905,4.097437340533361e-05,28079,
905,,28085,6.299839151324704e-05
906,5.396822962211445e-05,28089,
906,4.0727889427216724e-05,28099,
906,4.484060264076106e-05,28109,
906,,28116,8.010023884708062e-05
907,9.138860332313925e-05,28119,
907,3.624416058300994e-05,28129,
907,4.9117468734038994e-05,28139,
907,,28147,5.8793772041099146e-05
908,6.220334762474522e-05,28149,
908,4.925605753669515e-05,28159,
908,2.8644792109844275e-05,28169,
908,,28178,7.877967436797917e-05
909,4.507936318987049e-05,28179,
909,5.9774840337922797e-05,28189,
909,4.751031519845128e-05,28199,
909,4.963497121934779e-05,28209,
909,,28209,5.825494372402318e-05
910,3.624882810981944e-05,28219,
910,4.274005550541915e-05,28229,
910,5.068956670584157e-05,28239,
910,,28240,7.958299102028832e-05
911,4.0375813114224e-05,28249,
911,4.02853729610797e-05,28259,
911,4.619149331119843e-05,28269,
911,,28271,6.742130790371448e-05
912,4.205962613923475e-05,28279,
912,5.7073095376836136e-05,28289,
912,4.78822439617943e-05,28299,
912,,28302,8.386585977859795e-05
913,5.360913201002404e-05,28309,
913,4.439654730958864e-05,28319,
913,4.4260370486881584e-05,28329,
913,,28333,6.616062455577776e-05
914,4.676437674788758e-05,28339,
914,5.3700754506280646e-05,28349,
914,3.83364204026293e-05,28359,
914,,28364,7.794155681040138e-05
915,5.5532764235977083e-05,28369,
915,6.261278758756816e-05,28379,
915,4.3067433580290526e-05,28389,
915,,28395,6.219265924300998e-05
916,6.404682790162042e-05,28399,
916,4.567667929222807e-05,28409,
916,4.651632843888365e-05,28419,
916,,28426,7.431450649164617e-05
917,0.00011392740270821378,28429,
917,4.0371316572418436e-05,28439,
917,4.661282218876295e-05,28449,
917,,28457,5.901576150790788e-05
918,6.326149014057592e-05,28459,
918,4.658897523768246e-05,28469,
918,2.9338320018723607e-05,28479,
918,,28488,6.992865382926539e-05
919,4.0858445572666824e-05,28489,
919,6.432909867726266e-05,28499,
919,4.308994903112762e-05,28509,
919,6.667759589618072e-05,28519,
919,,28519,6.773602945031598e-05
920,4.845357034355402e-05,28529,
920,4.665949018090032e-05,28539,
920,5.888958185096271e-05,28549,
920,,28550,7.099512004060671e-05
921,3.6120480217505246e-05,28559,
921,4.369019370642491e-05,28569,
921,5.7154957175953314e-05,28579,
921,,28581,8.176054689101875e-05
922,4.927100599161349e-05,28589,
922,5.688209421350621e-05,28599,
922,4.9539834435563534e-05,28609,
922,,28612,6.801108247600496e-05
923,5.352732841856778e-05,28619,
923,4.512833402259275e-05,28629,
923,3.86942811019253e-05,28639,
923,,28643,8.035139762796462e-05
924,5.0684619054663926e-05,28649,
924,4.521839946391992e-05,28659,
924,4.1455925384070724e-05,28669,
924,,28674,6.508422666229308e-05
925,5.1684517529793084e-05,28679,
925,7.023811485851184e-05,28689,
925,4.622792039299384e-05,28699,
925,,28705,8.043938578339294e-05
926,7.163773261709139e-05,28709,
926,5.465333742904477e-05,28719,
926,5.229916496318765e-05,28729,
926,,28736,6.993905844865367e-05
927,0.00011454134073574096,28739,
927,4.037797771161422e-05,28749,
927,5.03592673339881e-05,28759,
927,,28767,8.340366184711456e-05
928,7.08371662767604e-05,28769,
928,4.4438336772145703e-05,28779,
928,3.13323616865091e-05,28789,
928,,28798,7.868161628721282e-05
929,4.8091238568304107e-05,28799,
929,6.595934246433899e-05,28809,
929,4.4992735638516024e-05,28819,
929,8.474323840346187e-05,28829,
929,,28829,0.0001020367126329802
930,4.857638487010263e-05,28839,
930,6.286310963332653e-05,28849,
930,8.379179053008556e-05,28859,
930,,28860,7.781758904457092e-05
931,5.041987606091425e-05,28869,
931,5.017485818825662e-05,28879,
931,6.517034489661455e-05,28889,
931,,28891,8.587332558818161e-05
932,5.952209539827891e-05,28899,
932,4.906562753603794e-05,28909,
932,5.2692543249577284e-05,28919,
932,,28922,6.746455619577318e-05
933,5.4937358072493225e-05,28929,
933,4.369678208604455e-05,28939,
933,4.35316251241602e-05,28949,
933,,28953,8.20131681393832e-05
934,4.379745223559439e-05,28959,
934,4.545539559330791e-05,28969,
934,5.884443817194551e-05,28979,
934,,28984,6.251109152799472e-05
935,6.642785592703149e-05,28989,
935,8.044040441745892e-05,28999,
935,6.0399266658350825e-05,29009,
935,,29015,7.738883869023994e-05
936,7.491131691494957e-05,29019,
936,5.637353751808405e-05,29029,
936,7.464511872967705e-05,29039,
936,,29046,6.393360672518611e-05
937,0.00010164715786231682,29049,
937,4.590229218592867e-05,29059,
937,5.647419675369747e-05,29069,
937,,29077,7.973325409693643e-05
938,6.403744191629812e-05,29079,
938,4.764918776345439e-05,29089,
938,4.5658427552552894e-05,29099,
938,,29108,6.804251461289823e-05
939,6.766734441043809e-05,29109,
939,7.310729415621608e-05,29119,
939,3.9463102439185604e-05,29129,
939,3.173162986058742e-05,29139,
939,,29139,8.531899220542982e-05
940,6.21095095993951e-05,29149,
940,9.451085497858003e-05,29159,
940,0.0001378497836412862,29169,
940,,29170,8.335876191267744e-05
941,6.274701445363462e-05,29179,
941,6.485350604634732e-05,29189,
941,7.9926940088626e-05,29199,
941,,29201,0.000102831851108931
942,7.2067319706548e-05,29209,
942,4.982397877029143e-05,29219,
942,5.157989653525874e-05,29229,
942,,29232,0.00011331260611768812
943,7.765536429360509e-05,29239,
943,6.902549648657441e-05,29249,
943,9.146615047939122e-05,29259,
943,,29263,0.00011036927753593773
944,0.00010299916903022677,29269,
944,7.840424950700253e-05,29279,
944,0.00011850570444948971,29289,
944,,29294,0.0001053486776072532
945,0.00010017267777584493,29299,
945,0.00010259338159812614,29309,
945,7.768706564093009e-05,29319,
945,,29325,8.343133958987892e-05
946,0.0001140559688792564,29329,
946,8.582500595366582e-05,29339,
946,8.686091314302757e-05,29349,
946,,29356,0.00010318789281882346
