epoch,loss,skeleton,smooth,step,val_loss
0,0.28949522972106934,0.2201654016971588,6.999352422099037e-07,9,
0,0.2552390992641449,0.12796591222286224,1.2720025779344724e-06,19,
0,0.17320798337459564,0.07260454446077347,1.6578942449996248e-06,29,
0,,,,30,0.15793415904045105
1,0.10179700702428818,0.03740599378943443,1.685540723883605e-06,39,
1,0.06602994352579117,0.013755994848906994,1.4591607850888977e-06,49,
1,0.04673066735267639,0.009347546845674515,1.3704947150472435e-06,59,
1,,,,61,0.043713945895433426
2,0.038455624133348465,0.007646556477993727,1.2586634738909197e-06,69,
2,0.03614619001746178,0.00665143970400095,1.2658995274250628e-06,79,
2,0.03391145542263985,0.005849999375641346,1.4150169818094582e-06,89,
2,,,,92,0.03339829295873642
3,0.03254007175564766,0.005408230237662792,1.496089794272848e-06,99,
3,0.030913276597857475,0.00508128572255373,1.5505978581131785e-06,109,
3,0.028131164610385895,0.004649602808058262,1.649187879593228e-06,119,
3,,,,123,0.02784804068505764
4,0.025827985256910324,0.004554037004709244,1.744373435030866e-06,129,
4,0.025319915264844894,0.004153006710112095,1.7316552884949488e-06,139,
4,0.021872518584132195,0.0040337080135941505,1.7757527075445978e-06,149,
4,,,,154,0.021716618910431862
5,0.020738644525408745,0.0037836884148418903,1.6653063994453987e-06,159,
5,0.018789930269122124,0.0033833913039416075,1.7172224033856764e-06,169,
5,0.01711094006896019,0.003424557624384761,1.7363183815177763e-06,179,
5,,,,185,0.01600966602563858
6,0.015610299073159695,0.0033499840646982193,1.7494069197709905e-06,189,
6,0.013477482832968235,0.003126518102362752,1.6271997083094902e-06,199,
6,0.012296708300709724,0.0030796444043517113,1.6908234101720154e-06,209,
6,,,,216,0.010595736093819141
7,0.009925602935254574,0.0029531982727348804,1.787081146176206e-06,219,
7,0.008669938892126083,0.0028096120804548264,1.7222944279637886e-06,229,
7,0.007611447479575872,0.0027606121730059385,1.7965274992093327e-06,239,
7,,,,247,0.006591659504920244
8,0.006635088473558426,0.0025583829265087843,1.7686245428194525e-06,249,
8,0.006075598299503326,0.0021804755087941885,1.7437262158637168e-06,259,
8,0.0052801393903791904,0.0021050432696938515,1.783385641829227e-06,269,
8,,,,278,0.004828914068639278
9,0.004959780722856522,0.001986817456781864,1.802700921871292e-06,279,
9,0.0043961117044091225,0.0018224185332655907,1.7708038058117381e-06,289,
9,0.004208077676594257,0.0016960088396444917,1.9038391201320337e-06,299,
9,0.0026166150346398354,0.0011622055899351835,1.1616169359740525e-08,309,
9,,,,309,0.0039118933491408825
10,0.003758844221010804,0.0015341602265834808,1.8136294102077954e-06,319,
10,0.0033921317663043737,0.0014933295315131545,1.826010475269868e-06,329,
10,0.0033840611577033997,0.0013702850556001067,1.8194267568105715e-06,339,
10,,,,340,0.0033246309030801058
11,0.0034006284549832344,0.0012875288957729936,1.8872225382438046e-06,349,
11,0.003025682410225272,0.0012072122190147638,1.810825665415905e-06,359,
11,0.0030666349921375513,0.0011824466055259109,2.05851915779931e-06,369,
11,,,,371,0.0029097336810082197
12,0.002687502885237336,0.0010988296708092093,1.7563800156494835e-06,379,
12,0.002674096031114459,0.001007996965199709,1.832746306718036e-06,389,
12,0.002643538173288107,0.0010129158617928624,1.99419014279556e-06,399,
12,,,,402,0.002598667750135064
13,0.0026170017663389444,0.0009646184043958783,1.9826163679681486e-06,409,
13,0.0025034488644450903,0.0009341924451291561,2.052743866443052e-06,419,
13,0.002339887199923396,0.0008460434037260711,2.015837935687159e-06,429,
13,,,,433,0.002355121308937669
14,0.002395590068772435,0.0008540881099179387,2.099541006828076e-06,439,
14,0.002242219867184758,0.0007770841475576162,1.9895437617378775e-06,449,
14,0.0022128343116492033,0.0007591262692585588,2.0808627141377656e-06,459,
14,,,,464,0.002158213872462511
15,0.002085117856040597,0.0007245858432725072,1.8886867110268213e-06,469,
15,0.0020875444170087576,0.0006358653772622347,1.970119228644762e-06,479,
15,0.0020972630009055138,0.0006572980782948434,2.074349595204694e-06,489,
15,,,,495,0.0019950121641159058
16,0.0019969118293374777,0.0006178731564432383,2.1573639514826937e-06,499,
16,0.0018558159936219454,0.0005790503928437829,1.9225299183744937e-06,509,
16,0.001824709353968501,0.0005675755674019456,1.9785913991654525e-06,519,
16,,,,526,0.0018569796811789274
17,0.0018459754064679146,0.0005500729894265532,2.112394440700882e-06,529,
17,0.0017132231732830405,0.0004995178314857185,1.8424339032208081e-06,539,
17,0.0018457217374816537,0.0005245262291282415,2.0358709207357606e-06,549,
17,,,,557,0.0017383670201525092
18,0.0017590958159416914,0.00047521860687993467,1.970138555407175e-06,559,
18,0.0017831588629633188,0.0004429623077157885,1.943494453371386e-06,569,
18,0.0017032597679644823,0.00045245737419463694,2.0561381006700685e-06,579,
18,,,,588,0.0016350088408216834
19,0.0017101559787988663,0.00043848014320246875,2.016042117247707e-06,589,
19,0.0015713883331045508,0.00039935490349307656,1.8795518599290517e-06,599,
19,0.0015898965066298842,0.00037301520933397114,2.0370184756757226e-06,609,
19,0.001054339692927897,0.0001759212464094162,7.623979669801884e-09,619,
19,,,,619,0.0015437219990417361
20,0.00152841885574162,0.0003690580779220909,1.9128553958580596e-06,629,
20,0.0014490786707028747,0.00035885017132386565,1.849224531724758e-06,639,
20,0.0014922887785360217,0.00033827321021817625,1.8212907662018551e-06,649,
20,,,,650,0.00146227958612144
21,0.0015125662321224809,0.0003206835826858878,1.8384344002697617e-06,659,
21,0.0013779940782114863,0.0002890531613957137,1.7034591337505844e-06,669,
21,0.001472543808631599,0.0003050083469133824,2.0764562123076757e-06,679,
21,,,,681,0.0013890903210267425
22,0.00128369580488652,0.000276862527243793,1.5527245977864368e-06,689,
22,0.0013102656230330467,0.00026164340670220554,1.5972772189343232e-06,699,
22,0.0013355498667806387,0.00027691779541783035,1.8274648709848407e-06,709,
22,,,,712,0.0013229276519268751
23,0.0013200512621551752,0.00025588151765987277,1.7233355720236432e-06,719,
23,0.0013051434652879834,0.00026221477310173213,1.8236190726383938e-06,729,
23,0.0012563052587211132,0.00023321756452787668,1.6996280010062037e-06,739,
23,,,,743,0.00126282696146518
24,0.0013009163085371256,0.00024626433150842786,1.8688659793042461e-06,749,
24,0.0012240069918334484,0.00022851100948173553,1.6172044752238435e-06,759,
24,0.0012278491631150246,0.00021565744827967137,1.7421053826183197e-06,769,
24,,,,774,0.001208013272844255
25,0.0011651832610368729,0.000220047528273426,1.5032436522233183e-06,779,
25,0.0011732409475371242,0.00019294941739644855,1.4908381444911356e-06,789,
25,0.001206209184601903,0.00020153132209088653,1.670841925260902e-06,799,
25,,,,805,0.001157838967628777
26,0.001152137410826981,0.00019083394727203995,1.704242208688811e-06,809,
26,0.001097276690416038,0.0001824692008085549,1.4535920627167798e-06,819,
26,0.0010894101578742266,0.00018153512792196125,1.4991680927778361e-06,829,
26,,,,836,0.0011117561953142285
27,0.0011067079612985253,0.00018423590518068522,1.6270337255264167e-06,839,
27,0.0010469555854797363,0.0001692527293926105,1.3134622349753045e-06,849,
27,0.0011262813350185752,0.00017586146714165807,1.5026503206172492e-06,859,
27,,,,867,0.0010692940559238195
28,0.0010837201261892915,0.00016304482414852828,1.4257972225095727e-06,869,
28,0.0011011023307219148,0.0001571910543134436,1.4180078551362385e-06,879,
28,0.0010710638016462326,0.00016306577890645713,1.541385813652596e-06,889,
28,,,,898,0.0010300574358552694
29,0.0010724167805165052,0.00015840327250771224,1.472227609156107e-06,899,
29,0.0009906196501106024,0.00014881830429658294,1.3117160051479004e-06,909,
29,0.0010055126622319221,0.00014156734687276185,1.4481875041383319e-06,919,
29,0.0007323385798372328,7.976814958965406e-05,3.582094842968786e-09,929,
29,,,,929,0.0009937048889696598
30,0.0009884898317977786,0.000146875943755731,1.3697879239771282e-06,939,
30,0.0009485733462497592,0.0001455756282666698,1.2736377357214224e-06,949,
30,0.0009815916419029236,0.0001417680614395067,1.279256025554787e-06,959,
30,,,,960,0.0009599436307325959
31,0.0009852227522060275,0.00013701476564165205,1.2577662573676207e-06,969,
31,0.0009143171482719481,0.00012213193986099213,1.1424984904806479e-06,979,
31,0.0009739782544784248,0.0001278192357858643,1.4746993883818504e-06,989,
31,,,,991,0.0009285237756557763
32,0.0008662252221256495,0.00012360232358332723,1.0399847951703123e-06,999,
32,0.000888009846676141,0.00012038338900310919,1.058641032614105e-06,1009,
32,0.0009035081602632999,0.00012757589865941554,1.2628331660380354e-06,1019,
32,,,,1022,0.0008992141229100525
33,0.0008960891282185912,0.00011872599134221673,1.1588556390051963e-06,1029,
33,0.0008860651287250221,0.00012308884470257908,1.2548238146337098e-06,1039,
33,0.0008707456290721893,0.00011520305270096287,1.1469961691545905e-06,1049,
33,,,,1053,0.0008718089666217566
34,0.0008998087723739445,0.00011594135867198929,1.3188627008275944e-06,1059,
34,0.0008512808126397431,0.00011640309821814299,1.0916526207438437e-06,1069,
34,0.0008521025883965194,0.00010312843369320035,1.1834029010060476e-06,1079,
34,,,,1084,0.0008461246034130454
35,0.0008179602446034551,0.0001142125329351984,1.0155720246984856e-06,1089,
35,0.0008242563926614821,0.00010299556015525013,1.0061384045911836e-06,1099,
35,0.0008476478978991508,0.00010427569941384718,1.1508326451803441e-06,1109,
35,,,,1115,0.0008220240706577897
36,0.0008126406464725733,0.00010014395229518414,1.1577459417821956e-06,1119,
36,0.0007870310801081359,9.869262430584058e-05,9.965524441213347e-07,1129,
36,0.000781606649979949,9.753477206686512e-05,1.0263703416057979e-06,1139,
36,,,,1146,0.0007994310581125319
37,0.0007962932577356696,0.00010134597687283531,1.1315640904285829e-06,1149,
37,0.0007650802726857364,9.67288578976877e-05,9.010055350699986e-07,1159,
37,0.0008115692180581391,9.5068258815445e-05,1.0204481668552035e-06,1169,
37,,,,1177,0.0007782165776006877
38,0.0007913996814750135,9.091686661122367e-05,9.807328069655341e-07,1179,
38,0.0007996992208063602,9.162852802546695e-05,9.96179096546257e-07,1189,
38,0.0007850193651393056,9.29210364120081e-05,1.0964907914967625e-06,1199,
38,,,,1208,0.0007582426769658923
39,0.0007831323309801519,8.891551988199353e-05,1.0195993809247739e-06,1209,
39,0.0007298127748072147,8.648174116387963e-05,8.942487852436898e-07,1219,
39,0.0007374896085821092,8.362121297977865e-05,1.0060180102300365e-06,1229,
39,0.0005775237805210054,6.343689892673865e-05,3.197753395411951e-09,1239,
39,,,,1239,0.0007394016138277948
40,0.000737231457605958,8.665145287523046e-05,9.646147418607143e-07,1249,
40,0.0007107621640898287,8.794602763373405e-05,8.767133294895757e-07,1259,
40,0.0007373879780061543,8.68512797751464e-05,9.144441719399765e-07,1269,
40,,,,1270,0.0007215872756205499
41,0.0007341027376241982,8.451544999843463e-05,8.82439110228006e-07,1279,
41,0.000689338194206357,7.558665674878284e-05,7.967206556713791e-07,1289,
41,0.0007307592313736677,7.705386815359816e-05,1.032110048981849e-06,1299,
41,,,,1301,0.0007046993705444038
42,0.0006636169855482876,7.744915637886152e-05,7.462061262231146e-07,1309,
42,0.0006789460312575102,7.552055467385799e-05,7.510320187975594e-07,1319,
42,0.0006882707239128649,7.927110709715635e-05,8.949403422775504e-07,1329,
42,,,,1332,0.0006886482588015497
43,0.0006833963561803102,7.526393892476335e-05,8.254681915786932e-07,1339,
43,0.0006766049773432314,7.731538789812475e-05,8.835536391416099e-07,1349,
43,0.0006733783520758152,7.47370213503018e-05,8.134005042848003e-07,1359,
43,,,,1363,0.0006733565824106336
44,0.0006914304685778916,7.234403892653063e-05,9.413113275513751e-07,1369,
44,0.0006586913950741291,7.48060701880604e-05,7.804100050634588e-07,1379,
44,0.0006570178084075451,6.526393553940579e-05,8.306216159326141e-07,1389,
44,,,,1394,0.0006587618845514953
45,0.0006375599186867476,7.517083577113226e-05,7.280625595740275e-07,1399,
45,0.0006429186905734241,6.682109960820526e-05,7.431950166392198e-07,1409,
45,0.0006579423206858337,6.918291910551488e-05,8.207398423110135e-07,1419,
45,,,,1425,0.0006448178319260478
46,0.0006323811830952764,6.533433770528063e-05,8.118587970784574e-07,1429,
46,0.0006205050740391016,6.511913670692593e-05,7.300073434635124e-07,1439,
46,0.0006161402561701834,6.40517464489676e-05,7.402392725452955e-07,1449,
46,,,,1456,0.0006314888596534729
47,0.0006273051258176565,6.671773735433817e-05,8.094532972791058e-07,1459,
47,0.0006111636757850647,6.491658132290468e-05,6.701134225295391e-07,1469,
47,0.0006390888011083007,6.250809383345768e-05,7.388618996628793e-07,1479,
47,,,,1487,0.0006187459221109748
48,0.000628483307082206,6.205403042258695e-05,7.217258257696813e-07,1489,
48,0.0006324044079519808,6.294956983765587e-05,7.427472610288532e-07,1499,
48,0.0006236279150471091,6.20377468294464e-05,8.089941161415481e-07,1509,
48,,,,1518,0.0006065609632059932
49,0.0006213866290636361,5.9977563068969175e-05,7.405715791719558e-07,1519,
49,0.0005840907106176019,5.926207086304203e-05,6.476795988419326e-07,1529,
49,0.0005878022639080882,5.742340727010742e-05,7.309113811970747e-07,1539,
49,0.0004825073410756886,4.987861757399514e-05,3.2027180907334696e-09,1549,
49,,,,1549,0.0005949029000476003
50,0.0005935846129432321,5.920657349633984e-05,7.05505840414844e-07,1559,
50,0.000573959609027952,6.0781891079386696e-05,6.436465582737583e-07,1569,
50,0.0005965949385426939,5.998092456138693e-05,6.881514877932204e-07,1579,
50,,,,1580,0.0005837369826622307
51,0.0005896812654100358,5.901550321141258e-05,6.557878009516571e-07,1589,
51,0.0005590012297034264,5.310205960995518e-05,5.973820975668787e-07,1599,
51,0.0005896785296499729,5.434604827314615e-05,7.498877607758914e-07,1609,
51,,,,1611,0.0005730215925723314
52,0.0005453366320580244,5.50106524315197e-05,5.769121571574942e-07,1619,
52,0.0005547585315071046,5.322383003658615e-05,5.73443855955702e-07,1629,
52,0.0005598304560407996,5.539242920349352e-05,6.716107350257516e-07,1639,
52,,,,1642,0.000562715926207602
53,0.0005573676899075508,5.4066331358626485e-05,6.346296572701249e-07,1649,
53,0.0005524809239432216,5.46460178156849e-05,6.522035960188077e-07,1659,
53,0.0005546742468141019,5.356809197110124e-05,6.120349098637234e-07,1669,
53,,,,1673,0.0005528083420358598
54,0.0005651522660627961,5.109894118504599e-05,6.944543429199257e-07,1679,
54,0.000543550937436521,5.290629997034557e-05,5.944473855379329e-07,1689,
54,0.0005385338445194066,4.729596184915863e-05,6.218511430233775e-07,1699,
54,,,,1704,0.0005432821344584227
55,0.0005265524378046393,5.4936233937041834e-05,5.605517685580708e-07,1709,
55,0.0005318270996212959,4.8053501814138144e-05,5.899566986045102e-07,1719,
55,0.0005411126767285168,5.097908069728874e-05,6.193024546519155e-07,1729,
55,,,,1735,0.0005341010983102024
56,0.0005194564582780004,4.7623027057852596e-05,6.020467822054343e-07,1739,
56,0.0005167226772755384,4.802558396477252e-05,5.698395284525759e-07,1749,
56,0.0005129834753461182,4.691999129136093e-05,5.662041644427518e-07,1759,
56,,,,1766,0.0005252311239019036
57,0.0005206441855989397,4.8913596401689574e-05,6.072358473829809e-07,1769,
57,0.0005124998278915882,4.746047125081532e-05,5.367416520130064e-07,1779,
57,0.0005307672545313835,4.6211873268475756e-05,5.771106543761562e-07,1789,
57,,,,1797,0.0005166435148566961
58,0.0005245143547654152,4.788559817825444e-05,5.731059218305745e-07,1799,
58,0.0005260648904368281,4.712372174253687e-05,5.923610046920658e-07,1809,
58,0.0005197004647925496,4.604119749274105e-05,6.264985472625995e-07,1819,
58,,,,1828,0.0005083117284812033
59,0.0005165798356756568,4.487539263209328e-05,5.771893256678595e-07,1829,
59,0.0004882842767983675,4.368414374766871e-05,5.082158622826682e-07,1839,
59,0.0004916606703773141,4.2900366679532453e-05,5.646532486025535e-07,1849,
59,0.0004117886128369719,3.8726138882339e-05,3.0835634046155747e-09,1859,
59,,,,1859,0.0005002117832191288
60,0.00049903045874089,4.449882544577122e-05,5.496333415067056e-07,1869,
60,0.0004834330757148564,4.5382865209830925e-05,5.13062218487903e-07,1879,
60,0.0005029895110055804,4.572695615934208e-05,5.508555318556319e-07,1889,
60,,,,1890,0.0004923228989355266
61,0.0004941870574839413,4.467524559004232e-05,5.237237701294362e-07,1899,
61,0.00047150920727290213,4.065034954692237e-05,4.845896910410374e-07,1909,
61,0.0004959435318596661,4.222007919452153e-05,5.807650609312986e-07,1919,
61,,,,1921,0.0004846277297474444
62,0.00046465540071949363,4.1213927033822984e-05,4.792166805600573e-07,1929,
62,0.00046932135592214763,4.078670099261217e-05,4.7356780896734563e-07,1939,
62,0.00047235836973413825,4.2625404603313655e-05,5.426288680610014e-07,1949,
62,,,,1952,0.0004771120147779584
63,0.00047063836245797575,4.215461012790911e-05,5.287145086185774e-07,1959,
63,0.0004681781865656376,4.178960443823598e-05,5.182503741707478e-07,1969,
63,0.0004722192243207246,4.155446731601842e-05,4.955453505317564e-07,1979,
63,,,,1983,0.00046976387966424227
64,0.0004773877444677055,3.99543387175072e-05,5.45203874935396e-07,1989,
64,0.00046431843657046556,4.15314752899576e-05,4.901066290585732e-07,1999,
64,0.00045535326353274286,3.7807407352374867e-05,5.052081064604863e-07,2009,
64,,,,2014,0.00046257281792350113
65,0.00044796717702411115,4.3169482523808256e-05,4.67006600501918e-07,2019,
65,0.00045315190800465643,3.7602174415951595e-05,5.016381123823521e-07,2029,
65,0.00045757778570987284,4.0823870222084224e-05,5.070203883406066e-07,2039,
65,,,,2045,0.0004555284103844315
66,0.0004402222693897784,3.784604632528499e-05,4.841352279072453e-07,2049,
66,0.0004400296020321548,3.88305306842085e-05,4.779369646712439e-07,2059,
66,0.00043919889139942825,3.752661723410711e-05,4.668787028094812e-07,2069,
66,,,,2076,0.00044861919013783336
67,0.00044290354708209634,3.926199860870838e-05,4.913908355774765e-07,2079,
67,0.0004385629727039486,3.761596235563047e-05,4.609026404978067e-07,2089,
67,0.0004521898808889091,3.7941954360576347e-05,4.878811523667537e-07,2099,
67,,,,2107,0.0004418314201757312
68,0.0004464191442821175,3.9348356949631125e-05,4.915513045489206e-07,2109,
68,0.0004497248737607151,3.89716551580932e-05,5.055564997746842e-07,2119,
68,0.00044297034037299454,3.750111136469059e-05,5.198394319450017e-07,2129,
68,,,,2138,0.00043514827848412097
69,0.0004396111180540174,3.6423662095330656e-05,4.88503815176955e-07,2139,
69,0.00041766130016185343,3.593011206248775e-05,4.3207106159570685e-07,2149,
69,0.0004187632875982672,3.541659680195153e-05,4.684158341206057e-07,2159,
69,0.00035570081672631204,3.1615662010153756e-05,2.849053659659262e-09,2169,
69,,,,2169,0.0004285522154532373
70,0.0004269603523425758,3.688950528157875e-05,4.624285168119968e-07,2179,
70,0.00041498031350784004,3.657416164060123e-05,4.4278445443524106e-07,2189,
70,0.0004326475318521261,3.81351746909786e-05,4.724468567474105e-07,2199,
70,,,,2200,0.00042202911572530866
71,0.00042021862464025617,3.686783747980371e-05,4.49735949814567e-07,2209,
71,0.00040511987754143775,3.4168489946750924e-05,4.1973876818701683e-07,2219,
71,0.00042503984877839684,3.588499748730101e-05,4.856740360992262e-07,2229,
71,,,,2231,0.00041557286749593914
72,0.00040126958629116416,3.424928218009882e-05,4.2265014599252027e-07,2239,
72,0.00040336576057597995,3.417304833419621e-05,4.1724425159372913e-07,2249,
72,0.000404256657930091,3.574686706997454e-05,4.705440801444638e-07,2259,
72,,,,2262,0.00040918649756349623
73,0.00040488707600161433,3.6102443118579686e-05,4.701164186826645e-07,2269,
73,0.0004016747116111219,3.460430889390409e-05,4.4259010678615596e-07,2279,
73,0.00040699823875911534,3.5386739909881726e-05,4.293091535600979e-07,2289,
73,,,,2293,0.00040287908632308245
74,0.0004091878654435277,3.40728547598701e-05,4.6082266180746956e-07,2299,
74,0.00040055630961433053,3.551352347130887e-05,4.322573090576043e-07,2309,
74,0.00038998189847916365,3.323633427498862e-05,4.3837107455146906e-07,2319,
74,,,,2324,0.00039665945223532617
75,0.0003840303688775748,3.6506371543509886e-05,4.1435930597799597e-07,2329,
75,0.00039116223342716694,3.247419590479694e-05,4.48112018602842e-07,2339,
75,0.0003907856880687177,3.5726821806747466e-05,4.4534104404192476e-07,2349,
75,,,,2355,0.00039053315413184464
76,0.00037655525375157595,3.2872369047254324e-05,4.189359117390268e-07,2359,
76,0.0003778656246140599,3.368363104527816e-05,4.2443477354936476e-07,2369,
76,0.00037796315154992044,3.232720700907521e-05,4.0933352352112706e-07,2379,
76,,,,2386,0.00038450301508419216
77,0.00038036968908272684,3.462150925770402e-05,4.2593512716848636e-07,2389,
77,0.0003769993199966848,3.208223279216327e-05,4.1467842493148055e-07,2399,
77,0.0003875060938298702,3.382659997441806e-05,4.3707953523153265e-07,2409,
77,,,,2417,0.0003785679873544723
78,0.0003817519173026085,3.449595533311367e-05,4.4299628143562586e-07,2419,
78,0.00038719185977242887,3.3951131626963615e-05,4.523410837009578e-07,2429,
78,0.00037992873694747686,3.303739504190162e-05,4.578832886181772e-07,2439,
78,,,,2448,0.0003727208240889013
79,0.0003742910048458725,3.139223554171622e-05,4.368064594473253e-07,2449,
79,0.00035875930916517973,3.16317418764811e-05,3.879779058024724e-07,2459,
79,0.00035782597842626274,3.114471837761812e-05,4.110217162178742e-07,2469,
79,0.00030706849065609276,2.6450759833096527e-05,2.583107949760688e-09,2479,
79,,,,2479,0.00036694930167868733
80,0.00036663495120592415,3.25785658787936e-05,4.1244993553846143e-07,2489,
80,0.00035509912413544953,3.142249624943361e-05,4.0250841948363814e-07,2499,
80,0.0003728563606273383,3.3365799026796594e-05,4.2413910250616027e-07,2509,
80,,,,2510,0.00036123974132351577
81,0.0003574674192350358,3.268139698775485e-05,4.058749993873789e-07,2519,
81,0.00034692109329625964,3.0146975404932164e-05,3.7855562595723313e-07,2529,
81,0.00036466328310780227,3.197501428076066e-05,4.298417763948237e-07,2539,
81,,,,2541,0.0003555815783329308
82,0.0003451465745456517,3.030222978850361e-05,3.8598935248046473e-07,2549,
82,0.00034706623409874737,3.0744449759367853e-05,3.814419642367284e-07,2559,
82,0.0003442253218963742,3.15655161102768e-05,4.2597383753673057e-07,2569,
82,,,,2572,0.00034996954491361976
83,0.00034819089341908693,3.190801726304926e-05,4.3218025780333846e-07,2579,
83,0.0003437178966123611,3.071597166126594e-05,3.964028110203799e-07,2589,
83,0.0003478434809949249,3.087007280555554e-05,3.886519266416144e-07,2599,
83,,,,2603,0.0003444039321038872
84,0.0003497485304251313,3.066433419007808e-05,4.106067592601903e-07,2609,
84,0.00034293977660126984,3.196922261849977e-05,3.960781498335564e-07,2619,
84,0.0003318004892207682,3.018708412128035e-05,3.938249051316234e-07,2629,
84,,,,2634,0.00033888540929183364
85,0.0003290756430942565,3.20687067869585e-05,3.8056845141909434e-07,2639,
85,0.0003358383837621659,2.9459790312102996e-05,4.0986290628097777e-07,2649,
85,0.00033140010782517493,3.237146302126348e-05,4.057404794366448e-07,2659,
85,,,,2665,0.00033341985545121133
86,0.0003204290696885437,2.973418122564908e-05,3.792572726979415e-07,2669,
86,0.00032220687717199326,3.064158227061853e-05,3.883096155732346e-07,2679,
86,0.00032255775295197964,2.928715548478067e-05,3.6983246332056297e-07,2689,
86,,,,2696,0.000328025605995208
87,0.0003249550354667008,3.2177016692003235e-05,3.853440375678474e-07,2699,
87,0.00032125183497555554,2.9057728170300834e-05,3.8028912285881233e-07,2709,
87,0.00032887907582335174,3.1390274671139196e-05,4.012850070012064e-07,2719,
87,,,,2727,0.00032273639226332307
88,0.000324921275023371,3.167565955664031e-05,4.080894484559394e-07,2729,
88,0.00033220931072719395,3.0883762519806623e-05,4.1278232743025e-07,2739,
88,0.0003216743061784655,2.9991355404490605e-05,4.1605446199355356e-07,2749,
88,,,,2758,0.00031757261604070663
89,0.00031751496135257185,2.847462019417435e-05,4.0056312400338356e-07,2759,
89,0.0003058339352719486,2.9061744498903863e-05,3.5691613220478757e-07,2769,
89,0.00030231045093387365,2.851525459846016e-05,3.707556004428625e-07,2779,
89,0.00026074371999129653,2.21596856135875e-05,2.361317363863691e-09,2789,
89,,,,2789,0.00031251247855834663
90,0.0003113738202955574,2.9467879357980564e-05,3.76887442143925e-07,2799,
90,0.00029962160624563694,2.8476793886511587e-05,3.7347507486629183e-07,2809,
90,0.0003175544261466712,3.078502413700335e-05,3.8740523677915917e-07,2819,
90,,,,2820,0.00030742306262254715
91,0.00030075409449636936,3.021246629941743e-05,3.7329971291910624e-07,2829,
91,0.0002932191709987819,2.7851796403410845e-05,3.4719340646915953e-07,2839,
91,0.0003093889099545777,2.9196549803600647e-05,3.8901737298147054e-07,2849,
91,,,,2851,0.00030206862720660865
92,0.000292889861157164,2.8210879463586025e-05,3.5637356177176116e-07,2859,
92,0.0002958179684355855,2.850140845112037e-05,3.526509146922763e-07,2869,
92,0.0002900592517107725,2.8242560802027583e-05,3.897148985743115e-07,2879,
92,,,,2882,0.00029642748995684087
93,0.0002960820565931499,2.9052107493043877e-05,3.98547371105451e-07,2889,
93,0.0002893975470215082,2.770832543319557e-05,3.609974896789936e-07,2899,
93,0.00029186319443397224,2.813877654261887e-05,3.574214986201696e-07,2909,
93,,,,2913,0.0002908259630203247
94,0.0002932562492787838,2.806323755066842e-05,3.7230628890938533e-07,2919,
94,0.0002901426632888615,2.988020241900813e-05,3.6611567111322074e-07,2929,
94,0.00027796239010058343,2.7583144401432946e-05,3.5737593861995265e-07,2939,
94,,,,2944,0.0002855697530321777
95,0.00027752199093811214,2.8905529688927345e-05,3.5200935144530376e-07,2949,
95,0.0002842141839209944,2.7165127903572284e-05,3.7564038279924716e-07,2959,
95,0.00027877790853381157,2.97380374831846e-05,3.7262350360833807e-07,2969,
95,,,,2975,0.00028068566462025046
96,0.00026862823870033026,2.6324723876314238e-05,3.468680631613097e-07,2979,
96,0.00027270460850559175,2.8518159524537623e-05,3.5732244896280463e-07,2989,
96,0.00027171269175596535,2.732636312430259e-05,3.353651436555083e-07,2999,
96,,,,3006,0.00027601959300227463
97,0.0002723124052863568,2.8544318411150016e-05,3.520456743899558e-07,3009,
97,0.00027212596614845097,2.7262478397460654e-05,3.483988848529407e-07,3019,
97,0.00027631063130684197,2.9478042051778175e-05,3.674804531783593e-07,3029,
97,,,,3037,0.00027151856920681894
98,0.0002733390429057181,2.887475784518756e-05,3.7416228337860957e-07,3039,
98,0.0002807737037073821,2.9181477657402866e-05,3.769131353692501e-07,3049,
98,0.00027198807219974697,2.7911586585105397e-05,3.7765289562230464e-07,3059,
98,,,,3068,0.0002671651018317789
99,0.00026628916384652257,2.679278259165585e-05,3.6551421089825453e-07,3069,
99,0.0002554462116677314,2.7501502700033598e-05,3.271763091561297e-07,3079,
99,0.00025207933504134417,2.6603738660924137e-05,3.330277706936613e-07,3089,
99,0.00022746765171177685,2.01137281692354e-05,2.2336283933555023e-09,3099,
99,,,,3099,0.0002630634990055114
100,0.0002630123635753989,2.767050864349585e-05,3.435023359088518e-07,3109,
100,0.0002524562587495893,2.617233076307457e-05,3.4335036502852745e-07,3119,
100,0.00026840943610295653,2.9155682568671182e-05,3.5153595945303096e-07,3129,
100,,,,3130,0.00025925887166522443
101,0.0002541173016652465,2.769647107925266e-05,3.411416571452719e-07,3139,
101,0.0002478740643709898,2.5502517019049264e-05,3.172337414980575e-07,3149,
101,0.0002610484079923481,2.7454239898361266e-05,3.5135590792378935e-07,3159,
101,,,,3161,0.0002549797354731709
102,0.00024952454259619117,2.675355426617898e-05,3.2701834129511553e-07,3169,
102,0.0002515109663363546,2.6744444767246023e-05,3.237520331822452e-07,3179,
102,0.0002433057379676029,2.6092297048307955e-05,3.5306641166243935e-07,3189,
102,,,,3192,0.00025071363779716194
103,0.00025291566271334887,2.765514909697231e-05,3.623248403528123e-07,3199,
103,0.00024332340399269015,2.5463499696343206e-05,3.282918044078542e-07,3209,
103,0.00024457857944071293,2.6710695237852633e-05,3.261206131810468e-07,3219,
103,,,,3223,0.0002468010934535414
104,0.00024800689425319433,2.643094012455549e-05,3.3657801168374135e-07,3229,
104,0.00024496472906321287,2.7287138436804526e-05,3.351336204104882e-07,3239,
104,0.00023327965755015612,2.577797931735404e-05,3.2220160051110724e-07,3249,
104,,,,3254,0.00024311448214575648
105,0.00023824330128263682,2.713668618525844e-05,3.2454252618663304e-07,3259,
105,0.000240358553128317,2.5405932319699787e-05,3.3984474612225313e-07,3269,
105,0.00023598212283104658,2.7996971766697243e-05,3.3868187188090815e-07,3279,
105,,,,3285,0.00023944360145833343
106,0.00022866886865813285,2.4789993403828703e-05,3.14188639549684e-07,3289,
106,0.00023302131739910692,2.7064603273174725e-05,3.265257646489772e-07,3299,
106,0.0002298860199516639,2.626075001899153e-05,3.0074932055867976e-07,3309,
106,,,,3316,0.00023579398111905903
107,0.00023466975835617632,2.6761528715724126e-05,3.185056414167775e-07,3319,
107,0.0002323872467968613,2.58265918091638e-05,3.1584215776092606e-07,3329,
107,0.00023467991559300572,2.7791325919679366e-05,3.3275298960688815e-07,3339,
107,,,,3347,0.00023238615540321916
108,0.0002337954065296799,2.7243973818258382e-05,3.3886192341014976e-07,3349,
108,0.00024367784499190748,2.8161730369902216e-05,3.4111496916011674e-07,3359,
108,0.00023128387692850083,2.7314536055200733e-05,3.4044714425363054e-07,3369,
108,,,,3378,0.00022929282567929476
109,0.00022724068548996001,2.6577041353448294e-05,3.2978891795210075e-07,3379,
109,0.0002172963577322662,2.650751957844477e-05,2.974808239741833e-07,3389,
109,0.00021389074390754104,2.496560409781523e-05,2.9762267672595044e-07,3399,
109,0.00020086484437342733,1.8664204617380165e-05,2.1019099794017393e-09,3409,
109,,,,3409,0.0002263911155750975
110,0.0002240728063043207,2.6456144041731022e-05,3.113445927738212e-07,3419,
110,0.00021413122885860503,2.553123704274185e-05,3.1205107120513276e-07,3429,
110,0.00022840217570774257,2.8544041924760677e-05,3.1670347766521445e-07,3439,
110,,,,3440,0.00022360608272720128
111,0.00021736932103522122,2.702731580939144e-05,3.084327602209669e-07,3449,
111,0.0002111157518811524,2.4887320250854827e-05,2.873451308005315e-07,3459,
111,0.0002229427482234314,2.6770649128593504e-05,3.170761431192659e-07,3469,
111,,,,3471,0.00022094676387496293
112,0.00021571294928435236,2.5477205781498924e-05,2.987518996633298e-07,3479,
112,0.00021615727746393532,2.604447399789933e-05,2.9396284162430675e-07,3489,
112,0.00020766168017871678,2.493427018634975e-05,3.1744400530442363e-07,3499,
112,,,,3502,0.0002183822653023526
113,0.00022083421936258674,2.7480387871037237e-05,3.274957975918369e-07,3509,
113,0.00021025641763117164,2.4610648324596696e-05,2.9830508196937444e-07,3519,
113,0.0002088851178996265,2.5614363039494492e-05,2.95980953524122e-07,3529,
113,,,,3533,0.00021570638637058437
114,0.00021673081209883094,2.822171154548414e-05,3.03910297816401e-07,3539,
114,0.0002111531066475436,2.704716825974174e-05,3.0502221193273726e-07,3549,
114,0.00019925556262023747,2.4158427549991757e-05,2.9054146466478414e-07,3559,
114,,,,3564,0.0002128306805389002
115,0.0002059989346889779,2.6050314772874117e-05,3.000357367000106e-07,3569,
115,0.00020589596533682197,2.52673289651284e-05,3.068750231705053e-07,3579,
115,0.0002027943846769631,2.601630512799602e-05,3.082266459841776e-07,3589,
115,,,,3595,0.00020987936295568943
116,0.00020067878358531743,2.493791180313565e-05,2.850123621556122e-07,3599,
116,0.00020138267427682877,2.7342413886799477e-05,2.992660199652164e-07,3609,
116,0.00019867252558469772,2.4382608899031766e-05,2.705455699469894e-07,3619,
116,,,,3626,0.00020694019622169435
117,0.0002031195181189105,2.600739935587626e-05,2.881963041545532e-07,3629,
117,0.00019822931790258735,2.367439810768701e-05,2.8560134524013847e-07,3639,
117,0.0002009090530918911,2.646361645020079e-05,3.0073670131969266e-07,3649,
117,,,,3657,0.00020401905931066722
118,0.00020361952192615718,2.7396488803788088e-05,3.0701903597218916e-07,3659,
118,0.00021101655147504061,2.8510577976703644e-05,3.0914756621314154e-07,3669,
118,0.00019878623425029218,2.572826633695513e-05,3.069279159717553e-07,3679,
118,,,,3688,0.00020111269259359688
119,0.00019868150411639363,2.6231979063595645e-05,2.981635986998299e-07,3689,
119,0.0001880615745903924,2.5148821805487387e-05,2.714097036005114e-07,3699,
119,0.00018404200091026723,2.397447133262176e-05,2.6828166710402e-07,3709,
119,0.00017877129721455276,1.8808443201123737e-05,1.922038972423934e-09,3719,
119,,,,3719,0.00019823733600787818
120,0.00019848432566504925,2.7536805646377616e-05,2.8360599912957696e-07,3729,
120,0.00018381387053523213,2.475589280948043e-05,2.848345559414156e-07,3739,
120,0.00019533419981598854,2.628103902679868e-05,2.865546662178531e-07,3749,
120,,,,3750,0.00019539489585440606
121,0.0001907971891341731,2.7525940822670236e-05,2.8036259891450754e-07,3759,
121,0.00018175627337768674,2.432252949802205e-05,2.617256882331276e-07,3769,
121,0.0001915886386996135,2.655861862876918e-05,2.8805396823372575e-07,3779,
121,,,,3781,0.00019256901578046381
122,0.00018232603906653821,2.477100133546628e-05,2.74480896678142e-07,3789,
122,0.0001850139524322003,2.559016866143793e-05,2.669421803602745e-07,3799,
122,0.00017847951676230878,2.409523403912317e-05,2.8630307724597515e-07,3809,
122,,,,3812,0.00018976321734953672
123,0.0001922033989103511,2.858902189473156e-05,2.9651599220414937e-07,3819,
123,0.00018008054757956415,2.435765418340452e-05,2.7185723183720256e-07,3829,
123,0.00017957059026230127,2.471097650413867e-05,2.701393952975195e-07,3839,
123,,,,3843,0.00018696882762014866
124,0.0001879059855127707,2.7758083888329566e-05,2.7625725351754227e-07,3849,
124,0.00018105603521689773,2.5050481781363487e-05,2.7822594006465806e-07,3859,
124,0.00017138206749223173,2.3093080017133616e-05,2.63675332234925e-07,3869,
124,,,,3874,0.0001841589401010424
125,0.0001794885320123285,2.5744204322109e-05,2.7937537083744246e-07,3879,
125,0.0001771765382727608,2.5500799893052317e-05,2.7810554570351087e-07,3889,
125,0.00017416704213246703,2.4411696358583868e-05,2.8252571837583673e-07,3899,
125,,,,3905,0.00018128416559193283
126,0.0001732852979330346,2.41317229665583e-05,2.5998187425102515e-07,3909,
126,0.0001737596612656489,2.6360492483945563e-05,2.756556227723195e-07,3919,
126,0.00017152269720099866,2.3586246243212372e-05,2.452605656344531e-07,3929,
126,,,,3936,0.00017833392485044897
127,0.00017516413936391473,2.5409213776583783e-05,2.623740726903634e-07,3939,
127,0.000170930361491628,2.3502101612393744e-05,2.595866135379765e-07,3949,
127,0.00017265931819565594,2.4979559384519234e-05,2.736220778842835e-07,3959,
127,,,,3967,0.00017530471086502075
128,0.000175995533936657,2.6783667635754682e-05,2.803098198000953e-07,3969,
128,0.0001804819912649691,2.6949643142870627e-05,2.8288954467825533e-07,3979,
128,0.0001706385228317231,2.430051245028153e-05,2.7826763471239246e-07,3989,
128,,,,3998,0.00017214551917277277
129,0.0001688034099061042,2.447635415592231e-05,2.713998696890485e-07,3999,
129,0.0001605472934897989,2.3445236365660094e-05,2.504340272935224e-07,4009,
129,0.00015711711603216827,2.4038577976170927e-05,2.4533832743145467e-07,4019,
129,0.0001509826397523284,1.8576682123239152e-05,1.723508558093556e-09,4029,
129,,,,4029,0.00016880041221156716
130,0.000172612868482247,2.497558671166189e-05,2.6190542712356546e-07,4039,
130,0.00015615885786246508,2.3369939299300313e-05,2.6257288254782907e-07,4049,
130,0.00016670110926497728,2.4972900064312853e-05,2.6244003947795136e-07,4059,
130,,,,4060,0.0001654303923714906
131,0.00016048458928707987,2.4754936021054164e-05,2.589218581761088e-07,4069,
131,0.00015531409007962793,2.2776179321226664e-05,2.422733018647705e-07,4079,
131,0.0001613225758774206,2.584727553767152e-05,2.6499495220377867e-07,4089,
131,,,,4091,0.00016293307999148965
132,0.00015389404143206775,2.3498589143855497e-05,2.548523809764447e-07,4099,
132,0.00015715460176579654,2.3203623641165905e-05,2.4514031338185305e-07,4109,
132,0.00015088666987139732,2.313650657015387e-05,2.611115519357554e-07,4119,
132,,,,4122,0.00016057287575677037
133,0.00015571263793390244,2.4453969672322273e-05,2.7107702749162854e-07,4129,
133,0.00015279617218766361,2.2992255253484473e-05,2.501343487892882e-07,4139,
133,0.00015124428318813443,2.3278853404917754e-05,2.497574485005316e-07,4149,
133,,,,4153,0.00015753736079204828
134,0.00015451903163921088,2.3809901904314756e-05,2.5260462166443176e-07,4159,
134,0.00015360259567387402,2.3722845071461052e-05,2.55760909340097e-07,4169,
134,0.0001457641483284533,2.1234756786725484e-05,2.416443010133662e-07,4179,
134,,,,4184,0.0001551564346300438
135,0.00015578321472276002,2.4523977117496543e-05,2.617152290440572e-07,4189,
135,0.0001463235676055774,2.2883015844854526e-05,2.5383789648003585e-07,4199,
135,0.00014752920833416283,2.2417461877921596e-05,2.6137004738302494e-07,4209,
135,,,,4215,0.0001527493732282892
136,0.0001463481312384829,2.197551839344669e-05,2.3923556113913946e-07,4219,
136,0.00014512741472572088,2.3704787963652052e-05,2.550516171595518e-07,4229,
136,0.00014397759514395148,2.150419823010452e-05,2.249888382266363e-07,4239,
136,,,,4246,0.00015058046847116202
137,0.00014388974523171782,2.3646318368264474e-05,2.407224997114099e-07,4249,
137,0.00014358093903865665,2.1585632566711865e-05,2.3655657344079373e-07,4259,
137,0.00014522513083647937,2.3188562408904545e-05,2.504777967260452e-07,4269,
137,,,,4277,0.00014893147454131395
138,0.00014790435670875013,2.4042068616836332e-05,2.5841018214123324e-07,4279,
138,0.00015095638809725642,2.3985758161870763e-05,2.6032682853838196e-07,4289,
138,0.0001435367885278538,2.2461281332653016e-05,2.5255761215703387e-07,4299,
138,,,,4308,0.0001472956209909171
139,0.0001435987069271505,2.1307139832060784e-05,2.481335741322255e-07,4309,
139,0.00013546552509069443,2.1983603801345453e-05,2.318353296004716e-07,4319,
139,0.00013090134598314762,2.0775596567546017e-05,2.2524316989347426e-07,4329,
139,0.00011776138853747398,1.5412910215673037e-05,1.516181846739073e-09,4339,
139,,,,4339,0.00014484966231975704
140,0.00013794882397633046,2.1142803234397434e-05,2.425135789962951e-07,4349,
140,0.00013035404845140874,2.117702206305694e-05,2.4234356033048243e-07,4359,
140,0.00013706240861210972,2.134860733349342e-05,2.422554814529576e-07,4369,
140,,,,4370,0.00014177238335832953
141,0.00013386347563937306,2.1959685909678228e-05,2.406128487564274e-07,4379,
141,0.0001297347480431199,2.0859137293882668e-05,2.2418569756155193e-07,4389,
141,0.00013461106573231518,2.4167449737433344e-05,2.4548805299673404e-07,4399,
141,,,,4401,0.00013815033889841288
142,0.00012942307512275875,2.198452057200484e-05,2.369190639228691e-07,4409,
142,0.0001319690200034529,2.1452864530147053e-05,2.2532090326876641e-07,4419,
142,0.00012721210077870637,2.1799678506795317e-05,2.386884432326042e-07,4429,
142,,,,4432,0.00013421732001006603
143,0.0001284008176298812,2.2061414711060934e-05,2.487176402610203e-07,4439,
143,0.0001267139450646937,2.075874181173276e-05,2.313668971964944e-07,4449,
143,0.00012577413872350007,2.071475137199741e-05,2.3152631456468953e-07,4459,
143,,,,4463,0.00013087138358969241
144,0.00012838913244195282,2.1819736502948217e-05,2.3124046322209324e-07,4469,
144,0.00012996741861570626,2.1930009097559378e-05,2.3650783020912058e-07,4479,
144,0.00012203972437418997,1.886607969936449e-05,2.2239602515128354e-07,4489,
144,,,,4494,0.00012863570009358227
145,0.00012812095519620925,2.1855506929568946e-05,2.4467647108394885e-07,4499,
145,0.00012114476703573018,2.1431766072055325e-05,2.3304455964989756e-07,4509,
145,0.00012397055979818106,2.0652703824453056e-05,2.4230629946941917e-07,4519,
145,,,,4525,0.00012707911082543433
146,0.00012398316175676882,2.0117397070862353e-05,2.207688680755382e-07,4529,
146,0.00012071686069248244,2.1116255084052682e-05,2.3633513990262145e-07,4539,
146,0.00011846021516248584,1.9276110833743587e-05,2.067364874847044e-07,4549,
146,,,,4556,0.00012555468128994107
147,0.0001222866412717849,2.2924879885977134e-05,2.2174009473019396e-07,4559,
147,0.00011840634397231042,1.8631661077961326e-05,2.1619393919536378e-07,4569,
147,0.00011941103002754971,2.0429675714694895e-05,2.3063778087362152e-07,4579,
147,,,,4587,0.0001239513949258253
148,0.00012328916636761278,2.4433702492387965e-05,2.4056203073996585e-07,4589,
148,0.00012488458014559,2.082906212308444e-05,2.4213053961830155e-07,4599,
148,0.00011810968135250732,1.96805067389505e-05,2.30541004953011e-07,4609,
148,,,,4618,0.00012182783393654972
149,0.00011825066030723974,1.7642194507061504e-05,2.289001628241749e-07,4619,
149,0.00011133211955893785,1.9835875718854368e-05,2.1609871225791721e-07,4629,
149,0.00010802173346746713,1.7824577298597433e-05,2.0815076595681603e-07,4639,
149,9.481095912633464e-05,1.3634750757773872e-05,1.3478929083987623e-09,4649,
149,,,,4649,0.00012008497287752107
150,0.00011443602852523327,1.9627044821390882e-05,2.2609383165672625e-07,4659,
150,0.00010892673162743449,1.8079736037179828e-05,2.2506949903799978e-07,4669,
150,0.00011412292951717973,1.909776074171532e-05,2.2599017768243357e-07,4679,
150,,,,4680,0.00011909288150491193
151,0.00011339851334923878,1.9813631297438405e-05,2.23393712417419e-07,4689,
151,0.00010593521437840536,1.764534681569785e-05,2.0814897538912192e-07,4699,
151,0.00011080715921707451,1.995676757360343e-05,2.2820701417458622e-07,4709,
151,,,,4711,0.00011799672211054713
152,0.00010682774154702201,1.9050567061640322e-05,2.2078174310991017e-07,4719,
152,0.00010831147665157914,1.7704298443277366e-05,2.0818977475300926e-07,4729,
152,0.00010510484571568668,1.801187863748055e-05,2.195075410327263e-07,4739,
152,,,,4742,0.00011609160719672218
153,0.00010930869029834867,2.124884122167714e-05,2.3160261264365545e-07,4749,
153,0.00010530195868341252,1.802528822736349e-05,2.1548015638472862e-07,4759,
153,0.00010422826744616032,1.737424281600397e-05,2.1656981630258088e-07,4769,
153,,,,4773,0.00011316859308863059
154,0.0001071068036253564,1.9087365217274055e-05,2.1498109958884015e-07,4779,
154,0.00010992262832587585,1.8900575014413334e-05,2.2111566977400798e-07,4789,
154,0.0001016448441077955,1.6301926734740846e-05,2.0686412938175636e-07,4799,
154,,,,4804,0.00010992364695994183
155,0.00010991599992848933,1.87493278644979e-05,2.3040965402287839e-07,4809,
155,9.996768494602293e-05,1.799662823032122e-05,2.1676412131910183e-07,4819,
155,0.00010220426338491961,1.7949183529708534e-05,2.2750629113943432e-07,4829,
155,,,,4835,0.00010762137389974669
156,0.00010206310980720446,1.7255286365980282e-05,2.0583263449225342e-07,4839,
156,0.0001029162376653403,1.9328885173308663e-05,2.2167326108046836e-07,4849,
156,9.981390030588955e-05,1.655076448514592e-05,1.936789715273335e-07,4859,
156,,,,4866,0.00010633401689119637
157,0.0001037597976392135,2.195604429289233e-05,2.0726085381284065e-07,4869,
157,9.805097215576097e-05,1.6052546925493516e-05,2.0027817981826956e-07,4879,
157,0.00010074612509924918,1.7246329662157223e-05,2.163838246360683e-07,4889,
157,,,,4897,0.00010494107118574902
158,0.00010489084525033832,2.081081947835628e-05,2.268856462706026e-07,4899,
158,0.00010549381113378331,1.8690721844905056e-05,2.2832466584077338e-07,4909,
158,9.86946324701421e-05,1.6993863027892075e-05,2.1426514251743356e-07,4919,
158,,,,4928,0.00010362799366703257
159,0.00010089601710205898,1.5558345694444142e-05,2.1349157464101154e-07,4929,
159,9.372488420922309e-05,1.6807831343612634e-05,2.043140341356775e-07,4939,
159,9.159376349998638e-05,1.527142376289703e-05,1.9593311151311354e-07,4949,
159,7.630070467712358e-05,1.1026868378394283e-05,1.2379806069162669e-09,4959,
159,,,,4959,0.00010226557787973434
160,9.654022869654e-05,1.7175589164253324e-05,2.1452380849495967e-07,4969,
160,9.399034752277657e-05,1.58225648192456e-05,2.1273721984016447e-07,4979,
160,9.571129339747131e-05,1.6582420357735828e-05,2.1438575004140148e-07,4989,
160,,,,4990,0.00010069292329717427
161,9.488290379522368e-05,1.6421041436842643e-05,2.1259891980207613e-07,4999,
161,8.925209112931043e-05,1.5184947187663056e-05,1.974150052319601e-07,5009,
161,9.400999260833487e-05,1.6590442101005465e-05,2.1658462401319412e-07,5019,
161,,,,5021,9.908398351399228e-05
162,9.157410386251286e-05,1.6116669939947315e-05,2.0965785552107263e-07,5029,
162,9.317220974480733e-05,1.630023143661674e-05,1.9676818396874296e-07,5039,
162,9.071590466191992e-05,1.5511668607359752e-05,2.0625020624720491e-07,5049,
162,,,,5052,9.779060201253742e-05
163,9.205083188135177e-05,1.7422953533241525e-05,2.192422527969029e-07,5059,
163,9.067513747140765e-05,1.474039163440466e-05,2.0502356790075282e-07,5069,
163,8.914687350625172e-05,1.4922142327122856e-05,2.0643307152568013e-07,5079,
163,,,,5083,9.687019337434322e-05
164,9.358688112115487e-05,1.702584086160641e-05,2.0334088901563518e-07,5089,
164,9.146156662609428e-05,1.662535942159593e-05,2.111142549665601e-07,5099,
164,8.684677595738322e-05,1.4250911590352189e-05,1.9531783834736416e-07,5109,
164,,,,5114,9.626975952414796e-05
165,9.291243623010814e-05,1.6401096218032762e-05,2.209779950135271e-07,5119,
165,8.650004747323692e-05,1.6180356396944262e-05,2.0559932067953923e-07,5129,
165,8.718053140910342e-05,1.5203927432594355e-05,2.165255352792883e-07,5139,
165,,,,5145,9.585355292074382e-05
166,8.846289711073041e-05,1.5103721125342418e-05,1.9568405207337491e-07,5149,
166,8.605828043073416e-05,1.582140612299554e-05,2.1122122007000144e-07,5159,
166,8.549217454856262e-05,1.4034472769708373e-05,1.8442590032918815e-07,5169,
166,,,,5176,9.536072320770472e-05
167,9.00187878869474e-05,1.705039721855428e-05,1.9785026950103202e-07,5179,
167,8.350030839210376e-05,1.3650721484737005e-05,1.8975238447183074e-07,5189,
167,8.65159890963696e-05,1.5177908608166035e-05,2.063748922864761e-07,5199,
167,,,,5207,9.455360850552097e-05
168,9.36682044994086e-05,1.744407018122729e-05,2.1744793343714264e-07,5209,
168,8.938725659390911e-05,1.6661824702168815e-05,2.1949711026536534e-07,5219,
168,8.627182251075283e-05,1.5710827938164584e-05,2.034234540815305e-07,5229,
168,,,,5238,9.332529589300975e-05
169,9.074912668438628e-05,1.4064506103750318e-05,2.028245091878489e-07,5239,
169,8.266552322311327e-05,1.5535171769442968e-05,1.968481484482254e-07,5249,
169,8.130274363793433e-05,1.3171462342143059e-05,1.8726078110375965e-07,5259,
169,6.727225263603032e-05,9.78353727987269e-06,1.1688683354549312e-09,5269,
169,,,,5269,9.165289520751685e-05
170,8.459723176201805e-05,1.5074365364853293e-05,2.0659726374105958e-07,5279,
170,8.018044172786176e-05,1.3504310118150897e-05,2.0388807797644404e-07,5289,
170,8.336449536727741e-05,1.4046342585061211e-05,2.062886181875001e-07,5299,
170,,,,5300,8.958084799814969e-05
171,8.41176079120487e-05,1.4680342246720102e-05,2.050744996040521e-07,5309,
171,7.851120608393103e-05,1.4108496543485671e-05,1.908218507651327e-07,5319,
171,8.165783947333694e-05,1.4840916264802217e-05,2.0848915482929442e-07,5329,
171,,,,5331,8.737653843127191e-05
172,8.185623300960287e-05,1.49806455738144e-05,2.0237811781953496e-07,5339,
172,8.133373921737075e-05,1.4546906641044188e-05,1.8969082304920448e-07,5349,
172,7.910919521236792e-05,1.3659601791005116e-05,1.9742955714718846e-07,5359,
172,,,,5362,8.564869494875893e-05
173,8.107794565148652e-05,1.4752849892829545e-05,2.1102876246459346e-07,5369,
173,8.0562946095597e-05,1.2841631360061001e-05,1.9756315339236608e-07,5379,
173,7.785818161210045e-05,1.301465727010509e-05,1.9963424335855962e-07,5389,
173,,,,5393,8.452049951301888e-05
174,8.160044671967626e-05,1.4007246136316098e-05,1.9566077469335141e-07,5399,
174,8.041107503231615e-05,1.476603665651055e-05,2.0443289372451545e-07,5409,
174,7.600925891892985e-05,1.2736461940221488e-05,1.8811557822573377e-07,5419,
174,,,,5424,8.352631994057447e-05
175,8.203618926927447e-05,1.4899725101713557e-05,2.1451700149555109e-07,5429,
175,7.609925523865968e-05,1.4321340131573379e-05,1.9849828447604523e-07,5439,
175,7.761039887554944e-05,1.4628268218075391e-05,2.0963639713045268e-07,5449,
175,,,,5455,8.25544266263023e-05
176,7.831129187252373e-05,1.3398114788287785e-05,1.8906604282165063e-07,5459,
176,7.628036109963432e-05,1.3940933968115132e-05,2.0462088912154286e-07,5469,
176,7.626794831594452e-05,1.2794203030352946e-05,1.7899274951105326e-07,5479,
176,,,,5486,8.153586531989276e-05
177,7.878521137172356e-05,1.3391331776801962e-05,1.91916598168973e-07,5489,
177,7.370692765107378e-05,1.2055555998813361e-05,1.828456674957124e-07,5499,
177,7.993388862814754e-05,1.395663002767833e-05,1.995219633954548e-07,5509,
177,,,,5517,8.045246067922562e-05
178,7.994307816261426e-05,1.3979074537928682e-05,2.1095287650041428e-07,5519,
178,7.987135904841125e-05,1.528596294519957e-05,2.1356592583288148e-07,5529,
178,7.97905886429362e-05,1.4457480574492365e-05,1.961357440904976e-07,5539,
178,,,,5548,7.947597623569891e-05
179,7.744692993583158e-05,1.2633218830160331e-05,1.9604716783305776e-07,5549,
179,7.45679353713058e-05,1.4319327419798356e-05,1.9246976989961695e-07,5559,
179,7.461254426743835e-05,1.2376607628539205e-05,1.8130022283457947e-07,5569,
179,5.983974551782012e-05,8.2805845522671e-06,1.1351888318245074e-09,5579,
179,,,,5579,7.841739716241136e-05
180,7.624377030879259e-05,1.3480546840582974e-05,2.0168964454114757e-07,5589,
180,7.254545926116407e-05,1.2214368325658143e-05,1.977168579969657e-07,5599,
180,7.470253331121057e-05,1.2536263966467232e-05,2.014129591998426e-07,5609,
180,,,,5610,7.73219799157232e-05
181,7.758363062748685e-05,1.3250013580545783e-05,2.0047970394898584e-07,5619,
181,7.142400863813236e-05,1.250298555532936e-05,1.87152934927326e-07,5629,
181,7.351865497184917e-05,1.3920468518335838e-05,2.031378585343191e-07,5639,
181,,,,5641,7.635308429598808e-05
182,7.688513869652525e-05,1.321960735367611e-05,1.980240256216348e-07,5649,
182,7.36480433261022e-05,1.3042262253293302e-05,1.854257192235309e-07,5659,
182,7.174442725954577e-05,1.2978764971194323e-05,1.9159124065026845e-07,5669,
182,,,,5672,7.525493856519461e-05
183,7.361439929809421e-05,1.3069612577965017e-05,2.059135795207112e-07,5679,
183,7.369715603999794e-05,1.2310361853451468e-05,1.9263963224602776e-07,5689,
183,7.061529322527349e-05,1.2272686944925226e-05,1.9505775128436653e-07,5699,
183,,,,5703,7.440888293785974e-05
184,7.338914292631671e-05,1.2132552001276053e-05,1.9087798364125774e-07,5709,
184,7.347781502176076e-05,1.3759577996097505e-05,2.0009187551295327e-07,5719,
184,6.9037290813867e-05,1.114214046538109e-05,1.833522276228905e-07,5729,
184,,,,5734,7.37726513762027e-05
185,7.536911289207637e-05,1.3052323083684314e-05,2.1071828371077572e-07,5739,
185,6.923414184711874e-05,1.232314662047429e-05,1.939762483971208e-07,5749,
185,7.142993854358792e-05,1.2970222996955272e-05,2.0453002491649386e-07,5759,
185,,,,5765,7.271779759321362e-05
186,7.291010115295649e-05,1.1723027455445845e-05,1.8521480171784788e-07,5769,
186,6.971524271648377e-05,1.236368825630052e-05,2.003783237114476e-07,5779,
186,7.158540392993018e-05,1.1645288395811804e-05,1.7558133436068601e-07,5789,
186,,,,5796,7.224376167869195e-05
187,7.17179209459573e-05,1.2223444173287135e-05,1.8833739545698336e-07,5799,
187,6.728919106535614e-05,1.0829778148035984e-05,1.7871956004000822e-07,5809,
187,7.386585639324039e-05,1.2914914805151056e-05,1.9498456538258324e-07,5819,
187,,,,5827,7.170209573814645e-05
188,7.212150376290083e-05,1.1758328582800459e-05,2.0646803022827953e-07,5829,
188,7.263452425831929e-05,1.1939940122829285e-05,2.0997502758746123e-07,5839,
188,7.157124491641298e-05,1.210835216625128e-05,1.9144550833516405e-07,5849,
188,,,,5858,7.041054777801037e-05
189,6.891833618283272e-05,1.041901396092726e-05,1.9178692411969678e-07,5859,
189,6.897065759403631e-05,1.1866209206345957e-05,1.9012172458587884e-07,5869,
189,6.698161450913176e-05,1.1305402040306944e-05,1.7796294571326143e-07,5879,
189,5.480979962158017e-05,7.235583325382322e-06,1.115138426044382e-09,5889,
189,,,,5889,7.037984323687851e-05
190,7.105931581463665e-05,1.2547920050565153e-05,1.9898806158380467e-07,5899,
190,6.723827391397208e-05,1.1254612218181137e-05,1.9397539574583789e-07,5909,
190,6.89815788064152e-05,1.1541748790477868e-05,1.9888747715413047e-07,5919,
190,,,,5920,7.005055522313341e-05
191,7.290459325304255e-05,1.2792414054274559e-05,1.9802031658855412e-07,5929,
191,6.518266309285536e-05,1.0913681762758642e-05,1.855500357805795e-07,5939,
191,6.766123988199979e-05,1.1629141226876527e-05,1.9999210110199783e-07,5949,
191,,,,5951,6.835458043497056e-05
192,7.064473902573809e-05,1.2432173207344022e-05,1.9570138931612746e-07,5959,
192,6.583576032426208e-05,1.0318623026250862e-05,1.834662839428347e-07,5969,
192,6.59819197608158e-05,1.0781238415802363e-05,1.886937752715312e-07,5979,
192,,,,5982,6.909795047249645e-05
193,6.801752169849351e-05,1.160575538960984e-05,2.029998995567439e-07,5989,
193,6.82802201481536e-05,1.1979801456618588e-05,1.8991626404840645e-07,5999,
193,6.516443681903183e-05,1.1212576282559894e-05,1.9240667370468145e-07,6009,
193,,,,6013,6.92262765369378e-05
194,6.870494689792395e-05,1.1364513738953974e-05,1.8846694160856714e-07,6019,
194,6.793167267460376e-05,1.2526930731837638e-05,1.9772861037381517e-07,6029,
194,6.38130004517734e-05,9.835681339609437e-06,1.8068885765387677e-07,6039,
194,,,,6044,6.689826841466129e-05
195,6.802106508985162e-05,1.1298593562969472e-05,2.087500377001561e-07,6049,
195,6.329264579107985e-05,9.88759256870253e-06,1.9155041286467167e-07,6059,
195,6.539105379488319e-05,1.0633226338541135e-05,2.0164512193332484e-07,6069,
195,,,,6075,6.831941573182121e-05
196,6.709399895044044e-05,1.0443223800393753e-05,1.8361672005084984e-07,6079,
196,6.399938865797594e-05,1.0969558388751466e-05,1.9833105113775673e-07,6089,
196,6.936325371498242e-05,1.145251007983461e-05,1.7408241603789065e-07,6099,
196,,,,6106,6.943928019609302e-05
197,6.775319343432784e-05,1.1492387784528546e-05,1.8669288692763075e-07,6109,
197,6.331384065560997e-05,1.0379058949183673e-05,1.7635791493830766e-07,6119,
197,6.785734149161726e-05,1.1491631084936671e-05,1.925467500996092e-07,6129,
197,,,,6137,6.631456926697865e-05
198,6.900388689246029e-05,1.171701296698302e-05,2.0383883736485586e-07,6139,
198,6.70466324663721e-05,1.0978626050928142e-05,2.082918086898644e-07,6149,
198,6.330844917101786e-05,1.0008571734942961e-05,1.8907523724465136e-07,6159,
198,,,,6168,6.745432619936764e-05
199,6.607679824810475e-05,1.0468863365531433e-05,1.8987597627528885e-07,6169,
199,6.442172889364883e-05,1.1479266504466068e-05,1.895381984695632e-07,6179,
199,6.206535908859223e-05,1.0733002454799134e-05,1.763794443832012e-07,6189,
199,5.199977749725804e-05,6.846624728495954e-06,1.104130675777526e-09,6199,
199,,,,6199,6.733826012350619e-05
200,6.632292934227735e-05,1.1986719982814975e-05,1.97976262938937e-07,6209,
200,6.291929457802325e-05,1.1281755178060848e-05,1.9225072378503683e-07,6219,
200,6.356955418596044e-05,1.0042839676316362e-05,1.9834834574794513e-07,6229,
200,,,,6230,6.46728731226176e-05
201,6.520454917335883e-05,1.1083942808909342e-05,1.9703546172422648e-07,6239,
201,6.006444527884014e-05,9.83266636467306e-06,1.8570472093415447e-07,6249,
201,6.279657100094482e-05,1.0244461009278893e-05,1.9879611556916643e-07,6259,
201,,,,6261,6.455089896917343e-05
202,6.578537431778386e-05,1.0959996870951727e-05,1.9513824156547344e-07,6269,
202,6.201542419148609e-05,1.010466439765878e-05,1.829929772156902e-07,6279,
202,6.266865966608748e-05,1.0398781341791619e-05,1.8744690066796466e-07,6289,
202,,,,6292,6.503180338768288e-05
203,6.605744420085102e-05,1.159200201072963e-05,2.015162579027674e-07,6299,
203,6.30902432021685e-05,1.1391673069738317e-05,1.8851649485895905e-07,6309,
203,6.0457645304268226e-05,1.0414627467980608e-05,1.910118925252391e-07,6319,
203,,,,6323,6.319147360045463e-05
204,6.353592470986769e-05,1.0016662599809933e-05,1.8771771692627226e-07,6329,
204,6.223103264346719e-05,1.0579394256637897e-05,1.9698383368904615e-07,6339,
204,5.933292777626775e-05,8.793212145974394e-06,1.7989303557897074e-07,6349,
204,,,,6354,6.304553971858695e-05
205,6.383781874319538e-05,1.0526847290748265e-05,2.083638719341252e-07,6359,
205,5.9120469813933596e-05,1.0706705324992072e-05,1.9056977862419444e-07,6369,
205,6.336631486192346e-05,1.0492620276636444e-05,2.0036998193972977e-07,6379,
205,,,,6385,6.359309190884233e-05
206,6.410889909602702e-05,1.0057314284495078e-05,1.8323160588806786e-07,6389,
206,6.0002668760716915e-05,1.040114693751093e-05,1.977809773734407e-07,6399,
206,6.276228668866679e-05,1.007573700917419e-05,1.7357798753891984e-07,6409,
206,,,,6416,6.232273881323636e-05
207,6.405155727406964e-05,1.0818017472047359e-05,1.8624106701281562e-07,6419,
207,5.7528635807102546e-05,9.077626600628719e-06,1.7550846109770646e-07,6429,
207,6.208969716681167e-05,1.0286741598974913e-05,1.9158723318923876e-07,6439,
207,,,,6447,6.163820216897875e-05
208,6.29782080068253e-05,9.999431313190144e-06,2.027585139785515e-07,6449,
208,6.278911314439029e-05,1.0252672836941201e-05,2.0782535159469262e-07,6459,
208,6.0549587942659855e-05,1.0205017133557703e-05,1.882443285694535e-07,6469,
208,,,,6478,6.174512236611918e-05
209,6.075208148104139e-05,9.208448318531737e-06,1.8953254254938656e-07,6479,
209,6.051440868759528e-05,1.1826962690975051e-05,1.9056069788803143e-07,6489,
209,5.814489122712985e-05,1.0498223673494067e-05,1.760827501584572e-07,6499,
209,4.8179230361711234e-05,5.988571047055302e-06,1.102669289210212e-09,6509,
209,,,,6509,6.12468647886999e-05
210,6.0863563703605905e-05,1.1012285540346056e-05,1.984174957669893e-07,6519,
210,5.889366002520546e-05,9.841272003541235e-06,1.918490255548022e-07,6529,
210,5.996316758682951e-05,9.580643563822377e-06,1.991319606986508e-07,6539,
210,,,,6540,6.068478978704661e-05
211,6.089646922191605e-05,1.0354152436775621e-05,1.976201957631929e-07,6549,
211,5.7111363275907934e-05,9.070073247130495e-06,1.87066760304333e-07,6559,
211,6.0028487496310845e-05,9.993880667025223e-06,1.986448268098684e-07,6569,
211,,,,6571,6.050963929737918e-05
212,6.180245691211894e-05,1.0447750355524477e-05,1.9574024179291882e-07,6579,
212,5.770256029791199e-05,9.213717021339107e-06,1.8362430864726775e-07,6589,
212,5.916613736189902e-05,9.781621884030756e-06,1.876770028275132e-07,6599,
212,,,,6602,6.025934999343008e-05
213,6.120673060650006e-05,1.0488312000234146e-05,2.0159110647455236e-07,6609,
213,5.8934961998602375e-05,1.0558199392107781e-05,1.8858068528970762e-07,6619,
213,5.7084205764112994e-05,9.815342309593689e-06,1.9090251157649618e-07,6629,
213,,,,6633,5.9832709666807204e-05
214,6.0505855799419805e-05,9.778605999599677e-06,1.8806730395226623e-07,6639,
214,5.889727981411852e-05,1.082941162167117e-05,1.973726710957635e-07,6649,
214,5.591091394308023e-05,8.125481144816149e-06,1.8026314307917346e-07,6659,
214,,,,6664,5.9390065871411934e-05
215,5.975553722237237e-05,1.0374966223025694e-05,2.0902656672205921e-07,6669,
215,5.6035638408502564e-05,1.0145208761969116e-05,1.909474036665415e-07,6679,
215,5.812113522551954e-05,9.144414434558712e-06,2.0030331882026076e-07,6689,
215,,,,6695,5.8992278354708105e-05
216,5.873489135410637e-05,9.81105404207483e-06,1.8422950631702406e-07,6699,
216,5.5919215810718015e-05,9.449498065805528e-06,1.9872315704105858e-07,6709,
216,5.794751632492989e-05,9.042642886925023e-06,1.7411392150279426e-07,6719,
216,,,,6726,5.8834892115555704e-05
217,5.878044248674996e-05,9.754486200108659e-06,1.8703831017319317e-07,6729,
217,5.423374386737123e-05,8.61588978295913e-06,1.7580451583398826e-07,6739,
217,5.885076097911224e-05,1.0121898412762675e-05,1.917619840696716e-07,6749,
217,,,,6757,5.8665380493039265e-05
218,5.973714360152371e-05,9.446377589483745e-06,2.0306099202116457e-07,6759,
218,5.96967147430405e-05,9.936894457496237e-06,2.0867616967734648e-07,6769,
218,5.685338328476064e-05,9.648289960750844e-06,1.8856373174003238e-07,6779,
218,,,,6788,5.825984771945514e-05
219,5.74200639675837e-05,8.520491064700764e-06,1.903275261838644e-07,6789,
219,5.7227083743782714e-05,1.0774980182759464e-05,1.92514875152483e-07,6799,
219,5.444166163215414e-05,9.447290722164325e-06,1.7694209475394018e-07,6809,
219,4.554133556666784e-05,5.6894327826739755e-06,1.1052606607719895e-09,6819,
219,,,,6819,5.78343024244532e-05
220,5.732932550017722e-05,1.033597709465539e-05,1.9985729693416943e-07,6829,
220,5.536767639569007e-05,8.939170584199019e-06,1.928167279174886e-07,6839,
220,5.6355544074904174e-05,9.182710527966265e-06,2.0110169884901552e-07,6849,
220,,,,6850,5.745021553593688e-05
221,5.709924880648032e-05,9.820721970754676e-06,1.991435567560984e-07,6859,
221,5.393004903453402e-05,8.382075975532643e-06,1.8926324685253348e-07,6869,
221,5.673677515005693e-05,9.385781595483422e-06,1.9970005382674572e-07,6879,
221,,,,6881,5.719461842090823e-05
222,5.7623794418759644e-05,9.65246363193728e-06,1.9744430801438284e-07,6889,
222,5.43545866094064e-05,8.791323125478812e-06,1.8520873368288449e-07,6899,
222,5.5830452765803784e-05,9.150600817520171e-06,1.890057319542393e-07,6909,
222,,,,6912,5.712646816391498e-05
223,5.7135905080940574e-05,9.515790225123055e-06,2.027302912210871e-07,6919,
223,5.549364141188562e-05,9.976752153306734e-06,1.8970905557580409e-07,6929,
223,5.368114580051042e-05,8.868812983564567e-06,1.91675340488473e-07,6939,
223,,,,6943,5.694193168892525e-05
224,5.720380067941733e-05,9.122903065872379e-06,1.893485261916794e-07,6949,
224,5.547474211198278e-05,1.061652619682718e-05,1.9866638467647135e-07,6959,
224,5.284027793095447e-05,7.443478807545034e-06,1.8177588856360671e-07,6969,
224,,,,6974,5.6500710343243554e-05
225,5.6892480643000454e-05,9.731569662108086e-06,2.1084541401705792e-07,6979,
225,5.3336516430135816e-05,9.796749509405345e-06,1.9244231452830718e-07,6989,
225,5.551960930461064e-05,8.65515448822407e-06,2.0129945710323227e-07,6999,
225,,,,7005,5.60382213734556e-05
226,5.5766242439858615e-05,9.667482117947657e-06,1.8616422892137052e-07,7009,
226,5.305199374561198e-05,8.71449719852535e-06,2.0061226280176925e-07,7019,
226,5.457618317450397e-05,8.326074748765677e-06,1.7564698850947025e-07,7029,
226,,,,7036,5.554079689318314e-05
227,5.521486673387699e-05,9.361760021420196e-06,1.8859351769151544e-07,7039,
227,5.098343171994202e-05,7.919624295027461e-06,1.770864486161372e-07,7049,
227,5.484655048348941e-05,9.061073797056451e-06,1.9291519492981024e-07,7059,
227,,,,7067,5.537003016797826e-05
228,5.5924218031577766e-05,8.514568435202818e-06,2.0420833379830583e-07,7069,
228,5.637147114612162e-05,8.96871915756492e-06,2.1058349375380203e-07,7079,
228,5.317420800565742e-05,8.401935701840557e-06,1.8985492999945563e-07,7089,
228,,,,7098,5.60242187930271e-05
229,5.535427771974355e-05,8.532922038284596e-06,1.9223091385356383e-07,7099,
229,5.4753927543060854e-05,9.176358616969083e-06,1.9532055262061476e-07,7109,
229,5.1340779464226216e-05,8.18631724541774e-06,1.7873026081360877e-07,7119,
229,4.416754381963983e-05,6.1353166529443115e-06,1.1123673093749176e-09,7129,
229,,,,7129,5.651698666042648e-05
230,5.4656069551128894e-05,7.922721124486998e-06,2.0218406859839888e-07,7139,
230,5.286869782139547e-05,7.880624252720736e-06,1.9486408575630776e-07,7149,
230,5.4200976592255756e-05,8.834863365336787e-06,2.039345901039269e-07,7159,
230,,,,7160,5.5698557844152674e-05
231,5.422647882369347e-05,8.199104740924668e-06,2.015042923630972e-07,7169,
231,5.1531504141166806e-05,8.455340321233962e-06,1.9232395231938426e-07,7179,
231,5.4179537983145565e-05,8.562912626075558e-06,2.0172076631297386e-07,7189,
231,,,,7191,5.4739066399633884e-05
232,5.442332258098759e-05,8.745874765736517e-06,1.999508469907596e-07,7199,
232,5.169222640688531e-05,9.232563570549246e-06,1.8765118170449568e-07,7209,
232,5.30589277332183e-05,8.454017915937584e-06,1.911020035549882e-07,7219,
232,,,,7222,5.448388765216805e-05
233,5.381161463446915e-05,8.799025636108126e-06,2.048521849928875e-07,7229,
233,5.277455784380436e-05,1.1724249816325027e-05,1.917796481620826e-07,7239,
233,5.1516242820071056e-05,8.6210557128652e-06,1.9316928501211805e-07,7249,
233,,,,7253,5.571373549173586e-05
234,5.473099008668214e-05,9.478803804086056e-06,1.914347080855805e-07,7259,
234,5.169574433239177e-05,7.997625289135613e-06,2.0074031681360793e-07,7269,
234,5.053957647760399e-05,7.015241408225847e-06,1.8403396495614288e-07,7279,
234,,,,7284,5.305653758114204e-05
235,5.435077764559537e-05,8.641500244266354e-06,2.1349849532725784e-07,7289,
235,4.9677018978400156e-05,7.626677870575804e-06,1.9462626710264885e-07,7299,
235,5.0973365432582796e-05,8.037116458581295e-06,2.0355102492430888e-07,7309,
235,,,,7315,5.270230758469552e-05
236,5.271000190987252e-05,8.007361429918092e-06,1.8920854927273467e-07,7319,
236,5.0505728722782806e-05,8.079552571871318e-06,2.0342226036973443e-07,7329,
236,5.000419696443714e-05,7.55614973968477e-06,1.782856031695701e-07,7339,
236,,,,7346,5.243216946837492e-05
237,5.095294181955978e-05,8.513246939401142e-06,1.9101841530755337e-07,7349,
237,4.933740638080053e-05,7.453011676261667e-06,1.7926983275629027e-07,7359,
237,5.315126327332109e-05,9.061209311767016e-06,1.951019328316761e-07,7369,
237,,,,7377,5.255830546957441e-05
238,5.31785590283107e-05,9.641660653869621e-06,2.064693092052039e-07,7379,
238,5.278621392790228e-05,8.585091563872993e-06,2.1361617541515443e-07,7389,
238,5.275129296933301e-05,9.032420166477095e-06,1.9200292911136785e-07,7399,
238,,,,7408,5.288711327011697e-05
239,5.224874985287897e-05,8.421621714660432e-06,1.9483226765260042e-07,7409,
239,5.054838038631715e-05,8.299772161990404e-06,1.9883651702912175e-07,7419,
239,4.940602229908109e-05,7.371706942649325e-06,1.8092386255830206e-07,7429,
239,4.0468425140716136e-05,4.886512670054799e-06,1.116136294498915e-09,7439,
239,,,,7439,5.239160236669704e-05
240,5.024172423873097e-05,7.193302735686302e-06,2.0511069465101173e-07,7449,
240,4.8643862101016566e-05,6.693971499771578e-06,1.9768050663060421e-07,7459,
240,5.017422517994419e-05,7.49145647205296e-06,2.0786836785191554e-07,7469,
240,,,,7470,5.14473176735919e-05
241,5.070644692750648e-05,7.771613127260935e-06,2.0455459548429644e-07,7479,
241,4.750760490424e-05,6.921282420080388e-06,1.9601199596763763e-07,7489,
241,5.0411650590831414e-05,7.217015081550926e-06,2.0483273033278238e-07,7499,
241,,,,7501,5.262715421849862e-05
242,5.055279325461015e-05,7.451391411450459e-06,2.0328680250258913e-07,7509,
242,4.821511174668558e-05,6.631553787883604e-06,1.9087127611783217e-07,7519,
242,4.835445724893361e-05,7.379364888038253e-06,1.944057856917425e-07,7529,
242,,,,7532,5.1699251343961805e-05
243,4.926068504573777e-05,7.1784975261834916e-06,2.0780829856903438e-07,7539,
243,4.982856989954598e-05,8.45014801598154e-06,1.9506877890762553e-07,7549,
243,4.735435140901245e-05,7.509747320000315e-06,1.9569220910398144e-07,7559,
243,,,,7563,5.036010770709254e-05
244,4.898928455077112e-05,8.036874532990623e-06,1.9467654510663124e-07,7569,
244,4.887043542112224e-05,1.211576545756543e-05,2.0351500040760584e-07,7579,
244,4.760525916935876e-05,8.597082342021167e-06,1.8765304332646338e-07,7589,
244,,,,7594,5.123054506839253e-05
245,5.159845750313252e-05,8.31133274914464e-06,2.1769074010080658e-07,7599,
245,5.017010334995575e-05,7.858667231630534e-06,1.981553623409127e-07,7609,
245,4.98630506626796e-05,7.251128408825025e-06,2.0619937401988864e-07,7619,
245,,,,7625,6.134603609098122e-05
246,5.544610758079216e-05,8.713180250197183e-06,1.930070538946893e-07,7629,
246,4.9818670959211886e-05,8.715032890904695e-06,2.0701088487840025e-07,7639,
246,4.89735284645576e-05,7.1720933192409575e-06,1.8123215284049365e-07,7649,
246,,,,7656,5.246478031040169e-05
247,5.02206567034591e-05,1.0448474313307088e-05,1.9479820423384808e-07,7659,
247,4.666571112466045e-05,7.6041469583287835e-06,1.8217799890862807e-07,7669,
247,4.9301223043585196e-05,7.435457519022748e-06,1.9782508786647668e-07,7679,
247,,,,7687,5.1034610805800185e-05
248,5.2059800509596244e-05,7.497907063225284e-06,2.0837390479755413e-07,7689,
248,5.256988515611738e-05,8.290284313261509e-06,2.170218067476526e-07,7699,
248,4.7834881115704775e-05,6.908309387654299e-06,1.949017871538672e-07,7709,
248,,,,7718,5.0089904107153416e-05
249,4.938835991197266e-05,6.8694475885422435e-06,1.979620662950765e-07,7719,
249,4.897172766504809e-05,7.149018983909627e-06,2.031697476923e-07,7729,
249,4.618132516043261e-05,6.690515874652192e-06,1.842315100475389e-07,7739,
249,3.874234243994579e-05,4.331599029683275e-06,1.1387911724725086e-09,7749,
249,,,,7749,4.956288466928527e-05
250,4.7794928832445294e-05,7.119704150682082e-06,2.09045339261138e-07,7759,
250,4.6672994358232245e-05,6.448684416682227e-06,2.012694864106379e-07,7769,
250,4.840722249355167e-05,7.236830697365804e-06,2.1274647110658407e-07,7779,
250,,,,7780,4.976969285053201e-05
251,4.9326281441608444e-05,7.318523330468452e-06,2.0841214620759274e-07,7789,
251,4.626614827429876e-05,6.698830929963151e-06,2.0073473194770486e-07,7799,
251,4.849499964620918e-05,7.083738637447823e-06,2.0879735984635772e-07,7809,
251,,,,7811,5.0388545787427574e-05
252,4.954410178470425e-05,7.711772923357785e-06,2.074849732025541e-07,7819,
252,4.619176252163015e-05,7.199152150860755e-06,1.9488643943077477e-07,7829,
252,4.673601142712869e-05,6.623618446610635e-06,1.9832789632800996e-07,7839,
252,,,,7842,5.0160382670583203e-05
253,4.9412854423280805e-05,7.35768935555825e-06,2.1168852981645614e-07,7849,
253,4.740261647384614e-05,8.66498339746613e-06,1.9878864065958624e-07,7859,
253,4.550316953100264e-05,6.441737241402734e-06,1.9871593792686326e-07,7869,
253,,,,7873,4.951438313582912e-05
254,4.951558366883546e-05,8.691590664966498e-06,1.9828196684557042e-07,7879,
254,4.719203570857644e-05,9.54171446210239e-06,2.076027669772884e-07,7889,
254,4.571208410197869e-05,6.099891379562905e-06,1.9114057181468525e-07,7899,
254,,,,7904,4.969502697349526e-05
255,4.956427073921077e-05,1.1054666174459271e-05,2.2185096781868197e-07,7909,
255,4.628987517207861e-05,1.0193900379817933e-05,2.0236089426362014e-07,7919,
255,4.691558933700435e-05,6.49584535494796e-06,2.1016862206124642e-07,7929,
255,,,,7935,5.352778316591866e-05
256,4.7963898396119475e-05,1.2238300769240595e-05,1.9701347753198206e-07,7939,
256,4.7270397772081196e-05,6.991279860812938e-06,2.1179396014758822e-07,7949,
256,4.4761891331290826e-05,5.997750577080296e-06,1.8548720959188358e-07,7959,
256,,,,7966,4.723056554212235e-05
257,4.6273507905425504e-05,7.239567821670789e-06,1.9871779954883095e-07,7969,
257,4.369565431261435e-05,5.842843620484928e-06,1.862938745489373e-07,7979,
257,4.5793483877787367e-05,6.700316134811146e-06,2.023091525416021e-07,7989,
257,,,,7997,4.6703480620635673e-05
258,4.7145033022388816e-05,8.73712451721076e-06,2.1290028939802141e-07,7999,
258,4.704066668637097e-05,7.145413292164449e-06,2.2191318294062512e-07,8009,
258,4.614068166119978e-05,6.0387915254978e-06,1.9919006888358126e-07,8019,
258,,,,8028,4.6552508138120174e-05
259,4.587823059409857e-05,6.443873189709848e-06,2.0249618160050886e-07,8029,
259,4.538579742074944e-05,6.609933279833058e-06,2.0854993465491134e-07,8039,
259,4.47110396635253e-05,5.935316039540339e-06,1.8826877123956365e-07,8049,
259,3.681123780552298e-05,4.424574399308767e-06,1.1631428042946368e-09,8059,
259,,,,8059,4.65777084173169e-05
260,4.548946890281513e-05,6.845518782938598e-06,2.1375998926487227e-07,8069,
260,4.43919598183129e-05,5.749016054323874e-06,2.0562599445383967e-07,8079,
260,4.5464297727448866e-05,6.87031797497184e-06,2.1834226515693445e-07,8089,
260,,,,8090,4.665242522605695e-05
261,4.6478842705255374e-05,8.227599209931213e-06,2.1317357834504946e-07,8099,
261,4.347816138761118e-05,5.823790615977487e-06,2.0602401207270304e-07,8109,
261,4.5350367145147175e-05,6.29816440778086e-06,2.1351091561427893e-07,8119,
261,,,,8121,4.683498991653323e-05
262,4.6269251470221207e-05,7.775351150485221e-06,2.124896241184615e-07,8129,
262,4.352331961854361e-05,5.578432137554046e-06,1.9957610675191972e-07,8139,
262,4.3871412344742566e-05,5.6914432207122445e-06,2.0336135264642508e-07,8149,
262,,,,8152,4.739575524581596e-05
263,4.5742337533738464e-05,6.711948572046822e-06,2.1621015378059383e-07,8159,
263,4.491645086091012e-05,6.310531261988217e-06,2.0329802907781414e-07,8169,
263,4.308766438043676e-05,5.522788796952227e-06,2.029208019393991e-07,8179,
263,,,,8183,4.791563333128579e-05
264,4.5638938900083303e-05,6.7481946643965784e-06,2.0262572775209264e-07,8189,
264,4.511229053605348e-05,6.474142992374254e-06,2.1211398859577457e-07,8199,
264,4.38502429460641e-05,5.722982223232975e-06,1.9587190536185517e-07,8209,
264,,,,8214,4.6863442548783496e-05
265,4.7188252210617065e-05,7.728152922936715e-06,2.2723777703959058e-07,8219,
265,4.436127346707508e-05,6.8912531787646e-06,2.0719380700029433e-07,8229,
265,4.572123725665733e-05,6.8951617322454695e-06,2.1472629896379658e-07,8239,
265,,,,8245,4.695615643868223e-05
266,4.824716233997606e-05,9.349229003419168e-06,2.0212814888509456e-07,8249,
266,4.4828051613876596e-05,6.83182315697195e-06,2.1747392509041674e-07,8259,
266,4.346306741354056e-05,7.845664185879286e-06,1.904457889168043e-07,8269,
266,,,,8276,4.7221437853295356e-05
267,5.1616756536532193e-05,1.4046563592273742e-05,2.0383275511903776e-07,8279,
267,4.295386315789074e-05,6.120809757703682e-06,1.9095911341082683e-07,8289,
267,4.45777659479063e-05,6.891020802868297e-06,2.0676635870131577e-07,8299,
267,,,,8307,4.664781590690836e-05
268,5.008158041164279e-05,1.0523363016545773e-05,2.1646715708811826e-07,8309,
268,4.552160680759698e-05,7.127171556930989e-06,2.2729740578597557e-07,8319,
268,4.390848698676564e-05,5.733199486712692e-06,2.0372989695260912e-07,8329,
268,,,,8338,4.520046422840096e-05
269,4.4575244828592986e-05,5.833320301462663e-06,2.0725165938983992e-07,8339,
269,4.387562512420118e-05,7.024644673947478e-06,2.143664090681341e-07,8349,
269,4.230679041938856e-05,5.707249783881707e-06,1.9350028424014454e-07,8359,
269,3.5195316741010174e-05,3.7385711948445532e-06,1.202341892714287e-09,8369,
269,,,,8369,4.55746085208375e-05
270,4.402807462611236e-05,8.017616892175283e-06,2.1964167729038309e-07,8379,
270,4.227433237247169e-05,5.377687557484023e-06,2.1097503122291528e-07,8389,
270,4.33099630754441e-05,5.795886863779742e-06,2.2453897940977185e-07,8399,
270,,,,8400,4.575746424961835e-05
271,4.5297354517970234e-05,7.00027385391877e-06,2.1883595024974056e-07,8409,
271,4.130357410758734e-05,5.481996595335659e-06,2.122253448533229e-07,8419,
271,4.357906072982587e-05,5.912391770834802e-06,2.1924358861724613e-07,8429,
271,,,,8431,4.643151260097511e-05
272,4.625702786142938e-05,7.2387697400699835e-06,2.1822722828801489e-07,8439,
272,4.243095827405341e-05,6.6619882090890314e-06,2.0497678576703038e-07,8449,
272,4.366508437669836e-05,6.062854481569957e-06,2.090591664227759e-07,8459,
272,,,,8462,4.608899325830862e-05
273,4.420549521455541e-05,7.0690766733605415e-06,2.2186260650869372e-07,8469,
273,4.385786087368615e-05,9.37875211093342e-06,2.0852948523497616e-07,8479,
273,4.22418124799151e-05,6.188296538311988e-06,2.077318583815213e-07,8489,
273,,,,8493,4.668060864787549e-05
274,4.574772538035177e-05,9.731066711538006e-06,2.0815097911963676e-07,8499,
274,4.4813485146733e-05,6.5678827922965866e-06,2.1781562509204377e-07,8509,
274,4.1862567741191015e-05,5.535989203053759e-06,2.01011559397557e-07,8519,
274,,,,8524,4.5723936636932194e-05
275,4.3876269046450034e-05,6.615412075916538e-06,2.334178503815565e-07,8529,
275,4.4032454752596095e-05,7.74060572439339e-06,2.125841263023176e-07,8539,
275,4.3286192521918565e-05,5.8116470427194145e-06,2.2036323343854747e-07,8549,
275,,,,8555,4.643343709176406e-05
276,4.5187323848949745e-05,6.413785740733147e-06,2.080534358128716e-07,8559,
276,4.258565968484618e-05,7.002487109275535e-06,2.2349284733991226e-07,8569,
276,4.118455763091333e-05,5.479048468259862e-06,1.9612409118963114e-07,8579,
276,,,,8586,4.4381908082868904e-05
277,4.2904750443995e-05,6.341725566016976e-06,2.0940143485859153e-07,8589,
277,4.083563180756755e-05,6.108667093940312e-06,1.9633333181445778e-07,8599,
277,4.16486436733976e-05,5.687713837687625e-06,2.1189541143940005e-07,8609,
277,,,,8617,4.546271884464659e-05
278,4.7063102101674303e-05,7.747708878014237e-06,2.2249651010497473e-07,8619,
278,4.354179691290483e-05,6.300971563177882e-06,2.3392063042138034e-07,8629,
278,4.242637805873528e-05,5.154405243956717e-06,2.0913437026592874e-07,8639,
278,,,,8648,4.3596039176918566e-05
279,4.3150830606464297e-05,5.307948867994128e-06,2.1273532979648735e-07,8649,
279,4.177359733148478e-05,6.171497716422891e-06,2.2095609608641098e-07,8659,
279,4.073247328051366e-05,5.05030084241298e-06,1.988219793247481e-07,8669,
279,3.4359574783593416e-05,3.358916728757322e-06,1.2420700024051712e-09,8679,
279,,,,8679,4.440928023541346e-05
280,4.2282521462766454e-05,7.44263024898828e-06,2.2569595614641003e-07,8689,
280,4.108224675292149e-05,5.302269528328907e-06,2.167391386365125e-07,8699,
280,4.25402722612489e-05,5.689378212991869e-06,2.3154510131462303e-07,8709,
280,,,,8710,4.4480279029812664e-05
281,4.4920896471012384e-05,8.454776434518863e-06,2.2536681854035123e-07,8719,
281,4.0225411794381216e-05,5.391656486608554e-06,2.1908674341375445e-07,8729,
281,4.26315309596248e-05,6.275084160733968e-06,2.2540197619491664e-07,8739,
281,,,,8741,4.349575829110108e-05
282,4.314169200370088e-05,6.397458037099568e-06,2.2459808235453238e-07,8749,
282,4.0393733797827736e-05,5.0997614380321465e-06,2.1114504988872795e-07,8759,
282,4.0836664993548766e-05,5.583068741543684e-06,2.1507297276457393e-07,8769,
282,,,,8772,4.288810305297375e-05
283,4.072420415468514e-05,5.647871603287058e-06,2.278433584024242e-07,8779,
283,4.0792572690406814e-05,5.195531684876187e-06,2.1497481839105603e-07,8789,
283,3.9375638152705505e-05,4.783346867043292e-06,2.1330627930638002e-07,8799,
283,,,,8803,4.30409490945749e-05
284,4.1200215491699055e-05,5.742041139455978e-06,2.1412002126908192e-07,8809,
284,4.085432374267839e-05,5.429406428447692e-06,2.2289809464837163e-07,8819,
284,3.940596798202023e-05,4.447987521416508e-06,2.0747894780015486e-07,8829,
284,,,,8834,4.3495168938534334e-05
285,4.2183724872302264e-05,5.459738986246521e-06,2.406769681329024e-07,8839,
285,4.015149534097873e-05,5.383879397413693e-06,2.1921427162396867e-07,8849,
285,4.071691000717692e-05,5.271386271488154e-06,2.2616671913056052e-07,8859,
285,,,,8865,4.6156947064446285e-05
286,4.728235580842011e-05,9.635782589612063e-06,2.1446922460199858e-07,8869,
286,4.1111499740509316e-05,5.654697361023864e-06,2.3029895146464696e-07,8879,
286,3.9971630030777305e-05,5.718155989598017e-06,2.0256869959212054e-07,8889,
286,,,,8896,4.366886423667893e-05
287,4.136148345423862e-05,7.443847607646603e-06,2.159052883143886e-07,8899,
287,3.9190119423437864e-05,5.125900770508451e-06,2.02177176333862e-07,8909,
287,4.103298851987347e-05,7.87114095146535e-06,2.1774239655769634e-07,8919,
287,,,,8927,4.5759337808704004e-05
288,4.53334505436942e-05,1.727024391584564e-05,2.2775401475882973e-07,8929,
288,4.6108925744192675e-05,1.2872480510850437e-05,2.4069871074061666e-07,8939,
288,4.5196757127996534e-05,1.5816744053154252e-05,2.150331255279525e-07,8949,
288,,,,8958,5.42075649718754e-05
289,5.3339346777647734e-05,2.542573565733619e-05,2.210127689750152e-07,8959,
289,5.0606013246579096e-05,1.1233039003855083e-05,2.2905156527031068e-07,8969,
289,4.404782157507725e-05,8.440306373813655e-06,2.052069447699978e-07,8979,
289,3.424684837227687e-05,3.5186590139346663e-06,1.29752664168592e-09,8989,
289,,,,8989,4.472885120776482e-05
290,4.292015728424303e-05,8.320378583448473e-06,2.326692793985785e-07,8999,
290,4.237868415657431e-05,8.460445314995013e-06,2.233834095477505e-07,9009,
290,4.003399226348847e-05,4.765595804201439e-06,2.391308839833073e-07,9019,
290,,,,9020,4.610397445503622e-05
291,4.3843843741342425e-05,6.806414148741169e-06,2.3190433751096862e-07,9029,
291,3.963034396292642e-05,4.73800764666521e-06,2.2595550319692848e-07,9039,
291,3.996138912043534e-05,4.7735684347571805e-06,2.3190912656900764e-07,9049,
291,,,,9051,4.2063973523909226e-05
292,4.151468237978406e-05,5.403459454100812e-06,2.317060392442727e-07,9059,
292,3.8421978388214484e-05,4.5274018702912144e-06,2.1753385226475075e-07,9069,
292,3.8266851333901286e-05,4.270752469892614e-06,2.2190488380147144e-07,9079,
292,,,,9082,4.0660012018634006e-05
293,3.976970765506849e-05,5.256842541712103e-06,2.3451211461633648e-07,9089,
293,3.9449529140256345e-05,4.938871370541165e-06,2.2153496104238002e-07,9099,
293,3.7557816540356725e-05,4.177664322924102e-06,2.191938364148882e-07,9109,
293,,,,9113,4.014195656054653e-05
294,3.957112130592577e-05,5.013352620153455e-06,2.204279638817752e-07,9119,
294,3.927331999875605e-05,4.900678959529614e-06,2.2912212216397165e-07,9129,
294,3.9432430639863014e-05,4.357728812465211e-06,2.1384029480486788e-07,9139,
294,,,,9144,4.120628727832809e-05
295,4.127151987631805e-05,5.29872659171815e-06,2.4814374910420156e-07,9149,
295,3.83509359380696e-05,4.7908110900607426e-06,2.2566345592167636e-07,9159,
295,4.0340619307244197e-05,4.872702447755728e-06,2.3292258788387699e-07,9169,
295,,,,9175,4.1363131458638236e-05
296,4.025486487080343e-05,4.920394985674648e-06,2.214263190580823e-07,9179,
296,3.798338366323151e-05,5.271811915008584e-06,2.3760603085065668e-07,9189,
296,3.7683646951336414e-05,4.328450359025737e-06,2.0864847272150655e-07,9199,
296,,,,9206,4.2102976294700056e-05
297,4.122508107684553e-05,5.894580226595281e-06,2.228433970685728e-07,9209,
297,3.697732608998194e-05,4.281360816094093e-06,2.0893874363991927e-07,9219,
297,3.814069350482896e-05,4.4788330342271365e-06,2.239382155266867e-07,9229,
297,,,,9237,3.994897997472435e-05
298,3.991336052422412e-05,5.815883469040273e-06,2.3408406946145988e-07,9239,
298,3.97238545701839e-05,5.351910203899024e-06,2.478383862580813e-07,9249,
298,3.803791696554981e-05,4.296396127756452e-06,2.2136261179639405e-07,9259,
298,,,,9268,4.099806028534658e-05
299,4.0671686292625964e-05,5.408733613876393e-06,2.2579280312129413e-07,9269,
299,4.007179450127296e-05,5.96230984228896e-06,2.357530917151962e-07,9279,
299,3.750431278604083e-05,4.5367942220764235e-06,2.1094257363074576e-07,9289,
299,3.236433258280158e-05,3.553710484993644e-06,1.342549071914334e-09,9299,
299,,,,9299,4.1624170989962295e-05
300,3.9019145333440974e-05,4.931739113089861e-06,2.395156570855761e-07,9309,
300,3.851151996059343e-05,4.446745606401237e-06,2.295753631642583e-07,9319,
300,3.943973206332885e-05,5.271510872262297e-06,2.4651757257743157e-07,9329,
300,,,,9330,4.186666046734899e-05
301,3.976813968620263e-05,4.757211172545794e-06,2.390017925790744e-07,9339,
301,3.7633559259120375e-05,4.523207735473989e-06,2.333985094082891e-07,9349,
301,4.0001563320402056e-05,4.949195954395691e-06,2.3901895929157035e-07,9359,
301,,,,9361,4.1746170609258115e-05
302,4.00031240133103e-05,5.948178113612812e-06,2.386773303442169e-07,9369,
302,3.8125013816170394e-05,4.572153557091951e-06,2.2445642855473125e-07,9379,
302,3.9811140595702454e-05,5.022344339522533e-06,2.2833816615275282e-07,9389,
302,,,,9392,4.3260384700261056e-05
303,3.8005990063538775e-05,6.115673841122771e-06,2.4101569806589396e-07,9399,
303,3.967528755310923e-05,5.302049885358429e-06,2.2772991314923274e-07,9409,
303,3.8891979784239084e-05,4.7639960030210204e-06,2.2508832842049742e-07,9419,
303,,,,9423,3.9816681237425655e-05
304,4.012861245428212e-05,5.599411451839842e-06,2.2666370114166057e-07,9429,
304,3.93658374377992e-05,5.062750005890848e-06,2.3517704050846078e-07,9439,
304,3.7219462683424354e-05,3.869206921081059e-06,2.2007817790381523e-07,9449,
304,,,,9454,4.584634370985441e-05
305,4.04576348955743e-05,5.698890618077712e-06,2.5590361474314705e-07,9459,
305,3.822267899522558e-05,4.896051450486993e-06,2.3287877581879002e-07,9469,
305,3.9007936720736325e-05,4.884287136519561e-06,2.391526834344404e-07,9479,
305,,,,9485,3.968716919189319e-05
306,3.855181421386078e-05,5.9479521041794214e-06,2.2814029421169835e-07,9489,
306,3.676157575682737e-05,4.347904905444011e-06,2.452208605063788e-07,9499,
306,3.673998435260728e-05,4.2558176573948e-06,2.152507363462064e-07,9509,
306,,,,9516,3.7941732443869114e-05
307,3.7611131119774655e-05,5.912173492106376e-06,2.2957306100579444e-07,9519,
307,3.622716758400202e-05,4.315135356591782e-06,2.154423697220409e-07,9529,
307,3.717024446814321e-05,4.497649570112117e-06,2.305435202742956e-07,9539,
307,,,,9547,3.7898171285633e-05
308,3.8676709664287046e-05,7.483413355657831e-06,2.405573980013287e-07,9549,
308,3.8190060877241194e-05,4.95211952511454e-06,2.554083948780317e-07,9559,
308,3.792628922383301e-05,4.0298727981280535e-06,2.2802173305080942e-07,9569,
308,,,,9578,3.898892828146927e-05
309,3.8399248296627775e-05,5.668683570547728e-06,2.3205998900266422e-07,9579,
309,3.788905814872123e-05,4.997640189685626e-06,2.4323611569343484e-07,9589,
309,3.744005516637117e-05,4.323929715610575e-06,2.1719043274970318e-07,9599,
309,3.08125490846578e-05,2.8881797788926633e-06,1.3988217251181823e-09,9609,
309,,,,9609,3.8782662159064785e-05
310,3.739075691555627e-05,4.8464130486536305e-06,2.469142259542423e-07,9619,
310,3.7380163121270016e-05,4.376766810310073e-06,2.3638133939130057e-07,9629,
310,3.707399082486518e-05,5.0487460612202995e-06,2.543799553222925e-07,9639,
310,,,,9640,3.902082607964985e-05
311,3.7502690247492865e-05,4.722397989098681e-06,2.462071790887421e-07,9649,
311,3.56533273588866e-05,3.898888280673418e-06,2.410854733625456e-07,9659,
311,3.679812652990222e-05,4.090939455636544e-06,2.4608502258161025e-07,9669,
311,,,,9671,4.422874917509034e-05
312,3.8254955143202096e-05,4.891295247944072e-06,2.4602425696684804e-07,9679,
312,3.788179674302228e-05,6.192516138980864e-06,2.3155155304266373e-07,9689,
312,3.6802597605856135e-05,6.127100732555846e-06,2.3535800153240416e-07,9699,
312,,,,9702,4.5321321522351354e-05
313,4.309679934522137e-05,5.6085809774231166e-06,2.499642164366378e-07,9709,
313,3.912385363946669e-05,6.161238616186893e-06,2.356605364184361e-07,9719,
313,3.6471221392275766e-05,4.657809313357575e-06,2.31462820465822e-07,9729,
313,,,,9733,4.0940376493381336e-05
314,3.880235453834757e-05,6.242521521926392e-06,2.3358245471172268e-07,9739,
314,3.68741930287797e-05,4.69669157610042e-06,2.422269460566895e-07,9749,
314,3.6110122891841456e-05,4.018810614070389e-06,2.2667482824090257e-07,9759,
314,,,,9764,3.882507007801905e-05
315,3.747530354303308e-05,5.978934041195316e-06,2.636726037508197e-07,9769,
315,3.6206754884915426e-05,6.817834218963981e-06,2.3979893626346893e-07,9779,
315,3.699086300912313e-05,5.435683306131978e-06,2.459582901792601e-07,9789,
315,,,,9795,3.7464524211827666e-05
316,3.697185456985608e-05,4.562930826068623e-06,2.3528005499429128e-07,9799,
316,3.5877117625204846e-05,4.2227211451972835e-06,2.5284953153459355e-07,9809,
316,3.493519761832431e-05,3.8381704143830575e-06,2.221274115754568e-07,9819,
316,,,,9826,3.767013913602568e-05
317,3.742264743777923e-05,7.0884902925172355e-06,2.3683656991124735e-07,9829,
317,3.5346751246834174e-05,4.255301064404193e-06,2.2214450723367918e-07,9839,
317,3.58767356374301e-05,4.082273335370701e-06,2.3707481489054771e-07,9849,
317,,,,9857,3.656878834590316e-05
318,3.759836181416176e-05,7.129841833375394e-06,2.4731062353566813e-07,9859,
318,3.686366471811198e-05,5.694540504919132e-06,2.631309712342045e-07,9869,
318,3.572387504391372e-05,3.769329850911163e-06,2.3464157550279197e-07,9879,
318,,,,9888,3.633477899711579e-05
319,3.5886838304577395e-05,4.301669378037332e-06,2.387635049672099e-07,9889,
319,3.625478711910546e-05,5.490537205332657e-06,2.510962531232508e-07,9899,
319,3.48383400705643e-05,3.882054443238303e-06,2.240615231130505e-07,9909,
319,2.9228165658423677e-05,2.213326297351159e-06,1.4601108100364968e-09,9919,
319,,,,9919,3.608035694924183e-05
320,3.6259883927414194e-05,4.53714619652601e-06,2.5448031237829127e-07,9929,
320,3.541225669323467e-05,4.054400960740168e-06,2.438835053908406e-07,9939,
320,3.5277698771096766e-05,4.899078703601845e-06,2.6237151473651465e-07,9949,
320,,,,9950,3.6339453799882904e-05
321,3.6703175283037126e-05,4.654877102439059e-06,2.53855404253045e-07,9959,
321,3.592362554627471e-05,3.941967861464946e-06,2.490300801127887e-07,9969,
321,3.5825771192321554e-05,4.335031462687766e-06,2.5365861233694886e-07,9979,
321,,,,9981,3.804860534728505e-05
322,3.715462298714556e-05,6.688580469926819e-06,2.53866829780236e-07,9989,
322,3.7458445149241015e-05,4.8590859478281345e-06,2.3895100298432226e-07,9999,
322,3.500906677800231e-05,4.999837528885109e-06,2.428722325475974e-07,10009,
322,,,,10012,3.9867543819127604e-05
323,3.584805381251499e-05,6.0302731981209945e-06,2.5596810360184463e-07,10019,
323,4.034044832224026e-05,4.893086497759214e-06,2.42022537122466e-07,10029,
323,3.467439819360152e-05,3.451804559517768e-06,2.379895960302747e-07,10039,
323,,,,10043,3.833302980638109e-05
324,3.619634662754834e-05,4.460916898096912e-06,2.4120441821651184e-07,10049,
324,3.50374320987612e-05,3.815741820289986e-06,2.4919978613979765e-07,10059,
324,3.4662880352698267e-05,3.74806745639944e-06,2.3415826433392795e-07,10069,
324,,,,10074,3.675134212244302e-05
325,3.5518696677172557e-05,4.072263436682988e-06,2.719066287681926e-07,10079,
325,3.460896550677717e-05,4.897545750282006e-06,2.4714265123293444e-07,10089,
325,3.5160865081707016e-05,4.300120963307563e-06,2.533997189857473e-07,10099,
325,,,,10105,3.8787591620348394e-05
326,3.7297766539268196e-05,5.604445505014155e-06,2.4289596467497176e-07,10109,
326,3.4742901334539056e-05,3.947209734178614e-06,2.608482247978827e-07,10119,
326,3.417233165237121e-05,3.6570388601830928e-06,2.2900020724136994e-07,10129,
326,,,,10136,3.6590507079381496e-05
327,3.666932025225833e-05,5.801114184578182e-06,2.4438426748929487e-07,10139,
327,3.452167584327981e-05,4.077549874637043e-06,2.295933114737636e-07,10149,
327,3.483997716102749e-05,3.9618585105927195e-06,2.441286142129684e-07,10159,
327,,,,10167,3.71863970940467e-05
328,3.739117892109789e-05,7.99552617536392e-06,2.545297093092813e-07,10169,
328,3.765220753848553e-05,7.051949069136754e-06,2.714191964514612e-07,10179,
328,3.5200006095692515e-05,3.7464365050254855e-06,2.4186599034692335e-07,10189,
328,,,,10198,3.651060251286253e-05
329,3.6185090721119195e-05,5.11234156874707e-06,2.4611054527667875e-07,10199,
329,3.5583118005888537e-05,6.926021342223976e-06,2.593360761693475e-07,10209,
329,3.3696262107696384e-05,3.8135185604915023e-06,2.3084474776169372e-07,10219,
329,2.8891494366689585e-05,2.534667373765842e-06,1.5217778148723937e-09,10229,
329,,,,10229,3.7721871194662526e-05
330,3.711742101586424e-05,5.753204277425539e-06,2.6249264806210704e-07,10239,
330,3.429609932936728e-05,3.933738298655953e-06,2.508517980004399e-07,10249,
330,3.4364366001682356e-05,4.116097898076987e-06,2.705946542391757e-07,10259,
330,,,,10260,3.752940028789453e-05
331,3.56221389665734e-05,4.306313257984584e-06,2.617742040911253e-07,10269,
331,3.481569001451135e-05,3.6572689623426413e-06,2.56893144978676e-07,10279,
331,3.528811066644266e-05,3.800099193540518e-06,2.611969875943032e-07,10289,
331,,,,10291,3.855440445477143e-05
332,3.490383824100718e-05,3.8048608530516503e-06,2.618034784518386e-07,10299,
332,3.728594310814515e-05,4.921792424283922e-06,2.466160253788985e-07,10309,
332,3.508881854941137e-05,4.035343863506569e-06,2.505847476186318e-07,10319,
332,,,,10322,4.0304446883965284e-05
333,3.7023019103799015e-05,4.3278246266709175e-06,2.6324136115363217e-07,10329,
333,4.136683855904266e-05,5.4288625506160315e-06,2.4929846631494e-07,10339,
333,3.3933443774003536e-05,3.525764213918592e-06,2.451589864449488e-07,10349,
333,,,,10353,3.847375774057582e-05
334,3.511030081426725e-05,4.400258603709517e-06,2.4839334855641937e-07,10359,
334,3.401847061468288e-05,5.475429134094156e-06,2.5658286517682427e-07,10369,
334,3.3864871511468664e-05,6.475820100604324e-06,2.414792845684133e-07,10379,
334,,,,10384,3.6380068195285276e-05
335,3.5247114283265546e-05,6.428266260627424e-06,2.8112717131989484e-07,10389,
335,3.573004505597055e-05,4.686583906732267e-06,2.554330933435267e-07,10399,
335,3.704487971845083e-05,3.758450930035906e-06,2.610457272567146e-07,10409,
335,,,,10415,4.346820787759498e-05
336,4.225136217428371e-05,9.011285328597296e-06,2.5145777726720553e-07,10419,
336,3.546180232660845e-05,5.101857368572382e-06,2.6956450938087073e-07,10429,
336,3.462238601059653e-05,5.77881837671157e-06,2.3604869170412712e-07,10439,
336,,,,10446,4.025213638669811e-05
337,3.89633460144978e-05,5.629269708151696e-06,2.5162421479763e-07,10449,
337,3.4880300518125296e-05,4.506962795858271e-06,2.3626748202332237e-07,10459,
337,3.5019227652810514e-05,4.5081519601808395e-06,2.513220920263848e-07,10469,
337,,,,10477,4.056698162457906e-05
338,3.892196764354594e-05,5.191650870983722e-06,2.608779254842375e-07,10479,
338,3.89293345506303e-05,5.752663128077984e-06,2.7963119464402553e-07,10489,
338,3.9135440601967275e-05,4.8233387133223005e-06,2.494439854672237e-07,10499,
338,,,,10508,3.925813507521525e-05
339,3.906335768988356e-05,4.218561571178725e-06,2.535595626795839e-07,10509,
339,3.762727646972053e-05,5.210478320805123e-06,2.674775316791056e-07,10519,
339,3.351896884851158e-05,3.977102551289136e-06,2.381652421945546e-07,10529,
339,2.7937267077504657e-05,2.7623957521427656e-06,1.5784182849643003e-09,10539,
339,,,,10539,3.823570295935497e-05
340,3.486972491373308e-05,6.954749096621526e-06,2.7040437089453917e-07,10549,
340,3.480413943179883e-05,4.028881903650472e-06,2.5897259092744207e-07,10559,
340,3.412685327930376e-05,3.676178721434553e-06,2.7930414603360987e-07,10569,
340,,,,10570,3.5487162676872686e-05
341,3.486766945570707e-05,3.821401151071768e-06,2.698956791391538e-07,10579,
341,3.2899035431910306e-05,3.533353037710185e-06,2.6533146524343465e-07,10589,
341,3.339475006214343e-05,3.593065002860385e-06,2.694081047138752e-07,10599,
341,,,,10601,4.0036178688751534e-05
342,3.7051089748274535e-05,4.959942089044489e-06,2.700262484722771e-07,10609,
342,3.432752055232413e-05,4.0764425648376346e-06,2.540540720019635e-07,10619,
342,3.378429028089158e-05,4.075302967976313e-06,2.5847404572232335e-07,10629,
342,,,,10632,3.933080370188691e-05
343,3.623378506745212e-05,4.302035904402146e-06,2.715466393965471e-07,10639,
343,3.496736098895781e-05,3.575764367269585e-06,2.5694134819786996e-07,10649,
343,3.219856444047764e-05,3.0017179142305395e-06,2.51974796583454e-07,10659,
343,,,,10663,3.44467225659173e-05
344,3.3912241633515805e-05,3.685618139570579e-06,2.56352450378472e-07,10669,
344,3.290849053882994e-05,4.082153736817418e-06,2.6373587047601177e-07,10679,
344,3.300664684502408e-05,3.6820936202275334e-06,2.4854026037246513e-07,10689,
344,,,,10694,3.574303264031187e-05
345,3.5065673728240654e-05,4.095412350579863e-06,2.891694066420314e-07,10699,
345,3.305620339233428e-05,4.070981049153488e-06,2.6224262228424777e-07,10709,
345,3.370249396539293e-05,3.835149072983768e-06,2.677614361346059e-07,10719,
345,,,,10725,3.4730117477010936e-05
346,3.38351383106783e-05,3.4546610550023615e-06,2.584207265954319e-07,10729,
346,3.2479434594279155e-05,4.55394183518365e-06,2.7663685386869474e-07,10739,
346,3.175537858624011e-05,3.3447345231252257e-06,2.4362370254493726e-07,10749,
346,,,,10756,3.4436696296324953e-05
347,3.378996916580945e-05,3.929521426471183e-06,2.593166357200971e-07,10759,
347,3.183055741828866e-05,3.1363372272608103e-06,2.436522663629148e-07,10769,
347,3.2647341868141666e-05,3.301534206912038e-06,2.5845403683888435e-07,10779,
347,,,,10787,3.572825153241865e-05
348,3.821713835350238e-05,6.3364836933033075e-06,2.6839836664294126e-07,10789,
348,3.3915232052095234e-05,4.9515369937580545e-06,2.8744028668370447e-07,10799,
348,3.3819564123405144e-05,3.412607838981785e-06,2.5624396471357613e-07,10809,
348,,,,10818,3.682633541757241e-05
349,3.6028413887834176e-05,5.447461717267288e-06,2.605643203423824e-07,10819,
349,3.406735049793497e-05,5.79705510972417e-06,2.755326136139047e-07,10829,
349,3.466810085228644e-05,4.583725058182608e-06,2.4444736368423037e-07,10839,
349,2.8080035917810164e-05,2.2187866761669284e-06,1.643164937448205e-09,10849,
349,,,,10849,3.619570270529948e-05
350,3.3522635931149125e-05,5.873168902326142e-06,2.7813879910354444e-07,10859,
350,3.3653679565759376e-05,4.012998033431359e-06,2.6593235702421225e-07,10869,
350,3.278948861407116e-05,3.992173787992215e-06,2.872524191843695e-07,10879,
350,,,,10880,3.9298545743804425e-05
351,3.564135840861127e-05,4.958234967489261e-06,2.7761660703617963e-07,10889,
351,3.3557036658748984e-05,4.1124708332063165e-06,2.731385109200346e-07,10899,
351,3.301069955341518e-05,4.024677764391527e-06,2.768955482679303e-07,10909,
351,,,,10911,3.7288849853212014e-05
352,3.506278881104663e-05,7.186949460447067e-06,2.7764605192714953e-07,10919,
352,3.310728425276466e-05,3.5622813356894767e-06,2.618957637423591e-07,10929,
352,3.232542803743854e-05,3.748967401406844e-06,2.6588236323732417e-07,10939,
352,,,,10942,3.6354038456920534e-05
353,3.5531695175450295e-05,5.683705694536911e-06,2.786552499856043e-07,10949,
353,3.456029298831709e-05,4.705259925685823e-06,2.6412837428324565e-07,10959,
353,3.226162516511977e-05,3.4375614177406533e-06,2.585641141195083e-07,10969,
353,,,,10973,3.41962804668583e-05
354,3.335151632199995e-05,4.123041890125023e-06,2.632625069054484e-07,10979,
354,3.333132553962059e-05,3.583046918720356e-06,2.7095251198261394e-07,10989,
354,3.188689879607409e-05,3.0825067369733006e-06,2.556303400069737e-07,10999,
354,,,,11004,3.330264371470548e-05
355,3.27966918121092e-05,3.297187276984914e-06,2.9753124408671283e-07,11009,
355,3.246110645704903e-05,3.840264071186539e-06,2.699851506804407e-07,11019,
355,3.219942300347611e-05,3.6960675515729235e-06,2.750269061380095e-07,11029,
355,,,,11035,3.3880056435009465e-05
356,3.309298699605279e-05,5.549244178837398e-06,2.65606985294653e-07,11039,
356,3.208823545719497e-05,3.3227101994270924e-06,2.8494622483776766e-07,11049,
356,3.1233961635734886e-05,3.280638111391454e-06,2.5045923734978714e-07,11059,
356,,,,11066,3.35086697305087e-05
357,3.310026295366697e-05,8.25599636300467e-06,2.66548511262954e-07,11069,
357,3.166511669405736e-05,3.116254447377287e-06,2.504943665826431e-07,11079,
357,3.2094809284899384e-05,3.482530473775114e-06,2.656990716332075e-07,11089,
357,,,,11097,3.397655382286757e-05
358,3.5312350519234315e-05,7.8722441685386e-06,2.7576018624131393e-07,11099,
358,3.311872933409177e-05,3.866799488605466e-06,2.958088600735209e-07,11109,
358,3.180809653713368e-05,3.0867101941112196e-06,2.6317954393562104e-07,11119,
358,,,,11128,3.7948237149976194e-05
359,3.728903902810998e-05,4.60962155557354e-06,2.6783663997775875e-07,11129,
359,3.5543816920835525e-05,4.867662028118502e-06,2.83331758055283e-07,11139,
359,3.3511176297906786e-05,3.985340299550444e-06,2.5164465000671044e-07,11149,
359,2.765623685263563e-05,3.3535839065734763e-06,1.6983994211017261e-09,11159,
359,,,,11159,3.640832437667996e-05
360,3.400038258405402e-05,4.164302936260356e-06,2.853356306786736e-07,11169,
360,3.180585918016732e-05,3.5034470329264877e-06,2.7242631972512754e-07,11179,
360,3.214152457076125e-05,4.935361630487023e-06,2.951094302261481e-07,11189,
360,,,,11190,3.7036239518783987e-05
361,3.343325079185888e-05,5.9119806792296e-06,2.8491515990936023e-07,11199,
361,3.184171873726882e-05,4.405722393130418e-06,2.803890311042778e-07,11209,
361,3.470867159194313e-05,3.743441993719898e-06,2.841388777596876e-07,11219,
361,,,,11221,3.632658990682103e-05
362,3.4283682907698676e-05,4.297609393688617e-06,2.8508091531875834e-07,11229,
362,3.170461059198715e-05,3.38294421453611e-06,2.6926295504381415e-07,11239,
362,3.087105869781226e-05,2.69399083663302e-06,2.7354218445907463e-07,11249,
362,,,,11252,3.25270630128216e-05
363,3.1407307687914e-05,3.144990159853478e-06,2.8578764954545477e-07,11259,
363,3.202042353223078e-05,3.376261474841158e-06,2.72490865427244e-07,11269,
363,3.0311404771055095e-05,2.624993157951394e-06,2.653544299846544e-07,11279,
363,,,,11283,3.172491415170953e-05
364,3.12956799461972e-05,3.0669077659695176e-06,2.705020847315609e-07,11289,
364,3.124914655927569e-05,2.7763926482293755e-06,2.776517362690356e-07,11299,
364,3.0647926905658096e-05,2.6334828362450935e-06,2.621753196763166e-07,11309,
364,,,,11314,3.201464278390631e-05
365,3.1409275834448636e-05,2.9368527521000942e-06,3.0564112307729374e-07,11319,
365,3.10616051137913e-05,3.351327677592053e-06,2.7697424798134307e-07,11329,
365,3.112481863354333e-05,2.9928874027973507e-06,2.818989059960586e-07,11339,
365,,,,11345,3.2785581424832344e-05
366,3.196790930815041e-05,3.7975858049321687e-06,2.729402126533387e-07,11349,
366,3.084361378569156e-05,2.780922613965231e-06,2.926303466210811e-07,11359,
366,3.0306900953291915e-05,2.64581581177481e-06,2.572864161720645e-07,11369,
366,,,,11376,3.316837319289334e-05
367,3.242187813157216e-05,3.616011554186116e-06,2.7427853410699754e-07,11379,
367,3.034656765521504e-05,3.3241256005567266e-06,2.5772365574994183e-07,11389,
367,3.248657958465628e-05,3.6977148738515098e-06,2.72254197852817e-07,11399,
367,,,,11407,3.621448195190169e-05
368,3.741183172678575e-05,5.27475958733703e-06,2.8187659495415573e-07,11409,
368,3.368724719621241e-05,3.911353360308567e-06,3.037507099179493e-07,11419,
368,3.379550980753265e-05,4.611203166859923e-06,2.6990161927642475e-07,11429,
368,,,,11438,3.3847718441393226e-05
369,3.3216841984540224e-05,5.868924290552968e-06,2.7516901468516153e-07,11439,
369,3.276694405940361e-05,5.656262601405615e-06,2.911003491590236e-07,11449,
369,3.362546340213157e-05,3.7256593259371584e-06,2.580386819772684e-07,11459,
369,2.692845737328753e-05,2.039081437033019e-06,1.7600777502124743e-09,11469,
369,,,,11469,3.6103007005294785e-05
370,3.3381620596628636e-05,4.519496542343404e-06,2.928915137090371e-07,11479,
370,3.252403985243291e-05,3.1223116820910946e-06,2.7962147441940033e-07,11489,
370,3.1623731047147885e-05,3.1360330012830673e-06,3.030540085546818e-07,11499,
370,,,,11500,3.274884511483833e-05
371,3.1237726943800226e-05,3.4518227494118037e-06,2.9308944249351043e-07,11509,
371,3.0086921469774097e-05,2.7610792585619492e-06,2.8844200983257906e-07,11519,
371,3.102742994087748e-05,2.9289283247635467e-06,2.9209519425421604e-07,11529,
371,,,,11531,3.1742580176796764e-05
372,3.0725084798177704e-05,2.9130890197848203e-06,2.9268264256643306e-07,11539,
372,3.198556441930123e-05,4.436165454535512e-06,2.768834974631318e-07,11549,
372,3.043245305889286e-05,2.988057758557261e-06,2.805205383538123e-07,11559,
372,,,,11562,3.1687875889474526e-05
373,3.0610888643423095e-05,2.886855099859531e-06,2.9303618021003786e-07,11569,
373,3.045570156245958e-05,2.7170726752956398e-06,2.7927168844144035e-07,11579,
373,2.957773904199712e-05,2.904454277086188e-06,2.71917286909229e-07,11589,
373,,,,11593,3.130220648017712e-05
374,3.0518436687998474e-05,2.8880997433589073e-06,2.776075120891619e-07,11599,
374,3.132996062049642e-05,4.031473054055823e-06,2.845969504505774e-07,11609,
374,3.007538543897681e-05,2.6726977466751123e-06,2.6869150815400644e-07,11619,
374,,,,11624,3.198193371645175e-05
375,3.0781775421928614e-05,3.316085667393054e-06,3.1358973728856654e-07,11629,
375,3.201718209311366e-05,3.1724209748063004e-06,2.839873616267141e-07,11639,
375,3.099010791629553e-05,4.1215985220333096e-06,2.886332310936268e-07,11649,
375,,,,11655,3.4685537684708834e-05
376,3.451907105045393e-05,5.786401743534952e-06,2.8066321533515293e-07,11659,
376,3.591997301555239e-05,5.594110461970558e-06,3.00071093306542e-07,11669,
376,3.1764408049639314e-05,3.325631041661836e-06,2.637461022914067e-07,11679,
376,,,,11686,3.8338628655765206e-05
377,4.054907549289055e-05,8.274277206510305e-06,2.8114607175666606e-07,11689,
377,3.224679676350206e-05,3.859171101794345e-06,2.640287561916921e-07,11699,
377,3.2632433430990204e-05,4.772523425344843e-06,2.793482849483553e-07,11709,
377,,,,11717,4.210462429909967e-05
378,4.119914956390858e-05,8.469874956062995e-06,2.889489678636892e-07,11719,
378,3.700864181155339e-05,8.207174687413499e-06,3.116716982276557e-07,11729,
378,3.556766387191601e-05,4.63907736047986e-06,2.775396694687515e-07,11739,
378,,,,11748,4.330228694016114e-05
379,4.1775678255362436e-05,6.590528300876031e-06,2.819109568008571e-07,11749,
379,3.962564005632885e-05,7.659810762561392e-06,2.987311233937362e-07,11759,
379,3.353762440383434e-05,4.6836212277412415e-06,2.646959558205708e-07,11769,
379,2.7036056053475477e-05,1.9651993170555215e-06,1.8172875426714086e-09,11779,
379,,,,11779,3.564999860827811e-05
380,3.2889169233385473e-05,5.449002856039442e-06,3.009237161677447e-07,11789,
380,3.37126330123283e-05,4.150731911067851e-06,2.872332629522134e-07,11799,
380,3.082525290665217e-05,4.106313554075314e-06,3.111067599093076e-07,11809,
380,,,,11810,3.5578304959926754e-05
381,3.252980241086334e-05,4.584620910463855e-06,3.0085803359725105e-07,11819,
381,3.006832776009105e-05,3.0087314826232614e-06,2.955799800474779e-07,11829,
381,3.054041735595092e-05,3.4452148156560725e-06,2.996403907218337e-07,11839,
381,,,,11841,3.361579729244113e-05
382,3.1377316190628335e-05,3.7658039673260646e-06,3.011498108662636e-07,11849,
382,3.0795345082879066e-05,3.599936917453306e-06,2.843774495886464e-07,11859,
382,2.9774391805403866e-05,2.8587346605490893e-06,2.881329805859423e-07,11869,
382,,,,11872,3.284811828052625e-05
383,3.0054359740461223e-05,3.0649778182123555e-06,3.0068426326579356e-07,11879,
383,3.1498417229158804e-05,3.0351541226991685e-06,2.8670615392911714e-07,11889,
383,2.9336129955481738e-05,2.5123058549070265e-06,2.785003516692086e-07,11899,
383,,,,11903,3.218982965336181e-05
384,3.075126733165234e-05,3.3676521979941754e-06,2.8493423087638803e-07,11909,
384,2.96848411380779e-05,2.740355967034702e-06,2.911752403633727e-07,11919,
384,2.9415979952318594e-05,2.3778152353770565e-06,2.7539161351342045e-07,11929,
384,,,,11934,3.050792838621419e-05
385,2.9933402402093634e-05,2.9762848043901613e-06,3.2161304375222244e-07,11939,
385,2.9272165193106048e-05,2.970434479721007e-06,2.9116668542883417e-07,11949,
385,2.9876206099288538e-05,2.987625293826568e-06,2.9587152994281496e-07,11959,
385,,,,11965,3.0755392799619585e-05
386,3.056696368730627e-05,2.8421363822417334e-06,2.87466605186637e-07,11969,
386,3.0354081900441088e-05,2.935445536422776e-06,3.0773031767239445e-07,11979,
386,2.9143659048713744e-05,2.550897761466331e-06,2.7097729571323725e-07,11989,
386,,,,11996,3.02114258374786e-05
387,2.994535861944314e-05,2.98036502499599e-06,2.882366914036538e-07,11999,
387,3.04286768368911e-05,2.768429794741678e-06,2.7092869459011126e-07,12009,
387,3.095017746090889e-05,3.2624714094708906e-06,2.860834626972064e-07,12019,
387,,,,12027,3.0070052162045613e-05
388,3.0283525120466948e-05,3.119963366771117e-06,2.962797793770733e-07,12029,
388,3.1328192562796175e-05,3.146103836115799e-06,3.1941215183906024e-07,12039,
388,3.1318799301516265e-05,2.849641305147088e-06,2.8403934493326233e-07,12049,
388,,,,12058,3.0013701689313166e-05
389,2.9669408831978217e-05,2.4467317416565493e-06,2.878606721878896e-07,12059,
389,2.9781618650304154e-05,2.6855161650019e-06,3.058785296161659e-07,12069,
389,2.9909344448242337e-05,2.7421581307862652e-06,2.705361339394585e-07,12079,
389,2.451951331750024e-05,1.1047953876186511e-06,1.865924081911885e-09,12089,
389,,,,12089,2.9939501473563723e-05
390,2.9290189559105784e-05,2.3977777345862705e-06,3.075965082643961e-07,12099,
390,2.987884909089189e-05,2.254918399557937e-06,2.9315182814571017e-07,12109,
390,2.9100352548994124e-05,2.3776258331054123e-06,3.181228294124594e-07,12119,
390,,,,12120,2.973294976982288e-05
391,3.0181889087543823e-05,2.703518021007767e-06,3.074478627240751e-07,12129,
391,2.840499837475363e-05,2.2848942080599954e-06,3.0236512316150765e-07,12139,
391,2.965737076010555e-05,2.4227495032391744e-06,3.0619463586845086e-07,12149,
391,,,,12151,3.0015331503818743e-05
392,2.9477796488208696e-05,2.867478315238259e-06,3.0718541665919474e-07,12159,
392,2.9494325644918717e-05,2.6533068648859626e-06,2.907505631810636e-07,12169,
392,2.891189251386095e-05,2.650080887178774e-06,2.9427349090838106e-07,12179,
392,,,,12182,3.0819090170552954e-05
393,2.9382757929852232e-05,2.7962300919170957e-06,3.0697199804308184e-07,12189,
393,2.9918355721747503e-05,3.0008741305209696e-06,2.929547235908103e-07,12199,
393,2.8920872864546254e-05,2.8564079457282787e-06,2.843544280040078e-07,12209,
393,,,,12213,3.2873380405362695e-05
394,3.212683441233821e-05,5.3403891797643155e-06,2.9154190883673436e-07,12219,
394,3.191600626450963e-05,4.539856945484644e-06,2.9705742576879857e-07,12229,
394,3.041227137146052e-05,4.001724391855532e-06,2.81306796523495e-07,12239,
394,,,,12244,4.112712122150697e-05
395,3.343740536365658e-05,5.475898433360271e-06,3.2845301234374347e-07,12249,
395,3.303990888525732e-05,4.4521898416860495e-06,2.968039609640982e-07,12259,
395,3.1307288736570626e-05,5.251763013802702e-06,3.021041550255177e-07,12269,
395,,,,12275,3.435055987210944e-05
396,3.434094105614349e-05,5.3734652283310425e-06,2.9440968773997156e-07,12279,
396,3.084112540818751e-05,4.654973054130096e-06,3.1490137075707025e-07,12289,
396,2.9274224289110862e-05,3.2967709557851776e-06,2.7734824925573776e-07,12299,
396,,,,12306,3.287220897618681e-05
397,3.240666046622209e-05,6.390498583641602e-06,2.9571137361017463e-07,12309,
397,2.8948737963219173e-05,3.6870926578558283e-06,2.7728728468900954e-07,12319,
397,2.9446617190842517e-05,3.495040800771676e-06,2.9231983944555395e-07,12329,
397,,,,12337,3.0133411200949922e-05
398,3.0327788408612832e-05,4.905313744529849e-06,3.0339734280460107e-07,12339,
398,3.1083454814506695e-05,5.01364229421597e-06,3.267409738327842e-07,12349,
398,3.055514025618322e-05,3.3703568078635726e-06,2.9071131280034024e-07,12359,
398,,,,12368,3.456882404861972e-05
399,3.387973629287444e-05,4.786354111274704e-06,2.9451550176418095e-07,12369,
399,3.069738522754051e-05,3.264758561272174e-06,3.1328193017543526e-07,12379,
399,3.0065888495300896e-05,2.7734301966120256e-06,2.7662593993227347e-07,12389,
399,2.5506451493129134e-05,1.7564136669534491e-06,1.9202073264779074e-09,12399,
399,,,,12399,3.1378214771393687e-05
400,3.0172030164976604e-05,3.07565028379031e-06,3.1516620424554276e-07,12409,
400,3.1400646548718214e-05,3.027513457709574e-06,2.9959997505102365e-07,12419,
400,2.988816959259566e-05,2.884074774556211e-06,3.2544573969062185e-07,12429,
400,,,,12430,3.40310980391223e-05
401,3.125056537101045e-05,3.595518137444742e-06,3.145771074741788e-07,12439,
401,2.8950471460120752e-05,4.154616817686474e-06,3.089039068981947e-07,12449,
401,2.9787637686240487e-05,5.661145678459434e-06,3.1265764732779644e-07,12459,
401,,,,12461,3.5797223972622305e-05
402,3.393521546968259e-05,4.724048721982399e-06,3.1467880035052076e-07,12469,
402,3.0642473575426266e-05,5.571003839577315e-06,2.9770288278996304e-07,12479,
402,3.0453051294898614e-05,2.7470766781334532e-06,3.004265636263881e-07,12489,
402,,,,12492,3.5329310776432976e-05
403,3.2790496334200725e-05,3.7173267628531903e-06,3.1436431413567334e-07,12499,
403,3.198591366526671e-05,9.104274795390666e-06,2.993713792420749e-07,12509,
403,2.9528016966651194e-05,3.432183120821719e-06,2.9016635494372167e-07,12519,
403,,,,12523,3.512325929477811e-05
404,3.2768555684015155e-05,4.042961791128619e-06,2.980697502152907e-07,12529,
404,2.9605587769765407e-05,4.115574029128766e-06,3.0333271183735633e-07,12539,
404,2.838842738128733e-05,2.409562284810818e-06,2.877264648759592e-07,12549,
404,,,,12554,3.262418613303453e-05
405,3.0403225537156686e-05,5.002365924156038e-06,3.3645378039182106e-07,12559,
405,2.8961698262719437e-05,3.0129251626931364e-06,3.0377808002413076e-07,12569,
405,2.941963066405151e-05,3.0083724595897365e-06,3.0782697990616725e-07,12579,
405,,,,12585,3.693828693940304e-05
406,3.3784988772822544e-05,5.153033725946443e-06,3.0051887733861804e-07,12589,
406,3.103941708104685e-05,4.65406719740713e-06,3.20888545957132e-07,12599,
406,2.8989341444685124e-05,3.346725179653731e-06,2.8299751875238144e-07,12609,
406,,,,12616,3.382288196007721e-05
407,3.15775687340647e-05,3.4889051221398404e-06,3.019557084371627e-07,12619,
407,2.8518146791611798e-05,2.634559450598317e-06,2.836833630226465e-07,12629,
407,2.8410826416802593e-05,2.7124956432089675e-06,2.982511091431661e-07,12639,
407,,,,12647,3.183352964697406e-05
408,3.2386167731601745e-05,4.179748884780565e-06,3.0892948643668205e-07,12649,
408,3.0521649023285136e-05,3.0923893064027652e-06,3.3350286798849993e-07,12659,
408,2.990389839396812e-05,2.6979257654602407e-06,2.964922032333561e-07,12669,
408,,,,12678,3.055101478821598e-05
409,3.045498306164518e-05,2.5034439659066265e-06,3.002596429269033e-07,12679,
409,3.052661850233562e-05,4.02970181312412e-06,3.199718889845826e-07,12689,
409,2.8026377549394965e-05,2.4009423214010894e-06,2.825759963798191e-07,12699,
409,2.4069766368484125e-05,1.2997597877983935e-06,1.9692394381820577e-09,12709,
409,,,,12709,3.081715840380639e-05
410,2.8306259991950355e-05,2.7708615562005434e-06,3.21211786058484e-07,12719,
410,2.9220942451502196e-05,2.423962541797664e-06,3.0535210271409596e-07,12729,
410,2.8310403649811633e-05,2.3430734472640324e-06,3.323519877085346e-07,12739,
410,,,,12740,3.090217796852812e-05
411,2.9140110200387426e-05,3.7380018511612434e-06,3.2087800150293333e-07,12749,
411,2.7888008844456635e-05,2.625535898914677e-06,3.155593049086747e-07,12759,
411,2.8746168027282692e-05,2.6821060146176023e-06,3.1918435183797556e-07,12769,
411,,,,12771,3.167069735354744e-05
412,3.071536048082635e-05,4.036617610836402e-06,3.2080490086627833e-07,12779,
412,2.9184597224229947e-05,2.6159805202041753e-06,3.035275142337923e-07,12789,
412,2.8846750865341164e-05,2.381514605076518e-06,3.07080966877038e-07,12799,
412,,,,12802,3.401961657800712e-05
413,2.9183909646235406e-05,3.0343646812980296e-06,3.199996569946961e-07,12809,
413,3.0854691431159154e-05,3.1506108371104347e-06,3.0536079975718167e-07,12819,
413,2.7646472517517395e-05,2.116021732945228e-06,2.9566959369731194e-07,12829,
413,,,,12833,3.0519222491420805e-05
414,2.93758166662883e-05,2.9573236588475993e-06,3.0414514640142443e-07,12839,
414,2.9947821531095542e-05,3.1033439427119447e-06,3.0928919159123325e-07,12849,
414,2.9275124688865617e-05,3.6932856346538756e-06,2.9312860760910553e-07,12859,
414,,,,12864,2.946430140582379e-05
415,2.9006203476455994e-05,2.684891796889133e-06,3.4276246196895954e-07,12869,
415,2.826243689924013e-05,2.5984036255977117e-06,3.0962263508627075e-07,12879,
415,2.811874946928583e-05,2.1345260847738246e-06,3.143073570299748e-07,12889,
415,,,,12895,3.152848512399942e-05
416,2.9129701943020336e-05,2.9439049740176415e-06,3.073010077514482e-07,12899,
416,2.808745193760842e-05,2.96744792649406e-06,3.2784706149868725e-07,12909,
416,2.7844722353620455e-05,2.922961812146241e-06,2.882257490455231e-07,12919,
416,,,,12926,3.0287665140349418e-05
417,3.0152650651871227e-05,4.621416792360833e-06,3.0697546549163235e-07,12929,
417,2.818474058585707e-05,2.354342086618999e-06,2.884980290218664e-07,12939,
417,2.8644146368606016e-05,2.5353353976242943e-06,3.04375447512939e-07,12949,
417,,,,12957,2.982572368637193e-05
418,2.9716578865190968e-05,3.6069704947294667e-06,3.145423761452548e-07,12959,
418,3.036698399228044e-05,3.034034079973935e-06,3.4042238894471666e-07,12969,
418,2.8326239771558903e-05,2.4727296477067284e-06,3.021546604031755e-07,12979,
418,,,,12988,3.0035504096304066e-05
419,2.9666900445590727e-05,2.5577635369700147e-06,3.06054715792925e-07,12989,
419,2.817067979776766e-05,2.763511702141841e-06,3.260231267177005e-07,12999,
419,2.8414822736522183e-05,3.035162080777809e-06,2.8794272566301515e-07,13009,
419,2.487877463863697e-05,1.5646674000890926e-06,2.0124506505680984e-09,13019,
419,,,,13019,3.260889570810832e-05
420,3.1727970053907484e-05,4.388221896078903e-06,3.270780268849194e-07,13029,
420,2.9051920137135312e-05,3.4981537737621693e-06,3.1075617812348355e-07,13039,
420,2.9589355108328164e-05,2.8701902010652702e-06,3.3824829870354733e-07,13049,
420,,,,13050,3.887194543494843e-05
421,3.279062730143778e-05,4.023465407954063e-06,3.2736141974964994e-07,13059,
421,2.9890219593653455e-05,3.807603206951171e-06,3.2127167060025386e-07,13069,
421,2.8479968023020774e-05,2.436771865177434e-06,3.245925199735211e-07,13079,
421,,,,13081,3.319135430501774e-05
422,2.9528206141549163e-05,4.14715577790048e-06,3.2684746997801994e-07,13089,
422,2.929586116806604e-05,2.3061668343871133e-06,3.1010208090265223e-07,13099,
422,2.7337237042956986e-05,2.9798086416121805e-06,3.126630474525882e-07,13109,
422,,,,13112,3.126901719952002e-05
423,2.9514685593312606e-05,2.8800488962588133e-06,3.262458676545066e-07,13119,
423,3.182884756824933e-05,1.042011717800051e-05,3.1147868639891385e-07,13129,
423,2.855616548913531e-05,4.18262925450108e-06,3.0138815532154695e-07,13139,
423,,,,13143,3.0575913115171716e-05
424,2.938408579211682e-05,3.226145736334729e-06,3.098612637586484e-07,13149,
424,2.9276790883159265e-05,4.562157755572116e-06,3.142943683087651e-07,13159,
424,2.8076385206077248e-05,3.0797980343777454e-06,2.98345071314543e-07,13169,
424,,,,13174,3.017467497556936e-05
425,2.8268936148378998e-05,3.4132515338569647e-06,3.4966026873917144e-07,13179,
425,2.7734055038308725e-05,2.68804001279932e-06,3.1529708621746977e-07,13189,
425,2.87127240881091e-05,2.6881280064117163e-06,3.1946908052304934e-07,13199,
425,,,,13205,2.9363711291807704e-05
426,2.922547901107464e-05,3.4242639230797067e-06,3.12735210172832e-07,13209,
426,2.8462733098422177e-05,2.7539897473616293e-06,3.334548068778531e-07,13219,
426,2.687724190764129e-05,2.923276952060405e-06,2.9369971343840007e-07,13229,
426,,,,13236,3.2026269764173776e-05
427,3.121931877103634e-05,5.548551598621998e-06,3.124516751995543e-07,13239,
427,2.88624160020845e-05,3.3653345781203825e-06,2.947795394447894e-07,13249,
427,2.809315083140973e-05,3.7887912185397e-06,3.0953805207900587e-07,13259,
427,,,,13267,3.269100488978438e-05
428,3.540549732861109e-05,6.900536391185597e-06,3.2074638056656113e-07,13269,
428,3.0357059586094692e-05,3.7671936752303736e-06,3.464333815372811e-07,13279,
428,2.759941344265826e-05,2.628810761962086e-06,3.0699771969011636e-07,13289,
428,,,,13298,3.039134207938332e-05
429,3.0046512620174326e-05,2.799675485221087e-06,3.10796224312071e-07,13299,
429,2.850564123946242e-05,2.8047568321198924e-06,3.321837311887066e-07,13309,
429,3.0240067644626833e-05,4.508361598709598e-06,2.9402079348983534e-07,13319,
429,2.466781734256074e-05,1.5743893300168565e-06,2.0559736135794537e-09,13329,
429,,,,13329,3.342025229358114e-05
430,2.866704744519666e-05,3.3972262372117257e-06,3.3297013146693644e-07,13339,
430,2.8558533813338727e-05,2.726177854128764e-06,3.1624477969671716e-07,13349,
430,2.756736103037838e-05,2.2941774204809917e-06,3.448657253102283e-07,13359,
430,,,,13360,2.885451976908371e-05
431,2.7884694645763375e-05,2.2381516373570776e-06,3.330359277242678e-07,13369,
431,2.6410043574287556e-05,2.0710169792437227e-06,3.269770161296037e-07,13379,
431,2.7157115255249664e-05,2.150433147107833e-06,3.305548545995407e-07,13389,
431,,,,13391,2.7667090762406588e-05
432,2.7160614990862086e-05,2.382354978180956e-06,3.328626689835801e-07,13399,
432,2.669989953574259e-05,2.2759902549296385e-06,3.157603032377665e-07,13409,
432,2.6435000108904205e-05,2.064424734271597e-06,3.1794553478903254e-07,13419,
432,,,,13422,2.7942653105128556e-05
433,2.7195190341444686e-05,2.3440579752787016e-06,3.310521776711539e-07,13429,
433,2.8291702619753778e-05,2.6031555080407998e-06,3.163351323109964e-07,13439,
433,2.6353376597398892e-05,2.2276333311310736e-06,3.056956927594001e-07,13449,
433,,,,13453,2.978250995511189e-05
434,2.8515914891613647e-05,2.740277295742999e-06,3.1473700801143423e-07,13459,
434,2.978115480800625e-05,2.386462483627838e-06,3.191615007835935e-07,13469,
434,2.7162641345057636e-05,2.388200528002926e-06,3.033400730600988e-07,13479,
434,,,,13484,2.8129610655014403e-05
435,2.7961457817582414e-05,3.0947508093959186e-06,3.5516072216523753e-07,13489,
435,2.7337322535458952e-05,2.517120037737186e-06,3.204901020126272e-07,13499,
435,2.692728776310105e-05,2.2712292775395326e-06,3.244344952690881e-07,13509,
435,,,,13515,3.075619679293595e-05
436,2.9599714252981357e-05,4.964214440406067e-06,3.1820431445339636e-07,13519,
436,2.81377142528072e-05,2.579196006990969e-06,3.3898186302394606e-07,13529,
436,2.6723171686171554e-05,2.2450719825428678e-06,2.9790547273478296e-07,13539,
436,,,,13546,2.99439525406342e-05
437,2.8500919142970815e-05,6.123675120761618e-06,3.175981362346647e-07,13549,
437,2.8048358217347413e-05,3.5795162602880737e-06,2.9902403753112594e-07,13559,
437,2.7988975489279255e-05,2.722266344790114e-06,3.154284797801665e-07,13569,
437,,,,13577,2.9827844628016464e-05
438,3.066342469537631e-05,4.511592123890296e-06,3.255084948250442e-07,13579,
438,2.9711613024119288e-05,2.86482168121438e-06,3.5245525964455737e-07,13589,
438,2.8402469979482703e-05,2.2553017515747342e-06,3.125137197912409e-07,13599,
438,,,,13608,2.7740325094782747e-05
439,2.7453270377009176e-05,2.5579188331903424e-06,3.167646696056181e-07,13609,
439,2.7814729037345387e-05,2.706632358240313e-06,3.3730117365848855e-07,13619,
439,2.923416832345538e-05,3.4549943848105613e-06,2.977118356284336e-07,13629,
439,2.3083164705894887e-05,9.01944247289066e-07,2.1002515282475542e-09,13639,
439,,,,13639,2.908724309236277e-05
440,3.0441144190263003e-05,3.281967792645446e-06,3.387600600035512e-07,13649,
440,2.7946756745222956e-05,2.694255954338587e-06,3.2067413258118904e-07,13659,
440,2.719795156735927e-05,2.4038110950641567e-06,3.5022085853597673e-07,13669,
440,,,,13670,2.9686039852094837e-05
441,2.9610102501465008e-05,3.9623155316803604e-06,3.383409818979999e-07,13679,
441,2.707362909859512e-05,2.20954598262324e-06,3.32256860247071e-07,13689,
441,2.7114107069792226e-05,2.4340670279343612e-06,3.3604422355892893e-07,13699,
441,,,,13701,2.8014921554131433e-05
442,2.71607750619296e-05,2.7193821097171167e-06,3.3819708278315375e-07,13709,
442,2.718553332670126e-05,4.234518655721331e-06,3.2096934887704265e-07,13719,
442,2.6294672352378257e-05,2.5063741304620635e-06,3.2300312113875407e-07,13729,
442,,,,13732,2.8260330509510823e-05
443,2.7038784537580796e-05,2.5525926048430847e-06,3.3607398108870257e-07,13739,
443,3.0118932045297697e-05,2.8797128379665082e-06,3.215543245005392e-07,13749,
443,2.5998271667049266e-05,2.063650072159362e-06,3.101145864548016e-07,13759,
443,,,,13763,2.769857928797137e-05
444,2.8072689019609243e-05,2.487600568201742e-06,3.1977927505977277e-07,13769,
444,2.9839686249033548e-05,2.8335509796306724e-06,3.23948142977315e-07,13779,
444,2.682740887394175e-05,2.0532950202323264e-06,3.077707617649139e-07,13789,
444,,,,13794,3.0451908969553187e-05
445,2.9545619327109307e-05,2.5748959160409868e-06,3.608452061598655e-07,13799,
445,2.7129952286486514e-05,2.5563249437254854e-06,3.2542618555453373e-07,13809,
445,2.7643474822980352e-05,3.2561754323978676e-06,3.2931919236034446e-07,13819,
445,,,,13825,3.3665564842522144e-05
446,3.142369314446114e-05,4.961170816386584e-06,3.232148060305917e-07,13829,
446,3.019722680619452e-05,5.57794191990979e-06,3.4448510177753633e-07,13839,
446,2.84931647911435e-05,4.4737062125932425e-06,3.0377236726053525e-07,13849,
446,,,,13856,3.0319166398840025e-05
447,2.9158240067772567e-05,2.705627366594854e-06,3.222677662506612e-07,13859,
447,2.7188460080651566e-05,2.846217967089615e-06,3.0457974276032473e-07,13869,
447,2.7006362870451994e-05,3.447202516326797e-06,3.2013710438150156e-07,13879,
447,,,,13887,3.5590761399362236e-05
448,3.751950498553924e-05,4.552858626993839e-06,3.324000772408908e-07,13889,
448,2.9590290068881586e-05,4.885211183136562e-06,3.5794803920907725e-07,13899,
448,2.7910748030990362e-05,2.767808609860367e-06,3.1741188877276727e-07,13909,
448,,,,13918,3.420477514737286e-05
449,3.4509135730331764e-05,6.573945029231254e-06,3.214809396467899e-07,13919,
449,3.3348871511407197e-05,8.010420060600154e-06,3.4271721460754634e-07,13929,
449,2.8239293897058815e-05,3.517847289913334e-06,3.025145645096927e-07,13939,
449,2.3403288651024923e-05,1.9364345007488737e-06,2.1431467711607866e-09,13949,
449,,,,13949,3.300208118162118e-05
450,3.063160693272948e-05,4.892735432804329e-06,3.4383887737021723e-07,13959,
450,2.7682175641530193e-05,2.600498874016921e-06,3.256483580571512e-07,13969,
450,2.6340439944760874e-05,2.481481033100863e-06,3.564143469247938e-07,13979,
450,,,,13980,2.8600217774510384e-05
451,2.7109970687888563e-05,3.4567401598906144e-06,3.438767919305974e-07,13989,
451,2.5818426365731284e-05,2.119738837791374e-06,3.3795348031162575e-07,13999,
451,2.6319412427255884e-05,1.8743393184195156e-06,3.415692617636523e-07,14009,
451,,,,14011,2.8365648176986724e-05
452,2.6528825401328504e-05,2.9234413432277506e-06,3.4399752735225775e-07,14019,
452,2.6222889573546126e-05,2.280916760355467e-06,3.264283634507592e-07,14029,
452,2.5482218916295096e-05,1.986965799005702e-06,3.2827324503159616e-07,14039,
452,,,,14042,2.7742795282392763e-05
453,2.7138412406202406e-05,2.2639910639554728e-06,3.415220533042884e-07,14049,
453,2.61021177720977e-05,2.171236474168836e-06,3.260745131683507e-07,14059,
453,2.506667806301266e-05,1.8169159829994896e-06,3.150899772208504e-07,14069,
453,,,,14073,2.6205585527350195e-05
454,2.5661785912234336e-05,2.0674842744483612e-06,3.2523215054425236e-07,14079,
454,2.5710314730531536e-05,2.1464647943503223e-06,3.290854522219888e-07,14089,
454,2.5346122129121795e-05,2.018956365645863e-06,3.127885861431423e-07,14099,
454,,,,14104,2.6127903765882365e-05
455,2.585403126431629e-05,1.9536216768756276e-06,3.664007408588077e-07,14109,
455,2.5283132345066406e-05,1.9017090835404815e-06,3.3018164913301007e-07,14119,
455,2.5399605874554254e-05,1.914244194267667e-06,3.3402290000594803e-07,14129,
455,,,,14135,2.7179929020348936e-05
456,2.6150648409384303e-05,2.0292416138545377e-06,3.27810198541556e-07,14139,
456,2.582524757599458e-05,2.3798445454303874e-06,3.492861253562296e-07,14149,
456,2.5998157070716843e-05,2.2940239432500675e-06,3.0816033813607646e-07,14159,
456,,,,14166,2.943701110780239e-05
457,2.802834933390841e-05,3.31764317706984e-06,3.275517315159959e-07,14169,
457,2.8293423383729532e-05,3.4578276881802594e-06,3.087784818944783e-07,14179,
457,2.788259371300228e-05,5.965813215880189e-06,3.242905393108231e-07,14189,
457,,,,14197,2.9967517548357137e-05
458,2.941751699836459e-05,3.894847850460792e-06,3.3438254831708036e-07,14199,
458,2.9968385206302628e-05,5.410880930867279e-06,3.6326667895991704e-07,14209,
458,2.787252924463246e-05,4.842213002120843e-06,3.213797867829271e-07,14219,
458,,,,14228,3.0560277082258835e-05
459,3.0482331567327492e-05,4.161221568210749e-06,3.264919143930456e-07,14229,
459,2.8322161597316153e-05,3.3824544516392052e-06,3.4712482488430396e-07,14239,
459,2.7680969651555642e-05,3.1571730687574018e-06,3.0686658192280447e-07,14249,
459,2.2757532860850915e-05,1.370197651340277e-06,2.1824864138153544e-09,14259,
459,,,,14259,3.085570642724633e-05
460,2.7859005058417097e-05,3.886174908984685e-06,3.48973145491982e-07,14269,
460,2.6344589059590362e-05,2.0343939013400814e-06,3.297199668850226e-07,14279,
460,2.5853601982817054e-05,2.0522409158729715e-06,3.6115375223744195e-07,14289,
460,,,,14290,3.24751999869477e-05
461,2.815820334944874e-05,4.211107352602994e-06,3.4894196687673684e-07,14299,
461,2.737116301432252e-05,3.0259823233791394e-06,3.4254458114446606e-07,14309,
461,2.6545774744590744e-05,2.077344788631308e-06,3.4578644658722624e-07,14319,
461,,,,14321,3.246409323764965e-05
462,2.8971700885449536e-05,3.913479304173961e-06,3.486410378172877e-07,14329,
462,2.8887447115266696e-05,2.4073674467217643e-06,3.309291400910297e-07,14339,
462,2.5964602173189633e-05,3.2113450743054273e-06,3.3250395858885895e-07,14349,
462,,,,14352,3.2818592444527894e-05
463,2.6978928872267716e-05,2.89563172373164e-06,3.4591397479744046e-07,14359,
463,2.685526487766765e-05,2.730042751863948e-06,3.3080027606047224e-07,14369,
463,2.5264578653150238e-05,2.0850600321864476e-06,3.1943028488967684e-07,14379,
463,,,,14383,2.8312506401562132e-05
464,2.6473631805856712e-05,2.239950390503509e-06,3.3007216870828415e-07,14389,
464,2.7264355594525114e-05,4.2547312659735326e-06,3.333910285618913e-07,14399,
464,2.5552730221534148e-05,2.261592953800573e-06,3.171915921029722e-07,14409,
464,,,,14414,2.6123265342903323e-05
465,2.5577048290870152e-05,2.542210268074996e-06,3.7187422208262433e-07,14419,
465,2.4892315195756964e-05,2.06270010494336e-06,3.349587984757818e-07,14429,
465,2.4890854547265917e-05,1.6931683148868615e-06,3.386456342013844e-07,14439,
465,,,,14445,2.634427983139176e-05
466,2.571271761553362e-05,2.0295717604312813e-06,3.325793329622684e-07,14449,
466,2.5277453460148536e-05,2.140939614037052e-06,3.543493960478372e-07,14459,
466,2.4853288778103888e-05,1.9842839265038492e-06,3.124750378447061e-07,14469,
466,,,,14476,2.6749596145236865e-05
467,2.5652565454947762e-05,2.0682025478890864e-06,3.31718410961912e-07,14479,
467,2.4979015506687574e-05,2.786269533316954e-06,3.13034348664587e-07,14489,
467,2.528018922021147e-05,2.1019120595155982e-06,3.29332038973007e-07,14499,
467,,,,14507,2.7910671633435413e-05
468,2.911477531597484e-05,3.3635822092037415e-06,3.404619519642438e-07,14509,
468,2.8617063435376622e-05,2.898543016272015e-06,3.6839230688201496e-07,14519,
468,2.7648151444736868e-05,3.731629249159596e-06,3.2624694767946494e-07,14529,
468,,,,14538,3.148474934278056e-05
469,3.112047852482647e-05,5.296436029311735e-06,3.298396222817246e-07,14539,
469,3.198632475687191e-05,5.2280602176324464e-06,3.526938598952256e-07,14549,
469,2.615530502225738e-05,6.263569503062172e-06,3.110858415311668e-07,14559,
469,2.210683851444628e-05,1.174243607238168e-06,2.2154222900638842e-09,14569,
469,,,,14569,2.9591914426418953e-05
470,2.7889003831660375e-05,3.8067676086939173e-06,3.5347557059139945e-07,14579,
470,2.5604073016438633e-05,2.4402959297731286e-06,3.3359356166329235e-07,14589,
470,2.5432089387322776e-05,2.2772908323531738e-06,3.658709033516061e-07,14599,
470,,,,14600,3.0173994673532434e-05
471,2.829530058079399e-05,6.288600616244366e-06,3.5351942528905056e-07,14609,
471,2.6022664314950816e-05,2.3078835056367097e-06,3.468774139037123e-07,14619,
471,2.556772051320877e-05,2.176784391849651e-06,3.5006252119273995e-07,14629,
471,,,,14631,2.58321833825903e-05
472,2.5510100385872647e-05,3.2586060569883557e-06,3.53198458924453e-07,14639,
472,2.4660248527652584e-05,1.8294894061909872e-06,3.3550728062436974e-07,14649,
472,2.4390561520704068e-05,1.7332419020021916e-06,3.3672878885226964e-07,14659,
472,,,,14662,2.559829590609297e-05
473,2.5132261725957505e-05,2.2353967779054074e-06,3.4977972518390743e-07,14669,
473,2.5114202799159102e-05,2.437568127788836e-06,3.350422730363789e-07,14679,
473,2.420982127659954e-05,1.6606023791609914e-06,3.2255741189146647e-07,14689,
473,,,,14693,2.6172878278885037e-05
474,2.5059103791136295e-05,1.897559741337318e-06,3.3406135457880737e-07,14699,
474,2.517970460758079e-05,2.0367151591926813e-06,3.3733894611032156e-07,14709,
474,2.453371780575253e-05,1.9696951767400606e-06,3.2084696499623533e-07,14719,
474,,,,14724,2.5907986128004268e-05
475,2.542321635701228e-05,2.119788632626296e-06,3.757595834485983e-07,14729,
475,2.491778286639601e-05,2.2403580715035787e-06,3.385559068647126e-07,14739,
475,2.764438249869272e-05,3.0522598990501137e-06,3.42248540619039e-07,14749,
475,,,,14755,4.19867537857499e-05
476,3.843970625894144e-05,8.087887181318365e-06,3.3795242870837683e-07,14759,
476,3.3744294341886416e-05,6.977476914471481e-06,3.591286485971068e-07,14769,
476,3.285636557848193e-05,8.39168205857277e-06,3.163219162161113e-07,14779,
476,,,,14786,5.2165512897772714e-05
477,4.4528260332299396e-05,1.3032670722168405e-05,3.3497443041596853e-07,14789,
477,3.354558430146426e-05,6.5163853832928e-06,3.174554876750335e-07,14799,
477,2.8557326004374772e-05,6.386655968526611e-06,3.330789866140549e-07,14809,
477,,,,14817,4.195864676148631e-05
478,4.14198511862196e-05,6.511656920338282e-06,3.458113724263967e-07,14819,
478,2.8912279958603904e-05,5.126446012582164e-06,3.7307398770280997e-07,14829,
478,2.6054751288029365e-05,3.481785597614362e-06,3.3072120686483686e-07,14839,
478,,,,14848,2.7207974198972806e-05
479,2.6857262128032744e-05,2.969772140204441e-06,3.353104887082736e-07,14849,
479,2.5595600163796917e-05,3.383066314199823e-06,3.5759001093538245e-07,14859,
479,2.441353899484966e-05,2.1430601009342354e-06,3.1657643262406054e-07,14869,
479,2.1282347006490454e-05,9.876240483208676e-07,2.260259091002581e-09,14879,
479,,,,14879,2.740199488471262e-05
480,2.5500732590444386e-05,2.9352750061661936e-06,3.587718140352081e-07,14889,
480,2.4901692086132243e-05,2.180990804845351e-06,3.3854053071991075e-07,14899,
480,2.4550134185119532e-05,1.8636339973454596e-06,3.719273991009686e-07,14909,
480,,,,14910,2.505733209545724e-05
481,2.486342600604985e-05,2.1437469968077494e-06,3.5869467751581396e-07,14919,
481,2.3807227989891544e-05,1.6870361605469952e-06,3.5181426483177347e-07,14929,
481,2.4503879103576764e-05,1.657729967519117e-06,3.5518306162884983e-07,14939,
481,,,,14941,2.494597174518276e-05
482,2.4399130779784173e-05,1.970468474610243e-06,3.5868438885700016e-07,14949,
482,2.4221206331276335e-05,1.6704398149158806e-06,3.4062355780406506e-07,14959,
482,2.3832948500057682e-05,1.900763891171664e-06,3.414416482883098e-07,14969,
482,,,,14972,2.523636976548005e-05
483,2.485653749317862e-05,2.282828745592269e-06,3.5487289551383583e-07,14979,
483,2.41311590798432e-05,1.759015503921546e-06,3.3952517242141766e-07,14989,
483,2.3563983631902374e-05,1.649071464271401e-06,3.269097987868008e-07,14999,
483,,,,15003,2.59436546912184e-05
484,2.502961979189422e-05,2.373821871515247e-06,3.3853996228572214e-07,15009,
484,2.5483772333245724e-05,2.2407355118048145e-06,3.415984224375279e-07,15019,
484,2.4967690478661098e-05,2.0013485482195392e-06,3.250091538120614e-07,15029,
484,,,,15034,2.9800501579302363e-05
485,2.766117177088745e-05,2.6425377654959448e-06,3.806895563229773e-07,15039,
485,2.68161493295338e-05,2.727839500948903e-06,3.429152570788574e-07,15049,
485,2.514751031412743e-05,2.0673080598498927e-06,3.4729202980088303e-07,15059,
485,,,,15065,2.7415191652835347e-05
486,2.597793354652822e-05,2.6775439891935093e-06,3.420809662202373e-07,15069,
486,2.5029847165569663e-05,2.201691131631378e-06,3.631491551914223e-07,15079,
486,2.418745498289354e-05,1.9367021195648704e-06,3.208696455203608e-07,15089,
486,,,,15096,3.3334050385747105e-05
487,2.9051607270957902e-05,3.4654528917599237e-06,3.41612690135662e-07,15099,
487,2.5920007828972302e-05,3.272918547736481e-06,3.2203689670495805e-07,15109,
487,2.5783245291677304e-05,3.5386897252465133e-06,3.3740744243004883e-07,15119,
487,,,,15127,2.91842134174658e-05
488,2.8963610020582564e-05,6.362512976920698e-06,3.480771511021885e-07,15129,
488,2.8885584470117465e-05,3.5243779166194145e-06,3.7791147633470246e-07,15139,
488,2.5088369511649944e-05,2.6760287710203556e-06,3.344980541442055e-07,15149,
488,,,,15158,2.8961681891814806e-05
489,2.8620173907256685e-05,5.0532348723209e-06,3.38664165155933e-07,15159,
489,2.4814078642521054e-05,2.6671318664739374e-06,3.6149708648736123e-07,15169,
489,2.4222308638854884e-05,2.2852493657410378e-06,3.2021281981542415e-07,15179,
489,2.1252501028357074e-05,1.0048364629255957e-06,2.3018031924948446e-09,15189,
489,,,,15189,2.721478267631028e-05
490,2.5091714633163065e-05,2.9372270091698738e-06,3.6282068549553514e-07,15199,
490,2.501505150576122e-05,2.1462551558215637e-06,3.4218979294564633e-07,15209,
490,2.4893161025829613e-05,1.8941111648018705e-06,3.757064916953823e-07,15219,
490,,,,15220,2.5577892301953398e-05
491,2.5202329197782092e-05,2.767151954685687e-06,3.6282480664340255e-07,15229,
491,2.3446067643817514e-05,1.7910987253344501e-06,3.5545727428143437e-07,15239,
491,2.4110882804961875e-05,1.7507569509689347e-06,3.585908530112647e-07,15249,
491,,,,15251,2.519831105018966e-05
492,2.4199431209126487e-05,2.0618836060748436e-06,3.6287931948209007e-07,15259,
492,2.4683060473762453e-05,2.3465797767130425e-06,3.4450118846507394e-07,15269,
492,2.3439410142600536e-05,2.234997509731329e-06,3.449043219916348e-07,15279,
492,,,,15282,2.6140896807191893e-05
493,2.549041346355807e-05,2.4528892481612274e-06,3.581754413062299e-07,15289,
493,2.4777189537417144e-05,4.189551873423625e-06,3.429908872476517e-07,15299,
493,2.3464108380721882e-05,1.6921318319873535e-06,3.2993736454045575e-07,15309,
493,,,,15313,2.8192056561238132e-05
494,2.5617047867854126e-05,2.627243020469905e-06,3.4293989870093355e-07,15319,
494,2.9033151804469526e-05,2.564723899922683e-06,3.4547701943665743e-07,15329,
494,2.462278280290775e-05,3.232284598198021e-06,3.2917327530412877e-07,15339,
494,,,,15344,2.6001152946264483e-05
495,2.5262361305067316e-05,3.0691314805153525e-06,3.858679633594875e-07,15349,
495,2.4044826204772107e-05,1.966670197361964e-06,3.46824037933402e-07,15359,
495,2.3855445761000738e-05,1.9721626358659705e-06,3.502568404201156e-07,15369,
495,,,,15375,2.7713167582987808e-05
496,2.703534482861869e-05,3.045554649361293e-06,3.4587958452902967e-07,15379,
496,2.501341987226624e-05,3.7360430269473e-06,3.6661307944996224e-07,15389,
496,2.386123924225103e-05,2.0138211311859777e-06,3.240569412810146e-07,15399,
496,,,,15406,2.65284634224372e-05
497,2.6096242436324246e-05,2.548309339545085e-06,3.4376748203612806e-07,15409,
497,2.3073380361893214e-05,2.4117032353387913e-06,3.245007178520609e-07,15419,
497,2.376196425757371e-05,1.89777620107634e-06,3.4167248941230355e-07,15429,
497,,,,15437,2.4824928914313205e-05
498,2.538495209591929e-05,2.7899357064598007e-06,3.53444505662992e-07,15439,
498,2.6337029339629225e-05,3.369301339262165e-06,3.8231468124649837e-07,15449,
498,2.626721834531054e-05,3.467585656835581e-06,3.3813904565249686e-07,15459,
498,,,,15468,2.8449629098759033e-05
499,2.829694130923599e-05,3.5304026368976338e-06,3.4155667094637465e-07,15469,
499,2.8491973353084177e-05,4.072522642672993e-06,3.6518432011689583e-07,15479,
499,2.361987753829453e-05,3.023999397555599e-06,3.2279547212965554e-07,15489,
499,2.1130779714439996e-05,1.2239229363331106e-06,2.328224057990269e-09,15499,
499,,,,15499,2.8204727641423233e-05
500,2.618530925246887e-05,3.854714577755658e-06,3.661208438643371e-07,15509,
500,2.5298897526226938e-05,2.2579888536711223e-06,3.453002079822909e-07,15519,
500,2.5023698981385678e-05,2.5541992272337666e-06,3.799723060637916e-07,15529,
500,,,,15530,3.0833274649921805e-05
501,2.7694744858308695e-05,4.930996510665864e-06,3.6767454503205954e-07,15539,
501,2.454438799759373e-05,2.0378381577756954e-06,3.594041402266157e-07,15549,
501,2.4417342501692474e-05,1.912507741508307e-06,3.6221464938535064e-07,15559,
501,,,,15561,3.046480742341373e-05
502,2.6166188035858795e-05,2.4354030756512657e-06,3.6722678942169296e-07,15569,
502,2.4976106942631304e-05,2.2110768895799993e-06,3.4900358514278196e-07,15579,
502,2.354666321480181e-05,2.2562380763702095e-06,3.48760380575186e-07,15589,
502,,,,15592,2.7047910407418385e-05
503,2.5689794711070135e-05,3.3754877222236246e-06,3.6275085335546464e-07,15599,
503,2.5019717213581316e-05,4.1395828702661674e-06,3.4721045949481777e-07,15609,
503,2.3435399270965718e-05,2.074051508316188e-06,3.3402477583877044e-07,15619,
503,,,,15623,2.62578614638187e-05
504,2.4845108782756142e-05,2.3497802885685815e-06,3.463518964963441e-07,15629,
504,2.6331181288696826e-05,2.585243009889382e-06,3.488720210498286e-07,15639,
504,2.3745193175273016e-05,2.020545025516185e-06,3.321647739085165e-07,15649,
504,,,,15654,2.7203823265153915e-05
505,2.6286708816769533e-05,3.126401907138643e-06,3.899842795362929e-07,15659,
505,2.501080416550394e-05,2.477218686181004e-06,3.511625550345343e-07,15669,
505,2.427361141599249e-05,1.802737642719876e-06,3.5476045923132915e-07,15679,
505,,,,15685,2.6345120204496197e-05
506,2.6275602067471482e-05,3.49541733157821e-06,3.499852425647987e-07,15689,
506,2.398060678387992e-05,2.501408062016708e-06,3.715715024554811e-07,15699,
506,2.3296131985262036e-05,1.7813830481827608e-06,3.271601372034638e-07,15709,
506,,,,15716,2.667556873348076e-05
507,2.563906673458405e-05,4.979292953066761e-06,3.470800038485322e-07,15719,
507,2.367738306929823e-05,2.54256133302988e-06,3.283477667537227e-07,15729,
507,2.356590084673371e-05,2.2320937205222435e-06,3.4579207408569346e-07,15739,
507,,,,15747,2.547844451328274e-05
508,2.6273772164131515e-05,5.433471869764617e-06,3.5716755064640893e-07,15749,
508,2.5817447749432176e-05,2.30954060498334e-06,3.870707985242916e-07,15759,
508,2.5232731786672957e-05,2.8938716241100337e-06,3.4210884791718854e-07,15769,
508,,,,15778,2.400886660325341e-05
509,2.374899122514762e-05,2.059128519249498e-06,3.4551200656096626e-07,15779,
509,2.3903685359982774e-05,2.3588252133777132e-06,3.693840824325889e-07,15789,
509,2.293014040333219e-05,1.8175817331211874e-06,3.2703024999136687e-07,15799,
509,2.067775494651869e-05,9.939114988810616e-07,2.3614845634511994e-09,15809,
509,,,,15809,2.701115226955153e-05
510,2.5833929612417705e-05,3.016607251993264e-06,3.708044289396639e-07,15819,
510,2.4534503609174863e-05,2.6920704385702265e-06,3.487542983293679e-07,15829,
510,2.380851401539985e-05,2.881585714931134e-06,3.8445872974079975e-07,15839,
510,,,,15840,2.585876609373372e-05
511,2.4878427211660892e-05,4.112707301828777e-06,3.7153390053390467e-07,15849,
511,2.2962929506320506e-05,1.9255262486694846e-06,3.632285938692803e-07,15859,
511,2.3968803361640312e-05,1.9143603822158184e-06,3.656983267319447e-07,15869,
511,,,,15871,2.6117833840544336e-05
512,2.4619439500384033e-05,2.5740334876900306e-06,3.712633827035461e-07,15879,
512,2.281152228533756e-05,2.0449733710847795e-06,3.52267761627445e-07,15889,
512,2.221434988314286e-05,1.775526811798045e-06,3.5235473205830203e-07,15899,
512,,,,15902,2.428544576105196e-05
513,2.412982030364219e-05,2.1599751107714837e-06,3.658281002572039e-07,15909,
513,2.3787577447365038e-05,3.616979029175127e-06,3.506843881950772e-07,15919,
513,2.21996997424867e-05,1.7242221019841963e-06,3.369084140558698e-07,15929,
513,,,,15933,2.670988760655746e-05
514,2.6257388526573777e-05,2.7383637188904686e-06,3.503243988234317e-07,15939,
514,3.49702822859399e-05,3.183864464517683e-06,3.528644469952269e-07,15949,
514,2.5149482098640874e-05,5.223996595304925e-06,3.3654063713584037e-07,15959,
514,,,,15964,2.6260802769684233e-05
515,2.548850534367375e-05,7.013599770289147e-06,3.9488250536123815e-07,15969,
515,2.4378294256166555e-05,3.4018441965599777e-06,3.546789173469733e-07,15979,
515,2.28889530262677e-05,2.347354211451602e-06,3.582206602459337e-07,15989,
515,,,,15995,3.0416871595662087e-05
516,2.7887406758964062e-05,4.0009585973166395e-06,3.544053868154151e-07,15999,
516,2.4815062715788372e-05,3.351153736730339e-06,3.7538825381489005e-07,16009,
516,2.342938387300819e-05,2.6150391931878403e-06,3.311106979708711e-07,16019,
516,,,,16026,2.6745121431304142e-05
517,2.4546930944779888e-05,2.7883450002264e-06,3.5073855997325154e-07,16029,
517,2.428670268272981e-05,2.257100732094841e-06,3.318235712868045e-07,16039,
517,2.3424829123541713e-05,2.4826615572237642e-06,3.4914359048343613e-07,16049,
517,,,,16057,2.989412132592406e-05
518,2.9676923077204265e-05,7.0171954575926065e-06,3.617862773808156e-07,16059,
518,2.6588553737383336e-05,3.7007100672781235e-06,3.9130691220634617e-07,16069,
518,2.314817174919881e-05,2.1832202037330717e-06,3.4558914308036037e-07,16079,
518,,,,16088,2.5723154976731166e-05
519,2.5596116756787524e-05,2.766393663478084e-06,3.492133942017972e-07,16089,
519,2.309696537849959e-05,2.5087281301239273e-06,3.734755296136427e-07,16099,
519,2.2884814825374633e-05,2.54764495366544e-06,3.312012779588258e-07,16109,
519,1.953092396433931e-05,8.876983770278457e-07,2.395372566965648e-09,16119,
519,,,,16119,2.4070870495052077e-05
520,2.337151272513438e-05,2.614788627397502e-06,3.7438820754687185e-07,16129,
520,2.2928541511646472e-05,1.8822796619133442e-06,3.523950056205649e-07,16139,
520,2.2704824004904367e-05,1.9011994254469755e-06,3.885070043452288e-07,16149,
520,,,,16150,2.5536148314131424e-05
521,2.3672288079978898e-05,2.2229182832234073e-06,3.748149026705505e-07,16159,
521,2.2490721676149406e-05,1.7497276303402032e-06,3.6681305459751457e-07,16169,
521,2.3238993890117854e-05,1.7734539596858667e-06,3.6933326441612735e-07,16179,
521,,,,16181,2.4127422875608318e-05
522,2.486568337189965e-05,2.7362661967345048e-06,3.752428483494441e-07,16189,
522,2.3770928237354383e-05,2.46782360591169e-06,3.558087939836696e-07,16199,
522,2.2108193661551923e-05,2.1442006072902586e-06,3.55704088406128e-07,16209,
522,,,,16212,2.7246807803749107e-05
523,2.470804247423075e-05,3.0236021757445997e-06,3.6966267202842573e-07,16219,
523,2.5054332581930794e-05,3.7025413348601433e-06,3.5411093790571613e-07,16229,
523,2.221162139903754e-05,1.7668950249571935e-06,3.4003386417680304e-07,16239,
523,,,,16243,2.4297833078890108e-05
524,2.3632119336980395e-05,2.9090717816870892e-06,3.5413199839240406e-07,16249,
524,2.3266049538506195e-05,2.1502553408936365e-06,3.564591111171467e-07,16259,
524,2.292366116307676e-05,2.3184700239653466e-06,3.391735390323447e-07,16269,
524,,,,16274,2.5559022105881013e-05
525,2.570895776443649e-05,2.5333426947327098e-06,3.980626672728249e-07,16279,
525,2.6833258743863553e-05,3.5319092148711206e-06,3.5812507803711924e-07,16289,
525,2.2686072043143213e-05,2.7820217383123236e-06,3.62226757033568e-07,16299,
525,,,,16305,2.7434816729510203e-05
526,2.827585740305949e-05,5.196072834223742e-06,3.585315937471023e-07,16309,
526,2.4931092411861755e-05,3.887771981680999e-06,3.7920497675258957e-07,16319,
526,2.392390524619259e-05,3.4339834655838786e-06,3.3386055520168156e-07,16329,
526,,,,16336,2.9422179068205878e-05
527,2.8562237275764346e-05,1.028007136483211e-05,3.5406020515438286e-07,16339,
527,2.30047353397822e-05,3.927885245502694e-06,3.3520797160235816e-07,16349,
527,2.3739530661259778e-05,2.6882908059633337e-06,3.532009884565923e-07,16359,
527,,,,16367,3.19993487210013e-05
528,3.12416123051662e-05,5.13878103447496e-06,3.6380271239977446e-07,16369,
528,2.6517489459365606e-05,4.621859716280596e-06,3.9437136933884176e-07,16379,
528,2.389714791206643e-05,2.7809612674900563e-06,3.484321098312648e-07,16389,
528,,,,16398,3.109028693870641e-05
529,3.124096110695973e-05,4.204291599307908e-06,3.542727995409223e-07,16399,
529,2.7244666853221133e-05,3.062901441808208e-06,3.759803064440348e-07,16409,
529,2.2825874111731537e-05,2.3811548999219667e-06,3.3486995221210236e-07,16419,
529,2.1341218598536216e-05,1.3653097994392738e-06,2.441182145318521e-09,16429,
529,,,,16429,3.3267166145378724e-05
530,2.4564797058701515e-05,2.840113438651315e-06,3.788348408306774e-07,16439,
530,2.577485065557994e-05,3.3315870950900717e-06,3.5522674579624436e-07,16449,
530,2.3634336685063317e-05,1.906955390040821e-06,3.931533854029112e-07,16459,
530,,,,16460,3.227295383112505e-05
531,2.5910749172908254e-05,2.8820159059250727e-06,3.793938390117546e-07,16469,
531,2.4755710910540074e-05,2.8647223189182114e-06,3.7090438809173065e-07,16479,
531,2.3381107894238085e-05,1.931811539179762e-06,3.7325224866435747e-07,16489,
531,,,,16491,3.665438634925522e-05
532,2.6319843527744524e-05,6.436848252633354e-06,3.8068304775151773e-07,16499,
532,2.5529807317070663e-05,2.574778591224458e-06,3.604176299631945e-07,16509,
532,2.2355214241542853e-05,2.118134716511122e-06,3.593522706069052e-07,16519,
532,,,,16522,2.348416455788538e-05
533,2.2456926672020927e-05,2.220504029537551e-06,3.73018650634549e-07,16529,
533,2.1934905817033723e-05,2.317987537026056e-06,3.579363863082108e-07,16539,
533,2.0991697965655476e-05,1.5552849390587653e-06,3.4355591083112813e-07,16549,
533,,,,16553,2.211258833995089e-05
534,2.1618765458697453e-05,1.7653121631155955e-06,3.57689231123004e-07,16559,
534,2.146149563486688e-05,1.7103848222177476e-06,3.598503042212542e-07,16569,
534,2.1181933334446512e-05,1.5504040220548632e-06,3.4304522955608263e-07,16579,
534,,,,16584,2.2278656615526415e-05
535,2.1947886125417426e-05,1.868336767074652e-06,4.0243506305159826e-07,16589,
535,2.111318099196069e-05,1.6233394717346528e-06,3.616586923271825e-07,16599,
535,2.128772575815674e-05,1.4189519106366788e-06,3.6556292570821824e-07,16609,
535,,,,16615,2.2262840502662584e-05
536,2.1544614355661906e-05,1.8932095144919003e-06,3.608533347687626e-07,16619,
536,2.158212555514183e-05,2.3198576855065767e-06,3.823606107289379e-07,16629,
536,2.095751915476285e-05,1.5449835473191342e-06,3.381293538495811e-07,16639,
536,,,,16646,2.298786239407491e-05
537,2.2280255507212132e-05,1.8231063450002694e-06,3.57239599679815e-07,16649,
537,2.0992256395402364e-05,2.7219684852752835e-06,3.384969033959351e-07,16659,
537,2.1385572836152278e-05,1.8232307184007368e-06,3.5670242937158037e-07,16669,
537,,,,16677,2.2389458536054008e-05
538,2.248312193842139e-05,2.37952008319553e-06,3.689451659738552e-07,16679,
538,2.2380187147064134e-05,2.191137809859356e-06,3.9849749100540066e-07,16689,
538,2.1611054762615822e-05,1.7785713453122298e-06,3.524295664192323e-07,16699,
538,,,,16708,2.1944464606349356e-05
539,2.1805837604915723e-05,1.4709082734043477e-06,3.5572722367760434e-07,16709,
539,2.1546238713199273e-05,1.7016715219142498e-06,3.797397312155226e-07,16719,
539,2.099849189107772e-05,1.747961846376711e-06,3.3795524245761044e-07,16729,
539,1.8312772226636298e-05,5.9661459772542e-07,2.472175575363167e-09,16739,
539,,,,16739,2.1913750970270485e-05
540,2.1767769794678316e-05,2.3521995444752974e-06,3.820854885816516e-07,16749,
540,2.1712869056500494e-05,1.5005452951299958e-06,3.5925972952099983e-07,16759,
540,2.125465289282147e-05,1.6220645875364426e-06,3.9669180296186823e-07,16769,
540,,,,16770,2.435300666547846e-05
541,2.3009370124782436e-05,2.7243052045378136e-06,3.824449095191085e-07,16779,
541,2.1694595488952473e-05,2.0452607714105397e-06,3.746444008356775e-07,16789,
541,2.2283469661488198e-05,2.329328253836138e-06,3.7643661698893993e-07,16799,
541,,,,16801,2.494456020940561e-05
542,2.4676968678249978e-05,3.864190148306079e-06,3.838902955521917e-07,16809,
542,2.7788659281213768e-05,4.598855866788654e-06,3.635553014191828e-07,16819,
542,2.3196344045572914e-05,3.2636125979479402e-06,3.6315171314527106e-07,16829,
542,,,,16832,2.8890806788695045e-05
543,2.542252877901774e-05,3.6206436107022455e-06,3.772616423702857e-07,16839,
543,2.4015707822400145e-05,2.3467910068575293e-06,3.6096344047109596e-07,16849,
543,2.1375040887505747e-05,2.1584180558420485e-06,3.4687150218815077e-07,16859,
543,,,,16863,2.4848966859281063e-05
544,2.4773962650215253e-05,6.108222351031145e-06,3.618000050664705e-07,16869,
544,2.2554153474629857e-05,2.7791854790848447e-06,3.6338784070721886e-07,16879,
544,2.235279134765733e-05,2.1109424324095016e-06,3.460738469129865e-07,16889,
544,,,,16894,3.431945515330881e-05
545,2.4915620087995194e-05,3.1068004773260327e-06,4.077560049609019e-07,16899,
545,2.9781469493173063e-05,5.185830559639726e-06,3.650131077392871e-07,16909,
545,2.323818625882268e-05,2.7600196972343838e-06,3.681886369122367e-07,16919,
545,,,,16925,3.239573197788559e-05
546,2.7145604690304026e-05,5.646003501169616e-06,3.641233092821494e-07,16929,
546,2.4685206881258637e-05,5.484027497004718e-06,3.8493016063512187e-07,16939,
546,2.1692672817152925e-05,2.9382886168605182e-06,3.40511689955747e-07,16949,
546,,,,16956,3.061607640120201e-05
547,2.5163240934489295e-05,5.679688001691829e-06,3.604505423027149e-07,16959,
547,2.2933498257771134e-05,4.909102699457435e-06,3.419462473175372e-07,16969,
547,2.2348309357766993e-05,2.405311761322082e-06,3.605412359775073e-07,16979,
547,,,,16987,2.5430981622776017e-05
548,2.520562702557072e-05,4.7428834477614146e-06,3.726424893102376e-07,16989,
548,2.2837655706098303e-05,2.2811639155406738e-06,4.02774134045103e-07,16999,
548,2.1834282961208373e-05,2.0232021142874146e-06,3.5600058367890597e-07,17009,
548,,,,17018,2.441454489598982e-05
549,2.4461181965307333e-05,3.3018125122907804e-06,3.6037133099853236e-07,17019,
549,2.22660801227903e-05,2.36554365073971e-06,3.835507982330455e-07,17029,
549,2.0771669369423762e-05,1.7822032987169223e-06,3.423730561280536e-07,17039,
549,1.81480518222088e-05,8.145531182890409e-07,2.5156927652147942e-09,17049,
549,,,,17049,2.3778797185514122e-05
550,2.154033791157417e-05,1.972039854081231e-06,3.86886057412994e-07,17059,
550,2.15774944081204e-05,1.6175299606402405e-06,3.626477109719417e-07,17069,
550,2.097414471791126e-05,1.5907544366200455e-06,4.01409323558255e-07,17079,
550,,,,17080,2.3098567908164114e-05
551,2.2039968825993128e-05,2.8715123789879726e-06,3.8723356965419953e-07,17089,
551,2.0800654965569265e-05,1.8644765304998145e-06,3.785874014283763e-07,17099,
551,2.149330612155609e-05,1.6381133036702522e-06,3.802097978677921e-07,17109,
551,,,,17111,2.6742131012724712e-05
552,2.4461189241264947e-05,3.949990514229285e-06,3.888542039476306e-07,17119,
552,2.220437818323262e-05,3.4458462323527783e-06,3.6716525642077613e-07,17129,
552,2.0739795218105428e-05,1.6697680393917835e-06,3.667441035304364e-07,17139,
552,,,,17142,2.2736330720363185e-05
553,2.214526648458559e-05,2.771361096165492e-06,3.80529598942303e-07,17149,
553,2.1188803657423705e-05,2.379205170655041e-06,3.6485585042100865e-07,17159,
553,2.006266549869906e-05,1.4293879075921723e-06,3.505558652250329e-07,17169,
553,,,,17173,2.4425111405435018e-05
554,2.201847019023262e-05,2.4923997443693224e-06,3.6545981174640474e-07,17179,
554,2.2453350538853556e-05,2.0064478576387046e-06,3.676273081509862e-07,17189,
554,2.0818895791308023e-05,1.6193185956581146e-06,3.5048972790718835e-07,17199,
554,,,,17204,2.1597419618046843e-05
555,2.1311332602635957e-05,1.904286591525306e-06,4.112899034680595e-07,17209,
555,2.0305107682361268e-05,1.8381821291768574e-06,3.690686867230397e-07,17219,
555,2.0314482753747143e-05,1.5995937019397388e-06,3.735143252470152e-07,17229,
555,,,,17235,2.3921502361190505e-05
556,2.3449008949683048e-05,2.5353010641993023e-06,3.6900888744639815e-07,17239,
556,2.1526679120142944e-05,1.9953020000684774e-06,3.8985038486316625e-07,17249,
556,2.065167973341886e-05,1.6313442756654695e-06,3.4544041227491107e-07,17259,
556,,,,17266,2.3884289475972764e-05
557,2.4987777578644454e-05,3.116392463198281e-06,3.644773016731051e-07,17269,
557,2.0954583305865526e-05,1.8029450075118802e-06,3.4565289297461277e-07,17279,
557,2.085154665110167e-05,2.242445134470472e-06,3.6456467000789416e-07,17289,
557,,,,17297,2.564805436122697e-05
558,2.7219906769460067e-05,3.6138856103207218e-06,3.7882017522861133e-07,17299,
558,2.171237429138273e-05,2.2284750684775645e-06,4.075907042988547e-07,17309,
558,2.2283469661488198e-05,2.7801611395261716e-06,3.59794427140514e-07,17319,
558,,,,17328,2.833576945704408e-05
559,2.8446469514165074e-05,3.460113248365815e-06,3.637103134224162e-07,17329,
559,2.4957646019174717e-05,5.40623886990943e-06,3.8786907907706336e-07,17339,
559,2.1644227672368288e-05,3.172692231601104e-06,3.461809967575391e-07,17349,
559,1.9756689653149806e-05,2.5628128241805825e-06,2.5634574463140325e-09,17359,
559,,,,17359,2.5527180696371943e-05
560,2.345994653296657e-05,3.2650102639308898e-06,3.91341899330655e-07,17369,
560,2.410828528809361e-05,3.052694637517561e-06,3.662781864477438e-07,17379,
560,2.09021418413613e-05,1.8477761614121846e-06,4.05603799435994e-07,17389,
560,,,,17390,2.8822871172451414e-05
561,2.327060246898327e-05,3.407454414627864e-06,3.918581796824583e-07,17399,
561,2.3482356482418254e-05,3.258692913732375e-06,3.834762196675001e-07,17409,
561,2.171364576497581e-05,2.876302914955886e-06,3.8363543808372924e-07,17419,
561,,,,17421,2.6041014280053787e-05
562,2.462092015775852e-05,4.370344413473504e-06,3.941531474538351e-07,17429,
562,2.1884294255869463e-05,3.416131676203804e-06,3.715373111390363e-07,17439,
562,2.113620939780958e-05,1.996715582208708e-06,3.706788618274004e-07,17449,
562,,,,17452,2.5949684641091153e-05
563,2.4150212993845344e-05,3.921851657651132e-06,3.85102850941621e-07,17459,
563,2.1671748982043937e-05,2.2763076685805572e-06,3.6959940530323365e-07,17469,
563,1.9886774680344388e-05,1.775633791112341e-06,3.5436346479400527e-07,17479,
563,,,,17483,2.2246911612455733e-05
564,2.099836819979828e-05,2.344294671274838e-06,3.6900840427733783e-07,17489,
564,2.1340027160476893e-05,2.174133214793983e-06,3.710145506374829e-07,17499,
564,1.986154711630661e-05,2.0132649751758436e-06,3.5442664625406906e-07,17509,
564,,,,17514,2.276299892400857e-05
565,2.1107773136463948e-05,1.98458178601868e-06,4.1621598256824655e-07,17519,
565,2.0676485291915014e-05,2.3916447844385402e-06,3.731051663180551e-07,17529,
565,1.999213964154478e-05,2.014860001509078e-06,3.776837047553272e-07,17539,
565,,,,17545,2.2620193703914993e-05
566,2.0694846170954406e-05,2.1286034552758792e-06,3.7276680586728617e-07,17549,
566,2.029684947046917e-05,1.6192333305298234e-06,3.9426032572009717e-07,17559,
566,2.0024766854476184e-05,1.5874353493927629e-06,3.491745985684247e-07,17569,
566,,,,17576,2.2410500605474226e-05
567,2.061976192635484e-05,2.235622787338798e-06,3.683119587094552e-07,17579,
567,1.9361061276867986e-05,1.6115520793391624e-06,3.4957736261276295e-07,17589,
567,2.0084422430954874e-05,2.0789404970855685e-06,3.6842359918409784e-07,17599,
567,,,,17607,2.1411666239146143e-05
568,2.1222747818683274e-05,2.2058834474592004e-06,3.815385696270823e-07,17609,
568,2.140940705430694e-05,2.7606552066572476e-06,4.1155308849738503e-07,17619,
568,2.0195024262648076e-05,1.880999889181112e-06,3.637992733729334e-07,17629,
568,,,,17638,2.0600731659214944e-05
569,2.050596958724782e-05,1.7204374671564437e-06,3.665119834295183e-07,17639,
569,2.0389168639667332e-05,1.927844095916953e-06,3.9155685271907714e-07,17649,
569,1.974707811314147e-05,1.974507767954492e-06,3.4994266684407194e-07,17659,
569,1.764290027495008e-05,6.729168262609164e-07,2.602288384778717e-09,17669,
569,,,,17669,2.2157595594762824e-05
570,2.278258398291655e-05,2.2139686279842863e-06,3.955839531499805e-07,17679,
570,2.1316887796274386e-05,2.2807560071669286e-06,3.6933158753527096e-07,17689,
570,1.992542456719093e-05,1.7072067066692398e-06,4.0990767047333065e-07,17699,
570,,,,17700,2.9413395168376155e-05
571,2.2772106603952125e-05,4.852730398852145e-06,3.956773468871688e-07,17709,
571,2.2140384317026474e-05,4.54123482995783e-06,3.87191931849884e-07,17719,
571,2.1198882677708752e-05,2.973568825836992e-06,3.8735436191927874e-07,17729,
571,,,,17731,2.7370422685635276e-05
572,2.430617496429477e-05,3.903905053448398e-06,3.9845730270826607e-07,17739,
572,2.286881863255985e-05,4.589867330651032e-06,3.751576116428623e-07,17749,
572,2.0361299903015606e-05,2.0489640064624837e-06,3.743666354694142e-07,17759,
572,,,,17762,2.528136974433437e-05
573,2.2867989173391834e-05,2.7535209028428653e-06,3.889056472416996e-07,17769,
573,2.120362114510499e-05,2.532083954065456e-06,3.7330187296902295e-07,17779,
573,1.9780260117840953e-05,2.55448048847029e-06,3.581879468583793e-07,17789,
573,,,,17793,2.3046524802339263e-05
574,2.1088048015371896e-05,2.468988668624661e-06,3.7289402143869665e-07,17799,
574,2.5851617465377785e-05,3.62912555829098e-06,3.752251700461784e-07,17809,
574,2.114644303219393e-05,2.236038881164859e-06,3.584364378639293e-07,17819,
574,,,,17824,2.35669722314924e-05
575,2.234932799183298e-05,2.1516957531275693e-06,4.206825963137817e-07,17829,
575,2.323000444448553e-05,2.210221055065631e-06,3.777827828344016e-07,17839,
575,2.0185596440569498e-05,2.453205524943769e-06,3.8223575415941013e-07,17849,
575,,,,17855,2.2789516151533462e-05
576,2.2299145712167956e-05,3.833543360087788e-06,3.7733553881480475e-07,17859,
576,2.1034322344348766e-05,2.7848648187500658e-06,3.9849373933975585e-07,17869,
576,1.9861281543853693e-05,1.9589008388720686e-06,3.5308013934809424e-07,17879,
576,,,,17886,2.1890815332881175e-05
577,2.118596967193298e-05,3.4755587421386736e-06,3.7189323620623327e-07,17889,
577,1.997498475247994e-05,2.1864243535674177e-06,3.529645482558408e-07,17899,
577,1.973634607566055e-05,1.8732040416580276e-06,3.721513621712802e-07,17909,
577,,,,17917,2.20601141336374e-05
578,2.172556924051605e-05,4.615508714778116e-06,3.8607163332926575e-07,17919,
578,2.162467899324838e-05,2.534105078666471e-06,4.1573196085664677e-07,17929,
578,1.9861245164065622e-05,2.6863840503210668e-06,3.6777365153284336e-07,17939,
578,,,,17948,2.1323196051525883e-05
579,2.1157537048566155e-05,2.593966883068788e-06,3.7014626741438406e-07,17949,
579,2.0581381249940023e-05,3.341921910759993e-06,3.9547444430354517e-07,17959,
579,2.1680380086763762e-05,2.532515281927772e-06,3.5401251352595864e-07,17969,
579,1.8462367734173313e-05,1.2788674439434544e-06,2.6549658027619216e-09,17979,
579,,,,17979,2.4026438040891662e-05
580,2.294200203323271e-05,3.402822130738059e-06,3.9991203948375187e-07,17989,
580,2.6647398044588044e-05,5.147614047018578e-06,3.7491440707526635e-07,17999,
580,2.0286895960452966e-05,2.6030049866676563e-06,4.141129181789438e-07,18009,
580,,,,18010,3.288932202849537e-05
581,2.4028326151892543e-05,5.543348834180506e-06,4.003598519375373e-07,18019,
581,2.415368908259552e-05,4.177639311819803e-06,3.914557566986332e-07,18029,
581,2.1836945961695164e-05,2.2830845409771428e-06,3.9153468378572143e-07,18039,
581,,,,18041,4.043845183332451e-05
582,3.0288556445157155e-05,4.447143965080613e-06,4.045210175718239e-07,18049,
582,2.6877078198594972e-05,3.4517488529672846e-06,3.795049678956275e-07,18059,
582,2.0431129087228328e-05,2.667876970008365e-06,3.7737265756732086e-07,18069,
582,,,,18072,2.7763460821006447e-05
583,2.3102338673197664e-05,6.109789865149651e-06,3.9231701975950273e-07,18079,
583,2.008218871196732e-05,2.3425004656019155e-06,3.7607964031849406e-07,18089,
583,1.9162265743943863e-05,2.1200444280111697e-06,3.608728036397224e-07,18099,
583,,,,18103,2.075813063129317e-05
584,2.0011802916997112e-05,1.8132853938368498e-06,3.7603027180921345e-07,18109,
584,2.0736099031637423e-05,2.1551579720835434e-06,3.787042999192636e-07,18119,
584,1.9338787751621567e-05,1.8755202972897678e-06,3.616125923144864e-07,18129,
584,,,,18134,2.1613455828628503e-05
585,2.0778110410901718e-05,2.2611329768551514e-06,4.242375837293366e-07,18139,
585,1.9600331143010408e-05,1.910474793476169e-06,3.808172550634481e-07,18149,
585,1.8843382349587046e-05,1.5752035551486188e-06,3.857360866277304e-07,18159,
585,,,,18165,2.04189564101398e-05
586,1.926682125485968e-05,2.1530254343815614e-06,3.8122470868984237e-07,18169,
586,1.8837412426364608e-05,1.6057280163295218e-06,4.023985695766896e-07,18179,
586,1.8670623830985278e-05,1.445018369850004e-06,3.565710358088836e-07,18189,
586,,,,18196,2.0891140593448654e-05
587,1.9699004042195156e-05,1.5720063402113738e-06,3.7527689755734173e-07,18199,
587,1.8825176084646955e-05,1.5679819398428663e-06,3.567928388292785e-07,18209,
587,1.9046688976231962e-05,1.5587702364427969e-06,3.757272395432665e-07,18219,
587,,,,18227,1.9687022358994e-05
588,1.9546434486983344e-05,2.1200719402258983e-06,3.8984222783255973e-07,18229,
588,1.9213848645449616e-05,1.7843093473857152e-06,4.195169083232031e-07,18239,
588,1.899766175483819e-05,1.4867299569232273e-06,3.710842975124251e-07,18249,
588,,,,18258,2.1219686459517106e-05
589,2.1079997168271802e-05,2.291640839757747e-06,3.735641485036467e-07,18259,
589,1.9231623809901066e-05,1.6789070969025488e-06,3.988577930158499e-07,18269,
589,1.907639489218127e-05,1.8970262090078904e-06,3.577358143047604e-07,18279,
589,1.712029188638553e-05,9.215222576131055e-07,2.6862370106073286e-09,18289,
589,,,,18289,2.274244798172731e-05
590,2.0493507690844126e-05,2.3096081349649467e-06,4.034135656638682e-07,18299,
590,1.9606322894105688e-05,1.5171216318776715e-06,3.7680129594264145e-07,18309,
590,1.9100687495665625e-05,1.4862316675134934e-06,4.186573789866088e-07,18319,
590,,,,18320,2.00607864826452e-05
591,2.151339140255004e-05,2.6160319066548254e-06,4.042734076392662e-07,18329,
591,1.8862465367419645e-05,1.5194771094684256e-06,3.946598781112698e-07,18339,
591,2.0018176655867137e-05,1.7402746834704885e-06,3.946596791593038e-07,18349,
591,,,,18351,2.2780985091230832e-05
592,2.057646997855045e-05,2.492588237146265e-06,4.078759445746982e-07,18359,
592,2.1652942450600676e-05,2.555522542024846e-06,3.824402483587619e-07,18369,
592,1.9166131096426398e-05,1.5831304835955962e-06,3.814965907622536e-07,18379,
592,,,,18382,2.8274314900045283e-05
593,2.362936174904462e-05,3.306279950265889e-06,3.9588621802977286e-07,18389,
593,2.5686507797217928e-05,3.461354708633735e-06,3.804147183927853e-07,18399,
593,1.9177647118340246e-05,2.0711588604171993e-06,3.6493176480689726e-07,18409,
593,,,,18413,2.256576408399269e-05
594,2.1033189113950357e-05,2.6865932341024745e-06,3.797214844780683e-07,18419,
594,2.052238050964661e-05,2.4750695502007147e-06,3.825291798875696e-07,18429,
594,1.911855179059785e-05,2.0201437109790277e-06,3.6513901591206377e-07,18439,
594,,,,18444,2.3264745323103853e-05
595,2.2116137188277207e-05,3.0034211704332847e-06,4.2927422327920794e-07,18449,
595,1.9968554624938406e-05,2.1045616449555382e-06,3.853357952721126e-07,18459,
595,1.8935956177301705e-05,1.535719093226362e-06,3.902159164681507e-07,18469,
595,,,,18475,2.4360908355447464e-05
596,2.1159563402761705e-05,2.758788696155534e-06,3.8622118836428854e-07,18479,
596,1.9240509573137388e-05,2.190408849855885e-06,4.071440571351559e-07,18489,
596,1.8974496924784034e-05,1.6818129324747133e-06,3.60596089876708e-07,18499,
596,,,,18506,1.9903256543329917e-05
597,1.937468914547935e-05,2.1656137505488005e-06,3.7864651858399156e-07,18509,
597,1.796605283743702e-05,1.5506747104154783e-06,3.601963669552788e-07,18519,
597,1.8705675756791607e-05,1.5677787814638577e-06,3.803924641943013e-07,18529,
597,,,,18537,1.9925921151298098e-05
598,1.9486811652313918e-05,2.456073161738459e-06,3.948678681808815e-07,18539,
598,2.00047688849736e-05,2.2690535388392163e-06,4.2475426198507193e-07,18549,
598,2.1273990569170564e-05,1.930523922055727e-06,3.759245146284229e-07,18559,
598,,,,18568,2.0163675799267367e-05
599,2.0210371076245792e-05,1.978483396669617e-06,3.7838896105313324e-07,18569,
599,2.1557991203735583e-05,3.261721531089279e-06,4.0330368733521027e-07,18579,
599,2.2511332645080984e-05,2.881025466194842e-06,3.620858706199215e-07,18589,
599,1.6659665561746806e-05,9.262010394195386e-07,2.740235593989837e-09,18599,
599,,,,18599,2.351751390960999e-05
600,1.9281915228930302e-05,2.131267820004723e-06,4.08541296792464e-07,18609,
600,1.922155570355244e-05,1.6278223711196915e-06,3.8069597962930857e-07,18619,
600,1.887348116724752e-05,1.5607278101015254e-06,4.2336674255238904e-07,18629,
600,,,,18630,2.164605939469766e-05
601,2.0414941900526173e-05,2.923693500633817e-06,4.088983871497476e-07,18639,
601,1.896957473945804e-05,2.1129092147020856e-06,3.9950526797838393e-07,18649,
601,1.9701947167050093e-05,2.5069136881938903e-06,3.98757890707202e-07,18659,
601,,,,18661,2.1288769858074374e-05
602,1.9773709936998785e-05,2.7348867206455907e-06,4.1222270397156535e-07,18669,
602,1.9749251805478707e-05,3.7480378978216322e-06,3.871585931847221e-07,18679,
602,1.8757267753244378e-05,2.013203129536123e-06,3.857298338516557e-07,18689,
602,,,,18692,2.2948735932004638e-05
603,2.0710558601422235e-05,3.890997504640836e-06,3.99931991523772e-07,18699,
603,2.363941712246742e-05,2.462269549141638e-06,3.8438469118773355e-07,18709,
603,1.8522101527196355e-05,1.783760126272682e-06,3.681221869555884e-07,18719,
603,,,,18723,2.8122916774009354e-05
604,2.2619318770011887e-05,3.6877602269669296e-06,3.8413884340116056e-07,18729,
604,2.1263802409521304e-05,3.6584806366590783e-06,3.86582627243115e-07,18739,
604,2.0627183403121307e-05,4.226343207847094e-06,3.699574619986379e-07,18749,
604,,,,18754,3.013274363183882e-05
605,2.3817337932996452e-05,4.764969617099268e-06,4.35164480450112e-07,18759,
605,2.407059582765214e-05,4.535538209893275e-06,3.8881020714143233e-07,18769,
605,1.9099670680589043e-05,3.094987505392055e-06,3.934291044060956e-07,18779,
605,,,,18785,2.5400559025001712e-05
606,2.2274569346336648e-05,2.9001637358305743e-06,3.88517122473786e-07,18789,
606,2.000781023525633e-05,4.629896920960164e-06,4.1009079154719075e-07,18799,
606,1.9553463062038645e-05,2.162253849746776e-06,3.635512655364437e-07,18809,
606,,,,18816,2.4255628886749037e-05
607,2.024030800384935e-05,2.214499318142771e-06,3.828508283731935e-07,18819,
607,1.9749913917621598e-05,1.6371812989746104e-06,3.64057314072852e-07,18829,
607,1.9682647689478472e-05,2.368938794461428e-06,3.8388540701816964e-07,18839,
607,,,,18847,2.606644011393655e-05
608,2.6320874894736335e-05,3.1346171454060823e-06,3.9880558233562624e-07,18849,
608,2.1785252101835795e-05,2.421863428025972e-06,4.2892796159321733e-07,18859,
608,1.895227251225151e-05,2.296861566719599e-06,3.7908660033281194e-07,18869,
608,,,,18878,2.7255862732999958e-05
609,2.7327889256412163e-05,3.7307370348571567e-06,3.8186774986570526e-07,18879,
609,2.1484374883584678e-05,2.949662530227215e-06,4.0707664084038697e-07,18889,
609,1.8089471268467605e-05,1.8406968820272596e-06,3.6641264955505903e-07,18899,
609,1.7022362953866832e-05,1.2542349168143119e-06,2.775362606399767e-09,18909,
609,,,,18909,2.2402682589017786e-05
610,2.1121126337675378e-05,2.798998821162968e-06,4.1264365790993907e-07,18919,
610,1.8976137653226033e-05,2.3487507405661745e-06,3.837148767615872e-07,18929,
610,1.9347240595379844e-05,1.7332170045847306e-06,4.273598790405231e-07,18939,
610,,,,18940,2.3566159143229015e-05
611,2.038496677414514e-05,2.6494167286728043e-06,4.120946925922908e-07,18949,
611,1.8555636415840127e-05,2.2628942133451346e-06,4.0337425843972596e-07,18959,
611,1.9107710613752715e-05,1.5292806665456737e-06,4.020349990696559e-07,18969,
611,,,,18971,1.9749573766603135e-05
612,1.969983168237377e-05,2.5220176667062333e-06,4.16670530967167e-07,18979,
612,1.860039083112497e-05,1.775310352059023e-06,3.906038728018757e-07,18989,
612,1.7624044630792923e-05,1.9768472157011274e-06,3.89496619845886e-07,18999,
612,,,,19002,2.057609526673332e-05
613,1.980699562409427e-05,2.152901060981094e-06,4.046603123697423e-07,19009,
613,1.9358276404091157e-05,2.1640598788508214e-06,3.874996821195964e-07,19019,
613,1.7718757590046152e-05,1.6121556427606265e-06,3.7223898630145413e-07,19029,
613,,,,19033,2.14488354686182e-05
614,2.008668343478348e-05,2.3142911231843755e-06,3.876520509038528e-07,19039,
614,1.8443532098899595e-05,2.3640645849809516e-06,3.900982221693994e-07,19049,
614,1.8033939340966754e-05,1.6236417650361545e-06,3.725611747995572e-07,19059,
614,,,,19064,2.364326428505592e-05
615,2.1741108866990544e-05,3.003161737069604e-06,4.3863289533874195e-07,19069,
615,1.919018723128829e-05,1.8573184661363484e-06,3.9248848793249635e-07,19079,
615,1.793234514479991e-05,2.2471037937066285e-06,3.978963434292382e-07,19089,
615,,,,19095,2.0685582057922147e-05
616,2.1864934751647525e-05,2.9538380204030545e-06,3.9301787069234706e-07,19099,
616,1.8731918316916563e-05,2.1210241811786545e-06,4.1411490769860393e-07,19109,
616,1.9036093362956308e-05,1.8778564481181093e-06,3.668519639177248e-07,19119,
616,,,,19126,2.2515283490065485e-05
617,2.1207382815191522e-05,5.03621413372457e-06,3.8467590002255747e-07,19129,
617,1.8883589291363023e-05,2.4641499294375535e-06,3.662804317627888e-07,19139,
617,1.84351720236009e-05,1.8407110928819748e-06,3.877711378663662e-07,19149,
617,,,,19157,2.1966743588563986e-05
618,2.1489648133865558e-05,2.4991911686811363e-06,4.035591985029896e-07,19159,
618,1.9859637177432887e-05,3.040619731109473e-06,4.3299033336552384e-07,19169,
618,1.9139293726766482e-05,1.7023294276441447e-06,3.819831135842833e-07,19179,
618,,,,19188,2.3223086827783845e-05
619,2.3195052563096397e-05,2.5113736228377093e-06,3.8495826970574853e-07,19189,
619,2.0886738639092073e-05,3.2865079901966965e-06,4.1034186892829894e-07,19199,
619,1.809151581255719e-05,2.0055911136296345e-06,3.705580979840306e-07,19209,
619,1.7445237972424366e-05,1.1372354720151634e-06,2.8183972933248924e-09,19219,
619,,,,19219,2.4537712306482717e-05
620,2.0155917809461243e-05,3.17160265694838e-06,4.165363804986555e-07,19229,
620,2.2459998945123516e-05,2.3870336463005515e-06,3.878889458519552e-07,19239,
620,1.8195629309047945e-05,1.9566507489798823e-06,4.314620696277416e-07,19249,
620,,,,19250,2.6360881747677922e-05
621,2.0362924260552973e-05,2.8810848107241327e-06,4.169319254287984e-07,19259,
621,1.937145134434104e-05,2.4898174615373136e-06,4.078853521605197e-07,19269,
621,1.8628586985869333e-05,2.0745396795973647e-06,4.058837816955929e-07,19279,
621,,,,19281,2.194873377447948e-05
622,1.882511787698604e-05,2.3387160581478383e-06,4.214019497794652e-07,19289,
622,1.8123437257600017e-05,1.585635118317441e-06,3.939998123314581e-07,19299,
622,1.7616628610994667e-05,1.5345257224907982e-06,3.932680385787535e-07,19309,
622,,,,19312,2.2637063011643477e-05
623,1.951994636328891e-05,2.2565932340512518e-06,4.085476632553764e-07,19319,
623,1.8398122847429477e-05,2.1786606794194086e-06,3.9146553376667725e-07,19329,
623,1.6961894289124757e-05,1.3999368775330367e-06,3.759313074169768e-07,19339,
623,,,,19343,2.072677125397604e-05
624,1.832230918807909e-05,1.9945034637203207e-06,3.9116142147577193e-07,19349,
624,2.043135646090377e-05,2.2348237962432904e-06,3.940445196803921e-07,19359,
624,1.7767437384463847e-05,2.1745418052887544e-06,3.764835980746284e-07,19369,
624,,,,19374,2.13491621252615e-05
625,1.9992136003565975e-05,3.3285552945017116e-06,4.4325201997708064e-07,19379,
625,1.8520777302910574e-05,2.2568722215510206e-06,3.962315702210617e-07,19389,
625,1.7213880710187368e-05,1.4655041695732507e-06,4.016141588181199e-07,19399,
625,,,,19405,1.870832420536317e-05
626,1.7853208191809244e-05,1.8983636209668475e-06,3.9652329064665537e-07,19409,
626,1.7651316738920286e-05,1.7656715272096335e-06,4.1804733541539463e-07,19419,
626,1.7192560335388407e-05,1.4614273595725535e-06,3.708102838118066e-07,19429,
626,,,,19436,1.912810512294527e-05
627,1.842943675001152e-05,2.2916435682418523e-06,3.8845237781970354e-07,19439,
627,1.8194768927060068e-05,2.2002784589858493e-06,3.6994697438785806e-07,19449,
627,1.784616688382812e-05,2.9350824206630932e-06,3.914269939286896e-07,19459,
627,,,,19467,1.8921007722383365e-05
628,1.8633281797519885e-05,2.492588919267291e-06,4.0698566294850025e-07,19469,
628,1.8881013602367602e-05,2.1925525288679637e-06,4.368234272078553e-07,19479,
628,1.861351302068215e-05,1.6463673091493547e-06,3.860622257434443e-07,19489,
628,,,,19498,2.0316218069638126e-05
629,2.0356181266834028e-05,2.8905765248055104e-06,3.8825103843009856e-07,19499,
629,1.7895750715979375e-05,1.6041651633713627e-06,4.14129175396738e-07,19509,
629,1.7002947060973383e-05,1.4940991377443424e-06,3.738381906259747e-07,19519,
629,1.5840050764381886e-05,9.171215538117394e-07,2.8500821702692747e-09,19529,
629,,,,19529,2.043712629529182e-05
630,1.9398104996071197e-05,2.93175139631785e-06,4.207628307995037e-07,19539,
630,1.8968750737258233e-05,1.973535063370946e-06,3.907552184045926e-07,19549,
630,1.8072656530421227e-05,1.6310514183714986e-06,4.3505812641342345e-07,19559,
630,,,,19560,2.3127884560381062e-05
631,2.057289020740427e-05,3.9267119973374065e-06,4.1954604057536926e-07,19569,
631,1.8479220670997165e-05,2.158966253773542e-06,4.105134507881303e-07,19579,
631,1.9937358956667595e-05,2.4873957045201678e-06,4.0870943962545425e-07,19589,
631,,,,19591,2.3577917090733536e-05
632,2.229610072390642e-05,3.297396006018971e-06,4.254081034105184e-07,19599,
632,2.138442505383864e-05,7.323169029405108e-06,3.979029088441166e-07,19609,
632,1.8426777387503535e-05,2.548762722653919e-06,3.9658002037867846e-07,19619,
632,,,,19622,3.0866296583553776e-05
633,2.941602906503249e-05,7.175534392445115e-06,4.1366072878190607e-07,19629,
633,2.14073861570796e-05,5.419322405941784e-06,3.9477615132454957e-07,19639,
633,1.816953590605408e-05,4.011830696981633e-06,3.786418858453544e-07,19649,
633,,,,19653,2.3813139705453068e-05
634,1.989848715311382e-05,6.2807334870740306e-06,3.9496424619756e-07,19659,
634,1.9162200260325335e-05,5.3906601351627614e-06,3.9781369309821457e-07,19669,
634,1.862311728473287e-05,2.9698192065552576e-06,3.798878935867833e-07,19679,
634,,,,19684,2.4586881409049965e-05
635,2.272482197440695e-05,3.4608922305778833e-06,4.4757399564332445e-07,19689,
635,1.9627475921879523e-05,3.204450422344962e-06,3.9999670775614504e-07,19699,
635,1.8190534319728613e-05,2.051456704066368e-06,4.059978095938277e-07,19709,
635,,,,19715,2.2763293600291945e-05
636,2.192276224377565e-05,3.502582785586128e-06,4.0001202705752803e-07,19719,
636,2.0359033442218788e-05,2.90175171357987e-06,4.2144992562498373e-07,19729,
636,1.7349240806652233e-05,2.0081390630366514e-06,3.7323988522075524e-07,19739,
636,,,,19746,2.7565132768359035e-05
637,1.9495932065183297e-05,2.6557804631011095e-06,3.920629012554855e-07,19749,
637,2.2497593818116002e-05,3.834672043012688e-06,3.7397063579192036e-07,19759,
637,1.8475720935384743e-05,2.3164409412856912e-06,3.9419606423507503e-07,19769,
637,,,,19777,2.1165258658584207e-05
638,2.098308686981909e-05,3.759793571589398e-06,4.1041982967726653e-07,19779,
638,1.9724382582353428e-05,2.67899099526403e-06,4.400501154577796e-07,19789,
638,1.7659036529948935e-05,1.4226646953829913e-06,3.8884715536369185e-07,19799,
638,,,,19808,2.3511522158514708e-05
639,2.3537035303888842e-05,4.157019702688558e-06,3.9101104221117566e-07,19809,
639,1.8090708181262016e-05,2.570374590504798e-06,4.180088808425353e-07,19819,
639,1.7629785361350514e-05,1.7472299305154593e-06,3.7745482472928416e-07,19829,
639,1.7221544112544507e-05,8.924704957280483e-07,2.891760164658308e-09,19839,
639,,,,19839,2.384606523264665e-05
640,2.0984303773730062e-05,2.1429539174278034e-06,4.2542060896266776e-07,19849,
640,1.8241045836475678e-05,2.804342102535884e-06,3.946291258216661e-07,19859,
640,1.7578649931238033e-05,1.5232396890496602e-06,4.389425498629862e-07,19869,
640,,,,19870,2.2992775484453887e-05
641,1.908211561385542e-05,2.959223138532252e-06,4.2381179810035974e-07,19879,
641,1.7649239453021437e-05,3.273093625466572e-06,4.138161386890715e-07,19889,
641,1.861614509834908e-05,1.7213559431183967e-06,4.1192336652784434e-07,19899,
641,,,,19901,2.470571780577302e-05
642,2.070216396532487e-05,3.413434797039372e-06,4.2882476236627554e-07,19909,
642,1.8567065126262605e-05,2.738087005127454e-06,3.999021487288701e-07,19919,
642,1.708884519757703e-05,2.0333361590019194e-06,3.9946968399817706e-07,19929,
642,,,,19932,1.9261437046225183e-05
643,1.8591032130643725e-05,2.0891209260298638e-06,4.143793432831444e-07,19939,
643,1.6999070794554427e-05,1.5787153415658395e-06,3.97189097611772e-07,19949,
643,1.6369758668588474e-05,1.4461198816206888e-06,3.816094249486923e-07,19959,
643,,,,19963,1.9667786546051502e-05
644,1.7626980479690246e-05,1.7058708863260108e-06,3.9789611605556274e-07,19969,
644,1.8383383576292545e-05,1.552524395265209e-06,4.010317695701815e-07,19979,
644,1.6668309399392456e-05,1.3183304190533818e-06,3.8281683600871474e-07,19989,
644,,,,19994,1.794082527339924e-05
645,1.714559766696766e-05,1.7156329477074905e-06,4.499324290918594e-07,19999,
645,1.6529989807168022e-05,1.4513040014207945e-06,4.0254789723803697e-07,20009,
645,1.650989543122705e-05,1.4635874094892642e-06,4.0885348084884754e-07,20019,
645,,,,20025,1.778905607352499e-05
646,1.8091926904162392e-05,1.7712757198751206e-06,4.0356886188419594e-07,20029,
646,1.68686037795851e-05,1.5316112467189669e-06,4.2433268276909075e-07,20039,
646,1.703943962638732e-05,1.4812212612014264e-06,3.7673933661608316e-07,20049,
646,,,,20056,1.8552162146079354e-05
647,1.8157596059609205e-05,1.7866794905785355e-06,3.9436434917661245e-07,20059,
647,1.6318668713211082e-05,1.2955443935425137e-06,3.76052099682056e-07,20069,
647,1.7097798263421282e-05,1.427805159437412e-06,3.9772038462615456e-07,20079,
647,,,,20087,1.90527098311577e-05
648,1.84574364539003e-05,1.7584079614607617e-06,4.1495215441500477e-07,20089,
648,1.915233769977931e-05,3.195728595528635e-06,4.4322800363261194e-07,20099,
648,1.7691667380859144e-05,1.7167869827972027e-06,3.9185360378724e-07,20109,
648,,,,20118,1.890818566607777e-05
649,1.9025141227757558e-05,2.492884277671692e-06,3.9281670183299866e-07,20119,
649,1.7651029338594526e-05,2.051057663265965e-06,4.2022253410323174e-07,20129,
649,1.8294400433660485e-05,1.7877155187306926e-06,3.7999606661287544e-07,20139,
649,1.657037137192674e-05,9.392394417773176e-07,2.9293716341527443e-09,20149,
649,,,,20149,2.2818743673269637e-05
650,2.0428280549822375e-05,2.5040296804945683e-06,4.274122602510033e-07,20159,
650,1.956151390913874e-05,2.6431659989611944e-06,3.9676970686741697e-07,20169,
650,1.7095902876462787e-05,1.7094843087761546e-06,4.42608666162414e-07,20179,
650,,,,20180,2.322415639355313e-05
651,1.95477459783433e-05,2.838942918970133e-06,4.283335783838993e-07,20189,
651,1.7847201888798736e-05,1.8369106555837789e-06,4.1793572336246143e-07,20199,
651,1.824033461161889e-05,1.6154062905116007e-06,4.148598975461937e-07,20209,
651,,,,20211,2.0685165509348735e-05
652,1.836267620092258e-05,2.1712685338570736e-06,4.32892875323887e-07,20219,
652,1.9352090021129698e-05,1.909218553919345e-06,4.037368057652202e-07,20229,
652,1.8264971004100516e-05,1.6089934433693998e-06,4.0330178308067843e-07,20239,
652,,,,20242,2.1767313228338026e-05
653,1.9957176846219227e-05,4.660876129491953e-06,4.194225198261847e-07,20249,
653,1.7550210031913593e-05,1.9726560367416823e-06,4.012938745745487e-07,20259,
653,1.6029800463002175e-05,1.8004524235948338e-06,3.8530640722456155e-07,20269,
653,,,,20273,1.993858859350439e-05
654,1.868201798060909e-05,2.7200360364076914e-06,4.016991113076074e-07,20279,
654,1.7959711840376258e-05,2.3080742721504066e-06,4.044886452447827e-07,20289,
654,1.6917991160880774e-05,1.6867176100276993e-06,3.858454533656186e-07,20299,
654,,,,20304,1.7843507521320134e-05
655,1.7784477677196264e-05,1.951789954546257e-06,4.5391510639092303e-07,20309,
655,1.6471942217322066e-05,1.4488981605609297e-06,4.057020248637855e-07,20319,
655,1.6667436284478754e-05,1.346797375845199e-06,4.1264664218942926e-07,20329,
655,,,,20335,1.7058426237781532e-05
656,1.7247850337298587e-05,1.740354491630569e-06,4.0742241935731727e-07,20339,
656,1.6405678252340294e-05,1.392843614667072e-06,4.278615790553886e-07,20349,
656,1.606891783012543e-05,1.344685188087169e-06,3.800247156959813e-07,20359,
656,,,,20366,1.6656862499075942e-05
657,1.630182123335544e-05,1.9013414203072898e-06,3.9714549870950577e-07,20369,
657,1.584686106070876e-05,1.2639178521567374e-06,3.7873130054322246e-07,20379,
657,1.6388181393267587e-05,1.3797788369629416e-06,4.011926364455576e-07,20389,
657,,,,20397,1.863864963524975e-05
658,1.853067078627646e-05,2.75236402558221e-06,4.1803679096119595e-07,20399,
658,1.8878845366998576e-05,1.8952517848447314e-06,4.4746687422048126e-07,20409,
658,1.8100519810104743e-05,2.531573500164086e-06,3.9548544350509474e-07,20419,
658,,,,20428,1.8468828784534708e-05
659,1.8503613318898715e-05,2.4418004613835365e-06,3.971086925957934e-07,20429,
659,1.976843850570731e-05,2.6753921247291146e-06,4.237951145569241e-07,20439,
659,2.0101280824746937e-05,4.133299626118969e-06,3.8423155501732253e-07,20449,
659,1.5965431884978898e-05,2.1626492525683716e-06,2.9682978297529417e-09,20459,
659,,,,20459,2.0647044948418625e-05
660,2.1373803974711336e-05,3.0612798127549468e-06,4.324970177549403e-07,20469,
660,1.80213955900399e-05,4.567445557768224e-06,4.004723734851723e-07,20479,
660,1.7343716535833664e-05,2.2830602119938703e-06,4.456076112546725e-07,20489,
660,,,,20490,2.4215161829488352e-05
661,2.2220554455998354e-05,5.488784609042341e-06,4.3056911636085715e-07,20499,
661,2.0194614990032278e-05,3.0743865409021964e-06,4.205767822895723e-07,20509,
661,1.9265846276539378e-05,2.8995893899264047e-06,4.1735961531230714e-07,20519,
661,,,,20521,3.16784244205337e-05
662,2.336894249310717e-05,6.998216122156009e-06,4.3602730670500023e-07,20529,
662,1.9388711734791286e-05,2.497882405805285e-06,4.0555431723987567e-07,20539,
662,1.638328467379324e-05,1.4947838735679397e-06,4.0501518583369034e-07,20549,
662,,,,20552,2.4111996026476845e-05
663,2.1890677089686505e-05,2.466459136485355e-06,4.218878473238874e-07,20559,
663,1.8366417862125672e-05,1.8049786376650445e-06,4.032586673474725e-07,20569,
663,1.5950754459481686e-05,1.4420148772842367e-06,3.8838760474391165e-07,20579,
663,,,,20583,1.893884109449573e-05
664,1.7203476090799086e-05,1.9724297999346163e-06,4.0399280010205985e-07,20589,
664,1.6613825209788047e-05,1.6707762142686988e-06,4.070581667292572e-07,20599,
664,1.5986592188710347e-05,1.407181457580009e-06,3.8877516317370464e-07,20609,
664,,,,20614,1.8370605175732635e-05
665,1.745809095154982e-05,2.2716565126756905e-06,4.5761404976474296e-07,20619,
665,1.6263626093859784e-05,1.4499972849080223e-06,4.0868664541449107e-07,20629,
665,1.6107940609799698e-05,1.3194420489526237e-06,4.1549881757418916e-07,20639,
665,,,,20645,1.755716948537156e-05
666,1.6711292118998244e-05,1.6676652876412845e-06,4.099041746030707e-07,20649,
666,1.6266936654574238e-05,1.636270326343947e-06,4.312814780860208e-07,20659,
666,1.600779614818748e-05,1.2810744465241442e-06,3.828647550108144e-07,20669,
666,,,,20676,1.7466702047386207e-05
667,1.7110874978243373e-05,1.9334640910528833e-06,4.000429498773883e-07,20679,
667,1.561629687785171e-05,1.2652661780521157e-06,3.816637388354138e-07,20689,
667,1.6141792002599686e-05,1.4466606899077306e-06,4.0411066493106773e-07,20699,
667,,,,20707,1.7331563867628574e-05
668,1.712249286356382e-05,1.7774430034478428e-06,4.2087754081876483e-07,20709,
668,1.6662046618876047e-05,1.8889967350332881e-06,4.5006026994087733e-07,20719,
668,1.692143632681109e-05,1.8555350607130094e-06,3.9751304825585976e-07,20729,
668,,,,20738,2.1230644051684067e-05
669,2.1138330339454114e-05,3.5307518828631146e-06,3.9969469867173757e-07,20739,
669,1.7841379303717986e-05,2.3310722099267878e-06,4.2652627030292933e-07,20749,
669,1.8355103748035617e-05,3.816154730884591e-06,3.8726545881218044e-07,20759,
669,1.5763958799652755e-05,1.2816926755476743e-06,2.9930540268452432e-09,20769,
669,,,,20769,2.1080541046103463e-05
670,1.960541158041451e-05,2.2471708689408842e-06,4.348923141606065e-07,20779,
670,1.8057589841191657e-05,3.0667251849081367e-06,4.0257236832985654e-07,20789,
670,1.8132259356207214e-05,2.298678055012715e-06,4.49217310460881e-07,20799,
670,,,,20800,2.8366301194182597e-05
671,2.47171465161955e-05,4.911676569463452e-06,4.351012705683388e-07,20809,
671,2.0170735297142528e-05,3.6226488191459794e-06,4.2450636783541995e-07,20819,
671,1.8701268345466815e-05,1.6857705986694782e-06,4.204269430374552e-07,20829,
671,,,,20831,2.1262316295178607e-05
672,1.862058707047254e-05,3.1130111892707646e-06,4.394612744818005e-07,20839,
672,1.7559235857333988e-05,2.416040842945222e-06,4.0916535226642736e-07,20849,
672,1.648007491894532e-05,1.6246439145106706e-06,4.08734052825821e-07,20859,
672,,,,20862,2.0763160136993974e-05
673,1.8193715732195415e-05,2.166702643080498e-06,4.248988432209444e-07,20869,
673,2.0016168491565622e-05,2.051622459475766e-06,4.065752250426158e-07,20879,
673,1.5945268387440592e-05,1.2669418083532946e-06,3.9135971974246786e-07,20889,
673,,,,20893,2.213677544204984e-05
674,1.855040500231553e-05,2.5888650725391926e-06,4.0744762941358204e-07,20899,
674,1.7153719454654492e-05,1.950070554812555e-06,4.106440769646724e-07,20909,
674,1.6644320567138493e-05,2.2918509330338566e-06,3.9224326542353083e-07,20919,
674,,,,20924,1.8998360246769153e-05
675,1.7936044969246723e-05,2.0244815459591337e-06,4.6185448354663095e-07,20929,
675,1.7426245904061943e-05,2.324654360563727e-06,4.1190196498064324e-07,20939,
675,1.6138892533490434e-05,1.7089416814997094e-06,4.185847330973047e-07,20949,
675,,,,20955,1.8892509615398012e-05
676,1.8952532627736218e-05,3.8470061554107815e-06,4.1410942230868386e-07,20959,
676,1.704420537862461e-05,2.222018792963354e-06,4.342702482063032e-07,20969,
676,1.7237774954992346e-05,1.6711345551811974e-06,3.861758273160376e-07,20979,
676,,,,20986,2.1306705093593337e-05
677,1.7964372091228142e-05,2.7827409212477505e-06,4.0305286574948695e-07,20989,
677,1.6718742699595168e-05,1.6137590819198522e-06,3.8425326920332736e-07,20999,
677,1.6486361346323974e-05,1.6420653992099687e-06,4.071826822382718e-07,21009,
677,,,,21017,2.0997531464672647e-05
678,2.1473631932167336e-05,2.972024276459706e-06,4.2619404894139734e-07,21019,
678,1.7584745364729315e-05,1.9455219444353133e-06,4.5421623440233816e-07,21029,
678,1.5983108824002557e-05,1.630853148526512e-06,4.0050346683528915e-07,21039,
678,,,,21048,1.7567392205819488e-05
679,1.7826754628913477e-05,2.7612277335720137e-06,4.018042716324999e-07,21049,
679,1.6229805623879656e-05,1.952256297954591e-06,4.2976853364962153e-07,21059,
679,1.536583476990927e-05,1.6114221352836466e-06,3.902838159319799e-07,21069,
679,1.4531575288856402e-05,7.811647151356738e-07,3.0198463729647074e-09,21079,
679,,,,21079,1.705100658000447e-05
680,1.6334828615072183e-05,1.5376721194115817e-06,4.3800497451229603e-07,21089,
680,1.6158042853930965e-05,1.4369996961249853e-06,4.054349744819774e-07,21099,
680,1.599537608854007e-05,1.546834027976729e-06,4.524762573510088e-07,21109,
680,,,,21110,1.6613859770586714e-05
681,1.7194153770105913e-05,1.5709565559518524e-06,4.3712552155739104e-07,21119,
681,1.5740894014015794e-05,1.313789539381105e-06,4.2691124235716416e-07,21129,
681,1.6829973901621997e-05,1.2990384448130499e-06,4.233529580233153e-07,21139,
681,,,,21141,1.664613955654204e-05
682,1.757202517183032e-05,1.8674745660973713e-06,4.429029445418564e-07,21149,
682,1.6854197383509018e-05,1.9793897081399336e-06,4.119705181437894e-07,21159,
682,1.5271763913915493e-05,1.4161686294755782e-06,4.1160416230923147e-07,21169,
682,,,,21172,1.7092997950385325e-05
683,1.7352404029225e-05,2.655428716025199e-06,4.271251725640468e-07,21179,
683,1.6681995475664735e-05,1.8348940784562728e-06,4.096650627616327e-07,21189,
683,1.5165676813921891e-05,1.2294115094846347e-06,3.9329634660134616e-07,21199,
683,,,,21203,1.6693624274921604e-05
684,1.6538455383852124e-05,2.1508169538719812e-06,4.1002712691806664e-07,21209,
684,1.6359559595002793e-05,1.3715446129936026e-06,4.1295382402495306e-07,21219,
684,1.5426277968799695e-05,1.2989129345442052e-06,3.938569932415703e-07,21229,
684,,,,21234,1.7682814359432086e-05
685,1.687646727077663e-05,2.07180301003973e-06,4.6346031012944877e-07,21239,
685,1.6444393622805364e-05,2.3367235826299293e-06,4.1449035848017957e-07,21249,
685,1.5562260159640573e-05,1.2889915979030775e-06,4.217954199248197e-07,21259,
685,,,,21265,1.735909427225124e-05
686,1.8132312106899917e-05,2.0570082597259898e-06,4.164627398495213e-07,21269,
686,1.6348401914001442e-05,1.5424575394717976e-06,4.368253314623871e-07,21279,
686,1.637213608773891e-05,1.4854711025691358e-06,3.8798907553427853e-07,21289,
686,,,,21296,2.211610808444675e-05
687,2.293633224326186e-05,6.718969416397158e-06,4.049193194077816e-07,21299,
687,1.682286529103294e-05,2.237166881968733e-06,3.8624924059149635e-07,21309,
687,1.7399483112967573e-05,2.601049345685169e-06,4.103156641122041e-07,21319,
687,,,,21327,4.134287155466154e-05
688,3.920224844478071e-05,7.81786184234079e-06,4.309173675665079e-07,21329,
688,2.502479219401721e-05,6.910262072779005e-06,4.5700531359216257e-07,21339,
688,1.8339840607950464e-05,2.2214665023057023e-06,4.024058171125944e-07,21349,
688,,,,21358,2.7491831133374944e-05
689,2.7261561626801267e-05,6.9351344791357405e-06,4.034254459384101e-07,21359,
689,1.881642128864769e-05,5.5157179303932935e-06,4.3145081463080714e-07,21369,
689,1.9099165001534857e-05,3.7618719943566248e-06,3.932015886221052e-07,21379,
689,1.7258063962799497e-05,1.557646328365081e-06,3.041922491675564e-09,21389,
689,,,,21389,2.4501956431777216e-05
690,2.1029703930253163e-05,2.5484957859589485e-06,4.414097816152207e-07,21399,
690,1.8135400750907138e-05,4.09449739890988e-06,4.070461159244587e-07,21409,
690,1.6371994206565432e-05,2.3660811621084576e-06,4.560623949600995e-07,21419,
690,,,,21420,2.4273151211673394e-05
691,1.9666904336190782e-05,3.5987375213153427e-06,4.4143740751678706e-07,21429,
691,1.7380558347213082e-05,2.7997173219773686e-06,4.30176925192427e-07,21439,
691,1.6592233805567957e-05,1.7978478581426316e-06,4.2639354091988935e-07,21449,
691,,,,21451,1.905354656628333e-05
692,1.7250466044060886e-05,3.030387688340852e-06,4.4678046151602757e-07,21459,
692,1.6967942428891547e-05,1.6752768488004222e-06,4.1467205846856814e-07,21469,
692,1.5070420886331704e-05,1.3507990388461621e-06,4.141935789903073e-07,21479,
692,,,,21482,1.8314720364287496e-05
693,1.7676657080301084e-05,1.5159141639742302e-06,4.3012104811168683e-07,21489,
693,1.6201287508010864e-05,1.819458020690945e-06,4.120675498597848e-07,21499,
693,1.5101416465768125e-05,1.2599036836036248e-06,3.9649131622354616e-07,21509,
693,,,,21513,1.6393121768487617e-05
694,1.550573142594658e-05,1.668961317591311e-06,4.126595740672201e-07,21519,
694,1.5260449799825437e-05,1.9585904738050885e-06,4.1580992160561436e-07,21529,
694,1.4918095985194668e-05,1.276477746614546e-06,3.9653824046581576e-07,21539,
694,,,,21544,1.7280604879488237e-05
695,1.669015000516083e-05,1.8420632841298357e-06,4.674361377965397e-07,21549,
695,1.539439836051315e-05,1.5849520877964096e-06,4.170651948243176e-07,21559,
695,1.5132697626540903e-05,1.3069522992736893e-06,4.2429175550751097e-07,21569,
695,,,,21575,1.603447162779048e-05
696,1.539728691568598e-05,1.4115815929471864e-06,4.1875227907439694e-07,21579,
696,1.5245469512592535e-05,1.632104499549314e-06,4.398442570163752e-07,21589,
696,1.487226654717233e-05,1.1675646192088607e-06,3.906150709553913e-07,21599,
696,,,,21606,1.5364561477326788e-05
697,1.5168727259151638e-05,1.2859308071710984e-06,4.074420019151148e-07,21609,
697,1.469100607209839e-05,1.434693331248127e-06,3.8894089016139333e-07,21619,
697,1.537411480967421e-05,1.3383322539084475e-06,4.12370070534962e-07,21629,
697,,,,21637,1.571416578372009e-05
698,1.5719651855761185e-05,1.4824753407083335e-06,4.304013430100895e-07,21639,
698,1.701892506389413e-05,1.788860458873387e-06,4.5968829454068327e-07,21649,
698,1.8037022528005764e-05,2.628956053740694e-06,4.056461193613359e-07,21659,
698,,,,21668,1.618441274331417e-05
699,1.6311763829435222e-05,1.60803938342724e-06,4.0663650224814774e-07,21669,
699,1.950062323885504e-05,2.4259238671220373e-06,4.348646598373307e-07,21679,
699,1.801265352696646e-05,3.072360414080322e-06,3.9537391671728983e-07,21689,
699,1.4473015653493349e-05,8.467507655041118e-07,3.0812858931028586e-09,21699,
699,,,,21699,1.818019154598005e-05
700,1.678011722106021e-05,2.1244252366159344e-06,4.436375036220852e-07,21709,
700,1.631528175494168e-05,1.7614707985558198e-06,4.099312604921579e-07,21719,
700,1.5662410078221e-05,1.2782292060364853e-06,4.5825538563804e-07,21729,
700,,,,21730,1.9277273167972453e-05
701,1.730850817693863e-05,2.1561743324127747e-06,4.434514551121538e-07,21739,
701,1.580406751600094e-05,1.6087984704427072e-06,4.330051694978465e-07,21749,
701,1.642204006202519e-05,1.397980668116361e-06,4.285680290649907e-07,21759,
701,,,,21761,1.7924196072272025e-05
702,1.675859857641626e-05,1.9318738395668333e-06,4.4919281094735197e-07,21769,
702,1.5555013305856846e-05,1.3022844314036774e-06,4.171461398527754e-07,21779,
702,1.5035184333100915e-05,1.4818677982475492e-06,4.167777660768479e-07,21789,
702,,,,21792,1.779926060407888e-05
703,1.797689765226096e-05,2.2284350507106865e-06,4.322344864249317e-07,21799,
703,1.6246578525169753e-05,1.7738086626195582e-06,4.1466179823146376e-07,21809,
703,1.491943567089038e-05,2.1912662759859813e-06,3.988718049185991e-07,21819,
703,,,,21823,2.459266033838503e-05
704,1.9213499399484135e-05,3.778175369006931e-06,4.1614757151364756e-07,21829,
704,1.840914956119377e-05,3.902637672581477e-06,4.186051114629663e-07,21839,
704,1.6231104382313788e-05,3.0686933314427733e-06,3.993280870417948e-07,21849,
704,,,,21854,2.3265967683983035e-05
705,2.0146777387708426e-05,3.7567840536212316e-06,4.700804936419445e-07,21859,
705,1.752265052346047e-05,3.0634680570074124e-06,4.1958480778703233e-07,21869,
705,1.7170656064990908e-05,1.8370268435319304e-06,4.2680375145209837e-07,21879,
705,,,,21885,2.0415787730598822e-05
706,2.154261528630741e-05,4.6710561036888976e-06,4.2196930394311494e-07,21889,
706,1.7751015548128635e-05,2.9505265501938993e-06,4.418242554038443e-07,21899,
706,1.583417906658724e-05,2.0911127194267465e-06,3.92981746699661e-07,21909,
706,,,,21916,2.09755507967202e-05
707,1.743793472996913e-05,1.7813014210332767e-06,4.102444108866621e-07,21919,
707,1.639154834265355e-05,2.352753426748677e-06,3.912602721811709e-07,21929,
707,1.5724290278740227e-05,1.913838559630676e-06,4.147013896727003e-07,21939,
707,,,,21947,2.3695092750131153e-05
708,2.3781096388120204e-05,3.4117144878109684e-06,4.3360245172152645e-07,21949,
708,1.798531593522057e-05,2.6745444756670622e-06,4.6187756197468843e-07,21959,
708,1.6526482795597985e-05,2.4640069113956997e-06,4.0828925307323516e-07,21969,
708,,,,21978,2.0693118131021038e-05
709,2.078102988889441e-05,3.864024165523006e-06,4.0899456621446006e-07,21979,
709,1.9784820324275643e-05,3.1314230000134557e-06,4.3747550648731703e-07,21989,
709,1.69614031619858e-05,2.235114379800507e-06,3.973574678184377e-07,21999,
709,1.5339992387453094e-05,1.4297924053607858e-06,3.096381373524082e-09,22009,
709,,,,22009,2.043729182332754e-05
710,1.8129996533389203e-05,3.7547597457887605e-06,4.460985678633733e-07,22019,
710,1.6459351172670722e-05,1.823946490731032e-06,4.1184168253494136e-07,22029,
710,1.5635127056157216e-05,1.4082260122449952e-06,4.609104848896095e-07,22039,
710,,,,22040,2.0995514205424115e-05
711,1.728911229292862e-05,1.968939841390238e-06,4.4555611111718463e-07,22049,
711,1.583508674229961e-05,1.5735619172119186e-06,4.353751705821196e-07,22059,
711,1.6975189282675274e-05,1.7469983504270203e-06,4.310887220526638e-07,22069,
711,,,,22071,1.8658816770766862e-05
712,1.671102290856652e-05,1.809236209737719e-06,4.520367724580865e-07,22079,
712,1.593081105966121e-05,2.2886435999680543e-06,4.193575193767174e-07,22089,
712,1.4966209164413158e-05,1.2476170923036989e-06,4.194688756342657e-07,22099,
712,,,,22102,1.732559030642733e-05
713,1.802281076379586e-05,2.721263854255085e-06,4.3485945866450493e-07,22109,
713,1.6170160961337388e-05,1.5203985412881593e-06,4.169488363459095e-07,22119,
713,1.4611621736548841e-05,2.1296884824550943e-06,4.012013334886433e-07,22129,
713,,,,22133,1.9790515580098145e-05
714,1.6373307516914792e-05,2.545683400967391e-06,4.1803230033110594e-07,22139,
714,1.6295072782668285e-05,4.003936737717595e-06,4.212126611946587e-07,22149,
714,1.5344021448981948e-05,1.5485660469494178e-06,4.0154893099497713e-07,22159,
714,,,,22164,2.1410774934338406e-05
715,2.0504448912106454e-05,5.225429504207568e-06,4.730242153527797e-07,22169,
715,1.881858588603791e-05,2.395750698269694e-06,4.2177131831522274e-07,22179,
715,1.556545976200141e-05,2.1117191408848157e-06,4.29179863203899e-07,22189,
715,,,,22195,1.8650753190740943e-05
716,1.747615351632703e-05,2.4391990791627904e-06,4.2513855191828043e-07,22199,
716,1.6004923963919282e-05,2.2120082121546147e-06,4.4445587832342426e-07,22209,
716,1.5130611245695036e-05,2.2601241198572097e-06,3.95434085476154e-07,22219,
716,,,,22226,1.7016131096170284e-05
717,1.5925787010928616e-05,1.8357297904003644e-06,4.1162968500429997e-07,22229,
717,1.5235711543937214e-05,2.7671824227581965e-06,3.933903371944325e-07,22239,
717,1.503457133367192e-05,1.8020400602836162e-06,4.170457827967766e-07,22249,
717,,,,22257,1.721004446153529e-05
718,1.71710107679246e-05,2.4493620003340766e-06,4.3555405682127457e-07,22259,
718,1.611321567906998e-05,1.7934349898496293e-06,4.6477060777760926e-07,22269,
718,1.58607836056035e-05,1.2929066315336968e-06,4.1014763496605156e-07,22279,
718,,,,22288,1.7980883058044128e-05
719,1.8010818166658282e-05,2.918148993558134e-06,4.1095427150139585e-07,22289,
719,1.711371987767052e-05,2.2013960006006528e-06,4.39872508195549e-07,22299,
719,1.965027695405297e-05,2.6997765871783486e-06,4.0015785884861543e-07,22309,
719,1.4109891708358191e-05,1.7005937706926488e-06,3.129188907990965e-09,22319,
719,,,,22319,1.8308395738131367e-05
720,1.7024724002112634e-05,1.984757318496122e-06,4.4994408199272584e-07,22329,
720,1.6996837075566873e-05,2.8692397791019175e-06,4.151429777721205e-07,22339,
720,1.5736668501631357e-05,1.4145418845146196e-06,4.634928529867466e-07,22349,
720,,,,22350,1.8031794752459973e-05
721,1.7063322957255878e-05,2.5533752250339603e-06,4.4809263499701046e-07,22359,
721,1.5732864994788542e-05,1.8248340438731248e-06,4.374693958197895e-07,22369,
721,1.5886156688793562e-05,1.2324106819505687e-06,4.329241960476793e-07,22379,
721,,,,22381,2.131126711901743e-05
722,1.7638076315051876e-05,3.4388672247587238e-06,4.5452247832145076e-07,22389,
722,1.7571515854797326e-05,1.9462027012195904e-06,4.2154312041020603e-07,22399,
722,1.5452269508386962e-05,1.7202974049723707e-06,4.2104591102543054e-07,22409,
722,,,,22412,2.0211920855217613e-05
723,1.8781373000820167e-05,3.3198045912286034e-06,4.3675947836163687e-07,22419,
723,1.7075726645998657e-05,1.5125464187804027e-06,4.190131335235492e-07,22429,
723,1.6347539713024162e-05,1.6993047893265611e-06,4.021905510853685e-07,22439,
723,,,,22443,2.0186062101856805e-05
724,1.7394175301888026e-05,2.484997139617917e-06,4.1989622445726127e-07,22449,
724,1.5735879060230218e-05,1.8083898112308816e-06,4.2315687664995494e-07,22459,
724,1.4808381820330396e-05,1.547098690934945e-06,4.038286078866804e-07,22469,
724,,,,22474,1.740660263749305e-05
725,1.6035479347920045e-05,2.360088046771125e-06,4.763729464229982e-07,22479,
725,1.4969803487474564e-05,1.4739074458702817e-06,4.245393370183592e-07,22489,
725,1.4488998203887604e-05,1.723357286209648e-06,4.3244835978839546e-07,22499,
725,,,,22505,1.6232263078563847e-05
726,1.5873298252699897e-05,1.943617462529801e-06,4.267591009465832e-07,22509,
726,1.5178071407717653e-05,2.21144409806584e-06,4.4728935222337896e-07,22519,
726,1.4334665138449054e-05,1.1829566801679903e-06,3.9737037127451913e-07,22529,
726,,,,22536,1.8847096725949086e-05
727,1.6512241927557625e-05,1.6263614952549688e-06,4.1375605519533565e-07,22539,
727,1.5223868103930727e-05,1.834412955759035e-06,3.9490271319664316e-07,22549,
727,1.5364374121418223e-05,1.885470396700839e-06,4.199326326670416e-07,22559,
727,,,,22567,1.7734932043822482e-05
728,2.0175519239273854e-05,3.4936099382321117e-06,4.4012324451614404e-07,22569,
728,1.7861822925624438e-05,2.4748846954025794e-06,4.684427494794363e-07,22579,
728,1.6639067325741053e-05,2.2563929178431863e-06,4.126699479911622e-07,22589,
728,,,,22598,1.790849091776181e-05
729,1.8331755200051703e-05,2.282159812239115e-06,4.1368315351064666e-07,22599,
729,2.007584771490656e-05,3.90077684642165e-06,4.4233647145119903e-07,22609,
729,1.597023947397247e-05,2.1941943941783393e-06,4.0320719563169405e-07,22619,
729,1.4303877833299339e-05,1.1679849194479175e-06,3.1564006963691327e-09,22629,
729,,,,22629,1.807832086342387e-05
730,1.6317935660481453e-05,2.9073287350911414e-06,4.519157243976224e-07,22639,
730,1.5902342056506313e-05,2.6430300295032794e-06,4.164980396126339e-07,22649,
730,1.4682656910736114e-05,1.3854884173269966e-06,4.660790864363662e-07,22659,
730,,,,22660,1.9533175873220898e-05
731,1.6788375432952307e-05,2.6233406060782727e-06,4.5089217337590526e-07,22669,
731,1.563351725053508e-05,1.9164235709467903e-06,4.4074496940993413e-07,22679,
731,1.62869237101404e-05,1.3804822174279252e-06,4.3548868688958464e-07,22689,
731,,,,22691,1.722152046568226e-05
732,1.535396950202994e-05,2.035697661995073e-06,4.572924012791191e-07,22699,
732,1.543300641060341e-05,1.31615695408982e-06,4.234584025653021e-07,22709,
732,1.425852497050073e-05,1.3243599141787854e-06,4.2388663246129e-07,22719,
732,,,,22722,1.5920308214845136e-05
733,1.5740788512630388e-05,1.4188573231876944e-06,4.3963538587377116e-07,22729,
733,1.614259963389486e-05,1.2558928119688062e-06,4.2180553805337695e-07,22739,
733,1.387208430969622e-05,1.39397889142856e-06,4.0534285972171347e-07,22749,
733,,,,22753,1.665626223257277e-05
734,1.4651561286882497e-05,1.5864525266806595e-06,4.2276565181964543e-07,22759,
734,1.753460310283117e-05,3.3703393000905635e-06,4.259135550910287e-07,22769,
734,1.6975011021713726e-05,2.891122676373925e-06,4.062456184783514e-07,22779,
734,,,,22784,1.8906714103650302e-05
735,1.7733362255967222e-05,2.1572432160610333e-06,4.787855800714169e-07,22789,
735,1.8530816305428743e-05,2.187503923778422e-06,4.269322460004332e-07,22799,
735,1.755741504894104e-05,1.7863669654616388e-06,4.3456316234369297e-07,22809,
735,,,,22815,2.216334905824624e-05
736,2.2521100618178025e-05,4.577177151077194e-06,4.3013733375119045e-07,22819,
736,1.9120629076496698e-05,3.3476230782980565e-06,4.4958548528484243e-07,22829,
736,1.4844788893242367e-05,1.7894147958941176e-06,3.997448345671728e-07,22839,
736,,,,22846,2.1765585188404657e-05
737,1.7977397874346934e-05,2.4994083105411846e-06,4.164434699305275e-07,22849,
737,1.513664119556779e-05,2.5651099804235855e-06,3.9699546050542267e-07,22859,
737,1.4927466509107035e-05,2.003407644224353e-06,4.218289575419476e-07,22869,
737,,,,22877,1.6717842299840413e-05
738,1.6408519513788633e-05,2.1298892534105107e-06,4.4074030824958754e-07,22879,
738,1.5071302186697721e-05,1.8019738945440622e-06,4.7056224161678983e-07,22889,
738,1.4209208529791795e-05,1.2364765780148446e-06,4.1422936192248017e-07,22899,
738,,,,22908,1.4488675333268475e-05
739,1.4582310541300103e-05,1.3200321973272366e-06,4.154613577611599e-07,22909,
739,1.4158124940877315e-05,1.285101575376757e-06,4.4489055994745286e-07,22919,
739,1.3362670870264992e-05,1.1434402722443338e-06,4.058541094309476e-07,22929,
739,1.3092540029902011e-05,4.6430440647782234e-07,3.1762779073574166e-09,22939,
739,,,,22939,1.452657215850195e-05
740,1.4178791388985701e-05,1.4584275049855933e-06,4.549903849238035e-07,22949,
740,1.4015417036716826e-05,1.1107393902420881e-06,4.1874750422721263e-07,22959,
740,1.4297474081104156e-05,1.228727796842577e-06,4.684834777890501e-07,22969,
740,,,,22970,1.6118870917125605e-05
741,1.5593401258229278e-05,1.738664650474675e-06,4.524075336576061e-07,22979,
741,1.466675712435972e-05,1.26660472687945e-06,4.428441116033355e-07,22989,
741,1.5478022760362364e-05,1.4498635891868616e-06,4.375858679850353e-07,22999,
741,,,,23001,1.7875738194561563e-05
742,1.8671180441742763e-05,2.157931021429249e-06,4.5997131792319124e-07,23009,
742,2.0097100787097588e-05,4.597877705236897e-06,4.2572065694912453e-07,23019,
742,1.7775510059436783e-05,1.9720416730706347e-06,4.26819838139636e-07,23029,
742,,,,23032,2.687491178221535e-05
743,1.8679536879062653e-05,4.738543793791905e-06,4.434249376572552e-07,23039,
743,1.682849870121572e-05,2.602683252916904e-06,4.241720432673901e-07,23049,
743,1.4515828297589906e-05,1.6748239204389392e-06,4.0737387507761014e-07,23059,
743,,,,23063,2.4494887838955037e-05
744,1.938028435688466e-05,5.675345164490864e-06,4.2456096593923576e-07,23069,
744,1.8820624973159283e-05,2.485103323124349e-06,4.277472669400595e-07,23079,
744,1.464762772229733e-05,2.6312195586797316e-06,4.0780949461804994e-07,23089,
744,,,,23094,1.714012432785239e-05
745,1.583466109877918e-05,1.6609614021945163e-06,4.817205194740382e-07,23099,
745,1.4572724467143416e-05,1.4308313893707236e-06,4.2823546664294554e-07,23109,
745,1.3774651051789988e-05,1.1114152584923431e-06,4.3672386595972057e-07,23119,
745,,,,23125,1.5693725799792446e-05
746,1.540591983939521e-05,2.1663161078322446e-06,4.3079054989902943e-07,23129,
746,1.452315063943388e-05,1.6217571783272433e-06,4.518630873917573e-07,23139,
746,1.378077740810113e-05,1.3782599808109808e-06,4.0146193214241066e-07,23149,
746,,,,23156,1.539064760436304e-05
747,1.4964664842409547e-05,1.7708264294924447e-06,4.18332433582691e-07,23159,
747,1.3955290341982618e-05,1.3572471289080568e-06,3.992279005160526e-07,23169,
747,1.4526878658216447e-05,1.3222696679804358e-06,4.237107020799158e-07,23179,
747,,,,23187,1.7155171008198522e-05
748,1.678720764175523e-05,2.189465476476471e-06,4.439693555013946e-07,23189,
748,1.8762375475489534e-05,3.435431381149101e-06,4.721765378690179e-07,23199,
748,1.544469159853179e-05,2.265574266857584e-06,4.1548216245246294e-07,23209,
748,,,,23218,2.096449679811485e-05
749,2.072678216791246e-05,3.5417688195593655e-06,4.167446547853615e-07,23219,
749,1.9496632376103662e-05,4.881062523054425e-06,4.45852037955774e-07,23229,
749,1.5015221833891701e-05,2.254753326269565e-06,4.072811066180293e-07,23239,
749,1.421412071067607e-05,9.84680241344904e-07,3.193008080160098e-09,23249,
749,,,,23249,2.2123605958768167e-05
750,1.73668704519514e-05,2.7318260436004493e-06,4.5781510493725364e-07,23259,
750,1.5475252439500764e-05,2.022010676228092e-06,4.206237065318419e-07,23269,
750,1.4301148439699318e-05,1.4035626918484922e-06,4.702749265561579e-07,23279,
750,,,,23280,1.882142896647565e-05
751,1.6935549865593202e-05,2.332551730432897e-06,4.547996752535255e-07,23289,
751,1.6405823771492578e-05,1.4911869357092655e-06,4.449821346952376e-07,23299,
751,1.5417243048432283e-05,1.918873522299691e-06,4.391872892028914e-07,23309,
751,,,,23311,1.6969372154562734e-05
752,1.4979039406171069e-05,2.32090587815037e-06,4.627460725714627e-07,23319,
752,1.4609110621677246e-05,1.5782401305841631e-06,4.277808329788968e-07,23329,
752,1.3894806215830613e-05,1.4406049331228132e-06,4.282539407540753e-07,23339,
752,,,,23342,1.5892339433776215e-05
753,1.706023067526985e-05,2.063305828414741e-06,4.4471985916061385e-07,23349,
753,1.8176311641582288e-05,2.870533307941514e-06,4.259126171746175e-07,23359,
753,1.4345648196467664e-05,1.4851534615445416e-06,4.0938735423878825e-07,23369,
753,,,,23373,1.6775191397755407e-05
754,1.584737401572056e-05,2.0752495402120985e-06,4.267691053883027e-07,23379,
754,1.5300347513402812e-05,2.367619345022831e-06,4.3004217786801746e-07,23389,
754,1.4509543689200655e-05,1.3946691979072057e-06,4.0939082168733876e-07,23399,
754,,,,23404,1.7169300917885266e-05
755,1.6522408259334043e-05,1.5939516515572905e-06,4.835627009924792e-07,23409,
755,1.5997717127902433e-05,2.2839230950921774e-06,4.309207213282207e-07,23419,
755,1.5187762073765043e-05,1.8116024875780568e-06,4.3960190510006214e-07,23429,
755,,,,23435,1.6142972526722588e-05
756,1.6551166481804103e-05,2.960627170978114e-06,4.3441619368422835e-07,23439,
756,1.5609641195624135e-05,1.8154265717384988e-06,4.5359251998888794e-07,23449,
756,1.4466124412138015e-05,2.0036900423292536e-06,4.032802678466396e-07,23459,
756,,,,23466,1.5940302546368912e-05
757,1.5757634173496626e-05,3.2611180813546525e-06,4.2024592517009296e-07,23469,
757,1.4851066225674003e-05,1.690132990006532e-06,4.012859449176176e-07,23479,
757,1.4569481209036894e-05,1.9084943687630584e-06,4.26004902465138e-07,23489,
757,,,,23497,1.5852301658014767e-05
758,1.616291410755366e-05,2.3963511921465397e-06,4.457873501451104e-07,23499,
758,1.5819248801562935e-05,1.7007814676617272e-06,4.7488853738286707e-07,23509,
758,1.645580596232321e-05,3.237717237425386e-06,4.1772034364839783e-07,23519,
758,,,,23528,1.680434615991544e-05
759,1.7156578905996867e-05,2.062176235995139e-06,4.187806723621179e-07,23529,
759,1.6737973055569455e-05,2.250606257803156e-06,4.4918755293110735e-07,23539,
759,1.4918393389962148e-05,1.8074177887683618e-06,4.103258390841802e-07,23549,
759,1.4006548553879838e-05,5.651601782119542e-07,3.2162856822282038e-09,23559,
759,,,,23559,1.7422657037968747e-05
760,1.4676040336780716e-05,1.7393757616446237e-06,4.597063423261716e-07,23569,
760,1.492582759965444e-05,1.3496592146111652e-06,4.2204794681310887e-07,23579,
760,1.3780606423097197e-05,1.2419826589393779e-06,4.7279408477152174e-07,23589,
760,,,,23590,1.7715085050440393e-05
761,1.5105980310181621e-05,1.5697326034569414e-06,4.566390714444424e-07,23599,
761,1.4119242223387118e-05,1.2948798939760309e-06,4.469404188967019e-07,23609,
761,1.4458591977017932e-05,1.1517541906869155e-06,4.4135165921943553e-07,23619,
761,,,,23621,1.4763275430595968e-05
762,1.3749523532169405e-05,1.3130190836818656e-06,4.6489051896969613e-07,23629,
762,1.3649592801812105e-05,1.0991910812663264e-06,4.29213145025642e-07,23639,
762,1.3117171874910127e-05,1.105673504753213e-06,4.301966498587717e-07,23649,
762,,,,23652,1.602583324711304e-05
763,1.5161058399826288e-05,1.4870956874801777e-06,4.4648916741607536e-07,23659,
763,1.8200516933575273e-05,3.645971219157218e-06,4.2858357574004913e-07,23669,
763,1.3601215869130101e-05,2.0595218757080147e-06,4.1142121176562796e-07,23679,
763,,,,23683,1.7102807760238647e-05
764,1.5775804058648646e-05,1.94034168998769e-06,4.2852889237110503e-07,23689,
764,2.1272053345455788e-05,2.759753670034115e-06,4.3208939359828946e-07,23699,
764,1.545052509754896e-05,1.854252900557185e-06,4.112037288450665e-07,23709,
764,,,,23714,2.409977969364263e-05
765,1.958351094799582e-05,4.044056368002202e-06,4.872129579780449e-07,23719,
765,1.984086338779889e-05,3.682115902847727e-06,4.326543319166376e-07,23729,
765,1.4743091014679521e-05,2.7875157684320584e-06,4.405176809996192e-07,23739,
765,,,,23745,1.968482138181571e-05
766,1.6714084267732687e-05,3.2479510991834104e-06,4.345301078956254e-07,23749,
766,1.5837933460716158e-05,3.6792164337384747e-06,4.554164547698747e-07,23759,
766,1.5275252735591494e-05,2.2883270958118374e-06,4.0475654827787366e-07,23769,
766,,,,23776,1.887394864752423e-05
767,1.4872913197905291e-05,2.666818318175501e-06,4.217878029066924e-07,23779,
767,1.4216697309166193e-05,3.3637606975389645e-06,4.024211932573962e-07,23789,
767,1.4131220268609468e-05,1.5339203400799306e-06,4.2766205865518714e-07,23799,
767,,,,23807,1.9524226445355453e-05
768,2.1490330254891887e-05,3.248491111662588e-06,4.4767008944290865e-07,23809,
768,1.559414158691652e-05,1.8097931615557172e-06,4.769970587403805e-07,23819,
768,1.3973891327623278e-05,2.262916041217977e-06,4.2010466927422385e-07,23829,
768,,,,23838,1.6408250303356908e-05
769,1.6532721929252148e-05,2.130032953573391e-06,4.21084109802905e-07,23839,
769,1.6239022443187423e-05,2.357184484935715e-06,4.50440211352543e-07,23849,
769,1.5178322428255342e-05,2.507698354747845e-06,4.114720866255084e-07,23859,
769,1.3213320016802754e-05,9.705415777716553e-07,3.2415383710571177e-09,23869,
769,,,,23869,1.5747857105452567e-05
770,1.5393447029055096e-05,1.8269874999532476e-06,4.6145842702571827e-07,23879,
770,1.5758618246763945e-05,3.14575049742416e-06,4.2355765117463307e-07,23889,
770,1.4460119018622208e-05,1.3847372883901699e-06,4.747004709315661e-07,23899,
770,,,,23900,2.3582933863508515e-05
771,1.722111483104527e-05,3.2446114346385002e-06,4.594485574216378e-07,23909,
771,1.676468127698172e-05,3.3781223010009853e-06,4.4954288114240626e-07,23919,
771,1.6959316781139933e-05,1.9647632143460214e-06,4.428756597008032e-07,23929,
771,,,,23931,2.6824289307114668e-05
772,2.1766558347735554e-05,7.323485533561325e-06,4.672335478517198e-07,23939,
772,1.9012783013749868e-05,3.049468432436697e-06,4.305472032228863e-07,23949,
772,1.46158581628697e-05,1.911930667120032e-06,4.310522569994646e-07,23959,
772,,,,23962,2.4940361981862225e-05
773,2.3969441826920956e-05,4.439103122422239e-06,4.4858424530502816e-07,23969,
773,1.8484817701391876e-05,2.5791377993300557e-06,4.290764650249912e-07,23979,
773,1.5581836123601533e-05,1.8604140450406703e-06,4.126829367123719e-07,23989,
773,,,,23993,2.294934165547602e-05
774,1.8289087165612727e-05,4.249277026247e-06,4.2985070081158483e-07,23999,
774,1.646418786549475e-05,2.593216549939825e-06,4.333966785452503e-07,24009,
774,1.4633938917540945e-05,1.5276524436558248e-06,4.124292445339961e-07,24019,
774,,,,24024,1.59945702762343e-05
775,1.5249897842295468e-05,1.7570481531947735e-06,4.875270747106697e-07,24029,
775,1.3803927686240058e-05,1.4466370430454845e-06,4.3397201920925e-07,24039,
775,1.3312346709426492e-05,1.1421951739976066e-06,4.433352671640023e-07,24049,
775,,,,24055,1.3707690413866658e-05
776,1.3682974895345978e-05,1.2729642548947595e-06,4.3706589281100605e-07,24059,
776,1.3403233424469363e-05,1.1069804486396606e-06,4.5787814428877027e-07,24069,
776,1.2978761333215516e-05,1.016474811876833e-06,4.068633643328212e-07,24079,
776,,,,24086,1.4497659321932588e-05
777,1.344711836281931e-05,1.2502905519795604e-06,4.231265506859927e-07,24089,
777,1.3571439922088757e-05,1.2195354202049202e-06,4.044402430736227e-07,24099,
777,1.3551786651078146e-05,1.174544991044968e-06,4.296109068491205e-07,24109,
777,,,,24117,1.367454206047114e-05
778,1.3395158930507023e-05,1.420883450009569e-06,4.49655914280811e-07,24119,
778,1.4125831512501463e-05,1.1867908824569895e-06,4.788297474078718e-07,24129,
778,1.3942703844804782e-05,1.127085738517053e-06,4.2108817410735355e-07,24139,
778,,,,24148,1.3625451174448244e-05
779,1.3724180462304503e-05,1.2594921372510726e-06,4.223364555855369e-07,24149,
779,1.4546330930897966e-05,1.2613571698238957e-06,4.522630945302808e-07,24159,
779,1.4100969565333799e-05,1.536039235361386e-06,4.1362548586221237e-07,24169,
779,1.2417363905115053e-05,5.050982849752472e-07,3.254640112970719e-09,24179,
779,,,,24179,1.337555568170501e-05
780,1.344105476164259e-05,1.1306177611913881e-06,4.6385972041207424e-07,24189,
780,1.3211853911343496e-05,1.0237930609946488e-06,4.257686896380619e-07,24199,
780,1.3232558558229357e-05,1.0213115047008614e-06,4.7670127401033824e-07,24209,
780,,,,24210,1.3878129720978905e-05
781,1.4103184184932616e-05,1.4467829032582813e-06,4.604091259352572e-07,24219,
781,1.344720021734247e-05,1.0727846984082134e-06,4.5107941559763276e-07,24229,
781,1.4560962881660089e-05,1.22039716643485e-06,4.4474060700849805e-07,24239,
781,,,,24241,1.718734529276844e-05
782,1.717653685773257e-05,2.248886175948428e-06,4.6841705625411123e-07,24249,
782,1.594511377334129e-05,2.2129929675429594e-06,4.3233421820332296e-07,24259,
782,1.5496849300689064e-05,1.4195857147569768e-06,4.3434647523099557e-07,24269,
782,,,,24272,2.2175872800289653e-05
783,1.7603413652977906e-05,3.5529581055016024e-06,4.514879492489854e-07,24279,
783,1.6281259377137758e-05,1.9048559352086158e-06,4.3121551129843283e-07,24289,
783,1.3646847946802154e-05,1.5095669141373946e-06,4.1515079374221386e-07,24299,
783,,,,24303,1.669421180849895e-05
784,1.567577783134766e-05,2.5611830096750055e-06,4.325476936628547e-07,24309,
784,1.4981386811996344e-05,2.0673367089329986e-06,4.360593379715283e-07,24319,
784,1.4166538676363416e-05,1.8239491055282997e-06,4.142716250044032e-07,24329,
784,,,,24334,1.7467778889113106e-05
785,1.6009515093173832e-05,1.6610641750958166e-06,4.894711196357093e-07,24339,
785,1.564524063724093e-05,2.1915311663178727e-06,4.357229954621289e-07,24349,
785,1.5565225112368353e-05,2.4842227048793575e-06,4.447234402960021e-07,24359,
785,,,,24365,1.671687095949892e-05
786,1.6141671949299052e-05,1.7850791209639283e-06,4.391058610053733e-07,24369,
786,1.3758519344264641e-05,2.3904224235593574e-06,4.5976389628776815e-07,24379,
786,1.3211682016844861e-05,1.4113937822912703e-06,4.087554827947315e-07,24389,
786,,,,24396,1.6827863873913884e-05
787,1.590230385772884e-05,2.32712068282126e-06,4.2476887074371916e-07,24399,
787,1.4499933968181722e-05,1.5682044249842875e-06,4.0555502778261143e-07,24409,
787,1.4029631529410835e-05,1.689439955043781e-06,4.318492017318931e-07,24419,
787,,,,24427,1.642459938011598e-05
788,1.6650354154990055e-05,1.9092383354291087e-06,4.5303053752832056e-07,24429,
788,1.468875962018501e-05,1.533783347440476e-06,4.813159648620058e-07,24439,
788,1.3618662705994211e-05,1.619864860913367e-06,4.227586316574161e-07,24449,
788,,,,24458,1.7234018741874024e-05
789,1.753859396558255e-05,1.7813450767789618e-06,4.2438446712367295e-07,24459,
789,1.4893741536070593e-05,1.908257218019571e-06,4.5408432924887165e-07,24469,
789,1.4066641597310081e-05,2.1503626612684457e-06,4.159495006206271e-07,24479,
789,1.3432820196612738e-05,1.5356207541117328e-06,3.2726801268978534e-09,24489,
789,,,,24489,1.5836933016544208e-05
790,1.5462750525330193e-05,1.8337977962801233e-06,4.66255784203895e-07,24499,
790,1.3837223377777264e-05,2.2231743059819564e-06,4.275752587545867e-07,24509,
790,1.3278130609251093e-05,1.5054088180477265e-06,4.783662461704807e-07,24519,
790,,,,24520,1.4284274584497325e-05
791,1.4391711374628358e-05,1.480850642110454e-06,4.628953433893912e-07,24529,
791,1.3720223250857089e-05,1.4209753089744481e-06,4.529215971160738e-07,24539,
791,1.4158310477796476e-05,1.8172967202190193e-06,4.463087179829017e-07,24549,
791,,,,24551,1.745399640640244e-05
792,1.5301991879823618e-05,2.279032059959718e-06,4.703219644852652e-07,24559,
792,1.580883326823823e-05,2.49496611104405e-06,4.342411443758465e-07,24569,
792,1.4076836123422254e-05,2.5357048798468895e-06,4.3546580741349317e-07,24579,
792,,,,24582,1.6808977306936868e-05
793,1.4671995813841932e-05,1.7777846323951962e-06,4.518919638485386e-07,24589,
793,1.5602463463437743e-05,3.117791948170634e-06,4.325769396018586e-07,24599,
793,1.2667836926993914e-05,1.0451641401232337e-06,4.165205780282122e-07,24609,
793,,,,24613,1.8579356037662365e-05
794,1.6888590835151263e-05,3.743288971236325e-06,4.347412527749839e-07,24619,
794,1.7385198589181527e-05,2.0018430859636283e-06,4.386358511965227e-07,24629,
794,1.3425520592136309e-05,2.0888776361971395e-06,4.1643360759735515e-07,24639,
794,,,,24644,1.8264461687067524e-05
795,1.6606856661383063e-05,2.2018441541149514e-06,4.912965891890053e-07,24649,
795,1.724587673379574e-05,2.725884996834793e-06,4.379986933145119e-07,24659,
795,1.4972517419664655e-05,1.6875628716661595e-06,4.4715164904118865e-07,24669,
795,,,,24675,1.929988866322674e-05
796,1.7142374417744577e-05,2.509625801394577e-06,4.4107338226240245e-07,24679,
796,1.6025218428694643e-05,1.8790308331517735e-06,4.613774819972605e-07,24689,
796,1.3994802429806441e-05,2.1270204797474435e-06,4.101337367501401e-07,24699,
796,,,,24706,2.73551486316137e-05
797,2.1085015760036185e-05,3.7614486245729495e-06,4.2743147332657827e-07,24709,
797,1.7041800674633123e-05,2.830784296747879e-06,4.065281018483802e-07,24719,
797,1.4280982213676907e-05,2.2253243514569476e-06,4.3296799390191154e-07,24729,
797,,,,24737,2.0433693862287328e-05
798,1.9156814232701436e-05,5.8057189562532585e-06,4.5496116740650905e-07,24739,
798,1.5566991351079196e-05,1.7716546381052467e-06,4.823167500944692e-07,24749,
798,1.4102368368185125e-05,1.9138519746775273e-06,4.238038968651381e-07,24759,
798,,,,24768,1.6972988305496983e-05
799,1.6725536625017412e-05,2.2110486952442443e-06,4.242936313403334e-07,24769,
799,1.5156711015151814e-05,1.6101369055832038e-06,4.553797054995812e-07,24779,
799,1.3756595762970392e-05,1.1737661225197371e-06,4.1613867551859585e-07,24789,
799,1.2517331924755126e-05,7.693444672440819e-07,3.2838987085170857e-09,24799,
799,,,,24799,1.5132583939703181e-05
800,1.3161848073650617e-05,1.1602697895796155e-06,4.673166529300943e-07,24809,
800,1.301152769883629e-05,1.0464879096616642e-06,4.2903192820631375e-07,24819,
800,1.2741809769067913e-05,1.0398377980891382e-06,4.804111881639983e-07,24829,
800,,,,24830,1.4835378351563122e-05
801,1.4558697330357973e-05,1.7366961628795252e-06,4.6460169755846437e-07,24839,
801,1.3523130292014685e-05,1.4269119219534332e-06,4.548220431388472e-07,24849,
801,1.3826409485773183e-05,1.419853560946649e-06,4.4808064103563083e-07,24859,
801,,,,24861,1.628891914151609e-05
802,1.4002303032611962e-05,1.8448663468006998e-06,4.7275352699216455e-07,24869,
802,1.4637264030170627e-05,2.228560560979531e-06,4.3523544945855974e-07,24879,
802,1.3389757441473193e-05,1.1929171250812942e-06,4.3745401967498765e-07,24889,
802,,,,24892,1.5108033039723523e-05
803,1.5723207980045117e-05,2.405905206614989e-06,4.535018263140955e-07,24899,
803,1.4242817997001112e-05,1.807267835829407e-06,4.3459118614919134e-07,24909,
803,1.3004852917219978e-05,1.4171838529364322e-06,4.179628092515486e-07,24919,
803,,,,24923,1.9735958630917594e-05
804,1.5343659470090643e-05,2.670727781151072e-06,4.364950427770964e-07,24929,
804,1.6117008271976374e-05,1.9564020021789474e-06,4.40082629893368e-07,24939,
804,1.3227549970906693e-05,2.0370619040477322e-06,4.183715134331578e-07,24949,
804,,,,24954,1.840888762671966e-05
805,1.635829539736733e-05,3.87873888030299e-06,4.935970991937211e-07,24959,
805,1.5280369552783668e-05,2.103198085023905e-06,4.396920871840848e-07,24969,
805,1.461366809962783e-05,1.5559077155558043e-06,4.4901386786477815e-07,24979,
805,,,,24985,1.4709673450852279e-05
806,1.3375426533457357e-05,1.7013015849443036e-06,4.4291260792306275e-07,24989,
806,1.2895924555778038e-05,1.5052232811285648e-06,4.6320678848132957e-07,24999,
806,1.2489440450735856e-05,1.187349766951229e-06,4.1201190015272005e-07,25009,
806,,,,25016,1.4869689039187506e-05
807,1.485722532379441e-05,2.0884908735752106e-06,4.2804217059710936e-07,25019,
807,1.3243288776720874e-05,1.843348741203954e-06,4.090416325652768e-07,25029,
807,1.3101170225127134e-05,1.2569601040013367e-06,4.3509581360012817e-07,25039,
807,,,,25047,1.4211912457540166e-05
808,1.393055026710499e-05,1.619666022634192e-06,4.5629766987076437e-07,25049,
808,1.4121343156148214e-05,1.5291898307623342e-06,4.851441417486058e-07,25059,
808,1.321790387009969e-05,1.4048023331270088e-06,4.2639243247322156e-07,25069,
808,,,,25078,1.5846233509364538e-05
809,1.6101510482258163e-05,2.0938573470630217e-06,4.2780490616678435e-07,25079,
809,1.881456046248786e-05,2.7781859444075963e-06,4.5753645849799796e-07,25089,
809,1.6653108104947023e-05,4.396973508846713e-06,4.193334177671204e-07,25099,
809,1.3690299965674058e-05,1.3922151538281469e-06,3.315290486582967e-09,25109,
809,,,,25109,1.7545051377965137e-05
810,1.5164427168201655e-05,3.433322945056716e-06,4.6938765763115953e-07,25119,
810,1.6227282685576938e-05,2.731531367317075e-06,4.302058869143366e-07,25129,
810,1.346954650216503e-05,1.7237852034668322e-06,4.818168122255884e-07,25139,
810,,,,25140,1.6188601875910535e-05
811,1.5192518731055316e-05,2.31707122111402e-06,4.6590179181293934e-07,25149,
811,1.376967611577129e-05,1.832093289522163e-06,4.569328950765339e-07,25159,
811,1.484101539972471e-05,1.4936225625206134e-06,4.500329566781147e-07,25169,
811,,,,25171,1.6972770026768558e-05
812,1.5458719644811936e-05,2.146449332940392e-06,4.7509024625469465e-07,25179,
812,1.4047479453438427e-05,1.3203454045651597e-06,4.3729988874474657e-07,25189,
812,1.2655866157729179e-05,1.5247453575284453e-06,4.3889912149097654e-07,25199,
812,,,,25202,2.078151192108635e-05
813,1.741487722028978e-05,2.834537781382096e-06,4.563705431337439e-07,25209,
813,1.610511026228778e-05,2.1007169834774686e-06,4.3656726234075904e-07,25219,
813,1.4139945051283576e-05,1.331186581410293e-06,4.1933813577088586e-07,25229,
813,,,,25233,1.8375514628132805e-05
814,1.5281826563295908e-05,1.977250803975039e-06,4.382080760478857e-07,25239,
814,1.7598062186152674e-05,2.7190824312128825e-06,4.423744996984169e-07,25249,
814,1.2699872058874462e-05,1.3299744523465051e-06,4.1960362295867526e-07,25259,
814,,,,25264,1.911394065245986e-05
815,1.800022437237203e-05,1.615177438907267e-06,4.957666988048004e-07,25269,
815,1.6326395780197345e-05,1.430172119398776e-06,4.4253530973037414e-07,25279,
815,1.316959060204681e-05,2.3802308533049654e-06,4.514400018251763e-07,25289,
815,,,,25295,1.9533476006472483e-05
816,1.7640126316109672e-05,2.5901706521835877e-06,4.4558677814166003e-07,25299,
816,1.4167307199386414e-05,1.967440766748041e-06,4.644777789053478e-07,25309,
816,1.309275012317812e-05,1.5652466345272842e-06,4.13152321243615e-07,25319,
816,,,,25326,1.7557669707457535e-05
817,1.6289190170937218e-05,3.0674059416924138e-06,4.291557331725926e-07,25329,
817,1.2780195902450942e-05,2.5631923108448973e-06,4.097857129181648e-07,25339,
817,1.3223920177551918e-05,2.0993395537516335e-06,4.367459780496574e-07,25349,
817,,,,25357,1.4863708202028647e-05
818,1.5685456673963927e-05,5.167905783309834e-06,4.5901495582256757e-07,25359,
818,1.5143442396947648e-05,2.4179362299037166e-06,4.869604595114652e-07,25369,
818,1.2915754268760793e-05,1.1421883527873433e-06,4.2758384211083467e-07,25379,
818,,,,25388,1.534549483039882e-05
819,1.542430618428625e-05,4.43178851128323e-06,4.286715977741551e-07,25389,
819,1.4483690392808057e-05,1.935965201482759e-06,4.5869541054344154e-07,25399,
819,1.2833612345275469e-05,1.3691208096133778e-06,4.2080699813595857e-07,25409,
819,1.2704082109848969e-05,5.984473432363302e-07,3.320455244093523e-09,25419,
819,,,,25419,1.569521555211395e-05
820,1.414987400494283e-05,1.6859314655448543e-06,4.7160961003100965e-07,25429,
820,1.276585680898279e-05,1.4382412700797431e-06,4.314630928092811e-07,25439,
820,1.2473458809836302e-05,1.193590264847444e-06,4.839607754547615e-07,25449,
820,,,,25450,1.5240833818097599e-05
821,1.4533648936776444e-05,1.4088344642004813e-06,4.677235097005905e-07,25459,
821,1.4009249753144104e-05,1.575694341227063e-06,4.58704818129263e-07,25469,
821,1.3717454748984892e-05,1.7181872635774198e-06,4.514973284130974e-07,25479,
821,,,,25481,1.9660648831631988e-05
822,1.619081012904644e-05,3.0171052003424847e-06,4.7667518288108113e-07,25489,
822,1.4466914763033856e-05,1.7395040003975737e-06,4.3832955043399124e-07,25499,
822,1.3503695299732499e-05,1.3132947742633405e-06,4.4073871663385944e-07,25509,
822,,,,25512,1.791049180610571e-05
823,1.3930675777373835e-05,1.981849663934554e-06,4.5758872602164047e-07,25519,
823,1.4715295947098639e-05,1.6939369515966973e-06,4.3818118911076454e-07,25529,
823,1.2229884305270389e-05,1.0332989859307418e-06,4.218283038426307e-07,25539,
823,,,,25543,1.4472170732915401e-05
824,1.329415499640163e-05,1.4294053016783437e-06,4.397094812702562e-07,25549,
824,1.2546904144983273e-05,1.1145814369228901e-06,4.435154039583722e-07,25559,
824,1.2128968592151068e-05,1.4953433264963678e-06,4.2115183873647766e-07,25569,
824,,,,25574,1.3368504369282164e-05
825,1.3078379197395407e-05,1.4347527894642553e-06,4.977474077350053e-07,25579,
825,1.2597774002642836e-05,1.3130921843185206e-06,4.430869182669994e-07,25589,
825,1.24140533444006e-05,1.339527784693928e-06,4.529138948328182e-07,25599,
825,,,,25605,1.3678973118658178e-05
826,1.5007484762463719e-05,1.7037408497344586e-06,4.4670304077953915e-07,25609,
826,1.3255243175080977e-05,1.4125158713795827e-06,4.6689314103787183e-07,25619,
826,1.3226864211901557e-05,1.5687361383243115e-06,4.149789276652882e-07,25629,
826,,,,25636,1.764136686688289e-05
827,1.676689862506464e-05,5.0988396651519e-06,4.318457058616332e-07,25639,
827,1.5428789993165992e-05,3.250566123824683e-06,4.114828584533825e-07,25649,
827,1.4983107575972099e-05,3.1223178211803315e-06,4.381704172828904e-07,25659,
827,,,,25667,2.1239327907096595e-05
828,2.0453888282645494e-05,1.2901031368528493e-05,4.597442284648423e-07,25669,
828,1.946325028256979e-05,7.666125384275801e-06,4.888049147666607e-07,25679,
828,1.7847805793280713e-05,4.218950380163733e-06,4.2751327100631897e-07,25689,
828,,,,25698,3.534484494593926e-05
829,3.564345388440415e-05,6.866466264909832e-06,4.330438514443813e-07,25699,
829,3.248055145377293e-05,8.30280168884201e-06,4.6083809479569027e-07,25709,
829,2.014523488469422e-05,5.8634959714254364e-06,4.2139748757108464e-07,25719,
829,1.572946712258272e-05,3.5359910270926775e-06,3.3348923622611437e-09,25729,
829,,,,25729,2.460224823153112e-05
830,2.2631460524280556e-05,3.997349267592654e-06,4.721065067769814e-07,25739,
830,1.5365396393463016e-05,2.287058350702864e-06,4.313667147926026e-07,25749,
830,1.4129584087640978e-05,2.296306547577842e-06,4.83328790323867e-07,25759,
830,,,,25760,1.496517415944254e-05
831,1.4125692359812092e-05,1.5593403759339708e-06,4.679100129578728e-07,25769,
831,1.2752253496728372e-05,1.1133280395370093e-06,4.592195921304665e-07,25779,
831,1.3012823728786316e-05,1.0189996828557923e-06,4.523510597209679e-07,25789,
831,,,,25791,1.3695467714569531e-05
832,1.2921034794999287e-05,1.4192071375873638e-06,4.775119464284217e-07,25799,
832,1.2404982044245116e-05,1.11943552383309e-06,4.3934829818681465e-07,25809,
832,1.1790320058935322e-05,1.0073850944536389e-06,4.4173887658871536e-07,25819,
832,,,,25822,1.3277975995151792e-05
833,1.3023053725191858e-05,1.2355757235127385e-06,4.588762578805472e-07,25829,
833,1.2230676475155633e-05,1.080934566743963e-06,4.393918118239526e-07,25839,
833,1.1592271221161354e-05,9.578943718224764e-07,4.2284054302399454e-07,25849,
833,,,,25853,1.3367663086683024e-05
834,1.2196866009617224e-05,1.1302987559247413e-06,4.4037443558408995e-07,25859,
834,1.2016311302431859e-05,1.3248376262708916e-06,4.445155354915187e-07,25869,
834,1.2133513337175827e-05,1.0547240663072444e-06,4.21875142819772e-07,25879,
834,,,,25884,1.2753874216286931e-05
835,1.2593248357006814e-05,1.351811874883424e-06,4.992288040739368e-07,25889,
835,1.260282351722708e-05,1.0938114201053395e-06,4.4449561187320796e-07,25899,
835,1.2494971088017337e-05,1.300694407291303e-06,4.539605811260117e-07,25909,
835,,,,25915,1.2555232387967408e-05
836,1.2750178029818926e-05,1.0733934914242127e-06,4.4707601887239434e-07,25919,
836,1.19323049148079e-05,1.0460328212502645e-06,4.6789926955170813e-07,25929,
836,1.1705213182722218e-05,9.634181878936943e-07,4.1614174506321433e-07,25939,
836,,,,25946,1.2144496395194437e-05
837,1.1754308616218623e-05,1.059153078131203e-06,4.321465212342446e-07,25949,
837,1.136566606874112e-05,9.863791774478159e-07,4.128216630761017e-07,25959,
837,1.1940561307710595e-05,9.462156640438479e-07,4.3969603780169564e-07,25969,
837,,,,25977,1.2075600352545734e-05
838,1.1811224794655573e-05,1.1619233646342764e-06,4.614646229583741e-07,25979,
838,1.237780088558793e-05,1.082595872503589e-06,4.900237513538741e-07,25989,
838,1.2575123037095182e-05,1.4981800404711976e-06,4.299527631701494e-07,25999,
838,,,,26008,1.3400623174675275e-05
839,1.3459123692882713e-05,1.4978431863710284e-06,4.3160301288480696e-07,26009,
839,1.3582533938460983e-05,1.771228994584817e-06,4.619813012141094e-07,26019,
839,1.5830273696337827e-05,3.479239694570424e-06,4.2395765831315657e-07,26029,
839,1.270719621970784e-05,9.49284640228143e-07,3.3426261758506826e-09,26039,
839,,,,26039,1.6559006326133385e-05
840,1.3595396922028158e-05,2.347830104554305e-06,4.7496683919234783e-07,26049,
840,1.258577685803175e-05,1.1155874517498887e-06,4.3524750026335823e-07,26059,
840,1.3169415069569368e-05,1.6601501329205348e-06,4.873801344729145e-07,26069,
840,,,,26070,1.9796165361185558e-05
841,1.7265861970372498e-05,3.1359454624180216e-06,4.718747561582859e-07,26079,
841,1.4679796549899038e-05,1.631775717214623e-06,4.622143592314387e-07,26089,
841,1.379208879370708e-05,1.3091975006318535e-06,4.549038408185879e-07,26099,
841,,,,26101,1.999951018660795e-05
842,1.894495653687045e-05,3.926806584786391e-06,4.804871309715963e-07,26109,
842,1.4442692190641537e-05,2.5690430902614025e-06,4.4194433712618775e-07,26119,
842,1.2491564120864496e-05,1.8349786614635377e-06,4.4396193743523327e-07,26129,
842,,,,26132,1.4277101399784442e-05
843,1.384643474011682e-05,1.5099507209015428e-06,4.607014716384583e-07,26139,
843,1.2964437701157294e-05,1.5248531326506054e-06,4.4178383973303426e-07,26149,
843,1.2027831871819217e-05,1.1097963579231873e-06,4.2502537667132856e-07,26159,
843,,,,26163,1.2774376045854297e-05
844,1.2319168490648735e-05,1.5125513073144248e-06,4.428762849784107e-07,26169,
844,1.3333579772734083e-05,1.4917382031853776e-06,4.469714838251093e-07,26179,
844,1.2200037417642307e-05,1.4561397847501212e-06,4.2446876591384353e-07,26189,
844,,,,26194,1.4210258996172342e-05
845,1.353576772089582e-05,1.4108555888014962e-06,5.016502200305695e-07,26199,
845,1.4324075891636312e-05,1.3772432794212364e-06,4.4697964085571584e-07,26209,
845,1.8049815480480902e-05,2.0876050257356837e-06,4.57191163150128e-07,26219,
845,,,,26225,1.6582531316089444e-05
846,1.7554739315528423e-05,2.103356564475689e-06,4.4979412905377103e-07,26229,
846,1.4162063052935991e-05,1.9005977947017527e-06,4.701405202922615e-07,26239,
846,1.2502478966780473e-05,1.0662255363058648e-06,4.1843773601613066e-07,26249,
846,,,,26256,1.96673754544463e-05
847,1.6651320038363338e-05,2.000921540457057e-06,4.3498428681232326e-07,26259,
847,1.3442445379041601e-05,1.8895913171945722e-06,4.148795653691195e-07,26269,
847,1.3185227544454392e-05,2.3687523480475647e-06,4.414148406794993e-07,26279,
847,,,,26287,1.6625366697553545e-05
848,1.7212201782967895e-05,4.762826847581891e-06,4.633605215076386e-07,26289,
848,1.556219649501145e-05,3.2008144899009494e-06,4.928709245177743e-07,26299,
848,1.2467766282497905e-05,2.048006990662543e-06,4.318371225053852e-07,26309,
848,,,,26318,2.052349373116158e-05
849,2.028945709753316e-05,2.413171841908479e-06,4.338103849477193e-07,26319,
849,1.5017346413515043e-05,2.4024986942094984e-06,4.641497355351021e-07,26329,
849,1.240793881152058e-05,1.4778877357457532e-06,4.2561782720440533e-07,26339,
849,1.3635590221383609e-05,7.29978921754082e-07,3.3701299528843265e-09,26349,
849,,,,26349,1.966892887139693e-05
850,1.434331716154702e-05,2.8937372462678468e-06,4.777309641212923e-07,26359,
850,1.445477482775459e-05,2.289552867296152e-06,4.367921349057724e-07,26369,
850,1.2420498023857363e-05,1.9768222045968287e-06,4.892154947810923e-07,26379,
850,,,,26380,1.7699387171887793e-05
851,1.504719602962723e-05,1.9422541299718432e-06,4.7222263788171404e-07,26389,
851,1.2647347830352373e-05,1.503536623204127e-06,4.63876347112091e-07,26399,
851,1.2652642908506095e-05,1.3535419611798716e-06,4.5648255309060914e-07,26409,
851,,,,26411,1.5628645996912383e-05
852,1.2803415302187204e-05,1.970096036529867e-06,4.819061700800376e-07,26419,
852,1.271514247491723e-05,1.3064085351288668e-06,4.4266863596931216e-07,26429,
852,1.160350893769646e-05,1.1817061249530525e-06,4.455101816347451e-07,26439,
852,,,,26442,1.2912393685837742e-05
853,1.2576098924910184e-05,1.313346047027153e-06,4.625753433629143e-07,26449,
853,1.1732096027117223e-05,1.1689465964082046e-06,4.431095135259966e-07,26459,
853,1.1149954843858723e-05,9.094808888221451e-07,4.2614658468664857e-07,26469,
853,,,,26473,1.253382652066648e-05
854,1.1974120752711315e-05,1.2740820238832384e-06,4.441916701125592e-07,26479,
854,1.1402362360968255e-05,1.2489268783610896e-06,4.483766531393485e-07,26489,
854,1.1326225830998737e-05,1.3504934486263664e-06,4.2520196075201966e-07,26499,
854,,,,26504,1.1961051313846838e-05
855,1.2058446372975595e-05,1.335189949713822e-06,5.032109697822307e-07,26509,
855,1.1627003004832659e-05,9.697291716292966e-07,4.47790824864569e-07,26519,
855,1.176680325443158e-05,1.0681487765396014e-06,4.577949539452675e-07,26529,
855,,,,26535,1.4053675840841606e-05
856,1.542804420751054e-05,1.7477644860264263e-06,4.502957153817988e-07,26539,
856,1.2157017408753745e-05,1.6810174656711752e-06,4.7151016246971267e-07,26549,
856,1.3262870197650045e-05,1.9483702544675907e-06,4.188989919384767e-07,26559,
856,,,,26566,1.5572448319289833e-05
857,1.6023868738557212e-05,2.2223521227715537e-06,4.3543914785004745e-07,26569,
857,1.218696797877783e-05,1.239266907759884e-06,4.15693477862078e-07,26579,
857,1.2652280020120088e-05,1.2640720115086879e-06,4.431231559465232e-07,26589,
857,,,,26597,1.8942599126603454e-05
858,1.613285712664947e-05,1.980299430215382e-06,4.662530557197897e-07,26599,
858,1.4922999071131926e-05,3.8857738218212035e-06,4.933659170092142e-07,26609,
858,1.3388133993430529e-05,1.7254329804927693e-06,4.325310385411285e-07,26619,
858,,,,26628,1.7272990589844994e-05
859,1.6948488337220624e-05,3.158892695864779e-06,4.339232475558674e-07,26629,
859,1.3814036719850264e-05,2.2497322333947523e-06,4.647855860184791e-07,26639,
859,1.4256159374781419e-05,1.753315359565022e-06,4.263440303020616e-07,26649,
859,1.2217943549330812e-05,1.2576291510413284e-06,3.3753391193158677e-09,26659,
859,,,,26659,1.6700567357474938e-05
860,1.3308238521858584e-05,2.2057654405216454e-06,4.788099090546893e-07,26669,
860,1.2830162631871644e-05,1.381751530971087e-06,4.382104918931873e-07,26679,
860,1.1752749742299784e-05,1.1586362234083936e-06,4.911387918582477e-07,26689,
860,,,,26690,1.7894606571644545e-05
861,1.639595939195715e-05,2.945844926216523e-06,4.7538733838337066e-07,26699,
861,1.3505417882697657e-05,1.6487077800775296e-06,4.657137537833478e-07,26709,
861,1.3299496458785143e-05,1.7805831475925515e-06,4.580207360049826e-07,26719,
861,,,,26721,1.729060386423953e-05
862,1.538926335342694e-05,3.354909267727635e-06,4.83737153444963e-07,26729,
862,1.4407330127141904e-05,1.88380624877027e-06,4.4414923650037963e-07,26739,
862,1.3137940186425112e-05,2.279807176819304e-06,4.4728056991516496e-07,26749,
862,,,,26752,1.7495460269856267e-05
863,1.3330036381375976e-05,2.1044813820481068e-06,4.6498038841491507e-07,26759,
863,1.2833803339162841e-05,2.004775296882144e-06,4.4525046405397006e-07,26769,
863,1.1430027370806783e-05,1.0682358606572961e-06,4.279325480638363e-07,26779,
863,,,,26783,1.4856515917927027e-05
864,1.3035841220698785e-05,2.584679350547958e-06,4.4598681370189297e-07,26789,
864,1.4499971257464495e-05,2.183768856411916e-06,4.5012947680334037e-07,26799,
864,1.1598748642427381e-05,1.6518781649210723e-06,4.2651168996599154e-07,26809,
864,,,,26814,1.343313397228485e-05
865,1.2586933735292405e-05,1.9063172658206895e-06,5.060310286353342e-07,26819,
865,1.1931510925933253e-05,1.503740804764675e-06,4.4953063138564175e-07,26829,
865,1.152131699200254e-05,1.4473174587692483e-06,4.5948868887535355e-07,26839,
865,,,,26845,1.3389717423706315e-05
866,1.4154440577840433e-05,2.299482503076433e-06,4.5170909857006336e-07,26849,
866,1.2977448022866156e-05,1.613022845958767e-06,4.7333068664556777e-07,26859,
866,1.249820979865035e-05,2.445361815262004e-06,4.2071238226526475e-07,26869,
866,,,,26876,1.4444317457673606e-05
867,1.3891659364162479e-05,4.507512130658142e-06,4.3706617702810036e-07,26879,
867,1.183932545245625e-05,1.2481071962611168e-06,4.166809048911091e-07,26889,
867,1.2079164662281983e-05,2.023340812229435e-06,4.4494217377177847e-07,26899,
867,,,,26907,1.3294569725985639e-05
868,1.2124329259677324e-05,2.4831895188981434e-06,4.6740049697291397e-07,26909,
868,1.3465083611663431e-05,2.2282299596554367e-06,4.955559234076645e-07,26919,
868,1.636690467421431e-05,3.246770575060509e-06,4.3426186380202125e-07,26929,
868,,,,26938,1.7962502170121297e-05
869,1.843347490648739e-05,3.4068016248056665e-06,4.366358155039052e-07,26939,
869,2.268298158014659e-05,5.917250291531673e-06,4.673431419632834e-07,26949,
869,1.5048491150082555e-05,3.147730012642569e-06,4.284152907985117e-07,26959,
869,1.4195213225320913e-05,3.0288972538983217e-06,3.3977853863831342e-09,26969,
869,,,,26969,2.584558751550503e-05
870,2.5161529265460558e-05,5.342769327398855e-06,4.838333325096755e-07,26979,
870,1.7513630155008286e-05,5.442857855086913e-06,4.394339612190379e-07,26989,
870,1.4527524399454705e-05,2.3418344881065423e-06,4.920330525237659e-07,26999,
870,,,,27000,2.4371676772716455e-05
871,1.674355735303834e-05,4.771944531967165e-06,4.7534143732264056e-07,27009,
871,1.3943694284535013e-05,4.096521024621325e-06,4.670271778195456e-07,27019,
871,1.278832132811658e-05,1.4312038274510996e-06,4.5912787527413457e-07,27029,
871,,,,27031,2.1940017177257687e-05
872,1.7948441382031888e-05,3.935807399102487e-06,4.853748691857618e-07,27039,
872,1.4257222574087791e-05,2.1941098111710744e-06,4.451195536603336e-07,27049,
872,1.1809452189481817e-05,1.2545308436529012e-06,4.4842016677648644e-07,27059,
872,,,,27062,1.4506338629871607e-05
873,1.2877003428002354e-05,1.9618269107013475e-06,4.656927501400787e-07,27069,
873,1.1629686014202889e-05,1.5575309362247935e-06,4.466103575850866e-07,27079,
873,1.1219923180760816e-05,1.1280246781097958e-06,4.295374367302429e-07,27089,
873,,,,27093,1.2009594684059266e-05
874,1.1703598829626571e-05,1.4788403177590226e-06,4.4750967731488345e-07,27099,
874,1.0939931598841213e-05,1.2300400840103975e-06,4.5202475007499743e-07,27109,
874,1.0850497346837074e-05,1.0076478247356135e-06,4.2818481915674056e-07,27119,
874,,,,27124,1.1580223144846968e-05
875,1.146319027611753e-05,1.3174657169656712e-06,5.071634632258792e-07,27129,
875,1.1363589692336973e-05,1.1782248066083412e-06,4.514818670031673e-07,27139,
875,1.1121310308226384e-05,1.3186120213504182e-06,4.6137589038153237e-07,27149,
875,,,,27155,1.2107318070775364e-05
876,1.2079335647285916e-05,1.1306373153274762e-06,4.532493846909347e-07,27159,
876,1.1354242815286852e-05,1.0693970580177847e-06,4.751868516450486e-07,27169,
876,1.1102267308160663e-05,9.200356885230576e-07,4.223677763093292e-07,27179,
876,,,,27186,1.3166936696507037e-05
877,1.2285473530937452e-05,1.1350939530530013e-06,4.38540581626512e-07,27189,
877,1.1188055395905394e-05,1.190622128888208e-06,4.185028501524357e-07,27199,
877,1.13335427158745e-05,1.1457810842330218e-06,4.464199321319029e-07,27209,
877,,,,27217,1.2196741408843081e-05
878,1.2483785212680232e-05,1.8563672483651317e-06,4.6879492288098845e-07,27219,
878,1.1708557394740637e-05,1.376088562210498e-06,4.96813527206541e-07,27229,
878,1.135482671088539e-05,9.342934390588198e-07,4.355444787051965e-07,27239,
878,,,,27248,1.2030775906168856e-05
879,1.1977540452789981e-05,1.2307845054237987e-06,4.3755835577030666e-07,27249,
879,1.1848786016344093e-05,1.1828502692878828e-06,4.6824058586025785e-07,27259,
879,1.3531852346204687e-05,1.32200000280136e-06,4.300790692468581e-07,27269,
879,1.1839759281428996e-05,6.365286822074268e-07,3.4104228330278374e-09,27279,
879,,,,27279,1.3714659871766344e-05
880,1.4077352716412861e-05,1.6345602489309385e-06,4.826552526537853e-07,27289,
880,1.576573049533181e-05,1.7577543758307002e-06,4.41035382436894e-07,27299,
880,1.1681131582008675e-05,1.0670408983060042e-06,4.94428604724817e-07,27309,
880,,,,27310,2.2502801584778354e-05
881,1.5302699466701597e-05,2.057697884083609e-06,4.777971867042652e-07,27319,
881,1.513697952759685e-05,2.507894805603428e-06,4.69884668063969e-07,27329,
881,1.2505752238212153e-05,1.1513823210407281e-06,4.6135392040014267e-07,27339,
881,,,,27341,2.1512276362045668e-05
882,1.697974767012056e-05,2.1815656054968713e-06,4.881812856183387e-07,27349,
882,1.4278773960541002e-05,1.668716663516534e-06,4.4753218730875233e-07,27359,
882,1.1651542081381194e-05,1.3070930435787886e-06,4.500565182752325e-07,27369,
882,,,,27372,2.4620445401524194e-05
883,1.8738761355052702e-05,3.958940851589432e-06,4.691385129262926e-07,27379,
883,1.5643066944903694e-05,2.7464027425594395e-06,4.4762137463294494e-07,27389,
883,1.1560192433535121e-05,1.6721938891350874e-06,4.3017283246626903e-07,27399,
883,,,,27403,1.4006725905346684e-05
884,1.2256691661605146e-05,1.5611666412951308e-06,4.484657551984128e-07,27409,
884,1.1369198546162806e-05,1.2462311360650347e-06,4.5314391172723845e-07,27419,
884,1.0985967492160853e-05,1.349475155620894e-06,4.288435206944996e-07,27429,
884,,,,27434,1.5491747035412118e-05
885,1.3686802049051039e-05,2.1333385120669845e-06,5.093942263556528e-07,27439,
885,1.1865191481774673e-05,1.9817405245703412e-06,4.524385701643041e-07,27449,
885,1.1371597793186083e-05,1.1685546041917405e-06,4.6273254383777385e-07,27459,
885,,,,27465,1.2556314686662517e-05
886,1.2155473996244837e-05,1.8247574189445004e-06,4.5386269675873336e-07,27469,
886,1.1620228178799152e-05,2.460244786561816e-06,4.7623558430132107e-07,27479,
886,1.0888792530749924e-05,1.1201721008546883e-06,4.233588413171674e-07,27489,
886,,,,27496,1.2103846529498696e-05
887,1.2344188689894509e-05,1.5705171563240583e-06,4.3915733272115176e-07,27499,
887,1.1235845704504754e-05,1.5359912595158676e-06,4.190997913156025e-07,27509,
887,1.1639967851806432e-05,1.302003624914505e-06,4.4781396013604535e-07,27519,
887,,,,27527,1.566039827594068e-05
888,1.651172169658821e-05,2.7696253255271586e-06,4.72284312991178e-07,27529,
888,1.3032045899308287e-05,2.047479483735515e-06,4.991311470803339e-07,27539,
888,1.1799683306890074e-05,1.8511266262066783e-06,4.3730761944971164e-07,27549,
888,,,,27558,1.3730810678680427e-05
889,1.3867691450286657e-05,3.3748951864254195e-06,4.3860717369170743e-07,27559,
889,1.2984670320292935e-05,2.7711882921721553e-06,4.6965962496869906e-07,27569,
889,1.1181176887475885e-05,1.7835457128967391e-06,4.313786234888539e-07,27579,
889,1.0802131328091491e-05,7.412090781144798e-07,3.413773486116156e-09,27589,
889,,,,27589,1.2469474313547835e-05
890,1.1303644896543119e-05,1.6887687479538727e-06,4.838831841880165e-07,27599,
890,1.2059068467351608e-05,1.6232506823143922e-06,4.414106058447942e-07,27609,
890,1.2345628420007415e-05,1.3519874073608662e-06,4.958931185683468e-07,27619,
890,,,,27620,1.5854597222642042e-05
891,1.4776174793951213e-05,2.379430952714756e-06,4.780932840731111e-07,27629,
891,1.2926710951433051e-05,1.432519070476701e-06,4.70629345272755e-07,27639,
891,1.2232017070346046e-05,1.5108247453099466e-06,4.627297869319591e-07,27649,
891,,,,27651,1.8133694538846612e-05
892,1.445038833480794e-05,2.3785560188116506e-06,4.898502083960921e-07,27659,
892,1.2846867321059108e-05,2.1576624931185506e-06,4.489098728299723e-07,27669,
892,1.1980846466030926e-05,1.6788917491794564e-06,4.5150352434575325e-07,27679,
892,,,,27682,1.4494778952212073e-05
893,1.3981858501210809e-05,2.001502934945165e-06,4.6924148477955896e-07,27689,
893,1.1890466339536943e-05,1.5588011592626572e-06,4.5010489202468307e-07,27699,
893,1.0614746315695811e-05,9.363592994304781e-07,4.3251921511000546e-07,27709,
893,,,,27713,1.1308987268421333e-05
894,1.0754509276011959e-05,1.3290931519804872e-06,4.506736672738043e-07,27719,
894,1.0795875823532697e-05,1.086762154045573e-06,4.554601389372692e-07,27729,
894,1.0468065738677979e-05,1.007175569611718e-06,4.312385897264903e-07,27739,
894,,,,27744,1.1688234735629521e-05
895,1.119553780881688e-05,1.2812225804736954e-06,5.111800192025839e-07,27749,
895,1.0616384315653704e-05,1.0750674164228258e-06,4.546946001937613e-07,27759,
895,1.0706137800298166e-05,1.113653638640244e-06,4.649758125196968e-07,27769,
895,,,,27775,1.221273578266846e-05
896,1.177443664346356e-05,1.3853185691914405e-06,4.562008655284444e-07,27779,
896,1.1336875104461797e-05,1.1593692761380225e-06,4.786296585734817e-07,27789,
896,1.1095844456576742e-05,1.4186622365741641e-06,4.2523635102043045e-07,27799,
896,,,,27806,1.4835885849606711e-05
897,1.3260904779599514e-05,1.7101692719734274e-06,4.4125090425950475e-07,27809,
897,1.3911310816183686e-05,2.280610488014645e-06,4.205878099128313e-07,27819,
897,1.3253968973003794e-05,1.8545745206210995e-06,4.4993942083237926e-07,27829,
897,,,,27837,1.960447298188228e-05
898,2.4381552066188306e-05,3.3463791169197066e-06,4.7567766614520224e-07,27839,
898,1.5943152902764268e-05,3.3741996503522387e-06,5.017548687646922e-07,27849,
898,1.1871872629853897e-05,2.0178140403004363e-06,4.382425800031342e-07,27859,
898,,,,27868,1.5154348147916608e-05
899,1.5322963008657098e-05,4.51212281404878e-06,4.410015321809624e-07,27869,
899,1.3844240129401442e-05,2.540129571571015e-06,4.719531716546044e-07,27879,
899,1.2352215890132356e-05,2.2136716779641574e-06,4.337146037869388e-07,27889,
899,1.1657656614261214e-05,1.8472546798875555e-06,3.4252378711130405e-09,27899,
899,,,,27899,1.4616306543757673e-05
900,1.4693616321892478e-05,2.062316298179212e-06,4.867837333222269e-07,27909,
900,1.2138628335378598e-05,2.9037696549494285e-06,4.4311039459898893e-07,27919,
900,1.1438813999120612e-05,1.4559236660716124e-06,4.973870204594277e-07,27929,
900,,,,27930,1.5337416698457673e-05
901,1.3121336451149546e-05,3.6497938253887696e-06,4.803509341400058e-07,27939,
901,1.2061459528922569e-05,1.7623448229642236e-06,4.719594528523885e-07,27949,
901,1.2343729395070113e-05,1.515846406618948e-06,4.6451160073957e-07,27959,
901,,,,27961,1.4251805623644032e-05
902,1.1895646821358241e-05,1.5162340787355788e-06,4.907817015009641e-07,27969,
902,1.1975142115261406e-05,1.6262209783235448e-06,4.4984687974647386e-07,27979,
902,1.0692384421417955e-05,1.047750288307725e-06,4.533886794888531e-07,27989,
902,,,,27992,1.618946589587722e-05
903,1.8794124116539024e-05,3.0962005439505447e-06,4.7200512653944315e-07,27999,
903,1.2733342373394407e-05,1.563144337524136e-06,4.5106025936547667e-07,28009,
903,1.1471528523543384e-05,1.7703201820040704e-06,4.337344705618307e-07,28019,
903,,,,28023,1.5120285752345808e-05
904,1.298399547522422e-05,2.5547913082846208e-06,4.528594104158401e-07,28029,
904,1.1889594134117942e-05,2.260395149278338e-06,4.568674398797157e-07,28039,
904,1.0846418263099622e-05,1.4984121889938251e-06,4.3214117795287166e-07,28049,
904,,,,28054,1.3851577932655346e-05
905,1.3170547390473075e-05,2.632081077535986e-06,5.133701961312909e-07,28059,
905,1.1624852959357668e-05,1.6430000187028782e-06,4.563233062526706e-07,28069,
905,1.0337752428313252e-05,1.2337495718384162e-06,4.6669029529766703e-07,28079,
905,,,,28085,1.206676915899152e-05
906,1.2244750905665569e-05,2.1357848254410783e-06,4.5742240217805374e-07,28089,
906,1.1094920409959741e-05,1.4882012919770204e-06,4.805335152013868e-07,28099,
906,1.0508932064112742e-05,1.0749198509074631e-06,4.266769337846199e-07,28109,
906,,,,28116,1.2110625903005712e-05
907,1.110372795665171e-05,1.2162726079623098e-06,4.432378659657843e-07,28119,
907,1.0570128324616235e-05,1.1931639392059878e-06,4.218566118652234e-07,28129,
907,1.1475443898234516e-05,1.2592181519721635e-06,4.515066791555e-07,28139,
907,,,,28147,1.222143600898562e-05
908,1.1483810339996126e-05,1.633236934139859e-06,4.749760762479127e-07,28149,
908,1.4052761798666324e-05,1.8769335383694852e-06,5.029589260630019e-07,28159,
908,1.4995911442383658e-05,1.757267682478414e-06,4.401462092573638e-07,28169,
908,,,,28178,1.6510555724380538e-05
909,1.6630203390377574e-05,2.52875156547816e-06,4.4322135295260523e-07,28179,
909,1.962394526344724e-05,4.550846824713517e-06,4.7325053742497403e-07,28189,
909,1.3154588486941066e-05,1.921092689372017e-06,4.341445958289114e-07,28199,
909,1.3182892871554941e-05,1.1361606766513432e-06,3.429009964861507e-09,28209,
909,,,,28209,2.7555672204471193e-05
910,1.6539306670892984e-05,3.976176685682731e-06,4.884669237981143e-07,28219,
910,1.3122825293976348e-05,1.3463840105032432e-06,4.443319596703077e-07,28229,
910,1.1769761840696447e-05,1.680053742347809e-06,4.995671361029963e-07,28239,
910,,,,28240,1.8305912817595527e-05
911,1.3786534509563353e-05,2.206512135671801e-06,4.825778887607157e-07,28249,
911,1.3007457710045855e-05,1.3530433307096246e-06,4.7440784101127065e-07,28259,
911,1.1818537132057827e-05,1.363992282676918e-06,4.6676535703227273e-07,28269,
911,,,,28271,1.6753070667618886e-05
912,1.2747315849992447e-05,1.5538886373178684e-06,4.933073114443687e-07,28279,
912,1.2013966625090688e-05,1.4142664213068201e-06,4.5243618274071196e-07,28289,
912,1.0496355571376625e-05,1.404205136168457e-06,4.553491805836529e-07,28299,
912,,,,28302,1.456405152566731e-05
913,1.2683088243647944e-05,1.535015030640352e-06,4.731125500256894e-07,28309,
913,1.1293591342109721e-05,1.3743751878791954e-06,4.5364581069406995e-07,28319,
913,1.0327775271434803e-05,1.181954644380312e-06,4.3587905906861124e-07,28329,
913,,,,28333,1.338543097517686e-05
914,1.2376700396998785e-05,1.4362240108312108e-06,4.5443962903846113e-07,28339,
914,1.0878470675379504e-05,1.4480192476185039e-06,4.586730142364104e-07,28349,
914,1.0307263437425718e-05,9.98926225292962e-07,4.33394149013111e-07,28359,
914,,,,28364,1.1611776244535577e-05
915,1.1374962923582643e-05,1.2223227940921788e-06,5.141882866155356e-07,28369,
915,1.1320607882225886e-05,1.8562121795184794e-06,4.578749042138952e-07,28379,
915,1.0694204320316203e-05,1.7067552562366473e-06,4.6826468746985483e-07,28389,
915,,,,28395,1.2613337275979575e-05
916,1.3531580407288857e-05,2.1024575289629865e-06,4.591862534653046e-07,28399,
916,1.1581468243093695e-05,1.3957019291410688e-06,4.819573291570123e-07,28409,
916,1.1338468539179303e-05,2.1133523659955245e-06,4.28049474976433e-07,28419,
916,,,,28426,1.3565397239290178e-05
917,1.4475631360255647e-05,3.6101289424550487e-06,4.4459852688305546e-07,28429,
917,1.2169780347903725e-05,1.893177795864176e-06,4.2364055730104155e-07,28439,
917,1.1484162314445712e-05,1.77918707322533e-06,4.531137847152422e-07,28449,
917,,,,28457,1.2459059689717833e-05
918,1.3310208487382624e-05,3.6535443541652057e-06,4.771683279614081e-07,28459,
918,1.154767960542813e-05,1.6343030893040122e-06,5.040677706347196e-07,28469,
918,1.071224960469408e-05,1.1196350442332914e-06,4.4081116357119754e-07,28479,
918,,,,28488,1.234504088643007e-05
919,1.2499144759203773e-05,2.164192437703605e-06,4.436351730419119e-07,28489,
919,1.088556382455863e-05,1.6988526567729423e-06,4.7493057309111464e-07,28499,
919,1.090882233256707e-05,1.352903495899227e-06,4.3639656155392004e-07,28509,
919,1.0194470632995944e-05,7.290802273018926e-07,3.453216601556619e-09,28519,
919,,,,28519,1.2272271305846516e-05
920,1.2440701539162546e-05,1.992211537071853e-06,4.89992771690595e-07,28529,
920,1.1409816579543985e-05,1.6838342844494036e-06,4.464520202418498e-07,28539,
920,1.094105846277671e-05,1.4635178331445786e-06,5.010385280002083e-07,28549,
920,,,,28550,1.3613541341328528e-05
921,1.3393471817835234e-05,3.6082460610487033e-06,4.834509468309989e-07,28559,
921,1.2811521628464106e-05,1.8586537180453888e-06,4.757551437251095e-07,28569,
921,1.3634039532917086e-05,2.453026581861195e-06,4.678628044985089e-07,28579,
921,,,,28581,2.315829806320835e-05
922,1.5567022273899056e-05,3.256020818298566e-06,4.948344667354831e-07,28589,
922,1.4564239791070577e-05,2.989310587508953e-06,4.5313643681765825e-07,28599,
922,1.1222157809243072e-05,1.3974373587188893e-06,4.564357709568867e-07,28609,
922,,,,28612,1.4902302609698381e-05
923,1.2431667528289836e-05,2.0203176518407417e-06,4.745475621348305e-07,28619,
923,1.09951743070269e-05,1.754379127305583e-06,4.5500789269681263e-07,28629,
923,1.0413516974949744e-05,1.4332656519400189e-06,4.370363910766173e-07,28639,
923,,,,28643,1.4583229130948894e-05
924,1.1605393410718534e-05,2.0168706669210223e-06,4.5617386490448553e-07,28649,
924,1.4516053852275945e-05,2.2921740310266614e-06,4.607049390870088e-07,28659,
924,1.1684457604133058e-05,1.3098300541969365e-06,4.352418443431816e-07,28669,
924,,,,28674,1.7660513549344614e-05
925,1.5587582311127335e-05,4.460611762624467e-06,5.167133281247516e-07,28679,
925,1.4532286513713188e-05,2.7831565603264607e-06,4.595385405536945e-07,28689,
925,1.092673574021319e-05,1.3835181107424432e-06,4.6926857066864613e-07,28699,
925,,,,28705,2.226502328994684e-05
926,2.136499824700877e-05,4.268273187335581e-06,4.6211303583731933e-07,28709,
926,1.715935650281608e-05,4.433924914337695e-06,4.835614504372643e-07,28719,
926,1.231005990121048e-05,1.6913145373109728e-06,4.294401776405721e-07,28729,
926,,,,28736,1.9890791008947417e-05
927,1.42749768201611e-05,2.7683634016284486e-06,4.443758996330871e-07,28739,
927,1.3611467693408486e-05,2.9871819151594536e-06,4.245007971803716e-07,28749,
927,1.2105984751542564e-05,1.3039411896897946e-06,4.536593962711777e-07,28759,
927,,,,28767,1.3737528206547722e-05
928,1.2834139852202497e-05,1.5981501064743497e-06,4.7903790800774e-07,28769,
928,1.1512599485286046e-05,1.4531183296639938e-06,5.048994466960721e-07,28779,
928,1.085302938008681e-05,1.005750277727202e-06,4.4264777443459025e-07,28789,
928,,,,28798,1.220859030581778e-05
929,1.2146126209700014e-05,1.2081262639185297e-06,4.449718460364238e-07,28799,
929,1.2153672287240624e-05,1.1320983048790367e-06,4.765308290188841e-07,28809,
929,1.1042669029848184e-05,1.1030301720893476e-06,4.374886657387833e-07,28819,
929,1.0561021554167382e-05,5.153780762157112e-07,3.4564575646101048e-09,28829,
929,,,,28829,1.3384867997956462e-05
930,1.1403507414797787e-05,1.7499559135103482e-06,4.91380035327893e-07,28839,
930,1.0192177796852775e-05,8.679136840328283e-07,4.47728353947241e-07,28849,
930,1.0312412996427156e-05,9.578870958648622e-07,5.032079002376122e-07,28859,
930,,,,28860,1.3839998246112373e-05
931,1.2828782018914353e-05,1.624035235181509e-06,4.85956320517289e-07,28869,
931,1.1126882782264147e-05,1.1221193290111842e-06,4.780628728440206e-07,28879,
931,1.1455903404566925e-05,1.0214581607215223e-06,4.7017769588819647e-07,28889,
931,,,,28891,1.2588202480401378e-05
932,1.1236204045417253e-05,1.2460874359021545e-06,4.963403625879437e-07,28899,
932,1.1674143024720252e-05,1.1502871757329558e-06,4.547039793578733e-07,28909,
932,1.0541773917793762e-05,1.1519548479554942e-06,4.5872374698774365e-07,28919,
932,,,,28922,1.4266938705986831e-05
933,1.5097729374247137e-05,2.7545229386305436e-06,4.772911665895663e-07,28929,
933,1.207941477332497e-05,1.1786447657868848e-06,4.569074576465937e-07,28939,
933,1.1453003935457673e-05,1.1811163176389528e-06,4.385018996799772e-07,28949,
933,,,,28953,1.4305071090348065e-05
934,1.268012601940427e-05,1.5971378388712765e-06,4.5817893123967224e-07,28959,
934,1.4583987649530172e-05,2.472210326232016e-06,4.6323276592374896e-07,28969,
934,1.0647430826793425e-05,1.3456723308991059e-06,4.3685631112566625e-07,28979,
934,,,,28984,1.820467514335178e-05
935,1.6213600247283466e-05,2.1822186226927442e-06,5.192201228965132e-07,28989,
935,1.452739888918586e-05,2.435946043988224e-06,4.622217488758906e-07,28999,
935,1.0687735084502492e-05,1.9817739485006314e-06,4.71993757855671e-07,29009,
935,,,,29015,1.8399321561446413e-05
936,1.6580501323915087e-05,3.933652351406636e-06,4.626100178484194e-07,29019,
936,1.2292896826693323e-05,3.2185348572966177e-06,4.851081598644669e-07,29029,
936,1.0441299309604801e-05,1.3721077039008378e-06,4.309355006171245e-07,29039,
936,,,,29046,1.4633488717663568e-05
937,1.325591620116029e-05,2.137785259037628e-06,4.4717913283420785e-07,29049,
937,1.096763662644662e-05,2.0042602955072653e-06,4.255888086390769e-07,29059,
937,1.072537179425126e-05,2.457571099512279e-06,4.560810964449047e-07,29069,
937,,,,29077,1.3757225133304019e-05
938,1.345725468127057e-05,2.8683552955044433e-06,4.808571816283802e-07,29079,
938,1.3280157872941345e-05,1.5841111462577828e-06,5.081196832179558e-07,29089,
938,1.1523668035806622e-05,1.026789277602802e-06,4.44564619783705e-07,29099,
938,,,,29108,1.6176911231013946e-05
939,1.6452344425488263e-05,5.388704266806599e-06,4.4678156996269536e-07,29109,
939,1.257042822544463e-05,2.4581540856161155e-06,4.779114419761754e-07,29119,
939,1.1143376468680799e-05,2.4504684006387834e-06,4.385548777463555e-07,29129,
939,1.0848555575648788e-05,1.2942406328875222e-06,3.4708464990984567e-09,29139,
939,,,,29139,1.6255829905276187e-05
940,1.3626737199956551e-05,2.9127245397830848e-06,4.933846184940194e-07,29149,
940,1.1406758858356625e-05,2.1456332888192264e-06,4.490569267545652e-07,29159,
940,1.1623042155406438e-05,1.3713902262679767e-06,5.047668878432887e-07,29169,
940,,,,29170,1.571825850987807e-05
941,1.234643150382908e-05,2.525381660234416e-06,4.873792249782127e-07,29179,
941,1.1153807463415433e-05,1.8427575696478016e-06,4.789895342582895e-07,29189,
941,1.2763212907884736e-05,1.3391468201007228e-06,4.7125541868808796e-07,29199,
941,,,,29201,1.383625749440398e-05
942,1.2114140190533362e-05,1.9310050447529647e-06,4.980462335879565e-07,29209,
942,1.1173490747751202e-05,1.0392194553787704e-06,4.5568702944365214e-07,29219,
942,9.780320397112519e-06,8.844770604810037e-07,4.6018126909075363e-07,29229,
942,,,,29232,1.2497277566581033e-05
943,1.1677891052386258e-05,1.6725024352126638e-06,4.779894311468524e-07,29239,
943,9.984459211409558e-06,1.3147550816938747e-06,4.5856970132263086e-07,29249,
943,9.727084034238942e-06,9.49715854403621e-07,4.4038910118615604e-07,29259,
943,,,,29263,1.1766170246119145e-05
944,1.0641168955771718e-05,1.3037622466072207e-06,4.5941138182570285e-07,29269,
944,1.0465810191817582e-05,1.2911614248878323e-06,4.6438788103841944e-07,29279,
944,1.0312647646060213e-05,1.0455545407239697e-06,4.379634503948182e-07,29289,
944,,,,29294,1.1564951819309499e-05
945,1.078694640455069e-05,1.4490910871245433e-06,5.204936996960896e-07,29299,
945,1.0639520951372106e-05,1.3645459375766222e-06,4.62978931636826e-07,29309,
945,9.827735993894748e-06,1.1605221743593575e-06,4.7350144427582563e-07,29319,
945,,,,29325,1.2736661119561177e-05
946,1.4556729183823336e-05,2.810309297274216e-06,4.6322378466356895e-07,29329,
946,1.1068681487813592e-05,2.2751314645574894e-06,4.874834189649846e-07,29339,
946,1.0793170076794922e-05,1.504451347500435e-06,4.326444127400464e-07,29349,
946,,,,29356,1.3496798601408955e-05
947,1.3558469618146773e-05,2.4970920549094444e-06,4.489811260555143e-07,29359,
947,1.0455240953888278e-05,1.1973027085332433e-06,4.271262810107146e-07,29369,
947,1.0380967978562694e-05,1.3264752851682715e-06,4.581336270348402e-07,29379,
947,,,,29387,1.2122173757234123e-05
948,1.1742907190637197e-05,2.016353391809389e-06,4.834182618651539e-07,29389,
948,1.103313024941599e-05,1.4213691201803158e-06,5.09618359956221e-07,29399,
948,1.0711411960073747e-05,1.0211383596470114e-06,4.458881051050412e-07,29409,
948,,,,29418,1.2294381122046616e-05
949,1.23413119581528e-05,2.4329754069185583e-06,4.479977064875129e-07,29419,
949,1.1609735338424798e-05,2.275343604196678e-06,4.796719963451324e-07,29429,
949,1.2001213690382428e-05,1.5207511978587718e-06,4.4026171508448897e-07,29439,
949,1.0591176760499366e-05,8.186329409909376e-07,3.4865796916250247e-09,29449,
949,,,,29449,1.432971748727141e-05
950,1.3502268302545417e-05,2.1309760995791294e-06,4.94721007271437e-07,29459,
950,1.4883870790072251e-05,2.473023414495401e-06,4.51118921773741e-07,29469,
950,1.04283717519138e-05,1.1987398238488822e-06,5.068152972853568e-07,29479,
950,,,,29480,1.802110273274593e-05
951,1.3210223187343217e-05,2.142943003491382e-06,4.905550667899661e-07,29489,
951,1.1577107215998694e-05,1.3868746009393362e-06,4.8227678917101e-07,29499,
951,1.0920042768702842e-05,1.145590317719325e-06,4.738173515761446e-07,29509,
951,,,,29511,1.219819205289241e-05
952,1.1151402759423945e-05,1.4069371445657453e-06,5.008855623600539e-07,29519,
952,1.0861504961212631e-05,1.2095932788724895e-06,4.583623933740455e-07,29529,
952,9.625939128454775e-06,1.0293033483321778e-06,4.625391625268094e-07,29539,
952,,,,29542,1.2847014659200795e-05
953,1.1736789929273073e-05,1.9144395082548726e-06,4.809074312106532e-07,29549,
953,1.533300928713288e-05,1.4861631143503473e-06,4.6165314415702596e-07,29559,
953,1.0080237188958563e-05,1.0504415968171088e-06,4.42422646074192e-07,29569,
953,,,,29573,1.2156947377661709e-05
954,1.0046499482996296e-05,1.2544738865472027e-06,4.617110391791357e-07,29579,
954,1.0339149412175175e-05,1.1054612514271867e-06,4.667768109811732e-07,29589,
954,9.78649768512696e-06,9.841237442742568e-07,4.3989749087813834e-07,29599,
954,,,,29604,1.093045557354344e-05
955,1.0206721526628826e-05,1.2052822739860858e-06,5.226917778600182e-07,29609,
955,9.963137017621193e-06,1.5125439176699729e-06,4.650420066809602e-07,29619,
955,9.459038665227126e-06,1.2420331358953263e-06,4.7619622023375996e-07,29629,
955,,,,29635,1.1415029803174548e-05
956,1.1098421055066865e-05,1.5188828683676547e-06,4.6478407966787927e-07,29639,
956,9.571784175932407e-06,1.2151664350312785e-06,4.89891078814253e-07,29649,
956,9.960086572391447e-06,1.395736148879223e-06,4.3457635001686867e-07,29659,
956,,,,29666,1.1960652955167461e-05
957,1.2472671187424567e-05,1.7112690784415463e-06,4.506284199123911e-07,29669,
957,1.0371361895522568e-05,1.5072309906827286e-06,4.28873988767009e-07,29679,
957,1.1611135050770827e-05,1.9598230664996663e-06,4.602678984610975e-07,29689,
957,,,,29697,1.3593436960945837e-05
958,1.5398438335978426e-05,2.2799904400017112e-06,4.865627261096961e-07,29699,
958,1.9793977116933092e-05,5.149977369001135e-06,5.12095994054107e-07,29709,
958,1.2327303011261392e-05,2.162443706765771e-06,4.470459771255264e-07,29719,
958,,,,29728,1.4476908290816937e-05
959,1.4433460819418542e-05,2.7913795292988652e-06,4.4937965526514745e-07,29729,
959,1.2970291209057905e-05,3.5006712550966768e-06,4.802338366971526e-07,29739,
959,1.1458895642135758e-05,2.043174163190997e-06,4.4210784722054086e-07,29749,
959,1.024684934236575e-05,7.839210525162343e-07,3.5067027059909606e-09,29759,
959,,,,29759,1.6584315744694322e-05
960,1.1521217857080046e-05,2.1349144390114816e-06,4.970804639015114e-07,29769,
960,1.2040567526128143e-05,1.7891915149448323e-06,4.5169124973654107e-07,29779,
960,9.897316886053886e-06,1.1465069746918743e-06,5.088708689982013e-07,29789,
960,,,,29790,1.2561950825329404e-05
961,1.1211167475266848e-05,1.7241942487089545e-06,4.90557965804328e-07,29799,
961,1.0270276106894016e-05,1.06946265532315e-06,4.837485789721541e-07,29809,
961,1.1049829481635243e-05,1.0555970675341086e-06,4.7582631168552325e-07,29819,
961,,,,29821,1.1809583156718872e-05
962,1.1512675882840995e-05,1.4600548183807405e-06,5.028190912526043e-07,29829,
962,1.0132892384717707e-05,1.0912528978224145e-06,4.593473761360656e-07,29839,
962,9.824373591982294e-06,9.949023933586432e-07,4.640785959963978e-07,29849,
962,,,,29852,1.2362447705527302e-05
963,1.1018382792826742e-05,1.120276351684879e-06,4.829151407648169e-07,29859,
963,1.0331770681659691e-05,1.6084901517388062e-06,4.627140128832252e-07,29869,
963,9.370964107802138e-06,1.466359208279755e-06,4.4463180870479846e-07,29879,
963,,,,29883,1.238052482221974e-05
964,1.115485247282777e-05,1.8484105339666712e-06,4.633830315015075e-07,29889,
964,1.059939677361399e-05,1.8206943650511676e-06,4.6883158688615367e-07,29899,
964,9.502810826234054e-06,1.5034013358672382e-06,4.4113807007306605e-07,29909,
964,,,,29914,1.2442367733456194e-05
965,1.0127067071152851e-05,1.3003871117689414e-06,5.244057206255093e-07,29919,
965,9.79832202574471e-06,1.54776557792502e-06,4.6657095253976877e-07,29929,
965,9.559029422234744e-06,1.1646606026260997e-06,4.777887738782738e-07,29939,
965,,,,29945,1.321658601227682e-05
966,1.6012876585591584e-05,1.5732888414277113e-06,4.6717548229935346e-07,29949,
966,1.2344144124654122e-05,1.5686136976000853e-06,4.915839895147656e-07,29959,
966,1.3271718671603594e-05,2.809809075188241e-06,4.357659975084971e-07,29969,
966,,,,29976,1.7879141523735598e-05
967,1.3936198229203e-05,3.911109615728492e-06,4.522018457464583e-07,29979,
967,1.1121402167191263e-05,1.264579964299628e-06,4.298207727515546e-07,29989,
967,1.0663434295565821e-05,1.703736984381976e-06,4.618026707703393e-07,29999,
967,,,,30007,1.5520514352829196e-05
968,1.6547623090445995e-05,2.509505748093943e-06,4.863078402195242e-07,30009,
968,1.1763835573219694e-05,1.7098294620154775e-06,5.130255544827378e-07,30019,
968,1.09831698864582e-05,1.2488849279179703e-06,4.4854178327113914e-07,30029,
968,,,,30038,1.1986971912847366e-05
969,1.2141184924985282e-05,1.5305325860026642e-06,4.5183566044215695e-07,30039,
969,1.1354329217283521e-05,2.061138502540416e-06,4.820749381906353e-07,30049,
969,9.310521818406414e-06,1.1535810244822642e-06,4.433931337644026e-07,30059,
969,9.027315172716044e-06,8.748008326620038e-07,3.506612777925966e-09,30069,
969,,,,30069,1.162833177659195e-05
970,9.737956133903936e-06,1.6079787883427343e-06,4.989121293874632e-07,30079,
970,1.0502073564566672e-05,1.4207370213625836e-06,4.5308203766580846e-07,30089,
970,9.607367246644571e-06,1.0322657999495277e-06,5.101376245875144e-07,30099,
970,,,,30100,1.1410797924327198e-05
971,1.0670475603546947e-05,1.1827727348645567e-06,4.924077074974775e-07,30109,
971,9.667473023000639e-06,1.0623864454828436e-06,4.852343522543379e-07,30119,
971,1.0590083547867835e-05,1.1297333912807517e-06,4.768879193761677e-07,30129,
971,,,,30131,1.1180170076841023e-05
972,1.1111517778772395e-05,1.989973497984465e-06,5.041699751018314e-07,30139,
972,9.990474609367084e-06,1.0157859833270777e-06,4.604818002462707e-07,30149,
972,9.905258593789767e-06,1.410649474564707e-06,4.652050620279624e-07,30159,
972,,,,30162,1.2994177268410567e-05
973,1.2071182027284522e-05,1.6794434714029194e-06,4.840698011321365e-07,30169,
973,1.251435878657503e-05,4.299541160435183e-06,4.640482416107261e-07,30179,
973,9.84050984698115e-06,1.2038641443723463e-06,4.4558257172866433e-07,30189,
973,,,,30193,1.535863157187123e-05
974,1.1188127245986834e-05,2.2862973310111556e-06,4.64376824993451e-07,30199,
974,1.1631362212938257e-05,1.320846763519512e-06,4.697778024365107e-07,30209,
974,9.906732884701341e-06,1.9146420981996926e-06,4.4218813854968175e-07,30219,
974,,,,30224,1.2280463124625385e-05
975,1.0604647286527324e-05,1.44289890613436e-06,5.265340519144956e-07,30229,
975,1.0048978765553329e-05,1.6931498976191506e-06,4.6786175289526e-07,30239,
975,9.296907592215575e-06,1.1783344007199048e-06,4.787324314747821e-07,30249,
975,,,,30255,1.60683903231984e-05
976,1.6315339962602593e-05,4.000703029305441e-06,4.6739535264350707e-07,30259,
976,1.3659130672749598e-05,2.69552970166842e-06,4.927119334752206e-07,30269,
976,1.1712764717231039e-05,4.093699772056425e-06,4.3702522134481114e-07,30279,
976,,,,30286,2.186546589655336e-05
977,1.7896067220135592e-05,6.100736754888203e-06,4.547402170373971e-07,30289,
977,1.3385651072894689e-05,4.000519766123034e-06,4.3163208829355426e-07,30299,
977,1.1849409020214807e-05,2.9879668090870837e-06,4.630007026662497e-07,30309,
977,,,,30317,1.7894079064717516e-05
978,2.033572854998056e-05,5.766011781815905e-06,4.893743152933894e-07,30319,
978,1.3272969226818532e-05,4.883143901679432e-06,5.14905650561559e-07,30329,
978,1.1108951184723992e-05,2.4696482796571217e-06,4.4855443093183567e-07,30339,
978,,,,30348,1.754948425514158e-05
979,1.7471205865149386e-05,3.0316405172925442e-06,4.534859101568145e-07,30349,
979,1.3646920706378296e-05,3.198384774805163e-06,4.836827542931132e-07,30359,
979,1.076085573004093e-05,1.6280457657558145e-06,4.449856874089164e-07,30369,
979,1.0939686944766436e-05,4.952768790644768e-07,3.5198801651148415e-09,30379,
979,,,,30379,1.7852484234026633e-05
980,1.384509596391581e-05,2.575031885498902e-06,5.001199951948365e-07,30389,
980,1.1223785804759245e-05,1.6122770603033132e-06,4.543072122942249e-07,30399,
980,1.023366621666355e-05,1.1977123222095543e-06,5.116179409014876e-07,30409,
980,,,,30410,1.635730041016359e-05
981,1.234187038789969e-05,1.728101437947771e-06,4.936348432238447e-07,30419,
981,1.1613515198405366e-05,1.5895657270448282e-06,4.873936632066034e-07,30429,
981,1.064022126229247e-05,1.1399810091461404e-06,4.79074685699743e-07,30439,
981,,,,30441,1.4703248780278955e-05
982,1.1288109817542136e-05,1.8597771713757538e-06,5.056671739112062e-07,30449,
982,1.003497436613543e-05,1.4841297115708585e-06,4.6187170710254577e-07,30459,
982,9.55191717366688e-06,1.5195805644907523e-06,4.666990491841716e-07,30469,
982,,,,30472,1.1329475455568172e-05
983,1.1865494343510363e-05,1.8022698213826516e-06,4.860539775108919e-07,30479,
983,9.591323760105297e-06,1.0232041631752509e-06,4.6636910155939404e-07,30489,
983,9.273873729398474e-06,7.926471994323947e-07,4.475405717130343e-07,30499,
983,,,,30503,1.2174731637060177e-05
984,1.0683518667065073e-05,1.4256874010243337e-06,4.666070481107454e-07,30509,
984,1.123723359341966e-05,1.9350702586962143e-06,4.722298001524905e-07,30519,
984,9.43262148211943e-06,9.088239494303707e-07,4.443015768629266e-07,30529,
984,,,,30534,1.1765239833039232e-05
985,1.0552764251769986e-05,1.2290378208490438e-06,5.289531941343739e-07,30539,
985,9.342517842014786e-06,1.164805439657357e-06,4.7029845973156625e-07,30549,
985,9.188215699396096e-06,1.0707552746680449e-06,4.816779437533114e-07,30559,
985,,,,30565,1.2878384040959645e-05
986,1.3325794498086907e-05,1.8592926380733843e-06,4.6863368652338977e-07,30569,
986,1.009314291877672e-05,1.6210918829528964e-06,4.951614869241894e-07,30579,
986,1.0975640179822221e-05,1.3638667724080733e-06,4.3874916855202173e-07,30589,
986,,,,30596,1.3871590454073157e-05
987,1.1754477782233153e-05,1.7954189388547093e-06,4.5503145429393044e-07,30599,
987,9.64614355325466e-06,1.2600769423443126e-06,4.326875000515429e-07,30609,
987,9.50608682614984e-06,1.3314160014488152e-06,4.6549740773116355e-07,30619,
987,,,,30627,1.1732034181477502e-05
988,1.1611951777013019e-05,2.8878398552478757e-06,4.903934609501448e-07,30629,
988,9.945763849827927e-06,1.7495752899776562e-06,5.165414336261165e-07,30639,
988,9.59723456617212e-06,9.601570809536497e-07,4.506873949594592e-07,30649,
988,,,,30658,9.992972991312854e-06
989,9.92540026345523e-06,1.3133829952494125e-06,4.551583856482466e-07,30659,
989,9.83615518634906e-06,1.0896707181018428e-06,4.859896307607414e-07,30669,
989,1.0445616680954117e-05,1.5934432440189994e-06,4.468618328701268e-07,30679,
989,9.5377690740861e-06,5.57617454433057e-07,3.5339784432153465e-09,30689,
989,,,,30689,1.2087023606000002e-05
990,1.0951738659059629e-05,1.936079570441507e-06,5.025789278079174e-07,30699,
990,1.3475354535330553e-05,1.8373015109318658e-06,4.5640663870472054e-07,30709,
990,1.003113266051514e-05,1.0263219110129285e-06,5.140790335644851e-07,30719,
990,,,,30720,1.4555091183865443e-05
991,1.30757598526543e-05,2.4813509753585095e-06,4.953737402502156e-07,30729,
991,1.169736515294062e-05,1.999459527723957e-06,4.895780421065865e-07,30739,
991,1.1239431842113845e-05,1.5531580856986693e-06,4.803487172466703e-07,30749,
991,,,,30751,1.3365886843530461e-05
992,1.0635084436216857e-05,1.5442412859556498e-06,5.081531639916648e-07,30759,
992,9.406786375620868e-06,1.4815186659689061e-06,4.6344786142071825e-07,30769,
992,9.007346307043917e-06,1.0988055691996124e-06,4.6904452233320626e-07,30779,
992,,,,30782,1.2137994417571463e-05
993,1.0785908671095967e-05,1.3745902833761647e-06,4.882115831605915e-07,30789,
993,9.74916747509269e-06,1.0890308885791455e-06,4.6859588564984733e-07,30799,
993,8.976397111837287e-06,1.0285560847478337e-06,4.4955481826036703e-07,30809,
993,,,,30813,1.1363506928319111e-05
994,9.627058716432657e-06,1.4578316722690943e-06,4.6847523549331527e-07,30819,
994,9.63698676059721e-06,1.773584926922922e-06,4.73963382319198e-07,30829,
994,8.603813512308989e-06,9.03265743090742e-07,4.4539982013702684e-07,30839,
994,,,,30844,9.966414836526383e-06
995,9.341983968624845e-06,1.1834563338197768e-06,5.309729544933361e-07,30849,
995,8.773038643994369e-06,9.414777082383807e-07,4.718882280485559e-07,30859,
995,8.737120879231952e-06,1.0459410759722232e-06,4.835496270061412e-07,30869,
995,,,,30875,1.1201045708730817e-05
996,1.1013855328201316e-05,1.2494646171035129e-06,4.700320062056562e-07,30879,
996,9.528240298095625e-06,1.3186244132157299e-06,4.971679459231382e-07,30889,
996,9.599992154107895e-06,1.4365182323672343e-06,4.4087428818784247e-07,30899,
996,,,,30906,1.7823886082624085e-05
997,2.2287809770205058e-05,3.939087946491782e-06,4.5651060531781695e-07,30909,
997,1.1867358807648998e-05,1.846111445047427e-06,4.336056917964015e-07,30919,
997,1.2508758118201513e-05,2.800680931613897e-06,4.682179337578418e-07,30929,
997,,,,30937,2.9733229894191027e-05
998,2.9197248295531608e-05,4.754681867780164e-06,4.954566179549147e-07,30939,
998,1.5398432879010215e-05,2.8031024612573674e-06,5.186415705793479e-07,30949,
998,1.199021062348038e-05,2.977626081701601e-06,4.522246968008403e-07,30959,
998,,,,30968,1.7946034859050997e-05
999,1.8272694433107972e-05,2.877843826354365e-06,4.579836172524665e-07,30969,
999,1.1281933439022396e-05,1.909833144964068e-06,4.881867994299682e-07,30979,
999,9.925180165737402e-06,1.8562234345154138e-06,4.484724058784195e-07,30989,
999,8.819138201943133e-06,7.991490065251128e-07,3.5353613370148196e-09,30999,
999,,,,30999,1.1589088899199851e-05
