epoch,loss,skeleton,smooth,step,val_loss
0,0.2866351008415222,0.2425491064786911,4.896854193248146e-07,9,
0,0.25481605529785156,0.10997515171766281,9.11164249828289e-07,19,
0,0.19804354012012482,0.05428425222635269,1.0745504823717056e-06,29,
0,,,,30,0.18427851796150208
1,0.12652449309825897,0.0301741361618042,1.0258836482535116e-06,39,
1,0.0762391984462738,0.01709987036883831,9.948768138201558e-07,49,
1,0.050200097262859344,0.010239453054964542,9.49076763845369e-07,59,
1,,,,61,0.04573138430714607
2,0.041788067668676376,0.0081200385466218,9.522324262434267e-07,69,
2,0.03942009434103966,0.006712570786476135,9.691167406344903e-07,79,
2,0.035592224448919296,0.0058372109197080135,1.0013425253418973e-06,89,
2,,,,92,0.03535958752036095
3,0.035625308752059937,0.0056847925297915936,1.0514762607272132e-06,99,
3,0.03322550654411316,0.005184590350836515,1.1151130365760764e-06,109,
3,0.0313543826341629,0.004528452642261982,1.2570517355925404e-06,119,
3,,,,123,0.030100470408797264
4,0.030290959402918816,0.004503092262893915,1.368687435387983e-06,129,
4,0.026687677949666977,0.0041762772016227245,1.4544094710799982e-06,139,
4,0.024596968665719032,0.004094012081623077,1.558742042107042e-06,149,
4,,,,154,0.02442433126270771
5,0.023246437311172485,0.00382126378826797,1.6956128092715517e-06,159,
5,0.020664753392338753,0.0034250717144459486,1.761779003572883e-06,169,
5,0.01926461048424244,0.003558145137503743,1.8241573798150057e-06,179,
5,,,,185,0.01726788841187954
6,0.01626904308795929,0.003375725820660591,1.8053628991765436e-06,189,
6,0.014484611339867115,0.0033626023214310408,1.7122621329690446e-06,199,
6,0.011841027066111565,0.003013593377545476,1.7160562038043281e-06,209,
6,,,,216,0.01052879448980093
7,0.010616149753332138,0.0028961817733943462,1.7195889085996896e-06,219,
7,0.008688833564519882,0.0026612456422299147,1.7113097783294506e-06,229,
7,0.007121306844055653,0.0024865041486918926,1.639387164686923e-06,239,
7,,,,247,0.006317203398793936
8,0.00641794316470623,0.0024652089923620224,1.73179444118432e-06,249,
8,0.005495146382600069,0.0021499753929674625,1.7353115708829137e-06,259,
8,0.00501993577927351,0.0020388970151543617,1.7355721411149716e-06,269,
8,,,,278,0.004600781016051769
9,0.004525504540652037,0.0018820742843672633,1.7399908074366977e-06,279,
9,0.004227696917951107,0.0017315478762611747,1.7995619145949604e-06,289,
9,0.0038728469517081976,0.001576859736815095,1.9002263798029162e-06,299,
9,0.0026643495075404644,0.001068038516677916,1.2883029754107156e-08,309,
9,,,,309,0.003773478092625737
10,0.0036956463009119034,0.0015068779466673732,1.941727077792166e-06,319,
10,0.003412004327401519,0.0013600116362795234,1.9590920601331163e-06,329,
10,0.0033021345734596252,0.0012929363874718547,1.9834387785522267e-06,339,
10,,,,340,0.0032746712677180767
11,0.003192109288647771,0.0012069666991010308,2.0424392914719647e-06,349,
11,0.003013862296938896,0.00114111986476928,2.121900706697488e-06,359,
11,0.002925220411270857,0.0010676606325432658,2.162340024369769e-06,369,
11,,,,371,0.0029268383514136076
12,0.002749365521594882,0.001012312714010477,2.100607844113256e-06,379,
12,0.0027044143062084913,0.00101044203620404,2.2301981061900733e-06,389,
12,0.0026031096931546926,0.0009358273237012327,2.129057747879415e-06,399,
12,,,,402,0.0026630819775164127
13,0.002550528384745121,0.0009188138064928353,2.176882389903767e-06,409,
13,0.0025567645207047462,0.0009270912851206958,2.213441121057258e-06,419,
13,0.0024603665806353092,0.0008012533071450889,2.2856247596791945e-06,429,
13,,,,433,0.002451673150062561
14,0.002425743965432048,0.0007931143045425415,2.3047766717354534e-06,439,
14,0.0022901238407939672,0.0007913079462014139,2.2693952814734075e-06,449,
14,0.0022924256045371294,0.0007562390528619289,2.3329635041591246e-06,459,
14,,,,464,0.0022757474798709154
15,0.0022112615406513214,0.0006879199063405395,2.337076921321568e-06,469,
15,0.0020534240175038576,0.0006148018874228001,2.268110392833478e-06,479,
15,0.0021761723328381777,0.0006405736203305423,2.428785592201166e-06,489,
15,,,,495,0.0021256052423268557
16,0.002148933708667755,0.0006087424699217081,2.41485736296454e-06,499,
16,0.0020568943582475185,0.0006000894936732948,2.312455990249873e-06,509,
16,0.00195358251221478,0.0005304298247210681,2.298610752404784e-06,519,
16,,,,526,0.001995211001485586
17,0.0020661538001149893,0.0005355080356821418,2.4779401428531855e-06,529,
17,0.0019219628302380443,0.000487681565573439,2.434702992104576e-06,539,
17,0.0018586524529382586,0.0004752730892505497,2.303723704244476e-06,549,
17,,,,557,0.0018804555293172598
18,0.001982346875593066,0.0005263436469249427,2.5117917630268494e-06,559,
18,0.001858825795352459,0.00045473407953977585,2.3637726371816825e-06,569,
18,0.001863851211965084,0.0004546203126665205,2.4243927327916026e-06,579,
18,,,,588,0.0017783640651032329
19,0.001740756444633007,0.00041292511741630733,2.334568307560403e-06,589,
19,0.0017284294590353966,0.0003872377856168896,2.322030468349112e-06,599,
19,0.001705812755972147,0.00036443534190766513,2.399505319772288e-06,609,
19,0.001176931313239038,0.00016886103549040854,1.1004575029005537e-08,619,
19,,,,619,0.0016867003869265318
20,0.001714659039862454,0.00036994507536292076,2.407515466984478e-06,629,
20,0.001615277142263949,0.0003307962033431977,2.307268459844636e-06,639,
20,0.0016203905688598752,0.0003180956409778446,2.3010488803265616e-06,649,
20,,,,650,0.0016037638997659087
21,0.0015809615142643452,0.0003004053432960063,2.2869353415444493e-06,659,
21,0.0015481680165976286,0.0002883747802115977,2.3264392439159565e-06,669,
21,0.0015341484686359763,0.00027070697979070246,2.3442898964276537e-06,679,
21,,,,681,0.0015282566891983151
22,0.0014417784987017512,0.0002569571079220623,2.198409447373706e-06,689,
22,0.0014766984386369586,0.0002660980389919132,2.367592514929129e-06,699,
22,0.001423165900632739,0.00025035833823494613,2.1724492853536503e-06,709,
22,,,,712,0.001459169783629477
23,0.0014226615894585848,0.00025149411521852016,2.2232673018152127e-06,719,
23,0.0014460415113717318,0.00026014013565145433,2.252532567581511e-06,729,
23,0.0014054107014089823,0.00022357232228387147,2.2280514713202138e-06,739,
23,,,,743,0.0013956945622339845
24,0.0013879926409572363,0.00022602065291721374,2.257540927530499e-06,749,
24,0.0013318287674337626,0.0002281076303916052,2.1761989046353847e-06,759,
24,0.0013405171921476722,0.00022569597058463842,2.2165618247527163e-06,769,
24,,,,774,0.00133716210257262
25,0.0013063102960586548,0.00020114483777433634,2.1716655282943975e-06,779,
25,0.0012284326367080212,0.00017968963948078454,2.0443530956981704e-06,789,
25,0.001309505314566195,0.00019784951291512698,2.2374761101673357e-06,799,
25,,,,805,0.001283009652979672
26,0.0012992125703021884,0.0001887753460323438,2.2137917312647915e-06,809,
26,0.0012601613998413086,0.00019055571465287358,2.083107801809092e-06,819,
26,0.0012097842991352081,0.00017379863129463047,1.957904942173627e-06,829,
26,,,,836,0.0012327571166679263
27,0.0012713148025795817,0.00017436638881918043,2.1939047201158246e-06,839,
27,0.00119981006719172,0.00015854639059398323,2.0796551325474866e-06,849,
27,0.0011735822772607207,0.00015967672516126186,1.933510020535323e-06,859,
27,,,,867,0.0011859945952892303
28,0.0012593313585966825,0.00018106657080352306,2.2192987216840265e-06,869,
28,0.0011837560450658202,0.00016213857452385128,1.994431841012556e-06,879,
28,0.0011941746342927217,0.00016024915385060012,2.0704883354483172e-06,889,
28,,,,898,0.0011423680698499084
29,0.0011190699879080057,0.00014844562974758446,1.9241440440964652e-06,899,
29,0.0011237612925469875,0.00014437008940149099,1.888163296825951e-06,909,
29,0.0011135796085000038,0.00014064546849112958,1.941138862093794e-06,919,
29,0.0007939358474686742,7.78071625973098e-05,6.288782383734315e-09,929,
29,,,,929,0.0011015725322067738
30,0.001119223772548139,0.000141134558361955,1.9839264950860525e-06,939,
30,0.0010715506505221128,0.0001349728845525533,1.8435036963637685e-06,949,
30,0.0010790328960865736,0.00012825622980017215,1.8159485080104787e-06,959,
30,,,,960,0.0010633452329784632
31,0.0010547325946390629,0.00012577294546645135,1.7913968122229562e-06,969,
31,0.0010392630938440561,0.00012176224117865786,1.8030731325779925e-06,979,
31,0.0010315764229744673,0.00011707605881383643,1.8183365000368212e-06,989,
31,,,,991,0.0010274627711623907
32,0.0009765750728547573,0.00011481594992801547,1.6607995121376007e-06,999,
32,0.0010003629140555859,0.00011606394400587305,1.8277939943800448e-06,1009,
32,0.0009705621050670743,0.00011525679292390123,1.6508751059518545e-06,1019,
32,,,,1022,0.0009937261929735541
33,0.000976590788923204,0.00011660969175864011,1.7120690927185933e-06,1029,
33,0.0009930970845744014,0.00011830700532300398,1.732826035549806e-06,1039,
33,0.0009736469364725053,0.00010992714669555426,1.6880194380064495e-06,1049,
33,,,,1053,0.0009619563934393227
34,0.0009580395999364555,0.00010990388545906171,1.706696139081032e-06,1059,
34,0.0009250667644664645,0.00010920679051196203,1.637858986214269e-06,1069,
34,0.0009282493265345693,0.00011058869131375104,1.6502319795108633e-06,1079,
34,,,,1084,0.0009319948148913682
35,0.0009127577650360763,0.00010065722744911909,1.6040124819483026e-06,1089,
35,0.0008680069586262107,9.35066127567552e-05,1.5108468005564646e-06,1099,
35,0.0009190567070618272,0.00010294821549905464,1.6895388625925989e-06,1109,
35,,,,1115,0.0009037014096975327
36,0.0009148537064902484,0.00010007528908317909,1.667569108576572e-06,1119,
36,0.0008948760223574936,0.0001003056313493289,1.564362605677161e-06,1129,
36,0.0008698395686224103,9.681961819296703e-05,1.4173978115650243e-06,1139,
36,,,,1146,0.0008769506821408868
37,0.0009013153612613678,9.439836139790714e-05,1.6389992651966168e-06,1149,
37,0.0008601483423262835,8.894735219655558e-05,1.5165328477451112e-06,1159,
37,0.0008476346265524626,9.112062252825126e-05,1.4104944057180546e-06,1169,
37,,,,1177,0.0008516410598531365
38,0.0009016083786264062,9.822170250117779e-05,1.663175794419658e-06,1179,
38,0.0008551206556148827,9.380438132211566e-05,1.4735774129803758e-06,1189,
38,0.000862216402310878,9.187265095533803e-05,1.533291310806817e-06,1199,
38,,,,1208,0.0008277016459032893
39,0.0008116955868899822,8.733876165933907e-05,1.3903298849982093e-06,1209,
39,0.0008226900245063007,8.74020261107944e-05,1.3710982784687076e-06,1219,
39,0.000812908576335758,8.536603854736313e-05,1.3985534224048024e-06,1229,
39,0.0006130875553935766,5.4296058806357905e-05,3.744298648911126e-09,1239,
39,,,,1239,0.0008050616015680134
40,0.0008141201105900109,8.44221212901175e-05,1.4560415593223297e-06,1249,
40,0.0007914738380350173,8.483884448651224e-05,1.3392050277616363e-06,1259,
40,0.0007999051595106721,8.039705426199362e-05,1.3039382338320138e-06,1269,
40,,,,1270,0.0007836451986804605
41,0.0007827073568478227,8.048473682720214e-05,1.293737227570091e-06,1279,
41,0.0007720550056546926,7.808028749423102e-05,1.2840516774303978e-06,1289,
41,0.0007675010128878057,7.479162741219625e-05,1.2932774779983447e-06,1299,
41,,,,1301,0.0007633710629306734
42,0.0007355117122642696,7.512295997003093e-05,1.1618492408160819e-06,1309,
42,0.0007463065558113158,7.387797086266801e-05,1.2869909369328525e-06,1319,
42,0.0007306702900677919,7.565972919110209e-05,1.162239982477331e-06,1329,
42,,,,1332,0.0007441588095389307
43,0.0007354865083470941,7.636643567821011e-05,1.2261466508789454e-06,1339,
43,0.0007473923033103347,7.615633512614295e-05,1.2322187785684946e-06,1349,
43,0.0007384706404991448,7.335253758355975e-05,1.206334218295524e-06,1359,
43,,,,1363,0.0007259364356286824
44,0.0007239088299684227,7.33714914531447e-05,1.1968534181505674e-06,1369,
44,0.0007005728548392653,7.152835314627737e-05,1.1500203527248232e-06,1379,
44,0.0007026069797575474,7.266995817190036e-05,1.1364548981873668e-06,1389,
44,,,,1394,0.0007086418336257339
45,0.0006957452278584242,6.749622843926772e-05,1.1085652431575e-06,1399,
45,0.000670112669467926,6.401116115739569e-05,1.0639010952218086e-06,1409,
45,0.0007014159928075969,7.06347927916795e-05,1.2003198435195372e-06,1419,
45,,,,1425,0.0006922170286998153
46,0.0006994270370341837,6.940596358617768e-05,1.1796817034337437e-06,1429,
46,0.0006893833633512259,6.759266398148611e-05,1.1163938324898481e-06,1439,
46,0.0006787957972846925,6.758796371286735e-05,9.973590522349696e-07,1449,
46,,,,1456,0.0006766027072444558
47,0.0006940095336176455,6.579076580237597e-05,1.1639054946499527e-06,1459,
47,0.0006688311696052551,6.299072992987931e-05,1.065334799932316e-06,1469,
47,0.0006628439878113568,6.43185485387221e-05,1.0053697678813478e-06,1479,
47,,,,1487,0.0006617456092499197
48,0.0006951150135137141,6.667380512226373e-05,1.1747570169973187e-06,1489,
48,0.0006665025721304119,6.605634553125128e-05,1.0525209290790372e-06,1499,
48,0.0006707757129333913,6.612421566387638e-05,1.0897787205976783e-06,1509,
48,,,,1518,0.0006475916597992182
49,0.0006357221282087266,6.29826172371395e-05,9.758127816894557e-07,1519,
49,0.0006493013352155685,6.237063644221053e-05,9.813525139179546e-07,1529,
49,0.0006379082333296537,6.079711238271557e-05,9.846589819062501e-07,1539,
49,0.0005143172456882894,3.7584723031613976e-05,2.8298450249764073e-09,1549,
49,,,,1549,0.0006340889958664775
50,0.0006368423346430063,6.0598937125178054e-05,1.033937564898224e-06,1559,
50,0.0006275135674513876,6.238946662051603e-05,9.589790579411783e-07,1569,
50,0.0006360320257954299,5.9037272876594216e-05,9.309429174209072e-07,1579,
50,,,,1580,0.0006211910513229668
51,0.0006232703453861177,5.8969239034922794e-05,9.338044151263603e-07,1589,
51,0.0006144133512862027,5.779910134151578e-05,9.1346998942754e-07,1599,
51,0.000612282135989517,5.433264232124202e-05,9.125348583438608e-07,1609,
51,,,,1611,0.0006088601076044142
52,0.0005951327621005476,5.475901343743317e-05,8.255305488091835e-07,1619,
52,0.0005960584967397153,5.4110449127620086e-05,8.966163704826613e-07,1629,
52,0.0005898831877857447,5.582632729783654e-05,8.260703339146858e-07,1639,
52,,,,1642,0.0005970668862573802
53,0.0005916275549679995,5.574444730882533e-05,8.825807071843883e-07,1649,
53,0.0006010626093484461,5.5714779591653496e-05,8.799099759926321e-07,1659,
53,0.0005967864999547601,5.5351218179566786e-05,8.7866811782078e-07,1669,
53,,,,1673,0.0005857841460965574
54,0.0005852690665051341,5.418408545665443e-05,8.499088153257617e-07,1679,
54,0.0005646327626891434,5.157668419997208e-05,8.144710363922059e-07,1689,
54,0.0005684519419446588,5.3565519920084625e-05,7.906910468591377e-07,1699,
54,,,,1704,0.0005749787669628859
55,0.0005651859100908041,5.028523810324259e-05,7.813004003764945e-07,1709,
55,0.0005495093064382672,4.841971895075403e-05,7.727442721261468e-07,1719,
55,0.0005699145840480924,5.310849519446492e-05,8.69528548719245e-07,1729,
55,,,,1735,0.0005646087229251862
56,0.0005693100392818451,5.1922601414844394e-05,8.488479465995624e-07,1739,
56,0.0005629827501252294,4.9985392251983285e-05,8.209448196794256e-07,1749,
56,0.000561665918212384,5.1396444177953526e-05,7.449882559740217e-07,1759,
56,,,,1766,0.0005546265747398138
57,0.0005683967028744519,5.0416863814461976e-05,8.50373851335462e-07,1769,
57,0.000551167584490031,4.753268149215728e-05,7.851382406443008e-07,1779,
57,0.000548799114767462,4.953836469212547e-05,7.611193950651796e-07,1789,
57,,,,1797,0.0005449902964755893
58,0.0005667366785928607,4.9705053243087605e-05,8.512996032550291e-07,1799,
58,0.0005488635506480932,4.995933340978809e-05,7.877928283051006e-07,1809,
58,0.0005505279405042529,5.1159750000806525e-05,8.111495048979123e-07,1819,
58,,,,1828,0.0005356687470339239
59,0.0005260662292130291,4.848238677368499e-05,7.242817900987575e-07,1829,
59,0.00053970399312675,4.7980622184695676e-05,7.523091198891052e-07,1839,
59,0.0005269436514936388,4.630201146937907e-05,7.387001232928014e-07,1849,
59,0.0004466120444703847,2.833105463651009e-05,2.678588018056871e-09,1859,
59,,,,1859,0.0005266378284431994
60,0.0005248917150311172,4.7071505832718685e-05,7.709249985055067e-07,1869,
60,0.0005220482125878334,4.9390528147341684e-05,7.299097433133284e-07,1879,
60,0.0005306037492118776,4.674479350796901e-05,7.166603950281569e-07,1889,
60,,,,1890,0.0005178748397156596
61,0.0005198318394832313,4.588997762766667e-05,7.250882845255546e-07,1899,
61,0.00051165372133255,4.582304245559499e-05,7.012363312242087e-07,1909,
61,0.000511565653141588,4.3230738810962066e-05,6.923905857547652e-07,1919,
61,,,,1921,0.000509355217218399
62,0.0005030379979871213,4.2813215259229764e-05,6.442277253881912e-07,1929,
62,0.0004975121701136231,4.213564170640893e-05,6.70754218390357e-07,1939,
62,0.0004967062268406153,4.47270977019798e-05,6.422923206628184e-07,1949,
62,,,,1952,0.0005010546301491559
63,0.0004959164652973413,4.3893229303648695e-05,6.85109625919722e-07,1959,
63,0.0005042076809331775,4.40069088654127e-05,6.804265808568744e-07,1969,
63,0.0004997692303732038,4.42319069406949e-05,6.989068310758739e-07,1979,
63,,,,1983,0.0004929510178044438
64,0.0004928157432004809,4.216284287394956e-05,6.60070952562819e-07,1989,
64,0.00047362915938720107,3.9821283280616626e-05,6.265956358220137e-07,1999,
64,0.000478676549391821,4.205846562399529e-05,6.07116533046792e-07,2009,
64,,,,2014,0.0004850330878980458
65,0.0004771770618390292,3.9981587178772315e-05,6.017825171511504e-07,2019,
65,0.00046603032387793064,3.892238237312995e-05,6.095037861086894e-07,2029,
65,0.00047945708502084017,4.325370900915004e-05,6.83216796915076e-07,2039,
65,,,,2045,0.00047729138168506324
66,0.0004809966776520014,4.1053084714803845e-05,6.568332651113451e-07,2049,
66,0.0004750142397824675,3.994303187937476e-05,6.564080763382663e-07,2059,
66,0.00047904805978760123,4.212437124806456e-05,6.125591198724578e-07,2069,
66,,,,2076,0.00046971134725026786
67,0.00048119889106601477,4.124533734284341e-05,6.728441803716123e-07,2079,
67,0.0004674585070461035,3.830108107649721e-05,6.344673693092773e-07,2089,
67,0.00046803196892142296,4.0431961679132655e-05,6.292442549238331e-07,2099,
67,,,,2107,0.0004622755805030465
68,0.00047637292300350964,3.943306364817545e-05,6.706337671857909e-07,2109,
68,0.0004655072116293013,4.015469676232897e-05,6.37731261576846e-07,2119,
68,0.0004638352256733924,4.249780613463372e-05,6.578279112545715e-07,2129,
68,,,,2138,0.0004549654549919069
69,0.00044675343087874353,3.950994141632691e-05,5.878557658434147e-07,2139,
69,0.0004591103352140635,3.908472353941761e-05,6.269313530538057e-07,2149,
69,0.0004460833442863077,3.764182110899128e-05,6.063059458938369e-07,2159,
69,0.00038698752177879214,2.436504109937232e-05,2.5336588382884884e-09,2169,
69,,,,2169,0.0004477667680475861
70,0.00044407189125195146,3.883977115037851e-05,6.181745106914605e-07,2179,
70,0.0004422222264111042,4.093850657227449e-05,5.988472935314348e-07,2189,
70,0.0004522429371718317,3.8628364563919604e-05,6.001414476486389e-07,2199,
70,,,,2200,0.00044066656846553087
71,0.00044147015432827175,3.784701038966887e-05,6.038243327566306e-07,2209,
71,0.000435634923633188,3.867938357871026e-05,5.852961635355314e-07,2219,
71,0.0004355035489425063,3.564128201105632e-05,5.676691898770514e-07,2229,
71,,,,2231,0.0004336574929766357
72,0.0004321788146626204,3.5671157093020156e-05,5.4618766398562e-07,2239,
72,0.00042421490070410073,3.514015770633705e-05,5.474317390508077e-07,2249,
72,0.0004272169608157128,3.78711374651175e-05,5.404594958235975e-07,2259,
72,,,,2262,0.00042674189899116755
73,0.00042144456529058516,3.652955638244748e-05,5.736208095186157e-07,2269,
73,0.00043058552546426654,3.7448338844114915e-05,5.699312737306172e-07,2279,
73,0.0004248442710377276,3.748960079974495e-05,5.960231419521733e-07,2289,
73,,,,2293,0.0004199444083496928
74,0.00042211226536892354,3.552635826054029e-05,5.598429311248765e-07,2299,
74,0.0004039847117383033,3.3572097891010344e-05,5.214029101807682e-07,2309,
74,0.000409185973694548,3.545024082995951e-05,5.125040161146899e-07,2319,
74,,,,2324,0.00041338981827721
75,0.0004083092208020389,3.4481916372897103e-05,5.015343162995123e-07,2329,
75,0.00039920059498399496,3.3874639484565705e-05,5.103375428916479e-07,2339,
75,0.00040768427425064147,3.669957732199691e-05,5.744718691857997e-07,2349,
75,,,,2355,0.0004072615993209183
76,0.0004104391555301845,3.5205823223805055e-05,5.401029170570837e-07,2359,
76,0.0004056237521581352,3.4398053685436025e-05,5.562161504713004e-07,2369,
76,0.00041372011764906347,3.64351253665518e-05,5.325604774952808e-07,2379,
76,,,,2386,0.0004012609424535185
77,0.0004103141836822033,3.615127207012847e-05,5.63637399864092e-07,2389,
77,0.0003986782976426184,3.312140324851498e-05,5.412107952906808e-07,2399,
77,0.00040117677417583764,3.4111086279153824e-05,5.452180289466924e-07,2409,
77,,,,2417,0.0003947757068090141
78,0.00040414879913441837,3.3469223126303405e-05,5.64490107990423e-07,2419,
78,0.0003976963344030082,3.484740955173038e-05,5.410944368122728e-07,2429,
78,0.000394649978261441,3.682579335873015e-05,5.655652444147563e-07,2439,
78,,,,2448,0.0003882366872858256
79,0.00038145986036397517,3.470918090897612e-05,5.029375529375102e-07,2449,
79,0.0003923760959878564,3.4549575502751395e-05,5.443870350063662e-07,2459,
79,0.0003804327570833266,3.2356321753468364e-05,5.243434202384378e-07,2469,
79,0.00033700012136250734,2.3568114556837827e-05,2.2669222055071714e-09,2479,
79,,,,2479,0.00038212668732739985
80,0.0003807780740316957,3.404659582884051e-05,5.200473651711945e-07,2489,
80,0.00037564054946415126,3.4766919270623475e-05,5.118683361615695e-07,2499,
80,0.00038736191345378757,3.3972497476497665e-05,5.246532737146481e-07,2509,
80,,,,2510,0.000376505107851699
81,0.0003768180904444307,3.439659485593438e-05,5.175663204681769e-07,2519,
81,0.0003722009714692831,3.3373115002177656e-05,5.098561928207346e-07,2529,
81,0.00037383794551715255,3.146782910334878e-05,4.85736620703392e-07,2539,
81,,,,2541,0.0003715462808031589
82,0.0003724928537849337,3.192955409758724e-05,4.789213221556565e-07,2549,
82,0.0003650871803984046,2.9864842872484587e-05,4.6945388021413237e-07,2559,
82,0.0003708453441504389,3.310012834845111e-05,4.7222880539266043e-07,2569,
82,,,,2572,0.0003674052422866225
83,0.0003564347862266004,3.2162657589651644e-05,4.971212774762535e-07,2579,
83,0.000370338442735374,3.322707925690338e-05,4.958760655426886e-07,2589,
83,0.0003626162651926279,3.251157613703981e-05,5.216330123403168e-07,2599,
83,,,,2603,0.00036332287709228694
84,0.000361247337423265,3.118268068647012e-05,4.936778736919223e-07,2609,
84,0.0003457820857875049,2.9070650271023624e-05,4.5172515683589154e-07,2619,
84,0.00035269808722659945,3.111511250608601e-05,4.543501290754648e-07,2629,
84,,,,2634,0.0003577448660507798
85,0.00035245466278865933,3.061510142288171e-05,4.3397730564720405e-07,2639,
85,0.00034276166115887463,3.001369441335555e-05,4.399849728997651e-07,2649,
85,0.0003496164863463491,3.2607287721475586e-05,4.971309408574598e-07,2659,
85,,,,2665,0.00035206525353714824
86,0.0003556738665793091,3.138887041131966e-05,4.616659623479791e-07,2669,
86,0.00034470271202735603,3.096353975706734e-05,4.853590098718996e-07,2679,
86,0.00035437330370768905,3.265733175794594e-05,4.689643446909031e-07,2689,
86,,,,2696,0.0003470478404778987
87,0.0003572675050236285,3.2725511118769646e-05,4.878179993283993e-07,2699,
87,0.0003395329986233264,3.0085171601967886e-05,4.7219367615980445e-07,2709,
87,0.0003466556954663247,3.014451067429036e-05,4.800054966835887e-07,2719,
87,,,,2727,0.00034228115691803396
88,0.00034760567359626293,2.957503056677524e-05,4.911887003800075e-07,2729,
88,0.0003414841485209763,3.156634920742363e-05,4.68564365974089e-07,2739,
88,0.0003365989832673222,3.3025742595782503e-05,4.988131081518077e-07,2749,
88,,,,2758,0.00033804395934566855
89,0.0003310221363790333,3.124354043393396e-05,4.4030647927684186e-07,2759,
89,0.00033627470838837326,3.1322750146500766e-05,4.777596700478171e-07,2769,
89,0.000326819543261081,2.8767026378773153e-05,4.6232705130933027e-07,2779,
89,0.0002818414068315178,2.211455830547493e-05,2.0088222196790184e-09,2789,
89,,,,2789,0.0003349645994603634
90,0.0003283937694504857,3.108157397946343e-05,4.5051879737911804e-07,2799,
90,0.0003238729841541499,3.13146119879093e-05,4.4590930770027626e-07,2809,
90,0.0003338534734211862,3.149571057292633e-05,4.659352157432295e-07,2819,
90,,,,2820,0.0003321061667520553
91,0.000324643449857831,3.1554754968965426e-05,4.5012740201855195e-07,2829,
91,0.00032008608104661107,2.925373519246932e-05,4.485752356231387e-07,2839,
91,0.00032252154778689146,2.859932828869205e-05,4.2463369709366816e-07,2849,
91,,,,2851,0.00032816032762639225
92,0.00032709367224015296,2.9874505344196223e-05,4.2629565655261104e-07,2859,
92,0.0003156679158564657,2.7547148420126177e-05,4.1187485066984664e-07,2869,
92,0.0003235188196413219,3.1070430850377306e-05,4.1828300822999154e-07,2879,
92,,,,2882,0.0003247539571020752
93,0.00030814544879831374,2.9512752007576637e-05,4.371619297671714e-07,2889,
93,0.0003195720782969147,2.9902044843765907e-05,4.37773849171208e-07,2899,
93,0.0003140862099826336,2.969141314679291e-05,4.62427209413363e-07,2909,
93,,,,2913,0.0003219234349671751
94,0.00031254172790795565,2.9685024856007658e-05,4.4066206328352564e-07,2919,
94,0.0003001496661454439,2.7041765861213207e-05,3.9820366737330914e-07,2929,
94,0.0003062134492211044,2.98089344141772e-05,4.0843414694791136e-07,2939,
94,,,,2944,0.0003192356671206653
95,0.0003075315908063203,2.8425944037735462e-05,3.7800512586727564e-07,2949,
95,0.0002984963357448578,2.7535095796338283e-05,3.8202318819458014e-07,2959,
95,0.00030333883478306234,3.0059234632062726e-05,4.353290989911329e-07,2969,
95,,,,2975,0.000316368299536407
96,0.0003094597486779094,2.9646738767041825e-05,4.018031631858321e-07,2979,
96,0.00030078476993367076,2.9170842026360333e-05,4.2665865862545616e-07,2989,
96,0.0003059410082641989,3.0426792363869026e-05,4.1260327066083846e-07,2999,
96,,,,3006,0.00031316609238274395
97,0.0003228287387173623,3.24119464494288e-05,4.289455830530642e-07,3009,
97,0.0002974790404550731,2.8485881557571702e-05,4.1158645558425633e-07,3019,
97,0.00030214193975552917,2.810890509863384e-05,4.241317697051272e-07,3029,
97,,,,3037,0.00030975640402175486
98,0.00030099425930529833,2.7924616006202996e-05,4.3032008534282795e-07,3039,
98,0.0002990123466588557,3.0185474315658212e-05,4.0723227812122786e-07,3049,
98,0.00029118999373167753,3.0722658266313374e-05,4.415598198193038e-07,3059,
98,,,,3068,0.0003062829782720655
99,0.00029931889730505645,2.9795230148010887e-05,3.8738943430871586e-07,3069,
99,0.00029021635418757796,2.9464372346410528e-05,4.187718900539039e-07,3079,
99,0.0002854622434824705,2.7609732569544576e-05,4.085354134986119e-07,3089,
99,0.000244486698647961,2.2317650291370228e-05,1.8635268883571143e-09,3099,
99,,,,3099,0.00030276327743195
100,0.0002873942139558494,2.835956729541067e-05,3.9405594520758314e-07,3109,
100,0.00028196402126923203,2.8888520319014788e-05,3.9347639813058777e-07,3119,
100,0.0002916146768257022,2.8903390557388775e-05,4.1232667058466177e-07,3129,
100,,,,3130,0.000299155741231516
101,0.00028628166182897985,2.9796106900903396e-05,3.9315006006290787e-07,3139,
101,0.00027834632783196867,2.7183505153516307e-05,3.9418432606908027e-07,3149,
101,0.0002831001183949411,2.7261396098765545e-05,3.740212264347065e-07,3159,
101,,,,3161,0.000295425474178046
102,0.0002900967956520617,2.8124224627390504e-05,3.7924709772596543e-07,3169,
102,0.0002766220713965595,2.5712803108035587e-05,3.6381885593073093e-07,3179,
102,0.0002855525817722082,2.8716083761537448e-05,3.705705182710517e-07,3189,
102,,,,3192,0.00029153694049455225
103,0.00027590279933065176,2.8229860618012026e-05,3.8521827150361787e-07,3199,
103,0.0002779396891128272,2.8554926757351495e-05,3.876987761941564e-07,3209,
103,0.0002745403617154807,2.793090789054986e-05,4.102780906123371e-07,3219,
103,,,,3223,0.0002874181664083153
104,0.0002734710869845003,2.7916727049159817e-05,3.9429451703654195e-07,3229,
104,0.0002626761852297932,2.585133734100964e-05,3.5427424904810323e-07,3239,
104,0.0002659528108779341,2.782834962999914e-05,3.655076170616667e-07,3249,
104,,,,3254,0.00028294214280322194
105,0.0002703967329580337,2.781009789032396e-05,3.317062464702758e-07,3259,
105,0.0002582605229690671,2.6080078896484338e-05,3.3375968655491306e-07,3269,
105,0.0002633236872497946,2.817484528350178e-05,3.8151000580910477e-07,3279,
105,,,,3285,0.0002779435890261084
106,0.0002647913934197277,2.8254293283680454e-05,3.5498302963787864e-07,3289,
106,0.0002601223241072148,2.7307081836625002e-05,3.764881739698467e-07,3299,
106,0.00026305735809728503,2.8609871151275e-05,3.621583175572596e-07,3309,
106,,,,3316,0.0002723316429182887
107,0.0002787942357826978,3.115560321020894e-05,3.793994380885124e-07,3319,
107,0.00025842245668172836,2.7413625502958894e-05,3.586769423691294e-07,3329,
107,0.0002620537707116455,2.6291038011549972e-05,3.7592789681184513e-07,3339,
107,,,,3347,0.0002664545609150082
108,0.0002554993552621454,2.6798346880241297e-05,3.787094726703799e-07,3349,
108,0.0002584546455182135,2.8673155611613765e-05,3.544399760357919e-07,3359,
108,0.000252015219302848,2.913680873461999e-05,3.921578866084019e-07,3369,
108,,,,3378,0.0002613651449792087
109,0.0002536964020691812,2.7866175514645875e-05,3.4436516216374e-07,3379,
109,0.0002510744088795036,2.8815380574087612e-05,3.6747329090758285e-07,3389,
109,0.00025031407130882144,2.5945826564566232e-05,3.6140212955615425e-07,3399,
109,0.00021105626365169883,1.9924897060263902e-05,1.8400031498444491e-09,3409,
109,,,,3409,0.00025768886553123593
110,0.00024514159304089844,2.6837446057470515e-05,3.477435939203133e-07,3419,
110,0.00024248099362012,2.828135620802641e-05,3.4950051031046314e-07,3429,
110,0.0002515546220820397,2.777477857307531e-05,3.673205810628133e-07,3439,
110,,,,3440,0.0002547355543356389
111,0.000244676077272743,3.080345049966127e-05,3.4682830118981656e-07,3449,
111,0.0002393656614003703,2.5974139134632424e-05,3.4778310009642155e-07,3459,
111,0.00024271670554298908,2.5584144168533385e-05,3.331465165956615e-07,3469,
111,,,,3471,0.0002520193811506033
112,0.00024967038189060986,2.729409607127309e-05,3.380960720278381e-07,3479,
112,0.00023885598056949675,2.527802462282125e-05,3.256530476392072e-07,3489,
112,0.0002473518834449351,2.790926919260528e-05,3.2980781838887196e-07,3499,
112,,,,3502,0.0002492049534339458
113,0.00023335524019785225,3.0502636946039274e-05,3.4003659266090835e-07,3509,
113,0.00023810040147509426,2.7807347578345798e-05,3.4587975505928625e-07,3519,
113,0.000235800223890692,2.6216715923510492e-05,3.644727257778868e-07,3529,
113,,,,3533,0.000246170413447544
114,0.00024102551105897874,2.8821075829910114e-05,3.541982209753769e-07,3539,
114,0.0002264586219098419,2.72188972303411e-05,3.177422911448957e-07,3549,
114,0.0002284147049067542,2.6399464331916533e-05,3.282173963725654e-07,3559,
114,,,,3564,0.0002428827719995752
115,0.00022514422016683966,2.6471232558833435e-05,2.941905847819726e-07,3569,
115,0.0002213148691225797,2.5026314688147977e-05,2.92684092073614e-07,3579,
115,0.00022435994469560683,2.6825984605238773e-05,3.3765843454602873e-07,3589,
115,,,,3595,0.0002393382164882496
116,0.00023344012151937932,3.085607022512704e-05,3.1832453828428697e-07,3599,
116,0.0002229660312877968,3.1974032026482746e-05,3.3326301718261675e-07,3609,
116,0.0002260064793517813,2.745401616266463e-05,3.184818808676937e-07,3619,
116,,,,3626,0.00023553241044282913
117,0.00023529541795141995,2.9708215151913464e-05,3.387271760857402e-07,3629,
117,0.00021941907471045852,2.5555782485753298e-05,3.1384635690301366e-07,3639,
117,0.00022353552049025893,2.5978382836910896e-05,3.3316712233499857e-07,3649,
117,,,,3657,0.00023144118313211948
118,0.0002208463120041415,2.680087163753342e-05,3.357652360591601e-07,3659,
118,0.0002210061065852642,3.233219467801973e-05,3.10102791445388e-07,3669,
118,0.0002157598064513877,2.7463678634376265e-05,3.4798725323526014e-07,3679,
118,,,,3688,0.000227011478273198
119,0.00022013660054653883,2.890166433644481e-05,3.071511684993311e-07,3689,
119,0.00021142192417755723,2.8326991014182568e-05,3.2401473504251044e-07,3699,
119,0.00021337816724553704,2.5730772904353216e-05,3.203730045697739e-07,3709,
119,0.0001781382889021188,1.8153630662709475e-05,1.9171302323428563e-09,3719,
119,,,,3719,0.00022218114463612437
120,0.0002078862307826057,2.8952110369573347e-05,3.081059674059361e-07,3729,
120,0.00020664175099227577,2.7180283723282628e-05,3.1295678581955144e-07,3739,
120,0.00021411379566416144,2.643594598339405e-05,3.279341171946726e-07,3749,
120,,,,3750,0.00021694634051527828
121,0.00020690019300673157,2.993955058627762e-05,3.0725328770131455e-07,3759,
121,0.00020437700732145458,2.674949610081967e-05,3.062465623315802e-07,3769,
121,0.00020785651577170938,2.4847788154147565e-05,3.0002701123521547e-07,3779,
121,,,,3781,0.00021143397316336632
122,0.00021109105728100985,2.6843981686397456e-05,3.020390124675032e-07,3789,
122,0.00019965936371590942,2.323551416338887e-05,2.905424594246142e-07,3799,
122,0.0002093902585329488,2.659177152963821e-05,2.9602765039271617e-07,3809,
122,,,,3812,0.00020608512568287551
123,0.00020082195987924933,2.7397709345677868e-05,3.000745323333831e-07,3819,
123,0.00020081228285562247,2.699417200346943e-05,3.0876114465172577e-07,3829,
123,0.00020027198479510844,2.4745686459937133e-05,3.2377451475440466e-07,3839,
123,,,,3843,0.00020156630489509553
124,0.00020229490473866463,2.6126133889192715e-05,3.169888032061863e-07,3849,
124,0.0001892239088192582,2.2850055756862275e-05,2.863754673398944e-07,3859,
124,0.00019154552137479186,2.4931319785537198e-05,2.9354123398661613e-07,3869,
124,,,,3874,0.00019784396863542497
125,0.0001881976641016081,2.3780736228218302e-05,2.6257819740749255e-07,3879,
125,0.0001871658896561712,2.4292383386637084e-05,2.586788241387694e-07,3889,
125,0.00018754450138658285,2.5147301130346023e-05,3.0018134111742256e-07,3899,
125,,,,3905,0.0001940095389727503
126,0.00019345768669154495,2.5270152036682703e-05,2.8770483595508267e-07,3909,
126,0.0001884541125036776,2.423312071186956e-05,2.962603389278229e-07,3919,
126,0.00018765668210107833,2.572298217273783e-05,2.8142733299318934e-07,3929,
126,,,,3936,0.0001897651527542621
127,0.00019328590133227408,2.6134090148843825e-05,3.039851605990407e-07,3939,
127,0.0001869744446594268,2.4356375433853827e-05,2.7625770826489315e-07,3949,
127,0.00018844568694476038,2.4476839826093055e-05,2.973768573610869e-07,3959,
127,,,,3967,0.00018560139869805425
128,0.0001833270798670128,2.339279672014527e-05,2.9704358439630596e-07,3969,
128,0.0001817674346966669,2.464670433255378e-05,2.742682170264743e-07,3979,
128,0.00017950579058378935,2.510393096599728e-05,3.099311527421378e-07,3989,
128,,,,3998,0.00018250718130730093
129,0.00017621389997657388,2.522110298741609e-05,2.743879576883046e-07,3999,
129,0.0001781411119736731,2.4988563382066786e-05,2.884245589029888e-07,4009,
129,0.00018038199050351977,2.3424159735441208e-05,2.8463864509831183e-07,4019,
129,0.00014560700219590217,1.8508726498112082e-05,2.0228114738785052e-09,4029,
129,,,,4029,0.00018114197882823646
130,0.00017188326455652714,2.716709605010692e-05,2.741720948051807e-07,4039,
130,0.00017355452291667461,2.5513858417980373e-05,2.808816361721256e-07,4049,
130,0.0001810593530535698,2.6682837415137328e-05,2.9336112561395566e-07,4059,
130,,,,4060,0.00018034220556728542
131,0.00017344619845971465,2.5909574105753563e-05,2.7409981839809916e-07,4069,
131,0.00017398627824150026,2.548884367570281e-05,2.7043219574807154e-07,4079,
131,0.00017451502208132297,2.3726315703243017e-05,2.699889876112138e-07,4089,
131,,,,4091,0.00017938330711331218
132,0.00017604688764549792,2.872972072509583e-05,2.6963024879478326e-07,4099,
132,0.00016871164552867413,2.512160972401034e-05,2.587613607829553e-07,4109,
132,0.00017455656779929996,2.502575625840109e-05,2.6569827582534344e-07,4119,
132,,,,4122,0.00017624605970922858
133,0.00016919551126193255,2.880934698623605e-05,2.651517547747062e-07,4129,
133,0.00016660064284224063,2.408643194939941e-05,2.7453609163785586e-07,4139,
133,0.00016703424626030028,2.3968275854713283e-05,2.8632402404582535e-07,4149,
133,,,,4153,0.00016984659305308014
134,0.00016559549840167165,2.4609120373497717e-05,2.8125180051574716e-07,4159,
134,0.00016058470646385103,2.270141339977272e-05,2.5683178250801575e-07,4169,
134,0.00016015143773984164,2.3786205929354765e-05,2.6210454961983487e-07,4179,
134,,,,4184,0.00016625043645035475
135,0.0001569778542034328,2.3774960936862044e-05,2.3336021115483163e-07,4189,
135,0.00015618598263245076,2.285974915139377e-05,2.2896126949945028e-07,4199,
135,0.00015565016656182706,2.3604934540344402e-05,2.6671011710277526e-07,4209,
135,,,,4215,0.00016429460083600134
136,0.00016436293662991375,2.8213593395776115e-05,2.598952448806813e-07,4219,
136,0.00015638612967450172,2.263687929371372e-05,2.625417891977122e-07,4229,
136,0.00015790670295245945,2.4381972252740525e-05,2.4866218950592156e-07,4239,
136,,,,4246,0.0001601889234734699
137,0.00016086768300738186,2.4888033294701017e-05,2.7297755877953023e-07,4249,
137,0.0001581053074914962,2.4897593903006054e-05,2.439471700199647e-07,4259,
137,0.00015628871915396303,2.3624284949619323e-05,2.644288485953439e-07,4269,
137,,,,4277,0.0001550389570184052
138,0.00015399337280541658,2.4070290237432346e-05,2.614097525110992e-07,4279,
138,0.0001512531453045085,2.3745982616674155e-05,2.422263776225009e-07,4289,
138,0.0001512607850600034,2.319141640327871e-05,2.7575433136917127e-07,4299,
138,,,,4308,0.0001517401688033715
139,0.00014757334429305047,2.356496042921208e-05,2.4564110390201677e-07,4309,
139,0.0001479714992456138,2.3355329176411033e-05,2.573972039954242e-07,4319,
139,0.00014948859461583197,2.1849520635441877e-05,2.522286877137958e-07,4329,
139,0.00011770769924623892,1.8175565855926834e-05,2.1164261454487132e-09,4339,
139,,,,4339,0.0001494197204010561
140,0.0001410647964803502,2.4771312382654287e-05,2.4552377908548806e-07,4349,
140,0.00014382443623617291,2.3274349587154575e-05,2.513921231184213e-07,4359,
140,0.00015021811123006046,2.4022192519623786e-05,2.6329320235163323e-07,4369,
140,,,,4370,0.00014728165115229785
141,0.00014495220966637135,2.4131546524586156e-05,2.466861701577727e-07,4379,
141,0.0001428890973329544,2.2522910512634553e-05,2.383763302304942e-07,4389,
141,0.00014219500008039176,2.1110403395141475e-05,2.4185806068999227e-07,4399,
141,,,,4401,0.00014527241000905633
142,0.00014418123464565724,2.5242294213967398e-05,2.4114302732414217e-07,4409,
142,0.00013723316078539938,2.179671537305694e-05,2.3150354877543577e-07,4419,
142,0.00014427615678869188,2.2978822016739286e-05,2.386144331012474e-07,4429,
142,,,,4432,0.0001433471479685977
143,0.00013706304889637977,2.7578009394346736e-05,2.3645336000299721e-07,4439,
143,0.0001377228181809187,2.249864519399125e-05,2.4556294420108316e-07,4449,
143,0.00013844766363035887,2.190414488723036e-05,2.55371105595259e-07,4459,
143,,,,4463,0.00014152406947687268
144,0.00013883064093533903,2.2735732272849418e-05,2.5258637492697744e-07,4469,
144,0.00013273298100102693,2.4205945010180585e-05,2.3228788847973192e-07,4479,
144,0.00013249080802779645,2.171967935282737e-05,2.3644076918571955e-07,4489,
144,,,,4494,0.00013885994849260896
145,0.0001291557855438441,2.609234616102185e-05,2.107245222759957e-07,4499,
145,0.00013033481081947684,2.5634590201661922e-05,2.0575589587679133e-07,4509,
145,0.00012932554818689823,2.230373866041191e-05,2.396707259322284e-07,4519,
145,,,,4525,0.0001342432660749182
146,0.0001343370822723955,2.5938399630831555e-05,2.3548608396595228e-07,4529,
146,0.00013078944175504148,2.0967159798601642e-05,2.3588832220866607e-07,4539,
146,0.00012919752043671906,2.0850793589488603e-05,2.2219646211851796e-07,4549,
146,,,,4556,0.00013167057477403432
147,0.00013332370144780725,2.2054357032175176e-05,2.465881721036567e-07,4559,
147,0.00012908533972222358,1.999724372581113e-05,2.1822769724622049e-07,4569,
147,0.0001265768223674968,2.0286568542360328e-05,2.368396110341564e-07,4579,
147,,,,4587,0.00013137515634298325
148,0.00013073945592623204,2.032167321885936e-05,2.327201258367495e-07,4589,
148,0.00012601727212313563,2.0279945601942018e-05,2.1726098964336416e-07,4599,
148,0.00012825202429667115,2.050407238129992e-05,2.4805737552924256e-07,4609,
148,,,,4618,0.00013266054156702012
149,0.00012995641736779362,2.157914605049882e-05,2.2274807065514324e-07,4619,
149,0.00012456787226255983,2.1872028810321353e-05,2.325646590861652e-07,4629,
149,0.00012513874389696866,2.096628122671973e-05,2.2632114848875062e-07,4639,
149,9.876433614408597e-05,1.800394784368109e-05,2.23622653727773e-09,4649,
149,,,,4649,0.00013340193254407495
150,0.00012024959869449958,2.6472134777577594e-05,2.233045250932264e-07,4659,
150,0.00011993328371318057,2.0450263036764227e-05,2.2922991149698646e-07,4669,
150,0.0001256816613022238,2.041311381617561e-05,2.3954470407261397e-07,4679,
150,,,,4680,0.00013055023737251759
151,0.00012542532931547612,2.2496160454466008e-05,2.2522075937558839e-07,4689,
151,0.00011897723015863448,1.8745826309896074e-05,2.1423065277303976e-07,4699,
151,0.00011862911924254149,1.8289147192263044e-05,2.1991179721680965e-07,4709,
151,,,,4711,0.00012259908544365317
152,0.00011903005361091346,1.8636725144460797e-05,2.1890811296998436e-07,4719,
152,0.00011444753181422129,1.8575765352579765e-05,2.111242594082796e-07,4729,
152,0.0001195149525301531,1.9509277990437113e-05,2.1656718729445856e-07,4739,
152,,,,4742,0.00012044984759995714
153,0.00011620564328040928,1.9299312043585815e-05,2.142180619557621e-07,4749,
153,0.00011525221634656191,1.881595017039217e-05,2.228693745109922e-07,4759,
153,0.00011693976557580754,1.8340606402489357e-05,2.310399196403523e-07,4769,
153,,,,4773,0.00012358627282083035
154,0.00011923760757781565,2.1204456061241217e-05,2.2979328662131593e-07,4779,
154,0.0001133546611526981,2.032779411820229e-05,2.1284243700847583e-07,4789,
154,0.00011332504072925076,1.9966739273513667e-05,2.1587754872598452e-07,4799,
154,,,,4804,0.00012025753676425666
155,0.00011341958452248946,2.0275490896892734e-05,1.93611583654274e-07,4809,
155,0.00011303395876893774,2.0690040400950238e-05,1.888781326897515e-07,4819,
155,0.00011012521281372756,1.864820660557598e-05,2.1880069311919215e-07,4829,
155,,,,4835,0.00011664485646178946
156,0.00012227152183186263,2.368775130889844e-05,2.1792999405079172e-07,4839,
156,0.00011543225991772488,2.0135414160904475e-05,2.1572363095856417e-07,4849,
156,0.00011185163020854816,1.9550943761714734e-05,2.0191852456719062e-07,4859,
156,,,,4866,0.00011469607125036418
157,0.00011463207192718983,2.3026041162665933e-05,2.278952422329894e-07,4869,
157,0.00011049425665987656,1.767736284818966e-05,1.992226401625885e-07,4879,
157,0.00010787117207655683,1.7799457054934464e-05,2.1622587098590884e-07,4889,
157,,,,4897,0.00011272979463683441
158,0.00011565489694476128,2.0517914890660904e-05,2.117143935720378e-07,4899,
158,0.0001104981274693273,1.8643915609573014e-05,1.9803268003215635e-07,4909,
158,0.00011129979247925803,1.853636968007777e-05,2.25994696734233e-07,4919,
158,,,,4928,0.00011123409058200195
159,0.0001087390846805647,1.9779943613684736e-05,2.0611111040125252e-07,4929,
159,0.00010786360508063808,1.903502743516583e-05,2.1281203999024e-07,4939,
159,0.00010820745956152678,1.8403863577987067e-05,2.0628407071399124e-07,4949,
159,8.628932846477255e-05,1.8424105292069726e-05,2.3251276459745895e-09,4959,
159,,,,4959,0.00010941569053102285
160,0.00010490244312677532,1.8260410797665827e-05,2.0612448281553952e-07,4969,
160,0.00010430788825033233,1.7600514183868654e-05,2.1244593995106698e-07,4979,
160,0.00010755943367257714,1.749745752022136e-05,2.2127075283151498e-07,4989,
160,,,,4990,0.00010771637607831508
161,0.00010680337436497211,1.787478686310351e-05,2.095036677474127e-07,4999,
161,0.00010292130900779739,1.7332646166323684e-05,1.9585105803798797e-07,5009,
161,0.00010267805919284001,1.684108610788826e-05,2.0385002130751673e-07,5019,
161,,,,5021,0.00010598577500786632
162,0.00010511772416066378,1.6444091670564376e-05,2.0274583789614553e-07,5029,
162,0.00010067607945529744,1.635986518522259e-05,1.9552909691356035e-07,5039,
162,0.00010343511530663818,1.6432231859653257e-05,2.0003373890631337e-07,5049,
162,,,,5052,0.00010459583427291363
163,0.0001000917618512176,1.6329226127709262e-05,1.9809995421837812e-07,5059,
163,0.00010113078315043822,1.7182383089675568e-05,2.050214789051097e-07,5069,
163,0.00010236314847134054,1.658162727835588e-05,2.1227653235200705e-07,5079,
163,,,,5083,0.00010367256618337706
164,0.00010355182166676968,1.7302400010521524e-05,2.1223556245786313e-07,5089,
164,9.845269960351288e-05,1.5545259884675033e-05,1.9744972235002933e-07,5099,
164,9.742301335791126e-05,1.5641970094293356e-05,1.995529856912981e-07,5109,
164,,,,5114,0.00010335609113099054
165,0.00010143813415197656,1.7324757209280506e-05,1.7955218822862662e-07,5119,
165,9.685198165243492e-05,1.64739594765706e-05,1.7638082283610856e-07,5129,
165,9.563509229337797e-05,1.6233374481089413e-05,2.0195270167278068e-07,5139,
165,,,,5145,0.00010334530816180632
166,0.00010412863048259169,1.7439475413993932e-05,2.0387003019095573e-07,5149,
166,9.79868127615191e-05,1.6755257092881948e-05,2.0016025814584282e-07,5159,
166,9.570689871907234e-05,1.6000507457647473e-05,1.8693886261189618e-07,5169,
166,,,,5176,0.00010292917431797832
167,0.0001018760958686471,1.8546843421063386e-05,2.1407524286587432e-07,5179,
167,9.660205978434533e-05,1.577901821292471e-05,1.8443103044774034e-07,5189,
167,9.450442303204909e-05,1.5009979506430682e-05,2.011925488432098e-07,5199,
167,,,,5207,0.00010191299952566624
168,0.00010251158528262749,1.79896924237255e-05,1.9526439132278028e-07,5209,
168,9.539512393530458e-05,1.7701697288430296e-05,1.8345220098581194e-07,5219,
168,9.680471703177318e-05,1.6339543435606174e-05,2.095024598247619e-07,5229,
168,,,,5238,0.00010075548925669864
169,9.858140401775017e-05,1.6278912880807184e-05,1.9333370460117294e-07,5239,
169,9.539155144011602e-05,1.7547978131915443e-05,1.9876661383477767e-07,5249,
169,9.338111703982577e-05,1.4194824871083256e-05,1.912465279474418e-07,5259,
169,7.80237460276112e-05,1.530358895251993e-05,2.3949735528105975e-09,5269,
169,,,,5269,9.964873606804758e-05
170,9.035925904754549e-05,1.533530121378135e-05,1.9330389022798045e-07,5279,
170,9.181803034152836e-05,1.5682542652939446e-05,1.9852693355915108e-07,5289,
170,9.428087651031092e-05,1.5444828022737056e-05,2.0827398827805155e-07,5299,
170,,,,5300,9.853780647972599e-05
171,9.416214743396267e-05,1.8371940313954838e-05,1.9781468552082515e-07,5309,
171,9.055127884494141e-05,1.4304886462923605e-05,1.8296853454558004e-07,5319,
171,9.067026985576376e-05,1.36355856739101e-05,1.9195329059584765e-07,5329,
171,,,,5331,9.742630936671048e-05
172,9.384487202623859e-05,1.5653296941309236e-05,1.9025158337626635e-07,5339,
172,8.804307435639203e-05,1.50352279888466e-05,1.840412835463212e-07,5349,
172,9.153000428341329e-05,1.4702912267239299e-05,1.8780949062602303e-07,5359,
172,,,,5362,9.636137110646814e-05
173,8.932004129746929e-05,1.5153811546042562e-05,1.8655227052022383e-07,5369,
173,8.821634401101619e-05,1.4608463970944285e-05,1.9167123355146032e-07,5379,
173,8.955365046858788e-05,1.4109723451838363e-05,1.9849174748287624e-07,5389,
173,,,,5393,9.529937233310193e-05
174,9.640934877097607e-05,1.8792112314258702e-05,1.9894432057299127e-07,5399,
174,8.87477581272833e-05,1.4928383279766422e-05,1.862155301068924e-07,5409,
174,8.680081373313442e-05,1.4217929674487095e-05,1.8747329022517079e-07,5419,
174,,,,5424,9.423303708899766e-05
175,9.625541133573279e-05,1.6823816622490995e-05,1.697015221679976e-07,5429,
175,8.592857921030372e-05,1.5725587218184955e-05,1.678751999634187e-07,5439,
175,8.551246719434857e-05,1.3828766896040179e-05,1.895400600915309e-07,5449,
175,,,,5455,9.323066478827968e-05
176,9.632443106966093e-05,1.5850890122237615e-05,1.9374874682398513e-07,5459,
176,8.83729662746191e-05,1.4309868674899917e-05,1.8945137014725333e-07,5469,
176,8.534238440915942e-05,1.4066422409086954e-05,1.7629163551191596e-07,5479,
176,,,,5486,9.227052942151204e-05
177,9.131264232564718e-05,1.5839783372939564e-05,2.0370347897369356e-07,5489,
177,8.696989243617281e-05,1.5561492546112277e-05,1.7445373146074417e-07,5499,
177,8.448069274891168e-05,1.3198557098803576e-05,1.899585697628936e-07,5509,
177,,,,5517,9.13410258363001e-05
178,9.310291352448985e-05,1.479797992942622e-05,1.8417750879962114e-07,5519,
178,8.723286737222224e-05,1.6242367564700544e-05,1.7351939618492906e-07,5529,
178,8.595568942837417e-05,1.3569777365773916e-05,1.9707336207375192e-07,5539,
178,,,,5548,9.048241190612316e-05
179,8.868720033206046e-05,1.4663863112218678e-05,1.849356010552583e-07,5549,
179,8.856840577209368e-05,1.4771512724109925e-05,1.8851432059818762e-07,5559,
179,8.389398135477677e-05,1.2672079719777685e-05,1.804143465733432e-07,5569,
179,7.160546374507248e-05,1.274048463528743e-05,2.4368385087569777e-09,5579,
179,,,,5579,8.970060298452154e-05
180,8.199719013646245e-05,1.422174864273984e-05,1.839046888107987e-07,5589,
180,8.187825733330101e-05,1.359422367386287e-05,1.8888273700667924e-07,5599,
180,8.50243159220554e-05,1.3689864317711908e-05,1.9917536064895103e-07,5609,
180,,,,5610,8.90254887053743e-05
181,8.62232263898477e-05,1.5798343156347983e-05,1.894890999665222e-07,5619,
181,8.14279483165592e-05,1.38792047437164e-05,1.7368118676586164e-07,5629,
181,8.189146319637075e-05,1.21728453450487e-05,1.834128937616697e-07,5639,
181,,,,5641,8.849963342072442e-05
182,8.831884042592719e-05,1.3805940398015082e-05,1.8105666299561562e-07,5649,
182,8.027991862036288e-05,1.3624662642541807e-05,1.7585445277745748e-07,5659,
182,8.306579547934234e-05,1.2905445146316197e-05,1.7930854312453448e-07,5669,
182,,,,5672,8.814013563096523e-05
183,8.189126674551517e-05,1.4613472558266949e-05,1.780513514404447e-07,5679,
183,8.025011629797518e-05,1.3040698831900954e-05,1.823682538315552e-07,5689,
183,8.109056216198951e-05,1.2744006198772695e-05,1.887059255523127e-07,5699,
183,,,,5703,8.794330642558634e-05
184,8.6281455878634e-05,1.6643665730953217e-05,1.8967189419072383e-07,5709,
184,8.142544538713992e-05,1.4964672118367162e-05,1.782301666253261e-07,5719,
184,7.875240407884121e-05,1.2563587915792596e-05,1.7873367141874041e-07,5729,
184,,,,5734,8.778626943239942e-05
185,9.1808098659385e-05,1.615737346583046e-05,1.626095524898119e-07,5739,
185,7.863869541324675e-05,1.500959388067713e-05,1.6185336448870657e-07,5749,
185,7.781470048939809e-05,1.2224350939504802e-05,1.8083323993778322e-07,5759,
185,,,,5765,8.732624701224267e-05
186,9.381464042235166e-05,1.5194777006399818e-05,1.8640760401922307e-07,5769,
186,8.187742787413299e-05,1.3421681615000125e-05,1.8187884620601835e-07,5779,
186,7.848086534067988e-05,1.2782537851308007e-05,1.6899159049899026e-07,5789,
186,,,,5796,8.625071495771408e-05
187,8.422839891863987e-05,1.4390444448508788e-05,1.9609538526310644e-07,5799,
187,7.946120604174212e-05,1.4524622201861348e-05,1.6738135855121072e-07,5809,
187,7.745675247861072e-05,1.2015249012620188e-05,1.8192838524555555e-07,5819,
187,,,,5827,8.484076533932239e-05
188,8.626399358035997e-05,1.3772715647064615e-05,1.7603942126243055e-07,5829,
188,7.968697900651023e-05,1.4987043869041372e-05,1.6634437827178772e-07,5839,
188,7.811774412402883e-05,1.2208128282509279e-05,1.8802974466325395e-07,5849,
188,,,,5858,8.369854185730219e-05
189,8.211193926399574e-05,1.3907912943977863e-05,1.7886142700263008e-07,5859,
189,8.153755334205925e-05,1.3238975043350365e-05,1.8141086854939203e-07,5869,
189,7.674688822589815e-05,1.1583090781641658e-05,1.7288135722992592e-07,5879,
189,6.718331860611215e-05,1.1289767826383468e-05,2.4715072211023426e-09,5889,
189,,,,5889,8.29382479423657e-05
190,7.555321644758806e-05,1.3088171726849396e-05,1.772814357536845e-07,5899,
190,7.500947685912251e-05,1.2234867426741403e-05,1.817334407405724e-07,5909,
190,7.800803723512217e-05,1.2283705473237205e-05,1.926352695136302e-07,5919,
190,,,,5920,8.238207374233752e-05
191,7.853341958252713e-05,1.4505622857541312e-05,1.8360510978254752e-07,5929,
191,7.471765275113285e-05,1.2676619007834233e-05,1.670186264846052e-07,5939,
191,7.533048483310267e-05,1.0983741049130913e-05,1.771306727960109e-07,5949,
191,,,,5951,8.201913442462683e-05
192,8.141619036905468e-05,1.2887423508800566e-05,1.7419021958176018e-07,5959,
192,7.386870856862515e-05,1.2235531357873697e-05,1.7009199382300721e-07,5969,
192,7.624118006788194e-05,1.1680676834657788e-05,1.7322940948361065e-07,5979,
192,,,,5982,8.188498031813651e-05
193,7.639838440809399e-05,1.3067226063867565e-05,1.7225208637228206e-07,5989,
193,7.370445382548496e-05,1.1917573829123285e-05,1.7565952248332906e-07,5999,
193,7.45136640034616e-05,1.1501188964757603e-05,1.8161772175062652e-07,6009,
193,,,,6013,8.189565414795652e-05
194,7.864653161959723e-05,1.5423040167661384e-05,1.83264830866392e-07,6019,
194,7.453648868249729e-05,1.3940462849859614e-05,1.7247192829472624e-07,6029,
194,7.265742897288874e-05,1.1382951015548315e-05,1.725277911646117e-07,6039,
194,,,,6044,8.186684863176197e-05
195,8.58202256495133e-05,1.5849484043428674e-05,1.5769523997732904e-07,6049,
195,7.291272049769759e-05,1.3868469977751374e-05,1.576804322667158e-07,6059,
195,7.147175347199664e-05,1.101522138924338e-05,1.7480783753853757e-07,6069,
195,,,,6075,8.149890345521271e-05
196,8.834085747366771e-05,1.440811320208013e-05,1.8107658661392634e-07,6079,
196,7.58850947022438e-05,1.2280591363378335e-05,1.7683727548956085e-07,6089,
196,7.256207027239725e-05,1.1451506907178555e-05,1.6413780201673944e-07,6099,
196,,,,6106,8.052399061853066e-05
197,7.821028702892363e-05,1.3171337741368916e-05,1.9077739921158354e-07,6109,
197,7.314496906474233e-05,1.2832031643483788e-05,1.6246548284470919e-07,6119,
197,7.142098911572248e-05,1.0880764421017375e-05,1.763643950880578e-07,6129,
197,,,,6137,7.917398761492223e-05
198,7.993651524884626e-05,1.3453240171656944e-05,1.7001201513267006e-07,6139,
198,7.352552347583696e-05,1.3416407455224544e-05,1.612399813666343e-07,6149,
198,7.203298446256667e-05,1.1076920600316953e-05,1.8172018201312312e-07,6159,
198,,,,6168,7.801633910275996e-05
199,7.651379564777017e-05,1.2927077477797866e-05,1.7466784640873811e-07,6169,
199,7.524182001361623e-05,1.2124431123083923e-05,1.7662553375430434e-07,6179,
199,7.078290218487382e-05,1.0474351256561931e-05,1.678437797636434e-07,6189,
199,6.349378963932395e-05,1.011066615319578e-05,2.5012263371593235e-09,6199,
199,,,,6199,7.722565351286903e-05
200,7.018374162726104e-05,1.1708529200404882e-05,1.727228919889967e-07,6209,
200,6.948375812498853e-05,1.1133263797091786e-05,1.7663528240063897e-07,6219,
200,7.208480383269489e-05,1.1141588402097113e-05,1.8811519453265646e-07,6229,
200,,,,6230,7.657538662897423e-05
201,7.203646964626387e-05,1.2855016393586993e-05,1.7960029197183758e-07,6239,
201,6.931690586498007e-05,1.0997930985467974e-05,1.623498491198916e-07,6249,
201,6.983384082559496e-05,1.0005289368564263e-05,1.7249195138901996e-07,6259,
201,,,,6261,7.593425834784284e-05
202,7.466224633390084e-05,1.179060109279817e-05,1.694107822913793e-07,6269,
202,6.840834976173937e-05,1.0690783710742835e-05,1.6624923659946944e-07,6279,
202,7.028025720501319e-05,1.0859598660317715e-05,1.688958093382098e-07,6289,
202,,,,6292,7.527414709329605e-05
203,7.006084342719987e-05,1.1467972399259452e-05,1.682762302834817e-07,6299,
203,6.82539030094631e-05,1.1478481610538438e-05,1.7101403670949367e-07,6309,
203,6.893915997352451e-05,1.0702402505557984e-05,1.7675144192708103e-07,6319,
203,,,,6323,7.454105070792139e-05
204,7.311099034268409e-05,1.3039272744208574e-05,1.7921253459007858e-07,6329,
204,6.834106898168102e-05,1.1766405805246904e-05,1.685624653191553e-07,6339,
204,6.674793257843703e-05,1.0362818102294113e-05,1.6822242798752995e-07,6349,
204,,,,6354,7.370027742581442e-05
205,7.639660179847851e-05,1.3002836567466147e-05,1.5471105996311962e-07,6359,
205,6.763947021681815e-05,1.0827212463482283e-05,1.5498140726322163e-07,6369,
205,6.651908915955573e-05,1.0192666195507627e-05,1.7090053461288335e-07,6379,
205,,,,6385,7.280904537765309e-05
206,7.554855983471498e-05,1.3152597603038885e-05,1.770349342677946e-07,6389,
206,6.912001117598265e-05,1.2030282050545793e-05,1.7364686755172443e-07,6399,
206,6.69634755467996e-05,1.0784549886011519e-05,1.609276552017036e-07,6409,
206,,,,6416,7.208354509202763e-05
207,7.158339576562867e-05,1.2771145520673599e-05,1.8738887774816249e-07,6419,
207,6.749699241481721e-05,1.110172706830781e-05,1.589714031524636e-07,6429,
207,6.55173062114045e-05,9.95142363535706e-06,1.7251663564366027e-07,6439,
207,,,,6447,7.184644346125424e-05
208,7.2216906119138e-05,1.1466489922895562e-05,1.6564516158723563e-07,6449,
208,6.764478166587651e-05,1.115837130782893e-05,1.5771223615956842e-07,6459,
208,6.757391383871436e-05,1.0223687240795698e-05,1.776275979636921e-07,6469,
208,,,,6478,7.202269625850022e-05
209,7.054748857626691e-05,1.136917944677407e-05,1.719389501886326e-07,6479,
209,6.920755549799651e-05,1.2577716915984638e-05,1.7350210157474066e-07,6489,
209,6.495628622360528e-05,9.85947008302901e-06,1.6473167363528773e-07,6499,
209,6.0482576373033226e-05,9.327399311587214e-06,2.532791976150861e-09,6509,
209,,,,6509,7.204142457339913e-05
210,6.507262878585607e-05,1.0749973625934217e-05,1.6971156924228126e-07,6519,
210,6.508739170385525e-05,1.017357953969622e-05,1.7303703714333096e-07,6529,
210,6.707697320962325e-05,1.0313347956980579e-05,1.850674067327418e-07,6539,
210,,,,6540,7.196197111625224e-05
211,6.738784577464685e-05,1.0938382729364093e-05,1.7726375745041878e-07,6549,
211,6.415671668946743e-05,9.706986929813866e-06,1.5912037554244307e-07,6559,
211,6.451643275795504e-05,9.302453690906987e-06,1.6882472664292436e-07,6569,
211,,,,6571,7.197543163783848e-05
212,6.921712338225916e-05,1.242510825250065e-05,1.664239164256287e-07,6579,
212,6.412361835828051e-05,1.0207915693172254e-05,1.638659341551829e-07,6589,
212,6.511695391964167e-05,9.964805940398946e-06,1.6570194816267758e-07,6599,
212,,,,6602,7.18692535883747e-05
213,6.568908429471776e-05,1.25093156384537e-05,1.6532069935237814e-07,6609,
213,6.361756095429882e-05,1.020730360323796e-05,1.6785652690032293e-07,6619,
213,6.439944263547659e-05,9.594042239768896e-06,1.7374618721532897e-07,6629,
213,,,,6633,7.162595284171402e-05
214,7.270633795997128e-05,1.3196106010582298e-05,1.7643661465172045e-07,6639,
214,6.495652633020654e-05,9.801441592571791e-06,1.6582485784510936e-07,6649,
214,6.27631088718772e-05,9.518371371086687e-06,1.6562188420721213e-07,6659,
214,,,,6664,7.130088488338515e-05
215,7.368317892542109e-05,1.1871647075167857e-05,1.5254757101956784e-07,6669,
215,6.312647747108713e-05,1.0385942914581392e-05,1.5314078893879923e-07,6679,
215,6.223579839570448e-05,9.150508958555292e-06,1.6850285078362504e-07,6689,
215,,,,6695,7.099779759300873e-05
216,7.145799463614821e-05,1.2095511010556947e-05,1.7470394197971473e-07,6699,
216,6.499889423139393e-05,1.1191436897206586e-05,1.718473470191384e-07,6709,
216,6.241949449758977e-05,9.577678611094598e-06,1.588962419418749e-07,6719,
216,,,,6726,7.06494101905264e-05
217,6.982562626944855e-05,1.2305016753089149e-05,1.8593233619412786e-07,6729,
217,6.446837505791336e-05,1.0087641385325696e-05,1.5726216417988326e-07,6739,
217,6.233815656742081e-05,9.191359822580125e-06,1.701800300679679e-07,6749,
217,,,,6757,7.022043428150937e-05
218,6.902413588250056e-05,1.1638199794106185e-05,1.6337787656084402e-07,6759,
218,6.347019370878115e-05,1.1923719284823164e-05,1.5563216493319487e-07,6769,
218,6.300033419393003e-05,9.312252586823888e-06,1.7439452904000063e-07,6779,
218,,,,6788,6.976690201554447e-05
219,6.843746086815372e-05,1.0482746802153997e-05,1.705060128642799e-07,6789,
219,6.51678055874072e-05,1.3875141121388879e-05,1.7202529534188216e-07,6799,
219,6.205372483236715e-05,8.778088158578612e-06,1.6297231297812687e-07,6809,
219,5.8172452554572374e-05,8.629082003608346e-06,2.5569146799853115e-09,6819,
219,,,,6819,6.936808495083824e-05
220,6.209213461261243e-05,1.1096131856902502e-05,1.6817840275962226e-07,6829,
220,6.180266791488975e-05,9.418785339221358e-06,1.7090795267904468e-07,6839,
220,6.281586684053764e-05,9.554290045343805e-06,1.8353392761127907e-07,6849,
220,,,,6850,6.89785010763444e-05
221,6.361494160955772e-05,1.0392901458544657e-05,1.7624415704631247e-07,6859,
221,6.0634625697275624e-05,9.397667781740893e-06,1.5735440683783963e-07,6869,
221,6.120397301856428e-05,8.684865861141589e-06,1.6705438099506864e-07,6879,
221,,,,6881,6.853337254142389e-05
222,6.468807259807363e-05,1.2641381545108743e-05,1.6470596619910793e-07,6889,
222,6.060992745915428e-05,9.508989933237899e-06,1.6294237070724193e-07,6899,
222,6.179280171636492e-05,9.24544201552635e-06,1.6411929948390025e-07,6909,
222,,,,6912,6.805352313676849e-05
223,6.346639565890655e-05,1.3650322216562927e-05,1.6376148437302618e-07,6919,
223,5.9956233599223197e-05,9.34595209400868e-06,1.6628524690531776e-07,6929,
223,6.0756185121135786e-05,9.007816515804734e-06,1.7219427661530062e-07,6939,
223,,,,6943,6.761699478374794e-05
224,6.905094778630883e-05,1.3257391401566565e-05,1.7573317734331795e-07,6949,
224,6.155411392683163e-05,9.433887498744298e-06,1.648143808097302e-07,6959,
224,5.8966674259863794e-05,8.975637683761306e-06,1.6432889538009476e-07,6969,
224,,,,6974,6.720730743836612e-05
225,6.72490568831563e-05,1.0873252904275432e-05,1.522457750979811e-07,6979,
225,5.895931099075824e-05,1.0471434507053345e-05,1.5265659669694287e-07,6989,
225,5.905193029320799e-05,8.632478966319468e-06,1.6774222899584856e-07,6999,
225,,,,7005,6.676074553979561e-05
226,6.646132533205673e-05,1.2219878044561483e-05,1.7369001170663978e-07,7009,
226,6.0649672377621755e-05,1.116362454922637e-05,1.711841122187252e-07,7019,
226,5.894269634154625e-05,8.993464689410757e-06,1.5830640620606573e-07,7029,
226,,,,7036,6.627895345445722e-05
227,6.565656076418236e-05,1.3896205928176641e-05,1.85584340783862e-07,7039,
227,6.115472933743149e-05,9.612472240405623e-06,1.566727121371514e-07,7049,
227,5.864648483111523e-05,8.5022475104779e-06,1.697236626796439e-07,7059,
227,,,,7067,6.584573566215113e-05
228,6.493512773886323e-05,1.2613338185474277e-05,1.619577147948803e-07,7069,
228,5.974166560918093e-05,1.0622324225550983e-05,1.549775561215938e-07,7079,
228,5.942245843471028e-05,8.848996003507636e-06,1.7315406353191065e-07,7089,
228,,,,7098,6.546629447257146e-05
229,6.415419920813292e-05,1.0158807526750024e-05,1.7026245302531606e-07,7099,
229,6.1019589338684455e-05,1.2554922250274103e-05,1.7171220179079683e-07,7109,
229,5.848121509188786e-05,8.285513104056008e-06,1.622802301426418e-07,7119,
229,5.476485603139736e-05,8.135094503813889e-06,2.587657199626392e-09,7129,
229,,,,7129,6.504545308416709e-05
230,5.903737837797962e-05,1.1110717423434835e-05,1.6803134883502935e-07,7139,
230,5.819878788315691e-05,8.52730681799585e-06,1.703685796883292e-07,7149,
230,5.903279088670388e-05,8.991048161988147e-06,1.8350742436723522e-07,7159,
230,,,,7160,6.457547715399414e-05
231,5.977087130304426e-05,9.630650311009958e-06,1.766820503235067e-07,7169,
231,5.716278974432498e-05,8.538807378499769e-06,1.5688110011069512e-07,7179,
231,5.7709068641997874e-05,8.093677934084553e-06,1.66689758884786e-07,7189,
231,,,,7191,6.418882549041882e-05
232,6.064505214453675e-05,1.0754644790722523e-05,1.6453284956696734e-07,7199,
232,5.7427350839134306e-05,9.411715836904477e-06,1.6321322959811368e-07,7209,
232,5.7953624491347e-05,8.81153937370982e-06,1.637936577481014e-07,7219,
232,,,,7222,6.39088757452555e-05
233,6.172103894641623e-05,1.2541738215077203e-05,1.636503554891533e-07,7229,
233,5.646248609991744e-05,9.238450729753822e-06,1.660882134046915e-07,7239,
233,5.6945631513372064e-05,8.818481546768453e-06,1.7199992896621552e-07,7249,
233,,,,7253,6.357188249239698e-05
234,6.616643076995388e-05,1.3156372006051242e-05,1.7658226170169655e-07,7259,
234,5.794532989966683e-05,8.787837032286916e-06,1.6501739708019159e-07,7269,
234,5.556976611842401e-05,8.394174074055627e-06,1.6426444915396132e-07,7279,
234,,,,7284,6.317064253380522e-05
235,6.286492134677246e-05,1.0199283678957727e-05,1.5297975153316656e-07,7289,
235,5.556879477808252e-05,9.545487955620047e-06,1.5336462411141838e-07,7299,
235,5.546370448428206e-05,8.065879228524864e-06,1.6834580662816734e-07,7309,
235,,,,7315,6.291143654379994e-05
236,6.158689211588353e-05,1.0801555617945269e-05,1.739989841098577e-07,7319,
236,5.8115660067414865e-05,1.1325092600600328e-05,1.7177970335069404e-07,7329,
236,5.5372922361129895e-05,8.94417826202698e-06,1.589942115742815e-07,7339,
236,,,,7346,6.277751526795328e-05
237,6.262597162276506e-05,1.3970869076729286e-05,1.866372087988566e-07,7349,
237,5.921308184042573e-05,1.074699503078591e-05,1.5729401070530002e-07,7359,
237,5.5848715419415385e-05,8.590239303885028e-06,1.7064461133031728e-07,7369,
237,,,,7377,6.274499901337549e-05
238,6.533771374961361e-05,1.5299521692213602e-05,1.6188123197480309e-07,7379,
238,5.707305535906926e-05,9.846818102232646e-06,1.555726356627929e-07,7389,
238,5.6498269259463996e-05,8.619107575214002e-06,1.734037056166926e-07,7399,
238,,,,7408,6.413570372387767e-05
239,6.28107663942501e-05,1.1525211448315531e-05,1.7138297891960974e-07,7409,
239,5.8213030570186675e-05,9.315328497905284e-06,1.7276936148391542e-07,7419,
239,5.65277696296107e-05,9.272829629480839e-06,1.6270465152956604e-07,7429,
239,5.144056194694713e-05,7.409544195979834e-06,2.6295208233051426e-09,7439,
239,,,,7439,8.042585250223055e-05
240,5.460081956698559e-05,8.263847121270373e-06,1.690194721959415e-07,7449,
240,5.7616161939222366e-05,9.869708264886867e-06,1.7084796866129182e-07,7459,
240,5.7123306760331616e-05,9.101833711611107e-06,1.851900606197887e-07,7469,
240,,,,7470,5.9238769608782604e-05
241,5.502997737494297e-05,8.426790373050608e-06,1.786689693972221e-07,7479,
241,5.356082328944467e-05,7.261824976012576e-06,1.5781708384565718e-07,7489,
241,5.450949174701236e-05,7.426028787449468e-06,1.6777978828486084e-07,7499,
241,,,,7501,6.285080598900095e-05
242,6.368430331349373e-05,1.230626367032528e-05,1.657562762602538e-07,7509,
242,5.438100197352469e-05,7.805805580574088e-06,1.6476404596232896e-07,7519,
242,5.433412661659531e-05,7.94204697740497e-06,1.6446377060219675e-07,7529,
242,,,,7532,5.868091466254555e-05
243,5.40064720553346e-05,7.651946361875162e-06,1.6466624686017894e-07,7539,
243,5.3458730690181255e-05,7.62513673180365e-06,1.6696725424480974e-07,7549,
243,5.405898264143616e-05,7.723527232883498e-06,1.730799823462803e-07,7559,
243,,,,7563,6.456429400714114e-05
244,6.354739161906764e-05,1.0535485671425704e-05,1.7854179645837576e-07,7569,
244,5.8465073379920796e-05,8.198784598789643e-06,1.6627478771624737e-07,7579,
244,5.322666038409807e-05,7.872024980315473e-06,1.6545699565995164e-07,7589,
244,,,,7594,6.173226574901491e-05
245,6.063530236133374e-05,9.757480256666895e-06,1.5422973831391573e-07,7599,
245,5.380523725762032e-05,7.708471457590349e-06,1.5431098177032254e-07,7609,
245,5.2659645007224753e-05,7.370629646175075e-06,1.7009860187044978e-07,7619,
245,,,,7625,6.076567660784349e-05
246,6.196447066031396e-05,1.0460534213052597e-05,1.755757068622188e-07,7629,
246,5.4879677918506786e-05,8.427995453530457e-06,1.7314002320745203e-07,7639,
246,5.3179443057160825e-05,7.700155947532039e-06,1.604893355988679e-07,7649,
246,,,,7656,6.16280158283189e-05
247,5.8687834098236635e-05,8.76909962244099e-06,1.8830409942438564e-07,7659,
247,5.5969616369111463e-05,7.78357843955746e-06,1.588272482422326e-07,7669,
247,5.299702752381563e-05,7.591775556647917e-06,1.7245969274881645e-07,7679,
247,,,,7687,6.240013317437842e-05
248,5.9456724557094276e-05,9.747931471792981e-06,1.6283223658319912e-07,7689,
248,5.6044591474346817e-05,8.883170266926754e-06,1.5691584565047378e-07,7699,
248,5.39509164809715e-05,7.694119631196372e-06,1.7463219137425767e-07,7709,
248,,,,7718,5.8955178246833384e-05
249,5.78251710976474e-05,8.989622983790468e-06,1.732117880237638e-07,7719,
249,5.473869896377437e-05,8.210115993279032e-06,1.7459430523558694e-07,7729,
249,5.201594831305556e-05,7.356247351708589e-06,1.6418249515481875e-07,7739,
249,4.9652488087303936e-05,6.761669737898046e-06,2.671713295043787e-09,7749,
249,,,,7749,5.927468737354502e-05
250,5.184298788663e-05,7.983002433320507e-06,1.7101211824410711e-07,7759,
250,5.153276288183406e-05,7.44666749596945e-06,1.7269078966819507e-07,7769,
250,5.2977182349422947e-05,7.634224857611116e-06,1.8685378222471627e-07,7779,
250,,,,7780,5.950832201051526e-05
251,5.5287986469920725e-05,8.648081347928382e-06,1.8106941013229516e-07,7789,
251,5.241732287686318e-05,7.025864761089906e-06,1.5920318219286855e-07,7799,
251,5.2618051995523274e-05,7.717032531218138e-06,1.6924911960813915e-07,7809,
251,,,,7811,5.825555490446277e-05
252,5.6311560911126435e-05,9.229144779965281e-06,1.6769192257015675e-07,7819,
252,5.215091005084105e-05,8.367930604435969e-06,1.6704838401437883e-07,7829,
252,5.298661199049093e-05,9.34740364755271e-06,1.6623785370484256e-07,7839,
252,,,,7842,5.629625957226381e-05
253,5.272361158858985e-05,9.131245860771742e-06,1.664319597693975e-07,7849,
253,5.1431696192594245e-05,9.123964446189348e-06,1.6879600650554494e-07,7859,
253,5.1370065193623304e-05,8.435973541054409e-06,1.751376572656227e-07,7869,
253,,,,7873,5.546607280848548e-05
254,5.606402919511311e-05,9.954191227734555e-06,1.8143461488762114e-07,7879,
254,5.2346716984175146e-05,8.082320164248813e-06,1.683492314441537e-07,7889,
254,5.040736505179666e-05,7.38124072086066e-06,1.6720323969821038e-07,7899,
254,,,,7904,5.523465006262995e-05
255,5.58466199436225e-05,9.901634257403202e-06,1.566234573147085e-07,7909,
255,4.987108695786446e-05,7.877027201175224e-06,1.5703332678640436e-07,7919,
255,5.046308069722727e-05,7.857525815779809e-06,1.7275533537031151e-07,7929,
255,,,,7935,5.822460661875084e-05
256,5.6252643844345585e-05,1.1307616659905761e-05,1.778668234919678e-07,7939,
256,5.311820495990105e-05,1.2373649042274337e-05,1.7555156262005767e-07,7949,
256,5.137448533787392e-05,1.0323945389245637e-05,1.6324160867497994e-07,7959,
256,,,,7966,7.227637252071872e-05
257,5.859043085365556e-05,1.5567022273899056e-05,1.9111401172722253e-07,7969,
257,5.6203032727353275e-05,1.030566909321351e-05,1.6181883211174863e-07,7979,
257,5.251406037132256e-05,9.940423296939116e-06,1.7563037602030818e-07,7989,
257,,,,7997,5.659111775457859e-05
258,5.907795639359392e-05,9.461347872274928e-06,1.656009089856525e-07,7999,
258,5.049720493843779e-05,7.298796390386997e-06,1.5895940919108398e-07,8009,
258,5.0690625357674435e-05,6.855346782685956e-06,1.7629744775149447e-07,8019,
258,,,,8028,5.3792558901477605e-05
259,5.255348514765501e-05,9.490386219113134e-06,1.757812810865289e-07,8029,
259,5.374749525799416e-05,9.724542906042188e-06,1.773527742443548e-07,8039,
259,4.9189820856554434e-05,6.621555712627014e-06,1.6644629852180515e-07,8049,
259,4.5858119847252965e-05,6.069394203223055e-06,2.733248516406661e-09,8059,
259,,,,8059,5.449323361972347e-05
260,4.897929829894565e-05,6.601350378332427e-06,1.7388582307376055e-07,8069,
260,4.894973608315922e-05,6.76038416713709e-06,1.748862104022919e-07,8079,
260,5.089767728350125e-05,7.239389560709242e-06,1.898589090387759e-07,8089,
260,,,,8090,5.871941175428219e-05
261,5.357258123694919e-05,8.008894837985281e-06,1.8467763140961324e-07,8099,
261,5.0687973271124065e-05,6.525611297547584e-06,1.6152208104358579e-07,8109,
261,5.068868995294906e-05,7.128685865609441e-06,1.716894502123978e-07,8119,
261,,,,8121,5.875502392882481e-05
262,5.604224497801624e-05,9.075726666196715e-06,1.7048154177246033e-07,8129,
262,5.0119313527829945e-05,6.7544024204835296e-06,1.699672651511719e-07,8139,
262,4.982071914128028e-05,6.833177849330241e-06,1.6842754746448918e-07,8149,
262,,,,8152,5.824797335662879e-05
263,5.0523616664577276e-05,7.388529866148019e-06,1.6895238275083102e-07,8159,
263,4.909301787847653e-05,6.8860413193760905e-06,1.7096880355893518e-07,8169,
263,4.9234975449508056e-05,6.977064458624227e-06,1.7782537042876356e-07,8179,
263,,,,8183,5.5704484111629426e-05
264,5.362261799746193e-05,7.726128387730569e-06,1.8486102248971292e-07,8189,
264,5.0233407819177955e-05,6.752951776434202e-06,1.7115638684117584e-07,8199,
264,4.800763781531714e-05,6.6734751271724235e-06,1.6989793039101642e-07,8209,
264,,,,8214,5.82544926146511e-05
265,5.98280385020189e-05,9.845602107816376e-06,1.5960299037942605e-07,8219,
265,4.984796032658778e-05,7.401101811410626e-06,1.5962123711688037e-07,8229,
265,4.846757656196132e-05,6.5308336161251646e-06,1.7601293222924141e-07,8239,
265,,,,8245,6.159941403893754e-05
266,5.9013342252001166e-05,9.919288459059317e-06,1.8108156041307666e-07,8249,
266,5.036382935941219e-05,7.87056160334032e-06,1.788840791050461e-07,8259,
266,4.83300827909261e-05,7.2838056439650245e-06,1.6606357178261533e-07,8269,
266,,,,8276,6.048109207767993e-05
267,5.462103945319541e-05,9.986920304072555e-06,1.9456363986591896e-07,8279,
267,5.256595977698453e-05,9.243525710189715e-06,1.6460765550618817e-07,8289,
267,4.777537105837837e-05,7.547794211859582e-06,1.7891504455747054e-07,8299,
267,,,,8307,5.2742791012860835e-05
268,5.201144085731357e-05,1.2992773918085732e-05,1.6735990016059077e-07,8309,
268,4.8583220632281154e-05,9.409638551005628e-06,1.617483178506518e-07,8319,
268,4.886147507932037e-05,7.076096608216176e-06,1.7996718781887466e-07,8329,
268,,,,8338,5.612452150671743e-05
269,5.480126856127754e-05,8.39178483147407e-06,1.79841578074047e-07,8339,
269,5.089243859401904e-05,7.519409791711951e-06,1.811085184044714e-07,8349,
269,4.768579310621135e-05,6.678030331386253e-06,1.6965489635367703e-07,8359,
269,4.6202891098801047e-05,5.492140189744532e-06,2.792108988458608e-09,8369,
269,,,,8369,5.669544043485075e-05
270,4.763673132401891e-05,6.979045338084688e-06,1.772837805447125e-07,8379,
270,4.715757677331567e-05,6.780835519748507e-06,1.7823123243942973e-07,8389,
270,4.884760346612893e-05,7.019004897301784e-06,1.9357780445261596e-07,8399,
270,,,,8400,5.728346513933502e-05
271,5.2132625569356605e-05,8.441575118922628e-06,1.8873598151003534e-07,8409,
271,4.953045936417766e-05,6.632202257605968e-06,1.6479543774039485e-07,8419,
271,4.877192623098381e-05,6.712939011777053e-06,1.7499942828180792e-07,8429,
271,,,,8431,6.130889232736081e-05
272,6.0110698541393504e-05,1.1543554137460887e-05,1.7442428656977427e-07,8439,
272,4.972277019987814e-05,6.786664926039521e-06,1.737885639840897e-07,8449,
272,4.9204576498596e-05,7.233331416500732e-06,1.7165604049296235e-07,8459,
272,,,,8462,5.107280594529584e-05
273,4.7990281018428504e-05,7.10726817487739e-06,1.7255072748412204e-07,8469,
273,4.6611388825112954e-05,7.256269782374147e-06,1.745076190218242e-07,8479,
273,4.683887891587801e-05,6.6119655457441695e-06,1.8150704761410452e-07,8489,
273,,,,8493,5.411172242020257e-05
274,5.5575917940586805e-05,8.774269190325867e-06,1.8913749499915866e-07,8499,
274,4.821637048735283e-05,6.798214599257335e-06,1.7477763947226777e-07,8509,
274,4.584626367432065e-05,6.2664548750035465e-06,1.7317904621449998e-07,8519,
274,,,,8524,5.5844426242401823e-05
275,5.578014679485932e-05,9.265138942282647e-06,1.6293172677706025e-07,8529,
275,4.7333993279607967e-05,6.884039521537488e-06,1.6314879758283496e-07,8539,
275,4.663396975956857e-05,6.2189037635107525e-06,1.799321722728564e-07,8549,
275,,,,8555,5.633023101836443e-05
276,5.3781062888447195e-05,8.988535228127148e-06,1.8478156960100023e-07,8559,
276,4.7679219278506935e-05,7.020923931122525e-06,1.8269783197411016e-07,8569,
276,4.602408444043249e-05,6.8443218879110646e-06,1.699139033917163e-07,8579,
276,,,,8586,5.78069593757391e-05
277,5.154045720701106e-05,8.997750228445511e-06,1.9873790790825296e-07,8589,
277,4.983202961739153e-05,8.247536243288778e-06,1.6830119875521632e-07,8599,
277,4.5750042772851884e-05,6.2349727159016766e-06,1.8309378901903983e-07,8609,
277,,,,8617,5.077133027953096e-05
278,5.203191904001869e-05,8.002860340639018e-06,1.7090492576699035e-07,8619,
278,4.637187521439046e-05,6.686927463306347e-06,1.6500482047376863e-07,8629,
278,4.631830597645603e-05,6.112244591349736e-06,1.8343779117913073e-07,8639,
278,,,,8648,5.337910624803044e-05
279,5.212286123423837e-05,6.996433057793183e-06,1.8405462753889879e-07,8649,
279,4.867885581916198e-05,6.565866442542756e-06,1.8529379985920968e-07,8659,
279,4.531915328698233e-05,5.922289346926846e-06,1.7339483804335032e-07,8669,
279,4.381651524454355e-05,5.17093531016144e-06,2.866252346578335e-09,8679,
279,,,,8679,5.394413892645389e-05
280,4.602953413268551e-05,6.343981112877373e-06,1.8144612567994045e-07,8689,
280,4.543602335616015e-05,6.140256573416991e-06,1.819539505731882e-07,8699,
280,4.747200000565499e-05,6.6384404817654286e-06,1.9786217819728336e-07,8709,
280,,,,8710,5.6533972383476794e-05
281,5.1510640332708135e-05,7.790954441588838e-06,1.9353561242496653e-07,8719,
281,4.893496588920243e-05,6.110147751314798e-06,1.685253465666392e-07,8729,
281,4.699932105722837e-05,6.2765002439846285e-06,1.787135488484637e-07,8739,
281,,,,8741,5.5584085203008726e-05
282,5.598970165010542e-05,9.307938853453379e-06,1.7847150957095437e-07,8749,
282,4.6445715270238e-05,6.338597358990228e-06,1.7787660056001187e-07,8759,
282,4.6083132474450395e-05,6.201759333634982e-06,1.750668161548674e-07,8769,
282,,,,8772,4.933563468512148e-05
283,4.4914504542248324e-05,5.9945818975393195e-06,1.7634296511914727e-07,8779,
283,4.474763045436703e-05,5.9879489526792895e-06,1.7814933528370602e-07,8789,
283,4.474826710065827e-05,5.866152605449315e-06,1.8552971425833675e-07,8799,
283,,,,8803,5.279632023302838e-05
284,5.2831241191597655e-05,8.041003638936672e-06,1.9389429439797823e-07,8809,
284,4.6605258830823004e-05,6.395096988853766e-06,1.7866310031422472e-07,8819,
284,4.401254773256369e-05,5.716325176763348e-06,1.7704654453609692e-07,8829,
284,,,,8834,5.3301431762520224e-05
285,5.271562986308709e-05,9.034792128659319e-06,1.6684280979006871e-07,8839,
285,4.537754284683615e-05,6.919324277987471e-06,1.6692946758212202e-07,8849,
285,4.468014958547428e-05,5.707370746677043e-06,1.8471062901426194e-07,8859,
285,,,,8865,5.800234794151038e-05
286,5.233573028817773e-05,9.164398761640768e-06,1.8925750566722854e-07,8869,
286,4.590694516082294e-05,6.189389296196168e-06,1.870501193934615e-07,8879,
286,4.40878102381248e-05,5.701971531379968e-06,1.7410819452834403e-07,8889,
286,,,,8896,5.060448529548012e-05
287,4.7940193326212466e-05,6.6119655457441695e-06,2.0348153384475154e-07,8899,
287,4.624796929419972e-05,5.886598046345171e-06,1.7240115823824453e-07,8909,
287,4.365713903098367e-05,5.96571635469445e-06,1.8763515186037694e-07,8919,
287,,,,8927,4.884888403466903e-05
288,4.759959483635612e-05,6.043644134479109e-06,1.746387709999908e-07,8929,
288,4.44626493845135e-05,6.115756150393281e-06,1.69060513144359e-07,8939,
288,4.4413154682843015e-05,5.614582278212765e-06,1.8743709517821117e-07,8949,
288,,,,8958,5.160266664461233e-05
289,5.0435890443623066e-05,6.905853751959512e-06,1.8855999428524228e-07,8959,
289,4.692381480708718e-05,6.137056516308803e-06,1.9010136043107195e-07,8969,
289,4.384659041534178e-05,5.825249900226481e-06,1.7777067284896475e-07,8979,
289,4.1822499042609707e-05,4.849971446674317e-06,2.9520192956766778e-09,8989,
289,,,,8989,5.3508130804402754e-05
290,4.594198981067166e-05,6.481458058260614e-06,1.861881315790015e-07,8999,
290,4.5692711864830926e-05,6.6207294366904534e-06,1.86286854386708e-07,9009,
290,4.653748692362569e-05,7.041034677968128e-06,2.0274509893170034e-07,9019,
290,,,,9020,6.0403221141314134e-05
291,5.353292726795189e-05,7.818639460310806e-06,1.98957707198133e-07,9029,
291,4.4757176510756835e-05,6.376491455739597e-06,1.728067360318164e-07,9039,
291,4.375214848550968e-05,5.3970002227288205e-06,1.828335172149309e-07,9049,
291,,,,9051,4.692381480708718e-05
292,4.626711233868264e-05,6.11140012551914e-06,1.8310832672341348e-07,9059,
292,4.324355541029945e-05,5.7880274653143715e-06,1.8256081091294618e-07,9069,
292,4.3257157813059166e-05,5.66385233469191e-06,1.7907275662309985e-07,9079,
292,,,,9082,4.780657036462799e-05
293,4.365083441371098e-05,5.763140507042408e-06,1.8044600835764868e-07,9089,
293,4.2766820115502924e-05,5.303981197357643e-06,1.824629549673773e-07,9099,
293,4.305647235014476e-05,5.529117970581865e-06,1.9024392372557486e-07,9109,
293,,,,9113,5.0551676395116374e-05
294,5.150381548446603e-05,8.532783795089927e-06,1.994656884107826e-07,9119,
294,4.5753142330795527e-05,6.4347382249252405e-06,1.830632783139663e-07,9129,
294,4.3150994315510616e-05,5.827266249980312e-06,1.8148556080177514e-07,9139,
294,,,,9144,5.105369564262219e-05
295,5.334875822882168e-05,9.957987458619755e-06,1.7120349582455674e-07,9149,
295,4.432982314028777e-05,6.606904207728803e-06,1.7096697035867692e-07,9159,
295,4.332448952482082e-05,6.335756097541889e-06,1.9022429853521317e-07,9169,
295,,,,9175,4.847694799536839e-05
296,4.951726441504434e-05,7.541316790593555e-06,1.941320846299277e-07,9179,
296,4.4069831346860155e-05,5.810855782328872e-06,1.9170445852978446e-07,9189,
296,4.269744749763049e-05,6.464404577855021e-06,1.7849541222858534e-07,9199,
296,,,,9206,4.6649478463223204e-05
297,4.6061042667133734e-05,8.480271389998961e-06,2.0903461006582802e-07,9209,
297,4.411517147673294e-05,5.563667400565464e-06,1.7682518205219822e-07,9219,
297,4.2354633478680626e-05,5.709305241907714e-06,1.9263561057414336e-07,9229,
297,,,,9237,4.693989103543572e-05
298,4.6347973693627864e-05,1.0448710781929549e-05,1.7852502764981182e-07,9239,
298,4.4259119022171944e-05,6.14820737609989e-06,1.7358865989081096e-07,9249,
298,4.330558658693917e-05,5.351913841877831e-06,1.920414973710649e-07,9259,
298,,,,9268,5.0948208809131756e-05
299,5.013716145185754e-05,9.379200491821393e-06,1.935676579023493e-07,9269,
299,4.6049921365920454e-05,6.53742335998686e-06,1.9562864395084034e-07,9279,
299,4.1930103179765865e-05,5.018299816583749e-06,1.8265230039560265e-07,9289,
299,3.95616443711333e-05,4.686434749601176e-06,3.0431621667048603e-09,9299,
299,,,,9299,5.1265600632177666e-05
300,4.285152317606844e-05,5.6673029575904366e-06,1.9121982575143193e-07,9309,
300,4.1841940401354805e-05,5.870598670298932e-06,1.9110576943148772e-07,9319,
300,4.315685146139003e-05,5.672092356689973e-06,2.0818572465941543e-07,9329,
300,,,,9330,4.636032826965675e-05
301,4.291272125556134e-05,5.820870228490094e-06,2.046846816483594e-07,9339,
301,4.224383883411065e-05,5.666850938723655e-06,1.7722636869166308e-07,9349,
301,4.1843341023195535e-05,5.0386447583150584e-06,1.8733268802861858e-07,9359,
301,,,,9361,4.6861856390023604e-05
302,4.4806587538914755e-05,6.500914878415642e-06,1.876095154784707e-07,9369,
302,4.226128658046946e-05,5.817066721647279e-06,1.8718648675530858e-07,9379,
302,4.2285621020710096e-05,5.506577053893125e-06,1.8349399510952935e-07,9389,
302,,,,9392,4.967350832885131e-05
303,4.261665162630379e-05,5.466790753416717e-06,1.852688598091845e-07,9399,
303,4.3324471334926784e-05,5.455809969134862e-06,1.8684461622342496e-07,9409,
303,4.3167357944184914e-05,5.7766364989220165e-06,1.9523078265137883e-07,9419,
303,,,,9423,5.223204425419681e-05
304,4.8701116611482576e-05,8.869595149008092e-06,2.050048379942382e-07,9429,
304,4.6413719246629626e-05,7.322366855078144e-06,1.8794494849316834e-07,9439,
304,4.2488754843361676e-05,5.411618531070417e-06,1.8638100129919621e-07,9449,
304,,,,9454,5.103733201394789e-05
305,5.673776104231365e-05,1.1108592843811493e-05,1.7640735450186185e-07,9459,
305,4.3414020183263347e-05,7.640262992936186e-06,1.7586052081242087e-07,9469,
305,4.166000144323334e-05,5.384830274124397e-06,1.9598203948589799e-07,9479,
305,,,,9485,4.39698196714744e-05
306,4.525674012256786e-05,6.486287929874379e-06,1.9940608808610705e-07,9489,
306,4.197545422357507e-05,5.492516265803715e-06,1.970131506823236e-07,9499,
306,4.086692933924496e-05,6.0643105825874954e-06,1.8363029141710285e-07,9509,
306,,,,9516,4.4273616367718205e-05
307,4.4492961023934186e-05,9.315687748312484e-06,2.1478089706761239e-07,9519,
307,4.191574771539308e-05,5.340848929336062e-06,1.8202709384240734e-07,9529,
307,4.0402504964731634e-05,5.32976218892145e-06,1.9818328667042806e-07,9539,
307,,,,9547,4.5957342081237584e-05
308,4.5041004341328517e-05,1.4122520042292308e-05,1.832500515774882e-07,9549,
308,4.202478157822043e-05,5.626710844808258e-06,1.783016898571077e-07,9559,
308,4.148687730776146e-05,5.255430551187601e-06,1.970486493974022e-07,9569,
308,,,,9578,4.673527291743085e-05
309,4.58832219010219e-05,9.869765563053079e-06,1.9910287107904878e-07,9579,
309,4.3096719309687614e-05,5.998302185616922e-06,2.0122851651649398e-07,9589,
309,4.078360507264733e-05,4.8196498028119095e-06,1.8803014256718598e-07,9599,
309,3.798359466600232e-05,4.6044201553741004e-06,3.1470710482039976e-09,9609,
309,,,,9609,5.299678014125675e-05
310,4.2169562220806256e-05,5.4364527386496775e-06,1.9689744590323244e-07,9619,
310,4.1876752220559865e-05,5.552048151002964e-06,1.964867522019631e-07,9629,
310,4.283602174837142e-05,6.000352186674718e-06,2.139737915740625e-07,9639,
310,,,,9640,5.181789674679749e-05
311,4.6276381908683106e-05,6.7403825596557e-06,2.1107351244609163e-07,9649,
311,4.165155769442208e-05,5.4801548685645685e-06,1.8236596588394605e-07,9659,
311,4.082208397448994e-05,5.601497377938358e-06,1.9262016337506793e-07,9669,
311,,,,9671,4.6010991354705766e-05
312,4.272567093721591e-05,7.316431037907023e-06,1.9340635049047705e-07,9679,
312,4.110710142413154e-05,6.320960437733447e-06,1.925686206050159e-07,9689,
312,4.0487528167432174e-05,5.414332463260507e-06,1.8846721161480673e-07,9699,
312,,,,9702,4.573010664898902e-05
313,4.117040225537494e-05,6.9685747803305276e-06,1.904685973386222e-07,9709,
313,4.048263872391544e-05,4.963277660863241e-06,1.92011754052146e-07,9719,
313,4.058712875121273e-05,4.974329840479186e-06,2.0086791607809573e-07,9729,
313,,,,9733,4.754686597152613e-05
314,4.882717985310592e-05,8.086564776021987e-06,2.108691461444323e-07,9739,
314,4.323811299400404e-05,5.544874056795379e-06,1.9337869616720127e-07,9749,
314,4.119968070881441e-05,5.2857808441331144e-06,1.91477795397077e-07,9759,
314,,,,9764,5.045161015004851e-05
315,5.3596981160808355e-05,9.564264473738149e-06,1.8098850773640152e-07,9769,
315,4.238183100824244e-05,6.269423465710133e-06,1.8071415297526983e-07,9779,
315,4.1009927372215316e-05,5.417085958470125e-06,2.0188853966374154e-07,9789,
315,,,,9795,4.7526034904876724e-05
316,4.820090907742269e-05,6.979412319196854e-06,2.0518653798262676e-07,9799,
316,4.204065407975577e-05,6.156879862828646e-06,2.0280641876979644e-07,9809,
316,3.974851279053837e-05,4.8427964429720305e-06,1.890842469265408e-07,9819,
316,,,,9826,4.3492240365594625e-05
317,4.207302117720246e-05,5.328652605385287e-06,2.208032725548037e-07,9829,
317,4.055873068864457e-05,5.112887720315484e-06,1.8719775596309773e-07,9839,
317,3.9160895539680496e-05,4.696068117482355e-06,2.0435527403606102e-07,9849,
317,,,,9857,4.410003748489544e-05
318,4.323560278862715e-05,5.664742730004946e-06,1.884767186766112e-07,9859,
318,4.0451825043419376e-05,5.63334970138385e-06,1.8313130567548797e-07,9869,
318,3.987748277722858e-05,4.971049747837242e-06,2.0264533873159962e-07,9879,
318,,,,9888,4.5945645979372784e-05
319,4.520961010712199e-05,6.335194484563544e-06,2.0532260691652482e-07,9889,
319,4.190432809991762e-05,5.22306572747766e-06,2.0728749916543165e-07,9899,
319,3.8398546166718006e-05,4.259683009877335e-06,1.9372073722934147e-07,9909,
319,3.6470784834818915e-05,3.5912112252844963e-06,3.2524645199316637e-09,9919,
319,,,,9919,4.815585998585448e-05
320,3.916574496543035e-05,4.875903414358618e-06,2.0239052389570134e-07,9929,
320,3.9395541534759104e-05,4.716589955933159e-06,2.0232521080743027e-07,9939,
320,4.0453825931763276e-05,5.696799689758336e-06,2.2024617862825835e-07,9949,
320,,,,9950,4.3928117520408705e-05
321,3.976546577177942e-05,5.3274638958100695e-06,2.1733308130933437e-07,9959,
321,3.9810289308661595e-05,4.745244041259866e-06,1.8777812726966658e-07,9969,
321,3.985161674791016e-05,6.297912023001118e-06,1.9813346341379656e-07,9979,
321,,,,9981,4.57088062830735e-05
322,4.2875948565779254e-05,6.481725904450286e-06,1.9906524073576293e-07,9989,
322,3.971381011069752e-05,5.739992957387585e-06,1.9821150942789245e-07,9999,
322,3.985417424701154e-05,5.414604856923688e-06,1.938407905299755e-07,10009,
322,,,,10012,4.633955177268945e-05
323,4.0357434045290574e-05,6.225730885489611e-06,1.96088421944296e-07,10019,
323,3.9549013308715075e-05,4.720026481663808e-06,1.973071448446717e-07,10029,
323,3.9780530642019585e-05,4.918265403830446e-06,2.0686404411662807e-07,10039,
323,,,,10043,4.428515239851549e-05
324,4.299709326005541e-05,5.683634299202822e-06,2.1690331664103724e-07,10049,
324,3.987150557804853e-05,5.309019798005465e-06,1.9905826320609776e-07,10059,
324,3.862897210638039e-05,4.429735326993978e-06,1.9703028897311015e-07,10069,
324,,,,10074,4.430996341397986e-05
325,4.486702164285816e-05,6.8110139181953855e-06,1.8606817775435047e-07,10079,
325,3.794406438828446e-05,6.56641213936382e-06,1.8623161679443e-07,10089,
325,3.9000329707050696e-05,4.761151558341226e-06,2.0812346690490813e-07,10099,
325,,,,10105,4.6608711272710934e-05
326,4.308971620048396e-05,7.082271167746512e-06,2.1079209489016648e-07,10109,
326,3.981185000156984e-05,5.862134457856882e-06,2.0860633753727598e-07,10119,
326,3.9266909880097955e-05,5.623826382361585e-06,1.946881127423694e-07,10129,
326,,,,10136,4.455353700905107e-05
327,4.22704397351481e-05,1.0339776963519398e-05,2.2729598470050405e-07,10139,
327,4.146639184909873e-05,8.696996701473836e-06,1.9338671108926064e-07,10149,
327,3.800907506956719e-05,4.968004304828355e-06,2.1076168366107595e-07,10159,
327,,,,10167,4.268776683602482e-05
328,4.322520908317529e-05,1.846223858592566e-05,1.9397781159113947e-07,10169,
328,3.94182134186849e-05,7.039950560283614e-06,1.8859770989365643e-07,10179,
328,3.932453182642348e-05,5.29405315319309e-06,2.082949777104659e-07,10189,
328,,,,10198,4.767292193719186e-05
329,4.66442943434231e-05,1.1724800970114302e-05,2.1222288637545716e-07,10199,
329,4.1590683395043015e-05,5.9147114370716736e-06,2.1358718527153542e-07,10209,
329,4.0242961404146627e-05,5.05527668792638e-06,1.9937839113026712e-07,10219,
329,3.565842052921653e-05,3.4780282476276625e-06,3.3648279718079266e-09,10229,
329,,,,10229,5.054208304500207e-05
330,3.994243161287159e-05,6.032842975400854e-06,2.0898070829389326e-07,10239,
330,4.005697337561287e-05,5.908551884203916e-06,2.0848523263339303e-07,10249,
330,4.016734965262003e-05,5.854136361449491e-06,2.266838237119373e-07,10259,
330,,,,10260,5.0532675231806934e-05
331,4.499622809817083e-05,8.686775800015312e-06,2.2417175671307632e-07,10269,
331,3.919512528227642e-05,5.295795745041687e-06,1.9402519058075995e-07,10279,
331,3.7787194742122665e-05,4.228417310514487e-06,2.0393470379076462e-07,10289,
331,,,,10291,3.939778980566189e-05
332,3.828134504146874e-05,7.593559075758094e-06,2.0516225163191848e-07,10299,
332,3.751474650925957e-05,4.531017566478113e-06,2.0452532112358313e-07,10309,
332,3.781879786401987e-05,4.371247541712364e-06,1.9961211705776805e-07,10319,
332,,,,10322,3.942697367165238e-05
333,3.7684883864130825e-05,4.279124368622433e-06,2.0180580406758963e-07,10329,
333,3.7180143408477306e-05,4.006333256256767e-06,2.0341200013263006e-07,10339,
333,3.751002805074677e-05,4.008846644865116e-06,2.1288427376475738e-07,10349,
333,,,,10353,4.3352014472475275e-05
334,4.65611919935327e-05,6.983614184719045e-06,2.238679286392653e-07,10359,
334,3.9425976865459234e-05,4.4939051804249175e-06,2.0504272413290892e-07,10369,
334,3.845973697025329e-05,4.30825548392022e-06,2.0259000166333863e-07,10379,
334,,,,10384,4.709036147687584e-05
335,4.890029595117085e-05,7.5960961112286896e-06,1.9201966949822236e-07,10389,
335,3.895333065884188e-05,4.925060693494743e-06,1.9160619046942884e-07,10399,
335,3.8579579268116504e-05,4.738302322948584e-06,2.1434475172554812e-07,10409,
335,,,,10415,4.433211870491505e-05
336,4.616866499418393e-05,6.648678663623286e-06,2.171551187757359e-07,10419,
336,3.8985734136076644e-05,4.750892458105227e-06,2.1490372148491588e-07,10429,
336,3.729958552867174e-05,4.715530849352945e-06,2.0074016049420607e-07,10439,
336,,,,10446,4.031405842397362e-05
337,3.920785093214363e-05,5.390887508838205e-06,2.3399756798880844e-07,10449,
337,3.889721483574249e-05,5.587798113992903e-06,1.9914979532131838e-07,10459,
337,3.668329009087756e-05,4.48573473477154e-06,2.171013591123483e-07,10469,
337,,,,10477,4.097191049368121e-05
338,4.043794979224913e-05,6.577446129085729e-06,1.9943770723784837e-07,10479,
338,3.7690399040002376e-05,5.266947937343502e-06,1.9388103567052895e-07,10489,
338,3.776460653170943e-05,4.471761258173501e-06,2.1409492489965487e-07,10499,
338,,,,10508,4.599300882546231e-05
339,4.5199707528809085e-05,7.17497232471942e-06,2.1831844776443177e-07,10509,
339,4.013293073512614e-05,4.772045031131711e-06,2.200705750965426e-07,10519,
339,3.74133451259695e-05,4.397257271193666e-06,2.0550326951251918e-07,10529,
339,3.404442759347148e-05,3.0368832995009143e-06,3.472039100671509e-09,10539,
339,,,,10539,4.8307647375622764e-05
340,3.817133620032109e-05,5.243132818577578e-06,2.1502671643247595e-07,10549,
340,3.729388481588103e-05,4.322658696764847e-06,2.147788649153881e-07,10559,
340,3.735742575372569e-05,4.500169779930729e-06,2.332094908297222e-07,10569,
340,,,,10570,4.144517151871696e-05
341,3.8448833947768435e-05,4.8792448978929315e-06,2.3099276802440727e-07,10579,
341,3.764123175642453e-05,4.35238780482905e-06,1.9943124129895295e-07,10589,
341,3.727370494743809e-05,4.383179202704923e-06,2.0957347146577376e-07,10599,
341,,,,10601,3.9588965591974556e-05
342,3.799332262133248e-05,5.176072136237053e-06,2.1095212332511437e-07,10609,
342,3.660745278466493e-05,4.319133495300775e-06,2.102877800780334e-07,10619,
342,3.730056050699204e-05,5.115081421536161e-06,2.0530126221274259e-07,10629,
342,,,,10632,4.019589687231928e-05
343,3.770897819777019e-05,4.985048690286931e-06,2.0785698495728866e-07,10639,
343,3.742810076801106e-05,5.323921413946664e-06,2.0921270049711893e-07,10649,
343,3.8327907532220706e-05,5.501396572071826e-06,2.1956817874979606e-07,10659,
343,,,,10663,4.459702176973224e-05
344,4.271611032891087e-05,8.702683771844022e-06,2.300504320373875e-07,10669,
344,4.061689833179116e-05,6.707099146296969e-06,2.115243518119314e-07,10679,
344,3.8486210542032495e-05,4.949656613462139e-06,2.0859678784290736e-07,10689,
344,,,,10694,4.788866499438882e-05
345,5.1669394451892003e-05,1.2290949598536827e-05,1.9817002794297878e-07,10699,
345,3.8723705074517056e-05,4.946663921145955e-06,1.9740775769605534e-07,10709,
345,3.733264020411298e-05,4.536909727903549e-06,2.2085960438289476e-07,10719,
345,,,,10725,4.11400651501026e-05
346,4.438538962858729e-05,6.354800461849663e-06,2.231397076002395e-07,10729,
346,3.6917979741701856e-05,4.20262540501426e-06,2.2121329834590142e-07,10739,
346,3.5851964639732614e-05,3.793254336414975e-06,2.066426247893105e-07,10749,
346,,,,10756,3.913136970368214e-05
347,3.857137926388532e-05,4.718568561656866e-06,2.4102419615701365e-07,10759,
347,3.6641918995883316e-05,4.772530701302458e-06,2.0514606546839786e-07,10769,
347,3.507562360027805e-05,3.899881903635105e-06,2.2364784513229097e-07,10779,
347,,,,10787,3.9305465179495513e-05
348,3.8970985769992694e-05,6.486079655587673e-06,2.0465854788653814e-07,10789,
348,3.6930803616996855e-05,5.272175712889293e-06,1.996086069766534e-07,10799,
348,3.636565088527277e-05,3.980112524004653e-06,2.2017090373083192e-07,10809,
348,,,,10818,4.1925450204871595e-05
349,4.124894257984124e-05,6.060431132937083e-06,2.2473881244877703e-07,10819,
349,3.737847146112472e-05,4.651881226891419e-06,2.2685215128603886e-07,10829,
349,3.603891673265025e-05,3.6778235426027095e-06,2.1172985498196795e-07,10839,
349,3.280586315668188e-05,2.9409466151264496e-06,3.585110208703668e-09,10849,
349,,,,10849,4.7175057261483744e-05
350,3.6700312193715945e-05,4.737129984277999e-06,2.2165558277720265e-07,10859,
350,3.770430703298189e-05,3.963730250688968e-06,2.2110526742835646e-07,10869,
350,3.8196725654415786e-05,4.731291483039968e-06,2.399876564140868e-07,10879,
350,,,,10880,4.825225187232718e-05
351,4.3122450733790174e-05,6.114527877798537e-06,2.3834684270696016e-07,10889,
351,3.709227530634962e-05,4.615295893017901e-06,2.0524852573089447e-07,10899,
351,3.594571171561256e-05,4.14834585171775e-06,2.1556695628532907e-07,10909,
351,,,,10911,4.010702105006203e-05
352,3.816889875452034e-05,4.819206424144795e-06,2.170598634165799e-07,10919,
352,3.5402001230977476e-05,4.150119366386207e-06,2.1642604508542718e-07,10929,
352,3.53936520696152e-05,4.683155111706583e-06,2.1130048821760283e-07,10939,
352,,,,10942,3.763507993426174e-05
353,3.576432209229097e-05,4.2546193981252145e-06,2.136744683411962e-07,10949,
353,3.5231278161518276e-05,4.735399670607876e-06,2.1530871663344442e-07,10959,
353,3.574604124878533e-05,4.782363703270676e-06,2.2537466293215402e-07,10969,
353,,,,10973,4.0552749851485714e-05
354,4.124072802369483e-05,7.489962627005298e-06,2.3722779474155686e-07,10979,
354,3.6431516491575167e-05,5.749669981014449e-06,2.174629543105766e-07,10989,
354,3.5011922591365874e-05,4.44687020717538e-06,2.1425680074571574e-07,10999,
354,,,,11004,4.01415818487294e-05
355,4.144702688790858e-05,8.978523510450032e-06,2.028509840101833e-07,11009,
355,3.5790595575235784e-05,5.251621132629225e-06,2.0311695436703303e-07,11019,
355,3.496131466818042e-05,3.839835699182004e-06,2.2716274372669432e-07,11029,
355,,,,11035,3.6543948226608336e-05
356,3.6825691495323554e-05,4.779786650033202e-06,2.2905341268142365e-07,11039,
356,3.4777865948854014e-05,3.821528935077367e-06,2.272954588988796e-07,11049,
356,3.418540291022509e-05,3.3546880331414286e-06,2.1237319458577986e-07,11059,
356,,,,11066,3.6458273825701326e-05
357,3.622147050919011e-05,4.385311058285879e-06,2.4788332098069077e-07,11069,
357,3.5561115510063246e-05,4.607798473443836e-06,2.110967614044057e-07,11079,
357,3.458766150288284e-05,3.8603880057053175e-06,2.3033645391024038e-07,11089,
357,,,,11097,4.012257340946235e-05
358,4.0092429117066786e-05,5.189225703361444e-06,2.1055555521343194e-07,11099,
358,3.845308310701512e-05,5.387436431192327e-06,2.055152492630441e-07,11109,
358,3.551792542566545e-05,3.7752379284938797e-06,2.261679128423566e-07,11119,
358,,,,11128,4.287827687221579e-05
359,4.161441029282287e-05,4.901188276562607e-06,2.3220965772452473e-07,11129,
359,3.63774124707561e-05,4.37931976193795e-06,2.3305138086016086e-07,11139,
359,3.4126947866752744e-05,3.797422778006876e-06,2.176555113919676e-07,11149,
359,3.144454603898339e-05,2.660008703969652e-06,3.698696682263858e-09,11159,
359,,,,11159,3.6953180824639276e-05
360,3.4364205930614844e-05,4.312639248382766e-06,2.2744730188151152e-07,11169,
360,3.4173604944953695e-05,4.022535904368851e-06,2.2722595360846753e-07,11179,
360,3.509072121232748e-05,3.678799430417712e-06,2.467199067268666e-07,11189,
360,,,,11190,3.640214345068671e-05
361,3.505002678139135e-05,4.189810624666279e-06,2.4495307116012555e-07,11199,
361,3.4168075217166916e-05,3.3123324101325125e-06,2.1115143056249508e-07,11209,
361,3.4414664696669206e-05,3.5056168599112425e-06,2.2144311628835567e-07,11219,
361,,,,11221,4.1866733226925135e-05
362,3.795602242462337e-05,4.422322945174528e-06,2.2297513169178274e-07,11229,
362,3.655242835520767e-05,5.084790245746262e-06,2.2261635024278803e-07,11239,
362,3.493982512736693e-05,4.686934062192449e-06,2.16968146560248e-07,11249,
362,,,,11252,3.891008236678317e-05
363,3.743570778169669e-05,4.00970520786359e-06,2.195226898038527e-07,11259,
363,3.483243199298158e-05,4.927899226458976e-06,2.2146375044940214e-07,11269,
363,3.480271334410645e-05,4.239584541210206e-06,2.320217333817709e-07,11279,
363,,,,11283,4.51765263278503e-05
364,4.443807483767159e-05,6.750380180164939e-06,2.4412850052613067e-07,11289,
364,3.47524146491196e-05,6.969957667024573e-06,2.2392562470940902e-07,11299,
364,3.450816438999027e-05,3.9570481931150425e-06,2.2037276892206137e-07,11309,
364,,,,11314,4.639676626538858e-05
365,4.4792453991249204e-05,8.340777640114538e-06,2.096363118653244e-07,11319,
365,3.552670750650577e-05,7.260752227011835e-06,2.0954307444753795e-07,11329,
365,3.463585744611919e-05,4.004977654403774e-06,2.337874747126989e-07,11339,
365,,,,11345,5.358981798053719e-05
366,4.383628402138129e-05,6.674890755675733e-06,2.358796677981445e-07,11349,
366,3.787684909184463e-05,6.518392183352262e-06,2.3363281798083335e-07,11359,
366,3.460052175796591e-05,7.435629868268734e-06,2.1859879950625327e-07,11369,
366,,,,11376,3.7372134102042764e-05
367,3.689739969559014e-05,1.036695084621897e-05,2.549628845827101e-07,11379,
367,3.6616351280827075e-05,7.216098310891539e-06,2.1797019655878103e-07,11389,
367,3.570137050701305e-05,4.1317121031170245e-06,2.372135270434228e-07,11399,
367,,,,11407,3.9842336263973266e-05
368,3.9811566239222884e-05,6.389725513145095e-06,2.169622632663959e-07,11409,
368,3.464407564024441e-05,4.032164724776521e-06,2.1079161172110616e-07,11419,
368,3.401800859137438e-05,3.992104211647529e-06,2.3223846312703245e-07,11429,
368,,,,11438,3.730117896338925e-05
369,3.643816307885572e-05,4.261257799953455e-06,2.3839760388000286e-07,11439,
369,3.492102405289188e-05,3.762165533771622e-06,2.3969622020558745e-07,11449,
369,3.301020842627622e-05,3.1458491775993025e-06,2.2377133745976607e-07,11459,
369,3.0157791115925647e-05,2.558948153819074e-06,3.803530823631718e-09,11469,
369,,,,11469,3.687668504426256e-05
370,3.3795433409977704e-05,3.5268274132249644e-06,2.3400161808240227e-07,11479,
370,3.369113619555719e-05,3.392247890587896e-06,2.337282154485365e-07,11489,
370,3.416295294300653e-05,3.4952361147588817e-06,2.533999747811322e-07,11499,
370,,,,11500,3.653517705970444e-05
371,3.407650729059242e-05,4.104703293705825e-06,2.515737378416816e-07,11509,
371,3.3432923373766243e-05,3.1365318591269897e-06,2.1728294541389914e-07,11519,
371,3.367450335645117e-05,3.306560529381386e-06,2.2743277838799258e-07,11529,
371,,,,11531,3.6204291973263025e-05
372,3.427683623158373e-05,3.5797181681118673e-06,2.2907882168965443e-07,11539,
372,3.337640009704046e-05,3.406447376619326e-06,2.2896087159551826e-07,11549,
372,3.3813321351772174e-05,3.3759304187697126e-06,2.2307598612769652e-07,11559,
372,,,,11562,3.7753019569208845e-05
373,3.4988304832950234e-05,3.5513965030986583e-06,2.2565421886611148e-07,11569,
373,3.36371231242083e-05,3.7725676520494744e-06,2.275516095551211e-07,11579,
373,3.397940963623114e-05,3.5325508633832214e-06,2.385073116784042e-07,11589,
373,,,,11593,4.1003771912073717e-05
374,4.253172664903104e-05,8.445847925031558e-06,2.505776137695648e-07,11599,
374,3.447894414421171e-05,5.036658421886386e-06,2.3039625318688195e-07,11609,
374,3.346462472109124e-05,4.144288595853141e-06,2.2594419135657517e-07,11619,
374,,,,11624,3.66886961273849e-05
375,3.6716348404297605e-05,1.1594265743042342e-05,2.1427680962915474e-07,11629,
375,3.339560134918429e-05,5.121353296999587e-06,2.150064801753615e-07,11639,
375,3.3077263651648536e-05,3.5295795441925293e-06,2.404259475952131e-07,11649,
375,,,,11655,3.4532415156718343e-05
376,3.5096643841825426e-05,5.3605276661983225e-06,2.4186121549973905e-07,11659,
376,3.389605262782425e-05,3.6745711895491695e-06,2.402806273948954e-07,11669,
376,3.291500252089463e-05,3.1417555419466225e-06,2.2492206142032956e-07,11679,
376,,,,11686,3.5924465919379145e-05
377,3.758176535484381e-05,4.573271780827781e-06,2.6231026595269213e-07,11689,
377,3.643533636932261e-05,5.396964752435451e-06,2.2398704402348812e-07,11699,
377,3.2842832297319546e-05,3.292796918685781e-06,2.440801267766801e-07,11709,
377,,,,11717,4.086380795342848e-05
378,4.6018671127967536e-05,1.0034676051873248e-05,2.222829635911694e-07,11719,
378,3.996796294813976e-05,6.1872774494986515e-06,2.1718723530739226e-07,11729,
378,3.6344143154565245e-05,5.275912826618878e-06,2.3926537551233196e-07,11739,
378,,,,11748,3.907338759745471e-05
379,3.817497054114938e-05,1.290000363951549e-05,2.453295451232407e-07,11749,
379,3.471471427474171e-05,4.668700057663955e-06,2.466872786044405e-07,11759,
379,3.5311000829096884e-05,3.839635155600263e-06,2.3045076602556946e-07,11769,
379,2.966920510516502e-05,2.5805879886320326e-06,3.920622937414464e-09,11779,
379,,,,11779,4.040985368192196e-05
380,3.376615131855942e-05,3.846620984404581e-06,2.4076075533230323e-07,11789,
380,3.281171666458249e-05,3.5300197396281874e-06,2.405198245014617e-07,11799,
380,3.331275365781039e-05,3.3263954719586764e-06,2.6064267899528204e-07,11809,
380,,,,11810,3.561309495125897e-05
381,3.2312778785126284e-05,3.1946572107699467e-06,2.587966889677773e-07,11819,
381,3.2571515475865453e-05,2.969867182400776e-06,2.2379880704193056e-07,11829,
381,3.2726686185924336e-05,2.968282615256612e-06,2.3390468584238988e-07,11839,
381,,,,11841,3.542600461514667e-05
382,3.426252806093544e-05,3.4839970339817228e-06,2.3605835508533346e-07,11849,
382,3.277651558164507e-05,3.2089490105136065e-06,2.3567828577597538e-07,11859,
382,3.27518537233118e-05,3.4739803140837466e-06,2.2938766619517992e-07,11869,
382,,,,11872,3.6794041079701856e-05
383,3.842125806841068e-05,5.115608928463189e-06,2.326035541955207e-07,11879,
383,3.3782049285946414e-05,3.7726456412201514e-06,2.3384704661566502e-07,11889,
383,3.39969847118482e-05,3.571818979253294e-06,2.4525090225324675e-07,11899,
383,,,,11903,4.3112740968354046e-05
384,4.615138459485024e-05,1.2365234397293534e-05,2.5810945203375013e-07,11909,
384,3.357236710144207e-05,3.6673359318228904e-06,2.3676741989220318e-07,11919,
384,3.3104999602073804e-05,3.408658812986687e-06,2.3222614231599437e-07,11929,
384,,,,11934,4.221140261506662e-05
385,3.857636693282984e-05,1.083723509509582e-05,2.2091336404628237e-07,11939,
385,3.4520340705057606e-05,3.59667387783702e-06,2.21255433530132e-07,11949,
385,3.234377800254151e-05,3.1144122658588458e-06,2.468342188421957e-07,11959,
385,,,,11965,3.629694037954323e-05
386,3.439308056840673e-05,3.84492250304902e-06,2.4804361942187825e-07,11969,
386,3.2973577617667615e-05,3.60570243174152e-06,2.4675651388861297e-07,11979,
386,3.235451367800124e-05,3.6989385989727452e-06,2.310410280870201e-07,11989,
386,,,,11996,3.391750215087086e-05
387,3.41262057190761e-05,4.24736845161533e-06,2.6937465236187563e-07,11999,
387,3.3152580726891756e-05,4.770196937897708e-06,2.30547641422163e-07,12009,
387,3.174596349708736e-05,3.1805464004719397e-06,2.5116753477050224e-07,12019,
387,,,,12027,3.447865674388595e-05
388,3.549565008142963e-05,6.079493687138893e-06,2.2831014234725444e-07,12029,
388,3.254621333326213e-05,3.76918728761666e-06,2.225505966180208e-07,12039,
388,3.240061778342351e-05,3.318163408039254e-06,2.449697547035612e-07,12049,
388,,,,12058,3.6699773772852495e-05
389,3.5978628147859126e-05,6.027227755112108e-06,2.5185826757478935e-07,12059,
389,3.439126521698199e-05,3.5787368233286543e-06,2.5339619469377794e-07,12069,
389,3.412298610783182e-05,3.573108187993057e-06,2.3619121236606588e-07,12079,
389,3.0131905077723786e-05,2.197768253608956e-06,4.016603938339358e-09,12089,
389,,,,12089,4.330681622377597e-05
390,3.401364665478468e-05,4.906014964944916e-06,2.476298561759904e-07,12099,
390,3.4988905099453405e-05,3.7465676996362163e-06,2.4709842705306073e-07,12109,
390,3.55703268724028e-05,3.814920091826934e-06,2.677266763839725e-07,12119,
390,,,,12120,4.804311174666509e-05
391,3.388031109352596e-05,9.460713954467792e-06,2.665151441760827e-07,12129,
391,3.2764964998932555e-05,3.829608886007918e-06,2.2977218350206385e-07,12139,
391,3.2916610507527366e-05,3.621098358053132e-06,2.3991009356905124e-07,12149,
391,,,,12151,3.829356501228176e-05
392,3.615314562921412e-05,8.1833723015734e-06,2.4319254521287803e-07,12159,
392,3.2516221835976467e-05,3.3234991860808805e-06,2.4204894089052686e-07,12169,
392,3.248420398449525e-05,3.517235882100067e-06,2.355079828930684e-07,12179,
392,,,,12182,4.1964980482589453e-05
393,3.5722983739105985e-05,3.8213438529055566e-06,2.386712765201082e-07,12189,
393,3.227258275728673e-05,3.363222958796541e-06,2.398190872554551e-07,12199,
393,3.2135685614775866e-05,3.2062541777122533e-06,2.516964059395832e-07,12209,
393,,,,12213,3.423224916332401e-05
394,3.4569053241284564e-05,3.941244358429685e-06,2.6483246529096505e-07,12219,
394,3.211851435480639e-05,3.044492359549622e-06,2.4406060106230143e-07,12229,
394,3.1783034501131624e-05,2.8803337954741437e-06,2.3828810924442223e-07,12239,
394,,,,12244,3.43310457537882e-05
395,3.3814070775406435e-05,3.5942532576882513e-06,2.2678990774238628e-07,12249,
395,3.250477311667055e-05,2.8815059067710536e-06,2.2725978965354443e-07,12259,
395,3.1962586945155635e-05,3.34925607603509e-06,2.539186141348182e-07,12269,
395,,,,12275,3.6499404814094305e-05
396,3.821005884674378e-05,4.88917567054159e-06,2.550719955252134e-07,12279,
396,3.53053146682214e-05,3.8270554796326905e-06,2.5356811761412246e-07,12289,
396,3.7983521906426176e-05,5.280870482238242e-06,2.3715625729892054e-07,12299,
396,,,,12306,4.206510857329704e-05
397,3.5884600947611034e-05,4.840843757847324e-06,2.7695645599123964e-07,12309,
397,3.745137291844003e-05,4.806292508874321e-06,2.3736937748708442e-07,12319,
397,3.395765452296473e-05,3.689478489832254e-06,2.58658786833621e-07,12329,
397,,,,12337,4.71153725811746e-05
398,6.118927558418363e-05,1.386225540045416e-05,2.353565520252232e-07,12339,
398,3.296077193226665e-05,5.817387773277005e-06,2.2874125704674952e-07,12349,
398,3.297796138213016e-05,3.957715762226144e-06,2.5160420591419097e-07,12359,
398,,,,12368,3.6016532249050215e-05
399,3.5110955650452524e-05,4.439423264557263e-06,2.5936657266356633e-07,12369,
399,3.223386738682166e-05,3.6073658975510625e-06,2.607767157769558e-07,12379,
399,3.078613372053951e-05,2.7512089673109585e-06,2.429843561913003e-07,12389,
399,2.7957858037552796e-05,2.3056488771544537e-06,4.134335096495079e-09,12399,
399,,,,12399,3.657840716186911e-05
400,3.27962297888007e-05,3.6710775930259842e-06,2.542071797506651e-07,12409,
400,3.1965701055014506e-05,3.419992935960181e-06,2.5383826596225845e-07,12419,
400,3.177356848027557e-05,3.0641294870292768e-06,2.74511336328942e-07,12429,
400,,,,12430,3.292415931355208e-05
401,3.148137329844758e-05,3.3017411169566913e-06,2.728726542500226e-07,12439,
401,3.104881034232676e-05,2.6684142540034372e-06,2.3581267782901705e-07,12449,
401,3.12523334287107e-05,2.730818778218236e-06,2.4638464424242557e-07,12459,
401,,,,12461,3.454017860349268e-05
402,3.256861964473501e-05,3.8013793073332636e-06,2.4860804614945664e-07,12469,
402,3.064094562432729e-05,2.8132776606071275e-06,2.4818217525535147e-07,12479,
402,3.112317426712252e-05,3.0708099529874744e-06,2.419734528302797e-07,12489,
402,,,,12492,3.2871481380425394e-05
403,3.297278090030886e-05,3.0725034321221756e-06,2.445625852942612e-07,12499,
403,3.0744784453418106e-05,2.946009544757544e-06,2.465093018599873e-07,12509,
403,3.108414966845885e-05,3.218291794837569e-06,2.584287699392007e-07,12519,
403,,,,12523,3.7792036891914904e-05
404,4.099780926480889e-05,6.752090030204272e-06,2.7195127927370777e-07,12529,
404,3.234183168387972e-05,4.358416390459752e-06,2.505189513613004e-07,12539,
404,3.134919097647071e-05,3.5245150229457067e-06,2.4417531108156254e-07,12549,
404,,,,12554,4.003316644229926e-05
405,3.7648231227649376e-05,6.276318799791625e-06,2.3205004140436358e-07,12559,
405,3.353078500367701e-05,4.482606527744792e-06,2.331646271613863e-07,12569,
405,3.124010981991887e-05,3.1788717933523003e-06,2.603794939659565e-07,12579,
405,,,,12585,3.826690590358339e-05
406,3.4104199585272e-05,4.694898962043226e-06,2.6146616960431857e-07,12589,
406,3.3175612770719454e-05,3.826645752269542e-06,2.592917667243455e-07,12599,
406,3.086043943767436e-05,3.142548393952893e-06,2.426541527711379e-07,12609,
406,,,,12616,3.7636360502801836e-05
407,3.4811375371646136e-05,4.648734375223285e-06,2.844375330823823e-07,12619,
407,3.1709179893368855e-05,3.5189459595130756e-06,2.4265085585284396e-07,12629,
407,3.055992056033574e-05,3.778338623305899e-06,2.64968889496231e-07,12639,
407,,,,12647,3.385608215467073e-05
408,3.74973715224769e-05,5.934308774158126e-06,2.3982130414879066e-07,12649,
408,3.1795254471944645e-05,4.613425971911056e-06,2.3390028047742817e-07,12659,
408,3.139405816909857e-05,3.891142114298418e-06,2.577191366981424e-07,12669,
408,,,,12678,3.680554436868988e-05
409,3.636656765593216e-05,4.970435384166194e-06,2.656367428244266e-07,12679,
409,3.308399027446285e-05,5.157888153917156e-06,2.669055163551093e-07,12689,
409,3.0513290766975842e-05,3.472697017059545e-06,2.4903476969484473e-07,12699,
409,2.7496802431414835e-05,1.8672088799576159e-06,4.227387773170221e-09,12709,
409,,,,12709,4.0838080167304724e-05
410,3.240793012082577e-05,3.819548055616906e-06,2.609350246984832e-07,12719,
410,3.093121631536633e-05,3.8057603433117038e-06,2.6034092570625944e-07,12729,
410,3.144558650092222e-05,2.8439287689252524e-06,2.810978969591815e-07,12739,
410,,,,12740,3.5360695619601756e-05
411,3.167712202412076e-05,2.964455006804201e-06,2.801387779527431e-07,12749,
411,3.066751014557667e-05,2.6725922452897066e-06,2.4210362425947096e-07,12759,
411,3.056113564525731e-05,2.570347305663745e-06,2.526808486891241e-07,12769,
411,,,,12771,3.2371583074564114e-05
412,3.207417466910556e-05,3.021608790731989e-06,2.552519049459079e-07,12779,
412,3.0049164706724696e-05,2.607162514323136e-06,2.5468835929132183e-07,12789,
412,3.085759817622602e-05,3.220658300051582e-06,2.4811745902297844e-07,12799,
412,,,,12802,3.5595716326497495e-05
413,3.7957015592837706e-05,4.87745364807779e-06,2.5115755875049217e-07,12809,
413,3.100709000136703e-05,2.967657792396494e-06,2.5241820367227774e-07,12819,
413,3.111822661594488e-05,3.0330124900501687e-06,2.6492256210985943e-07,12829,
413,,,,12833,3.6823865229962394e-05
414,3.7608551792800426e-05,8.081424311967567e-06,2.782303454296198e-07,12839,
414,3.103430935880169e-05,3.171565595039283e-06,2.5688441951388086e-07,12849,
414,3.015302172570955e-05,2.807734063026146e-06,2.5009609316839487e-07,12859,
414,,,,12864,3.560263940016739e-05
415,3.4116073948098347e-05,7.013595222815638e-06,2.3814875760308496e-07,12869,
415,3.1850318919168785e-05,2.6678994800022338e-06,2.3893304046396224e-07,12879,
415,3.057256617466919e-05,2.854924105122336e-06,2.665898364284658e-07,12889,
415,,,,12895,3.60794183507096e-05
416,3.353512875037268e-05,5.025541668146616e-06,2.67898002448419e-07,12899,
416,3.397645923541859e-05,3.05511525766633e-06,2.6557293608675536e-07,12909,
416,3.0072658773860894e-05,3.218219490008778e-06,2.484309504779958e-07,12919,
416,,,,12926,3.555117655196227e-05
417,3.33345597027801e-05,4.380256996228127e-06,2.909530962824647e-07,12929,
417,3.248161738156341e-05,3.6969020129618e-06,2.4857990865712054e-07,12939,
417,3.0143846743158065e-05,4.683440238295589e-06,2.7156985993315175e-07,12949,
417,,,,12957,3.259401273680851e-05
418,3.325819125166163e-05,7.313971764233429e-06,2.4544488042010926e-07,12959,
418,3.25544060615357e-05,4.446892035048222e-06,2.3953234062901174e-07,12969,
418,3.106507210759446e-05,3.5966247651231242e-06,2.6385524165561947e-07,12979,
418,,,,12988,3.608048064052127e-05
419,3.530371031956747e-05,7.892828762123827e-06,2.7232240995545e-07,12989,
419,3.51957387465518e-05,5.209516075410647e-06,2.7362466425984167e-07,12999,
419,3.141512570437044e-05,3.4425627291057026e-06,2.54925566878228e-07,13009,
419,2.7875013984157704e-05,3.7764268654427724e-06,4.357667560128675e-09,13019,
419,,,,13019,4.614044155459851e-05
420,3.576025119400583e-05,8.380173312616535e-06,2.677371071513335e-07,13029,
420,3.2563220884185284e-05,4.218785306875361e-06,2.664615692538064e-07,13039,
420,3.181502324878238e-05,3.6646990793087753e-06,2.876872713386547e-07,13049,
420,,,,13050,3.785121953114867e-05
421,3.506852226564661e-05,3.7066049571876647e-06,2.8649358796428714e-07,13059,
421,3.3481981517979875e-05,3.602035576477647e-06,2.4766089268268843e-07,13069,
421,3.104198913206346e-05,3.159276502628927e-06,2.585953211564629e-07,13079,
421,,,,13081,4.105031621293165e-05
422,3.4965451050084084e-05,9.187528121401556e-06,2.616015422063356e-07,13089,
422,3.130436016363092e-05,4.965003881807206e-06,2.6084450155394734e-07,13099,
422,3.0047280233702622e-05,3.341750698382384e-06,2.540185448651755e-07,13109,
422,,,,13112,3.26723929902073e-05
423,3.0727722332812846e-05,3.0901662739779567e-06,2.5644541779001884e-07,13119,
423,3.0456667445832863e-05,2.7278017569187796e-06,2.5820500582085515e-07,13129,
423,3.015159018104896e-05,2.6097848149220226e-06,2.7103357069790945e-07,13139,
423,,,,13143,3.205101165804081e-05
424,3.1109699193621054e-05,3.1042927730595693e-06,2.84960179897098e-07,13149,
424,2.9672353775822558e-05,2.7350599793862784e-06,2.639174567775626e-07,13159,
424,2.9536306101363152e-05,2.4460186978103593e-06,2.5565879013811355e-07,13169,
424,,,,13174,3.2856605685083196e-05
425,3.3091600926127285e-05,4.399290901346831e-06,2.439151955968555e-07,13179,
425,3.0144436095724814e-05,2.712970399443293e-06,2.44485903522218e-07,13189,
425,2.972473703266587e-05,2.781413513730513e-06,2.728703236698493e-07,13199,
425,,,,13205,3.085955904680304e-05
426,3.128402022412047e-05,3.1753490929986583e-06,2.737987756518123e-07,13209,
426,3.043584911210928e-05,2.978811153298011e-06,2.715901814553945e-07,13219,
426,2.9470356821548194e-05,2.527138121877215e-06,2.543285404499329e-07,13229,
426,,,,13236,3.225809632567689e-05
427,3.3695559977786615e-05,3.8165339901752304e-06,2.978138127218699e-07,13239,
427,3.0964169127400964e-05,2.707128942347481e-06,2.55235931945208e-07,13249,
427,2.9286651624715887e-05,2.7482417408464244e-06,2.7827994131257583e-07,13259,
427,,,,13267,3.557634772732854e-05
428,4.185479338048026e-05,5.856564257555874e-06,2.515828327886993e-07,13269,
428,3.226248736609705e-05,3.0006474389665527e-06,2.452544265452161e-07,13279,
428,3.0810359021415934e-05,3.1264844437828287e-06,2.695876730740565e-07,13289,
428,,,,13298,3.617481343098916e-05
429,3.5635595850180835e-05,4.916649231745396e-06,2.7842270355904475e-07,13299,
429,3.159130210406147e-05,3.946541255572811e-06,2.8007232799609483e-07,13309,
429,3.0103057724772952e-05,2.475851033523213e-06,2.607685587463493e-07,13319,
429,2.6288156732334755e-05,1.8370158159086714e-06,4.4249328645662445e-09,13329,
429,,,,13329,3.485970228211954e-05
430,3.002122502948623e-05,2.827175421771244e-06,2.735307589318836e-07,13339,
430,2.9193659429438412e-05,2.7379198854760034e-06,2.730026835706667e-07,13349,
430,3.020371514139697e-05,2.6571910893835593e-06,2.945137680399057e-07,13359,
430,,,,13360,3.445179027039558e-05
431,3.2075393392005935e-05,3.239913439756492e-06,2.9440539606184757e-07,13369,
431,3.0430104743572883e-05,2.721495775404037e-06,2.536338854497444e-07,13379,
431,3.069212834816426e-05,2.6583797989587765e-06,2.646179950716032e-07,13389,
431,,,,13391,3.2936088246060535e-05
432,3.190477582393214e-05,3.154921159875812e-06,2.6752724124889937e-07,13399,
432,3.0284420063253492e-05,2.80770541394304e-06,2.669956700174225e-07,13409,
432,3.026319063792471e-05,3.4647052871150663e-06,2.600112054551573e-07,13419,
432,,,,13422,3.557467425707728e-05
433,3.444665708229877e-05,3.7182683172432007e-06,2.626487969337177e-07,13429,
433,3.0428911486524157e-05,3.216175855413894e-06,2.6424598331686866e-07,13439,
433,2.98393024422694e-05,3.2413597637059866e-06,2.775951486455597e-07,13449,
433,,,,13453,3.503001789795235e-05
434,3.4283057175343856e-05,4.778215497935889e-06,2.911004344241519e-07,13459,
434,2.9498043659259565e-05,3.1219340144161833e-06,2.6984187684320204e-07,13469,
434,2.9377491955528967e-05,2.722830004131538e-06,2.613585365907056e-07,13479,
434,,,,13484,3.478634243947454e-05
435,3.048623875656631e-05,3.419529093662277e-06,2.4924483454924484e-07,13489,
435,2.9417693440336734e-05,2.625231672936934e-06,2.5016402105393354e-07,13499,
435,2.9935135898995213e-05,3.000051037815865e-06,2.7916155431739753e-07,13509,
435,,,,13515,3.459686558926478e-05
436,3.175007441313937e-05,3.4067129490722436e-06,2.801193943469116e-07,13519,
436,3.150506381643936e-05,3.2053474114945857e-06,2.7763243792833237e-07,13529,
436,2.947452048829291e-05,3.4241516004840378e-06,2.599926745006087e-07,13539,
436,,,,13546,3.3854001230793074e-05
437,3.419381391722709e-05,4.454549525689799e-06,3.047999257432821e-07,13549,
437,2.983643571496941e-05,2.9013544917688705e-06,2.612490561659797e-07,13559,
437,2.8771517463610508e-05,3.54308190253505e-06,2.846189204319671e-07,13569,
437,,,,13577,3.4215921914437786e-05
438,3.8738631701562554e-05,4.89088915855973e-06,2.56510077178973e-07,13579,
438,3.042176649614703e-05,2.9488987820514012e-06,2.5035615180968307e-07,13589,
438,2.957820106530562e-05,3.423001999180997e-06,2.7511950406733376e-07,13599,
438,,,,13608,3.494938573567197e-05
439,3.449980795267038e-05,4.187164449831471e-06,2.8421624165275716e-07,13609,
439,3.0899595003575087e-05,4.214243745082058e-06,2.8621971637221577e-07,13619,
439,2.8887390726595186e-05,3.1883657811704325e-06,2.662883673565375e-07,13629,
439,2.544654307712335e-05,2.017390670516761e-06,4.526376162772294e-09,13639,
439,,,,13639,3.4757998946588486e-05
440,2.9800410629832186e-05,3.427409637879464e-06,2.796969056362286e-07,13649,
440,2.8939408366568387e-05,4.2775700421771035e-06,2.7915345413020987e-07,13659,
440,3.022559394594282e-05,2.81751886177517e-06,3.008235864854214e-07,13669,
440,,,,13670,3.450327494647354e-05
441,3.0028104447410442e-05,3.4327993034821702e-06,3.0035400300221227e-07,13679,
441,2.980493809445761e-05,3.971382739109686e-06,2.5909457690431736e-07,13689,
441,2.9731520044151694e-05,2.6600346245686524e-06,2.7042332817472925e-07,13699,
441,,,,13701,3.4512660931795835e-05
442,3.111899786745198e-05,4.6395266508625355e-06,2.732784309955605e-07,13709,
442,2.8863732950412668e-05,2.6610330223775236e-06,2.7260691126684833e-07,13719,
442,2.9734059353359044e-05,3.577613142624614e-06,2.656287847457861e-07,13729,
442,,,,13732,3.5997480154037476e-05
443,3.5820179618895054e-05,4.700792942458065e-06,2.674903214483493e-07,13739,
443,3.0354856789927e-05,3.6765466120414203e-06,2.698509149468009e-07,13749,
443,3.082135663134977e-05,3.7074119063618127e-06,2.832149164078146e-07,13759,
443,,,,13763,4.273811282473616e-05
444,4.8621484893374145e-05,1.0612948244670406e-05,2.978537452236196e-07,13769,
444,3.311805994599126e-05,4.197826910967706e-06,2.7538573021956836e-07,13779,
444,3.04930563288508e-05,4.329514467826812e-06,2.657945117334748e-07,13789,
444,,,,13794,3.360592381795868e-05
445,3.4597360354382545e-05,5.042227257945342e-06,2.550210354002047e-07,13799,
445,2.9016877306276e-05,2.9886434731452027e-06,2.5555374350005877e-07,13809,
445,2.977714393637143e-05,3.0826868169242516e-06,2.8492675596680783e-07,13819,
445,,,,13825,3.099020614172332e-05
446,3.064424163312651e-05,3.219112159058568e-06,2.8573077770488453e-07,13829,
446,2.9424711101455614e-05,2.842029516614275e-06,2.82994847111695e-07,13839,
446,2.8116690373281017e-05,2.2405806703318376e-06,2.649385066888499e-07,13849,
446,,,,13856,3.170782656525262e-05
447,2.9438007913995534e-05,2.809814759530127e-06,3.107764996457263e-07,13859,
447,2.908431997639127e-05,2.3909021820145426e-06,2.668835463737196e-07,13869,
447,2.789954851323273e-05,2.3087729914550437e-06,2.9102244525347487e-07,13879,
447,,,,13887,2.989447420986835e-05
448,3.15192410198506e-05,5.088615580461919e-06,2.6102222250301566e-07,13889,
448,3.068046862608753e-05,2.8012352686346276e-06,2.5570926709406194e-07,13899,
448,2.919105827459134e-05,2.7489747935760533e-06,2.8120251727159484e-07,13909,
448,,,,13918,3.431984441704117e-05
449,3.4127435355912894e-05,7.803664630046114e-06,2.904823475091689e-07,13919,
449,3.277515497757122e-05,3.891022060997784e-06,2.9214865548965463e-07,13929,
449,2.9484182960004546e-05,2.8849874524894403e-06,2.720226177643781e-07,13939,
449,2.5890865799738094e-05,2.527173137423233e-06,4.653990082204018e-09,13949,
449,,,,13949,3.647018820629455e-05
450,3.256802665418945e-05,3.922916221199557e-06,2.85944167899288e-07,13959,
450,2.973838127218187e-05,3.1205065624817507e-06,2.848951226042118e-07,13969,
450,2.895545731007587e-05,2.432206201774534e-06,3.0723339250471327e-07,13979,
450,,,,13980,3.1934265280142426e-05
451,2.8775875762221403e-05,3.000166998390341e-06,3.0548164886567974e-07,13989,
451,2.8734753868775442e-05,2.168735591112636e-06,2.647903727392986e-07,13999,
451,2.8466645744629204e-05,2.3401580619974993e-06,2.7590479589889583e-07,14009,
451,,,,14011,3.034970723092556e-05
452,2.893487544497475e-05,2.4184523681469727e-06,2.7896743404198787e-07,14019,
452,2.7562793547986075e-05,2.248116288683377e-06,2.7843029215546267e-07,14029,
452,2.813634455378633e-05,2.3229329144669464e-06,2.7151722292728664e-07,14039,
452,,,,14042,2.9501848985091783e-05
453,2.8284654035815038e-05,2.250047600682592e-06,2.732927555371134e-07,14049,
453,2.8112339350627735e-05,2.3107875222194707e-06,2.7558829174267885e-07,14059,
453,2.7891937861568294e-05,1.9935430373152485e-06,2.89697197786154e-07,14069,
453,,,,14073,3.0366089049493894e-05
454,2.9282120522111654e-05,2.561779410825693e-06,3.029275603694259e-07,14079,
454,2.8851618480985053e-05,2.3604859507031506e-06,2.824142768531601e-07,14089,
454,2.935611155407969e-05,2.6360805804870324e-06,2.7217419074077043e-07,14099,
454,,,,14104,4.0439179429085925e-05
455,3.035346708202269e-05,4.663361323764548e-06,2.598547723664524e-07,14109,
455,3.0111326850601472e-05,2.912081299655256e-06,2.6093377414326824e-07,14119,
455,3.1098490580916405e-05,4.302520665078191e-06,2.9144010227355466e-07,14129,
455,,,,14135,3.841160287265666e-05
456,3.750878749997355e-05,7.287733296834631e-06,2.9239313903417496e-07,14139,
456,3.1216426577884704e-05,3.3421104035369353e-06,2.8934653073520167e-07,14149,
456,3.0033990697120316e-05,3.209037458873354e-06,2.7120447043671447e-07,14159,
456,,,,14166,3.4595934266690165e-05
457,3.512822513584979e-05,5.482482720253756e-06,3.181029342158581e-07,14169,
457,2.8663596822298132e-05,3.6494463984126924e-06,2.727224455156829e-07,14179,
457,2.7667372705764137e-05,2.3675763713981723e-06,2.9729159223279567e-07,14189,
457,,,,14197,3.029976687685121e-05
458,3.1035244319355115e-05,2.649230964379967e-06,2.668072625056084e-07,14199,
458,2.877339647966437e-05,2.497871037121513e-06,2.607253009045962e-07,14209,
458,2.8065696824342012e-05,2.354596063014469e-06,2.8634346449507575e-07,14219,
458,,,,14228,3.112961712758988e-05
459,3.057582216570154e-05,3.069845433856244e-06,2.958460640911653e-07,14229,
459,2.921252598753199e-05,2.9305492716957815e-06,2.9768278864139575e-07,14239,
459,2.8418855436029844e-05,3.066802264584112e-06,2.770916012195812e-07,14249,
459,2.409988155704923e-05,1.3640994893648895e-06,4.7156394344938235e-09,14259,
459,,,,14259,3.312837361590937e-05
460,2.7987211069557816e-05,2.675110636118916e-06,2.9102747589604405e-07,14269,
460,2.7944715839112177e-05,3.822622602456249e-06,2.9067419404782413e-07,14279,
460,2.9898750653956085e-05,2.8239226139703533e-06,3.1300018576985167e-07,14289,
460,,,,14290,3.538140299497172e-05
461,3.0262723157647997e-05,4.35481433669338e-06,3.1271400757759693e-07,14299,
461,2.8807882699766196e-05,3.873931746056769e-06,2.698789671740087e-07,14309,
461,2.9466531486832537e-05,2.548754537201603e-06,2.8138146035416867e-07,14319,
461,,,,14321,3.2804404327180237e-05
462,2.975572169816587e-05,4.889577667199774e-06,2.8453274580897414e-07,14329,
462,2.7943015084019862e-05,2.4753951493039494e-06,2.8405236207618145e-07,14339,
462,2.8965820092707872e-05,2.9588879897346487e-06,2.770863432033366e-07,14349,
462,,,,14352,3.075661152251996e-05
463,2.987103107443545e-05,3.1984825454856036e-06,2.7825558390759397e-07,14359,
463,2.7773949113907292e-05,2.924542513937922e-06,2.812720367728616e-07,14369,
463,2.8665010177064687e-05,3.182356294928468e-06,2.952166369141196e-07,14379,
463,,,,14383,3.4044500353047624e-05
464,3.456416743574664e-05,6.109316018410027e-06,3.0954728913457075e-07,14389,
464,2.8652126275119372e-05,4.901905413134955e-06,2.8783196626136487e-07,14399,
464,2.814831350406166e-05,3.118298309345846e-06,2.773838900793635e-07,14409,
464,,,,14414,4.416946103447117e-05
465,4.580072345561348e-05,1.1870172784256283e-05,2.650800752235227e-07,14419,
465,3.055935667362064e-05,8.731290108698886e-06,2.659224094259116e-07,14429,
465,2.8795922844437882e-05,3.853865564451553e-06,2.9572672133326705e-07,14439,
465,,,,14445,3.133526479359716e-05
466,3.07641712424811e-05,5.289743057801388e-06,2.96884508088624e-07,14449,
466,2.959345692943316e-05,3.6009064388053957e-06,2.940541321549972e-07,14459,
466,2.7379517632653005e-05,2.5959652703022584e-06,2.7578190042731876e-07,14469,
466,,,,14476,2.945560117950663e-05
467,2.8761676730937324e-05,2.433610234220396e-06,3.230304628232261e-07,14479,
467,2.8421540264389478e-05,2.607962414913345e-06,2.780739691843337e-07,14489,
467,2.6836167307919823e-05,2.0686459265562007e-06,3.029389574749075e-07,14499,
467,,,,14507,2.7952444725087844e-05
468,2.8358081181067973e-05,2.664204430402606e-06,2.712892808176548e-07,14509,
468,2.7013673388864845e-05,1.9965748379036086e-06,2.6522423013375374e-07,14519,
468,2.7298814529785886e-05,2.0728718936879886e-06,2.920297959008167e-07,14529,
468,,,,14538,2.8330137865850702e-05
469,2.790771941363346e-05,2.253017783004907e-06,3.019303846940602e-07,14539,
469,2.774850327114109e-05,2.3016932573227677e-06,3.0356082447724475e-07,14549,
469,2.64315603999421e-05,1.91956814887817e-06,2.824814657742536e-07,14559,
469,2.326758658455219e-05,1.1053920161430142e-06,4.814640686134908e-09,14569,
469,,,,14569,2.8747494070557877e-05
470,2.6708206860348582e-05,2.1118148652021773e-06,2.967651653307257e-07,14579,
470,2.6896670533460565e-05,2.488594191163429e-06,2.9659048550456646e-07,14589,
470,2.759611015790142e-05,2.5569538593117613e-06,3.1891624985291855e-07,14599,
470,,,,14600,2.9982871637912467e-05
471,2.992992267536465e-05,3.8475550354633015e-06,3.182617263064458e-07,14609,
471,2.8493121135397814e-05,3.261373876739526e-06,2.750147700680827e-07,14619,
471,2.7583057089941576e-05,2.2940130293136463e-06,2.866541422008595e-07,14629,
471,,,,14631,3.570850094547495e-05
472,3.5281012969790027e-05,5.924238848820096e-06,2.904271809711645e-07,14639,
472,3.0360999517142773e-05,3.432319545026985e-06,2.897231752285734e-07,14649,
472,2.9138129320926964e-05,3.31495516547875e-06,2.8247805516912194e-07,14659,
472,,,,14662,3.8136360672069713e-05
473,5.4701438784832135e-05,5.016852355765877e-06,2.8442909183468146e-07,14669,
473,3.677179483929649e-05,5.3421354095917195e-06,2.8699957965727663e-07,14679,
473,3.852567897411063e-05,1.0957431186398026e-05,3.0303900189210253e-07,14689,
473,,,,14693,5.986867836327292e-05
474,3.813007424469106e-05,9.891863555822056e-06,3.1529137345387426e-07,14699,
474,3.647886842372827e-05,7.411502338072751e-06,2.9542178481278825e-07,14709,
474,3.0007606255821884e-05,4.912851636618143e-06,2.835109569332417e-07,14719,
474,,,,14724,3.6742629163200036e-05
475,3.733535413630307e-05,3.904695404344238e-06,2.71903616066993e-07,14729,
475,2.866425165848341e-05,3.2876400837267283e-06,2.7151665449309803e-07,14739,
475,2.7462781872600317e-05,2.2418912521970924e-06,3.01344442732443e-07,14749,
475,,,,14755,3.1533654691884294e-05
476,3.2981708500301465e-05,3.975760137109319e-06,3.028819435257901e-07,14759,
476,2.828536344168242e-05,2.4614525955257704e-06,2.994547685375437e-07,14769,
476,2.713283356570173e-05,2.2019012249074876e-06,2.805199699196237e-07,14779,
476,,,,14786,2.835206214513164e-05
477,2.8181455490994267e-05,2.2638303107669344e-06,3.2863135857041925e-07,14789,
477,2.701033554330934e-05,2.1139801447134232e-06,2.8328142320788174e-07,14799,
477,2.6013893148046918e-05,1.897884430945851e-06,3.0867420264257817e-07,14809,
477,,,,14817,2.802358903863933e-05
478,2.813039463944733e-05,2.909397835537675e-06,2.761565269793209e-07,14819,
478,2.6543708372628316e-05,1.8388071794106509e-06,2.7005324909623596e-07,14829,
478,2.7075606340076774e-05,2.0099514586036094e-06,2.9715846494582365e-07,14839,
478,,,,14848,2.7996604330837727e-05
479,2.7595373467192985e-05,2.3884720121714054e-06,3.072583751873026e-07,14849,
479,2.6728706870926544e-05,2.094260707963258e-06,3.088793505412468e-07,14859,
479,2.623642467369791e-05,1.9305175555928145e-06,2.8743662028318795e-07,14869,
479,2.287942152179312e-05,1.1840825209219474e-06,4.888315086049033e-09,14879,
479,,,,14879,2.7519912691786885e-05
480,2.62364192167297e-05,1.9493063518893905e-06,3.0198856393326423e-07,14889,
480,2.6417856133775786e-05,1.9931489987357054e-06,3.0153762509144144e-07,14899,
480,2.685297658899799e-05,2.0104650957364356e-06,3.2457310794598015e-07,14909,
480,,,,14910,2.748278529907111e-05
481,2.6403242372907698e-05,1.917848976518144e-06,3.2327645271834626e-07,14919,
481,2.6444522518431768e-05,1.9243359474785393e-06,2.799158096422616e-07,14929,
481,2.6744912247522734e-05,2.074701342280605e-06,2.918650068295392e-07,14939,
481,,,,14941,2.74759568128502e-05
482,2.7462274374556728e-05,2.325097966604517e-06,2.951060480427259e-07,14949,
482,2.601736741780769e-05,1.989523525480763e-06,2.946827919458883e-07,14959,
482,2.6583942599245347e-05,2.1368966827139957e-06,2.874132007946173e-07,14969,
482,,,,14972,2.9792672648909502e-05
483,3.179172927048057e-05,3.917681624443503e-06,2.884546574932756e-07,14979,
483,2.8397411369951442e-05,3.493265921861166e-06,2.913005801019608e-07,14989,
483,2.736464921326842e-05,3.2603661566099618e-06,3.061791460368113e-07,14999,
483,,,,15003,3.684121838887222e-05
484,4.400967372930609e-05,1.072755731001962e-05,3.206734504601627e-07,15009,
484,2.9174814699217677e-05,6.041626420483226e-06,2.9852895977455773e-07,15019,
484,2.764651071629487e-05,3.430294327699812e-06,2.8658774908763007e-07,15029,
484,,,,15034,3.327237573103048e-05
485,3.389198172953911e-05,5.106517619424267e-06,2.748498388882581e-07,15039,
485,2.7521535230334848e-05,3.2073942293209257e-06,2.756262915681873e-07,15049,
485,2.7758047508541495e-05,2.7359239993529627e-06,3.0682235774293076e-07,15059,
485,,,,15065,3.1557046895613894e-05
486,3.1319563277065754e-05,3.9555384319100995e-06,3.080160411172983e-07,15069,
486,2.9684437322430313e-05,2.9798718514939537e-06,3.0447111498688173e-07,15079,
486,2.6881933081313036e-05,2.362280156376073e-06,2.8572330279530433e-07,15089,
486,,,,15096,3.164475128869526e-05
487,2.8080214178771712e-05,3.4136330668843584e-06,3.350543522628868e-07,15099,
487,2.83836416201666e-05,2.724107389440178e-06,2.8866776347058476e-07,15109,
487,2.6375795641797595e-05,2.3576783405587776e-06,3.141660158689774e-07,15119,
487,,,,15127,2.9185221137595363e-05
488,2.9792165150865912e-05,3.6646863463829504e-06,2.8130293117101246e-07,15129,
488,2.788498932204675e-05,2.2867272946314188e-06,2.7456627549327095e-07,15139,
488,2.7430345653556287e-05,2.840117986124824e-06,3.021458496732521e-07,15149,
488,,,,15158,3.233769166399725e-05
489,3.2179781555896625e-05,4.496526344155427e-06,3.130867867184861e-07,15159,
489,2.933184805442579e-05,3.2332463888451457e-06,3.1411127565661445e-07,15169,
489,2.8143633244326338e-05,2.4305622901010793e-06,2.9251791033857444e-07,15179,
489,2.217252585978713e-05,1.1578759995245491e-06,4.9844137706145375e-09,15189,
489,,,,15189,3.286785431555472e-05
490,3.086472861468792e-05,4.606813945429167e-06,3.076959558256931e-07,15199,
490,2.6605774110066704e-05,2.426369519525906e-06,3.0714690524291655e-07,15209,
490,2.7379512175684795e-05,2.643455218276358e-06,3.303429423340276e-07,15219,
490,,,,15220,4.091580558451824e-05
491,3.0341605452122167e-05,4.4435905692807864e-06,3.28853616338165e-07,15229,
491,2.828511605912354e-05,2.8872534585389076e-06,2.858299126273778e-07,15239,
491,2.9750224712188356e-05,2.615622861412703e-06,2.975796462578728e-07,15249,
491,,,,15251,3.432387165958062e-05
492,3.064701013499871e-05,4.036984591948567e-06,3.018460859038896e-07,15259,
492,2.6899559088633396e-05,2.7535236313269706e-06,3.009297984135628e-07,15269,
492,2.850053169822786e-05,2.722983936109813e-06,2.934937981535768e-07,15279,
492,,,,15282,3.362012284924276e-05
493,3.0166556825861335e-05,4.023831024824176e-06,2.943646677522338e-07,15289,
493,2.7226795282331295e-05,3.113724005743279e-06,2.971345622881927e-07,15299,
493,2.6581074052955955e-05,2.1978455606586067e-06,3.123201679500198e-07,15309,
493,,,,15313,3.128667958662845e-05
494,3.1646723073208705e-05,5.496026915352559e-06,3.2631800195304095e-07,15319,
494,2.7838788810186088e-05,3.132623987767147e-06,3.052295767247415e-07,15329,
494,2.625286469992716e-05,2.4949820272013312e-06,2.925676767517871e-07,15339,
494,,,,15344,2.9306600481504574e-05
495,2.7173735361429863e-05,4.463113782549044e-06,2.803108714033442e-07,15349,
495,2.6750669348984957e-05,2.138801619366859e-06,2.8097491622247617e-07,15359,
495,2.6694351618061773e-05,2.1669013676728355e-06,3.12648637645907e-07,15369,
495,,,,15375,2.777966255962383e-05
496,2.7572150429477915e-05,2.3879815671534743e-06,3.136215696031286e-07,15379,
496,2.641940773173701e-05,1.9699414224305656e-06,3.0992458732725936e-07,15389,
496,2.5523058866383508e-05,2.1673749870387837e-06,2.9095522791067197e-07,15399,
496,,,,15406,2.7323263566358946e-05
497,2.8763353839167394e-05,2.958886625492596e-06,3.4158424000452214e-07,15409,
497,2.720982774917502e-05,2.268972821184434e-06,2.9390440658971784e-07,15419,
497,2.543750815675594e-05,2.1147575353097636e-06,3.202408151992131e-07,15429,
497,,,,15437,3.2945968996500596e-05
498,4.2664567445172e-05,5.895075901207747e-06,2.867622015401139e-07,15439,
498,3.198749618604779e-05,3.6730270949192345e-06,2.80376298178453e-07,15449,
498,2.8317157557467e-05,3.535213636496337e-06,3.074672179081972e-07,15459,
498,,,,15468,3.1677082006353885e-05
499,3.111891055596061e-05,5.0324124458711594e-06,3.192381541339273e-07,15469,
499,2.7165851861354895e-05,2.850387090802542e-06,3.2056198051577667e-07,15479,
499,2.810344085446559e-05,2.517523626011098e-06,2.981365696541616e-07,15489,
499,2.2038831957615912e-05,1.4114860960035003e-06,5.070610598068015e-09,15499,
499,,,,15499,3.051971361855976e-05
500,2.7467071049613878e-05,2.5853505576378666e-06,3.136461828034953e-07,15509,
500,2.618260077724699e-05,2.2244246338232188e-06,3.124724230474385e-07,15519,
500,2.6308387532480992e-05,2.188979124184698e-06,3.360283926667762e-07,15529,
500,,,,15530,2.836816929630004e-05
501,2.5555063984938897e-05,2.3513998712587636e-06,3.342090906244266e-07,15539,
501,2.6137784516322426e-05,2.180561978093465e-06,2.9029496317889425e-07,15549,
501,2.6145386073039845e-05,2.1676287360605784e-06,3.020844587808824e-07,15559,
501,,,,15561,2.8355721951811574e-05
502,2.7359545129002072e-05,2.2608992367167957e-06,3.058385971144162e-07,15569,
502,2.597201819298789e-05,2.400251105427742e-06,3.0486111768368573e-07,15579,
502,2.59055923379492e-05,2.1292294150043745e-06,2.9790442113153404e-07,15589,
502,,,,15592,3.03959986922564e-05
503,2.9163855288061313e-05,3.6732378703163704e-06,2.985696880841715e-07,15599,
503,2.6163555958191864e-05,3.3864221222756896e-06,3.015004779172159e-07,15609,
503,2.607009810162708e-05,3.0092419365246315e-06,3.168407545217633e-07,15619,
503,,,,15623,2.8138711059000343e-05
504,2.7071575459558517e-05,3.154918658765382e-06,3.3143183486572525e-07,15629,
504,2.5828103389358148e-05,2.9584293770312797e-06,3.100276160239446e-07,15639,
504,2.5285333322244696e-05,1.8332129911868833e-06,2.9709627824558993e-07,15649,
504,,,,15654,2.8184573238831945e-05
505,2.6542646082816646e-05,2.941363845820888e-06,2.8495128390204627e-07,15659,
505,2.7594320272328332e-05,2.4996795673359884e-06,2.8575695409926993e-07,15669,
505,2.7208723622607067e-05,2.5900583295879187e-06,3.1717181059320865e-07,15679,
505,,,,15685,3.621960058808327e-05
506,3.460428342805244e-05,5.061223419033922e-06,3.1846238357502443e-07,15689,
506,2.7523145035956986e-05,3.0217249786801403e-06,3.1522108656645287e-07,15699,
506,3.106182339251973e-05,5.377259185479488e-06,2.958922493689897e-07,15709,
506,,,,15716,3.4118816984118894e-05
507,3.1892112019704655e-05,6.229096015886171e-06,3.4694656392275647e-07,15719,
507,3.0394061468541622e-05,3.063706799366628e-06,2.992166798776452e-07,15729,
507,2.6282194085069932e-05,2.9984039429109544e-06,3.2590369869467395e-07,15739,
507,,,,15747,3.0311914088088088e-05
508,3.4630407753866166e-05,7.409686986648012e-06,2.904110942836269e-07,15749,
508,2.5711164198582992e-05,2.585112270026002e-06,2.8396132734087587e-07,15759,
508,2.615700213937089e-05,2.5940719297068426e-06,3.1221100016409764e-07,15769,
508,,,,15778,2.8544287488330156e-05
509,2.8304470106377266e-05,3.7399574921437306e-06,3.2343780276278267e-07,15779,
509,2.6835070457309484e-05,2.606923089842894e-06,3.244150832415471e-07,15789,
509,2.720348675211426e-05,2.2803706087870523e-06,3.01816925230014e-07,15799,
509,2.128617234120611e-05,1.0674614259187365e-06,5.140326386765537e-09,15809,
509,,,,15809,3.1743544241180643e-05
510,2.9642362278536893e-05,3.767637508644839e-06,3.182595946782385e-07,15819,
510,2.5549654310452752e-05,2.788675374176819e-06,3.174781113557401e-07,15829,
510,2.586076152510941e-05,2.217464952991577e-06,3.406096595881536e-07,15839,
510,,,,15840,2.830478479154408e-05
511,2.5548546545905992e-05,2.300063670190866e-06,3.391154734799784e-07,15849,
511,2.5985851607401855e-05,2.188499593103188e-06,2.9472667506524886e-07,15859,
511,2.622161446197424e-05,2.1702742287743604e-06,3.0722551969120104e-07,15869,
511,,,,15871,2.7731932277674787e-05
512,2.7471513021737337e-05,2.3214031443785643e-06,3.1098323916012305e-07,15879,
512,2.588933966762852e-05,2.067472905764589e-06,3.103257597558695e-07,15889,
512,2.5580840883776546e-05,2.8295683023316087e-06,3.026488570867514e-07,15899,
512,,,,15902,2.8584541723830625e-05
513,3.033143912034575e-05,3.377655275471625e-06,3.03006146396001e-07,15909,
513,2.7148385925102048e-05,3.0513799629261484e-06,3.062144742216333e-07,15919,
513,2.598997343739029e-05,2.592564896986005e-06,3.2204110311795375e-07,15929,
513,,,,15933,3.100821049883962e-05
514,2.9633903977810405e-05,3.857021511066705e-06,3.353501938363479e-07,15939,
514,2.6859113859245554e-05,2.996822104250896e-06,3.148424241317116e-07,15949,
514,2.602735548862256e-05,2.3735640297672944e-06,3.0149334406814887e-07,15959,
514,,,,15964,3.36795965267811e-05
515,3.097668377449736e-05,5.640234576276271e-06,2.893617931931658e-07,15969,
515,2.6808847906067967e-05,3.849876520689577e-06,2.8999863843637286e-07,15979,
515,2.5808463760768063e-05,2.8715328426187625e-06,3.2227339374912845e-07,15989,
515,,,,15995,3.4617649362189695e-05
516,3.316675065434538e-05,5.023331141273957e-06,3.236175984966394e-07,15999,
516,2.7889429475180805e-05,4.872805220657028e-06,3.1964782465365715e-07,16009,
516,2.6088315280503593e-05,2.556461140557076e-06,3.004930420047458e-07,16019,
516,,,,16026,3.1538671464659274e-05
517,2.9027878554188646e-05,3.8343896449077874e-06,3.517681932407868e-07,16029,
517,2.6375693778390996e-05,2.4988582936202874e-06,3.039374121271976e-07,16039,
517,2.472877167747356e-05,2.4380628929066006e-06,3.3009430921993044e-07,16049,
517,,,,16057,2.7682632207870483e-05
518,2.9437858756864443e-05,3.7335732940846356e-06,2.952668296529737e-07,16059,
518,2.6127421733690426e-05,2.656607193785021e-06,2.8890238468193274e-07,16069,
518,2.5472203560639173e-05,2.4238950118160574e-06,3.170369780036708e-07,16079,
518,,,,16088,2.596037302282639e-05
519,2.5601713787182234e-05,2.0494867385423277e-06,3.283021499100869e-07,16089,
519,2.4656485038576648e-05,1.9562521629268304e-06,3.302741333754966e-07,16099,
519,2.435365240671672e-05,1.805425995371479e-06,3.069053207127581e-07,16109,
519,2.018493614741601e-05,9.361419301967544e-07,5.239086497965673e-09,16119,
519,,,,16119,2.6042827812489122e-05
520,2.5419929443160072e-05,2.5630672553234035e-06,3.235838335058361e-07,16129,
520,2.5150944566121325e-05,2.0489819689828437e-06,3.2307573860634875e-07,16139,
520,2.6685058401199058e-05,2.5284630282840226e-06,3.4636875057003635e-07,16149,
520,,,,16150,3.7231293390505016e-05
521,3.26086301356554e-05,4.052260919706896e-06,3.464774351868982e-07,16159,
521,2.6812731448444538e-05,3.676920414363849e-06,2.99512436185978e-07,16169,
521,2.7821890398627147e-05,2.4641865365993e-06,3.1177287951322796e-07,16179,
521,,,,16181,2.9235263355076313e-05
522,2.747384860413149e-05,2.773708501990768e-06,3.1618046136827616e-07,16189,
522,2.5725930754560977e-05,2.933970563390176e-06,3.151957059799315e-07,16199,
522,2.48414962698007e-05,2.068111598418909e-06,3.075398353757919e-07,16209,
522,,,,16212,2.7847114324686117e-05
523,2.7041291104978882e-05,3.1900087833491853e-06,3.0796653049947054e-07,16219,
523,2.534206214477308e-05,4.1367547964910045e-06,3.1105540188036684e-07,16229,
523,2.5288487449870445e-05,2.7942944598180475e-06,3.269690580509632e-07,16239,
523,,,,16243,3.0317221899167635e-05
524,3.352203930262476e-05,5.172797045815969e-06,3.4140597904297465e-07,16249,
524,2.6827554393094033e-05,2.875129212043248e-06,3.188544894783263e-07,16259,
524,2.566436342021916e-05,2.435441729176091e-06,3.058632671582018e-07,16269,
524,,,,16274,2.9067212381050922e-05
525,2.8842399842687882e-05,4.136490133532789e-06,2.945546384580666e-07,16279,
525,2.5273961000493728e-05,2.6345821879658615e-06,2.9412953495011607e-07,16289,
525,2.554786260589026e-05,2.024011791945668e-06,3.2700796737117344e-07,16299,
525,,,,16305,2.810636033245828e-05
526,2.763873817457352e-05,2.5611254841351183e-06,3.2841651886883483e-07,16309,
526,2.5757104594958946e-05,3.0999945010989904e-06,3.2409690220447374e-07,16319,
526,2.4173339625122026e-05,1.9590484043874312e-06,3.0419818131122156e-07,16329,
526,,,,16336,2.707353633013554e-05
527,2.529861194489058e-05,1.957196445800946e-06,3.5707725487554853e-07,16339,
527,2.492989005986601e-05,1.976790599655942e-06,3.0830278774374165e-07,16349,
527,2.3689810404903255e-05,1.7335286202069256e-06,3.3529357779116253e-07,16359,
527,,,,16367,2.6603491278365254e-05
528,2.7587102522375062e-05,3.827422915492207e-06,2.9907675980211934e-07,16369,
528,2.4981363822007552e-05,2.4917540031310637e-06,2.9291484793247946e-07,16379,
528,2.4818429665174335e-05,2.3917491489555687e-06,3.2168586017178313e-07,16389,
528,,,,16398,2.628981019370258e-05
529,2.5918125174939632e-05,4.095169060747139e-06,3.3288011991317035e-07,16399,
529,2.5031149561982602e-05,3.160399273838266e-06,3.350866677465092e-07,16409,
529,2.443065750412643e-05,1.859353574218403e-06,3.11123955043513e-07,16419,
529,1.9957380573032424e-05,1.3764602044830099e-06,5.321902030175352e-09,16429,
529,,,,16429,3.149249459966086e-05
530,2.7796628273790702e-05,3.4304664495721227e-06,3.29032900481252e-07,16439,
530,3.267589272581972e-05,5.234649506746791e-06,3.288278094260022e-07,16449,
530,3.082088733208366e-05,4.374283889774233e-06,3.517394304708432e-07,16459,
530,,,,16460,6.133838905952871e-05
531,3.9008587918942794e-05,1.0305541763955262e-05,3.4979095175913244e-07,16469,
531,3.283498153905384e-05,5.187211172597017e-06,3.0405325901483593e-07,16479,
531,2.7699376005330123e-05,3.328618504383485e-06,3.166130113640975e-07,16489,
531,,,,16491,3.4776090615196154e-05
532,3.421653309487738e-05,4.834718311030883e-06,3.213972377125174e-07,16499,
532,2.511449383746367e-05,2.2903893750481075e-06,3.197818045919121e-07,16509,
532,2.6494359190110117e-05,2.7154082999913953e-06,3.1311907378039905e-07,16519,
532,,,,16522,2.8143453164375387e-05
533,2.583987225079909e-05,2.3637967387912795e-06,3.121544125406217e-07,16529,
533,2.5562947485013865e-05,2.1418247797555523e-06,3.162763277941849e-07,16539,
533,2.4847777240211144e-05,1.7266049781028414e-06,3.3192446835528244e-07,16549,
533,,,,16553,2.662461338331923e-05
534,2.508782381482888e-05,2.221890099463053e-06,3.457948309915082e-07,16559,
534,2.4196504455176182e-05,1.8375012587057427e-06,3.246520350330684e-07,16569,
534,2.3815353415557183e-05,1.6647760503474274e-06,3.1050666393639403e-07,16579,
534,,,,16584,2.637367470015306e-05
535,2.5203675249940716e-05,2.2941430870559998e-06,2.9762978215330804e-07,16589,
535,2.3596565370098688e-05,1.6225566241701017e-06,2.9805607937305467e-07,16599,
535,2.3738692107144743e-05,1.5835552176213241e-06,3.3137089872070646e-07,16609,
535,,,,16615,2.6413905288791284e-05
536,2.5600489607313648e-05,2.1461135020217625e-06,3.3256816323046223e-07,16619,
536,2.4245788154075854e-05,1.7609580709176953e-06,3.2800571148072777e-07,16629,
536,2.4095417757052928e-05,1.8462618527337327e-06,3.08363297563119e-07,16639,
536,,,,16646,3.0163248084136285e-05
537,2.6223782697343268e-05,2.7863507057190873e-06,3.6218429499967897e-07,16649,
537,2.8104741431889124e-05,3.2291227398673072e-06,3.120986207250098e-07,16659,
537,2.597773345769383e-05,2.3442421479558107e-06,3.3992816383943136e-07,16669,
537,,,,16677,3.013403147633653e-05
538,3.061570168938488e-05,6.742465757270111e-06,3.0322979682750884e-07,16679,
538,2.88330211333232e-05,3.4587731079227524e-06,2.9682652780138596e-07,16689,
538,2.6152953068958595e-05,2.3741824861645e-06,3.267717829658068e-07,16699,
538,,,,16708,2.5700101105030626e-05
539,2.536580723244697e-05,4.441437340574339e-06,3.370796832768974e-07,16709,
539,2.521287569834385e-05,3.0771254841965856e-06,3.391766369986726e-07,16719,
539,2.3519804017269053e-05,1.8429220745019848e-06,3.147881386666995e-07,16729,
539,1.8930262740468606e-05,1.0867826176763629e-06,5.393209434600976e-09,16739,
539,,,,16739,2.5756258764886297e-05
540,2.4406908778473735e-05,2.5739032025740016e-06,3.3225509810108633e-07,16749,
540,2.3890108423074707e-05,1.9326275833009277e-06,3.321055146443541e-07,16759,
540,2.4338274670299143e-05,1.916037717819563e-06,3.5590278457675595e-07,16769,
540,,,,16770,2.688857239263598e-05
541,2.557210609666072e-05,2.495701210136758e-06,3.541108242188784e-07,16779,
541,2.5139002900687046e-05,2.3917443741083844e-06,3.0774370429753617e-07,16789,
541,2.4410423066001385e-05,1.9699234599102056e-06,3.206627923191263e-07,16799,
541,,,,16801,2.872506775020156e-05
542,2.707388557610102e-05,3.3996300317085115e-06,3.241134152176528e-07,16809,
542,2.4006894818739966e-05,2.1322498469089624e-06,3.236439454212814e-07,16819,
542,2.5332476070616394e-05,2.37397989621968e-06,3.1665140909353795e-07,16829,
542,,,,16832,3.4239041269756854e-05
543,3.443792593316175e-05,4.593049652612535e-06,3.161054280553799e-07,16839,
543,2.751229658315424e-05,2.9486541279766243e-06,3.198882154720195e-07,16849,
543,2.4617875169496983e-05,2.5273909614043077e-06,3.3632926488280646e-07,16859,
543,,,,16863,2.654237141541671e-05
544,2.6796695237862878e-05,4.472336968319723e-06,3.502458127968566e-07,16869,
544,2.4744127586018294e-05,2.7290955131320516e-06,3.295831163541152e-07,16879,
544,2.3846871044952422e-05,1.9295807760499883e-06,3.145618165945052e-07,16889,
544,,,,16894,2.8023263439536095e-05
545,2.743099321378395e-05,3.053901082239463e-06,3.0303360176731076e-07,16899,
545,2.4168983145500533e-05,2.2653009636997012e-06,3.0250217264438106e-07,16909,
545,2.423077057756018e-05,3.260669927840354e-06,3.3614790595493105e-07,16919,
545,,,,16925,2.827745811373461e-05
546,2.658943230926525e-05,3.392009375602356e-06,3.370618344433751e-07,16929,
546,2.416320603515487e-05,2.693144324439345e-06,3.325703517020884e-07,16939,
546,2.364407919230871e-05,1.810264507184911e-06,3.1284844226320274e-07,16949,
546,,,,16956,2.7763091566157527e-05
547,2.720209158724174e-05,3.076100711041363e-06,3.670812702694093e-07,16959,
547,2.5110532078542747e-05,1.987173391171382e-06,3.167106115142815e-07,16969,
547,2.324750312254764e-05,2.191729436162859e-06,3.450352892286901e-07,16979,
547,,,,16987,3.083519186475314e-05
548,3.4584565582918e-05,6.030366876075277e-06,3.0785298577029607e-07,16989,
548,2.5457866286160424e-05,3.5338850921107223e-06,3.0018262009434693e-07,16999,
548,2.5357665435876697e-05,3.062254108954221e-06,3.310696286007442e-07,17009,
548,,,,17018,3.246597771067172e-05
549,3.231769733247347e-05,9.246828994946554e-06,3.4298477658012416e-07,17019,
549,3.0096152840997092e-05,3.1666638733440777e-06,3.439752163103549e-07,17029,
549,2.4957507775980048e-05,3.13605232804548e-06,3.19463509868001e-07,17039,
549,1.9282182620372623e-05,2.3301661258301465e-06,5.476494369105467e-09,17049,
549,,,,17049,3.277764699305408e-05
550,2.5386269044247456e-05,3.0600665468227817e-06,3.3810698596425937e-07,17059,
550,2.415189919702243e-05,2.088347400786006e-06,3.375428718754847e-07,17069,
550,2.404324186500162e-05,1.9383653580007376e-06,3.6123171298640955e-07,17079,
550,,,,17080,2.675912037375383e-05
551,2.3931443138280883e-05,1.8836857407222851e-06,3.5940436760029115e-07,17089,
551,2.3637116100871935e-05,1.880030367829022e-06,3.12222908860349e-07,17099,
551,2.3478616640204564e-05,2.0822801616304787e-06,3.25437099490955e-07,17109,
551,,,,17111,2.662533734110184e-05
552,2.519144254620187e-05,2.30827868108463e-06,3.287167373855482e-07,17119,
552,2.2840062229079194e-05,1.8892463913289248e-06,3.284089018507075e-07,17129,
552,2.336337092856411e-05,2.0222412331349915e-06,3.2149506523637683e-07,17139,
552,,,,17142,2.3726459403405897e-05
553,2.3231739760376513e-05,1.8765757658911753e-06,3.202940774826857e-07,17149,
553,2.315059828106314e-05,1.6458882328151958e-06,3.249127473736735e-07,17159,
553,2.3315387807087973e-05,1.6467364503114368e-06,3.413374827232474e-07,17169,
553,,,,17173,2.4243403458967805e-05
554,2.4249662601505406e-05,3.194238161086105e-06,3.551167537807487e-07,17179,
554,2.3338658138527535e-05,1.892556610982865e-06,3.3449637726334913e-07,17189,
554,2.283056528540328e-05,1.7449813185521634e-06,3.196099953584053e-07,17199,
554,,,,17204,2.5238039597752504e-05
555,2.387046697549522e-05,2.6146503842028324e-06,3.0666708994431247e-07,17209,
555,2.3161035642260686e-05,1.6848233599375817e-06,3.0723825261702586e-07,17219,
555,2.5789682695176452e-05,3.0758608318137703e-06,3.4139449667236477e-07,17229,
555,,,,17235,2.8733898943755776e-05
556,2.6295363568351604e-05,2.7267917630524607e-06,3.4265701742697274e-07,17239,
556,2.4813811251078732e-05,2.6615382466843585e-06,3.3813708455454616e-07,17249,
556,2.8811484298785217e-05,3.101439915553783e-06,3.178849112828175e-07,17259,
556,,,,17266,3.387639299035072e-05
557,2.7498161216499284e-05,5.4670131248713005e-06,3.7289683518793026e-07,17269,
557,2.805992880894337e-05,4.784161774296081e-06,3.214980210941576e-07,17279,
557,2.3458846044377424e-05,1.9683166101458482e-06,3.4981911767317797e-07,17289,
557,,,,17297,2.8464415663620457e-05
558,2.9134498618077487e-05,5.574706847255584e-06,3.11350191850579e-07,17299,
558,2.41078178078169e-05,2.65308744928916e-06,3.048104986191902e-07,17309,
558,2.3861342924647033e-05,2.779521082629799e-06,3.3555329537193757e-07,17319,
558,,,,17328,2.5035051294253208e-05
559,2.4642737116664648e-05,2.79553978543845e-06,3.475697383237275e-07,17329,
559,2.410737215541303e-05,2.334788860025583e-06,3.4895077760666027e-07,17339,
559,2.3302322006202303e-05,1.9454619177849963e-06,3.2425796803181584e-07,17349,
559,1.740804873406887e-05,8.814486136543564e-07,5.581742623661512e-09,17359,
559,,,,17359,2.589015639387071e-05
560,2.3706887077423744e-05,2.6802033517014934e-06,3.426907255743572e-07,17369,
560,2.2533718947670422e-05,1.7206865550178918e-06,3.421204723963456e-07,17379,
560,2.3312162738875486e-05,2.015470499827643e-06,3.6656427937487024e-07,17389,
560,,,,17390,2.557784682721831e-05
561,2.3053024051478133e-05,1.804444650588266e-06,3.6360358990350505e-07,17399,
561,2.3670547307119705e-05,1.998411562453839e-06,3.1672001910010295e-07,17409,
561,2.3414102543029003e-05,1.835165562624752e-06,3.2966102025966393e-07,17419,
561,,,,17421,2.5855197236523964e-05
562,2.561198198236525e-05,3.10454970531282e-06,3.3421790135435003e-07,17429,
562,2.3540165784652345e-05,2.5765307327674236e-06,3.327467652525229e-07,17439,
562,2.3793234504410066e-05,2.1984847080602776e-06,3.2618453360555577e-07,17449,
562,,,,17452,2.9269600418047048e-05
563,3.0213450372684747e-05,4.872484623774653e-06,3.2560578233642445e-07,17459,
563,2.4498487618984655e-05,3.7649010664608795e-06,3.2932067028923484e-07,17469,
563,2.4032251531025395e-05,3.896861471730517e-06,3.4572539675536973e-07,17479,
563,,,,17483,3.100102549069561e-05
564,2.749590748862829e-05,5.046328624302987e-06,3.6074683862352686e-07,17489,
564,2.6183222871623002e-05,5.017798685003072e-06,3.388382197044848e-07,17499,
564,2.3284574126591906e-05,3.0252879241743358e-06,3.2414581596640346e-07,17509,
564,,,,17514,2.7053691155742854e-05
565,2.7848154786624946e-05,9.39152050705161e-06,3.121666338756768e-07,17519,
565,2.378916906309314e-05,2.7431292437540833e-06,3.1129576427701977e-07,17529,
565,2.2585700207855552e-05,2.5196657134074485e-06,3.465061979568418e-07,17539,
565,,,,17545,2.690846122277435e-05
566,2.839606713678222e-05,2.8587321594386594e-06,3.4797463399627304e-07,17549,
566,2.5530362108838744e-05,3.6311819258116884e-06,3.42940523978541e-07,17559,
566,2.474279244779609e-05,2.6230620733258547e-06,3.2253188919639797e-07,17569,
566,,,,17576,3.37242272507865e-05
567,3.240041769458912e-05,5.02515922562452e-06,3.7834473687325954e-07,17579,
567,2.4649445549584925e-05,2.6439990961080184e-06,3.267582542321179e-07,17589,
567,2.25859803322237e-05,2.4595719878561795e-06,3.5469886938699347e-07,17599,
567,,,,17607,2.5584533432265744e-05
568,2.4919005227275193e-05,3.324323870401713e-06,3.1684032819612185e-07,17609,
568,2.2646685465588234e-05,2.340496394026559e-06,3.0956317687014234e-07,17619,
568,2.2468884708359838e-05,1.7059572883226792e-06,3.4063376119775057e-07,17629,
568,,,,17638,2.3122991478885524e-05
569,2.275852602906525e-05,2.26497718358587e-06,3.525141778482066e-07,17639,
569,2.2191818061401136e-05,1.6842583363541053e-06,3.54186738604767e-07,17649,
569,2.142710036423523e-05,1.4095370488576009e-06,3.285094294369628e-07,17659,
569,1.6528156265849248e-05,7.363610166066792e-07,5.695240279379732e-09,17669,
569,,,,17669,2.4153354388545267e-05
570,2.237654189229943e-05,1.8554777625467977e-06,3.4802616255547036e-07,17679,
570,2.2027192244422622e-05,1.936917897182866e-06,3.471625404927181e-07,17689,
570,2.2705500668962486e-05,1.7374021581417765e-06,3.719399330748274e-07,17699,
570,,,,17700,2.57979154412169e-05
571,2.6317884476156905e-05,3.2843877306731883e-06,3.699014996527694e-07,17709,
571,2.3198519556899555e-05,2.5328106403321726e-06,3.215171773263137e-07,17719,
571,2.54791430052137e-05,2.290314796482562e-06,3.347698509514885e-07,17729,
571,,,,17731,3.333580752951093e-05
572,2.7209693143959157e-05,4.623223048838554e-06,3.388783227364911e-07,17739,
572,2.2517484467243776e-05,2.119084228979773e-06,3.382151021469326e-07,17749,
572,2.5921985070453957e-05,3.2139778340933844e-06,3.3157158441099455e-07,17759,
572,,,,17762,2.8496029699454084e-05
573,2.60391734627774e-05,3.6466685742198024e-06,3.3054817549782456e-07,17769,
573,2.259886787214782e-05,2.4950256829470163e-06,3.3439309277127904e-07,17779,
573,2.2764028472010978e-05,1.7728676766637363e-06,3.5106751283819904e-07,17789,
573,,,,17793,2.666871114342939e-05
574,3.1708805181551725e-05,4.105977041035658e-06,3.647789696969994e-07,17799,
574,2.327322908968199e-05,3.5945540730608627e-06,3.437918394411099e-07,17809,
574,2.2521398932440206e-05,2.5659117000031983e-06,3.2860228316167195e-07,17819,
574,,,,17824,2.6424146199133247e-05
575,2.6338244424550794e-05,6.884273261675844e-06,3.154502508095902e-07,17829,
575,2.3144999431679025e-05,2.847641098924214e-06,3.1531257604910934e-07,17839,
575,2.27472137339646e-05,2.583573859737953e-06,3.510483850277524e-07,17849,
575,,,,17855,2.6356419766671024e-05
576,2.5744480808498338e-05,5.0620196816453245e-06,3.5198445402784273e-07,17859,
576,2.383622086199466e-05,2.619908400447457e-06,3.4749893984553637e-07,17869,
576,2.242376831418369e-05,2.1971943624521373e-06,3.2699020380277943e-07,17879,
576,,,,17886,3.486878267722204e-05
577,2.677718293853104e-05,3.2469529287482146e-06,3.8190651707736833e-07,17889,
577,2.5235607608919963e-05,4.073179297847673e-06,3.3063247428799514e-07,17899,
577,2.285947630298324e-05,2.799939238684601e-06,3.591643462641514e-07,17909,
577,,,,17917,2.6366904421593063e-05
578,2.6276915377820842e-05,2.8975250643270556e-06,3.2088772172755853e-07,17919,
578,2.2455120415543206e-05,2.07947982744372e-06,3.132711299258517e-07,17929,
578,2.2140065993880853e-05,1.946679049069644e-06,3.455965327248123e-07,17939,
578,,,,17948,2.3356649762718007e-05
579,2.304200825165026e-05,2.279520913361921e-06,3.5679178722602956e-07,17949,
579,2.229156052635517e-05,2.044300572379143e-06,3.5824706401399453e-07,17959,
579,2.139633215847425e-05,1.4222382560546976e-06,3.3300548807346786e-07,17969,
579,1.597977097844705e-05,9.541545296087861e-07,5.822419879564222e-09,17979,
579,,,,17979,2.435911665088497e-05
580,2.21865666389931e-05,1.8264914842802682e-06,3.533300514391158e-07,17989,
580,2.257803498650901e-05,1.8590279751151684e-06,3.5241458817836246e-07,17999,
580,2.3658501959289424e-05,2.0692025373136858e-06,3.776163168822677e-07,18009,
580,,,,18010,3.0620660254498944e-05
581,2.3425174731528386e-05,2.560491793701658e-06,3.7447466638695914e-07,18019,
581,2.3704564227955416e-05,1.9401993540668627e-06,3.2577469255556935e-07,18029,
581,2.3947583031258546e-05,2.355496917516575e-06,3.393100200810295e-07,18039,
581,,,,18041,2.7215051886742003e-05
582,2.4786115318420343e-05,3.066302042498137e-06,3.433694928389741e-07,18049,
582,2.3043288820190355e-05,2.2445592549047433e-06,3.4227807077513717e-07,18059,
582,2.2817548597231507e-05,1.7374931076119537e-06,3.3573229529793025e-07,18069,
582,,,,18072,2.4818691599648446e-05
583,2.3906657588668168e-05,2.3235081698658178e-06,3.3478852401458425e-07,18079,
583,2.2115111278253607e-05,2.2165106656757416e-06,3.390754557131004e-07,18089,
583,2.2387599528883584e-05,1.8341958138989867e-06,3.5583687463258684e-07,18099,
583,,,,18103,2.3475467969547026e-05
584,2.2610478481510654e-05,2.8721976832457585e-06,3.6942788028682116e-07,18109,
584,2.1539533918257803e-05,1.8164615767091163e-06,3.4864731901507184e-07,18119,
584,2.144572135875933e-05,1.6592326801401214e-06,3.3340484151267447e-07,18129,
584,,,,18134,2.514877269277349e-05
585,2.7303809474688023e-05,4.5239248720463365e-06,3.2018505180531065e-07,18139,
585,2.222537477791775e-05,2.0858155949099455e-06,3.198596232323325e-07,18149,
585,2.167081765946932e-05,2.036862269960693e-06,3.559810579645273e-07,18159,
585,,,,18165,2.2193105905898847e-05
586,2.2698113752994686e-05,2.0970060177205596e-06,3.5727694580600655e-07,18169,
586,2.2069572878535837e-05,2.1120833935128758e-06,3.5245841445430415e-07,18179,
586,2.1419829863589257e-05,1.772123709997686e-06,3.3195289006471285e-07,18189,
586,,,,18196,2.4871718778740615e-05
587,2.470804247423075e-05,2.758579285000451e-06,3.883601493726019e-07,18199,
587,2.4640976334922016e-05,2.485915274519357e-06,3.3523133424750995e-07,18209,
587,2.180433330067899e-05,2.2279034510575e-06,3.6444694728743343e-07,18219,
587,,,,18227,3.245562038500793e-05
588,3.686309719341807e-05,6.985702839301666e-06,3.2604401667413185e-07,18229,
588,3.072814433835447e-05,3.497826810416882e-06,3.1850410664446827e-07,18239,
588,2.6208575945929624e-05,5.314265763445292e-06,3.501815797335439e-07,18249,
588,,,,18258,3.605124948080629e-05
589,3.571440538507886e-05,6.640706942562247e-06,3.620693576067424e-07,18259,
589,2.6582514692563564e-05,5.3457561079994775e-06,3.633838616678986e-07,18269,
589,2.4294062313856557e-05,3.2431264571641805e-06,3.379104214218387e-07,18279,
589,1.5746474673505872e-05,1.3827425391355064e-06,5.924266410772816e-09,18289,
589,,,,18289,2.8731119527947158e-05
590,2.368708919675555e-05,3.5090263281745138e-06,3.580111638257222e-07,18299,
590,2.191328712797258e-05,2.734448798946687e-06,3.5738631254389475e-07,18309,
590,2.2310799977276474e-05,1.9067041421294562e-06,3.8261276813500444e-07,18319,
590,,,,18320,2.702606980165001e-05
591,2.2951166101847775e-05,2.4581474917795276e-06,3.7892760929025826e-07,18329,
591,2.168853097828105e-05,1.5928868606351898e-06,3.300661433058849e-07,18339,
591,2.1448493498610333e-05,1.5551071328445687e-06,3.4391825920465635e-07,18349,
591,,,,18351,2.6045625418191776e-05
592,2.3576130843139254e-05,2.5923311568476493e-06,3.4811961313607753e-07,18359,
592,2.1001875211368315e-05,1.8144783098250628e-06,3.469785667675751e-07,18369,
592,2.206012504757382e-05,1.719979991321452e-06,3.4031197060357954e-07,18379,
592,,,,18382,2.2645957869826816e-05
593,2.173550456063822e-05,1.8357313820160925e-06,3.390534288882918e-07,18389,
593,2.1463627490447834e-05,1.9610788513091393e-06,3.436724398397928e-07,18399,
593,2.1434239897644147e-05,1.6145983181559131e-06,3.609420673456043e-07,18409,
593,,,,18413,2.3404445528285578e-05
594,2.2156878912937827e-05,2.163729277526727e-06,3.743672039036028e-07,18419,
594,2.1236210159258917e-05,1.9110013909084955e-06,3.532138919126737e-07,18429,
594,2.1764892153441906e-05,1.6947814174272935e-06,3.3873672578010883e-07,18439,
594,,,,18444,2.9107288355589844e-05
595,2.423292062303517e-05,3.1474446586798877e-06,3.2332701493942295e-07,18449,
595,2.1854142687516287e-05,1.9285132566437824e-06,3.2394007121183677e-07,18459,
595,2.6888174033956602e-05,4.212020940030925e-06,3.630786409303255e-07,18469,
595,,,,18475,3.3766285923775285e-05
596,3.640392969828099e-05,8.17893487692345e-06,3.6403358194547764e-07,18479,
596,2.4020031560212374e-05,2.685799927348853e-06,3.5760115224547917e-07,18489,
596,2.3820588467060588e-05,2.9160169106035028e-06,3.363480800544494e-07,18499,
596,,,,18506,2.6503908884478733e-05
597,2.5241235562134534e-05,3.963388280681102e-06,3.931023400127742e-07,18509,
597,2.3424585378961638e-05,2.274409553137957e-06,3.397115335701528e-07,18519,
597,2.081797538266983e-05,1.538455649097159e-06,3.693041321639612e-07,18529,
597,,,,18537,2.432658220641315e-05
598,2.4127421056618914e-05,2.34054573411413e-06,3.2967832908070704e-07,18539,
598,2.134507303708233e-05,1.8452976746630156e-06,3.220903295186872e-07,18549,
598,2.1001134882681072e-05,1.605604552423756e-06,3.552962368758017e-07,18559,
598,,,,18568,2.1916284822509624e-05
599,2.1588488380075432e-05,1.941399887073203e-06,3.671427180051978e-07,18569,
599,2.0610559658962302e-05,1.7621338201934122e-06,3.6817587556470244e-07,18579,
599,1.9920400518458337e-05,1.4295969776867423e-06,3.416347738038894e-07,18589,
599,1.4140895473246928e-05,6.649050874329987e-07,6.061888768726931e-09,18599,
599,,,,18599,2.15703639696585e-05
600,2.0421934095793404e-05,1.471197265345836e-06,3.6374126466398593e-07,18609,
600,2.0421908629941754e-05,1.4333447779790731e-06,3.623766247073945e-07,18619,
600,2.0672083337558433e-05,1.4782098105570185e-06,3.885324701968784e-07,18629,
600,,,,18630,2.2139949578559026e-05
601,2.139182652172167e-05,1.6115969856400625e-06,3.848724361432687e-07,18639,
601,2.11505321203731e-05,1.8935488697024994e-06,3.353652289206366e-07,18649,
601,2.0966283045709133e-05,1.5356192761828424e-06,3.486167088340153e-07,18659,
601,,,,18661,2.1908072085352615e-05
602,2.249298631795682e-05,2.670744152055704e-06,3.529807202085067e-07,18669,
602,2.0833998860325664e-05,1.8909677237388678e-06,3.518121332035662e-07,18679,
602,2.1640891645802185e-05,1.856460244198388e-06,3.448694485541637e-07,18689,
602,,,,18692,2.5081759304157458e-05
603,2.6642384909791872e-05,4.498765974858543e-06,3.438874784933432e-07,18699,
603,2.6011397494585253e-05,3.352472049300559e-06,3.4899386491815676e-07,18709,
603,2.3945787688717246e-05,3.0282292300398694e-06,3.6664962976828974e-07,18719,
603,,,,18723,3.6744993849424645e-05
604,4.1851009882520884e-05,1.1354034541000146e-05,3.792454776885279e-07,18729,
604,2.536209467507433e-05,3.15148827212397e-06,3.581913006200921e-07,18739,
604,2.4864737497409806e-05,3.140369244647445e-06,3.434238919908239e-07,18749,
604,,,,18754,4.251420250511728e-05
605,3.3956472179852426e-05,5.702474481950048e-06,3.284145293491747e-07,18759,
605,2.5359391656820662e-05,3.83168253392796e-06,3.2789088777462894e-07,18769,
605,2.2504587832372636e-05,2.605277813927387e-06,3.667315695565776e-07,18779,
605,,,,18785,2.6257537683704868e-05
606,2.447138467687182e-05,2.818737129928195e-06,3.6808052072956343e-07,18789,
606,2.1290888980729505e-05,1.9183223685104167e-06,3.6234001754564815e-07,18799,
606,2.1311130694812164e-05,1.7236628764294437e-06,3.4091155498572334e-07,18809,
606,,,,18816,2.363424027862493e-05
607,2.2730198907083832e-05,2.0072045572305797e-06,3.979878613336041e-07,18819,
607,2.229532583442051e-05,3.095951342402259e-06,3.4456542152838665e-07,18829,
607,2.152689194190316e-05,1.949031229742104e-06,3.7360342730607954e-07,18839,
607,,,,18847,2.4864504666766152e-05
608,2.4464123271172866e-05,3.010003410963691e-06,3.352730573169538e-07,18849,
608,2.2303829609882087e-05,2.1781199848192045e-06,3.258256811022875e-07,18859,
608,2.0688295990112238e-05,1.5927637377899373e-06,3.599338640469796e-07,18869,
608,,,,18878,2.1577814550255425e-05
609,2.1326224668882787e-05,1.741651999509486e-06,3.7101386851645657e-07,18879,
609,2.13461862585973e-05,2.3622778826393187e-06,3.725874364590709e-07,18889,
609,2.047860289167147e-05,1.5668456398998387e-06,3.457815580532042e-07,18899,
609,1.407669606123818e-05,9.868874712992692e-07,6.1958469466105726e-09,18909,
609,,,,18909,2.2492933567264117e-05
610,2.0327821403043345e-05,1.6874967059266055e-06,3.689227412451146e-07,18919,
610,2.024778223130852e-05,1.766320224305673e-06,3.6695959693133773e-07,18929,
610,2.0491363102337345e-05,1.6949967402979382e-06,3.939079249448696e-07,18939,
610,,,,18940,2.1442559955175966e-05
611,2.1748757717432454e-05,2.00528097593633e-06,3.8905074006834184e-07,18949,
611,2.0512827177299187e-05,1.5244454516505357e-06,3.395027476926771e-07,18959,
611,2.0838671844103374e-05,1.4746306078450289e-06,3.5327906289239763e-07,18969,
611,,,,18971,2.1947982531855814e-05
612,2.223477713414468e-05,2.0489894723141333e-06,3.5770210615737597e-07,18979,
612,1.9839915694319643e-05,1.5722004036433646e-06,3.5641394902086176e-07,18989,
612,2.1054247554275207e-05,1.609505829947011e-06,3.492445443953329e-07,18999,
612,,,,19002,2.1360161554184742e-05
613,2.072976712952368e-05,1.629851453799347e-06,3.481721364551049e-07,19009,
613,2.082451101159677e-05,1.566602122693439e-06,3.529695220549911e-07,19019,
613,2.0258274162188172e-05,1.4278244861998246e-06,3.706765312472271e-07,19029,
613,,,,19033,2.3752270863042213e-05
614,2.1381303668022156e-05,2.2304186586552532e-06,3.8398817991947e-07,19039,
614,2.1530402591452003e-05,2.0131094515818404e-06,3.6250807511351013e-07,19049,
614,2.211504579463508e-05,2.5196313799824566e-06,3.4812026683539443e-07,19059,
614,,,,19064,3.0341296223923564e-05
615,2.6054720365209505e-05,5.314212103257887e-06,3.321477493045677e-07,19069,
615,2.1586298316833563e-05,2.601216010589269e-06,3.32196833596754e-07,19079,
615,2.2468919269158505e-05,2.435187752780621e-06,3.7223122717477963e-07,19089,
615,,,,19095,2.769314596662298e-05
616,2.7154452254762873e-05,3.8409862099797465e-06,3.726793522673688e-07,19099,
616,2.538823537179269e-05,1.1469986020529177e-05,3.679768099118519e-07,19109,
616,2.2087748220656067e-05,3.528573870426044e-06,3.458010837675829e-07,19119,
616,,,,19126,2.8024509447277524e-05
617,2.4280810976051725e-05,3.7737213460786734e-06,4.029204490052507e-07,19129,
617,2.6322464691475034e-05,4.507049652602291e-06,3.487614037567255e-07,19139,
617,2.267538002342917e-05,3.0149326448736247e-06,3.776264918542438e-07,19149,
617,,,,19157,2.3954093194333836e-05
618,2.294825026183389e-05,4.530566457106033e-06,3.386495848189952e-07,19159,
618,2.1912564989179373e-05,2.1504824871954042e-06,3.2957458984128607e-07,19169,
618,2.1961301172268577e-05,3.039455805264879e-06,3.647563175945834e-07,19179,
618,,,,19188,2.6520156097831205e-05
619,2.5819534130278043e-05,3.304578740426223e-06,3.753493444946798e-07,19189,
619,2.1363390260376036e-05,2.1221055703790626e-06,3.765833582747291e-07,19199,
619,2.2339589122566395e-05,2.092200929837418e-06,3.498288663195126e-07,19209,
619,1.3216286788519938e-05,8.745739137339115e-07,6.319531120624333e-09,19219,
619,,,,19219,2.998584932356607e-05
620,2.56942403211724e-05,4.2815313463506754e-06,3.739803275948361e-07,19229,
620,2.244657662231475e-05,2.6046620860142866e-06,3.7168251765251625e-07,19239,
620,2.22986036533257e-05,3.0246962978708325e-06,3.994462645096064e-07,19249,
620,,,,19250,3.86998726753518e-05
621,3.0347006031661294e-05,6.09508197157993e-06,3.9386253547490924e-07,19259,
621,2.34214876400074e-05,2.6056782189698424e-06,3.4361445955255476e-07,19269,
621,2.1885311070946045e-05,2.194550233980408e-06,3.568517286112183e-07,19279,
621,,,,19281,2.470476829330437e-05
622,2.3569144104840234e-05,2.7395460620027734e-06,3.6237207723388565e-07,19289,
622,2.0901836251141503e-05,1.8650310948942206e-06,3.6084725252294447e-07,19299,
622,2.0907962607452646e-05,1.8143700799555518e-06,3.5340096360414464e-07,19309,
622,,,,19312,3.482929969322868e-05
623,2.2460777472588234e-05,2.874331357816118e-06,3.5252031693744357e-07,19319,
623,2.1066456611151807e-05,1.9010767573490739e-06,3.5748999493989686e-07,19329,
623,2.105889689119067e-05,1.7601877289052936e-06,3.7547576425822626e-07,19339,
623,,,,19343,2.519772169762291e-05
624,2.4163886337191798e-05,2.6879131382884225e-06,3.885047021867649e-07,19349,
624,2.1422922145575285e-05,2.2001743218424963e-06,3.6613707266042184e-07,19359,
624,2.024440254899673e-05,1.9118492673442233e-06,3.5232042705501954e-07,19369,
624,,,,19374,2.473127460689284e-05
625,2.18763616430806e-05,2.7780347409134265e-06,3.3703324220368813e-07,19379,
625,2.0267791114747524e-05,1.8695981225391733e-06,3.3670374932626146e-07,19389,
625,1.9877294107573107e-05,1.5650497289243503e-06,3.7670952224289067e-07,19399,
625,,,,19405,2.129308631992899e-05
626,2.1564170310739428e-05,2.7022394988307497e-06,3.7802516317242407e-07,19409,
626,1.9626970242825337e-05,1.7679969914752292e-06,3.7242671169224195e-07,19419,
626,1.890817475214135e-05,1.437141122551111e-06,3.506764585381461e-07,19429,
626,,,,19436,2.121977013302967e-05
627,2.103320184687618e-05,2.0422514808160486e-06,4.090937011369533e-07,19439,
627,2.002437577175442e-05,1.9727428934857016e-06,3.5277744814266043e-07,19449,
627,1.9417391740716994e-05,1.4610142216042732e-06,3.8322440332194674e-07,19459,
627,,,,19467,2.0722671251860447e-05
628,2.0803168808924966e-05,2.175355803046841e-06,3.4311526064811915e-07,19469,
628,1.995801540033426e-05,1.4515342172671808e-06,3.347685719745641e-07,19479,
628,1.9543362213880755e-05,1.9168724065821152e-06,3.70542210248459e-07,19489,
628,,,,19498,2.043788117589429e-05
629,2.0139948901487514e-05,1.952346565303742e-06,3.8142428593346267e-07,19499,
629,1.9693125068442896e-05,1.601150756869174e-06,3.827002217349218e-07,19509,
629,1.947870805452112e-05,1.3930344948676066e-06,3.553350325091742e-07,19519,
629,1.2749285815516487e-05,7.365731562458677e-07,6.463777957321781e-09,19529,
629,,,,19529,2.2350146537064575e-05
630,2.0745010260725394e-05,2.396823902017786e-06,3.8026482229724934e-07,19539,
630,1.9998367861262523e-05,1.7215688785654493e-06,3.7762458759971196e-07,19549,
630,2.0007119019282982e-05,1.5918700455586077e-06,4.054217868088017e-07,19559,
630,,,,19560,2.482495256117545e-05
631,3.160258711432107e-05,8.73009685165016e-06,4.000210651611269e-07,19569,
631,2.351233342778869e-05,3.5928017041442217e-06,3.49698012769295e-07,19579,
631,2.8030342946294695e-05,4.614996669261018e-06,3.6357207022774674e-07,19589,
631,,,,19591,3.670439764391631e-05
632,3.0126955607556738e-05,5.961911028862232e-06,3.671349588785233e-07,19599,
632,2.248675264127087e-05,3.6877438560622977e-06,3.6564640026881534e-07,19609,
632,2.241312358819414e-05,2.95244808512507e-06,3.58562346036706e-07,19619,
632,,,,19622,2.8684989956673235e-05
633,2.518403562135063e-05,5.218587830313481e-06,3.5787996921499143e-07,19629,
633,2.1513254978344776e-05,3.035468353118631e-06,3.62206947102095e-07,19639,
633,2.0870566004305147e-05,2.2340952909871703e-06,3.7982135836500674e-07,19649,
633,,,,19653,2.6805691959452815e-05
634,2.1684951207134873e-05,4.707939751824597e-06,3.9353264469355054e-07,19659,
634,2.0723548004752956e-05,2.327179345229524e-06,3.702854769471742e-07,19669,
634,2.0020079318783246e-05,2.190838358728797e-06,3.566281350231293e-07,19679,
634,,,,19684,2.3938842787174508e-05
635,2.5242858100682497e-05,3.7829722714377567e-06,3.3940148114197655e-07,19689,
635,1.9599176084739156e-05,2.010968955801218e-06,3.4008857596745656e-07,19699,
635,1.930047983478289e-05,1.8003889863393852e-06,3.8119628698041197e-07,19709,
635,,,,19715,2.144551217497792e-05
636,2.179795046686195e-05,2.2012116005498683e-06,3.8262763268903655e-07,19719,
636,1.9527069525793195e-05,1.6918271512622596e-06,3.763471170259436e-07,19729,
636,1.8829501641448587e-05,1.3547863773055724e-06,3.542578497217619e-07,19739,
636,,,,19746,1.9928684196202084e-05
637,2.0120794943068177e-05,1.587659085089399e-06,4.1264786432293477e-07,19749,
637,1.9581841115723364e-05,1.4834338344371645e-06,3.563430084341235e-07,19759,
637,1.892775617307052e-05,1.573181179992389e-06,3.869102158660098e-07,19769,
637,,,,19777,2.029682946158573e-05
638,2.016045073105488e-05,1.6492670056322822e-06,3.470733531685255e-07,19779,
638,1.9052979041589424e-05,1.4324886024041916e-06,3.377261634796014e-07,19789,
638,1.8975475541083142e-05,1.3867727375327377e-06,3.745423953205318e-07,19799,
638,,,,19808,1.9991644876427017e-05
639,1.9704835722222924e-05,1.4976532156651956e-06,3.8522705381183187e-07,19809,
639,1.9272658391855657e-05,1.5306062550735078e-06,3.8626586729151313e-07,19819,
639,1.8248123524244875e-05,1.2340486819084617e-06,3.5845181400873116e-07,19829,
639,1.1713133062585257e-05,6.462984174504527e-07,6.576534872237971e-09,19839,
639,,,,19839,1.955286461452488e-05
640,1.8438719052937813e-05,1.3278601045385585e-06,3.8424690274041495e-07,19849,
640,1.8838261894416064e-05,1.3052198255536496e-06,3.818105653863313e-07,19859,
640,1.919869646371808e-05,1.3748177707384457e-06,4.1013237250808743e-07,19869,
640,,,,19870,2.0810528440051712e-05
641,2.0449198927963153e-05,2.5766969429241726e-06,4.041180261538102e-07,19879,
641,2.057249002973549e-05,2.0477502857829677e-06,3.530234380377806e-07,19889,
641,1.9486624296405353e-05,1.726865662021737e-06,3.6635179867516854e-07,19899,
641,,,,19901,2.657702862052247e-05
642,3.089366146014072e-05,5.141713700140826e-06,3.713421961037966e-07,19909,
642,2.371499977016356e-05,4.357599209470209e-06,3.694949270993675e-07,19919,
642,2.807830060191918e-05,6.316948656603927e-06,3.628825311352557e-07,19929,
642,,,,19932,3.61750389856752e-05
643,2.8110825951443985e-05,5.408910965343239e-06,3.6110048995396937e-07,19939,
643,2.6523850465309806e-05,4.894267476629466e-06,3.6678144965662796e-07,19949,
643,2.5457580704824068e-05,2.805653366522165e-06,3.846446929856029e-07,19959,
643,,,,19963,4.240651469444856e-05
644,2.4217893951572478e-05,6.329784810077399e-06,3.980262022196257e-07,19969,
644,2.3549713660031557e-05,2.157373955924413e-06,3.737075076060137e-07,19979,
644,2.0581341232173145e-05,2.6278137283952674e-06,3.613031083204987e-07,19989,
644,,,,19994,2.5292811187682673e-05
645,2.6209587304037996e-05,5.254662937659305e-06,3.43556365578479e-07,19999,
645,1.9725031961570494e-05,3.068716296183993e-06,3.438568967339961e-07,20009,
645,1.917350346047897e-05,1.9879687442880822e-06,3.853589873870078e-07,20019,
645,,,,20025,2.6316094590583816e-05
646,2.5345781978103332e-05,3.521389544403064e-06,3.872832508022839e-07,20029,
646,2.1589987227343954e-05,2.134431952072191e-06,3.8088415976744727e-07,20039,
646,1.8983233530889265e-05,2.4528683297830867e-06,3.585848560305749e-07,20049,
646,,,,20056,2.4740002118051052e-05
647,2.2715781597071327e-05,2.4080852654151386e-06,4.180470511983003e-07,20059,
647,2.3154680093284696e-05,2.4341477455891436e-06,3.6082218457522686e-07,20069,
647,2.043996391876135e-05,2.07756124837033e-06,3.908346570824506e-07,20079,
647,,,,20087,2.558817868703045e-05
648,2.875918107747566e-05,5.748234343627701e-06,3.514759043810045e-07,20089,
648,2.1411111447378062e-05,2.2471674583357526e-06,3.415941876028228e-07,20099,
648,2.1115947674843483e-05,1.8295191921424703e-06,3.7866584534640424e-07,20109,
648,,,,20118,2.86164358840324e-05
649,2.852463694580365e-05,6.103370651544537e-06,3.892738220656611e-07,20119,
649,2.1557807485805824e-05,3.3811500088631874e-06,3.9063056078703084e-07,20129,
649,2.0423467503860593e-05,2.250450734209153e-06,3.6208311371410673e-07,20139,
649,1.1885851563420147e-05,7.597111562063219e-07,6.6614145310950335e-09,20149,
649,,,,20149,2.9065073249512352e-05
650,2.1131872927071527e-05,3.1317774755734717e-06,3.8978072325335233e-07,20159,
650,2.000954918912612e-05,2.250169245598954e-06,3.863725908104243e-07,20169,
650,2.000171662075445e-05,1.659211193327792e-06,4.147243828356295e-07,20179,
650,,,,20180,2.733255496423226e-05
651,2.4151608158717863e-05,3.2370551252824953e-06,4.0972491888169316e-07,20189,
651,2.0972003767383285e-05,2.153213472411153e-06,3.5694395705831994e-07,20199,
651,1.9330031136632897e-05,1.5713440006948076e-06,3.706677205173037e-07,20209,
651,,,,20211,1.996549872274045e-05
652,1.9703671569004655e-05,3.037763462998555e-06,3.7470994129762403e-07,20219,
652,1.856814560596831e-05,1.5042464838188607e-06,3.7292971910574124e-07,20229,
652,1.9506369426380843e-05,1.581499077474291e-06,3.659901040009572e-07,20239,
652,,,,20242,2.1250229110592045e-05
653,1.904649252537638e-05,1.946118345586001e-06,3.647931521300052e-07,20249,
653,1.9006154616363347e-05,1.6975694734355784e-06,3.6975299622099556e-07,20259,
653,1.883365257526748e-05,1.404077352162858e-06,3.8795505474809033e-07,20269,
653,,,,20273,2.01452257897472e-05
654,1.954438994289376e-05,1.6262023336821585e-06,4.015988963601558e-07,20279,
654,1.9077560864388943e-05,1.6048414863689686e-06,3.787242235375743e-07,20289,
654,1.87392724910751e-05,1.3906727645007777e-06,3.6517394619295374e-07,20299,
654,,,,20304,2.073424548143521e-05
655,1.998918924073223e-05,2.048258238573908e-06,3.474083030141628e-07,20309,
655,1.8353501218371093e-05,1.3365635140871746e-06,3.4783528235493577e-07,20319,
655,1.8440458006807603e-05,1.5871190726102213e-06,3.9004203244985547e-07,20329,
655,,,,20335,2.111583853547927e-05
656,2.0377612599986605e-05,1.8072659031531657e-06,3.9124202544371656e-07,20339,
656,1.8701632143347524e-05,1.6547052155146957e-06,3.8590530948567903e-07,20349,
656,1.8092670870828442e-05,1.2635405255423393e-06,3.632847551671148e-07,20359,
656,,,,20366,2.0364552256069146e-05
657,1.98618490685476e-05,1.8222144717583433e-06,4.2247177134413505e-07,20369,
657,1.8921489754575305e-05,1.455552592233289e-06,3.644982200512459e-07,20379,
657,1.8264963728142902e-05,1.4777967862755759e-06,3.955784961817699e-07,20389,
657,,,,20397,2.0022835087729618e-05
658,2.021087857428938e-05,2.0262164071027655e-06,3.553213616669382e-07,20399,
658,1.856489689089358e-05,1.353260017822322e-06,3.4540587989795313e-07,20409,
658,1.8394957805867307e-05,1.3593605672213016e-06,3.835670554508397e-07,20419,
658,,,,20428,1.988074836845044e-05
659,1.9685779989231378e-05,1.6839384215927566e-06,3.939327086754929e-07,20429,
659,1.880562376754824e-05,1.7722786651575007e-06,3.948063636016741e-07,20439,
659,1.77794681803789e-05,1.3502823321687174e-06,3.6634995126405556e-07,20449,
659,1.1009393347194418e-05,7.60982800329657e-07,6.816173847568052e-09,20459,
659,,,,20459,2.066435081360396e-05
660,2.1153560737730004e-05,2.6052580324176233e-06,3.93665800402232e-07,20469,
660,1.9384995539439842e-05,1.8784236317515024e-06,3.907733798769186e-07,20479,
660,1.878227703855373e-05,1.571454959048424e-06,4.202084653570637e-07,20489,
660,,,,20490,2.5687875677249394e-05
661,2.88281989924144e-05,3.876407845382346e-06,4.1505057879476226e-07,20499,
661,2.0662671886384487e-05,2.4367234345845645e-06,3.604537255341711e-07,20509,
661,2.185331322834827e-05,3.1202305308397627e-06,3.739437488547992e-07,20519,
661,,,,20521,3.1080264307092875e-05
662,2.4445553208352067e-05,6.497198228316847e-06,3.781253781198757e-07,20529,
662,2.0640714865294285e-05,2.810326805047225e-06,3.76439658111849e-07,20539,
662,2.0733390556415543e-05,1.992934357986087e-06,3.7003931652179745e-07,20549,
662,,,,20552,2.7437217795522884e-05
663,1.9896777303074487e-05,2.1176845166337444e-06,3.694268002618628e-07,20559,
663,1.964716830116231e-05,2.38709958466643e-06,3.7423527032842685e-07,20569,
663,1.9883937056874856e-05,1.6797974922155845e-06,3.9221512793119473e-07,20579,
663,,,,20583,2.534959276090376e-05
664,2.0653749743360095e-05,2.7763849175244104e-06,4.061249399001099e-07,20589,
664,1.9238457753090188e-05,1.8427384702590643e-06,3.8245582345552975e-07,20599,
664,1.8590115359984338e-05,1.5548963574474328e-06,3.6932402736056247e-07,20609,
664,,,,20614,2.2429614546126686e-05
665,2.1751160602434538e-05,3.6123710742685944e-06,3.506759753690858e-07,20619,
665,1.8315591660211794e-05,1.5165130662353477e-06,3.5161204436917615e-07,20629,
665,1.8442491636960767e-05,1.5430183566422784e-06,3.9466209500460536e-07,20639,
665,,,,20645,2.2017133233021013e-05
666,2.099258745147381e-05,1.8694147456699284e-06,3.959143839438184e-07,20649,
666,1.8383640053798445e-05,1.8848844547392218e-06,3.9040247656885185e-07,20659,
666,1.8080430891131982e-05,1.363888941341429e-06,3.6720351204166946e-07,20669,
666,,,,20676,2.127215702785179e-05
667,2.045711335085798e-05,1.9742988115467597e-06,4.269964506420365e-07,20679,
667,1.9807172066066414e-05,2.3112343114917167e-06,3.680967779473576e-07,20689,
667,1.8928172721643932e-05,2.245312771265162e-06,3.9944171703609754e-07,20699,
667,,,,20707,2.3372409486910328e-05
668,2.553116974013392e-05,5.041709755460033e-06,3.59025051466233e-07,20709,
668,2.2530502974404953e-05,3.2534110232518287e-06,3.4976395113517356e-07,20719,
668,1.920862268889323e-05,3.552165935616358e-06,3.8723769080206694e-07,20729,
668,,,,20738,3.3709897252265364e-05
669,3.2716518035158515e-05,6.869825938338181e-06,4.002691582627449e-07,20739,
669,2.8749831471941434e-05,5.990757927065715e-06,3.9833147980061767e-07,20749,
669,2.071697417704854e-05,3.220061671527219e-06,3.6888633303533425e-07,20759,
669,1.2122928637836594e-05,8.863216294230369e-07,6.8896470750701155e-09,20769,
669,,,,20769,2.8427775760064833e-05
670,2.4442206267849542e-05,4.422901383804856e-06,3.9752941916049167e-07,20779,
670,1.9060427803196944e-05,1.771857910171093e-06,3.9487278513661295e-07,20789,
670,1.9957966287620366e-05,2.554966386014712e-06,4.2471884853512165e-07,20799,
670,,,,20800,2.7602853151620366e-05
671,2.515327105356846e-05,4.1684047573653515e-06,4.1641658299340634e-07,20809,
671,2.3305339709622785e-05,3.4628171761141857e-06,3.643437196387822e-07,20819,
671,2.034417775576003e-05,2.8323336209723493e-06,3.7789595808135346e-07,20829,
671,,,,20831,3.738117084139958e-05
672,2.587641756690573e-05,4.050248662679223e-06,3.840709155156219e-07,20839,
672,2.0648911231546663e-05,2.455256890243618e-06,3.803742458785564e-07,20849,
672,2.0074487110832706e-05,1.8786348618959892e-06,3.735561620032968e-07,20859,
672,,,,20862,2.750024759734515e-05
673,2.0117948224651627e-05,2.785556489470764e-06,3.7321484569474705e-07,20869,
673,2.0864916223217733e-05,2.184471441069036e-06,3.785094122576993e-07,20879,
673,1.9460858311504126e-05,2.227123104603379e-06,3.967977590946248e-07,20889,
673,,,,20893,2.246405347250402e-05
674,2.08684905373957e-05,2.813860191963613e-06,4.1024063079930784e-07,20899,
674,1.8674423699849285e-05,2.5034248665178893e-06,3.860209289996419e-07,20909,
674,1.8451684809406288e-05,1.3998935628478648e-06,3.73448472146265e-07,20919,
674,,,,20924,1.929351856233552e-05
675,2.047654015768785e-05,1.9133055957354372e-06,3.5452293900561926e-07,20929,
675,1.793311457731761e-05,1.440169285160664e-06,3.5505371442923206e-07,20939,
675,1.7945252693607472e-05,1.5351851061495836e-06,3.9897668102639727e-07,20949,
675,,,,20955,1.8689997887122445e-05
676,1.9251394405728206e-05,1.8172115687775658e-06,4.0062744233182457e-07,20959,
676,1.787440305633936e-05,1.527727931716072e-06,3.945515345549211e-07,20969,
676,1.7434798792237416e-05,1.2162548728156253e-06,3.7171665212554217e-07,20979,
676,,,,20986,1.9153407265548594e-05
677,1.9434080968494527e-05,1.6395139255109825e-06,4.3103827351842483e-07,20989,
677,1.865914964582771e-05,1.7412303350283764e-06,3.72321125041708e-07,20999,
677,1.779641206667293e-05,1.301066390624328e-06,4.03062244913599e-07,21009,
677,,,,21017,1.8635108062881045e-05
678,1.7983891666517593e-05,1.9803458144451724e-06,3.6322322216619796e-07,21019,
678,1.8175807781517506e-05,1.4501442819891963e-06,3.526152454469411e-07,21029,
678,1.7974170987145044e-05,1.333908471679024e-06,3.9183944977594365e-07,21039,
678,,,,21048,1.832640919019468e-05
679,1.8077662389259785e-05,1.4312048506326391e-06,4.018691868168389e-07,21049,
679,1.76990834006574e-05,1.3581669691120624e-06,4.0269242163049057e-07,21059,
679,1.7034833945217542e-05,1.150632556345954e-06,3.734500069185742e-07,21069,
679,1.0254979315504897e-05,6.354250103868253e-07,7.021933701167882e-09,21079,
679,,,,21079,1.8646536773303524e-05
680,1.7533933714730665e-05,1.4560322370016365e-06,4.028471778383391e-07,21089,
680,1.7905045751831494e-05,1.4445425904341391e-06,3.9908005078359565e-07,21099,
680,1.763936597853899e-05,1.255559254786931e-06,4.3013190520468925e-07,21109,
680,,,,21110,1.8761822502710856e-05
681,1.9417720977799036e-05,1.7504413563074195e-06,4.216495597120229e-07,21119,
681,1.878401053545531e-05,1.649871933295799e-06,3.686236880184879e-07,21129,
681,1.823463026084937e-05,1.437688410987903e-06,3.8259520351857645e-07,21139,
681,,,,21141,2.011561991821509e-05
682,2.46293748205062e-05,2.699576725717634e-06,3.868967155540304e-07,21149,
682,2.055959885183256e-05,2.600513198558474e-06,3.8517916323144163e-07,21159,
682,1.9114018869004212e-05,1.5930532981656143e-06,3.7828772292414214e-07,21169,
682,,,,21172,3.208011185051873e-05
683,4.3853313400177285e-05,8.1873222370632e-06,3.785978606174467e-07,21179,
683,2.2754733436158858e-05,6.789626695535844e-06,3.821538427928317e-07,21189,
683,2.229832170996815e-05,3.7007885111961514e-06,4.0045784999165335e-07,21199,
683,,,,21203,2.862489054678008e-05
684,2.3746270016999915e-05,5.7508464124111924e-06,4.1472122802588274e-07,21209,
684,1.989556767512113e-05,3.0554515433323104e-06,3.905279015725682e-07,21219,
684,1.8519509467296302e-05,2.1638886664732127e-06,3.771206706915109e-07,21229,
684,,,,21234,2.5880632165353745e-05
685,2.8788199415430427e-05,6.467125786002725e-06,3.5989785374113126e-07,21239,
685,2.1421868950710632e-05,2.917763822551933e-06,3.58584202331258e-07,21249,
685,1.9095028619631194e-05,1.765815454746189e-06,4.0206634821515763e-07,21259,
685,,,,21265,2.9688280847040005e-05
686,2.6645377147360705e-05,5.061094725533621e-06,4.038788858906628e-07,21269,
686,1.9193666958017275e-05,1.8817441969076754e-06,3.9828688613852137e-07,21279,
686,1.8194894437328912e-05,1.9514316136337584e-06,3.750333519292326e-07,21289,
686,,,,21296,2.0234216208336875e-05
687,2.0534454961307347e-05,2.1195021417952375e-06,4.3614502942546096e-07,21299,
687,1.9715116650331765e-05,1.8112016277882503e-06,3.753239923298679e-07,21309,
687,1.8228800399811007e-05,1.8089818922817358e-06,4.066352516929328e-07,21319,
687,,,,21327,2.1575384380412288e-05
688,1.975499799300451e-05,3.1045492505654693e-06,3.6593581853594515e-07,21329,
688,1.8500782971386798e-05,1.5734594853711314e-06,3.5602093362285814e-07,21339,
688,1.8401507986709476e-05,2.0109989691263763e-06,3.955172758196568e-07,21349,
688,,,,21358,1.9322120351716876e-05
689,1.9067394532612525e-05,1.9654414700198686e-06,4.0597626593807945e-07,21359,
689,1.7602516891201958e-05,1.602810016265721e-06,4.0634176912135445e-07,21369,
689,1.7129339539678767e-05,1.3481994756148197e-06,3.766261897908407e-07,21379,
689,9.991495062422473e-06,6.489191264336114e-07,7.115878997154823e-09,21389,
689,,,,21389,1.9030527255381458e-05
690,1.7388840205967426e-05,1.4544547184414114e-06,4.070826378210768e-07,21399,
690,1.7495591237093322e-05,1.2710464716292336e-06,4.03086545475162e-07,21409,
690,1.7506687072454952e-05,1.2858748732469394e-06,4.344847752690839e-07,21419,
690,,,,21420,1.9573952158680186e-05
691,1.7824828319135122e-05,1.8272878605785081e-06,4.2540881395325414e-07,21429,
691,1.804521889425814e-05,1.5243042525980854e-06,3.7228537053124455e-07,21439,
691,1.854617948993109e-05,1.8141812461180962e-06,3.859600781197514e-07,21449,
691,,,,21451,2.5950732378987595e-05
692,2.7634181606117636e-05,5.124876679474255e-06,3.907122447799338e-07,21459,
692,1.8752376490738243e-05,2.2194203666003887e-06,3.8821860925963847e-07,21469,
692,2.4484734240104444e-05,5.2045088523300365e-06,3.819888263478788e-07,21479,
692,,,,21482,2.7885884264833294e-05
693,2.2884389181854203e-05,4.9282220970781054e-06,3.805338337770081e-07,21489,
693,2.2099688067100942e-05,2.63457377513987e-06,3.8701250559824985e-07,21499,
693,2.011109063460026e-05,2.2493404685519636e-06,4.0462688843945216e-07,21509,
693,,,,21513,2.964845953101758e-05
694,2.9384515073616058e-05,7.5829630077350885e-06,4.196915313059435e-07,21519,
694,2.0317334929131903e-05,4.567483756545698e-06,3.9274061691685347e-07,21529,
694,1.9295326637802646e-05,3.193422116964939e-06,3.8056893458815466e-07,21539,
694,,,,21544,2.753259650489781e-05
695,2.8123686206527054e-05,7.287229436769849e-06,3.6245498336029414e-07,21549,
695,1.9670958863571286e-05,3.7057209283375414e-06,3.6231179478818376e-07,21559,
695,1.860537850006949e-05,1.9499177597026573e-06,4.065843199896335e-07,21569,
695,,,,21575,3.310196552774869e-05
696,2.9322467526071705e-05,5.1280512707307935e-06,4.0776649257168174e-07,21579,
696,2.044839675363619e-05,4.9467666940472554e-06,4.027416196095146e-07,21589,
696,1.9051041817874648e-05,2.2006120161677245e-06,3.788350966260623e-07,21599,
696,,,,21606,2.0935616703354754e-05
697,1.9137878553010523e-05,2.328613163626869e-06,4.387046317333443e-07,21609,
697,1.8948687284137122e-05,2.103619181070826e-06,3.7834473687325954e-07,21619,
697,1.7271753677050583e-05,1.2325307352512027e-06,4.098617409908911e-07,21629,
697,,,,21637,1.8838190953829326e-05
698,1.8725706468103454e-05,1.5360614042947418e-06,3.698947637076344e-07,21639,
698,1.751530908222776e-05,1.3290751894601271e-06,3.5886543514607183e-07,21649,
698,1.7463371477788314e-05,1.602599354555423e-06,3.992453798673523e-07,21659,
698,,,,21668,1.9072807845077477e-05
699,1.8838312826119363e-05,2.1631817617162596e-06,4.091738219358376e-07,21669,
699,1.7620293874642812e-05,2.039154196609161e-06,4.100071748780465e-07,21679,
699,1.684299422777258e-05,1.3212843441579025e-06,3.799339367560606e-07,21689,
699,1.0006292541220319e-05,7.247851385727699e-07,7.213290409424644e-09,21699,
699,,,,21699,1.9284896552562714e-05
700,1.714467907731887e-05,1.432195631423383e-06,4.107200481939799e-07,21709,
700,1.7271246179006994e-05,1.5912800108708325e-06,4.066256167334359e-07,21719,
700,1.7274160200031474e-05,1.2891104006484966e-06,4.3835871110786684e-07,21729,
700,,,,21730,1.853763205872383e-05
701,1.7617478079046123e-05,1.5753621482872404e-06,4.2830632196455554e-07,21739,
701,1.732459531922359e-05,1.3510516509995796e-06,3.7502005056921917e-07,21749,
701,1.7612137526157312e-05,1.4480006029771175e-06,3.8907879229554965e-07,21759,
701,,,,21761,1.9758865164476447e-05
702,1.8518043361837044e-05,1.9091530703008175e-06,3.935016650302714e-07,21769,
702,1.6786098058219068e-05,1.4153753227219568e-06,3.9113547245506197e-07,21779,
702,1.795124808268156e-05,1.4676287491965923e-06,3.8466652085844544e-07,21789,
702,,,,21792,1.8819982869899832e-05
703,1.7192996892845258e-05,1.510931156190054e-06,3.8342230368471064e-07,21799,
703,1.7782935174182057e-05,1.4724408856636728e-06,3.88962064334919e-07,21809,
703,1.718822204566095e-05,1.1531399195519043e-06,4.076221387094847e-07,21819,
703,,,,21823,1.7943797502084635e-05
704,1.7622936866246164e-05,1.4413454891837318e-06,4.2118827536796744e-07,21829,
704,1.6906040400499478e-05,1.3548577726396616e-06,3.9657507500123756e-07,21839,
704,1.6876751033123583e-05,1.222869173034269e-06,3.843257445623749e-07,21849,
704,,,,21854,1.8690956494538113e-05
705,1.8550286768004298e-05,1.5484856703551486e-06,3.6405060654942645e-07,21859,
705,1.7176504115923308e-05,1.441167341909022e-06,3.6491286437012604e-07,21869,
705,1.6917760149226524e-05,1.2478831195039675e-06,4.1015493934537517e-07,21879,
705,,,,21885,2.0602810764103197e-05
706,2.01858019863721e-05,2.49073377744935e-06,4.122499319691997e-07,21889,
706,1.8664250092115253e-05,3.2025150176195893e-06,4.0627074326948787e-07,21899,
706,2.0617169866454788e-05,2.467317926857504e-06,3.835752124814462e-07,21909,
706,,,,21916,3.361855851835571e-05
707,2.9285158234415576e-05,1.0114274118677713e-05,4.4479727989710227e-07,21919,
707,2.3993172362679616e-05,6.749897238478297e-06,3.813844955402601e-07,21929,
707,2.0654908439610153e-05,4.137986707064556e-06,4.1288268448624876e-07,21939,
707,,,,21947,2.6080149837071076e-05
708,2.720183510973584e-05,1.2363258065306582e-05,3.737488611932349e-07,21949,
708,2.461684744048398e-05,3.846797426376725e-06,3.627961291385873e-07,21959,
708,1.925407377711963e-05,2.444965275572031e-06,4.02656922915412e-07,21969,
708,,,,21978,2.8013610062771477e-05
709,2.762208168860525e-05,5.452917321235873e-06,4.1380241100341664e-07,21979,
709,2.3909558876766823e-05,3.201232857463765e-06,4.139377551837242e-07,21989,
709,1.9032864656765014e-05,3.0601438538724324e-06,3.8288612813630607e-07,21999,
709,9.636841241444927e-06,8.898239798327268e-07,7.27772286879258e-09,22009,
709,,,,22009,2.4851495254551992e-05
710,2.0921828763675876e-05,3.6931039630871965e-06,4.13797351939138e-07,22019,
710,1.854365473263897e-05,1.9072546137977042e-06,4.0985756299960485e-07,22029,
710,1.8997016013599932e-05,1.7746386902217637e-06,4.425521922257758e-07,22039,
710,,,,22040,3.076625580433756e-05
711,2.2145452021504752e-05,3.407629947105306e-06,4.317072921367071e-07,22049,
711,2.013872108364012e-05,2.4305188617290696e-06,3.7839268429706863e-07,22059,
711,1.8467673726263456e-05,2.0524867068161257e-06,3.9238742033376184e-07,22069,
711,,,,22071,2.9402965083136223e-05
712,2.25377079914324e-05,3.318138624308631e-06,3.974506341819506e-07,22079,
712,1.762582360242959e-05,2.4192552245949628e-06,3.943425213037699e-07,22089,
712,1.8957065549329855e-05,1.650427293498069e-06,3.8781746525273775e-07,22099,
712,,,,22102,2.493276224413421e-05
713,1.8758795704343356e-05,2.9020327474427177e-06,3.8720864381502906e-07,22109,
713,1.859185613284353e-05,1.851603769864596e-06,3.9242760863089643e-07,22119,
713,1.79673770617228e-05,1.5840305422898382e-06,4.1104567571892403e-07,22129,
713,,,,22133,1.8993032426806167e-05
714,1.8922481103800237e-05,1.613661538613087e-06,4.2481156015128363e-07,22139,
714,1.785206768545322e-05,1.568051061440201e-06,3.9948545804691094e-07,22149,
714,1.740860170684755e-05,1.3784980410491698e-06,3.8757170273129304e-07,22159,
714,,,,22164,2.1161251424928196e-05
715,1.962388341780752e-05,2.562110694270814e-06,3.682327758269821e-07,22169,
715,1.7264659618376754e-05,1.489077476435341e-06,3.683367140183691e-07,22179,
715,1.6883624994079582e-05,1.3482632539307815e-06,4.1401557382414467e-07,22189,
715,,,,22195,2.046877307293471e-05
716,1.8682250811252743e-05,2.8306085368967615e-06,4.1616007706579694e-07,22199,
716,1.6742860680096783e-05,1.5432821101057925e-06,4.1004039985637064e-07,22209,
716,1.6652358681312762e-05,1.3224261010691407e-06,3.8649537259516364e-07,22219,
716,,,,22226,1.924640491779428e-05
717,1.907078330987133e-05,1.574435714246647e-06,4.4772758656108635e-07,22229,
717,1.781597347871866e-05,2.022839680648758e-06,3.8534679447366216e-07,22239,
717,1.689788950898219e-05,1.973972302948823e-06,4.1706957176756987e-07,22249,
717,,,,22257,1.7799899069359526e-05
718,1.7913711417349987e-05,2.320562771274126e-06,3.7655684081983054e-07,22259,
718,1.7788930563256145e-05,1.5117899465622031e-06,3.6562119021255057e-07,22269,
718,1.679661545495037e-05,1.4964723504817812e-06,4.071580121944862e-07,22279,
718,,,,22288,1.8870017811423168e-05
719,1.8580883988761343e-05,1.491693979005504e-06,4.16836343219984e-07,22289,
719,1.7742098862072453e-05,1.646761688789411e-06,4.1723595245457545e-07,22299,
719,1.6276373571599834e-05,1.2514647096395493e-06,3.8659308643218537e-07,22309,
719,9.2009395302739e-06,5.49652781955956e-07,7.395239975949153e-09,22319,
719,,,,22319,1.838485331973061e-05
720,1.6711677744751796e-05,1.4034175137567217e-06,4.1915828319361026e-07,22329,
720,1.6911133570829406e-05,1.289639499191253e-06,4.1419775698159356e-07,22339,
720,1.6638838133076206e-05,1.1916694120372995e-06,4.474441936963558e-07,22349,
720,,,,22350,1.7492036931798793e-05
721,1.677307409408968e-05,1.385961581945594e-06,4.3644013203447685e-07,22359,
721,1.6582782336627133e-05,1.2350700444585527e-06,3.8217891074054933e-07,22369,
721,1.714855716272723e-05,1.263078729607514e-06,3.9605382085028396e-07,22379,
721,,,,22381,1.8576072761788964e-05
722,1.8898748749052174e-05,2.934552867372986e-06,4.0015262925408024e-07,22389,
722,1.7660446246736683e-05,2.074751137115527e-06,3.9795835959921533e-07,22399,
722,1.779945523594506e-05,1.4206144669515197e-06,3.915457966741087e-07,22409,
722,,,,22412,2.191009116359055e-05
723,2.6424448151374236e-05,4.64601816929644e-06,3.907106247424963e-07,22419,
723,2.2255549993133172e-05,3.755591023946181e-06,3.9703704146631935e-07,22429,
723,2.1092946553835645e-05,2.621058001750498e-06,4.1544814166627475e-07,22439,
723,,,,22443,3.7267982406774536e-05
724,3.689232835313305e-05,1.3447417586576194e-05,4.2920927967315947e-07,22449,
724,2.606228372314945e-05,3.1042216050991556e-06,4.0447829974255e-07,22459,
724,2.5375753466505557e-05,4.407374945003539e-06,3.92086178635509e-07,22469,
724,,,,22474,3.9768860006006435e-05
725,3.640802242443897e-05,1.0874799045268446e-05,3.70732124110873e-07,22479,
725,2.0136336388532072e-05,4.006608378404053e-06,3.711065517109091e-07,22489,
725,1.8495096810511313e-05,2.1900043520872714e-06,4.171862428847817e-07,22499,
725,,,,22505,2.1546607968048193e-05
726,2.050331750069745e-05,2.486636503817863e-06,4.194582743366482e-07,22509,
726,1.689482269284781e-05,1.664017872826662e-06,4.1258604710492364e-07,22519,
726,1.66668960446259e-05,1.3387758599492372e-06,3.892782558523322e-07,22529,
726,,,,22536,2.130455141013954e-05
727,1.8698252461035736e-05,1.7992397260968573e-06,4.500740828916605e-07,22539,
727,1.8989598174812272e-05,2.3018890260573244e-06,3.8791560541540093e-07,22549,
727,1.693005469860509e-05,1.3632595710078022e-06,4.1980564446930657e-07,22559,
727,,,,22567,2.2167580027598888e-05
728,1.9732378859771416e-05,2.735037242018734e-06,3.789793368014216e-07,22569,
728,1.852003697422333e-05,2.231805183328106e-06,3.6779357515115407e-07,22579,
728,1.746943780744914e-05,1.4251403399612173e-06,4.097896635357756e-07,22589,
728,,,,22598,2.1264255337882787e-05
729,2.1069929061923176e-05,2.5535116492392262e-06,4.1997455468845146e-07,22599,
729,1.805090687412303e-05,1.849015461630188e-06,4.197149223728047e-07,22609,
729,1.805979809432756e-05,2.1213406853348715e-06,3.885994601660059e-07,22619,
729,1.0162106264033355e-05,6.987879146436171e-07,7.443699878706411e-09,22629,
729,,,,22629,2.7724317988031544e-05
730,1.985989547392819e-05,2.805965777952224e-06,4.226287728670286e-07,22639,
730,1.789170528354589e-05,2.049491513389512e-06,4.17452383771888e-07,22649,
730,1.755896482791286e-05,1.960869894901407e-06,4.513520650561986e-07,22659,
730,,,,22660,1.9897684978786856e-05
731,1.801666076062247e-05,2.232454562545172e-06,4.394342738578416e-07,22669,
731,1.765561319189146e-05,2.2634096694673644e-06,3.8477682551274484e-07,22679,
731,1.735074147291016e-05,1.448826196792652e-06,3.991039250195172e-07,22689,
731,,,,22691,2.1841438865521923e-05
732,1.831743065849878e-05,1.7593296206541709e-06,4.0328094996766595e-07,22699,
732,1.6198893717955798e-05,1.3784491557089495e-06,4.004827758308238e-07,22709,
732,1.7614735043025576e-05,1.4470491578322253e-06,3.943713977605512e-07,22719,
732,,,,22722,2.2045518562663347e-05
733,1.8007531252806075e-05,2.538161425036378e-06,3.937502128792403e-07,22729,
733,1.734680699883029e-05,1.8226040765512153e-06,3.990895436345454e-07,22739,
733,1.7783795556169935e-05,1.8127169596482418e-06,4.173281809016771e-07,22749,
733,,,,22753,1.9765178876696154e-05
734,1.8755450582830235e-05,2.2718879790772917e-06,4.3177968223062635e-07,22759,
734,1.7260352251469158e-05,2.264040404043044e-06,4.055080751186324e-07,22769,
734,1.7117494280682877e-05,1.4650707953478559e-06,3.937857684377377e-07,22779,
734,,,,22784,2.165672049159184e-05
735,2.0319916075095534e-05,3.4606680401338963e-06,3.728862338903127e-07,22789,
735,1.7245634808205068e-05,1.6775119320300291e-06,3.7372862493612047e-07,22799,
735,1.7128744730143808e-05,1.8436090840623365e-06,4.204502204174787e-07,22809,
735,,,,22815,2.865235182980541e-05
736,2.4057890186668374e-05,4.087904471816728e-06,4.2263610566806165e-07,22819,
736,1.9562661691452377e-05,2.834871793311322e-06,4.1701326836118824e-07,22829,
736,2.005312308028806e-05,2.6586010335449828e-06,3.927413843030081e-07,22839,
736,,,,22846,3.2883413950912654e-05
737,2.4315771952387877e-05,4.096586508239852e-06,4.5256808789417846e-07,22849,
737,2.0460449377424084e-05,3.0171772777976003e-06,3.909909764843178e-07,22859,
737,1.7710633983369917e-05,1.912035259010736e-06,4.2194088223368453e-07,22869,
737,,,,22877,2.3287562726181932e-05
738,2.2356671252055094e-05,3.95159395338851e-06,3.8365638488357945e-07,22879,
738,1.869251354946755e-05,1.8948041997646214e-06,3.706746554144047e-07,22889,
738,1.735999103402719e-05,2.1367943645600462e-06,4.134444395731407e-07,22899,
738,,,,22908,2.7254525775788352e-05
739,2.6110892576980405e-05,2.570306833149516e-06,4.2445887515896175e-07,22909,
739,1.7501552065368742e-05,1.782137246664206e-06,4.227908618759102e-07,22919,
739,1.6095744285848923e-05,1.69070392530557e-06,3.916601087894378e-07,22929,
739,9.071079148270655e-06,6.597751394110674e-07,7.525577494504887e-09,22939,
739,,,,22939,2.0420386135810986e-05
740,1.6585459889029153e-05,2.284287575093913e-06,4.257000796314969e-07,22949,
740,1.7037898942362517e-05,1.8060229649563553e-06,4.2079855688825774e-07,22959,
740,1.6540117940166965e-05,1.2676429150815238e-06,4.5428848238771025e-07,22969,
740,,,,22970,1.7626871340326034e-05
741,1.7040458260453306e-05,1.4019869922776707e-06,4.4213987848706893e-07,22979,
741,1.6931093341554515e-05,1.3862252217222704e-06,3.8774771837779554e-07,22989,
741,1.691680881776847e-05,1.4274795603341772e-06,4.013342902453587e-07,22999,
741,,,,23001,2.1287723939167336e-05
742,1.942010931088589e-05,2.636147655721288e-06,4.063304857027106e-07,23009,
742,1.6759886420913972e-05,1.5163900570769329e-06,4.028837850000855e-07,23019,
742,1.8460281353327446e-05,1.9042929579882184e-06,3.9749153302182094e-07,23029,
742,,,,23032,2.2896281734574586e-05
743,1.760730447131209e-05,2.408920636298717e-06,3.9656859485148743e-07,23039,
743,1.710356809780933e-05,1.506028525000147e-06,4.0178255744649505e-07,23049,
743,1.7518388631287962e-05,1.5300886389013613e-06,4.2032172586914385e-07,23059,
743,,,,23063,2.0562545614666305e-05
744,2.3181621145340614e-05,3.96626546717016e-06,4.347724882336479e-07,23069,
744,1.9777737179538235e-05,2.8550791739689885e-06,4.0802879652801494e-07,23079,
744,1.8057757188216783e-05,2.162809551009559e-06,3.9659096273680916e-07,23089,
744,,,,23094,1.9179107766831294e-05
745,1.854374750109855e-05,5.014538146497216e-06,3.760951869935525e-07,23099,
745,1.7279835446970537e-05,1.5697502249167883e-06,3.7618880810441624e-07,23109,
745,1.6596679415670224e-05,1.4832033912171028e-06,4.234860853102873e-07,23119,
745,,,,23125,1.754850563884247e-05
746,1.779293961590156e-05,2.7647436127153924e-06,4.2604261807355215e-07,23129,
746,1.6102014342322946e-05,1.4632380498369457e-06,4.195303802134731e-07,23139,
746,1.5624498701072298e-05,1.0729038422141457e-06,3.955687759571447e-07,23149,
746,,,,23156,1.6864398276084103e-05
747,1.713095662125852e-05,1.4210010021997732e-06,4.568047415887122e-07,23159,
747,1.644984513404779e-05,1.1772232255680137e-06,3.9368026705233206e-07,23169,
747,1.5812547644600272e-05,1.0699679933168227e-06,4.258035346538236e-07,23179,
747,,,,23187,1.6885540389921516e-05
748,1.642644747334998e-05,1.2394943951221649e-06,3.856754915432248e-07,23189,
748,1.628268182685133e-05,1.2071493529219879e-06,3.7320015167097154e-07,23199,
748,1.592515218362678e-05,1.2467133956306498e-06,4.1649502691143425e-07,23209,
748,,,,23218,1.737221646180842e-05
749,1.7074278730433434e-05,1.5931153711790103e-06,4.257732371115708e-07,23219,
749,1.629343387321569e-05,1.7548326241012546e-06,4.2587905113578017e-07,23229,
749,1.5490837540710345e-05,1.2283420574021875e-06,3.9444540789190796e-07,23239,
749,8.911763870855793e-06,7.424119985444122e-07,7.622964481868166e-09,23249,
749,,,,23249,1.856753988249693e-05
750,1.749384136928711e-05,2.7358310035197064e-06,4.28916251848932e-07,23259,
750,1.6609526937827468e-05,1.3294110203787568e-06,4.237587347688532e-07,23269,
750,1.6401258108089678e-05,1.273334078177868e-06,4.585536430568027e-07,23279,
750,,,,23280,1.943780080182478e-05
751,1.9579594663809985e-05,2.4140333607647335e-06,4.4640455598710105e-07,23289,
751,1.716922633931972e-05,1.6344318964911508e-06,3.9057204048731364e-07,23299,
751,1.706408875179477e-05,1.6126723494380713e-06,4.0429557657262194e-07,23309,
751,,,,23311,2.182525713578798e-05
752,2.030549330811482e-05,2.594188117654994e-06,4.0894920516620914e-07,23319,
752,1.7026837667799555e-05,2.325727564311819e-06,4.056379339090199e-07,23329,
752,1.854883157648146e-05,2.301344466104638e-06,4.0075400420391816e-07,23339,
752,,,,23342,2.433224108244758e-05
753,2.6037841962534003e-05,5.877150670130504e-06,3.9943734009284526e-07,23349,
753,1.796802280296106e-05,2.2948668174649356e-06,4.046937647217419e-07,23359,
753,1.6798145225038752e-05,1.6973845049506053e-06,4.2349864770585555e-07,23369,
753,,,,23373,1.9366616470506415e-05
754,2.2024332793080248e-05,4.022936536784982e-06,4.37818755472108e-07,23379,
754,1.9027946109417826e-05,2.6056109163619112e-06,4.1060775402002037e-07,23389,
754,1.779727426765021e-05,2.4941357423813315e-06,3.9923122585605597e-07,23399,
754,,,,23404,2.3013300960883498e-05
755,2.6981651899404824e-05,1.058270481735235e-05,3.7984185041750607e-07,23409,
755,2.005678106797859e-05,2.62987737187359e-06,3.7832828070349933e-07,23419,
755,1.7537211533635855e-05,2.7896976462216116e-06,4.259979107246181e-07,23429,
755,,,,23435,2.1296300474205054e-05
756,2.068235153274145e-05,6.3934276113286614e-06,4.2918196641039685e-07,23439,
756,1.6643347407807596e-05,1.7888693264467292e-06,4.221465985665418e-07,23449,
756,1.6254007277893834e-05,1.633952024349128e-06,3.979195639658428e-07,23459,
756,,,,23466,2.0477405996643938e-05
757,1.859264557424467e-05,1.7577191329110065e-06,4.6008079834791715e-07,23469,
757,1.706996772554703e-05,2.1329251467250288e-06,3.9561146536470915e-07,23479,
757,1.6120131476782262e-05,1.8685165059650899e-06,4.2763701912917895e-07,23489,
757,,,,23497,1.7789909179555252e-05
758,1.7352247596136294e-05,2.453376282574027e-06,3.87843499538576e-07,23499,
758,1.727285416563973e-05,1.7374823073623702e-06,3.756440776214731e-07,23509,
758,1.5871120922383852e-05,1.3898180668547866e-06,4.192656604118383e-07,23519,
758,,,,23528,1.8620728951646015e-05
759,1.83229822141584e-05,1.8822896663550637e-06,4.286270041120588e-07,23529,
759,1.658020482864231e-05,1.5121414662644383e-06,4.28510730898779e-07,23539,
759,1.5706247722846456e-05,1.2494390375650255e-06,3.968547162003233e-07,23549,
759,8.671609975863248e-06,5.721529419133731e-07,7.671661528263485e-09,23559,
759,,,,23559,1.950781370396726e-05
760,1.7245469280169345e-05,2.205062401117175e-06,4.3199975152674597e-07,23569,
760,1.6786210835562088e-05,1.7627301076572621e-06,4.267139388502983e-07,23579,
760,1.681268258835189e-05,1.7528524267618195e-06,4.6145783016982023e-07,23589,
760,,,,23590,2.2890391846885905e-05
761,2.429851156193763e-05,4.689471552410396e-06,4.499156034398766e-07,23599,
761,1.8969753000419587e-05,3.0301544029498473e-06,3.9246117466973374e-07,23609,
761,2.0109242541366257e-05,2.6436891857883893e-06,4.072100807661627e-07,23619,
761,,,,23621,3.172373180859722e-05
762,2.5021563487825915e-05,4.446991169970715e-06,4.116648710805748e-07,23629,
762,1.8297330825589597e-05,2.125080527548562e-06,4.0795643485580513e-07,23639,
762,1.764945591276046e-05,1.5246700968418736e-06,4.0251518385048257e-07,23649,
762,,,,23652,2.159599171136506e-05
763,1.7596261386643164e-05,1.995279262700933e-06,4.013882346498576e-07,23659,
763,1.6311863873852417e-05,1.5090588476596167e-06,4.0706046888772107e-07,23669,
763,1.6708885596017353e-05,1.3902554201195017e-06,4.2565392277538194e-07,23679,
763,,,,23683,1.8854292648029514e-05
764,1.8073415049002506e-05,2.1646960703947116e-06,4.396818837903993e-07,23689,
764,1.5988935047062114e-05,1.4915743804522208e-06,4.128980606310506e-07,23699,
764,1.568621701153461e-05,1.198486302200763e-06,4.018425272533932e-07,23709,
764,,,,23714,1.901783798530232e-05
765,1.9951297872466967e-05,1.912416564664454e-06,3.7959216570015997e-07,23719,
765,1.638590583752375e-05,1.4785546227358282e-06,3.8074858821346425e-07,23729,
765,1.5665560567867942e-05,1.4280374216468772e-06,4.2923386445181677e-07,23739,
765,,,,23745,1.8159762475988828e-05
766,1.8190510672866367e-05,2.608161366879358e-06,4.3194438603677554e-07,23749,
766,1.607813101145439e-05,1.360943315376062e-06,4.249193921168626e-07,23759,
766,1.558709300297778e-05,1.123260403801396e-06,4.0082139207697765e-07,23769,
766,,,,23776,2.2010335669619963e-05
767,1.8287348211742938e-05,1.8143839497497538e-06,4.624190523827565e-07,23779,
767,1.7249707525479607e-05,1.9382237042009365e-06,3.9826377928875445e-07,23789,
767,1.610000617802143e-05,1.7659207287579193e-06,4.3006002670153975e-07,23799,
767,,,,23807,1.9578537830966525e-05
768,2.1656011085724458e-05,3.5058219509664923e-06,3.9073097468644846e-07,23809,
768,1.729066025291104e-05,1.9258297925262013e-06,3.777051915676566e-07,23819,
768,1.695375431154389e-05,1.5011675031928462e-06,4.217677371798345e-07,23829,
768,,,,23838,2.084359948639758e-05
769,2.054711694654543e-05,3.4039960610243725e-06,4.3140980210409907e-07,23839,
769,1.8222364815301262e-05,2.010617663472658e-06,4.3074606992377085e-07,23849,
769,1.5956100469338708e-05,1.5478107115995954e-06,3.9861114942141285e-07,23859,
769,8.77737966220593e-06,8.545648597646505e-07,7.698829129765272e-09,23869,
769,,,,23869,2.314348421350587e-05
770,1.8103077309206128e-05,2.0661193502746755e-06,4.342629154052702e-07,23879,
770,1.6564166799071245e-05,1.8187741943620495e-06,4.292783728487848e-07,23889,
770,1.6438854800071567e-05,1.4877198282192694e-06,4.6479667048515694e-07,23899,
770,,,,23900,2.1231098799034953e-05
771,1.7392072550137527e-05,2.2908786831976613e-06,4.5067071141602355e-07,23909,
771,1.6647241864120588e-05,2.0290251541155158e-06,3.9537346196993894e-07,23919,
771,1.607383273949381e-05,1.1998616855635191e-06,4.09496692554967e-07,23929,
771,,,,23931,1.9913090000045486e-05
772,2.014406163652893e-05,3.0210567274480127e-06,4.1410538642594474e-07,23939,
772,1.5923340470180847e-05,1.993718797166366e-06,4.102464004063222e-07,23949,
772,1.6751208022469655e-05,1.5661571524105966e-06,4.050878885664133e-07,23959,
772,,,,23962,2.1060621293145232e-05
773,1.8963468392030336e-05,3.446014261498931e-06,4.036239715787815e-07,23969,
773,1.6964093447313644e-05,1.606830551281746e-06,4.1058737565435877e-07,23979,
773,1.6156245692400262e-05,1.4931422356312396e-06,4.287641388600605e-07,23989,
773,,,,23993,2.1619187464239076e-05
774,2.0129755284870043e-05,2.6401860395708354e-06,4.4301094703769195e-07,23999,
774,1.688690099399537e-05,1.4694060155306943e-06,4.160309572398546e-07,24009,
774,1.600210089236498e-05,1.403999362992181e-06,4.048014545787737e-07,24019,
774,,,,24024,2.1170573745621368e-05
775,1.9607901776907966e-05,4.206501216685865e-06,3.831757737771113e-07,24029,
775,1.6885047443793155e-05,1.5653682794436463e-06,3.839247142423119e-07,24039,
775,1.616280133021064e-05,1.3379668644120102e-06,4.3217548295615416e-07,24049,
775,,,,24055,1.903355587273836e-05
776,1.9411912944633514e-05,1.994454351006425e-06,4.3536522298381897e-07,24059,
776,1.76762550836429e-05,2.0113545815547695e-06,4.2826752633118303e-07,24069,
776,1.5228477423079312e-05,1.2006976248812862e-06,4.037784151478263e-07,24079,
776,,,,24086,2.1103238395880908e-05
777,2.0226594642736018e-05,2.2371384602593025e-06,4.662007029310189e-07,24089,
777,1.8389251636108384e-05,2.5610702323319856e-06,4.006434721759433e-07,24099,
777,1.758813414198812e-05,3.4694007808866445e-06,4.326587941250182e-07,24109,
777,,,,24117,2.1152094632270746e-05
778,2.3420681827701628e-05,8.832209459797014e-06,3.927947602733184e-07,24119,
778,2.236571890534833e-05,3.3364235605404247e-06,3.808298743024352e-07,24129,
778,1.690570752543863e-05,2.829709046636708e-06,4.244389231189416e-07,24139,
778,,,,24148,2.277733074151911e-05
779,2.2297754185274243e-05,3.506364009808749e-06,4.348783875229856e-07,24149,
779,1.8249304048367776e-05,2.6916857223113766e-06,4.3339821331755957e-07,24159,
779,1.6231537301791832e-05,1.7143407831099466e-06,4.0117831190400466e-07,24169,
779,8.832106686895713e-06,7.430080017911678e-07,7.780984745409114e-09,24179,
779,,,,24179,2.132391819031909e-05
780,1.5620280464645475e-05,1.3645707213072455e-06,4.37029569866354e-07,24189,
780,1.5880663340794854e-05,1.2874883168478846e-06,4.320445725625177e-07,24199,
780,1.5842557331779972e-05,1.2608787756107631e-06,4.677656590956758e-07,24209,
780,,,,24210,2.3348042304860428e-05
781,1.912336483655963e-05,2.862783048840356e-06,4.538783571206295e-07,24219,
781,1.6516936739208177e-05,2.1763851236755727e-06,3.9768599435774377e-07,24229,
781,1.6502075595781207e-05,1.4005230468683294e-06,4.1169874975821585e-07,24239,
781,,,,24241,2.7287167540634982e-05
782,2.201978350058198e-05,3.895841018675128e-06,4.157059834142274e-07,24249,
782,1.644596159167122e-05,2.888993321903399e-06,4.125177781588718e-07,24259,
782,1.6933203369262628e-05,2.167379761885968e-06,4.073332888765435e-07,24269,
782,,,,24272,2.0759440303663723e-05
783,1.982654066523537e-05,3.284140348114306e-06,4.057037301663513e-07,24279,
783,1.6184740161406808e-05,1.734881379888975e-06,4.1257979432884895e-07,24289,
783,1.670965320954565e-05,1.8978213347509154e-06,4.31107224585503e-07,24299,
783,,,,24303,1.8227243344881572e-05
784,2.0061463146703318e-05,2.765345698207966e-06,4.445513752671104e-07,24309,
784,1.5851095668040216e-05,1.599238771632372e-06,4.1729728650352627e-07,24319,
784,1.5495425031986088e-05,1.1787573157562292e-06,4.0665401002115686e-07,24329,
784,,,,24334,1.7843574823928066e-05
785,1.80262177309487e-05,1.5406482134494581e-06,3.8438682281594083e-07,24339,
785,1.5808065654709935e-05,1.2476351685108966e-06,3.8522048839695344e-07,24349,
785,1.59794381033862e-05,1.357258042844478e-06,4.344299782133021e-07,24359,
785,,,,24365,1.798171979316976e-05
786,1.9483844880596735e-05,1.8334009155296371e-06,4.3782196712527366e-07,24369,
786,1.7591348296264187e-05,2.35166999118519e-06,4.30644121252044e-07,24379,
786,1.541819619887974e-05,1.354191113023262e-06,4.059837692693691e-07,24389,
786,,,,24396,2.2481350242742337e-05
787,2.294669502589386e-05,3.2470129553985316e-06,4.685894055000972e-07,24399,
787,1.9118409909424372e-05,3.71843202628952e-06,4.032738729620178e-07,24409,
787,1.6311345461872406e-05,2.8057188501406927e-06,4.355047451554128e-07,24419,
787,,,,24427,2.0058698282809928e-05
788,1.8762186300591566e-05,2.687400410650298e-06,3.9554930708618485e-07,24429,
788,1.6882950149010867e-05,2.338048489036737e-06,3.823542442660255e-07,24439,
788,1.5579347746097483e-05,1.7057718650903553e-06,4.2717894643828913e-07,24449,
788,,,,24458,1.6501095160492696e-05
789,1.6191395843634382e-05,1.70199734839116e-06,4.3618811673695745e-07,24459,
789,1.541296842333395e-05,1.341813458566321e-06,4.3613070488390804e-07,24469,
789,1.4636767446063459e-05,1.054059339367086e-06,4.0328234263142804e-07,24479,
789,7.984338481037412e-06,5.525538995243551e-07,7.826957748591212e-09,24489,
789,,,,24489,1.7142680007964373e-05
790,1.4818450836173724e-05,1.252009155905398e-06,4.401393596253911e-07,24499,
790,1.527557469671592e-05,1.1374623909432557e-06,4.343621924363106e-07,24509,
790,1.535695446364116e-05,1.1981508123426465e-06,4.7103264932957245e-07,24519,
790,,,,24520,1.8040598661173135e-05
791,1.9308316041133367e-05,2.0555364699248457e-06,4.564741971080366e-07,24529,
791,1.694458296697121e-05,2.210068259955733e-06,4.0026171177487413e-07,24539,
791,1.685799543338362e-05,1.6033030760809197e-06,4.144534671013389e-07,24549,
791,,,,24551,2.6383810109109618e-05
792,2.9598846595035866e-05,4.599483418132877e-06,4.187764659491222e-07,24559,
792,1.6590725863352418e-05,2.4130790734488983e-06,4.1488388546895294e-07,24569,
792,2.2545833417098038e-05,3.2818868476169882e-06,4.108831035409821e-07,24579,
792,,,,24582,2.6772850105771795e-05
793,2.3376911485684104e-05,3.836226369458018e-06,4.0928247813099006e-07,24589,
793,1.6757225239416584e-05,1.967013531611883e-06,4.14999846043429e-07,24599,
793,1.63834174600197e-05,1.7978633195525617e-06,4.3337558963685296e-07,24609,
793,,,,24613,1.956037522177212e-05
794,1.88547983270837e-05,2.4542257506254828e-06,4.4763717710338824e-07,24619,
794,1.6113079254864715e-05,1.8219363937532762e-06,4.2001997258012125e-07,24629,
794,1.6098147170851007e-05,1.6695852309567272e-06,4.08776315907744e-07,24639,
794,,,,24644,1.917703411891125e-05
795,1.7120797565439716e-05,2.310933950866456e-06,3.864849702495121e-07,24649,
795,1.591635555087123e-05,1.3281783139973413e-06,3.8737289287382737e-07,24659,
795,1.5442805306520313e-05,1.2630188166440348e-06,4.3638328861561604e-07,24669,
795,,,,24675,1.755988887452986e-05
796,1.7567204849910922e-05,1.637551008570881e-06,4.3998787191412703e-07,24679,
796,1.5730849554529414e-05,1.5276876865755185e-06,4.3292229179314745e-07,24689,
796,1.4679051673738286e-05,1.1542186939550447e-06,4.0829692693478137e-07,24699,
796,,,,24706,1.7586909962119535e-05
797,1.6880916518857703e-05,1.8734079958449001e-06,4.7035996431077365e-07,24709,
797,1.759455699357204e-05,2.4378382477152627e-06,4.0565078052168246e-07,24719,
797,1.627654637559317e-05,1.6457055380669772e-06,4.375735329631425e-07,24729,
797,,,,24737,1.842013261921238e-05
798,1.751883974066004e-05,2.623679392854683e-06,3.9747891378283384e-07,24739,
798,1.887905273179058e-05,2.5905353595589986e-06,3.8398039237108605e-07,24749,
798,1.6313833839376457e-05,2.15990394281107e-06,4.294088000733609e-07,24759,
798,,,,24768,2.1799904061481357e-05
799,2.1596804799628444e-05,6.266091077122837e-06,4.386260172850598e-07,24769,
799,2.0403373127919622e-05,3.668890030894545e-06,4.3818505446324707e-07,24779,
799,1.832453017414082e-05,3.02675221064419e-06,4.045002697239397e-07,24789,
799,1.0304026545782108e-05,1.027612597681582e-06,7.851456373941801e-09,24799,
799,,,,24799,2.6003161110565998e-05
800,2.0541803678497672e-05,3.944198397221044e-06,4.4363531515045906e-07,24809,
800,1.6339794456143863e-05,1.788166628102772e-06,4.3789290771201195e-07,24819,
800,1.636581691855099e-05,1.5415988627864863e-06,4.738885195365583e-07,24829,
800,,,,24830,1.8909797290689312e-05
801,1.5422554497490637e-05,1.495389369665645e-06,4.575189223032794e-07,24839,
801,1.5119587260414846e-05,1.278529452974908e-06,4.0211432406067615e-07,24849,
801,1.5326466382248327e-05,1.2021990869470756e-06,4.1632449665485183e-07,24859,
801,,,,24861,1.7524285794934258e-05
802,1.7192800441989675e-05,1.3334247341845185e-06,4.2039943082272657e-07,24869,
802,1.4852083950245287e-05,1.1863003237522207e-06,4.1723623667166976e-07,24879,
802,1.5964182239258662e-05,1.3721381719733472e-06,4.123148187318293e-07,24889,
802,,,,24892,1.627913115953561e-05
803,1.4826809092483018e-05,1.337160824732564e-06,4.1012995666278584e-07,24899,
803,1.535713454359211e-05,1.2142508012402686e-06,4.1776297621254344e-07,24909,
803,1.5821216948097572e-05,1.2780698170899996e-06,4.357420948508661e-07,24919,
803,,,,24923,1.724684079817962e-05
804,1.8044485841528513e-05,1.942037442859146e-06,4.501804369283491e-07,24929,
804,1.5948000509524718e-05,1.4537607739839586e-06,4.2184032622571976e-07,24939,
804,1.5200382222246844e-05,1.420661760676012e-06,4.1146597595798085e-07,24949,
804,,,,24954,1.7720671166898683e-05
805,1.9618639271357097e-05,2.6635054837242933e-06,3.8898247112229e-07,24959,
805,1.814146526157856e-05,1.7663495555098052e-06,3.897793874330091e-07,24969,
805,1.5284025721484795e-05,1.4852320191494073e-06,4.3953835415777576e-07,24979,
805,,,,24985,1.8710723452386446e-05
806,1.9252394849900156e-05,1.973013468159479e-06,4.434725155988417e-07,24989,
806,1.6417845472460613e-05,2.5433962491661077e-06,4.355459282123775e-07,24999,
806,1.5548150258837268e-05,1.5111930906641646e-06,4.109813289687736e-07,25009,
806,,,,25016,2.1441384888021275e-05
807,1.9074326701229438e-05,2.5064039164135465e-06,4.742552164316294e-07,25019,
807,1.8649834601092152e-05,4.218409685563529e-06,4.075150172866415e-07,25029,
807,1.6070409401436336e-05,1.9724709545698715e-06,4.3988563902530586e-07,25039,
807,,,,25047,2.630636481626425e-05
808,2.7748743377742358e-05,4.9943537305807695e-06,4.0130012735062337e-07,25049,
808,1.9039596736547537e-05,4.6000618567632046e-06,3.8587009498769476e-07,25059,
808,1.7097123418352567e-05,2.193220097979065e-06,4.323088376168016e-07,25069,
808,,,,25078,2.317574035259895e-05
809,2.3140837583923712e-05,3.141911292914301e-06,4.4079237682126404e-07,25079,
809,2.2042046111891977e-05,3.518962103044032e-06,4.401496767059143e-07,25089,
809,1.5840485502849333e-05,2.4362839212699328e-06,4.067630356985319e-07,25099,
809,8.055932084971573e-06,7.147287988118478e-07,7.911541644034514e-09,25109,
809,,,,25109,2.3233173124026507e-05
810,2.0110092009417713e-05,4.36851132690208e-06,4.4484352201834554e-07,25119,
810,1.5854418961680494e-05,2.615033508845954e-06,4.393434096527926e-07,25129,
810,1.5735846318420954e-05,1.6491969745402457e-06,4.763220999848272e-07,25139,
810,,,,25140,1.8204556909040548e-05
811,1.720385807857383e-05,1.9291853732283926e-06,4.5973632722962066e-07,25149,
811,1.643454743316397e-05,1.9741853520827135e-06,4.049523170124303e-07,25159,
811,1.608790989848785e-05,1.562955731060356e-06,4.1845547116281523e-07,25169,
811,,,,25171,2.104897976096254e-05
812,2.1378087694756687e-05,2.8723550258291652e-06,4.23756148393295e-07,25179,
812,1.6596044588368386e-05,2.2712595182383666e-06,4.1880088019752293e-07,25189,
812,1.606266960152425e-05,1.9590891042753356e-06,4.1459352928541193e-07,25199,
812,,,,25202,1.9241944755776785e-05
813,1.6093554222607054e-05,2.5475426355114905e-06,4.130527599954803e-07,25209,
813,1.5554973288089968e-05,1.5133695114855072e-06,4.1962351815527654e-07,25219,
813,1.5461931980098598e-05,1.2458858691388741e-06,4.378419191652938e-07,25229,
813,,,,25233,1.7211012163897976e-05
814,1.742075437505264e-05,1.8605268223836902e-06,4.5312597762858786e-07,25239,
814,1.5195839296211489e-05,1.6296977491947473e-06,4.2349716977696517e-07,25249,
814,1.4987634131102823e-05,1.4220789807950496e-06,4.1350739365952904e-07,25259,
814,,,,25264,1.7311014744336717e-05
815,1.680184323049616e-05,2.767781325019314e-06,3.91177735536985e-07,25269,
815,1.6369964214391075e-05,1.2740181318804389e-06,3.9220560665853554e-07,25279,
815,1.4906317119312007e-05,1.2143893854954513e-06,4.4167305190967454e-07,25289,
815,,,,25295,1.9109013010165654e-05
816,1.763442560331896e-05,2.111192543452489e-06,4.453295900930243e-07,25299,
816,1.6142263120855205e-05,1.7020231553033227e-06,4.377587004000816e-07,25309,
816,1.5723715478088707e-05,1.5232448049573577e-06,4.1289939645139384e-07,25319,
816,,,,25326,1.970280754903797e-05
817,2.4283133825520054e-05,5.011463599657873e-06,4.76570903629181e-07,25329,
817,2.4749313524807803e-05,4.057166734128259e-06,4.0991261585077154e-07,25339,
817,1.877239265013486e-05,3.0198505100997863e-06,4.422744837029313e-07,25349,
817,,,,25357,3.352700878167525e-05
818,2.934443182311952e-05,1.109739787352737e-05,4.027954787488852e-07,25359,
818,2.130793291144073e-05,3.928894329874311e-06,3.896768134836748e-07,25369,
818,1.6544512618565932e-05,1.8502817056287313e-06,4.344524313637521e-07,25379,
818,,,,25388,1.9570577933336608e-05
819,1.924301977851428e-05,1.923544687087997e-06,4.437726488504268e-07,25389,
819,1.51121766975848e-05,1.5822866998860263e-06,4.4230085904928274e-07,25399,
819,1.4435649063671008e-05,1.1980808949374477e-06,4.087996785528958e-07,25409,
819,7.84941130405059e-06,5.8176544825983e-07,7.9446378364878e-09,25419,
819,,,,25419,1.600468203832861e-05
820,1.4971922610129695e-05,1.352952494926285e-06,4.473336332466715e-07,25429,
820,1.4657429346698336e-05,1.0728525694503332e-06,4.413585372731177e-07,25439,
820,1.4602727787860204e-05,1.0750731007647119e-06,4.791245373780839e-07,25449,
820,,,,25450,1.6129513824125752e-05
821,1.4543636098096613e-05,1.033733042277163e-06,4.622791323072306e-07,25459,
821,1.4621537957282271e-05,1.1012234608642757e-06,4.0625391761750507e-07,25469,
821,1.4815769645792898e-05,1.0452180276843137e-06,4.2037922298732155e-07,25479,
821,,,,25481,1.59284463734366e-05
822,1.6258287359960377e-05,1.3129340459272498e-06,4.2468903416192916e-07,25489,
822,1.4211836969479918e-05,1.1926143770324416e-06,4.209249198083853e-07,25499,
822,1.5386796803795733e-05,1.2437625400707475e-06,4.1654692495285417e-07,25509,
822,,,,25512,1.721888293104712e-05
823,1.7449989172746427e-05,1.8770248289001756e-06,4.1465759181846806e-07,25519,
823,1.559365955472458e-05,1.9080434867646545e-06,4.217411913032265e-07,25529,
823,1.5929295841488056e-05,1.5413169194289367e-06,4.3976501729048323e-07,25539,
823,,,,25543,2.3750057152938098e-05
824,2.484289689164143e-05,4.9877971832756884e-06,4.5538351400864485e-07,25549,
824,1.6433554264949635e-05,2.463956207066076e-06,4.244319882218406e-07,25559,
824,1.6743530068197288e-05,2.0288712221372407e-06,4.146053811382444e-07,25569,
824,,,,25574,1.7551985365571454e-05
825,1.6516960386070423e-05,2.553812691985513e-06,3.921650773008878e-07,25579,
825,1.5826173694222234e-05,1.7083592638300615e-06,3.9325081502283865e-07,25589,
825,1.5001968677097466e-05,1.8237886934002745e-06,4.435604807895288e-07,25599,
825,,,,25605,1.809603963920381e-05
826,1.7570775526110083e-05,2.450692363709095e-06,4.4800054865845595e-07,25609,
826,1.5564353816444054e-05,1.799516780920385e-06,4.399865360937838e-07,25619,
826,1.567161780258175e-05,1.3095740314383875e-06,4.1514198301229044e-07,25629,
826,,,,25636,1.828018321248237e-05
827,1.7945438230526634e-05,2.222843249910511e-06,4.780061999554164e-07,25639,
827,1.7657126591075212e-05,2.5563126655470114e-06,4.1160097907777526e-07,25649,
827,1.5433019143529236e-05,2.4978671717690304e-06,4.4383284603100037e-07,25659,
827,,,,25667,2.2372732928488404e-05
828,2.2075362721807323e-05,5.4348306548490655e-06,4.035017298065213e-07,25669,
828,1.9817385691567324e-05,3.03281831293134e-06,3.9067253965185955e-07,25679,
828,1.6088593838503584e-05,1.8184822465627803e-06,4.3539566263461893e-07,25689,
828,,,,25698,1.7650747395236976e-05
829,1.733841054374352e-05,2.068280764433439e-06,4.451869131116837e-07,25699,
829,1.5267962226062082e-05,1.6657813830533996e-06,4.4386450781530584e-07,25709,
829,1.4249948435463011e-05,1.2860468814324122e-06,4.1079582047132135e-07,25719,
829,7.517841822846094e-06,5.819590001010511e-07,7.99602428713797e-09,25729,
829,,,,25729,1.6345167750841938e-05
830,1.449139654141618e-05,1.4679884543511434e-06,4.495141467941721e-07,25739,
830,1.4865917364659254e-05,1.1833220696644275e-06,4.43359681412403e-07,25749,
830,1.4824181562289596e-05,1.2114220453440794e-06,4.819270884581783e-07,25759,
830,,,,25760,1.8084156181430444e-05
831,1.8239719793200493e-05,2.426380660836003e-06,4.652399354654335e-07,25769,
831,1.6101121218525805e-05,2.15199111153197e-06,4.085182183644065e-07,25779,
831,1.7311638657702133e-05,1.8395284087091568e-06,4.2276175804545346e-07,25789,
831,,,,25791,2.7617004889179952e-05
832,2.793569365167059e-05,4.861772595177172e-06,4.275649985174823e-07,25799,
832,1.58567308972124e-05,2.265654757138691e-06,4.230253978221299e-07,25809,
832,1.922179762914311e-05,2.7965504614257952e-06,4.194057510176208e-07,25819,
832,,,,25822,2.2341650037560612e-05
833,2.243247399746906e-05,4.686063221015502e-06,4.1746608303583344e-07,25829,
833,1.5922827515169047e-05,1.7804198932935833e-06,4.239010138462618e-07,25839,
833,1.5272540622390807e-05,1.482078573644685e-06,4.418095045366499e-07,25849,
833,,,,25853,1.8558035662863404e-05
834,1.895003515528515e-05,2.82157907349756e-06,4.5676833337893186e-07,25859,
834,1.503691055404488e-05,1.2260155699550523e-06,4.2692153101597796e-07,25869,
834,1.4757744793314487e-05,1.1461675057944376e-06,4.168748830579716e-07,25879,
834,,,,25884,1.7079992176149972e-05
835,1.6901494745980017e-05,2.123681269949884e-06,3.9497413695244177e-07,25889,
835,1.4751409253221937e-05,1.2010242471660604e-06,3.948478024540236e-07,25899,
835,1.436780712538166e-05,1.2797123645214015e-06,4.4506282392831054e-07,25909,
835,,,,25915,1.604031967872288e-05
836,1.6126083210110664e-05,2.4148782813426806e-06,4.4923754671799543e-07,25919,
836,1.4946379451430403e-05,1.5549512681900524e-06,4.4159614276395587e-07,25929,
836,1.413637164660031e-05,1.1641740229606512e-06,4.168442160334962e-07,25939,
836,,,,25946,1.6913954823394306e-05
837,1.599526876816526e-05,1.86602210305864e-06,4.798209261025477e-07,25949,
837,1.6591728126513772e-05,2.460713176333229e-06,4.1357824898113904e-07,25959,
837,1.51943577293423e-05,1.7797279951992095e-06,4.4555883960128995e-07,25969,
837,,,,25977,1.624079050088767e-05
838,1.5733921827632003e-05,3.4685538139456185e-06,4.0538745338380977e-07,25979,
838,1.627110759727657e-05,2.232342694696854e-06,3.911741259798873e-07,25989,
838,1.4936162187950686e-05,1.4729376971445163e-06,4.382509075639973e-07,25999,
838,,,,26008,1.6769865396781825e-05
839,1.6484380466863513e-05,2.2483422981167678e-06,4.4675334720523097e-07,26009,
839,1.4862813259242103e-05,1.5339501260314137e-06,4.4589890535462473e-07,26019,
839,1.4474255294771865e-05,1.153519406216219e-06,4.1187618649018987e-07,26029,
839,7.766867383907083e-06,7.04939395745896e-07,8.04107624929884e-09,26039,
839,,,,26039,1.9621809769887477e-05
840,1.6949114069575444e-05,2.5458773507125443e-06,4.5204410525911953e-07,26049,
840,1.712027187750209e-05,1.954225126610254e-06,4.4513342345453566e-07,26059,
840,1.6407306247856468e-05,1.8675515320865088e-06,4.846324372920208e-07,26069,
840,,,,26070,2.8328908229013905e-05
841,1.90733844647184e-05,3.172952801833162e-06,4.666599977554142e-07,26079,
841,1.6564787074457854e-05,2.107955424435204e-06,4.111595899303211e-07,26089,
841,1.6479216355946846e-05,1.5889212363617844e-06,4.243724447405839e-07,26099,
841,,,,26101,2.285026312165428e-05
842,1.9618113583419472e-05,2.4802102416288108e-06,4.29516973099453e-07,26109,
842,1.5253282072080765e-05,1.972328163901693e-06,4.244131162067788e-07,26119,
842,1.5498635548283346e-05,1.613568429092993e-06,4.206243602311588e-07,26129,
842,,,,26132,1.8960841771331616e-05
843,1.4991957868915051e-05,2.8041479254170554e-06,4.1841866504910286e-07,26139,
843,1.5055784388096072e-05,1.5172099665505812e-06,4.255023497989896e-07,26149,
843,1.4878050933475606e-05,1.201201598632906e-06,4.432560842815292e-07,26159,
843,,,,26163,1.738831815600861e-05
844,1.5536661521764472e-05,2.0873462744930293e-06,4.5898551093159767e-07,26169,
844,1.4725955225003418e-05,1.280854007745802e-06,4.284314343294682e-07,26179,
844,1.4167329936753958e-05,1.0402085308669484e-06,4.18458824924528e-07,26189,
844,,,,26194,1.76771791302599e-05
845,1.6538870113436133e-05,1.985240032809088e-06,3.95436131839233e-07,26199,
845,1.4373187696037348e-05,1.1364443253114587e-06,3.9671340346103534e-07,26209,
845,1.451095704396721e-05,1.155823497356323e-06,4.475334947073861e-07,26219,
845,,,,26225,1.892434556793887e-05
846,1.7348933397443034e-05,1.6740353885325021e-06,4.5167953999225574e-07,26229,
846,1.507115757704014e-05,2.5202382403222146e-06,4.4349067707116774e-07,26239,
846,1.555713424750138e-05,1.819494400479016e-06,4.184714441635151e-07,26249,
846,,,,26256,2.1594436475425027e-05
847,1.748901922837831e-05,3.224451347705326e-06,4.82116320199566e-07,26259,
847,1.6564152247156017e-05,2.613513970572967e-06,4.1484247503831284e-07,26269,
847,1.5815525330253877e-05,1.5125390291359508e-06,4.467287055831548e-07,26279,
847,,,,26287,2.187285826948937e-05
848,1.950076148204971e-05,3.277188170613954e-06,4.066726262408338e-07,26289,
848,1.5457417248398997e-05,1.8602162299430347e-06,3.9333110635197954e-07,26299,
848,1.5016586985439062e-05,1.5061353906276054e-06,4.3988441689180036e-07,26309,
848,,,,26318,1.5819578038644977e-05
849,1.5535550119238906e-05,1.4530713770000148e-06,4.4853206304651394e-07,26319,
849,1.4442505744227674e-05,1.416769464412937e-06,4.477163315641519e-07,26329,
849,1.4319356523628812e-05,1.3950751736047096e-06,4.133792970151262e-07,26339,
849,7.319270025618607e-06,5.227654469308618e-07,8.050303534901104e-09,26349,
849,,,,26349,1.631982740946114e-05
850,1.4422639651456848e-05,1.242009147972567e-06,4.536432527402212e-07,26359,
850,1.461495594412554e-05,1.4394614709090092e-06,4.4720542291543097e-07,26369,
850,1.4863374417473096e-05,1.3341139037947869e-06,4.86198075577704e-07,26379,
850,,,,26380,2.4485056201228872e-05
851,2.482745549059473e-05,3.264817451054114e-06,4.6972635914244165e-07,26389,
851,1.671616882958915e-05,4.423767222760944e-06,4.11807121736274e-07,26399,
851,1.7877749996841885e-05,1.890746716526337e-06,4.2543641143311106e-07,26409,
851,,,,26411,1.8305536286788993e-05
852,1.673243605182506e-05,3.1292001949623227e-06,4.3025528384532663e-07,26419,
852,1.4351660865941085e-05,1.6132535165525042e-06,4.2618771090019436e-07,26429,
852,1.50883224705467e-05,1.4636901823905646e-06,4.2223413743158744e-07,26439,
852,,,,26442,1.6828622392495163e-05
853,1.4160868886392564e-05,1.934060492203571e-06,4.198052181436651e-07,26449,
853,1.4660720808024053e-05,1.152544200522243e-06,4.277571008515224e-07,26459,
853,1.4488278793578502e-05,1.0548294540058123e-06,4.4506330709737085e-07,26469,
853,,,,26473,1.6529676940990612e-05
854,1.6867406884557568e-05,1.9333101590746082e-06,4.6067870584920456e-07,26479,
854,1.4710600225953385e-05,1.3915472436565324e-06,4.3015705841753515e-07,26489,
854,1.4119473235041369e-05,1.3395749647315824e-06,4.2019863144560077e-07,26499,
854,,,,26504,1.6509342458448373e-05
855,1.9406328647164628e-05,5.336903996067122e-06,3.9695356690572225e-07,26509,
855,1.658433939155657e-05,2.0291656710469397e-06,3.9851619249020587e-07,26519,
855,1.4801733414060436e-05,2.137096316801035e-06,4.4939525878362474e-07,26529,
855,,,,26535,2.6274668925907463e-05
856,2.351325201743748e-05,3.5495741030899808e-06,4.53770752528726e-07,26539,
856,1.85293574759271e-05,3.750358473553206e-06,4.4531589082907885e-07,26549,
856,1.5526935385423712e-05,1.8037968629869283e-06,4.1956408836085757e-07,26559,
856,,,,26566,1.9033932403544895e-05
857,1.701712426438462e-05,1.8947583839690196e-06,4.83211579194176e-07,26569,
857,1.669920311542228e-05,2.147034592780983e-06,4.168776683854958e-07,26579,
857,1.4881662536936346e-05,1.4786650126552559e-06,4.4880019345328037e-07,26589,
857,,,,26597,1.7241698515135795e-05
858,1.744199835229665e-05,3.3559558687557e-06,4.0852302163330023e-07,26599,
858,1.6901878552744165e-05,1.9180215531378053e-06,3.945227433632681e-07,26609,
858,1.5068891116243321e-05,1.4623441302319407e-06,4.417706236381491e-07,26619,
858,,,,26628,2.0350551494630054e-05
859,2.005410351557657e-05,3.508507916194503e-06,4.5078093080519466e-07,26629,
859,1.8630826161825098e-05,2.6905267986876424e-06,4.494575023272773e-07,26639,
859,1.4841770280327182e-05,1.927530092871166e-06,4.146749006395112e-07,26649,
859,7.677227586100344e-06,8.1965373510684e-07,8.073965496180335e-09,26659,
859,,,,26659,1.8165541405323893e-05
860,1.4557222129951697e-05,1.695950800240098e-06,4.5548233629233437e-07,26669,
860,1.4244606973079499e-05,1.382995492349437e-06,4.4955345401831437e-07,26679,
860,1.4161483704810962e-05,1.0822506055774284e-06,4.885015982836194e-07,26689,
860,,,,26690,1.5398900359286927e-05
861,1.4148503396427259e-05,1.4442451856666594e-06,4.6986855295472196e-07,26699,
861,1.4198029930412304e-05,1.2095568990844185e-06,4.134905111641274e-07,26709,
861,1.4234410627977923e-05,9.896738220049883e-07,4.2742951222862757e-07,26719,
861,,,,26721,1.6736603356548585e-05
862,1.5958557924022898e-05,1.3287910860526608e-06,4.3216826384195883e-07,26729,
862,1.3631098227051552e-05,1.0485387065273244e-06,4.274941147741629e-07,26739,
862,1.4908074263075832e-05,1.417635644429538e-06,4.2449494230822893e-07,26749,
862,,,,26752,1.5703963072155602e-05
863,1.482610787206795e-05,1.7471517139711068e-06,4.219225218093925e-07,26759,
863,1.4733762327523436e-05,1.6410912166975322e-06,4.29598259188424e-07,26769,
863,1.5805489965714514e-05,1.6348097915397375e-06,4.473324963782943e-07,26779,
863,,,,26783,1.6834070265758783e-05
864,1.7549149561091326e-05,3.803263780355337e-06,4.6296241862364695e-07,26789,
864,1.603038253961131e-05,2.6976958906743675e-06,4.314174759656453e-07,26799,
864,1.4874170119583141e-05,1.913050937218941e-06,4.222248435326037e-07,26809,
864,,,,26814,1.8762057152343914e-05
865,2.4687320546945557e-05,4.148311745666433e-06,3.9891841652206494e-07,26819,
865,2.10656835406553e-05,3.3828125651780283e-06,3.997803332822514e-07,26829,
865,1.8478285710443743e-05,2.5680164981167763e-06,4.516313651947712e-07,26839,
865,,,,26845,3.938648660550825e-05
866,3.3126449125120416e-05,8.948944923758972e-06,4.569468217141548e-07,26849,
866,2.5515873858239502e-05,5.27017346030334e-06,4.469125656214601e-07,26859,
866,1.9455501387710683e-05,2.1772827949462226e-06,4.215814044528088e-07,26869,
866,,,,26876,2.1266430849209428e-05
867,1.8516388081479818e-05,3.0679238989250734e-06,4.85030113850371e-07,26879,
867,1.8059108697343618e-05,2.6765715119836386e-06,4.1861159161271644e-07,26889,
867,1.492566843808163e-05,1.3531811191569432e-06,4.4946892785446835e-07,26899,
867,,,,26907,2.1349513190216385e-05
868,2.4861223209882155e-05,4.660417289414909e-06,4.104325910248008e-07,26909,
868,1.714399149932433e-05,1.8520028106649988e-06,3.947467064335797e-07,26919,
868,1.5108848856471013e-05,1.4385624353963067e-06,4.426824204983859e-07,26929,
868,,,,26938,2.0235620468156412e-05
869,2.0024992409162223e-05,4.951963092025835e-06,4.5137275606066396e-07,26939,
869,1.665574382059276e-05,2.4566716092522256e-06,4.501472687934438e-07,26949,
869,1.5892399460426532e-05,1.5780946114318795e-06,4.159870172770752e-07,26959,
869,7.463390375050949e-06,7.27902715880191e-07,8.112028382356584e-09,26969,
869,,,,26969,2.1649906557286158e-05
870,1.7045771528501064e-05,2.82398764284153e-06,4.5726255848421715e-07,26979,
870,1.605510806257371e-05,1.8183803831561818e-06,4.5055449504616263e-07,26989,
870,1.4595109860238153e-05,1.4554083236362203e-06,4.908176265416841e-07,26999,
870,,,,27000,2.1330297386157326e-05
871,1.61651405505836e-05,1.9613548829511274e-06,4.713887733487354e-07,27009,
871,1.615912697161548e-05,1.645415636630787e-06,4.1530958583280153e-07,27019,
871,1.4453212315856945e-05,1.2395239536999725e-06,4.2922843590531556e-07,27029,
871,,,,27031,2.061873601633124e-05
872,1.6335538020939566e-05,1.3585590750153642e-06,4.338669441494858e-07,27039,
872,1.4114567420620006e-05,1.2741489854306565e-06,4.289115906885854e-07,27049,
872,1.5502431779168546e-05,1.668737468207837e-06,4.261956689788349e-07,27059,
872,,,,27062,2.2327119950205088e-05
873,1.5400433767354116e-05,1.9187725683877943e-06,4.2401717337270384e-07,27069,
873,1.6170071830856614e-05,1.4512812640532502e-06,4.308684822262876e-07,27079,
873,1.6519614291610196e-05,2.6683960641094018e-06,4.482174631448288e-07,27089,
873,,,,27093,2.191191742895171e-05
874,1.9093804439762607e-05,2.806432121360558e-06,4.6463179614875116e-07,27099,
874,1.7656882846495137e-05,2.7083713121101027e-06,4.3238114244559256e-07,27109,
874,1.6612890249234624e-05,1.4542873714162852e-06,4.233030210798461e-07,27119,
874,,,,27124,1.875634552561678e-05
875,1.8495939002605155e-05,2.5224544515367597e-06,4.0067229178930575e-07,27129,
875,1.5487077689613216e-05,1.6160638551809825e-06,4.0100471210280375e-07,27139,
875,1.410543882229831e-05,1.242834855474939e-06,4.5233809942146763e-07,27149,
875,,,,27155,1.609210630704183e-05
876,1.5969504602253437e-05,1.4544710893460433e-06,4.5720358343714906e-07,27159,
876,1.3647088053403422e-05,1.2120198107368196e-06,4.4901779006067954e-07,27169,
876,1.3826092981616966e-05,1.1572934681680636e-06,4.235592712120706e-07,27179,
876,,,,27186,1.6028399841161445e-05
877,1.5147173144214321e-05,1.379276795887563e-06,4.871591841038025e-07,27189,
877,1.5527217328781262e-05,1.6366869886041968e-06,4.2026141500173253e-07,27199,
877,1.469300696044229e-05,1.3749945537711028e-06,4.5199186615718645e-07,27209,
877,,,,27217,1.7206717529916205e-05
878,1.8028000340564176e-05,2.5512490537948906e-06,4.1182101995218545e-07,27219,
878,1.6151267118402757e-05,1.9411550056247506e-06,3.9718923972031916e-07,27229,
878,1.4903510418662336e-05,1.5006829698904767e-06,4.4510949237519526e-07,27239,
878,,,,27248,1.962261740118265e-05
879,1.9529343262547627e-05,2.63124957200489e-06,4.541551277270628e-07,27249,
879,1.5298051948775537e-05,1.8552981373431976e-06,4.5248168589751003e-07,27259,
879,1.4498181371891405e-05,1.4470939504462876e-06,4.174810044332844e-07,27269,
879,7.264861324074445e-06,7.785598654663772e-07,8.141621599122573e-09,27279,
879,,,,27279,2.026376205321867e-05
880,1.6414631318184547e-05,3.0077087558311177e-06,4.595442817389994e-07,27289,
880,1.5312774849007837e-05,1.7515794752398506e-06,4.528414763171895e-07,27299,
880,1.4075533727009315e-05,1.2993803011340788e-06,4.931268335894856e-07,27309,
880,,,,27310,1.7207601558766328e-05
881,1.5823363355593756e-05,2.089264626192744e-06,4.7273596237573656e-07,27319,
881,1.499246536695864e-05,1.5941322999424301e-06,4.1676136675050657e-07,27329,
881,1.4339417248265818e-05,1.4352522157423664e-06,4.304629612761346e-07,27339,
881,,,,27341,1.5256407095876057e-05
882,1.5346116924774833e-05,2.101689233313664e-06,4.3580672581811086e-07,27349,
882,1.3529132047551684e-05,1.264867933059577e-06,4.3035186081397114e-07,27359,
882,1.4223324797058012e-05,1.292068986913364e-06,4.276313632090023e-07,27369,
882,,,,27372,1.5218379303405527e-05
883,1.3603539628093131e-05,1.6322463807227905e-06,4.249150151736103e-07,27379,
883,1.3910694178775884e-05,1.1233772738705738e-06,4.3296969920447737e-07,27389,
883,1.3744281204708386e-05,9.713797908261768e-07,4.50210478675217e-07,27399,
883,,,,27403,1.5077045645739418e-05
884,1.935191721713636e-05,3.4265024169144453e-06,4.668405040320067e-07,27409,
884,1.471672294428572e-05,1.4532274690282065e-06,4.3429085394564027e-07,27419,
884,1.4581074538000394e-05,1.5747702946100617e-06,4.249519633958698e-07,27429,
884,,,,27434,1.7865510017145425e-05
885,1.8668810298549943e-05,8.09351240604883e-06,4.0260940181724436e-07,27439,
885,1.5020646060293075e-05,1.5922247484922991e-06,4.027548072826903e-07,27449,
885,1.4907475815562066e-05,1.3949064623375307e-06,4.542106637472898e-07,27459,
885,,,,27465,2.2167008864926174e-05
886,1.868830804596655e-05,2.513775825718767e-06,4.592070865783171e-07,27469,
886,1.5732486644992605e-05,4.211575287627056e-06,4.506648565438809e-07,27479,
886,1.5561763575533405e-05,2.052369381999597e-06,4.2517513065831736e-07,27489,
886,,,,27496,2.229117126262281e-05
887,1.7369144188705832e-05,2.1262505924823927e-06,4.882567736785859e-07,27499,
887,1.722878369037062e-05,4.4430216803448275e-06,4.2209450157315587e-07,27509,
887,1.544718543300405e-05,2.295385229444946e-06,4.5342201815401495e-07,27519,
887,,,,27527,1.9667681044666097e-05
888,1.7701911929179914e-05,8.342092769453302e-06,4.1322670085719437e-07,27529,
888,1.8591903426568024e-05,3.7944123505440075e-06,3.984821717040177e-07,27539,
888,1.4417319107451476e-05,1.567792992318573e-06,4.4659648779088457e-07,27549,
888,,,,27558,1.707159935904201e-05
889,1.6761503502493724e-05,2.052119498330285e-06,4.5533340653491905e-07,27559,
889,1.4777067008253653e-05,1.5135882449612836e-06,4.5423286110235495e-07,27569,
889,1.3121258234605193e-05,1.0915988468696014e-06,4.188603952570702e-07,27579,
889,6.920392934262054e-06,5.0691892283794e-07,8.174996679599644e-09,27589,
889,,,,27589,1.4600472240999807e-05
890,1.3200808098190464e-05,1.1284168976999354e-06,4.6061393277341267e-07,27599,
890,1.3365713130042423e-05,1.161174509434204e-06,4.5403132276078395e-07,27609,
890,1.334801345365122e-05,9.88693045655964e-07,4.945428599967272e-07,27619,
890,,,,27620,1.4693497178086545e-05
891,1.3966743608762044e-05,1.3212044223109842e-06,4.7463535679526103e-07,27629,
891,1.3915352610638365e-05,1.1485708455438726e-06,4.1761305169529805e-07,27639,
891,1.377421085635433e-05,1.0074901410916937e-06,4.3183146658520855e-07,27649,
891,,,,27651,1.9055269149248488e-05
892,1.736845661071129e-05,2.201738197982195e-06,4.369736927856138e-07,27659,
892,1.3990327715873718e-05,1.4105667105468456e-06,4.316048318742105e-07,27669,
892,1.4696419384563342e-05,1.5789163398949313e-06,4.2945939071614703e-07,27679,
892,,,,27682,1.8744502085610293e-05
893,1.6878551832633093e-05,2.494294449206791e-06,4.265910433787212e-07,27689,
893,1.4934562386770267e-05,1.439401899006043e-06,4.3421519535513653e-07,27699,
893,1.5160709153860807e-05,1.9635824628494447e-06,4.516173248703126e-07,27709,
893,,,,27713,1.9103641534456983e-05
894,1.6464826330775395e-05,2.529525545469369e-06,4.6772618134127697e-07,27719,
894,1.4610623111366294e-05,1.5784295328558073e-06,4.353915414867515e-07,27729,
894,1.409039759892039e-05,1.2615446394192986e-06,4.261937363025936e-07,27739,
894,,,,27744,1.5808476746315137e-05
895,1.5063347746036015e-05,1.3490219998857356e-06,4.030547700040188e-07,27749,
895,1.3615362149721477e-05,9.841870678428677e-07,4.0373396359427716e-07,27759,
895,1.3596591998066287e-05,1.2793882433470571e-06,4.557522572667949e-07,27769,
895,,,,27775,1.5279207218554802e-05
896,1.5519801308983006e-05,1.8536144352765405e-06,4.612350323895953e-07,27779,
896,1.4108028153714258e-05,1.3872765975975199e-06,4.523294876435102e-07,27789,
896,1.2939397493028082e-05,1.00683416803804e-06,4.2695086222011014e-07,27799,
896,,,,27806,1.6304489690810442e-05
897,1.5825014997972175e-05,1.976691464733449e-06,4.916517468700476e-07,27809,
897,1.589718522154726e-05,1.6133579947563703e-06,4.2302741576349945e-07,27819,
897,1.4107750757830217e-05,1.5799563470864086e-06,4.554672159429174e-07,27829,
897,,,,27837,2.066930574073922e-05
898,2.0614315872080624e-05,4.1346038415213116e-06,4.1537177253303526e-07,27839,
898,2.090666203002911e-05,2.9801292384945555e-06,4.0108434973262774e-07,27849,
898,1.6890064216568135e-05,3.3741569041012553e-06,4.487764044824871e-07,27859,
898,,,,27868,3.0142529794829898e-05
899,2.924563523265533e-05,8.087042260740418e-06,4.5916664248579764e-07,27869,
899,2.034692261076998e-05,4.365338099887595e-06,4.560598085845413e-07,27879,
899,1.7838950952864252e-05,2.543577011238085e-06,4.196513430088089e-07,27889,
899,8.190989319700748e-06,7.348378971983038e-07,8.159238618077325e-09,27899,
899,,,,27899,2.3645381588721648e-05
900,2.0541609046631493e-05,2.807259079418145e-06,4.626862448731117e-07,27909,
900,1.4891254068061244e-05,1.4946101600799011e-06,4.5646095259144204e-07,27919,
900,1.5015190001577139e-05,2.046202780547901e-06,4.965203856954759e-07,27929,
900,,,,27930,2.181652234867215e-05
901,2.0415542167029344e-05,2.5333608846267452e-06,4.756290366003668e-07,27939,
901,1.6227526430157013e-05,1.8277011122336262e-06,4.193054508050409e-07,27949,
901,1.4762770661036484e-05,2.067318973786314e-06,4.3331147026037797e-07,27959,
901,,,,27961,2.49914937739959e-05
902,1.994822196138557e-05,2.743880713751423e-06,4.3923435555370816e-07,27969,
902,1.624519791221246e-05,2.266042656628997e-06,4.3275460370750807e-07,27979,
902,1.621654701011721e-05,2.285885557284928e-06,4.3117327663821925e-07,27989,
902,,,,27992,2.048589158221148e-05
903,1.6736090401536785e-05,1.9719425381481415e-06,4.282679810785339e-07,27999,
903,1.5456766050192527e-05,1.8167486359743634e-06,4.357439422619791e-07,28009,
903,1.6002612028387375e-05,2.218399231423973e-06,4.52680581020104e-07,28019,
903,,,,28023,2.354807293158956e-05
904,2.006964678002987e-05,4.553639428195311e-06,4.699456042089878e-07,28029,
904,1.9729368432308547e-05,2.8768249649147037e-06,4.369902910639212e-07,28039,
904,1.6950745703070424e-05,2.1577902771241497e-06,4.274332070508535e-07,28049,
904,,,,28054,2.229090387118049e-05
905,2.0508270608843304e-05,5.826189408253413e-06,4.046137291879859e-07,28059,
905,1.5485067706322297e-05,2.0163122371741338e-06,4.050020550039335e-07,28069,
905,1.3678947652806528e-05,1.4059068007554743e-06,4.5706710238846426e-07,28079,
905,,,,28085,1.6808469808893278e-05
906,1.5785848518135026e-05,1.7854930547400727e-06,4.6227270900089934e-07,28089,
906,1.3573937394539826e-05,1.3781894949715934e-06,4.53898991281676e-07,28099,
906,1.3096896509523503e-05,1.0038658047051285e-06,4.27974924832597e-07,28109,
906,,,,28116,1.4540344636770897e-05
907,1.413666450389428e-05,1.2662854942391277e-06,4.925430516777851e-07,28119,
907,1.396325842506485e-05,1.1610967476372025e-06,4.2462750116101233e-07,28129,
907,1.3221963854448404e-05,1.0765373872345663e-06,4.565695519431756e-07,28139,
907,,,,28147,1.4735751392436214e-05
908,1.4751320122741163e-05,1.710904939500324e-06,4.1586665133763745e-07,28149,
908,1.4239922165870667e-05,1.1714479342117556e-06,4.016376067284e-07,28159,
908,1.3348548236535862e-05,1.0844181588254287e-06,4.5023509187558375e-07,28169,
908,,,,28178,1.5684630852774717e-05
909,1.552800131321419e-05,1.4082907000556588e-06,4.589381319419772e-07,28179,
909,1.3256112652015872e-05,1.1757601896533743e-06,4.573280421027448e-07,28189,
909,1.3176878383092117e-05,1.24104496990185e-06,4.216772140352987e-07,28199,
909,6.804606528021395e-06,6.288141207733133e-07,8.205065071820172e-09,28209,
909,,,,28209,1.759162660164293e-05
910,1.4965038644731976e-05,1.6504600353073329e-06,4.6430611178038816e-07,28219,
910,1.506767421233235e-05,1.4888513533151126e-06,4.5749138166684133e-07,28229,
910,1.5022267689346336e-05,2.0316253994678846e-06,4.991808282284182e-07,28239,
910,,,,28240,2.0342025891295634e-05
911,1.9117671399726532e-05,2.7774829050031258e-06,4.773444288730389e-07,28249,
911,1.811610854929313e-05,2.425792445137631e-06,4.217739046907809e-07,28259,
911,1.7027539797709323e-05,2.8787276278308127e-06,4.3508944713721576e-07,28269,
911,,,,28271,2.2793565221945755e-05
912,2.244266761408653e-05,4.333202923589852e-06,4.414786474171706e-07,28279,
912,1.5423913282575086e-05,2.6508892005949747e-06,4.3487295897648437e-07,28289,
912,1.5102374163689092e-05,2.403367034276016e-06,4.3314449271747435e-07,28299,
912,,,,28302,2.0840294382651336e-05
913,1.6739260900067165e-05,2.7429673536971677e-06,4.3029186258536356e-07,28309,
913,1.4217459465726279e-05,1.5893313047854463e-06,4.3737196619986207e-07,28319,
913,1.4393587662198115e-05,1.6396679711760953e-06,4.548722927211202e-07,28329,
913,,,,28333,1.6104773749248125e-05
914,1.4281965377449524e-05,1.3861193792763515e-06,4.7169280037451244e-07,28339,
914,1.32153445520089e-05,1.1945151072723093e-06,4.3813886918542266e-07,28349,
914,1.303897261095699e-05,9.364309221382427e-07,4.2926842525048414e-07,28359,
914,,,,28364,1.5501944290008396e-05
915,1.5668463674956e-05,1.8527433667259174e-06,4.0570816395302245e-07,28369,
915,1.3344289982342161e-05,1.0483703363206587e-06,4.064174561335676e-07,28379,
915,1.2724534826702438e-05,1.0425700338601018e-06,4.5892630851085414e-07,28389,
915,,,,28395,1.592338776390534e-05
916,1.5121568139875308e-05,1.8491253968022647e-06,4.6486155724778655e-07,28399,
916,1.39675412356155e-05,1.7817623074734001e-06,4.554846952942171e-07,28409,
916,1.3015699551033322e-05,1.0413195923320018e-06,4.2987250026271795e-07,28419,
916,,,,28426,1.843046811700333e-05
917,1.53450746438466e-05,2.0261261397536146e-06,4.949716299051943e-07,28429,
917,1.4865492630633526e-05,2.6435718609718606e-06,4.2592631643856294e-07,28439,
917,1.3423690688796341e-05,1.5002784721218632e-06,4.5821326466466417e-07,28449,
917,,,,28457,1.838823845901061e-05
918,1.7801708963816054e-05,5.11016651216778e-06,4.178799031251401e-07,28459,
918,1.398374206473818e-05,2.5264751002396224e-06,4.0298021986018284e-07,28469,
918,1.288712246605428e-05,1.1096791467934963e-06,4.521286882663844e-07,28479,
918,,,,28488,1.4877476132824086e-05
919,1.4588086742151063e-05,1.921483999467455e-06,4.6037627043915563e-07,28489,
919,1.3077199582767207e-05,1.4505541230391827e-06,4.592722291363316e-07,28499,
919,1.2460143807402346e-05,8.954842201092106e-07,4.23184417286393e-07,28509,
919,6.613019650103524e-06,4.897220833299798e-07,8.244777305321804e-09,28519,
919,,,,28519,1.3685911653738003e-05
920,1.2856634384661447e-05,1.0506756780159776e-06,4.663762638301705e-07,28529,
920,1.2856316061515827e-05,9.519980608274636e-07,4.594240579081088e-07,28539,
920,1.3042488717474043e-05,1.049524712470884e-06,5.007817094337952e-07,28549,
920,,,,28550,1.4288654710981064e-05
921,1.466310004616389e-05,1.4164596677801455e-06,4.789638410329644e-07,28559,
921,1.3191473954066169e-05,1.4260256193665555e-06,4.2243513576067926e-07,28569,
921,1.3457000022754073e-05,1.2441520311767817e-06,4.365809616047045e-07,28579,
921,,,,28581,1.5701270967838354e-05
922,1.4660017768619582e-05,1.649212777010689e-06,4.424381359058316e-07,28589,
922,1.336442437605001e-05,1.2021755537716672e-06,4.3666338456205267e-07,28599,
922,1.426007929694606e-05,1.3373497722568572e-06,4.3470504351716954e-07,28609,
922,,,,28612,1.625171717023477e-05
923,1.57851172843948e-05,1.8044119087790023e-06,4.315342607696948e-07,28619,
923,1.5439996786881238e-05,2.3162651814345736e-06,4.39378169403426e-07,28629,
923,1.4543043107551057e-05,1.6294443412334658e-06,4.5682386939915887e-07,28639,
923,,,,28643,2.6616316972649656e-05
924,2.9737009754171595e-05,6.595313607249409e-06,4.733537366519158e-07,28649,
924,1.847494422690943e-05,2.826346417350578e-06,4.3911430225307413e-07,28659,
924,1.514281211711932e-05,2.493177817086689e-06,4.3017126927225036e-07,28669,
924,,,,28674,2.8689233658951707e-05
925,2.3503645934397355e-05,6.3859415604383685e-06,4.0777678123049554e-07,28679,
925,1.472731037210906e-05,2.722349336181651e-06,4.067277075137099e-07,28689,
925,1.4735733202542178e-05,1.8592203332445933e-06,4.597295628627762e-07,28699,
925,,,,28705,1.8549173546489328e-05
926,1.7258416846743785e-05,2.8216927603352815e-06,4.6694222533005814e-07,28709,
926,1.4254843335947953e-05,1.3331883792488952e-06,4.5661829517484875e-07,28719,
926,1.2737563338305335e-05,1.1859274309244938e-06,4.315951116495853e-07,28729,
926,,,,28736,1.5129176063055638e-05
927,1.4777992873860057e-05,1.8327233419768163e-06,4.963583251083037e-07,28739,
927,1.396809602738358e-05,1.3008211681153625e-06,4.2770750496856635e-07,28749,
927,1.2774631613865495e-05,1.063874037754431e-06,4.5967956907588814e-07,28759,
927,,,,28767,1.3925923667557072e-05
928,1.3550838048104197e-05,1.5031107523100218e-06,4.1907310333044734e-07,28769,
928,1.335045544692548e-05,1.0517796908970922e-06,4.042037460294523e-07,28779,
928,1.2718971447611693e-05,1.2213712352604489e-06,4.5384118152469455e-07,28789,
928,,,,28798,1.4047402146388777e-05
929,1.381786660203943e-05,1.5750480315546156e-06,4.6190871216822416e-07,28799,
929,1.3084928468742874e-05,1.1611429044933175e-06,4.6071571091488295e-07,28809,
929,1.2326431715337094e-05,1.0409992228233023e-06,4.246738285473839e-07,28819,
929,6.644864242844051e-06,5.681460493178747e-07,8.269442020036877e-09,28829,
929,,,,28829,1.5078435353643727e-05
930,1.3227802810433786e-05,1.9242741018388188e-06,4.6790984242761624e-07,28839,
930,1.3637108168040868e-05,1.5153740378082148e-06,4.6103102135930385e-07,28849,
930,1.3770217265118845e-05,1.3650243317897548e-06,5.02772650179395e-07,28859,
930,,,,28860,2.0978217435185798e-05
931,2.0440500520635396e-05,3.6467506561166374e-06,4.818521119887009e-07,28869,
931,1.5464458556380123e-05,4.274436378182145e-06,4.239354609580914e-07,28879,
931,1.6525431419722736e-05,1.8044980834019952e-06,4.3810914007735846e-07,28889,
931,,,,28891,2.2318408809951507e-05
932,1.898922710097395e-05,4.847132004215382e-06,4.431794593529048e-07,28899,
932,1.4048026969248895e-05,2.6585073555907e-06,4.3795313331429497e-07,28909,
932,1.3998590475239325e-05,1.6930616766330786e-06,4.362761387710634e-07,28919,
932,,,,28922,1.9351298760739155e-05
933,1.5963507394189946e-05,2.102024836858618e-06,4.3273132632748457e-07,28929,
933,1.3990449588163756e-05,1.2831841331717442e-06,4.411011786942254e-07,28939,
933,1.3298943486006465e-05,1.0192010222453973e-06,4.5677765569962503e-07,28949,
933,,,,28953,1.9831544705084525e-05
934,1.7133543224190362e-05,2.197711864937446e-06,4.741497718896426e-07,28959,
934,1.321022409683792e-05,1.433020202057378e-06,4.4062559823032643e-07,28969,
934,1.3143495380063541e-05,1.1910082093891106e-06,4.317829223055014e-07,28979,
934,,,,28984,1.4377696970768739e-05
935,1.4325594747788273e-05,1.8353421182837337e-06,4.0868980022423784e-07,28989,
935,1.3308640518516768e-05,1.0298526831320487e-06,4.0889563024393283e-07,28999,
935,1.2601251000887714e-05,1.0672004009393277e-06,4.6161940758793207e-07,29009,
935,,,,29015,1.4685790119983722e-05
936,1.4559105693479069e-05,1.2839884675486246e-06,4.6803893383184914e-07,29019,
936,1.2971474461664911e-05,1.220685476255312e-06,4.585711508298118e-07,29029,
936,1.2299226909817662e-05,8.44043938741379e-07,4.3273684013911407e-07,29039,
936,,,,29046,1.3821577340422664e-05
937,1.3811551980325021e-05,1.1463499731689808e-06,4.979224854650965e-07,29049,
937,1.3456905435305089e-05,1.0818838518389384e-06,4.2891593921012827e-07,29059,
937,1.2917757885588799e-05,1.1167768434461323e-06,4.611150359323801e-07,29069,
937,,,,29077,1.5339350284193642e-05
938,1.5609813999617472e-05,2.2771332623960916e-06,4.203752439480013e-07,29079,
938,1.606584555702284e-05,2.207598072345718e-06,4.0604439277558413e-07,29089,
938,1.4351732716022525e-05,2.2518854621011997e-06,4.5536987158811826e-07,29099,
938,,,,29108,2.5405910491826944e-05
939,2.4602708435850218e-05,6.176017905090703e-06,4.649569689263444e-07,29109,
939,2.034628596447874e-05,3.957861736125778e-06,4.6231815531427856e-07,29119,
939,1.526928463135846e-05,2.519948111512349e-06,4.2447254600119777e-07,29129,
939,7.679593181819655e-06,1.7529597471366287e-06,8.267916129511832e-09,29139,
939,,,,29139,2.091232454404235e-05
940,1.6996888007270172e-05,3.054169837923837e-06,4.6867535274941474e-07,29149,
940,1.3667260645888746e-05,1.6603971744189039e-06,4.620313234227069e-07,29159,
940,1.3226447663328145e-05,1.3472871387421037e-06,5.035732328906306e-07,29169,
940,,,,29170,1.8374128558207303e-05
941,1.4714983080921229e-05,2.2345602701534517e-06,4.814075396097905e-07,29179,
941,1.4053245649847668e-05,1.6886797311599366e-06,4.245946456649108e-07,29189,
941,1.4823345736658666e-05,1.3272998558022664e-06,4.387873673294962e-07,29199,
941,,,,29201,1.747304486343637e-05
942,1.617818088561762e-05,1.7954977238332503e-06,4.444718229024147e-07,29209,
942,1.2760880053974688e-05,1.2138133342887159e-06,4.3891054701816756e-07,29219,
942,1.5057359632919542e-05,1.8474662510925555e-06,4.3734709720411047e-07,29229,
942,,,,29232,1.7517691958346404e-05
943,1.4301861483545508e-05,1.918140924317413e-06,4.333195420258562e-07,29239,
943,1.365741809422616e-05,1.4693039247504203e-06,4.4265095766604645e-07,29249,
943,1.3667070561496075e-05,1.3347969343158184e-06,4.5842304530197e-07,29259,
943,,,,29263,1.632670137041714e-05
944,1.4477855074801482e-05,1.370614199913689e-06,4.7587539597770956e-07,29269,
944,1.3561123523686547e-05,1.4287594467532472e-06,4.4226794670976233e-07,29279,
944,1.2806030099454802e-05,1.3740981330556679e-06,4.3304541463839996e-07,29289,
944,,,,29294,1.6411604519817047e-05
945,1.6937081454670988e-05,5.897768460272346e-06,4.0988982163980836e-07,29299,
945,1.6285423043882474e-05,2.693087935767835e-06,4.103107755781821e-07,29309,
945,1.573016015754547e-05,2.3121094727684977e-06,4.6320388946696767e-07,29319,
945,,,,29325,2.90320094791241e-05
946,2.0803016013815068e-05,4.896720838587498e-06,4.689956654146954e-07,29329,
946,1.7309253962594084e-05,3.4974120808328735e-06,4.6038104528633994e-07,29339,
946,1.3899150872020982e-05,1.6624552472421783e-06,4.3389289317019575e-07,29349,
946,,,,29356,2.1940284568700008e-05
947,1.920343129313551e-05,3.311008640594082e-06,4.996518896405178e-07,29359,
947,1.7140120689873584e-05,2.92232266474457e-06,4.308006396058772e-07,29369,
947,1.496141885581892e-05,2.139708612958202e-06,4.619760431978648e-07,29379,
947,,,,29387,2.8510690754046664e-05
948,3.251824819017202e-05,7.427944638038753e-06,4.225682062042324e-07,29389,
948,2.1179908799240366e-05,5.0223466132592876e-06,4.0699092096474487e-07,29399,
948,1.587534097780008e-05,2.956495109174284e-06,4.5680721427743265e-07,29409,
948,,,,29418,2.535400381020736e-05
949,2.5216515496140346e-05,5.2038517424080055e-06,4.6669367748108925e-07,29419,
949,1.5618250472471118e-05,3.2972509416140383e-06,4.632147465599701e-07,29429,
949,1.6995965779642574e-05,2.5702593120513484e-06,4.2685934431574424e-07,29439,
949,7.338878276641481e-06,1.8940924064736464e-06,8.304962939575944e-09,29449,
949,,,,29449,2.8032836780766957e-05
950,1.807071930670645e-05,3.7518418594117975e-06,4.7021049454087915e-07,29459,
950,1.650266131036915e-05,2.318803126399871e-06,4.6368316475309257e-07,29469,
950,1.4997772268543486e-05,2.214649157394888e-06,5.057085559201369e-07,29479,
950,,,,29480,2.1149216991034336e-05
951,1.8812916096067056e-05,2.6891386823990615e-06,4.829156523555866e-07,29489,
951,1.5882382285781205e-05,2.9554473712778417e-06,4.2602047756190586e-07,29499,
951,1.3263188520795666e-05,1.2245127436472103e-06,4.403839000133303e-07,29509,
951,,,,29511,1.7384598322678357e-05
952,1.4862215721223038e-05,2.8611561901925597e-06,4.458343596525083e-07,29519,
952,1.271998007723596e-05,1.2810229463866563e-06,4.403199795888213e-07,29529,
952,1.3294792552187573e-05,1.294269281970628e-06,4.389583523334295e-07,29539,
952,,,,29542,1.4470470887317788e-05
953,1.2131939001847059e-05,1.0837222816917347e-06,4.347913602487097e-07,29549,
953,1.3054038390691858e-05,1.0982597586917109e-06,4.439223459939967e-07,29559,
953,1.3008303540118504e-05,1.091602712222084e-06,4.6002722342564084e-07,29569,
953,,,,29573,1.3987995771458372e-05
954,1.3201296496845316e-05,1.1072413599322317e-06,4.77679236610129e-07,29579,
954,1.2827232239942532e-05,1.1552918977031368e-06,4.4371964236233907e-07,29589,
954,1.2518496077973396e-05,9.313412192568649e-07,4.346239563801646e-07,29599,
954,,,,29604,1.406094179401407e-05
955,1.4708546586916782e-05,1.5551067917840555e-06,4.1176045328938926e-07,29609,
955,1.2549962775665335e-05,8.830130582282436e-07,4.113280454021151e-07,29619,
955,1.230964426213177e-05,1.0796757123898715e-06,4.646373668037995e-07,29629,
955,,,,29635,1.6576192138018087e-05
956,1.4319585716293659e-05,1.2835743063988048e-06,4.7142228254415386e-07,29639,
956,1.2672371667576954e-05,1.1904520533789764e-06,4.6201077452678874e-07,29649,
956,1.389727731293533e-05,1.8464579625288025e-06,4.358575438345724e-07,29659,
956,,,,29666,1.9052466086577624e-05
957,1.587453698448371e-05,1.8248007336296723e-06,5.008546963836125e-07,29669,
957,1.6361345842597075e-05,2.378076487730141e-06,4.324890596762998e-07,29679,
957,1.5581594198010862e-05,2.419950533294468e-06,4.639722419597092e-07,29689,
957,,,,29697,1.7856005797511898e-05
958,1.7431879314244725e-05,3.334942221044912e-06,4.233741037751315e-07,29699,
958,1.6468780813738704e-05,2.929695938291843e-06,4.085319460500614e-07,29709,
958,1.4029645171831362e-05,1.679894921835512e-06,4.587359683227987e-07,29719,
958,,,,29728,1.6382900867029093e-05
959,1.6032268831622787e-05,2.4507260150130605e-06,4.6749741500207165e-07,29729,
959,1.4476470823865384e-05,2.229764049843652e-06,4.6524630192834593e-07,29739,
959,1.2573734238685574e-05,1.3130132856531418e-06,4.2830015445360914e-07,29749,
959,6.437115189328324e-06,5.546481816054438e-07,8.318768784931763e-09,29759,
959,,,,29759,1.557178438815754e-05
960,1.3223220776126254e-05,1.6007728618205874e-06,4.726512088382151e-07,29769,
960,1.2764956409228034e-05,1.2233488178026164e-06,4.657803458485432e-07,29779,
960,1.2915313163830433e-05,1.496147774560086e-06,5.084042982161918e-07,29789,
960,,,,29790,1.5474392057512887e-05
961,1.5116702343220823e-05,1.7864225583252846e-06,4.843183774028148e-07,29799,
961,1.4640363588114269e-05,1.755198013597692e-06,4.2793286070264003e-07,29809,
961,1.4043444934941363e-05,1.7253671558137285e-06,4.417527463829174e-07,29819,
961,,,,29821,1.7012762327794917e-05
962,1.7421600205125287e-05,3.116271500402945e-06,4.4863014636575826e-07,29829,
962,1.3484383089235052e-05,1.842306119215209e-06,4.416124284034595e-07,29839,
962,1.4861345334793441e-05,1.9176677596988156e-06,4.414029604049574e-07,29849,
962,,,,29852,1.9098984921583906e-05
963,1.6092602891149e-05,2.8745580493705347e-06,4.376389597382513e-07,29859,
963,1.3607475921162404e-05,1.7467839370510774e-06,4.4597661030820746e-07,29869,
963,1.4199942597770132e-05,1.8305520370631712e-06,4.617099023107585e-07,29879,
963,,,,29883,1.918150701385457e-05
964,1.5343741324613802e-05,2.063826968878857e-06,4.806370270671323e-07,29889,
964,1.4905876014381647e-05,1.9423516732786084e-06,4.448880872587324e-07,29899,
964,1.2874756976088975e-05,1.2575022765304311e-06,4.3613135858322494e-07,29909,
964,,,,29914,1.8877290131058544e-05
965,1.6227477317443117e-05,2.6675925255403854e-06,4.1314430632155563e-07,29919,
965,1.3624414350488223e-05,1.6791224197731935e-06,4.1248677007388324e-07,29929,
965,1.3434100765152834e-05,1.489334295001754e-06,4.66332977566708e-07,29939,
965,,,,29945,1.7631731680012308e-05
966,1.5612602510373108e-05,1.8839748463506112e-06,4.736376126857067e-07,29949,
966,1.2732926734315697e-05,1.4655805671281996e-06,4.6341691017914854e-07,29959,
966,1.3557137208408676e-05,1.6044986068664002e-06,4.3722837972381967e-07,29969,
966,,,,29976,1.7906046196003444e-05
967,1.412786150467582e-05,1.7880149698612513e-06,5.028051077715645e-07,29979,
967,1.4397924132936168e-05,2.1867347186343977e-06,4.3389175630181853e-07,29989,
967,1.3643115380546078e-05,1.599448637534806e-06,4.6558810140595597e-07,29999,
967,,,,30007,1.666272510192357e-05
968,1.6879030226846226e-05,3.4928634704556316e-06,4.248291816111305e-07,30009,
968,1.4503681086353026e-05,2.151631406377419e-06,4.0997272776621685e-07,30019,
968,1.2799016076314729e-05,1.3517909565052832e-06,4.6037911261009867e-07,30029,
968,,,,30038,1.5492780221393332e-05
969,1.5320914826588705e-05,2.15202703657269e-06,4.688951094067306e-07,30039,
969,1.3059498996881302e-05,1.6653905277053127e-06,4.6651766183458676e-07,30049,
969,1.2390754818625282e-05,1.2456814602046506e-06,4.2913177367154276e-07,30059,
969,6.360674888128415e-06,6.380365675795474e-07,8.328872702634271e-09,30069,
969,,,,30069,1.7140679119620472e-05
970,1.4066457879380323e-05,1.8318135062145302e-06,4.742622650155681e-07,30079,
970,1.3949344065622427e-05,1.2790862911060685e-06,4.672951945394743e-07,30089,
970,1.3851383300789166e-05,2.1154085061425576e-06,5.106227263240726e-07,30099,
970,,,,30100,1.9003482520929538e-05
971,1.6943113223533146e-05,2.0796371700271266e-06,4.860949047724716e-07,30109,
971,1.6475301890750416e-05,2.102242888213368e-06,4.2987801407434745e-07,30119,
971,1.4710108189319726e-05,2.360720145588857e-06,4.436125493612053e-07,30129,
971,,,,30131,2.3875809347373433e-05
972,2.0166327885817736e-05,2.8603978989849566e-06,4.508878248543624e-07,30139,
972,1.4819780517427716e-05,2.4978050987556344e-06,4.4323249426270195e-07,30149,
972,1.372296355839353e-05,1.6814394712127978e-06,4.433409799275978e-07,30159,
972,,,,30162,2.4251046852441505e-05
973,1.5366165825980715e-05,2.291205873916624e-06,4.390878984850133e-07,30169,
973,1.362222701573046e-05,1.6828583966344013e-06,4.4701957335746556e-07,30179,
973,1.3265907909953967e-05,1.3837905044056242e-06,4.631568799595698e-07,30189,
973,,,,30193,1.562922989251092e-05
974,1.3521073924493976e-05,1.4442582596529974e-06,4.814663725483115e-07,30199,
974,1.2807371604139917e-05,1.5024215826997533e-06,4.458923399397463e-07,30209,
974,1.2403259461279958e-05,1.216881059917796e-06,4.375208959572774e-07,30219,
974,,,,30224,1.7052712792064995e-05
975,1.853958747233264e-05,5.981651156616863e-06,4.1432411990172113e-07,30229,
975,1.3730074897466693e-05,2.1768553324363893e-06,4.1336821254844835e-07,30239,
975,1.2403535038174596e-05,1.7949447510545724e-06,4.677246181472583e-07,30249,
975,,,,30255,1.6340985894203186e-05
976,1.4360971363203134e-05,2.5674619337223703e-06,4.751211406528455e-07,30259,
976,1.2185469131509308e-05,1.2081213753845077e-06,4.651182052839431e-07,30269,
976,1.3215981198300142e-05,1.4906953538229573e-06,4.3875732558262825e-07,30279,
976,,,,30286,1.5833949873922393e-05
977,1.3907519132771995e-05,1.508665832261613e-06,5.042767838858708e-07,30289,
977,1.4164193089527544e-05,1.800179575184302e-06,4.3550133455028117e-07,30299,
977,1.3858532838639803e-05,1.569612322782632e-06,4.6679733145538194e-07,30309,
977,,,,30317,1.6508947737747803e-05
978,1.6719788618502207e-05,2.3410718767991057e-06,4.261341075562086e-07,30319,
978,1.5948835425660945e-05,2.080878402921371e-06,4.1118872218248725e-07,30329,
978,1.3691057574760634e-05,1.4706802176078781e-06,4.617214131030778e-07,30339,
978,,,,30348,1.9290982891106978e-05
979,1.90610717254458e-05,3.4914803563879104e-06,4.7042934170349326e-07,30349,
979,1.597436494193971e-05,2.409505896139308e-06,4.678414882164361e-07,30359,
979,1.4108272807789035e-05,2.1239804937067674e-06,4.3056201093349955e-07,30369,
979,7.6690485002473e-06,1.337811795565358e-06,8.358010283870954e-09,30379,
979,,,,30379,2.5409952286281623e-05
980,1.5229783457471058e-05,2.864894440790522e-06,4.76495955581413e-07,30389,
980,1.3260368177725468e-05,1.6771755326772109e-06,4.6957836730143754e-07,30399,
980,1.2846257050114218e-05,1.4010432778377435e-06,5.119768502481747e-07,30409,
980,,,,30410,1.687603617028799e-05
981,1.31598389998544e-05,1.2181154716017772e-06,4.874816568189999e-07,30419,
981,1.3068846783426125e-05,1.3966804317533388e-06,4.3057181642325304e-07,30429,
981,1.2429550224624109e-05,1.068890924216248e-06,4.449341588497191e-07,30439,
981,,,,30441,1.4828417988610454e-05
982,1.3811354619974736e-05,1.8237784615848796e-06,4.5103874413143785e-07,30449,
982,1.2281915587664116e-05,1.4296341532826773e-06,4.4427059719964745e-07,30459,
982,1.2749997949867975e-05,1.3131865443938295e-06,4.446402783742087e-07,30469,
982,,,,30472,1.5664156308048405e-05
983,1.5438106856890954e-05,3.0473797778540757e-06,4.4009044586346135e-07,30479,
983,1.3401421711023431e-05,1.5612594097547117e-06,4.4944184196538117e-07,30489,
983,1.3154896805644967e-05,1.5731159237475367e-06,4.642923840947333e-07,30499,
983,,,,30503,1.6503090591868386e-05
984,1.4684833331557456e-05,2.5926303806045325e-06,4.833205480281322e-07,30509,
984,1.400720066158101e-05,1.7409847714588977e-06,4.471064301014849e-07,30519,
984,1.3419363313005306e-05,1.3335044286577613e-06,4.3880743305635406e-07,30529,
984,,,,30534,2.0633040549000725e-05
985,2.3110660549718887e-05,5.4213328439800534e-06,4.182508064332069e-07,30539,
985,1.7140275303972885e-05,3.230425136280246e-06,4.1519172100379365e-07,30549,
985,1.3367133760766592e-05,1.9049062984777265e-06,4.6894095362404187e-07,30559,
985,,,,30565,2.0355973902042024e-05
986,1.88147332664812e-05,3.016606115124887e-06,4.770665782416472e-07,30569,
986,1.31882070490974e-05,1.711810341475939e-06,4.6678283638357243e-07,30579,
986,1.24004081953899e-05,1.8644503825271386e-06,4.3994609200126433e-07,30589,
986,,,,30596,1.622373383725062e-05
987,1.3887700333725661e-05,1.930959570017876e-06,5.063857884124445e-07,30599,
987,1.283833262277767e-05,1.484540348428709e-06,4.36179107055068e-07,30609,
987,1.1858242032758426e-05,1.1591667998800403e-06,4.6832357725179463e-07,30619,
987,,,,30627,1.569043888594024e-05
988,1.5505682313232683e-05,2.965417024825001e-06,4.276795095847774e-07,30629,
988,1.2544025594252162e-05,1.5223198488456546e-06,4.122591121813457e-07,30639,
988,1.195565619127592e-05,1.0053290679934435e-06,4.638591235561762e-07,30649,
988,,,,30658,1.7717649825499393e-05
989,1.7404738173354417e-05,3.435171265664394e-06,4.7201729103107937e-07,30659,
989,1.2917876119900029e-05,1.3801479781250237e-06,4.69607385866766e-07,30669,
989,1.3081387805868872e-05,1.7186883951580967e-06,4.3197795207561285e-07,30679,
989,6.959399343031691e-06,9.431111607227649e-07,8.376519922137504e-09,30689,
989,,,,30689,2.1432369976537302e-05
990,1.4785773601033725e-05,2.1374250991357258e-06,4.776447326548805e-07,30699,
990,1.5050047295517288e-05,2.2333874767355155e-06,4.7110950163187226e-07,30709,
990,1.3352321730053518e-05,1.6945110701271915e-06,5.144240162735514e-07,30719,
990,,,,30720,2.0559005861287005e-05
991,1.7716096408548765e-05,2.640977982082404e-06,4.888938747171778e-07,30729,
991,1.5236560102493968e-05,1.8799676126945997e-06,4.323291307173349e-07,30739,
991,1.3582402971223928e-05,1.947932332768687e-06,4.4643203978012025e-07,30749,
991,,,,30751,1.6984273315756582e-05
992,1.6749136193539016e-05,3.0106184567557648e-06,4.536327651294414e-07,30759,
992,1.3032130482315551e-05,1.7809200016927207e-06,4.459857905203535e-07,30769,
992,1.3051494534010999e-05,1.2818385357604711e-06,4.466189409413346e-07,30779,
992,,,,30782,1.5498291759286076e-05
993,1.2936885468661785e-05,1.6434735243819887e-06,4.418823209562106e-07,30789,
993,1.2082643479516264e-05,1.4237178902476444e-06,4.508437996264547e-07,30799,
993,1.231722671946045e-05,9.75024477156694e-07,4.6609062565039494e-07,30809,
993,,,,30813,1.369772962789284e-05
994,1.2659931599046104e-05,1.6714219555069576e-06,4.852913662034553e-07,30819,
994,1.237386095453985e-05,1.1791615861511673e-06,4.4898348505739705e-07,30829,
994,1.1846310371765867e-05,9.993418643716723e-07,4.405842446431052e-07,30839,
994,,,,30844,1.3085575119475834e-05
995,1.2806371159967966e-05,1.6227886590058915e-06,4.1771193082240643e-07,30849,
995,1.1899600394826848e-05,9.186625788970559e-07,4.162581888067507e-07,30859,
995,1.1659156371024437e-05,1.0882268952627783e-06,4.707676737325528e-07,30869,
995,,,,30875,1.4309142898127902e-05
996,1.3395217138167936e-05,1.4655154245701851e-06,4.787237344316964e-07,30879,
996,1.2112351214454975e-05,1.2601236676346161e-06,4.683944041516952e-07,30889,
996,1.213384257425787e-05,1.1748697943403386e-06,4.4204642790646176e-07,30899,
996,,,,30906,1.7001855667331256e-05
997,1.4417427337320987e-05,2.1192329313635128e-06,5.082874849904329e-07,30909,
997,1.712311313895043e-05,2.930738219220075e-06,4.389287937556219e-07,30919,
997,1.5603802239638753e-05,2.3892739591246936e-06,4.7013747916935245e-07,30929,
997,,,,30937,2.556071376602631e-05
998,2.4742310415604152e-05,6.720577403029893e-06,4.299179749978066e-07,30939,
998,2.652561670402065e-05,6.76916670272476e-06,4.1449493437539786e-07,30949,
998,1.680764944467228e-05,3.0413812055485323e-06,4.654621363897604e-07,30959,
998,,,,30968,3.779371763812378e-05
999,3.715654747793451e-05,6.365325589285931e-06,4.7573891492902476e-07,30969,
999,1.9514487576088868e-05,3.347830670463736e-06,4.7171729988804145e-07,30979,
999,1.3529777788789943e-05,2.1388079858297715e-06,4.327946498960955e-07,30989,
999,7.423161605402129e-06,1.122390926866501e-06,8.350431457415652e-09,30999,
999,,,,30999,1.9372932001715526e-05
