epoch,loss,skeleton,smooth,step,val_loss
0,0.3080192506313324,0.1918126940727234,2.883279557863716e-05,9,
0,0.2898610532283783,0.09333088248968124,3.631732761277817e-05,19,
0,0.22179587185382843,0.06680052727460861,3.618223126977682e-05,29,
0,,,,30,0.21262745559215546
1,0.15720157325267792,0.0313408188521862,3.778711470658891e-05,39,
1,0.09825018048286438,0.013616456650197506,3.612329965108074e-05,49,
1,0.06041720509529114,0.010292530991137028,3.347304664202966e-05,59,
1,,,,61,0.054448213428258896
2,0.0497591458261013,0.008328481577336788,2.8614847906283103e-05,69,
2,0.0490349717438221,0.006621516775339842,2.3638940547243692e-05,79,
2,0.04459033161401749,0.005344669334590435,2.016558573814109e-05,89,
2,,,,92,0.04459189623594284
3,0.0470336489379406,0.004516315646469593,1.8086577256326564e-05,99,
3,0.04404129832983017,0.004141690209507942,1.6982023225864395e-05,109,
3,0.04162090644240379,0.0038784698117524385,1.6387799405492842e-05,119,
3,,,,123,0.041612498462200165
4,0.04389333724975586,0.003749727038666606,1.646709097258281e-05,129,
4,0.0401708148419857,0.0034345367457717657,1.6244421203737147e-05,139,
4,0.037463076412677765,0.003283115103840828,1.6736632460379042e-05,149,
4,,,,154,0.03912382572889328
5,0.03881298378109932,0.0030439968686550856,1.8129700038116425e-05,159,
5,0.03560589626431465,0.0029306195210665464,1.8625720258569345e-05,169,
5,0.03757640719413757,0.003138714237138629,2.078059515042696e-05,179,
5,,,,185,0.03397737070918083
6,0.03394848108291626,0.0033680808264762163,2.280870103277266e-05,189,
6,0.030269235372543335,0.0035139296669512987,2.4144021153915673e-05,199,
6,0.026457782834768295,0.002940456150099635,2.5355126126669347e-05,209,
6,,,,216,0.026355095207691193
7,0.02783249318599701,0.0025196645874530077,2.6913974579656497e-05,219,
7,0.026335962116718292,0.0023542013950645924,2.7753427275456488e-05,229,
7,0.02453502081334591,0.0021818296518176794,2.6794263249030337e-05,239,
7,,,,247,0.0237895455211401
8,0.025148482993245125,0.002105774823576212,2.663151826709509e-05,249,
8,0.023329174146056175,0.0017929383320733905,2.7438105462351814e-05,259,
8,0.022787876427173615,0.0018101654713973403,2.5906167138600722e-05,269,
8,,,,278,0.02246694825589657
9,0.022829432040452957,0.0017769295955076814,2.63456349784974e-05,279,
9,0.021876968443393707,0.0016941458452492952,2.6148418328375556e-05,289,
9,0.021714288741350174,0.001630602404475212,2.629987102409359e-05,299,
9,0.01450897753238678,0.0013258446706458926,2.0410644196999783e-07,309,
9,,,,309,0.02090047113597393
10,0.020385803654789925,0.0015361224068328738,2.6152831196668558e-05,319,
10,0.019083887338638306,0.0015964600024744868,2.590729491203092e-05,329,
10,0.01818268746137619,0.0015569262905046344,2.5659450329840183e-05,339,
10,,,,340,0.01815449446439743
11,0.017749067395925522,0.0015383403515443206,2.6870668079936877e-05,349,
11,0.01611296832561493,0.0014597694389522076,2.6687479476095177e-05,359,
11,0.016184598207473755,0.0013410919345915318,2.6874140530708246e-05,369,
11,,,,371,0.016164589673280716
12,0.016284015029668808,0.0012353932252153754,2.5841460228548385e-05,379,
12,0.015551202930510044,0.0011112348875030875,2.608065915410407e-05,389,
12,0.01457335613667965,0.0010614091297611594,2.506790951883886e-05,399,
12,,,,402,0.015140055678784847
13,0.015075464732944965,0.000960763543844223,2.441407741571311e-05,409,
13,0.01478984672576189,0.0009300277451984584,2.417040741420351e-05,419,
13,0.014357409439980984,0.0008939493563957512,2.433299960102886e-05,429,
13,,,,433,0.014409464783966541
14,0.014624262228608131,0.0009311982430517673,2.3679005607846193e-05,439,
14,0.014195431023836136,0.0008013297920115292,2.253091224702075e-05,449,
14,0.013197945430874825,0.0008215553243644536,2.2437179723056033e-05,459,
14,,,,464,0.013924730941653252
15,0.013660222291946411,0.0007320322911255062,2.2101788999862038e-05,469,
15,0.013641483150422573,0.0006961184553802013,2.0293327906983905e-05,479,
15,0.013124261982738972,0.0007223865832202137,2.0822046280954964e-05,489,
15,,,,495,0.013539591804146767
16,0.014754438772797585,0.0007278639241121709,2.088430483127013e-05,499,
16,0.013539237901568413,0.0007152393809519708,2.0067565856152214e-05,509,
16,0.012513132765889168,0.0006656646728515625,1.9446715668891557e-05,519,
16,,,,526,0.01320122741162777
17,0.01419945526868105,0.0006116736913099885,1.848471220000647e-05,529,
17,0.0131808677688241,0.0006645796820521355,1.928409983520396e-05,539,
17,0.01280143577605486,0.0005972154322080314,1.7919583115144633e-05,549,
17,,,,557,0.012895437888801098
18,0.013116983696818352,0.000590817944612354,1.7600936189410277e-05,559,
18,0.012362038716673851,0.00048747213440947235,1.792280818335712e-05,569,
18,0.01261658314615488,0.0005251464317552745,1.7032456526067108e-05,579,
18,,,,588,0.012614973820745945
19,0.012972944416105747,0.0005292709683999419,1.6822159523144364e-05,589,
19,0.012759477831423283,0.0005209966329857707,1.6476342352689244e-05,599,
19,0.011637723073363304,0.0005174120306037366,1.641596645640675e-05,609,
19,0.010318075306713581,0.00031975627643987536,1.3175753110772348e-07,619,
19,,,,619,0.012355041690170765
20,0.012182284146547318,0.00046419864520430565,1.5779887689859606e-05,629,
20,0.012041899375617504,0.0004884952213615179,1.5160070688580163e-05,639,
20,0.011766145937144756,0.0004069805145263672,1.4658172403869685e-05,649,
20,,,,650,0.012111976742744446
21,0.012066212482750416,0.0004011529963463545,1.5154904758674093e-05,659,
21,0.011736312881112099,0.0004486364487092942,1.470591905672336e-05,669,
21,0.011975415050983429,0.0004347034846432507,1.447050817660056e-05,679,
21,,,,681,0.01188267208635807
22,0.012136062607169151,0.0004219719266984612,1.3958921044832096e-05,689,
22,0.011675755493342876,0.0003864250611513853,1.3938896699983161e-05,699,
22,0.011084320023655891,0.0003745228750631213,1.35457612486789e-05,709,
22,,,,712,0.011664863675832748
23,0.011678413487970829,0.00034077023155987263,1.3029303772782441e-05,719,
23,0.011566217057406902,0.0003682085080072284,1.3265918823890388e-05,729,
23,0.011321858502924442,0.0003373312938492745,1.3202666195866186e-05,739,
23,,,,743,0.011457327753305435
24,0.01172077190130949,0.0003885210899170488,1.2995194992981851e-05,749,
24,0.011359506286680698,0.00032820418709889054,1.2795872862625401e-05,759,
24,0.010688351467251778,0.0003619484486989677,1.2980624887859449e-05,769,
24,,,,774,0.011259240098297596
25,0.011013510636985302,0.00032209482742473483,1.2497351235651877e-05,779,
25,0.011012548580765724,0.00030805132701061666,1.184992834168952e-05,789,
25,0.010585088282823563,0.00031685709836892784,1.2415363926265854e-05,799,
25,,,,805,0.011068237014114857
26,0.011847398243844509,0.00032431585714221,1.2350647011771798e-05,809,
26,0.011149706318974495,0.0003325077996123582,1.1893191185663454e-05,819,
26,0.010260945186018944,0.000329905713442713,1.1982150681433268e-05,829,
26,,,,836,0.010877976194024086
27,0.011673478409647942,0.0002974066010210663,1.1505053407745436e-05,839,
27,0.010873071849346161,0.00036087920307181776,1.1813694982265588e-05,849,
27,0.0105272326618433,0.0003000366850756109,1.1375518624845427e-05,859,
27,,,,867,0.010678590275347233
28,0.0108109125867486,0.00030374672496691346,1.140337553806603e-05,869,
28,0.010113775730133057,0.00025876626023091376,1.1264749446127098e-05,879,
28,0.010426115244626999,0.0002797702036332339,1.1093246030213777e-05,889,
28,,,,898,0.010463427752256393
29,0.010675827972590923,0.0002912392665166408,1.109918321162695e-05,899,
29,0.010496841743588448,0.0003074126725550741,1.0724511412263382e-05,909,
29,0.009638139046728611,0.00030437015811912715,1.0835730790859088e-05,919,
29,0.008003776893019676,0.0001323129836237058,8.453513800077417e-08,929,
29,,,,929,0.010238394141197205
30,0.00998343713581562,0.0002765991084743291,1.0628203199303243e-05,939,
30,0.010153527371585369,0.00029787671519443393,1.0168523658649065e-05,949,
30,0.009752740152180195,0.0002360077778575942,1.0171593203267548e-05,959,
30,,,,960,0.010018469765782356
31,0.01003939751535654,0.00023582503490615636,1.0553232641541399e-05,969,
31,0.009611084125936031,0.0002822226088028401,1.0168912012886722e-05,979,
31,0.009992247447371483,0.00026953715132549405,1.0174366252613254e-05,989,
31,,,,991,0.009809190407395363
32,0.009993739426136017,0.0002678349264897406,1.0027988537331112e-05,999,
32,0.00954053457826376,0.00023855865583755076,9.715324267745018e-06,1009,
32,0.009151086211204529,0.00023648471687920392,9.664230674388818e-06,1019,
32,,,,1022,0.009607172571122646
33,0.009518345817923546,0.00022461633489001542,9.462229172640946e-06,1029,
33,0.009540950879454613,0.000242552298004739,9.650122592574917e-06,1039,
33,0.009318624623119831,0.0002305136586073786,9.525690984446555e-06,1049,
33,,,,1053,0.009410184808075428
34,0.009718184359371662,0.0002730621781665832,9.497921382717323e-06,1059,
34,0.009387168101966381,0.00022688976605422795,9.498476174485404e-06,1069,
34,0.008796979673206806,0.00026554064243100584,9.618102012609597e-06,1079,
34,,,,1084,0.009221521206200123
35,0.009099187329411507,0.00024591456167399883,9.155911357083824e-06,1089,
35,0.00891575776040554,0.00022900845215190202,9.057086572283879e-06,1099,
35,0.008797381073236465,0.00021986789943184704,9.232012416759972e-06,1109,
35,,,,1115,0.009046461433172226
36,0.009672478772699833,0.0002389236178714782,9.120750291913282e-06,1119,
36,0.00909464992582798,0.00024125646450556815,9.202226465276908e-06,1129,
36,0.008419324643909931,0.00024097411369439214,9.121182301896624e-06,1139,
36,,,,1146,0.008849930949509144
37,0.009366277605295181,0.00022752329823561013,8.808364327705931e-06,1149,
37,0.008952697739005089,0.0002781469083856791,9.364061043015681e-06,1159,
37,0.008554994128644466,0.00022308768529910594,8.81823871168308e-06,1169,
37,,,,1177,0.008637342602014542
38,0.00870149489492178,0.00022855625138618052,8.900723514670972e-06,1179,
38,0.00827832892537117,0.00020010532170999795,8.935129699239042e-06,1189,
38,0.00866299495100975,0.00022472634736914188,8.841955605021212e-06,1199,
38,,,,1208,0.00845140777528286
39,0.008550193160772324,0.00022776499099563807,8.763496225583367e-06,1209,
39,0.008546347729861736,0.0002463080163579434,8.599632565164939e-06,1219,
39,0.007938551716506481,0.0002476271183695644,8.753394467930775e-06,1229,
39,0.0062934099696576595,0.00011668261140584946,6.786588357954315e-08,1239,
39,,,,1239,0.008302110247313976
40,0.008111488074064255,0.00022429630917031318,8.44400710775517e-06,1249,
40,0.008344209752976894,0.00023468553263228387,8.319598236994352e-06,1259,
40,0.007923191413283348,0.00020256049174349755,8.27492567623267e-06,1269,
40,,,,1270,0.008175820112228394
41,0.00848199799656868,0.00018983898917213082,8.332000106747728e-06,1279,
41,0.007871508598327637,0.00022884113423060626,8.379007340408862e-06,1289,
41,0.00826891791075468,0.00022262753918766975,8.16933243186213e-06,1299,
41,,,,1301,0.008033258840441704
42,0.008001672104001045,0.00022053827706258744,8.114589945762418e-06,1309,
42,0.0076210289262235165,0.0001968892029253766,8.029760465433355e-06,1319,
42,0.007480422034859657,0.00019046234956476837,7.873051799833775e-06,1329,
42,,,,1332,0.007867450825870037
43,0.007556289434432983,0.000188917649211362,7.997410648385994e-06,1339,
43,0.0076402160339057446,0.00020254710398148745,8.096341844066046e-06,1349,
43,0.007544897496700287,0.0001923883392009884,7.97233315097401e-06,1359,
43,,,,1363,0.007683560252189636
44,0.007944468408823013,0.0002320277999388054,8.242865987995174e-06,1369,
44,0.007415066938847303,0.00019018368038814515,8.100574632408097e-06,1379,
44,0.00712576974183321,0.00023554509971290827,8.248027370427735e-06,1389,
44,,,,1394,0.007490540388971567
45,0.007080512121319771,0.00021148678206373006,7.958386049722321e-06,1399,
45,0.007119786459952593,0.00019591576710809022,7.808100235706661e-06,1409,
45,0.007157066836953163,0.0001979571970878169,7.88784927863162e-06,1419,
45,,,,1425,0.007320072967559099
46,0.007702730596065521,0.00020260934252291918,7.769429430481978e-06,1429,
46,0.007329925894737244,0.0002062109997496009,7.819115126039833e-06,1439,
46,0.006792644504457712,0.00021018230472691357,7.798068509146105e-06,1449,
46,,,,1456,0.007182051427662373
47,0.007468482945114374,0.00019649846944957972,7.528969035774935e-06,1459,
47,0.007240040227770805,0.0002490258193574846,7.897099749243353e-06,1469,
47,0.006773752626031637,0.00018907617777585983,7.469584943464724e-06,1479,
47,,,,1487,0.007022663950920105
48,0.0069013237953186035,0.00020068150479346514,7.534581982326927e-06,1489,
48,0.00662222970277071,0.00017733086133375764,7.427942364301998e-06,1499,
48,0.006920898333191872,0.0001935138861881569,7.4936242526746355e-06,1509,
48,,,,1518,0.006850648205727339
49,0.006878311280161142,0.0002065750741166994,7.518165148212574e-06,1519,
49,0.00679802056401968,0.00021014064259361476,7.372257641691249e-06,1529,
49,0.006424115505069494,0.00022197759244590998,7.454072147083934e-06,1539,
49,0.0047079455107450485,0.00011153423838550225,6.149162601332137e-08,1549,
49,,,,1549,0.006667216308414936
50,0.0065314071252942085,0.0001970811717910692,7.344431196543155e-06,1559,
50,0.006755025591701269,0.0002152985689463094,7.1892523010319564e-06,1569,
50,0.0063270218670368195,0.00018014981469605118,7.267348792083794e-06,1579,
50,,,,1580,0.006530564744025469
51,0.0067125181667506695,0.0001697675761533901,7.245944289024919e-06,1589,
51,0.0061943791806697845,0.0002004269335884601,7.337904207815882e-06,1599,
51,0.006589978933334351,0.00020031545136589557,7.2489674494136125e-06,1609,
51,,,,1611,0.0064152381382882595
52,0.0063736289739608765,0.00019801539019681513,7.048644874885213e-06,1619,
52,0.006119478959590197,0.00017640941950958222,7.147786618588725e-06,1629,
52,0.006098989862948656,0.00017292211123276502,6.879472039145185e-06,1639,
52,,,,1642,0.006269385106861591
53,0.006036186125129461,0.00016601146489847451,6.812477295170538e-06,1649,
53,0.006165826693177223,0.00018642752547748387,7.018157702987082e-06,1659,
53,0.0061712441965937614,0.0001785985368769616,6.78671085552196e-06,1669,
53,,,,1673,0.006122448947280645
54,0.006272590719163418,0.00019933423027396202,7.05308593751397e-06,1679,
54,0.005866555497050285,0.00017747737001627684,6.76854051562259e-06,1689,
54,0.005774447228759527,0.0002145723410649225,7.128670404199511e-06,1699,
54,,,,1704,0.006006377749145031
55,0.005684275180101395,0.0001932532904902473,6.903955181769561e-06,1709,
55,0.0056916577741503716,0.00017826487601269037,6.57130613035406e-06,1719,
55,0.0058865025639534,0.00017503666458651423,6.904466317791957e-06,1729,
55,,,,1735,0.00592010235413909
56,0.006094863638281822,0.00018961513706017286,6.77050547892577e-06,1739,
56,0.005808498244732618,0.00018900154100265354,6.859960194560699e-06,1749,
56,0.005469184834510088,0.00018820598779711872,6.7409687289909925e-06,1759,
56,,,,1766,0.005856773350387812
57,0.006018612068146467,0.00018078487482853234,6.576750365638873e-06,1769,
57,0.005682470742613077,0.0002288127870997414,7.033032034087228e-06,1779,
57,0.005488326773047447,0.00017566823225934058,6.424058938137023e-06,1789,
57,,,,1797,0.0058118305169045925
58,0.00557858357205987,0.00018355344946030527,6.483386187028373e-06,1799,
58,0.005398922599852085,0.0001663816801737994,6.449154170695692e-06,1809,
58,0.0055873398669064045,0.00018238717166241258,6.463972113124328e-06,1819,
58,,,,1828,0.005762986373156309
59,0.005731778219342232,0.0002025057765422389,6.514877895824611e-06,1829,
59,0.005517642479389906,0.00019938219338655472,6.459948508563684e-06,1839,
59,0.0053998264484107494,0.000206193610210903,6.595601917069871e-06,1849,
59,0.0036740864161401987,0.0001353567058686167,5.3371497443777116e-08,1859,
59,,,,1859,0.005747401155531406
60,0.005422351881861687,0.00019208781304769218,6.408624358300585e-06,1869,
60,0.005381994880735874,0.00019698837422765791,6.382708306773566e-06,1879,
60,0.005092324689030647,0.00016694219084456563,6.296027095231693e-06,1889,
60,,,,1890,0.005740561056882143
61,0.005546099506318569,0.00016382276953663677,6.254703748709289e-06,1899,
61,0.005042772274464369,0.00018760740931611508,6.356837729981635e-06,1909,
61,0.005411874037235975,0.00018684807582758367,6.269409368542256e-06,1919,
61,,,,1921,0.005750375334173441
62,0.00530193280428648,0.00018794955394696444,6.348850092763314e-06,1929,
62,0.0051245614886283875,0.00016526831313967705,6.224201115401229e-06,1939,
62,0.005155330523848534,0.00016752173542045057,6.091749128245283e-06,1949,
62,,,,1952,0.005768986418843269
63,0.005013389978557825,0.00016083616355899721,6.0667534853564575e-06,1959,
63,0.005102941300719976,0.00017198802379425615,6.069271876185667e-06,1969,
63,0.005033341236412525,0.00015927551430650055,5.942906682321336e-06,1979,
63,,,,1983,0.005641496274620295
64,0.005201985128223896,0.0001911022118292749,6.015090093569597e-06,1989,
64,0.004781478084623814,0.00016328661877196282,5.978995886835037e-06,1999,
64,0.004841236397624016,0.00019902495841961354,6.246273187571205e-06,2009,
64,,,,2014,0.005402183625847101
65,0.004790392238646746,0.00018633088620845228,6.032982128090225e-06,2019,
65,0.004790544509887695,0.0001606618898222223,5.851547030033544e-06,2029,
65,0.004897189326584339,0.00016221449186559767,6.085202585381921e-06,2039,
65,,,,2045,0.005311525892466307
66,0.005033320281654596,0.00017539598047733307,6.0696211221511476e-06,2049,
66,0.004900713451206684,0.00017800174828153104,6.008297532389406e-06,2059,
66,0.004542033653706312,0.00017380835197400302,5.9790772866108455e-06,2069,
66,,,,2076,0.005251169670373201
67,0.005251923575997353,0.00017215870320796967,5.97187727180426e-06,2079,
67,0.004668163135647774,0.00021390254551079124,6.236824901861837e-06,2089,
67,0.004561789333820343,0.00015870649076532573,5.698193490388803e-06,2099,
67,,,,2107,0.005192295648157597
68,0.004783171694725752,0.00016763032181188464,5.755735855927924e-06,2109,
68,0.004640042781829834,0.00015948746295180172,5.763056378782494e-06,2119,
68,0.00469960318878293,0.00016624642012175173,5.70012070966186e-06,2129,
68,,,,2138,0.005121207796037197
69,0.005072618369013071,0.0001861784403445199,5.7787669902609196e-06,2139,
69,0.004694313742220402,0.00018183932115789503,5.830929694639053e-06,2149,
69,0.004628339782357216,0.00018416148668620735,5.900932592339814e-06,2159,
69,0.0026129530742764473,0.00013148131256457418,4.67573642026764e-08,2169,
69,,,,2169,0.005056677386164665
70,0.004572979640215635,0.0001708282361505553,5.712234269594774e-06,2179,
70,0.004538179840892553,0.00017585545720066875,5.710235654987628e-06,2189,
70,0.004291752353310585,0.0001500872167525813,5.630689884128515e-06,2199,
70,,,,2200,0.005008661653846502
71,0.004762689117342234,0.00014824833488091826,5.557772055908572e-06,2209,
71,0.004313515964895487,0.0001645351730985567,5.6968506214616355e-06,2219,
71,0.004651165101677179,0.0001685856987023726,5.669132860930404e-06,2229,
71,,,,2231,0.004989593755453825
72,0.00453717028722167,0.0001650344202062115,5.73126953895553e-06,2239,
72,0.004502476193010807,0.00014809331332799047,5.598485131486086e-06,2249,
72,0.004377554636448622,0.0001480380742577836,5.531181159312837e-06,2259,
72,,,,2262,0.004994762130081654
73,0.00439872033894062,0.00014432378520723432,5.517766112461686e-06,2269,
73,0.004408170934766531,0.00015159054601099342,5.447785042633768e-06,2279,
73,0.004360860679298639,0.00014286680379882455,5.38448830411653e-06,2289,
73,,,,2293,0.004901745356619358
74,0.004478923976421356,0.00016994970792438835,5.476938895299099e-06,2299,
74,0.004133989103138447,0.00014333466242533177,5.399935162131442e-06,2309,
74,0.004172262270003557,0.00017513665079604834,5.645099008688703e-06,2319,
74,,,,2324,0.004621893633157015
75,0.004158072639256716,0.0001650480116950348,5.516987130249618e-06,2329,
75,0.004240099340677261,0.00014230856322683394,5.37953792445478e-06,2339,
75,0.004229105077683926,0.00014228149666450918,5.539919584407471e-06,2349,
75,,,,2355,0.004463294520974159
76,0.0042868563905358315,0.00015586444351356477,5.4754723350924905e-06,2359,
76,0.004183623008430004,0.00015384650032501668,5.451516244647792e-06,2369,
76,0.003896410344168544,0.0001546866405988112,5.435944785858737e-06,2379,
76,,,,2386,0.004356040619313717
77,0.004484572447836399,0.0001481752988183871,5.4677343541698065e-06,2389,
77,0.004068742040544748,0.00019184596021659672,5.661941031576134e-06,2399,
77,0.003846052335575223,0.00013748087803833187,5.270651399769122e-06,2409,
77,,,,2417,0.004251333884894848
78,0.004139818251132965,0.00014704540080856532,5.295475602906663e-06,2419,
78,0.003953680861741304,0.00013508734991773963,5.226522716839099e-06,2429,
78,0.004066276364028454,0.0001472931180614978,5.203508408158086e-06,2439,
78,,,,2448,0.004183467011898756
79,0.004101496189832687,0.00015245398390106857,5.271755526337074e-06,2449,
79,0.004096011631190777,0.00015871516370680183,5.293933099892456e-06,2459,
79,0.0039266422390937805,0.00016007146041374654,5.314317604643293e-06,2469,
79,0.0019508686382323503,0.00012348414747975767,4.240557061052641e-08,2479,
79,,,,2479,0.004127291031181812
80,0.003861697157844901,0.0001474282325943932,5.248408797342563e-06,2489,
80,0.003965325187891722,0.00015423737931996584,5.14665043738205e-06,2499,
80,0.0037305427249521017,0.00013178515655454248,5.1745969358307775e-06,2509,
80,,,,2510,0.004061882849782705
81,0.00400256272405386,0.0001282097218791023,5.153295660420554e-06,2519,
81,0.0037640545051544905,0.0001404788054060191,5.23240714755957e-06,2529,
81,0.004043291788548231,0.00014733038551639766,5.211444204178406e-06,2539,
81,,,,2541,0.004025286994874477
82,0.003985616844147444,0.00014073292550165206,5.105649051984074e-06,2549,
82,0.003936903551220894,0.0001266653125640005,5.1464317039062735e-06,2559,
82,0.0037509186659008265,0.00012689812865573913,4.9654754548100755e-06,2569,
82,,,,2572,0.003981786780059338
83,0.003827518317848444,0.0001232186914421618,5.005229013477219e-06,2579,
83,0.003859424265101552,0.00013023018254898489,4.969285328115802e-06,2589,
83,0.003763006068766117,0.00012417133257258683,4.9807918003352825e-06,2599,
83,,,,2603,0.003952078986912966
84,0.0038887124974280596,0.00014769200060982257,5.156186489330139e-06,2609,
84,0.003712527919560671,0.00012179664190625772,4.797750989382621e-06,2619,
84,0.0037528565153479576,0.00015304889529943466,5.198096914682537e-06,2629,
84,,,,2634,0.003938318695873022
85,0.003607944119721651,0.00013893155846744776,4.963274022884434e-06,2639,
85,0.0037162539083510637,0.00012153406714787707,4.8650422286300454e-06,2649,
85,0.003666332457214594,0.0001222580176545307,4.968877419742057e-06,2659,
85,,,,2665,0.003911862149834633
86,0.0037371907383203506,0.00013421993935480714,4.934464868711075e-06,2669,
86,0.003693066304549575,0.00013145622506272048,4.976510808774037e-06,2679,
86,0.0034007832873612642,0.0001314298715442419,4.898657607554924e-06,2689,
86,,,,2696,0.003929067403078079
87,0.003939234651625156,0.00012777400843333453,5.0012986321235076e-06,2699,
87,0.0035491911694407463,0.00016573388711549342,5.190206138649955e-06,2709,
87,0.0033628405071794987,0.00011832106247311458,4.84999873151537e-06,2719,
87,,,,2727,0.003672383027151227
88,0.0036182489711791277,0.00012623591464944184,4.924435870634625e-06,2729,
88,0.0034850186202675104,0.00011416076449677348,4.79667824038188e-06,2739,
88,0.0036711078137159348,0.00013042597856838256,4.757494025398046e-06,2749,
88,,,,2758,0.0036259465850889683
89,0.003520650090649724,0.0001288414205191657,4.8031779442681e-06,2759,
89,0.003557887626811862,0.0001342021132586524,4.829726094612852e-06,2769,
89,0.003441539127379656,0.00013569839939009398,4.892862307315227e-06,2779,
89,0.0015556548023596406,0.000107658575871028,3.907425139004772e-08,2789,
89,,,,2789,0.0036063087172806263
90,0.0034908109810203314,0.00012424633314367384,4.765695393871283e-06,2799,
90,0.0034856528509408236,0.0001322818425251171,4.7851976887614e-06,2809,
90,0.003253262722864747,0.00011230838572373614,4.69745600639726e-06,2819,
90,,,,2820,0.003603910794481635
91,0.00359712028875947,0.00010983083484461531,4.78620813737507e-06,2829,
91,0.003352720756083727,0.00011893874034285545,4.7553044169035275e-06,2839,
91,0.0035930548328906298,0.0001267516054213047,4.819426976609975e-06,2849,
91,,,,2851,0.003636517096310854
92,0.0037116059102118015,0.0001208807370858267,4.662806531996466e-06,2859,
92,0.0035890492144972086,0.00010902178473770618,4.764654931932455e-06,2869,
92,0.003376570763066411,0.00010829445818671957,4.570799774228362e-06,2879,
92,,,,2882,0.003784565720707178
93,0.00354281859472394,0.00010469083645148203,4.67366862721974e-06,2889,
93,0.0034504833165556192,0.00011191033263457939,4.5555348151538055e-06,2899,
93,0.0033399113453924656,0.0001056402106769383,4.6694381126144435e-06,2909,
93,,,,2913,0.0035130279138684273
94,0.0033954638056457043,0.0001252431102329865,4.754922883876134e-06,2919,
94,0.00322612002491951,0.00010359108273405582,4.47227375843795e-06,2929,
94,0.003305187216028571,0.0001307743223151192,4.7971238927857485e-06,2939,
94,,,,2944,0.0034453761763870716
95,0.0031748581677675247,0.00011697360605467111,4.607606115314411e-06,2949,
95,0.003292839275673032,0.0001036449903040193,4.486789748625597e-06,2959,
95,0.0032547968439757824,0.00010400356404716149,4.654174517781939e-06,2969,
95,,,,2975,0.0034017011057585478
96,0.003352329134941101,0.00011545634333742782,4.559604803944239e-06,2979,
96,0.003312919521704316,0.00011349346459610388,4.6467162064800505e-06,2989,
96,0.003047456033527851,0.00011236658610869199,4.515845375863137e-06,2999,
96,,,,3006,0.0034857008140534163
97,0.0035403792280703783,0.00011106830788776278,4.730981345346663e-06,3009,
97,0.003243581159040332,0.0001456775498809293,4.761628133564955e-06,3019,
97,0.0030374485068023205,0.00010082457447424531,4.519549747783458e-06,3029,
97,,,,3037,0.003451320808380842
98,0.003277913900092244,0.00010853702406166121,4.565460585581604e-06,3039,
98,0.003147170413285494,9.817853424465284e-05,4.4529338083521e-06,3049,
98,0.0031913300044834614,0.00011270601680735126,4.465126494324068e-06,3059,
98,,,,3068,0.0032441983930766582
99,0.003123112954199314,0.00011064294812968001,4.471311513043474e-06,3069,
99,0.003187673632055521,0.00011628390348050743,4.505153356149094e-06,3079,
99,0.0031165226828306913,0.00011725845251930878,4.592858203977812e-06,3089,
99,0.001284310594201088,8.976261597126722e-05,3.607107501579776e-08,3099,
99,,,,3099,0.0032086644787341356
100,0.003082729410380125,0.00010576968634268269,4.468808583624195e-06,3109,
100,0.0030948680359870195,0.00011299725156277418,4.4821936171501875e-06,3119,
100,0.002903381362557411,9.75844232016243e-05,4.386215096019441e-06,3129,
100,,,,3130,0.0031741936691105366
101,0.003146196948364377,9.416629472980276e-05,4.429769887792645e-06,3139,
101,0.0029966277070343494,0.00010305897012585774,4.436740255187033e-06,3149,
101,0.0031907185912132263,0.00011048033047700301,4.457906470634043e-06,3159,
101,,,,3161,0.00314504187554121
102,0.0031393917743116617,0.00010401797771919519,4.445419563126052e-06,3169,
102,0.0030599667225033045,9.337612573290244e-05,4.362224899523426e-06,3179,
102,0.0029402507934719324,9.491974924458191e-05,4.3524851207621396e-06,3189,
102,,,,3192,0.003088780678808689
103,0.003051411360502243,8.89100119820796e-05,4.278648248146055e-06,3199,
103,0.0031043076887726784,9.715088526718318e-05,4.2867623051279224e-06,3209,
103,0.0030057099647819996,9.234050230588764e-05,4.348721176938852e-06,3219,
103,,,,3223,0.003058072179555893
104,0.0030236965976655483,0.00010857804591068998,4.402356807986507e-06,3229,
104,0.002867869334295392,9.097938163904473e-05,4.1672592487884685e-06,3239,
104,0.002946923254057765,0.00011325930245220661,4.365726454125252e-06,3249,
104,,,,3254,0.003014244372025132
105,0.002790136029943824,0.00010166965512325987,4.35200809079106e-06,3259,
105,0.002972285496070981,9.068923827726394e-05,4.1353528104082216e-06,3269,
105,0.0029620083514600992,9.172390127787367e-05,4.4042262743460014e-06,3279,
105,,,,3285,0.0029657939448952675
106,0.0029793083667755127,9.98119285213761e-05,4.299705324228853e-06,3289,
106,0.00296641793102026,9.789829346118495e-05,4.2285969357180875e-06,3299,
106,0.002683606231585145,9.780571417650208e-05,4.254618488630513e-06,3309,
106,,,,3316,0.0029455784242600203
107,0.0030834339559078217,9.774398495210335e-05,4.351330062490888e-06,3319,
107,0.002919425256550312,0.0001295019028475508,4.510488906817045e-06,3329,
107,0.0027106862980872393,8.891778998076916e-05,4.197386260784697e-06,3339,
107,,,,3347,0.0029840064235031605
108,0.003161447122693062,9.671832231106237e-05,4.171200998825952e-06,3349,
108,0.0028167155105620623,8.638916915515438e-05,4.1204575609299354e-06,3359,
108,0.003084045136347413,0.00010051501885754988,4.071468993060989e-06,3369,
108,,,,3378,0.0029432803858071566
109,0.002798093017190695,9.693225001683459e-05,4.218188678350998e-06,3379,
109,0.002911254297941923,0.00010244108125334606,4.229715159453917e-06,3389,
109,0.0027404213324189186,0.00010173127520829439,4.214457476336975e-06,3399,
109,0.0011379157658666372,7.196260412456468e-05,3.316592511737326e-08,3409,
109,,,,3409,0.0029723418410867453
110,0.00279787415638566,9.230816795025021e-05,4.128625278099207e-06,3419,
110,0.002745537320151925,9.839445556281134e-05,4.2129399844270665e-06,3429,
110,0.002600558567792177,8.517053356627002e-05,4.105640527996002e-06,3439,
110,,,,3440,0.003277254058048129
111,0.002862329361960292,8.371382136829197e-05,4.125796749576693e-06,3449,
111,0.0027050874195992947,9.0442830696702e-05,4.199625436740462e-06,3459,
111,0.002812191378325224,9.838869300438091e-05,4.183964392723283e-06,3469,
111,,,,3471,0.0027931511867791414
112,0.0027984329499304295,9.156173473456874e-05,4.161693141213618e-06,3479,
112,0.0027647558599710464,8.394622273044661e-05,4.104245363123482e-06,3489,
112,0.0026219626888632774,8.469485328532755e-05,4.049520157423103e-06,3499,
112,,,,3502,0.0027658541221171618
113,0.002752287546172738,7.942767115309834e-05,4.02368414142984e-06,3509,
113,0.002765451790764928,8.584994066040963e-05,3.992664915131172e-06,3519,
113,0.002731474582105875,8.152573718689382e-05,4.014382284367457e-06,3529,
113,,,,3533,0.0027438285760581493
114,0.002696569077670574,9.651860455051064e-05,4.144160357100191e-06,3539,
114,0.0026211438234895468,8.218370930990204e-05,3.90491686630412e-06,3549,
114,0.002628834918141365,0.00010003744682762772,4.084130978299072e-06,3559,
114,,,,3564,0.002720410469919443
115,0.002513391198590398,8.964578591985628e-05,4.059630555275362e-06,3569,
115,0.0026510730385780334,8.116954995784909e-05,3.834792551060673e-06,3579,
115,0.0026506951544433832,8.15425519249402e-05,4.122150130569935e-06,3589,
115,,,,3595,0.0026744427159428596
116,0.0026712939143180847,8.812164742266759e-05,4.025281214126153e-06,3599,
116,0.0025782680604606867,8.653776603750885e-05,3.9861229197413195e-06,3609,
116,0.002510970691218972,8.686834917170927e-05,3.92641095459112e-06,3619,
116,,,,3626,0.0026499954983592033
117,0.002801736118271947,8.855170744936913e-05,4.041219654027373e-06,3629,
117,0.002608751179650426,0.00011648749932646751,4.21157710661646e-06,3639,
117,0.0026888169813901186,8.129400521283969e-05,4.018580511910841e-06,3649,
117,,,,3657,0.002792369108647108
118,0.0028128563426434994,8.687746594659984e-05,4.038391125504859e-06,3659,
118,0.002537335269153118,7.611160981468856e-05,3.858915988530498e-06,3669,
118,0.0027474809903651476,8.848932338878512e-05,3.823633960564621e-06,3679,
118,,,,3688,0.0026441605295985937
119,0.002496994100511074,8.639261068310589e-05,3.950360678572906e-06,3689,
119,0.002673426177352667,9.235369361704215e-05,3.988997377746273e-06,3699,
119,0.0024878003168851137,9.074213448911905e-05,3.926165845768992e-06,3709,
119,0.0010176884243264794,6.117405428085476e-05,3.012419824699464e-08,3719,
119,,,,3719,0.0025945242960006
120,0.0025533249136060476,8.214943954953924e-05,3.851625933748437e-06,3729,
120,0.002513309707865119,8.795840403763577e-05,3.985154307883931e-06,3739,
120,0.0023388899862766266,7.617119990754873e-05,3.833783466689056e-06,3749,
120,,,,3750,0.0025658528320491314
121,0.0025900627952069044,7.553240720881149e-05,3.91160619983566e-06,3759,
121,0.0024218333419412374,8.05352974566631e-05,3.886328158841934e-06,3769,
121,0.002535497536882758,8.819795766612515e-05,3.878039024129976e-06,3779,
121,,,,3781,0.002561669796705246
122,0.0025148862041532993,8.192288805730641e-05,3.879798441630555e-06,3789,
122,0.002444550395011902,7.562832615803927e-05,3.8069738366175443e-06,3799,
122,0.002370932139456272,7.708983321208507e-05,3.8109290017018793e-06,3809,
122,,,,3812,0.00250745820812881
123,0.002474454930052161,7.137875218177214e-05,3.739830390259158e-06,3819,
123,0.0025010996032506227,7.798162550898269e-05,3.747586333702202e-06,3829,
123,0.0024376611690968275,7.415815343847498e-05,3.817293872998562e-06,3839,
123,,,,3843,0.002471773186698556
124,0.002438330091536045,8.631336822872981e-05,3.849131189781474e-06,3849,
124,0.0023501606192439795,7.4270814366173e-05,3.6659130273619667e-06,3859,
124,0.0023885888513177633,8.898710075300187e-05,3.7877377963013714e-06,3869,
124,,,,3874,0.0024515611585229635
125,0.002487167250365019,8.266587246907875e-05,3.894087058142759e-06,3879,
125,0.0024406651500612497,7.36859001335688e-05,3.5854218367603607e-06,3889,
125,0.0024138200096786022,7.294280658243224e-05,3.869926331390161e-06,3899,
125,,,,3905,0.002519576344639063
126,0.002409406239166856,7.878980250097811e-05,3.7730114854639396e-06,3909,
126,0.002307376591488719,7.780802843626589e-05,3.7810925732628675e-06,3919,
126,0.002214596839621663,7.752290548523888e-05,3.6890451156068593e-06,3929,
126,,,,3936,0.0024496333207935095
127,0.0029012924060225487,8.254084968939424e-05,3.728268666236545e-06,3939,
127,0.0024114360567182302,0.00010517500777496025,3.858056061289972e-06,3949,
127,0.002191849984228611,7.1078167820815e-05,3.6911844745191047e-06,3959,
127,,,,3967,0.0024108286015689373
128,0.0025413271505385637,7.803147309459746e-05,3.803087793130544e-06,3969,
128,0.002310180338099599,6.941024184925482e-05,3.678098210002645e-06,3979,
128,0.002301103202626109,7.817940786480904e-05,3.665315489342902e-06,3989,
128,,,,3998,0.002414907328784466
129,0.002277722116559744,7.673482468817383e-05,3.6392752917890903e-06,3999,
129,0.0024062846787273884,8.319548214785755e-05,3.664159748950624e-06,4009,
129,0.002221048576757312,8.10316632851027e-05,3.7017780414316803e-06,4019,
129,0.0009779470274224877,5.317195245879702e-05,2.7153079784625334e-08,4029,
129,,,,4029,0.002338672522455454
130,0.0022551848087459803,7.374331471510231e-05,3.6395938423083862e-06,4039,
130,0.0022032696288079023,7.80005066189915e-05,3.7063775835122215e-06,4049,
130,0.002118910662829876,6.895753904245794e-05,3.599157707867562e-06,4059,
130,,,,4060,0.0023636636324226856
131,0.002302429173141718,6.823325384175405e-05,3.6084268231206806e-06,4069,
131,0.0021920790895819664,7.219067629193887e-05,3.6303042634244775e-06,4079,
131,0.0022862206678837538,8.001685637282208e-05,3.631237177614821e-06,4089,
131,,,,4091,0.00229291757568717
132,0.0022679814137518406,7.385614298982546e-05,3.6113970054429956e-06,4099,
132,0.002215889049693942,6.851118814665824e-05,3.5638986446429044e-06,4109,
132,0.002156506758183241,7.015126902842894e-05,3.5229363675171044e-06,4119,
132,,,,4122,0.0022490571718662977
133,0.00227051111869514,6.613552977796644e-05,3.543186039678403e-06,4129,
133,0.0022430075332522392,7.029083644738421e-05,3.5019570532313082e-06,4139,
133,0.0022452145349234343,6.79087606840767e-05,3.5840860164171318e-06,4149,
133,,,,4153,0.0022330593783408403
134,0.0027097281999886036,8.181605517165735e-05,3.540420493663987e-06,4159,
134,0.002297991653904319,6.857909465907142e-05,3.4197416880488163e-06,4169,
134,0.0023999111726880074,8.191834058379754e-05,3.6741053008881863e-06,4179,
134,,,,4184,0.0023598738480359316
135,0.002216963330283761,7.197069498943165e-05,3.518246330713737e-06,4189,
135,0.0023031053133308887,6.722476246068254e-05,3.3883452488225885e-06,4199,
135,0.0022399844601750374,6.5627958974801e-05,3.562988922567456e-06,4209,
135,,,,4215,0.002432621084153652
136,0.002178159076720476,7.04899721313268e-05,3.536683834681753e-06,4219,
136,0.0020697275176644325,6.903637404320762e-05,3.5317968922754517e-06,4229,
136,0.001975985011085868,6.957366713322699e-05,3.4966949442605255e-06,4239,
136,,,,4246,0.0023138364776968956
137,0.0022693646606057882,7.27157384972088e-05,3.6347503282740945e-06,4249,
137,0.002118082717061043,9.448484343010932e-05,3.6406072467798367e-06,4259,
137,0.0021197800524532795,6.502486940007657e-05,3.5213231512898346e-06,4269,
137,,,,4277,0.0021736144553869963
138,0.0022568153217434883,6.844804011052474e-05,3.476374558886164e-06,4279,
138,0.0020883388351649046,6.260015652514994e-05,3.45028956871829e-06,4289,
138,0.0021084859035909176,6.967631634324789e-05,3.4405163660267135e-06,4299,
138,,,,4308,0.00213885516859591
139,0.001991232158616185,6.841495633125305e-05,3.4820966448023682e-06,4309,
139,0.002172549720853567,7.469939009752125e-05,3.5044206470047357e-06,4319,
139,0.0020490186288952827,7.272674702107906e-05,3.4603897347551538e-06,4329,
139,0.0007871908019296825,4.6182354708435014e-05,2.3952752670197697e-08,4339,
139,,,,4339,0.0021365743596106768
140,0.002060991944745183,6.584564835065976e-05,3.4036456781905144e-06,4349,
140,0.001995017286390066,6.933904660400003e-05,3.4909362511825748e-06,4359,
140,0.001932570245116949,6.108184607001022e-05,3.389458697711234e-06,4369,
140,,,,4370,0.002129924250766635
141,0.002088421955704689,6.146634405013174e-05,3.3971434731938643e-06,4379,
141,0.0019740520510822535,6.368047615978867e-05,3.4213057915621903e-06,4389,
141,0.002039752434939146,7.08893858245574e-05,3.4316831261094194e-06,4399,
141,,,,4401,0.002109452383592725
142,0.0020545581355690956,6.666218541795388e-05,3.3952587727981154e-06,4409,
142,0.0020478186197578907,6.107999797677621e-05,3.345309323776746e-06,4419,
142,0.00196072063408792,6.186872633406892e-05,3.3145952329505235e-06,4429,
142,,,,4432,0.002047463320195675
143,0.0020582766737788916,6.0316968301776797e-05,3.3278195132879773e-06,4439,
143,0.002025179797783494,6.180559284985065e-05,3.2903806186368456e-06,4449,
143,0.001998800551518798,6.024870162946172e-05,3.3516594157845248e-06,4459,
143,,,,4463,0.002032528631389141
144,0.002446619560942054,7.321458542719483e-05,3.3312444429611787e-06,4469,
144,0.002295459620654583,6.103666237322614e-05,3.1908959954307647e-06,4479,
144,0.00193670648150146,6.970238609937951e-05,3.3760827591322595e-06,4489,
144,,,,4494,0.002029827795922756
145,0.0019074688898399472,6.46922126179561e-05,3.364082658663392e-06,4499,
145,0.0019965243991464376,5.8800866099772975e-05,3.113095090157003e-06,4509,
145,0.002037551486864686,5.910635445616208e-05,3.4186516586487414e-06,4519,
145,,,,4525,0.00207103556022048
146,0.0020258703734725714,6.40208600088954e-05,3.27242059938726e-06,4529,
146,0.0019435459980741143,6.140515324659646e-05,3.3623509807512164e-06,4539,
146,0.001814682618714869,6.17120458628051e-05,3.2649495551595464e-06,4549,
146,,,,4556,0.0020507003646343946
147,0.002145978156477213,6.636504986090586e-05,3.437343821133254e-06,4559,
147,0.0018874637316912413,8.291725680464879e-05,3.436523456912255e-06,4569,
147,0.0018184836953878403,5.7127512263832614e-05,3.255476030972204e-06,4579,
147,,,,4587,0.001985966693609953
148,0.001997659681364894,6.11114883213304e-05,3.2813920824992238e-06,4589,
148,0.0019064184743911028,5.453156336443499e-05,3.2243963232758688e-06,4599,
148,0.0019434511195868254,6.212665903149173e-05,3.2787033887871075e-06,4609,
148,,,,4618,0.0019564367830753326
149,0.0018140426836907864,6.0593243688344955e-05,3.275536528235534e-06,4619,
149,0.0020197005942463875,6.5863314375747e-05,3.234920995964785e-06,4629,
149,0.0019006506772711873,6.423170998459682e-05,3.2379505228163907e-06,4639,
149,0.0007228398462757468,3.940734677598812e-05,2.144960831174103e-08,4649,
149,,,,4649,0.0020288561936467886
150,0.001867702347226441,5.737937681260519e-05,3.2521165849175304e-06,4659,
150,0.0018671774305403233,6.196564936544746e-05,3.295269152658875e-06,4669,
150,0.0017634951509535313,5.302284989738837e-05,3.1827892144065117e-06,4679,
150,,,,4680,0.0019610661547631025
151,0.0019053055439144373,5.3774834668729454e-05,3.187169795637601e-06,4689,
151,0.001787811634130776,5.672850602422841e-05,3.2269333587464644e-06,4699,
151,0.001893145265057683,6.236737681319937e-05,3.2559985356783727e-06,4709,
151,,,,4711,0.001895896508358419
152,0.001932474784553051,5.8406058087712154e-05,3.1530998967355117e-06,4719,
152,0.0018530415836721659,5.523059735423885e-05,3.1930489967635367e-06,4729,
152,0.0018572985427454114,5.440442691906355e-05,3.1019478683447232e-06,4739,
152,,,,4742,0.0019270710181444883
153,0.0018601362826302648,5.268135646474548e-05,3.0990142931841547e-06,4749,
153,0.0018513326067477465,5.4350646678358316e-05,3.094372459599981e-06,4759,
153,0.0019919087644666433,5.369169593905099e-05,3.0906180654710624e-06,4769,
153,,,,4773,0.001869221800006926
154,0.0019330753711983562,6.495971319964156e-05,3.2954094422166236e-06,4779,
154,0.0017741979099810123,5.361606235965155e-05,3.0829546631139237e-06,4789,
154,0.0017808964475989342,6.123175262473524e-05,3.1355284590972587e-06,4799,
154,,,,4804,0.0019680236000567675
155,0.0017516730586066842,5.777263504569419e-05,3.153263605781831e-06,4809,
155,0.0018477222183719277,5.174165926291607e-05,2.90518119072658e-06,4819,
155,0.001834738883189857,5.260578473098576e-05,3.20630124406307e-06,4829,
155,,,,4835,0.0018415855010971427
156,0.0017994825029745698,5.841740858159028e-05,3.121887175439042e-06,4839,
156,0.001691150013357401,5.4369924328057095e-05,3.1341808153229067e-06,4849,
156,0.0016390876844525337,5.523226718651131e-05,3.0846110803395277e-06,4859,
156,,,,4866,0.0018474409589543939
157,0.0019459190079942346,6.015115650370717e-05,3.2351788377127377e-06,4869,
157,0.001724107889458537,7.473822915926576e-05,3.2344107694370905e-06,4879,
157,0.0017405848484486341,5.1021237595705315e-05,3.0135859105939744e-06,4889,
157,,,,4897,0.001801146543584764
158,0.0018349169986322522,5.519550177268684e-05,3.0925484679755755e-06,4899,
158,0.0017677342984825373,4.920911669614725e-05,3.0681076168548316e-06,4909,
158,0.0018333618063479662,5.5640190112171695e-05,3.1143715659709414e-06,4919,
158,,,,4928,0.0018062053713947535
159,0.0016716057434678078,5.474977660924196e-05,3.0909111501387088e-06,4929,
159,0.0018744096159934998,5.889661770197563e-05,3.0493060876324307e-06,4939,
159,0.0018473441014066339,5.7374989410163835e-05,3.0450835311057745e-06,4949,
159,0.0007460641791112721,3.590756023186259e-05,1.9283552532556314e-08,4959,
159,,,,4959,0.0019639362581074238
160,0.0017875010380521417,5.290291301207617e-05,3.0417779726121807e-06,4969,
160,0.0016566648846492171,5.5490305385319516e-05,3.0877295102982316e-06,4979,
160,0.0016209083842113614,4.7724264732096344e-05,3.0136993700580206e-06,4989,
160,,,,4990,0.0017846482805907726
161,0.0018933798419311643,4.922533480566926e-05,3.072316303587286e-06,4999,
161,0.0016413434641435742,5.1310897106304765e-05,3.0735980089957593e-06,5009,
161,0.0016865961952134967,5.60336047783494e-05,3.0587948458560277e-06,5019,
161,,,,5021,0.001739325001835823
162,0.0017168259946629405,5.164026515558362e-05,2.9922503017587587e-06,5029,
162,0.0016904682852327824,4.928780981572345e-05,3.006593033205718e-06,5039,
162,0.001660593319684267,4.868852556683123e-05,2.9549516966653755e-06,5049,
162,,,,5052,0.0017163135344162583
163,0.0017216023989021778,4.8277197493007407e-05,2.954327101178933e-06,5059,
163,0.0016883767675608397,4.963487299392e-05,2.929998117906507e-06,5069,
163,0.0016789144137874246,4.857904423261061e-05,2.985310629810556e-06,5079,
163,,,,5083,0.001704625552520156
164,0.0019521196372807026,5.8733403420774266e-05,2.9917562187620206e-06,5089,
164,0.0018689667340368032,4.905835521640256e-05,2.863621830329066e-06,5099,
164,0.001747636473737657,5.601569500868209e-05,2.933931227744324e-06,5109,
164,,,,5114,0.0017605171306058764
165,0.0016293080989271402,5.276871888781898e-05,2.9897068998252507e-06,5119,
165,0.0016777650453150272,4.77777466585394e-05,2.7651110485749086e-06,5129,
165,0.0017028485890477896,4.851326229982078e-05,3.02692137665872e-06,5139,
165,,,,5145,0.001670198980718851
166,0.0017174199456349015,5.5180695198941976e-05,3.002703124366235e-06,5149,
166,0.0015480276197195053,5.044391946285032e-05,2.9803325105604017e-06,5159,
166,0.00152728077955544,5.08444027218502e-05,2.9038521915936144e-06,5169,
166,,,,5176,0.0016607035649940372
167,0.0017388041596859694,5.5001302825985476e-05,3.0206258543330478e-06,5179,
167,0.0015867556212469935,6.930254312464967e-05,3.0902681373845553e-06,5189,
167,0.0015681537333875895,4.7097735659917817e-05,2.8556316920003155e-06,5199,
167,,,,5207,0.001676607527770102
168,0.0017275104764848948,5.2922656323062256e-05,2.9764714781777e-06,5209,
168,0.0016676071099936962,4.4673168304143474e-05,2.8652943910856266e-06,5219,
168,0.001616479828953743,5.0574217311805114e-05,2.9150601221772376e-06,5229,
168,,,,5238,0.0018592278938740492
169,0.001729341340251267,5.329994746716693e-05,2.978068323500338e-06,5239,
169,0.001679799985140562,5.596777918981388e-05,2.907017233155784e-06,5249,
169,0.0016250418266281486,5.210648669162765e-05,2.9030852601863444e-06,5259,
169,0.0006134137511253357,3.1248146115103737e-05,1.7839809629549563e-08,5269,
169,,,,5269,0.0016280206618830562
170,0.0016441292827948928,4.56250345450826e-05,2.890127007049159e-06,5279,
170,0.0015177058521658182,4.9582591600483283e-05,2.92648564936826e-06,5289,
170,0.0014648265205323696,4.335662379162386e-05,2.8450158424675465e-06,5299,
170,,,,5300,0.0016021704068407416
171,0.0016620017122477293,4.437224197317846e-05,2.881542968680151e-06,5309,
171,0.0015127153601497412,4.65257435280364e-05,2.8793883757316507e-06,5319,
171,0.0015441448194906116,5.059183604316786e-05,2.8972870040888665e-06,5329,
171,,,,5331,0.0015888434136286378
172,0.0015741552924737334,4.641936902771704e-05,2.8238396225788165e-06,5339,
172,0.0015662178630009294,4.4745444029103965e-05,2.8396582365530776e-06,5349,
172,0.0014842969831079245,4.366537541500293e-05,2.829476215993054e-06,5359,
172,,,,5362,0.001599730341695249
173,0.00158980512060225,4.3904725316679105e-05,2.7474563921714434e-06,5369,
173,0.0016438969178125262,4.5682056224904954e-05,2.7773949113907292e-06,5379,
173,0.0015652815345674753,4.385943975648843e-05,2.7886403586308006e-06,5389,
173,,,,5393,0.001561021781526506
174,0.0015727311838418245,5.219418744673021e-05,2.8776230465155095e-06,5399,
174,0.0014811585424467921,4.354866541689262e-05,2.760736379059381e-06,5409,
174,0.0014701844193041325,5.0183298299089074e-05,2.803085408231709e-06,5419,
174,,,,5424,0.0015454869717359543
175,0.0015212958678603172,4.982223254046403e-05,2.8783074412785936e-06,5429,
175,0.0015544916968792677,4.3983807699987665e-05,2.60269644059008e-06,5439,
175,0.0015470950165763497,4.3891064706258476e-05,2.8431372811610345e-06,5449,
175,,,,5455,0.0015409627230837941
176,0.0017186746699735522,4.984122278983705e-05,2.7686194243869977e-06,5459,
176,0.0014245897764340043,4.584689668263309e-05,2.81200414065097e-06,5469,
176,0.001417607651092112,4.636453013517894e-05,2.7677010621118825e-06,5479,
176,,,,5486,0.0015598605386912823
177,0.0016000807518139482,5.041688564233482e-05,2.89537524622574e-06,5489,
177,0.0014541946584358811,6.329355528578162e-05,2.931806420747307e-06,5499,
177,0.0014233486726880074,4.3297990487189963e-05,2.7173953185410937e-06,5509,
177,,,,5517,0.0015154258580878377
178,0.0015277088386937976,4.863045978709124e-05,2.811890908560599e-06,5519,
178,0.0015018392587080598,4.234194057062268e-05,2.74650051323988e-06,5529,
178,0.0015137736918404698,4.753491157316603e-05,2.800966740323929e-06,5539,
178,,,,5548,0.001497554243542254
179,0.0013906933600082994,4.684377563535236e-05,2.7371258966013556e-06,5549,
179,0.0015413932269439101,4.933992386213504e-05,2.7732653506973293e-06,5559,
179,0.0014745480148121715,4.7929072024999186e-05,2.7688936370395822e-06,5569,
179,0.0005512721836566925,2.792592567857355e-05,1.6348769449336942e-08,5579,
179,,,,5579,0.0014829435385763645
180,0.0014795982278883457,4.1382620111107826e-05,2.776469955279026e-06,5589,
180,0.0013988917926326394,4.556664498522878e-05,2.7743237751565175e-06,5599,
180,0.0013507745461538434,3.9559021388413385e-05,2.694097020139452e-06,5609,
180,,,,5610,0.0014802204677835107
181,0.0014949081232771277,3.971114711021073e-05,2.6802956654137233e-06,5619,
181,0.001419759588316083,4.4070020521758124e-05,2.776962901407387e-06,5629,
181,0.0014249992091208696,4.542453461908735e-05,2.7615312774287304e-06,5639,
181,,,,5641,0.0017551281489431858
182,0.001446408685296774,4.2398791265441105e-05,2.691959252842935e-06,5649,
182,0.0014481154503300786,4.1886385588441044e-05,2.7086014142696513e-06,5659,
182,0.0013741902075707912,3.9951915823621675e-05,2.7068631425208878e-06,5669,
182,,,,5672,0.0014836795162409544
183,0.0015182803617790341,4.0734281355980784e-05,2.672633399924962e-06,5679,
183,0.0014905098360031843,4.14965943491552e-05,2.701915036595892e-06,5689,
183,0.0014702004846185446,3.995229417341761e-05,2.7030494038626784e-06,5699,
183,,,,5703,0.001472103875130415
184,0.001453734585084021,4.76187706226483e-05,2.757623178695212e-06,5709,
184,0.0013610167661681771,3.9486229070462286e-05,2.631077222758904e-06,5719,
184,0.0013780164299532771,4.498766429605894e-05,2.6472278022993123e-06,5729,
184,,,,5734,0.001431699376553297
185,0.0014014679472893476,4.4939693907508627e-05,2.6945558602164965e-06,5739,
185,0.0014410853618755937,4.039956911583431e-05,2.4793707780190744e-06,5749,
185,0.0014521992998197675,4.080373764736578e-05,2.7288647288514767e-06,5759,
185,,,,5765,0.0014116945676505566
186,0.0014059063978493214,4.628924943972379e-05,2.7038588541472564e-06,5769,
186,0.0012945542111992836,4.171211548964493e-05,2.6739951408671914e-06,5779,
186,0.00128736172337085,4.301010267226957e-05,2.6551879273029044e-06,5789,
186,,,,5796,0.0014097391394898295
187,0.0014919107779860497,4.744943726109341e-05,2.728566869336646e-06,5799,
187,0.001340707647614181,5.8789180911844596e-05,2.8011654649162665e-06,5809,
187,0.0013299718266353011,4.020855340058915e-05,2.5761162305570906e-06,5819,
187,,,,5827,0.0013920783530920744
188,0.001433626632206142,4.467413964448497e-05,2.655299113030196e-06,5829,
188,0.0015075651463121176,4.045066816615872e-05,2.6656985028239433e-06,5839,
188,0.0013994119362905622,4.356945646577515e-05,2.6696691293182084e-06,5849,
188,,,,5858,0.0013847744558006525
189,0.0012897283304482698,4.377106961328536e-05,2.6109278223884758e-06,5859,
189,0.0015245924005284905,4.5497821702156216e-05,2.5958584046748e-06,5869,
189,0.001428765244781971,4.369339148979634e-05,2.630870540087926e-06,5879,
189,0.0005472000339068472,2.623727596073877e-05,1.4663262604130978e-08,5889,
189,,,,5889,0.0016227157320827246
190,0.0014382804511114955,4.015850572613999e-05,2.637984607645194e-06,5899,
190,0.001297568203881383,4.253654697095044e-05,2.656978040249669e-06,5909,
190,0.0012467948254197836,3.715175625984557e-05,2.5879326130962e-06,5919,
190,,,,5920,0.001374014769680798
191,0.0013790101511403918,3.7263329431880265e-05,2.5968608952098293e-06,5929,
191,0.0012774606002494693,4.0075381548376754e-05,2.6183804493484786e-06,5939,
191,0.0013155738124623895,4.1603841964388266e-05,2.627366257001995e-06,5949,
191,,,,5951,0.0013819130836054683
192,0.0013361922465264797,3.744549030670896e-05,2.55435224971734e-06,5959,
192,0.001353888539597392,3.725834176293574e-05,2.5609363092371495e-06,5969,
192,0.0013301768340170383,3.5674234823090956e-05,2.5605629616620718e-06,5979,
192,,,,5982,0.001344003016129136
193,0.001331030623987317,3.589332118281163e-05,2.5062911390705267e-06,5989,
193,0.0013561976375058293,3.7513746065087616e-05,2.566269586168346e-06,5999,
193,0.0013211555778980255,3.578943869797513e-05,2.5536892280797474e-06,6009,
193,,,,6013,0.001326411496847868
194,0.0013613541377708316,4.310791700845584e-05,2.606585439934861e-06,6019,
194,0.0012575926957651973,3.541753176250495e-05,2.507572162357974e-06,6029,
194,0.0012461155420169234,4.003182766609825e-05,2.5219453618774423e-06,6039,
194,,,,6044,0.0013156572822481394
195,0.001348103047348559,4.187689773971215e-05,2.611331183288712e-06,6049,
195,0.0013183882692828774,3.6665613151853904e-05,2.3686404801992467e-06,6059,
195,0.0013405029894784093,3.619235576479696e-05,2.5764013571460964e-06,6069,
195,,,,6075,0.0013133020838722587
196,0.001437606057152152,4.31299522460904e-05,2.5262145300075645e-06,6079,
196,0.0012107297079637647,3.8761809264542535e-05,2.5539345642755507e-06,6089,
196,0.0012241638032719493,3.9650862163398415e-05,2.5582517082511913e-06,6099,
196,,,,6106,0.00162804638966918
197,0.0015841206768527627,4.757081842399202e-05,2.69150791609718e-06,6109,
197,0.0012710493756458163,5.3878346079727635e-05,2.6749728476715973e-06,6119,
197,0.0012321003014221787,3.581375131034292e-05,2.4683345145604108e-06,6129,
197,,,,6137,0.0013084906386211514
198,0.0013912165304645896,4.304741742089391e-05,2.599116896817577e-06,6139,
198,0.0013052041176706553,3.6808363802265376e-05,2.530964138713898e-06,6149,
198,0.001325562596321106,4.176745642325841e-05,2.5620679480198305e-06,6159,
198,,,,6168,0.0012972329277545214
199,0.001214137184433639,4.305620677769184e-05,2.5096808258240344e-06,6169,
199,0.0013217679224908352,4.2927309550577775e-05,2.525302761569037e-06,6179,
199,0.001278363517485559,4.107089989702217e-05,2.528928007450304e-06,6189,
199,0.0004695444949902594,2.4183824280044064e-05,1.3430123679825101e-08,6199,
199,,,,6199,0.0012727174907922745
200,0.001313217100687325,3.5925117117585614e-05,2.5221038413292263e-06,6209,
200,0.0012099869782105088,3.9779079088475555e-05,2.551507805037545e-06,6219,
200,0.0011571338400244713,3.4834982216125354e-05,2.474873781466158e-06,6229,
200,,,,6230,0.0012585113290697336
201,0.0012824984733015299,3.484599801595323e-05,2.486086714270641e-06,6239,
201,0.0011925194412469864,3.780769111472182e-05,2.4850260160746984e-06,6249,
201,0.0012142191408202052,3.889521394739859e-05,2.502965116946143e-06,6259,
201,,,,6261,0.0012491673696786165
202,0.0012357758823782206,3.434155587456189e-05,2.414442406006856e-06,6269,
202,0.0012390253832563758,3.515744538162835e-05,2.449616658850573e-06,6279,
202,0.0011961975833401084,3.301991819171235e-05,2.4657858830323676e-06,6289,
202,,,,6292,0.001255542621947825
203,0.0012674650643020868,3.352632120368071e-05,2.4101532289932948e-06,6299,
203,0.001251920242793858,3.427789488341659e-05,2.4435671548417304e-06,6309,
203,0.001229885034263134,3.2871666917344555e-05,2.435185251670191e-06,6319,
203,,,,6323,0.0012456155382096767
204,0.0014047293225303292,4.000292392447591e-05,2.4657895210111747e-06,6329,
204,0.0013953798916190863,3.326868682052009e-05,2.367873321418301e-06,6339,
204,0.0012659520143643022,3.661734444904141e-05,2.3875620627222816e-06,6349,
204,,,,6354,0.0013343592872843146
205,0.0012311437167227268,3.711876706802286e-05,2.4581756861152826e-06,6359,
205,0.0012361241970211267,3.366056262166239e-05,2.2658812213194324e-06,6369,
205,0.0012654144084081054,3.355852095410228e-05,2.4959265374491224e-06,6379,
205,,,,6385,0.001225983607582748
206,0.0012497601564973593,3.999386171926744e-05,2.4917349037423264e-06,6389,
206,0.0011285869404673576,3.557627132977359e-05,2.4578903321526013e-06,6399,
206,0.0011244643246755004,3.55899719579611e-05,2.437112470943248e-06,6409,
206,,,,6416,0.0012100605526939034
207,0.0012703901156783104,4.1658069676486775e-05,2.526138359826291e-06,6419,
207,0.0011629086220636964,5.008775769965723e-05,2.5761542019608896e-06,6429,
207,0.0011741213966161013,3.3789401641115546e-05,2.346966766708647e-06,6439,
207,,,,6447,0.0012000204296782613
208,0.0012278938665986061,4.051188443554565e-05,2.455565208947519e-06,6449,
208,0.0011968823382630944,3.456559716141783e-05,2.399277491349494e-06,6459,
208,0.001221704762428999,3.828806075034663e-05,2.435090209473856e-06,6469,
208,,,,6478,0.001191217452287674
209,0.0011192060774192214,3.949180245399475e-05,2.368604327784851e-06,6479,
209,0.0012520457385107875,4.008668111055158e-05,2.3891175260359887e-06,6489,
209,0.0011857348727062345,3.815187301370315e-05,2.429809001114336e-06,6499,
209,0.00042681803461164236,2.250465149700176e-05,1.2127015835972088e-08,6509,
209,,,,6509,0.0011899358360096812
210,0.001276660244911909,3.49174442817457e-05,2.458800736349076e-06,6519,
210,0.0011322892969474196,3.71920432371553e-05,2.447014821882476e-06,6529,
210,0.001095568179152906,3.250627196393907e-05,2.3572058580612065e-06,6539,
210,,,,6540,0.001254845759831369
211,0.001233875285834074,3.2347539672628045e-05,2.355856850044802e-06,6549,
211,0.0011526270536705852,3.580875272746198e-05,2.3692498416494345e-06,6559,
211,0.0011439741356298327,3.6246183299226686e-05,2.382260618105647e-06,6569,
211,,,,6571,0.0012277032947167754
212,0.0011610802030190825,3.225171167287044e-05,2.3332049750024453e-06,6579,
212,0.0011555806268006563,3.437205668888055e-05,2.3547968339698855e-06,6589,
212,0.0011240553576499224,3.165192174492404e-05,2.378324779783725e-06,6599,
212,,,,6602,0.0011663787299767137
213,0.001171956188045442,3.056694913539104e-05,2.3021045763016446e-06,6609,
213,0.0011636583367362618,3.2761814509285614e-05,2.361184897381463e-06,6619,
213,0.001164864981546998,3.173321601934731e-05,2.3449947548215277e-06,6629,
213,,,,6633,0.0011524028377607465
214,0.0011645123595371842,3.608547922340222e-05,2.403349526503007e-06,6639,
214,0.001089637284167111,3.0337338102981448e-05,2.3047273316478822e-06,6649,
214,0.001075714360922575,3.386292883078568e-05,2.2980884750722907e-06,6659,
214,,,,6664,0.0011506284354254603
215,0.0011189989745616913,3.5235745599493384e-05,2.377153805355192e-06,6669,
215,0.0011502904817461967,3.208031921531074e-05,2.1851085421076277e-06,6679,
215,0.001182497595436871,3.0836414225632325e-05,2.3739592052152148e-06,6689,
215,,,,6695,0.0011441048700362444
216,0.0012691195588558912,3.783855208894238e-05,2.3399920792144258e-06,6699,
216,0.0010528217535465956,3.330169784021564e-05,2.3470975065720268e-06,6709,
216,0.0010873859282582998,3.350650513311848e-05,2.369377853028709e-06,6719,
216,,,,6726,0.001359936548396945
217,0.001544404774904251,4.340849773143418e-05,2.5173019366775407e-06,6729,
217,0.001098925364203751,4.628199530998245e-05,2.4978969577205135e-06,6739,
217,0.0010808211518451571,3.087924778810702e-05,2.277338126077666e-06,6749,
217,,,,6757,0.0011280362959951162
218,0.0011642415774986148,3.9083166484488174e-05,2.376541260673548e-06,6759,
218,0.0011205363553017378,3.341290357639082e-05,2.315628307769657e-06,6769,
218,0.0011353931622579694,3.532945629558526e-05,2.335845238121692e-06,6779,
218,,,,6788,0.0011918818345293403
219,0.0011268993839621544,3.888223000103608e-05,2.3142927148001036e-06,6789,
219,0.0011564381420612335,3.752541306312196e-05,2.3216182398755336e-06,6799,
219,0.0011384377721697092,3.4508033422753215e-05,2.335126964680967e-06,6809,
219,0.0004096515185665339,2.1840482077095658e-05,1.1071016992048044e-08,6819,
219,,,,6819,0.0011198446154594421
220,0.0011505258735269308,3.290328459115699e-05,2.34396475207177e-06,6829,
220,0.0010811395477503538,3.5377983294893056e-05,2.3724392121948767e-06,6839,
220,0.0010127262212336063,3.110895704594441e-05,2.2800807073508622e-06,6849,
220,,,,6850,0.0011072310153394938
221,0.0011051801266148686,3.11783624056261e-05,2.2949991489440436e-06,6859,
221,0.0010487408144399524,3.4683060221141204e-05,2.2835290565126343e-06,6869,
221,0.0010722430888563395,3.4618489735294133e-05,2.3100553789845435e-06,6879,
221,,,,6881,0.0010961765656247735
222,0.0010816510766744614,2.9806627935613506e-05,2.2218416688701836e-06,6889,
222,0.0010845240904018283,3.243634637328796e-05,2.256303559988737e-06,6899,
222,0.0010595906060189009,3.0231682103476487e-05,2.2935303150006803e-06,6909,
222,,,,6912,0.00109172984957695
223,0.001143384724855423,2.9548171369242482e-05,2.232765382359503e-06,6919,
223,0.001109349774196744,3.078901136177592e-05,2.2889416868565604e-06,6929,
223,0.0010738520650193095,2.959804805868771e-05,2.2405861273000482e-06,6939,
223,,,,6943,0.0010981059167534113
224,0.0012175942538306117,3.392705912119709e-05,2.2879742118675495e-06,6949,
224,0.0011072802590206265,2.910446528403554e-05,2.21053596760612e-06,6959,
224,0.0010267783654853702,3.219343125238083e-05,2.208847263318603e-06,6969,
224,,,,6974,0.001198495039716363
225,0.0010581245878711343,3.207387271686457e-05,2.2934457319934154e-06,6979,
225,0.001084518269635737,2.9998947866261005e-05,2.1122525595274055e-06,6989,
225,0.001135804457589984,3.059941445826553e-05,2.324933802810847e-06,6999,
225,,,,7005,0.001067782985046506
226,0.0010510444408282638,3.498385558486916e-05,2.294254954904318e-06,7009,
226,0.00097802618984133,3.029044091817923e-05,2.2581582470593276e-06,7019,
226,0.0010027381358668208,3.0811246688244864e-05,2.2695471670886036e-06,7029,
226,,,,7036,0.0010877430904656649
227,0.0011535449884831905,3.853255111607723e-05,2.383900664426619e-06,7039,
227,0.0010316182160750031,4.409081520861946e-05,2.4120020043483237e-06,7049,
227,0.0010577486827969551,2.9591150450869463e-05,2.180699993914459e-06,7059,
227,,,,7067,0.0010568707948550582
228,0.0010880769696086645,3.7363039155025035e-05,2.2810129394201795e-06,7069,
228,0.0010551036102697253,3.170665877405554e-05,2.2265642201091396e-06,7079,
228,0.0010827905498445034,3.263511462137103e-05,2.2452738903666614e-06,7089,
228,,,,7098,0.001057566492818296
229,0.0010012295097112656,3.5920798836741596e-05,2.2001186152920127e-06,7099,
229,0.001152675598859787,3.69941808457952e-05,2.2191672996996203e-06,7109,
229,0.0010670976480469108,3.268579166615382e-05,2.2601157070312183e-06,7119,
229,0.00037200600490905344,2.0742420019814745e-05,1.028439733374853e-08,7129,
229,,,,7129,0.0010651390766724944
230,0.0011396096087992191,3.252354508731514e-05,2.300655523868045e-06,7139,
230,0.0010341198649257421,3.321314216009341e-05,2.3071770556271076e-06,7149,
230,0.0009546102373860776,2.9886237825849093e-05,2.2037781945982715e-06,7159,
230,,,,7160,0.001279869000427425
231,0.0010524732060730457,3.0515879188897088e-05,2.2389165224012686e-06,7169,
231,0.0009968341328203678,3.324893623357639e-05,2.2309432097245008e-06,7179,
231,0.0010014764266088605,3.208669659215957e-05,2.2320848529489012e-06,7189,
231,,,,7191,0.0010396920843049884
232,0.0010249610058963299,2.843407855834812e-05,2.154054300262942e-06,7199,
232,0.0010165392886847258,3.144473521388136e-05,2.1808541532664094e-06,7209,
232,0.0009961745236068964,2.901302468671929e-05,2.238174374724622e-06,7219,
232,,,,7222,0.0010857911547645926
233,0.0010780574521049857,2.68479543592548e-05,2.148606881746673e-06,7229,
233,0.0010437930468469858,3.0133129257592373e-05,2.222082002845127e-06,7239,
233,0.001015501911751926,2.8649577870965004e-05,2.175726649511489e-06,7249,
233,,,,7253,0.001019530463963747
234,0.001037820358760655,3.1192219466902316e-05,2.2528847694047727e-06,7259,
234,0.000962086662184447,2.7376203433959745e-05,2.1735866084782174e-06,7269,
234,0.0009557068115100265,3.0991952371550724e-05,2.130959046553471e-06,7279,
234,,,,7284,0.0010201017139479518
235,0.0009957459988072515,2.9608752811327577e-05,2.2136132429295685e-06,7289,
235,0.0010269827907904983,2.8478205422288738e-05,2.0506115561147453e-06,7299,
235,0.001050000311806798,2.9041630114079453e-05,2.2463236746261828e-06,7309,
235,,,,7315,0.0010118032805621624
236,0.0009923981269821525,3.320522955618799e-05,2.2190483832673635e-06,7319,
236,0.0009241406223736703,2.8298642064328305e-05,2.176786892960081e-06,7329,
236,0.0009627964464016259,2.9715787604800425e-05,2.216209168182104e-06,7339,
236,,,,7346,0.001009588479064405
237,0.0010594686027616262,3.677545100799762e-05,2.3088543912308523e-06,7349,
237,0.0009788135066628456,4.23183009843342e-05,2.355043307034066e-06,7359,
237,0.0009932861430570483,2.816458982124459e-05,2.1156454295123694e-06,7369,
237,,,,7377,0.001009726314805448
238,0.0010778920259326696,3.5893444874091074e-05,2.195009983552154e-06,7379,
238,0.0011092550121247768,3.2392559660365805e-05,2.2028903003956657e-06,7389,
238,0.0010305083123967052,3.0144456104608253e-05,2.1751352505816612e-06,7399,
238,,,,7408,0.001033443957567215
239,0.0009821997955441475,3.5931872844230384e-05,2.147516852346598e-06,7409,
239,0.0010452342685312033,3.5200282582081854e-05,2.162026703445008e-06,7419,
239,0.0010598733788356185,3.0530402000295e-05,2.1869864212931134e-06,7429,
239,0.00039771595038473606,2.0489727830863558e-05,9.445631832250001e-09,7439,
239,,,,7439,0.001205867389217019
240,0.0010975743643939495,3.0910803616279736e-05,2.211927267126157e-06,7449,
240,0.0009505916386842728,2.9419639758998528e-05,2.2265714960667538e-06,7459,
240,0.0009034431423060596,2.843533548002597e-05,2.1363111954997294e-06,7469,
240,,,,7470,0.0010089426068589091
241,0.0009856459219008684,2.9060058295726776e-05,2.1682956230506534e-06,7479,
241,0.0009368016617372632,3.185275636496954e-05,2.145341113646282e-06,7489,
241,0.0009425404132343829,3.077408473473042e-05,2.152776460206951e-06,7499,
241,,,,7501,0.0010659998515620828
242,0.000967897882219404,2.7423748178989626e-05,2.1150801785552176e-06,7509,
242,0.000965417711995542,3.072850449825637e-05,2.120309773090412e-06,7519,
242,0.0009571919217705727,2.8000880774925463e-05,2.192088004449033e-06,7529,
242,,,,7532,0.000996565562672913
243,0.001027977210469544,2.6385594537714496e-05,2.1124747036083136e-06,7539,
243,0.0009991817642003298,2.8817912607337348e-05,2.175045437979861e-06,7549,
243,0.0009745685383677483,2.747398139035795e-05,2.1214027583482675e-06,7559,
243,,,,7563,0.0010349515359848738
244,0.0010101567022502422,2.9580651244032197e-05,2.2019075913704e-06,7569,
244,0.0009058487485162914,2.642810250108596e-05,2.1137170733709354e-06,7579,
244,0.0009024939499795437,2.9910554076195695e-05,2.071219796562218e-06,7589,
244,,,,7594,0.0009615195449441671
245,0.000948494765907526,2.7716623662854545e-05,2.155674792447826e-06,7599,
245,0.0009762707632035017,2.7091829906567e-05,1.99305395653937e-06,7609,
245,0.0010045443195849657,2.8456852305680513e-05,2.1942241801298223e-06,7619,
245,,,,7625,0.0009662274969741702
246,0.0009403930162079632,3.1201401725411415e-05,2.159701807613601e-06,7629,
246,0.0008794937166385353,2.6652094675228e-05,2.1106468466314254e-06,7639,
246,0.0009063737816177309,2.9026106858509593e-05,2.1570397166215116e-06,7649,
246,,,,7656,0.0009534842101857066
247,0.001006205682642758,3.527197623043321e-05,2.264326667500427e-06,7659,
247,0.000928744615521282,3.910826126229949e-05,2.30369505516137e-06,7669,
247,0.0009317955700680614,2.6857893317355774e-05,2.0645300082833273e-06,7679,
247,,,,7687,0.0009506155620329082
248,0.0009959310991689563,3.504042615531944e-05,2.1522314455069136e-06,7689,
248,0.0009479217696934938,2.9558990718214773e-05,2.1118012227816507e-06,7699,
248,0.0009565842337906361,2.862752262444701e-05,2.0996410512452712e-06,7709,
248,,,,7718,0.0009563452913425863
249,0.0009108001249842346,3.447541894274764e-05,2.0756783669639844e-06,7719,
249,0.0010823886841535568,3.393400038476102e-05,2.093276862069615e-06,7729,
249,0.0009620905620977283,2.7682341169565916e-05,2.141425056834123e-06,7739,
249,0.0003324261342640966,1.930029975483194e-05,9.01554919607861e-09,7749,
249,,,,7749,0.0009749860619194806
250,0.0010177541989833117,3.1907096854411066e-05,2.1896416910749394e-06,7759,
250,0.0009386978927068412,2.8892869522678666e-05,2.1913663204031764e-06,7769,
250,0.0008510979823768139,2.7565620257519186e-05,2.0815941752516665e-06,7779,
250,,,,7780,0.0011364989914000034
251,0.0009418632253073156,2.89637828245759e-05,2.1171131265873555e-06,7789,
251,0.0008899520034901798,2.9330290999496356e-05,2.096378239002661e-06,7799,
251,0.0008919399697333574,2.8844329790445045e-05,2.100278607031214e-06,7809,
251,,,,7811,0.0009544455097056925
252,0.0009162459173239768,2.6156596504733898e-05,2.047541556748911e-06,7819,
252,0.0009081496391445398,2.946527092717588e-05,2.0567197225318523e-06,7829,
252,0.0009040793520398438,2.6690424419939518e-05,2.1355540411605034e-06,7839,
252,,,,7842,0.0010229836916550994
253,0.0010163742117583752,2.4671180653967895e-05,2.0442555523914052e-06,7849,
253,0.000956749718170613,2.8394340915838256e-05,2.121779516528477e-06,7859,
253,0.0009228798444382846,2.5917148377629928e-05,2.055673576251138e-06,7869,
253,,,,7873,0.0009452842641621828
254,0.0009597166208550334,2.85021433228394e-05,2.1270548131724354e-06,7879,
254,0.0008720852201804519,2.4870847482816316e-05,2.0533079805318266e-06,7889,
254,0.0008650590316392481,2.8576352633535862e-05,2.0232123461028095e-06,7899,
254,,,,7904,0.0010202168487012386
255,0.0009018983109854162,2.595420846773777e-05,2.108253966071061e-06,7909,
255,0.000945921812672168,2.6329245883971453e-05,1.949184024852002e-06,7919,
255,0.0009398036636412144,2.7755986593547277e-05,2.137454885087209e-06,7929,
255,,,,7935,0.0009375528898090124
256,0.0008977116085588932,3.022217788384296e-05,2.1180626390560064e-06,7939,
256,0.0008340970380231738,2.6005995096056722e-05,2.0639545255107805e-06,7949,
256,0.0008680371101945639,2.7880645575351082e-05,2.109621163981501e-06,7959,
256,,,,7966,0.0010151135502383113
257,0.0011035174829885364,3.573220965336077e-05,2.2511749193654396e-06,7969,
257,0.0008963687578216195,3.666728298412636e-05,2.2736962819180917e-06,7979,
257,0.0008873589104041457,2.723883699218277e-05,2.0425145521585364e-06,7989,
257,,,,7997,0.0009282705723308027
258,0.0009729327284730971,3.426172042964026e-05,2.1304417714418378e-06,7999,
258,0.0009027383057400584,2.845113158400636e-05,2.0724746718769893e-06,8009,
258,0.0009144181967712939,2.7842330382554792e-05,2.0537547698040726e-06,8019,
258,,,,8028,0.0010128358844667673
259,0.0009688690188340843,3.5304183256812394e-05,2.054721562672057e-06,8029,
259,0.0009938626317307353,3.2915722840698436e-05,2.0983761714887805e-06,8039,
259,0.0009114330750890076,2.632373434607871e-05,2.1066280169179663e-06,8049,
259,0.00032989366445690393,1.830876681196969e-05,8.661930728237621e-09,8059,
259,,,,8059,0.0009171942947432399
260,0.0009365549776703119,3.007689338119235e-05,2.1284795366227627e-06,8069,
260,0.0008635881822556257,2.8280801416258328e-05,2.145106236639549e-06,8079,
260,0.0008093504002317786,2.6909727239399217e-05,2.0362206214485923e-06,8089,
260,,,,8090,0.0010071948636323214
261,0.0008919041720218956,2.8366905098664574e-05,2.079084424622124e-06,8099,
261,0.0008466356666758657,2.73970599664608e-05,2.044579105131561e-06,8109,
261,0.0008467022562399507,2.762445728876628e-05,2.0445779682631837e-06,8119,
261,,,,8121,0.0009024235187098384
262,0.0008756390889175236,2.5602566893212497e-05,2.0074085114174522e-06,8129,
262,0.0008605970651842654,2.856708124454599e-05,2.004934231081279e-06,8139,
262,0.0008655225392431021,2.5352806915179826e-05,2.093794819302275e-06,8149,
262,,,,8152,0.000988199608400464
263,0.0009935979032889009,2.4543796826037578e-05,2.0136369585088687e-06,8159,
263,0.0009103302727453411,2.700109143916052e-05,2.066275101242354e-06,8169,
263,0.000879271887242794,2.435812530166004e-05,2.00845647668757e-06,8179,
263,,,,8183,0.0008932365453802049
264,0.0009066004422493279,2.7256788598606363e-05,2.0789752852579113e-06,8189,
264,0.0008247682126238942,2.4720726287341677e-05,2.0133188627369236e-06,8199,
264,0.0008152473601512611,2.6896354029304348e-05,1.9757903828576673e-06,8209,
264,,,,8214,0.00098281295504421
265,0.0008666914072819054,2.4434852093691006e-05,2.0681138721556636e-06,8219,
265,0.0009114500717259943,2.5899002139340155e-05,1.911635081341956e-06,8229,
265,0.0008904609712772071,2.6852590963244438e-05,2.090935595333576e-06,8239,
265,,,,8245,0.0008832966559566557
266,0.0008542449213564396,2.91465094051091e-05,2.0679872250184417e-06,8249,
266,0.000792212609667331,2.4757056962698698e-05,2.002999281103257e-06,8259,
266,0.0008311161655001342,2.773165761027485e-05,2.066849674520199e-06,8269,
266,,,,8276,0.0009743332047946751
267,0.0010694070952013135,3.434142854530364e-05,2.2107687982497737e-06,8279,
267,0.0008506415761075914,3.459076469880529e-05,2.2387559965864057e-06,8289,
267,0.0008380444487556815,2.684535320440773e-05,1.9907586192857707e-06,8299,
267,,,,8307,0.0008727607200853527
268,0.0009151956182904541,3.3471838833065704e-05,2.0851384761044756e-06,8309,
268,0.0008549257763661444,2.6901416276814416e-05,2.025294861596194e-06,8319,
268,0.0008685269276611507,2.7356227292330004e-05,2.0027521259180503e-06,8329,
268,,,,8338,0.0009619913180358708
269,0.0009198708576150239,3.468147770036012e-05,2.0039078663103282e-06,8339,
269,0.0009547278168611228,3.084294075961225e-05,2.0646932625822956e-06,8349,
269,0.0008640445885248482,2.559894710429944e-05,2.057236088148784e-06,8359,
269,0.0003165800007991493,1.8282580640516244e-05,8.25628099221376e-09,8369,
269,,,,8369,0.000863830151502043
270,0.0008930412586778402,2.912529271270614e-05,2.0807622149732197e-06,8379,
270,0.0008157217525877059,2.6502908440306783e-05,2.0943543859175406e-06,8389,
270,0.0007681805291213095,2.634626616782043e-05,1.9884007542714244e-06,8399,
270,,,,8400,0.0009536342113278806
271,0.0008525402517989278,2.830778066709172e-05,2.0452278022276005e-06,8409,
271,0.0008078977116383612,2.5739169359439984e-05,2.002098426601151e-06,8419,
271,0.0008097406825982034,2.686593506950885e-05,2.0004822545161005e-06,8429,
271,,,,8431,0.000854562793392688
272,0.0008346865070052445,2.5351899239467457e-05,1.9686290215759072e-06,8439,
272,0.0008135505486279726,2.694950671866536e-05,1.9596277525124606e-06,8449,
272,0.0008290592231787741,2.4445227609248832e-05,2.0553261492750607e-06,8459,
272,,,,8462,0.0009436762775294483
273,0.0009507848881185055,2.419034717604518e-05,1.9730603071366204e-06,8469,
273,0.0008717299206182361,2.564057649578899e-05,2.020614829234546e-06,8479,
273,0.0008356334874406457,2.3315838916460052e-05,1.969884124264354e-06,8489,
273,,,,8493,0.0008456018404103816
274,0.000861171807628125,2.628915899549611e-05,2.032812744801049e-06,8499,
274,0.000780328584369272,2.445196696498897e-05,1.973299049495836e-06,8509,
274,0.0007724178722128272,2.5188704967149533e-05,1.932074837895925e-06,8519,
274,,,,8524,0.0009329812601208687
275,0.0008249261300079525,2.337769365112763e-05,2.0271106677682837e-06,8529,
275,0.0008699664031155407,2.626036075525917e-05,1.8806875914378907e-06,8539,
275,0.0008453318732790649,2.582196975708939e-05,2.0514091829682e-06,8549,
275,,,,8555,0.0008375302422791719
276,0.000814589555375278,2.7846805096487515e-05,2.0221161776134977e-06,8559,
276,0.0007522914092987776,2.424856756988447e-05,1.95404868463811e-06,8569,
276,0.0007933723973110318,2.7329640943207778e-05,2.026803940680111e-06,8579,
276,,,,8586,0.0009226271649822593
277,0.0010167346335947514,3.214192111045122e-05,2.170924062738777e-06,8589,
277,0.0008042781846597791,3.304157144157216e-05,2.2026233637006953e-06,8599,
277,0.000801598303951323,2.659765050339047e-05,1.949781108123716e-06,8609,
277,,,,8617,0.0008300480549223721
278,0.0008625554037280381,3.305542850284837e-05,2.0378402041387744e-06,8619,
278,0.0008133114315569401,2.6077157599502243e-05,1.979505896088085e-06,8629,
278,0.0008268332458101213,2.7119083824800327e-05,1.956184178197873e-06,8639,
278,,,,8648,0.0009107038495130837
279,0.0008683932246640325,3.313232082291506e-05,1.952817001438234e-06,8649,
279,0.0009074396803043783,2.9143935535103083e-05,2.024452896876028e-06,8659,
279,0.0008194200927391648,2.5701849153847434e-05,2.011471224250272e-06,8669,
279,0.00030456288368441164,1.7798509361455217e-05,7.899093823482417e-09,8679,
279,,,,8679,0.000823274371214211
280,0.0008548950427211821,2.825479350576643e-05,2.0365012005640892e-06,8689,
280,0.0007763588218949735,2.569653770478908e-05,2.0563447833410464e-06,8699,
280,0.0007296533440239727,2.6040544980787672e-05,1.944105406437302e-06,8709,
280,,,,8710,0.0008986157481558621
281,0.000815748586319387,2.7963511456619017e-05,2.0140430478932103e-06,8719,
281,0.0007662134012207389,2.5502245989628136e-05,1.957695531018544e-06,8729,
281,0.0007638743845745921,2.6037105271825567e-05,1.953560740730609e-06,8739,
281,,,,8741,0.0008152281516231596
282,0.0007879382465034723,2.5031524273799732e-05,1.9321371382829966e-06,8749,
282,0.0007736702100373805,2.528751610952895e-05,1.917026111186715e-06,8759,
282,0.000794829917140305,2.413549918856006e-05,2.0228681023581885e-06,8769,
282,,,,8772,0.0008867853903211653
283,0.0008926215814426541,2.4040140488068573e-05,1.9276972125226166e-06,8779,
283,0.0008310519042424858,2.489550934114959e-05,1.9858143787132576e-06,8789,
283,0.000794491614215076,2.2187148715602234e-05,1.927732228068635e-06,8799,
283,,,,8803,0.000806750322226435
284,0.0008208769140765071,2.5951705538318492e-05,1.9894739580195164e-06,8809,
284,0.0007421561167575419,2.3530752514488995e-05,1.9368694665899966e-06,8819,
284,0.0007343054749071598,2.3943959604366682e-05,1.889851091618766e-06,8829,
284,,,,8834,0.0008778491755947471
285,0.000779061927460134,2.2838508812128566e-05,1.983473339350894e-06,8839,
285,0.000831524608656764,2.5446192012168467e-05,1.8442269720253535e-06,8849,
285,0.0008011396857909858,2.4744555048528127e-05,2.0160416625003563e-06,8859,
285,,,,8865,0.000798214168753475
286,0.0007763604517094791,2.6248219000990503e-05,1.983219817702775e-06,8869,
286,0.0007148378645069897,2.4343271434190683e-05,1.907575324366917e-06,8879,
286,0.0007584486738778651,2.6190216885879636e-05,1.9864207843056647e-06,8889,
286,,,,8896,0.0008698158781044185
287,0.000953853887040168,3.0440180125879124e-05,2.1306298094714293e-06,8899,
287,0.0007629868341609836,3.146706512779929e-05,2.168194896512432e-06,8909,
287,0.0007641770062036812,2.6202240405837074e-05,1.9107685602648417e-06,8919,
287,,,,8927,0.0007908823317848146
288,0.0008173183305189013,3.11888252326753e-05,1.9933556814066833e-06,8929,
288,0.0007749549695290625,2.5529245249344967e-05,1.9320934825373115e-06,8939,
288,0.0007907740073278546,2.651290560606867e-05,1.9112615063932026e-06,8949,
288,,,,8958,0.0008634625701233745
289,0.000819551118183881,3.200025821570307e-05,1.9048010244659963e-06,8959,
289,0.0008599546854384243,2.783648051263299e-05,1.9796518699877197e-06,8969,
289,0.0007792235701344907,2.537024556659162e-05,1.9619346858235076e-06,8979,
289,0.00029252597596496344,1.696997605904471e-05,7.617026120954051e-09,8989,
289,,,,8989,0.0007849842077121139
290,0.0008154652896337211,2.775788016151637e-05,1.9990889086329844e-06,8999,
290,0.0007418927270919085,2.4885497623472475e-05,2.0132461031607818e-06,9009,
290,0.0006980430334806442,2.6168518161284737e-05,1.9014396457350813e-06,9019,
290,,,,9020,0.0008548737387172878
291,0.0007763353642076254,2.6999807232641615e-05,1.9681363028212218e-06,9029,
291,0.0007277601398527622,2.566829789429903e-05,1.9175558918504976e-06,9039,
291,0.0007270450005307794,2.6162131689488888e-05,1.9161473119311268e-06,9049,
291,,,,9051,0.0007805050117895007
292,0.0007467811810784042,2.4614379071863368e-05,1.8974334352606093e-06,9059,
292,0.0007319891592487693,2.4693799787200987e-05,1.878183638837072e-06,9069,
292,0.0007570019224658608,2.3633136152056977e-05,1.982441062864382e-06,9079,
292,,,,9082,0.000843870104290545
293,0.0008405284024775028,2.4264327294076793e-05,1.901627229017322e-06,9089,
293,0.0007854412542656064,2.3838874767534435e-05,1.9503149815136567e-06,9099,
293,0.0007526941481046379,2.1407446183729917e-05,1.8851626464311266e-06,9109,
293,,,,9113,0.0007760474691167474
294,0.0008035068167373538,2.5822067982517183e-05,1.9595488538470818e-06,9119,
294,0.0007132627069950104,2.350278191443067e-05,1.9061624243477127e-06,9129,
294,0.000700536067597568,2.3118262106436305e-05,1.8460294768374297e-06,9139,
294,,,,9144,0.0008316960884258151
295,0.0007460066117346287,2.2546251784660853e-05,1.9437034097791184e-06,9149,
295,0.0007938157068565488,2.3916192731121555e-05,1.8043780301013612e-06,9159,
295,0.0007598809897899628,2.3878919819253497e-05,1.9820884062937694e-06,9169,
295,,,,9175,0.0007709364872425795
296,0.0007308421772904694,2.5450877728872e-05,1.946150177900563e-06,9179,
296,0.0006784085999242961,2.4035969545366243e-05,1.8462139905750519e-06,9189,
296,0.0007263799197971821,2.5423238184885122e-05,1.949422085090191e-06,9199,
296,,,,9206,0.0008191162487491965
297,0.0008602984598837793,2.87013372144429e-05,2.0815680272789905e-06,9209,
297,0.0007214811048470438,3.0338122087414376e-05,2.128167352566379e-06,9219,
297,0.0007290333160199225,2.5656123398221098e-05,1.8708316247284529e-06,9229,
297,,,,9237,0.0007654472719877958
298,0.0008000851958058774,3.0112558306427673e-05,1.957122094609076e-06,9239,
298,0.000738508824724704,2.4865757950465195e-05,1.8841499240807025e-06,9249,
298,0.0007480796193704009,2.575267899374012e-05,1.8575999547465472e-06,9259,
298,,,,9268,0.000807009229902178
299,0.0007614365895278752,3.0894792871549726e-05,1.8547906392996083e-06,9269,
299,0.000803619041107595,2.6636262191459537e-05,1.9333540421939688e-06,9279,
299,0.0007395700667984784,2.4655984816490673e-05,1.9109743334411178e-06,9289,
299,0.00028359945281408727,1.646752753003966e-05,7.310485994338478e-09,9299,
299,,,,9299,0.0007592145120725036
300,0.0007851209375075996,2.7278549168840982e-05,1.9650253761938075e-06,9309,
300,0.0007113518659025431,2.480319562891964e-05,1.972722657228587e-06,9319,
300,0.0006586371455341578,2.5898698368109763e-05,1.851371393968293e-06,9329,
300,,,,9330,0.0007948148995637894
301,0.0007365517667494714,2.611951276776381e-05,1.922157025546767e-06,9339,
301,0.0006884814938530326,2.5151068257400766e-05,1.8673061958907056e-06,9349,
301,0.0006849479395896196,2.7037240215577185e-05,1.8699201973504387e-06,9359,
301,,,,9361,0.0007522673695348203
302,0.0007100646616891026,2.4145005227182992e-05,1.8588034436106682e-06,9369,
302,0.0006937147700227797,2.4409162506344728e-05,1.8397832945993287e-06,9379,
302,0.0007189541356638074,2.352342380618211e-05,1.944910763995722e-06,9389,
302,,,,9392,0.0007831153925508261
303,0.000778792193159461,2.417575888102874e-05,1.8555142560217064e-06,9399,
303,0.0007426938391290605,2.3418104319716804e-05,1.9133815385430353e-06,9409,
303,0.0007142361719161272,2.1471298168762587e-05,1.8457742498867447e-06,9419,
303,,,,9423,0.0007443561917170882
304,0.0007710026111453772,2.571184086264111e-05,1.912731931952294e-06,9429,
304,0.000680162338539958,2.299961488461122e-05,1.8568407540442422e-06,9439,
304,0.0006652618758380413,2.2760241336072795e-05,1.8032249045063509e-06,9449,
304,,,,9454,0.0007713306695222855
305,0.0007073540473356843,2.2799305952503346e-05,1.9045568251385703e-06,9459,
305,0.0007465172675438225,2.313048389623873e-05,1.7640667238083552e-06,9469,
305,0.0007195762591436505,2.2854586859466508e-05,1.9427077404543525e-06,9479,
305,,,,9485,0.0007357380236499012
306,0.0006880795699544251,2.5132543669315055e-05,1.907432761072414e-06,9489,
306,0.0006425852770917118,2.435347778373398e-05,1.7939685221790569e-06,9499,
306,0.0006905098562128842,2.4769746232777834e-05,1.9013289147551404e-06,9509,
306,,,,9516,0.0007603471749462187
307,0.0007990101003088057,2.7424815925769508e-05,2.033384134847438e-06,9519,
307,0.0006828916957601905,2.9589495170512237e-05,2.0852164652751526e-06,9529,
307,0.0006969301030039787,2.5157019990729168e-05,1.8276205082656816e-06,9539,
307,,,,9547,0.0007274412200786173
308,0.0007616254151798785,2.881710861402098e-05,1.906664579109929e-06,9549,
308,0.0006956291035749018,2.5089237169595435e-05,1.82790950020717e-06,9559,
308,0.0007065754034556448,2.51551391556859e-05,1.8046702052743058e-06,9569,
308,,,,9578,0.0007511160220019519
309,0.0007046200335025787,2.913899334089365e-05,1.8033468904832262e-06,9579,
309,0.0007494883611798286,2.584407957328949e-05,1.888406700345513e-06,9589,
309,0.000700636999681592,2.4280005163745955e-05,1.8583165228847065e-06,9599,
309,0.0002770495193544775,1.6166959539987147e-05,7.035487303852506e-09,9609,
309,,,,9609,0.0007197285885922611
310,0.0007482451619580388,2.6255043849232607e-05,1.911088929773541e-06,9619,
310,0.000669495842885226,2.5271327103837393e-05,1.926250888573122e-06,9629,
310,0.0006209082785062492,2.5852392354863696e-05,1.7989028719966882e-06,9639,
310,,,,9640,0.0007416305597871542
311,0.0006964964559301734,2.511388447601348e-05,1.880350964711397e-06,9649,
311,0.0006500112358480692,2.4823693820508197e-05,1.8127645944332471e-06,9659,
311,0.0006411367794498801,2.7861789931193925e-05,1.8189950878877426e-06,9669,
311,,,,9671,0.0007114635081961751
312,0.0006794103537686169,2.3727354346192442e-05,1.8188537751484546e-06,9679,
312,0.000655858195386827,2.521519854781218e-05,1.7926197415363276e-06,9689,
312,0.0006795088411308825,2.412306457699742e-05,1.9044206283069798e-06,9699,
312,,,,9702,0.0007315215189009905
313,0.0007368867518380284,2.4288940039696172e-05,1.8194746189692523e-06,9709,
313,0.0007035142625682056,2.3477272407035343e-05,1.868085178102774e-06,9719,
313,0.0006770957843400538,2.2221303879632615e-05,1.8081246935253148e-06,9729,
313,,,,9733,0.0007030193228274584
314,0.0007205848814919591,2.6441377485753037e-05,1.8574514797364827e-06,9739,
314,0.0006416231044568121,2.2496022211271338e-05,1.7962282754524495e-06,9749,
314,0.0006285656709223986,2.2453206838690676e-05,1.7532390756969107e-06,9759,
314,,,,9764,0.0007222776766866446
315,0.0006691883900202811,2.322546970390249e-05,1.863205056906736e-06,9769,
315,0.0007054311572574079,2.2469175746664405e-05,1.7227923763130093e-06,9779,
315,0.0006804116419516504,2.2402537069865502e-05,1.901090172395925e-06,9789,
315,,,,9795,0.0006948073278181255
316,0.0006484450423158705,2.5443261620239355e-05,1.8677214939089026e-06,9799,
316,0.000603869732003659,2.4233164367615245e-05,1.746188672768767e-06,9809,
316,0.0006539979949593544,2.409895751043223e-05,1.8493183233658783e-06,9819,
316,,,,9826,0.0007130809826776385
317,0.0007540873484686017,2.7416632292442955e-05,1.9853171124850633e-06,9829,
317,0.0006475814152508974,2.955027412099298e-05,2.0414297523529967e-06,9839,
317,0.0006625989335589111,2.470541039656382e-05,1.7826464500103611e-06,9849,
317,,,,9857,0.0006864669267088175
318,0.0007137687643989921,2.8624750484596007e-05,1.851383672146767e-06,9859,
318,0.0006549151730723679,2.6280598831363022e-05,1.7704483070701826e-06,9869,
318,0.0006653002346865833,2.4975064661703072e-05,1.7507084066892276e-06,9879,
318,,,,9888,0.0007039076299406588
319,0.0006571710691787302,2.8401147574186325e-05,1.7529209799249656e-06,9889,
319,0.0007037172326818109,2.6049669031635858e-05,1.8460833643985097e-06,9899,
319,0.0006629647105000913,2.4273291273857467e-05,1.8052627410725108e-06,9909,
319,0.00026739234453998506,1.5585870642098598e-05,6.815810138505185e-09,9919,
319,,,,9919,0.000678443699143827
320,0.0007112031453289092,2.6304001949029043e-05,1.8601577949084458e-06,9929,
320,0.0006278118817135692,2.559736640250776e-05,1.8770895167108392e-06,9939,
320,0.0005836313357576728,2.5292087229900062e-05,1.7449752931497642e-06,9949,
320,,,,9950,0.0006950072129257023
321,0.0006584678194485605,2.446043617965188e-05,1.8383838096269756e-06,9959,
321,0.0006129758548922837,2.499768561392557e-05,1.7573522654856788e-06,9969,
321,0.0006033960380591452,2.7738851713365875e-05,1.7695278984319884e-06,9979,
321,,,,9981,0.0006704825209453702
322,0.0006423528539016843,2.3456057533621788e-05,1.7774120806279825e-06,9989,
322,0.0006192509899847209,2.611880518088583e-05,1.744571477502177e-06,9999,
322,0.00064217543695122,2.4733410100452602e-05,1.8615228327689692e-06,10009,
322,,,,10012,0.0006859739078208804
323,0.000689599197357893,2.4341450625797734e-05,1.7674716445981176e-06,10019,
323,0.0006632694276049733,2.4123995899572037e-05,1.8180954839408514e-06,10029,
323,0.0006399440462701023,2.3250910089700483e-05,1.7670826082394342e-06,10039,
323,,,,10043,0.0006627231487073004
324,0.0006738349329680204,2.7096859412267804e-05,1.804169414754142e-06,10049,
324,0.0006037445273250341,2.286472408741247e-05,1.7397217106918106e-06,10059,
324,0.0005922077689319849,2.290972406626679e-05,1.7035080190908047e-06,10069,
324,,,,10074,0.0006771944463253021
325,0.0006343226414173841,2.3872151359682903e-05,1.8195665916209691e-06,10079,
325,0.00066509994212538,2.183380456699524e-05,1.6779540601419285e-06,10089,
325,0.0006414438248611987,2.2665835786028765e-05,1.8573903162177885e-06,10099,
325,,,,10105,0.0006551938713528216
326,0.000611831434071064,2.5885101422318257e-05,1.825544131861534e-06,10109,
326,0.0005683880299329758,2.4032435248955153e-05,1.6996979184114025e-06,10119,
326,0.0006178763578645885,2.3837012122385204e-05,1.797877075659926e-06,10129,
326,,,,10136,0.0006684535765089095
327,0.0007062316872179508,2.757491711236071e-05,1.9247806903877063e-06,10139,
327,0.0006126349908299744,2.8942135031684302e-05,1.9920225895475596e-06,10149,
327,0.0006294701597653329,2.420318742224481e-05,1.7358430568492622e-06,10159,
327,,,,10167,0.0006477173301391304
328,0.0006662505911663175,2.8696913432213478e-05,1.7955699149752036e-06,10169,
328,0.000616998877376318,2.7212681743549183e-05,1.7112801060648053e-06,10179,
328,0.0006248750723898411,2.478108581271954e-05,1.6940805380727397e-06,10189,
328,,,,10198,0.0006598408799618483
329,0.0006130351102910936,2.8125496100983582e-05,1.7033252106557484e-06,10199,
329,0.0006584640359506011,2.6797966711455956e-05,1.801342250473681e-06,10209,
329,0.0006243945099413395,2.4388127712882124e-05,1.7489155652583577e-06,10219,
329,0.0002571297518443316,1.486134442529874e-05,6.655636930474884e-09,10229,
329,,,,10229,0.0006404415471479297
330,0.0006736377254128456,2.7360327294445597e-05,1.8088792330672732e-06,10239,
330,0.0005883091944269836,2.588332245068159e-05,1.8258361933476408e-06,10249,
330,0.0005466584116220474,2.469649007252883e-05,1.6898488865990657e-06,10259,
330,,,,10260,0.0006515076383948326
331,0.0006203047232702374,2.445220889057964e-05,1.7940654970516334e-06,10269,
331,0.0005786410183645785,2.5572719096089713e-05,1.7024610770022264e-06,10279,
331,0.0005700392066501081,2.740723175520543e-05,1.7164990140372538e-06,10289,
331,,,,10291,0.0006331631448119879
332,0.000599420047365129,2.363677413086407e-05,1.731351744638232e-06,10299,
332,0.0005826331907883286,2.6755602448247373e-05,1.6965063878160436e-06,10309,
332,0.0006050012307241559,2.4770391974016093e-05,1.8143698525818763e-06,10319,
332,,,,10322,0.0006432441296055913
333,0.0006444362225010991,2.417774339846801e-05,1.7117998822868685e-06,10329,
333,0.0006230694125406444,2.4841267077135853e-05,1.7590078869034187e-06,10339,
333,0.0006030918448232114,2.43034210143378e-05,1.7192111272379407e-06,10349,
333,,,,10353,0.0006258279900066555
334,0.0006302777328528464,2.7389240131014958e-05,1.7529287106299307e-06,10359,
334,0.0005675866850651801,2.360007601964753e-05,1.6839735508256126e-06,10369,
334,0.000556711689569056,2.385361040069256e-05,1.6512475440322305e-06,10379,
334,,,,10384,0.000635128584690392
335,0.0006019209395162761,2.4758472136454657e-05,1.7753820884536253e-06,10389,
335,0.0006270797457545996,2.1675989046343602e-05,1.6310036698996555e-06,10399,
335,0.0006046963972039521,2.3845785108278506e-05,1.8116802493750583e-06,10409,
335,,,,10415,0.0006184667581692338
336,0.0005878055817447603,2.599405161163304e-05,1.7919015817824402e-06,10419,
336,0.0005335846799425781,2.4261982616735622e-05,1.6510291516169673e-06,10429,
336,0.0005809002905152738,2.415685412415769e-05,1.742565473250579e-06,10439,
336,,,,10446,0.0006271725287660956
337,0.000663598591927439,2.836431667674333e-05,1.8585338921184302e-06,10449,
337,0.0005802983068861067,2.8428674340830185e-05,1.939694129760028e-06,10459,
337,0.000597081205341965,2.3770406187395565e-05,1.690577732915699e-06,10469,
337,,,,10477,0.0006112648406997323
338,0.0006255796761251986,2.9218606869108044e-05,1.7549486983625684e-06,10479,
338,0.0005831003654748201,2.760636380116921e-05,1.6529771755813272e-06,10489,
338,0.0005856466013938189,2.482306990714278e-05,1.6336010730810813e-06,10499,
338,,,,10508,0.0006194758461788297
339,0.0005729924305342138,2.7962303647655062e-05,1.6526576018804917e-06,10509,
339,0.0006149554392322898,2.766154648270458e-05,1.7553902580402792e-06,10519,
339,0.0005872991750948131,2.4419021428911947e-05,1.6918263554543955e-06,10529,
339,0.0002451628097333014,1.4722538253408857e-05,6.552558939887376e-09,10539,
339,,,,10539,0.0006042362074367702
340,0.0006349872564896941,2.8986285542487167e-05,1.7542712384965853e-06,10549,
340,0.000549943302758038,2.649223642947618e-05,1.772681571310386e-06,10559,
340,0.0005131496000103652,2.4473114535794593e-05,1.634954173823644e-06,10569,
340,,,,10570,0.0006118505843915045
341,0.000581743021029979,2.5048049792530946e-05,1.744370592859923e-06,10579,
341,0.0005459132953546941,2.6393221560283564e-05,1.6494919918841333e-06,10589,
341,0.0005392775638028979,2.732029497565236e-05,1.6652376189085771e-06,10599,
341,,,,10601,0.0005971116479486227
342,0.0005628662183880806,2.5103188818320632e-05,1.6904381254789769e-06,10609,
342,0.0005485319998115301,2.779739224934019e-05,1.647514295655128e-06,10619,
342,0.0005673601408489048,2.4899773052311502e-05,1.759246629262634e-06,10629,
342,,,,10632,0.0006041169981472194
343,0.0006011520745232701,2.4171460609068163e-05,1.6537813962713699e-06,10639,
343,0.000584710156545043,2.56458642979851e-05,1.699357540019264e-06,10649,
343,0.0005682951305061579,2.5179606382152997e-05,1.668185404923861e-06,10659,
343,,,,10663,0.000589993258472532
344,0.0005880747339688241,2.7919235435547307e-05,1.704530063761922e-06,10669,
344,0.0005334665765985847,2.480915281921625e-05,1.628781433282711e-06,10679,
344,0.0005243713967502117,2.511951061023865e-05,1.596869765307929e-06,10689,
344,,,,10694,0.0005965085583738983
345,0.000571405456867069,2.5679037207737565e-05,1.7288710978391464e-06,10699,
345,0.0005862195394001901,2.231938560726121e-05,1.584334881954419e-06,10709,
345,0.000569570402149111,2.55374707194278e-05,1.7634997675486375e-06,10719,
345,,,,10725,0.0005829775473102927
346,0.0005656146677210927,2.710870285227429e-05,1.7615603837839444e-06,10729,
346,0.0005020202952437103,2.5178955183946528e-05,1.607350441190647e-06,10739,
346,0.0005452183540910482,2.4885162929422222e-05,1.6872488686203724e-06,10749,
346,,,,10756,0.0005890342872589827
347,0.0006240428192541003,2.9794444344588555e-05,1.7870718238555128e-06,10759,
347,0.000548851618077606,2.8600783480214886e-05,1.8848426179829403e-06,10769,
347,0.0005645275232382119,2.431833308946807e-05,1.6469158481413615e-06,10779,
347,,,,10787,0.0005759549676440656
348,0.00058986950898543,3.0328619686770253e-05,1.7160771221824689e-06,10789,
348,0.0005528932088054717,2.8521642889245413e-05,1.6003805285436101e-06,10799,
348,0.0005514016374945641,2.5607572752051055e-05,1.5776785176058183e-06,10809,
348,,,,10818,0.0005815375479869545
349,0.0005359806818887591,2.8616530471481383e-05,1.60214642619394e-06,10819,
349,0.0005717614549212158,2.8738217224599794e-05,1.7093700535042444e-06,10829,
349,0.0005520532722584903,2.5034634745679796e-05,1.6358212633349467e-06,10839,
349,0.00023290797253139317,1.522398270026315e-05,6.478786396257874e-09,10849,
349,,,,10849,0.0005688641685992479
350,0.0006003878079354763,3.049235419894103e-05,1.7032435835062643e-06,10859,
350,0.0005147868650965393,2.7367903385311365e-05,1.716787664918229e-06,10869,
350,0.00048188003711402416,2.4887302060960792e-05,1.5831466271265526e-06,10879,
350,,,,10880,0.000574079982470721
351,0.0005430035525932908,2.612066236906685e-05,1.6890531924218521e-06,10889,
351,0.000514164799824357,2.762191252259072e-05,1.5984661558832158e-06,10899,
351,0.0005082131829112768,2.7568472432903945e-05,1.6137829561557737e-06,10909,
351,,,,10911,0.000561650434974581
352,0.0005337223410606384,2.759308881650213e-05,1.6504319546584156e-06,10919,
352,0.0005177513812668622,2.8983571610297076e-05,1.5992317230484332e-06,10929,
352,0.0005335041787475348,2.5618688596296124e-05,1.7033027006618795e-06,10939,
352,,,,10942,0.0005666211945936084
353,0.0005570317734964192,2.4901846700231545e-05,1.5951166005834239e-06,10949,
353,0.000548307434655726,2.655484240676742e-05,1.6399128526245477e-06,10959,
353,0.0005361667717806995,2.6109210011782125e-05,1.6178267969735316e-06,10969,
353,,,,10973,0.0005539997946470976
354,0.0005486604059115052,2.9285214623087086e-05,1.6609077420071117e-06,10979,
354,0.0005010132445022464,2.6979263566317968e-05,1.574580664964742e-06,10989,
354,0.000494166393764317,2.641504761413671e-05,1.5433467979164561e-06,10999,
354,,,,11004,0.0005587502964772284
355,0.0005413356702774763,2.707172643567901e-05,1.682065430941293e-06,11009,
355,0.0005454332567751408,2.3633632736164145e-05,1.5398238701891387e-06,11019,
355,0.0005380361108109355,2.7263551601208746e-05,1.71684200722666e-06,11029,
355,,,,11035,0.0005448907613754272
356,0.0005397420609369874,2.852985380741302e-05,1.7270426724280696e-06,11039,
356,0.00047184922732412815,2.7134728952660225e-05,1.5678326690249378e-06,11049,
356,0.0005100860726088285,2.6537260055192746e-05,1.6330856169588515e-06,11059,
356,,,,11066,0.0005488208844326437
357,0.0005854652845300734,3.1038420274853706e-05,1.7157918819066253e-06,11069,
357,0.0005210339440964162,2.9608218028442934e-05,1.8313918417334207e-06,11079,
357,0.0005332825239747763,2.6201654691249132e-05,1.605925149306131e-06,11089,
357,,,,11097,0.0005314123118296266
358,0.0005362320225685835,3.0250550480559468e-05,1.652723653933208e-06,11099,
358,0.0005207947688177228,2.9842338335583918e-05,1.5508417163800914e-06,11109,
358,0.0005181183223612607,2.6555120712146163e-05,1.5228151823976077e-06,11119,
358,,,,11128,0.000535476254299283
359,0.000491858460009098,2.9564223950728774e-05,1.5506473118875874e-06,11129,
359,0.0005178843275643885,2.9063221518299542e-05,1.6545402559131617e-06,11139,
359,0.0005197596037760377,2.6255749617121182e-05,1.5787227312102914e-06,11149,
359,0.00021574422135017812,1.6611429600743577e-05,6.317431910929372e-09,11159,
359,,,,11159,0.0005213359254412353
360,0.0005676666623912752,3.179618943249807e-05,1.6574019809922902e-06,11169,
360,0.0004818947927560657,2.7588484954321757e-05,1.6561963320782525e-06,11179,
360,0.00045280036283656955,2.6011755835497752e-05,1.5338766843342455e-06,11189,
360,,,,11190,0.0005240716855041683
361,0.0005080735427327454,2.7857260647579096e-05,1.6305849612763268e-06,11199,
361,0.00048657169099897146,2.8416290660970844e-05,1.5489061979678809e-06,11209,
361,0.0004739624564535916,2.8754968298017047e-05,1.5628022538294317e-06,11219,
361,,,,11221,0.0005183407920412719
362,0.000501308823004365,2.9017397537245415e-05,1.5975227825038019e-06,11229,
362,0.0004863631329499185,2.9291504688444547e-05,1.5534398016825435e-06,11239,
362,0.0005089201731607318,2.647495421115309e-05,1.6443913182229153e-06,11249,
362,,,,11252,0.0005152049125172198
363,0.0005068060709163547,2.8020658646710217e-05,1.5465225260413717e-06,11259,
363,0.0005093042273074389,2.811269041558262e-05,1.5854801631576265e-06,11269,
363,0.0005169958458282053,2.759542257990688e-05,1.5739785794721683e-06,11279,
363,,,,11283,0.0005130474455654621
364,0.000514483021106571,3.206946712452918e-05,1.639460606384091e-06,11289,
364,0.000466962403152138,2.7298741770209745e-05,1.5142959455261007e-06,11299,
364,0.0004697937401942909,2.699684409890324e-05,1.4893214483890915e-06,11309,
364,,,,11314,0.0005125373718328774
365,0.000522140646353364,2.907705493271351e-05,1.6455167042295216e-06,11319,
365,0.0005110763595439494,2.6797415557666682e-05,1.50276355270762e-06,11329,
365,0.0005024838610552251,2.7897262043552473e-05,1.6537134115424124e-06,11339,
365,,,,11345,0.0005151227815076709
366,0.0005070494953542948,2.935335760412272e-05,1.6796898307802621e-06,11349,
366,0.00044390209950506687,2.721601413213648e-05,1.5275435316652874e-06,11359,
366,0.00048101277207024395,2.781301191134844e-05,1.5781314459673013e-06,11369,
366,,,,11376,0.0005077266250737011
367,0.0005513127543963492,3.112815829808824e-05,1.655827304603008e-06,11379,
367,0.00048789786524139345,3.0352146495715715e-05,1.7720434470902546e-06,11389,
367,0.0005010620807297528,2.9058825020911172e-05,1.5699922641942976e-06,11399,
367,,,,11407,0.0005071002524346113
368,0.0005004772101528943,2.8701584597001784e-05,1.5917578366497764e-06,11409,
368,0.0004897406906820834,2.8261454644962214e-05,1.5088342024682788e-06,11419,
368,0.00048584191245026886,2.7301384761813097e-05,1.47843627473776e-06,11429,
368,,,,11438,0.0005043286364525557
369,0.0004622626584023237,2.967654108942952e-05,1.5010330116638215e-06,11439,
369,0.0004976890049874783,3.0374902053154074e-05,1.6050605609052582e-06,11449,
369,0.0004989278386346996,2.75248457910493e-05,1.5359056533270632e-06,11459,
369,0.00020817243785131723,1.66703321156092e-05,6.172416799898883e-09,11469,
369,,,,11469,0.0005054649664089084
370,0.0005516476812772453,3.190264760632999e-05,1.6529477306903573e-06,11479,
370,0.0004616156511474401,2.818034954543691e-05,1.6097303614515113e-06,11489,
370,0.0004320397856645286,2.838173895725049e-05,1.5015887129266048e-06,11499,
370,,,,11500,0.0005037249648012221
371,0.0004813355044461787,2.9685921617783606e-05,1.5868401987972902e-06,11509,
371,0.000462374126072973,2.8869670131825842e-05,1.5111908169274102e-06,11519,
371,0.00044715634430758655,3.0536848498741165e-05,1.526438268228958e-06,11529,
371,,,,11531,0.00048878911184147
372,0.0004698414704762399,2.9391239877440967e-05,1.553078959659615e-06,11539,
372,0.00045563001185655594,2.929827314801514e-05,1.5172792018347536e-06,11549,
372,0.00047776507562957704,2.9399412596831098e-05,1.6014413404263905e-06,11559,
372,,,,11562,0.0004885621601715684
373,0.0004736334958579391,3.034176552318968e-05,1.4957759049138986e-06,11569,
373,0.0004787617363035679,3.0132534448057413e-05,1.5346282680184231e-06,11579,
373,0.00048871646868065,2.8451429898268543e-05,1.526576625110465e-06,11589,
373,,,,11593,0.0004863052745349705
374,0.000476820336189121,3.185899186064489e-05,1.5941187712087412e-06,11599,
374,0.0004414011200424284,2.838231739588082e-05,1.4700900692332652e-06,11609,
374,0.00044627985334955156,2.9958919185446575e-05,1.4507697869703406e-06,11619,
374,,,,11624,0.0004825128416996449
375,0.0004983071703463793,3.267137071816251e-05,1.609994683349214e-06,11629,
375,0.00047798879677429795,3.003501296916511e-05,1.4695252730234643e-06,11639,
375,0.00047439782065339386,2.8480424589361064e-05,1.6115681091832812e-06,11649,
375,,,,11655,0.00047954448382370174
376,0.0004676132230088115,3.076561915804632e-05,1.6255235095741227e-06,11659,
376,0.00042237702291458845,2.856732862710487e-05,1.5095350818228326e-06,11669,
376,0.00045365531696006656,3.066820136155002e-05,1.5434454780915985e-06,11679,
376,,,,11686,0.00048217090079560876
377,0.0005178636056371033,3.001509867317509e-05,1.602180759618932e-06,11689,
377,0.0004632209602277726,3.3348358556395397e-05,1.7329588217762648e-06,11699,
377,0.00047188642201945186,2.8889509849250317e-05,1.5306670775316888e-06,11709,
377,,,,11717,0.00048438276280649006
378,0.0005055356887169182,2.896463956858497e-05,1.5344111261583748e-06,11719,
378,0.00046631626901216805,2.9257789719849825e-05,1.4799242080698605e-06,11729,
378,0.0004658963589463383,2.9948967494419776e-05,1.4454095662586042e-06,11739,
378,,,,11748,0.00048722370411269367
379,0.0004472645523492247,3.068605292355642e-05,1.4789858369113063e-06,11749,
379,0.0004658155667129904,3.0296878321678378e-05,1.5789057670190232e-06,11759,
379,0.00046256178757175803,2.903338463511318e-05,1.494521598033316e-06,11769,
379,0.00019907277601305395,1.775426608219277e-05,6.115286943497722e-09,11779,
379,,,,11779,0.00046825496247038245
380,0.0005115139065310359,2.9694432669202797e-05,1.580795014888281e-06,11789,
380,0.00041993477498181164,2.8718155590468086e-05,1.5480330830541789e-06,11799,
380,0.0004029862175229937,2.8202615794725716e-05,1.4572292457160074e-06,11809,
380,,,,11810,0.0004646948946174234
381,0.00045774164027534425,3.24327738780994e-05,1.540429821034195e-06,11819,
381,0.00043078369344584644,3.0520499421982095e-05,1.469042672397336e-06,11829,
381,0.00042413099436089396,2.9609480407088995e-05,1.4848778846499044e-06,11839,
381,,,,11841,0.0004624758439604193
382,0.00045211732503958046,2.855186176020652e-05,1.520171167612716e-06,11849,
382,0.00043455776176415384,2.8165197363705374e-05,1.4757705457668635e-06,11859,
382,0.00045924322330392897,2.828745164151769e-05,1.5522772400800022e-06,11869,
382,,,,11872,0.000465989374788478
383,0.0004424049111548811,2.9986567824380472e-05,1.4542877124767983e-06,11879,
383,0.00045409254380501807,3.0640272598247975e-05,1.4916092823114013e-06,11889,
383,0.0004599153471644968,2.7549122023629025e-05,1.480850642110454e-06,11899,
383,,,,11903,0.00046098060556687415
384,0.0004394628922455013,3.030088009836618e-05,1.537518869554333e-06,11909,
384,0.00042847561417147517,2.8545273380586877e-05,1.437459673070407e-06,11919,
384,0.0004164433921687305,2.871740798582323e-05,1.4022746199771063e-06,11929,
384,,,,11934,0.0004566193383652717
385,0.0004669631307478994,2.8349852073006332e-05,1.5524744867434492e-06,11939,
385,0.00045935899834148586,2.808320823532995e-05,1.442234065507364e-06,11949,
385,0.00044477349729277194,2.7867097742273472e-05,1.5551099750155117e-06,11959,
385,,,,11965,0.00045289844274520874
386,0.00045026038424111903,2.926124398072716e-05,1.5818942529222113e-06,11969,
386,0.0003962303453590721,3.103196286247112e-05,1.4720750414198847e-06,11979,
386,0.00042914017103612423,2.9309458113857545e-05,1.5037219327496132e-06,11989,
386,,,,11996,0.0004492215521167964
387,0.0004936568439006805,3.006760380230844e-05,1.543939788462012e-06,11999,
387,0.00044010544661432505,3.0859904654789716e-05,1.686859832261689e-06,12009,
387,0.00045510183554142714,3.159066545777023e-05,1.5059736142575275e-06,12019,
387,,,,12027,0.0004508578567765653
388,0.0004662468854803592,2.7281324946670793e-05,1.5016879615359358e-06,12029,
388,0.0004360027960501611,2.680444231373258e-05,1.4285159295468475e-06,12039,
388,0.00044246856123209,2.8940834454260767e-05,1.4029026260686805e-06,12049,
388,,,,12058,0.0005213767872191966
389,0.00048269634135067463,3.0858191166771576e-05,1.4771824226045283e-06,12059,
389,0.0005049814353697002,3.152168574160896e-05,1.585470613463258e-06,12069,
389,0.000440359057392925,2.7522191885509528e-05,1.4644925840912038e-06,12079,
389,0.00019668757158797234,1.6369634977309033e-05,6.025956178490333e-09,12089,
389,,,,12089,0.0004465667007025331
390,0.0004862415080424398,2.9334716600715183e-05,1.5609743968525436e-06,12099,
390,0.0004011398123111576,2.7847558158100583e-05,1.5109530977497343e-06,12109,
390,0.0003824325685855001,2.7701700673787855e-05,1.4265488061937504e-06,12119,
390,,,,12120,0.0004532008315436542
391,0.00046286702854558825,2.9369330150075257e-05,1.5216186284305877e-06,12129,
391,0.0004107313579879701,2.9370032279985026e-05,1.4340686220748466e-06,12139,
391,0.0003977547457907349,2.785639480862301e-05,1.4424449545913376e-06,12149,
391,,,,12151,0.0004535168700385839
392,0.0004277320404071361,2.8723243303829804e-05,1.4860077044431819e-06,12159,
392,0.0004094010218977928,2.7924032110604458e-05,1.4446568457060494e-06,12169,
392,0.0004281288420315832,2.823096110660117e-05,1.5191546935966471e-06,12179,
392,,,,12182,0.0004546469426713884
393,0.0004409599641803652,3.198940976290032e-05,1.4257269640438608e-06,12189,
393,0.0004395716532599181,3.0008935937075876e-05,1.446373403268808e-06,12199,
393,0.00043989261030219495,2.739225783443544e-05,1.4410502444661688e-06,12209,
393,,,,12213,0.0004445964586921036
394,0.0004202119598630816,2.98581289825961e-05,1.503580278949812e-06,12219,
394,0.00039910696796141565,2.7198571842745878e-05,1.3981681377117638e-06,12229,
394,0.0004014053556602448,2.910417788370978e-05,1.3592477898782818e-06,12239,
394,,,,12244,0.00045412074541673064
395,0.0004396777367219329,2.6794776204042137e-05,1.5054125697133713e-06,12249,
395,0.0004280364082660526,2.724783553276211e-05,1.4067446727494826e-06,12259,
395,0.00042755366303026676,2.6939742383547127e-05,1.5208141803668696e-06,12269,
395,,,,12275,0.00043413290404714644
396,0.00042502713040448725,2.8055756047251634e-05,1.5518254485868965e-06,12279,
396,0.0003776614903472364,2.8729305995511822e-05,1.434508703823667e-06,12289,
396,0.0004127701395191252,2.7914473321288824e-05,1.4689768477182952e-06,12299,
396,,,,12306,0.0004387171065900475
397,0.0004772277607116848,3.223858220735565e-05,1.510562015027972e-06,12309,
397,0.00043517752783373,3.182850559824146e-05,1.6766142607593792e-06,12319,
397,0.00044219958363100886,2.7924708774662577e-05,1.480277660448337e-06,12329,
397,,,,12337,0.00044497655471786857
398,0.0004428362881299108,2.982783735205885e-05,1.5034423768156557e-06,12339,
398,0.0004155186761636287,2.6899024305748753e-05,1.3919379853177816e-06,12349,
398,0.0004198653914500028,2.7758636861108243e-05,1.3673263765667798e-06,12359,
398,,,,12368,0.00042651838157325983
399,0.00039046723395586014,2.872220466088038e-05,1.393142952110793e-06,12369,
399,0.0004184125573374331,2.784020034596324e-05,1.4746325405212701e-06,12379,
399,0.0004207467136438936,2.7713211238733493e-05,1.4111911923464504e-06,12389,
399,0.0001832988200476393,1.6295591194648296e-05,5.895785193388292e-09,12399,
399,,,,12399,0.00042685071821324527
400,0.00047712778905406594,2.8688344173133373e-05,1.538700303171936e-06,12409,
400,0.0003903076867572963,2.714856236707419e-05,1.4716720215801615e-06,12419,
400,0.0003668971767183393,2.7785426937043667e-05,1.3856412124368944e-06,12429,
400,,,,12430,0.00045012563350610435
401,0.00042641893378458917,2.8590015062945895e-05,1.4676625141873956e-06,12439,
401,0.00039313227171078324,2.7130157832289115e-05,1.400465180267929e-06,12449,
401,0.0003815335803665221,2.8450662284740247e-05,1.4067063602851704e-06,12459,
401,,,,12461,0.00043459501466713846
402,0.00040858020656742156,2.691858753678389e-05,1.4465350659520482e-06,12469,
402,0.00039175510755740106,2.798075547616463e-05,1.4060120747672045e-06,12479,
402,0.00041104614501819015,2.778164343908429e-05,1.4784279755986063e-06,12489,
402,,,,12492,0.00043706942233256996
403,0.0004206476151011884,3.381928036105819e-05,1.3857435305908439e-06,12499,
403,0.00041374980355612934,2.926951856352389e-05,1.407533886776946e-06,12509,
403,0.0004250765487086028,2.6458039428689517e-05,1.4048544016986853e-06,12519,
403,,,,12523,0.00042056076927110553
404,0.00039508790359832346,2.9302938855835237e-05,1.47026048580301e-06,12529,
404,0.00038093022885732353,2.617984137032181e-05,1.3611361282528378e-06,12539,
404,0.00038808476529084146,2.7645368390949443e-05,1.3180757605368854e-06,12549,
404,,,,12554,0.0004262962029315531
405,0.00042358224163763225,2.584944559202995e-05,1.4700136716783163e-06,12559,
405,0.00040832883678376675,2.597241291368846e-05,1.3746753211307805e-06,12569,
405,0.0004055492172483355,2.630954077176284e-05,1.4857370160825667e-06,12579,
405,,,,12585,0.0004242517170496285
406,0.00040690548485144973,2.7493073503137566e-05,1.5185069059953094e-06,12589,
406,0.000361697340849787,2.929834408860188e-05,1.4052602637093514e-06,12599,
406,0.00039352814201265574,2.7380590836401097e-05,1.4345150702865794e-06,12609,
406,,,,12616,0.0004160386451985687
407,0.0004558552464004606,3.366402233950794e-05,1.4658461395811173e-06,12619,
407,0.00041978867375291884,3.126723095192574e-05,1.6471909702886478e-06,12629,
407,0.00041643515578471124,2.7157284421264194e-05,1.4453241874434752e-06,12639,
407,,,,12647,0.00041604283615015447
408,0.000401928904466331,2.672851042007096e-05,1.4461543287325185e-06,12649,
408,0.00039933386142365634,2.5348514100187458e-05,1.3610347195935901e-06,12659,
408,0.0003984091163147241,2.7038238840759732e-05,1.3357647503653425e-06,12669,
408,,,,12678,0.000408665684517473
409,0.00037440244341269135,2.792475606838707e-05,1.3663078561876318e-06,12679,
409,0.00040892758988775313,2.7176292860531248e-05,1.4394265690498287e-06,12689,
409,0.00040285373688675463,2.8210439268150367e-05,1.3834084029440419e-06,12699,
409,0.0001832318230299279,1.5497043932555243e-05,5.813972858703664e-09,12709,
409,,,,12709,0.0004199282266199589
410,0.0004620134423021227,2.7870146368513815e-05,1.5200978396023856e-06,12719,
410,0.0003750107134692371,2.6886365958489478e-05,1.4387013607120025e-06,12729,
410,0.00035175791708752513,2.723827856243588e-05,1.3548315109801479e-06,12739,
410,,,,12740,0.0004406050138641149
411,0.00040736416121944785,2.9047965654172003e-05,1.4307270248536952e-06,12749,
411,0.0003825135645456612,2.7223941287957132e-05,1.3808312360197306e-06,12759,
411,0.0003682064707390964,2.6311763576813973e-05,1.379440504933882e-06,12769,
411,,,,12771,0.0004100679943803698
412,0.00039177556755021214,2.6627642000676133e-05,1.4196120901033282e-06,12779,
412,0.0003737407096195966,2.6515159333939664e-05,1.374617113469867e-06,12789,
412,0.000387736625270918,2.5839592126430944e-05,1.4417564671020955e-06,12799,
412,,,,12802,0.00040262637776322663
413,0.0003803625877480954,2.9257183996378444e-05,1.3428391412162455e-06,12809,
413,0.0003936603316105902,2.718275754887145e-05,1.3751151755059254e-06,12819,
413,0.00041216087993234396,2.6722156690084375e-05,1.369791675642773e-06,12829,
413,,,,12833,0.0004054073360748589
414,0.00037668299046345055,2.8069043764844537e-05,1.4363830587171833e-06,12839,
414,0.00037235982017591596,2.622865213197656e-05,1.328472080786014e-06,12849,
414,0.00037533865543082356,2.5133795134024695e-05,1.2913720865981304e-06,12859,
414,,,,12864,0.0003990889817941934
415,0.0004072328738402575,2.5178378564305604e-05,1.4406558648261125e-06,12869,
415,0.00038916157791391015,2.5402418032172136e-05,1.345867872259987e-06,12879,
415,0.0003846780164167285,2.5175710106850602e-05,1.455529286431556e-06,12889,
415,,,,12895,0.0003936764260288328
416,0.000400739983888343,2.8005166313960217e-05,1.4843387816654285e-06,12899,
416,0.0003495819983072579,2.8783482775907032e-05,1.3830223224431393e-06,12909,
416,0.0003834337694570422,2.7953943572356366e-05,1.410958589076472e-06,12919,
416,,,,12926,0.00040046178037300706
417,0.0004150107270106673,2.7561409297049977e-05,1.4108775303611765e-06,12929,
417,0.00039838929660618305,2.9261032977956347e-05,1.6174918755496037e-06,12939,
417,0.00039803862455300987,2.6968540623784065e-05,1.4208036418494885e-06,12949,
417,,,,12957,0.00039108481723815203
418,0.00039960601134225726,2.5329654818051495e-05,1.4122362017587875e-06,12959,
418,0.0003792697680182755,2.482124364178162e-05,1.3306521395861637e-06,12969,
418,0.00038191810017451644,2.636376302689314e-05,1.3173272463973262e-06,12979,
418,,,,12988,0.0004185819998383522
419,0.00038510639569722116,2.858892003132496e-05,1.3615649550047237e-06,12989,
419,0.00039582408498972654,3.00552201224491e-05,1.4447296052821912e-06,12999,
419,0.00038527726428583264,2.7040416171075776e-05,1.3628402939502848e-06,13009,
419,0.00017392354493495077,1.6092086298158392e-05,5.915366863007421e-09,13019,
419,,,,13019,0.00039624510100111365
420,0.00043472161632962525,2.950501220766455e-05,1.4862438320051297e-06,13029,
420,0.0003493783879093826,2.5863138944259845e-05,1.3935036804468837e-06,13039,
420,0.0003368526231497526,2.624310400278773e-05,1.325641960647772e-06,13049,
420,,,,13050,0.0004097874043509364
421,0.0004010613192804158,2.6539961254457012e-05,1.4249418427425553e-06,13059,
421,0.0003642039664555341,2.5636929422034882e-05,1.350383399767452e-06,13069,
421,0.0003475034609436989,2.660411519173067e-05,1.3498307680492871e-06,13079,
421,,,,13081,0.00038506786222569644
422,0.00037263185367919505,2.7417254386818968e-05,1.3884343843528768e-06,13089,
422,0.0003567278035916388,2.5371495212311856e-05,1.3489501498042955e-06,13099,
422,0.0003739964449778199,2.536432111810427e-05,1.4186462067300454e-06,13109,
422,,,,13112,0.00038584676804021
423,0.0003693770559038967,3.0050063287490048e-05,1.3196536201576237e-06,13119,
423,0.00037589104613289237,2.6425643227412365e-05,1.3374769878282677e-06,13129,
423,0.00039604457560926676,2.5630009986343794e-05,1.347173451904382e-06,13139,
423,,,,13143,0.00039305759128183126
424,0.00035331296385265887,2.6862155209528282e-05,1.400833980369498e-06,13149,
424,0.0003539083700161427,2.5764122256077826e-05,1.3003059393668082e-06,13159,
424,0.0003476944984868169,2.3888645955594257e-05,1.247114369107294e-06,13169,
424,,,,13174,0.0003863246238324791
425,0.00039341289084404707,2.5626728529459797e-05,1.4133477179711917e-06,13179,
425,0.0003803869476541877,2.6719721063273028e-05,1.3287351521285018e-06,13189,
425,0.00037071804399602115,2.4429269615211524e-05,1.4320548871182837e-06,13199,
425,,,,13205,0.000379370991140604
426,0.0003782736312132329,2.659958954609465e-05,1.4564050161425257e-06,13209,
426,0.0003391462960280478,2.957574906758964e-05,1.3575760249295854e-06,13219,
426,0.00036705986713059247,2.6905041522695683e-05,1.3890468153476832e-06,13229,
426,,,,13236,0.00039016129449009895
427,0.0003988694224972278,2.542272886785213e-05,1.377298531224369e-06,13239,
427,0.00037805098691023886,2.7440712074167095e-05,1.594765763002215e-06,13249,
427,0.00037762982537969947,2.582690467534121e-05,1.3986839348945068e-06,13259,
427,,,,13267,0.000388451007893309
428,0.0004184420977253467,2.5142478989437222e-05,1.4008776361151831e-06,13269,
428,0.000365533895092085,2.4085649783955887e-05,1.3047845186520135e-06,13279,
428,0.0003727200091816485,2.6540898033999838e-05,1.3017480569033069e-06,13289,
428,,,,13298,0.0003846139006782323
429,0.0003522691549733281,2.7806021535070613e-05,1.332659621766652e-06,13299,
429,0.0003626860270742327,2.6061537937493995e-05,1.4027632460056338e-06,13309,
429,0.00036363975959829986,2.537827276682947e-05,1.3353521808312507e-06,13319,
429,0.00016723264707252383,1.5795389117556624e-05,5.86587800555094e-09,13329,
429,,,,13329,0.0003768348542507738
430,0.0004173593479208648,2.7919048079638742e-05,1.4615893633163068e-06,13339,
430,0.000333839823724702,2.5438666853005998e-05,1.3552266864280682e-06,13349,
430,0.0003197741461917758,2.4628663595649414e-05,1.2971438536624191e-06,13359,
430,,,,13360,0.00037903469637967646
431,0.00037921583862043917,2.4485745598212816e-05,1.3791230912829633e-06,13369,
431,0.00035692271194420755,2.939293881354388e-05,1.32802119878761e-06,13379,
431,0.00033170831738971174,2.7513038730830885e-05,1.315977669946733e-06,13389,
431,,,,13391,0.00038828563992865384
432,0.0003640040522441268,2.6338460884289816e-05,1.3695357665710617e-06,13399,
432,0.00034110271371901035,2.4813523850752972e-05,1.3222196457718383e-06,13409,
432,0.0003602038195822388,2.4488535927957855e-05,1.3807635923512862e-06,13419,
432,,,,13422,0.0003689378791023046
433,0.0003476830606814474,2.590804433566518e-05,1.2883372164651519e-06,13429,
433,0.00036504201125353575,2.683654020074755e-05,1.3182367410990992e-06,13439,
433,0.00037649963633157313,2.50049342866987e-05,1.316032353315677e-06,13449,
433,,,,13453,0.0003749768657144159
434,0.00034000512096099555,2.584878893685527e-05,1.3685911426364328e-06,13459,
434,0.00034151197178289294,2.6526215151534416e-05,1.2732385812341818e-06,13469,
434,0.0003322044503875077,2.329535891476553e-05,1.2137767271269695e-06,13479,
434,,,,13484,0.000366793799912557
435,0.0003791549534071237,2.3667089408263564e-05,1.3891116168451845e-06,13489,
435,0.00037824269384145737,3.1207280699163675e-05,1.3114855619278387e-06,13499,
435,0.0003656561311800033,2.4831228074617684e-05,1.418779902451206e-06,13509,
435,,,,13515,0.0003757097583729774
436,0.0003600632189773023,2.6073443223140202e-05,1.4255278983910102e-06,13519,
436,0.000320203515002504,2.581657281552907e-05,1.325877633462369e-06,13529,
436,0.0003447780036367476,2.4947046767920256e-05,1.3560302249970846e-06,13539,
436,,,,13546,0.00036860114778392017
437,0.0003891245578415692,2.770682294794824e-05,1.3461942671710858e-06,13549,
437,0.0003734953061211854,2.790798680507578e-05,1.5771906873851549e-06,13559,
437,0.00036188485682941973,2.5536244720569812e-05,1.3749975096288836e-06,13569,
437,,,,13577,0.00037399347638711333
438,0.00038322038017213345,2.8115964596509002e-05,1.3682036978934775e-06,13579,
438,0.00037951674312353134,3.0431669074459933e-05,1.3183851024223259e-06,13589,
438,0.00036686877137981355,2.62992089119507e-05,1.290205887016782e-06,13599,
438,,,,13608,0.00037531208363361657
439,0.00034390747896395624,2.7868803954333998e-05,1.3256545798867592e-06,13609,
439,0.0003459326399024576,2.5763054509297945e-05,1.3719343314733123e-06,13619,
439,0.0003526774235069752,2.3962074919836596e-05,1.312738390879531e-06,13629,
439,0.00016353654791601002,1.4065895811654627e-05,5.781259915238479e-09,13639,
439,,,,13639,0.00036961710429750383
440,0.00040006040944717824,2.535572275519371e-05,1.439531843061559e-06,13649,
440,0.00031836359994485974,2.5638901206548326e-05,1.313315010520455e-06,13659,
440,0.0003132082347292453,2.4202179702115245e-05,1.2726160321108182e-06,13669,
440,,,,13670,0.00036598797305487096
441,0.00035638100234791636,2.522045178920962e-05,1.3463342156683211e-06,13679,
441,0.0003330776817165315,2.4689821657375433e-05,1.2888606306660222e-06,13689,
441,0.0003120696637779474,2.4303109967149794e-05,1.2867037639807677e-06,13699,
441,,,,13701,0.00038698138087056577
442,0.0003570888366084546,2.452357512083836e-05,1.3485380350175546e-06,13709,
442,0.00033565290505066514,2.5156638002954423e-05,1.3070008435533964e-06,13719,
442,0.0003436826809775084,2.4392833438469097e-05,1.3519271533368737e-06,13729,
442,,,,13732,0.00036038827965967357
443,0.00034737790701910853,2.884109017031733e-05,1.2792348798029707e-06,13739,
443,0.00034488915116526186,2.519371082598809e-05,1.2894333849544637e-06,13749,
443,0.0003591644635889679,2.4283748643938452e-05,1.2920731933263596e-06,13759,
443,,,,13763,0.00035483468673191965
444,0.0003196567122358829,2.514550396881532e-05,1.346215867670253e-06,13769,
444,0.00034704801510088146,2.8190866942168213e-05,1.2540583611553302e-06,13779,
444,0.00032271735835820436,2.3249804144143127e-05,1.183414610750333e-06,13789,
444,,,,13794,0.00035386058152653277
445,0.000357607175828889,2.3062171749188565e-05,1.3624610346596455e-06,13799,
445,0.00036020026891492307,2.7849164325743914e-05,1.2956539876540774e-06,13809,
445,0.0003455311816651374,2.3451930246665142e-05,1.3969083738629706e-06,13819,
445,,,,13825,0.0003637628396973014
446,0.0003420205903239548,2.4936680347309448e-05,1.4045612033442012e-06,13829,
446,0.0003122752532362938,2.4847240638337098e-05,1.3053631846560165e-06,13839,
446,0.0003320533432997763,2.4497419872204773e-05,1.3300483487910242e-06,13849,
446,,,,13856,0.00035649057826958597
447,0.0003707996220327914,2.4690791178727522e-05,1.3166311418899568e-06,13859,
447,0.000349566777003929,2.580640466476325e-05,1.5560467545583379e-06,13869,
447,0.00035468299756757915,2.6097641239175573e-05,1.3540719692173298e-06,13879,
447,,,,13887,0.0003593678411561996
448,0.0003453833342064172,2.4860832127160393e-05,1.3619506944451132e-06,13889,
448,0.000339723308570683,2.4499304345226847e-05,1.2630973742489005e-06,13899,
448,0.00033909454941749573,2.5409559384570457e-05,1.251643652722123e-06,13909,
448,,,,13918,0.00035836774623021483
449,0.00032920620287768543,2.8364844183670357e-05,1.280629362554464e-06,13919,
449,0.00034642196260392666,2.701436278584879e-05,1.3377024288274697e-06,13929,
449,0.0003529518435243517,2.7261325158178806e-05,1.3055093859293265e-06,13939,
449,0.00015346995496656746,2.1457914044731297e-05,5.7157580890532245e-09,13949,
449,,,,13949,0.00036863720742985606
450,0.00039536107215099037,2.902408959926106e-05,1.4305783224699553e-06,13959,
450,0.00031267767190001905,2.5350507712573744e-05,1.2877818562628818e-06,13969,
450,0.000294665020192042,2.3529748432338238e-05,1.2463243592719664e-06,13979,
450,,,,13980,0.00034218982909806073
451,0.00033905767486430705,2.364465399296023e-05,1.3243214880276355e-06,13989,
451,0.00031784101156517863,2.342204243177548e-05,1.256313112207863e-06,13999,
451,0.00030178387532941997,2.414119808236137e-05,1.2656656735998695e-06,14009,
451,,,,14011,0.00034445346682332456
452,0.0003304332203697413,2.4606200895505026e-05,1.2961819493284565e-06,14019,
452,0.0003239631769247353,2.412975845800247e-05,1.2698751561401878e-06,14029,
452,0.00033297171466983855,2.392980422882829e-05,1.3238359315437265e-06,14039,
452,,,,14042,0.000360055681085214
453,0.0003296977374702692,2.428697916911915e-05,1.2596378837770317e-06,14049,
453,0.00033153887488879263,2.4337725335499272e-05,1.252492324965715e-06,14059,
453,0.00034771699574775994,2.3679196601733565e-05,1.257698727386014e-06,14069,
453,,,,14073,0.0003498844162095338
454,0.00031287831370718777,2.5010949684656225e-05,1.308899186369672e-06,14079,
454,0.00032533370540477335,2.440703428874258e-05,1.2206004385006963e-06,14089,
454,0.0003151379351038486,2.4305663828272372e-05,1.162459739134647e-06,14099,
454,,,,14104,0.00036015885416418314
455,0.00035800039768218994,2.3988555767573416e-05,1.3560265870182775e-06,14109,
455,0.00032807938987389207,2.3062813852448016e-05,1.2591402764883242e-06,14119,
455,0.0003285686834715307,2.2663423806079663e-05,1.3750534435530426e-06,14129,
455,,,,14135,0.0003382209688425064
456,0.00035678708809427917,2.8987449695705436e-05,1.3806463812215952e-06,14139,
456,0.0003038177965208888,2.82073779089842e-05,1.2737503993776045e-06,14149,
456,0.0003192092990502715,2.3663616957492195e-05,1.3075087963443366e-06,14159,
456,,,,14166,0.000350334623362869
457,0.0003600952622946352,2.4796821890049614e-05,1.2947942877872265e-06,14169,
457,0.00033688032999634743,2.621830572024919e-05,1.529077621853503e-06,14179,
457,0.00033805231214500964,2.4078804926830344e-05,1.3331030004337663e-06,14189,
457,,,,14197,0.0003406709583941847
458,0.00033926955075003207,2.5867362637654878e-05,1.321862441727717e-06,14199,
458,0.00034577949554659426,3.0231112759793177e-05,1.2575343362186686e-06,14209,
458,0.000327566172927618,2.448400300636422e-05,1.2289183359825984e-06,14219,
458,,,,14228,0.0003556789306458086
459,0.00032661939621903,2.8839620426879264e-05,1.2542714102892205e-06,14229,
459,0.00032745226053521037,2.71124008577317e-05,1.3145905768396915e-06,14239,
459,0.00032700609881430864,2.3803180738468654e-05,1.2700780871455208e-06,14249,
459,0.0001437489117961377,1.719359352136962e-05,5.612688536160704e-09,14259,
459,,,,14259,0.00034733524080365896
460,0.0004182609263807535,2.5205064957845025e-05,1.4464263813351863e-06,14269,
460,0.0003161104104947299,2.8898255550302565e-05,1.2679905694312765e-06,14279,
460,0.00028939079493284225,2.4085224140435457e-05,1.2225316368130734e-06,14289,
460,,,,14290,0.0003520399041008204
461,0.00032725080382078886,2.3948608941282146e-05,1.3064229733572574e-06,14299,
461,0.0003067689831368625,2.3023168978397734e-05,1.2378151268421789e-06,14309,
461,0.0002891235635615885,2.3717029762337916e-05,1.2481968951760791e-06,14319,
461,,,,14321,0.00033335312036797404
462,0.00031907676020637155,2.4041835786192678e-05,1.2759267065121094e-06,14329,
462,0.00030926428735256195,2.3474411136703566e-05,1.2526727459771791e-06,14339,
462,0.0003183716326020658,2.3109516405384056e-05,1.2940517990500666e-06,14349,
462,,,,14352,0.00033761150552891195
463,0.00032052502501755953,2.5002866095746867e-05,1.2222690202179365e-06,14359,
463,0.00032067272695712745,2.553163176344242e-05,1.22810740776913e-06,14369,
463,0.000330601935274899,2.3355371013167314e-05,1.22946812552982e-06,14379,
463,,,,14383,0.0003273667534813285
464,0.00029634335078299046,2.4796729121590033e-05,1.2869292049799697e-06,14389,
464,0.000339002872351557,3.530777394189499e-05,1.2108487226214493e-06,14399,
464,0.00029885355615988374,2.2697216991218738e-05,1.1240080084462534e-06,14409,
464,,,,14414,0.00034605193650349975
465,0.00034250502358190715,2.417367613816168e-05,1.324797835877689e-06,14419,
465,0.00031638878863304853,2.342229345231317e-05,1.2409299188220757e-06,14429,
465,0.0003223624953534454,2.4481752916472033e-05,1.3597027646028437e-06,14439,
465,,,,14445,0.00034324039006605744
466,0.00031912283156998456,2.3231621526065283e-05,1.343240001006052e-06,14449,
466,0.0002877456718124449,2.3161475837696344e-05,1.2399649449434946e-06,14459,
466,0.00030381925171241164,2.281327761011198e-05,1.270620373361453e-06,14469,
466,,,,14476,0.00033047483884729445
467,0.0003734614874701947,3.7207173591014e-05,1.2702288358923397e-06,14479,
467,0.0003423063026275486,2.8451429898268543e-05,1.5117161638045218e-06,14489,
467,0.0003278120420873165,2.451147338433657e-05,1.3108008261042414e-06,14499,
467,,,,14507,0.0003289260494057089
468,0.00030846756999380887,2.2760892534279265e-05,1.3010458133067004e-06,14509,
468,0.000316803518217057,2.441738070046995e-05,1.216475538967643e-06,14519,
468,0.0003141891211271286,2.45535029534949e-05,1.2040707133564865e-06,14529,
468,,,,14538,0.0003258551296312362
469,0.00029831481515429914,2.7211630367673934e-05,1.2262963764442247e-06,14539,
469,0.0003440009313635528,2.5178276700899005e-05,1.2925468126923079e-06,14549,
469,0.0003160401829518378,2.293589750479441e-05,1.2432448102117633e-06,14559,
469,0.00013981845404487103,1.4850282241241075e-05,5.621025422897219e-09,14569,
469,,,,14569,0.00033200025791302323
470,0.00036655255826190114,2.49634849751601e-05,1.374681232846342e-06,14579,
470,0.00028808467322960496,2.4391938495682552e-05,1.2171016123829759e-06,14589,
470,0.00027206316008232534,2.248709279228933e-05,1.1869985883095069e-06,14599,
470,,,,14600,0.00032424062374047935
471,0.0003297477087471634,2.438722731312737e-05,1.287513896386372e-06,14609,
471,0.00030516358674503863,2.448373197694309e-05,1.207213017551112e-06,14619,
471,0.0002799075155053288,2.4436163585050963e-05,1.2210020940983668e-06,14629,
471,,,,14631,0.0003255621704738587
472,0.00030403255368582904,2.2187419745023362e-05,1.2432742551027332e-06,14639,
472,0.0002990590292029083,2.2467811504611745e-05,1.2294422049308196e-06,14649,
472,0.00030813462217338383,2.303342625964433e-05,1.2646357845369494e-06,14659,
472,,,,14662,0.00032339556491933763
473,0.0003024609759449959,2.372367998759728e-05,1.204665977638797e-06,14669,
473,0.00034443222102709115,3.613461012719199e-05,1.2257548860361567e-06,14679,
473,0.00032281267340295017,2.338858939765487e-05,1.2007493523924495e-06,14689,
473,,,,14693,0.00033355483901686966
474,0.00028917446616105735,2.3235292246681638e-05,1.258090378541965e-06,14699,
474,0.00029578417888842523,2.316225800313987e-05,1.1729961215678486e-06,14709,
474,0.0002897011872846633,2.232114457001444e-05,1.099883434108051e-06,14719,
474,,,,14724,0.00032157698296941817
475,0.0003440084110479802,2.197954927396495e-05,1.319489683737629e-06,14729,
475,0.0003095019201282412,2.2823631297796965e-05,1.2203097412566422e-06,14739,
475,0.0003220689541194588,2.30606510740472e-05,1.3447046285364195e-06,14749,
475,,,,14755,0.0003394903615117073
476,0.00031480027246288955,2.4205541194532998e-05,1.3206519042796572e-06,14759,
476,0.0002890534233301878,2.693542955967132e-05,1.2285571528991568e-06,14769,
476,0.0002998664858750999,2.310193121957127e-05,1.262774162569258e-06,14779,
476,,,,14786,0.0003236276679672301
477,0.0003630384453572333,2.4725182811380364e-05,1.2609342547875713e-06,14789,
477,0.00032440575887449086,2.5199949959642254e-05,1.487255644860852e-06,14799,
477,0.0003144252405036241,2.3215488909045234e-05,1.2981400914213737e-06,14809,
477,,,,14817,0.0003422615700401366
478,0.0003579973999876529,2.3045473426464014e-05,1.30195098790864e-06,14819,
478,0.00032323316554538906,2.1759853552794084e-05,1.2047438531226362e-06,14829,
478,0.0003082641924265772,2.2613257897319272e-05,1.192403487948468e-06,14839,
478,,,,14848,0.0003125100047327578
479,0.00028515252051874995,2.4646829842822626e-05,1.205486341859796e-06,14849,
479,0.0003019114665221423,2.4320817828993313e-05,1.2759610399371013e-06,14859,
479,0.00030985684134066105,2.6002422600868158e-05,1.2282300758670317e-06,14869,
479,0.0001334681292064488,1.432111457688734e-05,5.474507069891388e-09,14879,
479,,,,14879,0.00031661687535233796
480,0.0003494825796224177,2.2956470274948515e-05,1.3476626463670982e-06,14889,
480,0.00027572576072998345,2.3843722374294885e-05,1.1812289812951349e-06,14899,
480,0.00026384167722426355,2.20051224459894e-05,1.1584817229959299e-06,14909,
480,,,,14910,0.00031286239391192794
481,0.0003185862733516842,2.3617210899828933e-05,1.262688783754129e-06,14919,
481,0.0002895187644753605,2.287445568072144e-05,1.180452613880334e-06,14929,
481,0.0002669196983333677,2.250277975690551e-05,1.1940400099774706e-06,14939,
481,,,,14941,0.000317070895107463
482,0.00029841341893188655,2.211393803008832e-05,1.2245662901477772e-06,14949,
482,0.00028966591344214976,2.20756592170801e-05,1.213769564856193e-06,14959,
482,0.0002959032717626542,2.189833867305424e-05,1.232725821864733e-06,14969,
482,,,,14972,0.00031383332679979503
483,0.0003065242199227214,2.805340955092106e-05,1.1809212310254225e-06,14979,
483,0.0002989614731632173,2.3159916963777505e-05,1.1798651939898264e-06,14989,
483,0.00031298864632844925,2.279429099871777e-05,1.1717194183802349e-06,14999,
483,,,,15003,0.00031908281380310655
484,0.000289097341010347,2.9690383598790504e-05,1.2431142977220588e-06,15009,
484,0.00028825158369727433,2.2288804757408798e-05,1.1585508445932646e-06,15019,
484,0.0002794723550323397,2.0839221178903244e-05,1.0785392987600062e-06,15029,
484,,,,15034,0.00030918949050828815
485,0.0003139280597679317,2.1358819140004925e-05,1.2874160120190936e-06,15039,
485,0.0003135411534458399,2.8685451979981735e-05,1.2077981637048651e-06,15049,
485,0.00030270786373876035,2.204971133323852e-05,1.3331539321370656e-06,15059,
485,,,,15065,0.00030368787702172995
486,0.0003185745154041797,2.296500861120876e-05,1.2904624782095198e-06,15069,
486,0.0002662884071469307,2.193223190261051e-05,1.1855886441480834e-06,15079,
486,0.0002924941072706133,2.4399605536018498e-05,1.2390446499921381e-06,15089,
486,,,,15096,0.00031830434454604983
487,0.0003332827764097601,2.7403037165640853e-05,1.2171275329819764e-06,15099,
487,0.0003026257618330419,2.320807834621519e-05,1.4442312021856196e-06,15109,
487,0.000312098185531795,2.264248178107664e-05,1.2796948567483923e-06,15119,
487,,,,15127,0.0003231882001273334
488,0.0003305845893919468,2.3020218577585183e-05,1.2852909776484012e-06,15129,
488,0.0002895808429457247,2.0295427020755596e-05,1.1759373137465445e-06,15139,
488,0.0003008296189364046,2.5305334929726087e-05,1.1677101383611443e-06,15149,
488,,,,15158,0.00030747620621696115
489,0.00027991289971396327,2.4039269192144275e-05,1.1866468412335962e-06,15159,
489,0.0002889359893742949,2.2794472897658125e-05,1.239070456904301e-06,15169,
489,0.00029646739130839705,2.2516453100251965e-05,1.2007841405647923e-06,15179,
489,0.00013111541920807213,1.4713523341924883e-05,5.425847771078907e-09,15189,
489,,,,15189,0.0002995016111526638
490,0.0003447990457061678,2.262913403683342e-05,1.3303213108883938e-06,15199,
490,0.0002731496933847666,2.6204637833870947e-05,1.1526431080710609e-06,15209,
490,0.0002589679788798094,2.20412366616074e-05,1.1349633268764592e-06,15219,
490,,,,15220,0.0003024002362508327
491,0.0002943605650216341,2.1311594537110068e-05,1.227169377671089e-06,15229,
491,0.00027967331698164344,2.0989717086195014e-05,1.1595930118346587e-06,15239,
491,0.00026159509434364736,2.279439286212437e-05,1.1684611536111333e-06,15249,
491,,,,15251,0.0003041255986317992
492,0.00029268156504258513,2.4496726837242022e-05,1.1873951279994799e-06,15259,
492,0.00029087308212183416,2.2987294869381003e-05,1.2015676702503697e-06,15269,
492,0.0002955133968498558,2.371437949477695e-05,1.2195276894999552e-06,15279,
492,,,,15282,0.00031052876147441566
493,0.0002821683301590383,2.1442016077344306e-05,1.1673457720462466e-06,15289,
493,0.0003177841135766357,2.6436769985593855e-05,1.1740565923901158e-06,15299,
493,0.0003062050382141024,2.2752597942599095e-05,1.1500430900923675e-06,15309,
493,,,,15313,0.00031774729723110795
494,0.0002715362934395671,2.2450107280747034e-05,1.218039187733666e-06,15319,
494,0.0002827187126968056,2.3852362573961727e-05,1.1400184121157508e-06,15329,
494,0.00026984544820152223,2.0607900296454318e-05,1.054941435540968e-06,15339,
494,,,,15344,0.0003093266277574003
495,0.0003354109067004174,2.180019328079652e-05,1.3051194400759414e-06,15349,
495,0.00030152584076859057,2.531107747927308e-05,1.2083584124411573e-06,15359,
495,0.0002897831436712295,2.103641782014165e-05,1.3233398021839093e-06,15369,
495,,,,15375,0.00032201645080931485
496,0.00030731200240552425,2.2836316929897293e-05,1.2672896900767228e-06,15379,
496,0.0002671005204319954,2.62980811385205e-05,1.1774230870287283e-06,15389,
496,0.0002738520852290094,2.210641287092585e-05,1.211320068250643e-06,15399,
496,,,,15406,0.0002955157251562923
497,0.00030778651125729084,2.3376036551781e-05,1.198220843434683e-06,15409,
497,0.0003015875117853284,2.5352826924063265e-05,1.4250036883822759e-06,15419,
497,0.0002951613278128207,2.1671661670552567e-05,1.2584457635966828e-06,15429,
497,,,,15437,0.0003082068869844079
498,0.0003111586847808212,2.3315455109695904e-05,1.236784328284557e-06,15439,
498,0.0002960416895803064,2.4225118977483362e-05,1.1612730759225087e-06,15449,
498,0.0002842622634489089,2.322338150406722e-05,1.1471644256744185e-06,15459,
498,,,,15468,0.0002981126308441162
499,0.0002702525816857815,2.2652973711956292e-05,1.15833302061219e-06,15469,
499,0.000283122033579275,2.3228300051414408e-05,1.2132850315538235e-06,15479,
499,0.0002861678076442331,2.2247357264859602e-05,1.1830129551526625e-06,15489,
499,0.00012478687858674675,1.7917507648235187e-05,5.281953985303289e-09,15499,
499,,,,15499,0.00030732559389434755
500,0.000336692959535867,2.3961847546161152e-05,1.31562603655766e-06,15509,
500,0.00026064066332764924,2.2926511519472115e-05,1.121440277529473e-06,15519,
500,0.0002501190174371004,2.0682589820353314e-05,1.106440436160483e-06,15529,
500,,,,15530,0.0002958252443931997
501,0.0002938783436547965,2.225637399533298e-05,1.2182644013591926e-06,15539,
501,0.0002750317507889122,2.1924919565208256e-05,1.1320682915538782e-06,15549,
501,0.0002523448783904314,2.239568311779294e-05,1.144631823990494e-06,15559,
501,,,,15561,0.00029522733530029655
502,0.00028081052005290985,2.1980620658723637e-05,1.166735046354006e-06,15569,
502,0.00027407080051489174,2.143316487490665e-05,1.1809344186985982e-06,15579,
502,0.0002762581571005285,2.1572888726950623e-05,1.182792175313807e-06,15589,
502,,,,15592,0.0002976162068080157
503,0.00027758043142966926,2.5251782062696293e-05,1.1470701792859472e-06,15599,
503,0.00027871032943949103,2.1415320588857867e-05,1.1417105270083994e-06,15609,
503,0.00029014862957410514,2.1522144379559904e-05,1.1186774599991622e-06,15619,
503,,,,15623,0.00029682970489375293
504,0.0002680628967937082,2.3863960450398736e-05,1.1916437188119744e-06,15629,
504,0.0002873377816285938,2.256329207739327e-05,1.1134862916151178e-06,15639,
504,0.00026254283147864044,1.9702087229234166e-05,1.035580112329626e-06,15649,
504,,,,15654,0.00029635144164785743
505,0.000299247883958742,2.0553618014673702e-05,1.2630790706680273e-06,15659,
505,0.000292726035695523,2.288403811689932e-05,1.1849365364469122e-06,15669,
505,0.0002821046218741685,2.051764568022918e-05,1.3084820693620713e-06,15679,
505,,,,15685,0.0003023086756002158
506,0.0003074775158893317,2.5976432880270295e-05,1.2446291748346994e-06,15689,
506,0.00025695678777992725,2.151579610654153e-05,1.1457086657173932e-06,15699,
506,0.0002662406477611512,2.1717582058045082e-05,1.1890365385625046e-06,15709,
506,,,,15716,0.00029231345979496837
507,0.0003085990610998124,2.2553776943823323e-05,1.1831323263322702e-06,15719,
507,0.00028549451963044703,2.1763533368357457e-05,1.3925424582339474e-06,15729,
507,0.00028984082746319473,2.21182363020489e-05,1.2392439430186641e-06,15739,
507,,,,15747,0.00028799157007597387
508,0.00027484720339998603,2.262665657326579e-05,1.216754412780574e-06,15749,
508,0.00027395927463658154,2.0638404748751782e-05,1.1416537972763763e-06,15759,
508,0.00027561202296055853,2.1472691514645703e-05,1.1282514833510504e-06,15769,
508,,,,15778,0.0002865924616344273
509,0.00025865371571853757,2.298299477843102e-05,1.1310800118735642e-06,15779,
509,0.0002752309083007276,2.1466488760779612e-05,1.1872990626216051e-06,15789,
509,0.0002828385913744569,2.313205368409399e-05,1.1625714932961273e-06,15799,
509,0.00012253860768396407,1.5170930964814033e-05,5.216321152801129e-09,15809,
509,,,,15809,0.0002913492207881063
510,0.00032583664869889617,2.1510484657483175e-05,1.2969189810974058e-06,15819,
510,0.000252878584433347,2.249922908958979e-05,1.093968421628233e-06,15829,
510,0.0002416083007119596,2.0060102542629465e-05,1.082341782421281e-06,15839,
510,,,,15840,0.00029909153818152845
511,0.0002868356532417238,2.1827152522746474e-05,1.203536726279708e-06,15849,
511,0.00026928511215373874,2.242845766886603e-05,1.1206956287423964e-06,15859,
511,0.0002467824670020491,2.2644760974799283e-05,1.1242992741244962e-06,15869,
511,,,,15871,0.0002934509248007089
512,0.0002669673413038254,2.085322921629995e-05,1.1408239970478462e-06,15879,
512,0.00029191901558078825,2.3248054276336916e-05,1.177549393105437e-06,15889,
512,0.00027413087082095444,2.086796666844748e-05,1.1558881851669867e-06,15899,
512,,,,15902,0.0002944891166407615
513,0.00028896474395878613,2.3519485694123432e-05,1.1375886970199645e-06,15909,
513,0.0002899485407397151,2.1519137590075843e-05,1.1347360668878537e-06,15919,
513,0.0002854740887414664,2.1588211893686093e-05,1.1028860171791166e-06,15929,
513,,,,15933,0.00028278306126594543
514,0.0002488365862518549,2.170886546082329e-05,1.1762963367800694e-06,15939,
514,0.00028833874966949224,3.098771776421927e-05,1.109399136112188e-06,15949,
514,0.0002556135004851967,2.0340348783065565e-05,1.013706764751987e-06,15959,
514,,,,15964,0.0002862945257220417
515,0.0002849344164133072,2.0770870833075605e-05,1.2345296909188619e-06,15969,
515,0.00027526525082066655,2.2361124138114974e-05,1.1587995913941995e-06,15979,
515,0.00027588498778641224,2.117643271049019e-05,1.2963452036274248e-06,15989,
515,,,,15995,0.0002829757868312299
516,0.0002790150174405426,2.1475982066476718e-05,1.2011731769234757e-06,15999,
516,0.0002547668991610408,2.3580741981277242e-05,1.1231744565520785e-06,16009,
516,0.00026263538165949285,2.1059675418655388e-05,1.1628781066974625e-06,16019,
516,,,,16026,0.0002876160724554211
517,0.00029646832263097167,2.1790909158880822e-05,1.158781856247515e-06,16029,
517,0.0002803867682814598,2.292203134857118e-05,1.368275775348593e-06,16039,
517,0.00028101427596993744,2.0938901798217557e-05,1.220394324263907e-06,16049,
517,,,,16057,0.00028175764600746334
518,0.00026895597693510354,2.1747049686382525e-05,1.18913806090859e-06,16059,
518,0.0002676667645573616,2.1817559172632173e-05,1.1222336979699321e-06,16069,
518,0.00026568587054498494,2.322297586943023e-05,1.1069491847592872e-06,16079,
518,,,,16088,0.0002876335056498647
519,0.00025920095504261553,2.3355452867690474e-05,1.1147185432491824e-06,16089,
519,0.0002651403774507344,2.0898391085211188e-05,1.1653756928353687e-06,16099,
519,0.0002688144741114229,2.1209225451457314e-05,1.1437927014412708e-06,16109,
519,0.0001189703616546467,1.397030700900359e-05,5.083368836977797e-09,16119,
519,,,,16119,0.00028096698224544525
520,0.0003188011469319463,2.219976704509463e-05,1.280684500670759e-06,16129,
520,0.00025038194144144654,2.3557273379992694e-05,1.0768949323392007e-06,16139,
520,0.00023465402773581445,2.0084737116121687e-05,1.0620447028486524e-06,16149,
520,,,,16150,0.00028674484929069877
521,0.00027294197934679687,2.07147986657219e-05,1.1774119457186316e-06,16159,
521,0.00026821804931387305,2.0991727069485933e-05,1.1087397524534026e-06,16169,
521,0.00023743940982967615,2.1377465600380674e-05,1.0972649988616467e-06,16179,
521,,,,16181,0.00029655746766366065
522,0.00026599521515890956,2.2526261091115884e-05,1.1206187764400966e-06,16189,
522,0.0002784029929898679,2.1092793758725747e-05,1.169336428574752e-06,16199,
522,0.0002675606810953468,2.4530492737540044e-05,1.1427232493588235e-06,16209,
522,,,,16212,0.00029611302306875587
523,0.0002689952671062201,2.0292292902013287e-05,1.1213325024073129e-06,16219,
523,0.00028774337260983884,2.733185283432249e-05,1.112642507905548e-06,16229,
523,0.00027405843138694763,2.0526635125861503e-05,1.0872805660255835e-06,16239,
523,,,,16243,0.00027431559283286333
524,0.0002449656603857875,2.0711644538096152e-05,1.1596474678299273e-06,16249,
524,0.00027437772951088846,2.596978265501093e-05,1.0831687404788681e-06,16259,
524,0.0002484529104549438,1.9092634829576127e-05,9.919998547047726e-07,16269,
524,,,,16274,0.00027988708461634815
525,0.00027794024208560586,2.025258982030209e-05,1.2197016303616692e-06,16279,
525,0.0002615908451844007,1.9510565834934823e-05,1.144557927545975e-06,16289,
525,0.0002662706538103521,1.962033820746001e-05,1.278656441172643e-06,16299,
525,,,,16305,0.00028029593522660434
526,0.0002693900605663657,2.0112658603466116e-05,1.177889203063387e-06,16309,
526,0.00024008478794712573,2.0727487935801037e-05,1.0958851817122195e-06,16319,
526,0.00025152729358524084,2.030160976573825e-05,1.1438570481914212e-06,16329,
526,,,,16336,0.00028169192955829203
527,0.00028325998573563993,2.2535105017595924e-05,1.1279554428256233e-06,16339,
527,0.0002722331555560231,2.4227900212281384e-05,1.339090772489726e-06,16349,
527,0.0002738545590545982,2.039486753346864e-05,1.199709799948323e-06,16359,
527,,,,16367,0.00027923675952479243
528,0.00025752457440830767,1.9692315618158318e-05,1.172799102278077e-06,16369,
528,0.00026711818645708263,2.101452810165938e-05,1.1223168030483066e-06,16379,
528,0.0002803795214276761,3.078205918427557e-05,1.1011590004272875e-06,16389,
528,,,,16398,0.0002778526395559311
529,0.0002488866448402405,2.2522361177834682e-05,1.0970726407322218e-06,16399,
529,0.00026407759287394583,2.2858077500131913e-05,1.1494701084302505e-06,16409,
529,0.0002619159349706024,1.9294660887680948e-05,1.1334054761391599e-06,16419,
529,0.00011665028432616964,1.7204323739861138e-05,5.044429762790514e-09,16429,
529,,,,16429,0.00028589527937583625
530,0.00033614932908676565,2.4141596441040747e-05,1.3058528338660835e-06,16439,
530,0.00024738084175623953,2.1334924895199947e-05,1.0585317795630544e-06,16449,
530,0.00022584140242543072,1.9261407942394726e-05,1.0437637456561788e-06,16459,
530,,,,16460,0.0002948535548057407
531,0.00027033695369027555,2.018449958995916e-05,1.1693678061419632e-06,16469,
531,0.00024809109163470566,1.954531398951076e-05,1.0827584446815308e-06,16479,
531,0.0002341564540984109,2.0791047063539736e-05,1.0905827139140456e-06,16489,
531,,,,16491,0.000275031547062099
532,0.00026367988903075457,2.2013358830008656e-05,1.1073221912738518e-06,16499,
532,0.0002538729168009013,2.105264866258949e-05,1.149734544014791e-06,16509,
532,0.00025476462906226516,2.1067951820441522e-05,1.1209289141334011e-06,16519,
532,,,,16522,0.00027480910648591816
533,0.0002602257300168276,2.1429637854453176e-05,1.1002307473972905e-06,16529,
533,0.0002540982677601278,2.012403456319589e-05,1.092801312552183e-06,16539,
533,0.0002639396407175809,2.0179555576760322e-05,1.061901912180474e-06,16549,
533,,,,16553,0.0002792193554341793
534,0.0002419264637865126,2.4099212168948725e-05,1.1376841939636506e-06,16559,
534,0.0002547483309172094,2.0773015421582386e-05,1.0652485116224852e-06,16569,
534,0.0002451800974085927,1.932996565301437e-05,9.813101087274845e-07,16579,
534,,,,16584,0.00027579368907026947
535,0.0002693920978344977,1.8786782675306313e-05,1.2010123100480996e-06,16589,
535,0.0002632317191455513,2.076634336845018e-05,1.135119418904651e-06,16599,
535,0.00026621893630363047,2.09060417546425e-05,1.264226739294827e-06,16609,
535,,,,16615,0.0002754077431745827
536,0.0002643238694872707,2.2598787836614065e-05,1.159708062914433e-06,16619,
536,0.0002465786237735301,2.417453288217075e-05,1.0868806157304789e-06,16629,
536,0.0002480860275682062,2.0092769773327745e-05,1.1302346365482663e-06,16639,
536,,,,16646,0.00027761777164414525
537,0.0003003822348546237,2.5831812308751978e-05,1.1223040701224818e-06,16649,
537,0.0002644894120749086,2.3436003175447695e-05,1.3192161532060709e-06,16659,
537,0.0002773036540020257,2.0109493561903946e-05,1.1933020687138196e-06,16669,
537,,,,16677,0.0002975307288579643
538,0.00031213570036925375,2.06509303097846e-05,1.1790989447035827e-06,16679,
538,0.00027432155911810696,2.1611573174595833e-05,1.1090799034718657e-06,16689,
538,0.0002567200572229922,2.1306104827090167e-05,1.0846790701179998e-06,16699,
538,,,,16708,0.00026721731410361826
539,0.00023868099378887564,2.1613730496028438e-05,1.0947038617814542e-06,16709,
539,0.00026030137087218463,2.1435453163576312e-05,1.14451177068986e-06,16719,
539,0.0002570904034655541,1.8876478861784562e-05,1.1219048019484035e-06,16729,
539,0.00011209678632440045,1.540713492431678e-05,4.991262958498055e-09,16739,
539,,,,16739,0.0002788355341181159
540,0.0003023410972673446,2.1529651348828338e-05,1.2517162986114272e-06,16749,
540,0.00023584775044582784,2.0366367607493885e-05,1.0312726317351917e-06,16759,
540,0.00022194281336851418,1.872903885669075e-05,1.0196982884735917e-06,16769,
540,,,,16770,0.00026778082246892154
541,0.00025848933728411794,1.9629907910712063e-05,1.1499460015329532e-06,16779,
541,0.00024220744671765715,1.9703462385223247e-05,1.0560471537246485e-06,16789,
541,0.00022312223154585809,1.9949671695940197e-05,1.0559431302681332e-06,16799,
541,,,,16801,0.00026595345116220415
542,0.0002502868592273444,2.2052716303733177e-05,1.074225679076335e-06,16809,
542,0.00024391410988755524,1.925155629578512e-05,1.1238258821322233e-06,16819,
542,0.00024611467961221933,1.9880895706592128e-05,1.088797489501303e-06,16829,
542,,,,16832,0.00026694187545217574
543,0.00024749484146013856,2.0886682250420563e-05,1.0759413271443918e-06,16839,
543,0.00025722800637595356,2.0822559235966764e-05,1.0831901136043598e-06,16849,
543,0.0002580792352091521,1.983865149668418e-05,1.0432910357849323e-06,16859,
543,,,,16863,0.0002682376652956009
544,0.00023198826238512993,2.0898560251225717e-05,1.1164200941493618e-06,16869,
544,0.0002471866609994322,2.0813869923586026e-05,1.0481012395757716e-06,16879,
544,0.00023711066751275212,1.8313674445380457e-05,9.631763759898604e-07,16889,
544,,,,16894,0.0002670121903065592
545,0.0002707888197619468,1.877965587482322e-05,1.1969235629294417e-06,16899,
545,0.0002662946644704789,2.446807047817856e-05,1.1223620504097198e-06,16909,
545,0.00025640963576734066,1.8974842532770708e-05,1.2562106803670758e-06,16919,
545,,,,16925,0.0002725525700952858
546,0.00026403594529256225,2.0418825442902744e-05,1.1396391528251115e-06,16929,
546,0.00022753846133127809,1.953514220076613e-05,1.0577830380498199e-06,16939,
546,0.00024097322602756321,1.9841018001898192e-05,1.1136031616842956e-06,16949,
546,,,,16956,0.0002709431864786893
547,0.0003106498916167766,2.2744045054423623e-05,1.125988433159364e-06,16959,
547,0.00025915331207215786,2.333436714252457e-05,1.2992558140467736e-06,16969,
547,0.0002650854585226625,2.0789539121324196e-05,1.176449245576805e-06,16979,
547,,,,16987,0.00026553196948952973
548,0.0002489032631274313,1.84977070603054e-05,1.1358509937053896e-06,16989,
548,0.0002534890081733465,2.212718391092494e-05,1.0863129773497349e-06,16999,
548,0.00024159671738743782,1.956939922820311e-05,1.059719920704083e-06,17009,
548,,,,17018,0.0002649685775395483
549,0.00023545793374069035,2.361074075452052e-05,1.0611589686959633e-06,17019,
549,0.00024502843734808266,1.9766788682318293e-05,1.1064872751376242e-06,17029,
549,0.00024840870173648,1.854129004641436e-05,1.099943460758368e-06,17039,
549,0.00011427733261371031,1.1890873793163337e-05,4.982204870884743e-09,17049,
549,,,,17049,0.0002645609783940017
550,0.0002915722143370658,1.9747993064811453e-05,1.2299586842345889e-06,17059,
550,0.00022953831648919731,2.0585577658494003e-05,1.0108246897289064e-06,17069,
550,0.00021726370323449373,1.8584079953143373e-05,1.0015789939643582e-06,17079,
550,,,,17080,0.00026362514472566545
551,0.0002638016012497246,2.0127847164985724e-05,1.1347916597514995e-06,17089,
551,0.00023529199825134128,1.8877726688515395e-05,1.0398524636912043e-06,17099,
551,0.00022480729967355728,2.0192101146676578e-05,1.0486076007509837e-06,17109,
551,,,,17111,0.0002682995982468128
552,0.00026089229504577816,2.1205643861321732e-05,1.073085059033474e-06,17119,
552,0.00025401468155905604,2.3320097170653753e-05,1.1318562656015274e-06,17129,
552,0.00024195342848543078,1.9041992345592007e-05,1.0779878039102186e-06,17139,
552,,,,17142,0.00026589713525027037
553,0.00025520200142636895,2.0793093426618725e-05,1.072541522262327e-06,17149,
553,0.0002493974461685866,2.3237038476509042e-05,1.0721246326284017e-06,17159,
553,0.00025137863121926785,1.9757049813051708e-05,1.0284171594321379e-06,17169,
553,,,,17173,0.0002631139650475234
554,0.00023123127175495028,2.0767960450029932e-05,1.1052209174522432e-06,17179,
554,0.0002564492460805923,2.557446168793831e-05,1.0419734053357388e-06,17189,
554,0.00023130122281145304,1.8095835912390612e-05,9.451832738704979e-07,17199,
554,,,,17204,0.0002617169520817697
555,0.0002597481943666935,1.9429533494985662e-05,1.1730862752301618e-06,17209,
555,0.000258950749412179,2.2358948626788333e-05,1.116230919251393e-06,17219,
555,0.00025095720775425434,1.824329956434667e-05,1.2519052461357205e-06,17229,
555,,,,17235,0.0002603860048111528
556,0.00025082528009079397,1.9181708921678364e-05,1.11987162654259e-06,17239,
556,0.0002358889178140089,2.43162448896328e-05,1.0494823072804138e-06,17249,
556,0.00023475596390198916,1.9292545403004624e-05,1.0876369742618408e-06,17259,
556,,,,17266,0.00025822449242696166
557,0.0002735695743467659,1.975087980099488e-05,1.0977536248901743e-06,17269,
557,0.0002491342893335968,2.3153381334850565e-05,1.269210201826354e-06,17279,
557,0.0002596031117718667,1.9848257579724304e-05,1.1490624274301808e-06,17289,
557,,,,17297,0.0002663758350536227
558,0.00024940932053141296,1.8852417269954458e-05,1.135205593527644e-06,17299,
558,0.0002426810679025948,1.8212143913842738e-05,1.070907956091105e-06,17309,
558,0.0002463814162183553,2.3286129362531938e-05,1.0541947403908125e-06,17319,
558,,,,17328,0.00026104258722625673
559,0.0002306433889316395,2.1916717741987668e-05,1.0447661225043703e-06,17329,
559,0.0002603185421321541,1.973451435333118e-05,1.0984997516061412e-06,17339,
559,0.0002500863338354975,1.8074557374347933e-05,1.0902994063144433e-06,17349,
559,0.0001073250750778243,1.2106871508876793e-05,4.851988144594088e-09,17359,
559,,,,17359,0.00026860274374485016
560,0.0002875656937249005,1.9513197912601754e-05,1.2235608437549672e-06,17369,
560,0.00022382382303476334,1.989204974961467e-05,9.994488436859683e-07,17379,
560,0.00021114292030688375,1.8037686459138058e-05,9.840559869189747e-07,17389,
560,,,,17390,0.000263106485363096
561,0.00025516204186715186,1.9882940250681713e-05,1.1262038697168464e-06,17399,
561,0.00023042962129693478,1.8549788364907727e-05,1.0206686056335457e-06,17409,
561,0.000211451348150149,1.8468528651283123e-05,1.020150193653535e-06,17419,
561,,,,17421,0.00025662037660367787
562,0.00024553199182264507,2.1194473447394557e-05,1.0445565976624493e-06,17429,
562,0.00023573599173687398,1.9113713278784417e-05,1.1059057669626782e-06,17439,
562,0.00023355237499345094,1.9033377611776814e-05,1.0487195822861395e-06,17449,
562,,,,17452,0.0002543518494348973
563,0.00023725323262624443,1.926261029439047e-05,1.0498644087419962e-06,17459,
563,0.0002391967282164842,2.0479985323618166e-05,1.0529034852879704e-06,17469,
563,0.0002446758735459298,1.9246313968324102e-05,1.013048517961579e-06,17479,
563,,,,17483,0.0002537108666729182
564,0.0002226760407211259,2.0317747839726508e-05,1.0827866390172858e-06,17489,
564,0.0002578287967480719,2.6737150619737804e-05,1.0269192216583178e-06,17499,
564,0.00022746730246581137,1.8110898963641375e-05,9.303298611484934e-07,17509,
564,,,,17514,0.00025386150809936225
565,0.0002565935719758272,1.8030850696959533e-05,1.1615885568971862e-06,17519,
565,0.00024393267813138664,1.953450009750668e-05,1.0978171758324606e-06,17529,
565,0.0002476507506798953,1.8880147763411514e-05,1.233531975231017e-06,17539,
565,,,,17545,0.00025131439906544983
566,0.000251562159974128,1.9045432054554112e-05,1.106078570956015e-06,17549,
566,0.00022835025447420776,2.4447090254398063e-05,1.0337161029383424e-06,17559,
566,0.00022689628531225026,1.8926451957668178e-05,1.0725756283136434e-06,17569,
566,,,,17576,0.00025331912911497056
567,0.00026426787371747196,1.905736826302018e-05,1.0785544191094232e-06,17579,
567,0.0002402377431280911,2.0117760868743062e-05,1.248851958735031e-06,17589,
567,0.0002546531904954463,1.9799806977971457e-05,1.1360324378983933e-06,17599,
567,,,,17607,0.00025914516299963
568,0.00024759434745647013,1.9753892047447152e-05,1.095493303182593e-06,17609,
568,0.00024936976842582226,2.0225312255206518e-05,1.0800195013871416e-06,17619,
568,0.00023062457330524921,1.9763881937251426e-05,1.0354766573072993e-06,17629,
568,,,,17638,0.0002551532525103539
569,0.0002242434857180342,2.1506180928554386e-05,1.0245737485092832e-06,17639,
569,0.00023770004918333143,1.955472725967411e-05,1.0717457143982756e-06,17649,
569,0.00024788102018646896,1.8644586816662923e-05,1.0792041393870022e-06,17659,
569,0.0001065960677806288,1.4396823644347023e-05,4.783676121888902e-09,17669,
569,,,,17669,0.000272515433607623
570,0.00028832940733991563,2.0314177163527347e-05,1.2142252217017813e-06,17679,
570,0.00022413603437598795,2.18060813494958e-05,9.812395092012594e-07,17689,
570,0.0002095666859531775,1.8354501662543043e-05,9.617801879358012e-07,17699,
570,,,,17700,0.000261609791778028
571,0.00024391195620410144,1.8506045307731256e-05,1.1043491667805938e-06,17709,
571,0.0002358711208216846,1.8393433492747135e-05,1.019877799990354e-06,17719,
571,0.00021230294078122824,1.9432480257819407e-05,1.0091428066516528e-06,17729,
571,,,,17731,0.0002606195048429072
572,0.0002321201900485903,2.2458876628661528e-05,1.02218029951473e-06,17739,
572,0.00024130816746037453,1.8793320123222657e-05,1.0893542139456258e-06,17749,
572,0.00023796272580511868,2.1919802748016082e-05,1.0355264521422214e-06,17759,
572,,,,17762,0.0002691909030545503
573,0.00024083498283289373,2.011276774283033e-05,1.0412283018013113e-06,17769,
573,0.00023242042516358197,1.89409802260343e-05,1.0504313650017139e-06,17779,
573,0.00023873044119682163,1.8598278984427452e-05,1.0057203780888813e-06,17789,
573,,,,17793,0.0002524025330785662
574,0.00025975637254305184,2.5744422600837424e-05,1.0943186907752533e-06,17799,
574,0.0002402491809334606,1.9200173483113758e-05,1.0263894409945351e-06,17809,
574,0.0002218466397607699,1.6523690646863542e-05,9.290492357649782e-07,17819,
574,,,,17824,0.0002488932805135846
575,0.0002663492050487548,2.5656763682491146e-05,1.1533471706570708e-06,17829,
575,0.00023473099281545728,1.8129741874872707e-05,1.090293380912044e-06,17839,
575,0.00024078803835436702,1.7873962860903703e-05,1.2303067933316925e-06,17849,
575,,,,17855,0.00025523939984850585
576,0.0002414122864138335,1.8416061720927246e-05,1.0924286470981315e-06,17859,
576,0.00021418803953565657,1.9484867152641527e-05,1.0144008228962775e-06,17869,
576,0.0002293467114213854,1.8482633095118217e-05,1.0732572945926222e-06,17879,
576,,,,17886,0.0002503445139154792
577,0.00025831954553723335,1.969961158465594e-05,1.0755029506981373e-06,17889,
577,0.00023239733127411455,1.8670649296836928e-05,1.2356964589343988e-06,17899,
577,0.0002470125036779791,1.882921606011223e-05,1.1193160389666446e-06,17909,
577,,,,17917,0.0002518913534004241
578,0.00023444739053957164,1.98850884771673e-05,1.0902411986535299e-06,17919,
578,0.0002304911322426051,1.696257277217228e-05,1.045560111379018e-06,17929,
578,0.00022381315648090094,1.8110016753780656e-05,1.0240922847515321e-06,17939,
578,,,,17948,0.00024717190535739064
579,0.00021599821047857404,1.9613658878370188e-05,1.0153045195693267e-06,17949,
579,0.0002320887433597818,1.925392098200973e-05,1.0582721188256983e-06,17959,
579,0.00023568507458548993,1.8107788491761312e-05,1.0579223044260289e-06,17969,
579,0.00010105753608513623,1.4952972378523555e-05,4.6441970269484045e-09,17979,
579,,,,17979,0.00026245685876347125
580,0.0002827758726198226,2.2155729311634786e-05,1.202046973958204e-06,17989,
580,0.00022300431737676263,1.9507646356942132e-05,9.735899766383227e-07,17999,
580,0.0002003902627620846,1.7401709555997513e-05,9.473931754655496e-07,18009,
580,,,,18010,0.00025383124011568725
581,0.00024718724307604134,1.842264100559987e-05,1.0987723726429977e-06,18019,
581,0.00022561251535080373,1.9437220544205047e-05,9.947740409188555e-07,18029,
581,0.00020270627283025533,1.7921662220032886e-05,9.841060091275722e-07,18039,
581,,,,18041,0.00024764722911641
582,0.00022807934146840125,1.8980226741405204e-05,1.0093676792166661e-06,18049,
582,0.00023105027503333986,2.1137731891940348e-05,1.0771711913548643e-06,18059,
582,0.00022334295499604195,1.8008291590376757e-05,1.007177615974797e-06,18069,
582,,,,18072,0.0002461238473188132
583,0.00022341696603689343,1.7773409126675688e-05,1.0275565500705852e-06,18079,
583,0.00023182763834483922,1.8832759451470338e-05,1.0342330369894626e-06,18089,
583,0.00023646309273317456,1.9282661014585756e-05,9.894524737319443e-07,18099,
583,,,,18103,0.00025858081062324345
584,0.0002173273969674483,2.0273459085728973e-05,1.054371750797145e-06,18109,
584,0.00024003595171961933,2.1533769540837966e-05,1.002968815555505e-06,18119,
584,0.00021786869911011308,1.6335992768290453e-05,9.110614200835698e-07,18129,
584,,,,18134,0.00026106383302249014
585,0.00024774999474175274,1.9850062017212622e-05,1.1312436072330456e-06,18139,
585,0.00023951726325321943,1.885041274363175e-05,1.0930911003015353e-06,18149,
585,0.0002360060316277668,1.7884311091620475e-05,1.2162853408881347e-06,18159,
585,,,,18165,0.00024292126181535423
586,0.00023595598759129643,1.912669358716812e-05,1.0748335625976324e-06,18169,
586,0.0002128570049535483,2.0138702893746085e-05,9.963914635591209e-07,18179,
586,0.00021702512458432466,1.8341959730605595e-05,1.0456183190399315e-06,18189,
586,,,,18196,0.0002451899053994566
587,0.0002504775475244969,1.9128641724819317e-05,1.0564776857791003e-06,18199,
587,0.00022787829220760614,1.9520472051226534e-05,1.2130976756452583e-06,18209,
587,0.0002417147916276008,1.9004111891263165e-05,1.0989062957378337e-06,18219,
587,,,,18227,0.00024811821640469134
588,0.00022864624042995274,1.8397997337160632e-05,1.0550437536949175e-06,18229,
588,0.00023207151389215142,1.6736343241063878e-05,1.0458829819981474e-06,18239,
588,0.00023284618509933352,2.143486744898837e-05,1.0273723773934762e-06,18249,
588,,,,18258,0.00024647702230140567
589,0.00021477689733728766,2.3358777980320156e-05,9.944257044480764e-07,18259,
589,0.00023178056289907545,2.1722107703681104e-05,1.047027467393491e-06,18269,
589,0.00022864564380142838,1.7146750906249508e-05,1.0462007367095794e-06,18279,
589,9.810608753468841e-05,1.1925208127649967e-05,4.532470398999067e-09,18289,
589,,,,18289,0.0002442056720610708
590,0.0002757232869043946,2.1286163246259093e-05,1.1765324643420172e-06,18299,
590,0.00021338016085792333,1.887231155706104e-05,9.562786544847768e-07,18309,
590,0.00020596125978045166,1.97340123122558e-05,9.41023870382196e-07,18319,
590,,,,18320,0.00028274027863517404
591,0.00026863714447245,1.9477236492093652e-05,1.1018291843356565e-06,18329,
591,0.00022483072825707495,1.9684977814904414e-05,9.81788502940617e-07,18339,
591,0.00019868829986080527,1.7627611669013277e-05,9.713917279441375e-07,18349,
591,,,,18351,0.0002663566847331822
592,0.00022752145014237612,2.233886880276259e-05,9.97200800156861e-07,18359,
592,0.00022189982701092958,1.7923617633641697e-05,1.0811950232891832e-06,18369,
592,0.00021849866607226431,1.7950758774532005e-05,9.902259989758022e-07,18379,
592,,,,18382,0.00023761478951200843
593,0.0002244567294837907,1.775452255969867e-05,1.0169794677494792e-06,18389,
593,0.0002369623543927446,2.4089871658361517e-05,1.0295094625689671e-06,18399,
593,0.00022960611386224627,1.864323712652549e-05,9.822799711400876e-07,18409,
593,,,,18413,0.00023857448832131922
594,0.00021099075092934072,1.8616825400386006e-05,1.040233996718598e-06,18419,
594,0.00022975142928771675,2.0807612600037828e-05,9.808346703721327e-07,18429,
594,0.00021511506929527968,1.691521902102977e-05,8.981511427919031e-07,18439,
594,,,,18444,0.0002428011066513136
595,0.00023816489556338638,1.6974765458144248e-05,1.1169397566845873e-06,18449,
595,0.00022428558440878987,1.6531232176930644e-05,1.0677521231627907e-06,18459,
595,0.00023184390738606453,1.7986812963499688e-05,1.1948674227824085e-06,18469,
595,,,,18475,0.0002506201562937349
596,0.0002547690528444946,2.317809048690833e-05,1.0623355137795443e-06,18479,
596,0.00021079290308989584,2.0471921743592247e-05,9.859554666036274e-07,18489,
596,0.00021297040802892298,1.7544864022056572e-05,1.0293335890310118e-06,18499,
596,,,,18506,0.0002556537219788879
597,0.00025554897729307413,2.3388927729683928e-05,1.0489243322808761e-06,18509,
597,0.0002273634308949113,1.850260559876915e-05,1.2032000995532144e-06,18519,
597,0.00023640492872800678,1.8291173546458595e-05,1.0836971569005982e-06,18529,
597,,,,18537,0.00023670730297453701
598,0.00021725987608078867,1.8323537005926482e-05,1.0373879604230751e-06,18539,
598,0.00022578143398277462,1.665954005147796e-05,1.0225924143014709e-06,18549,
598,0.0002188030630350113,1.9170480300090276e-05,1.0047793921330594e-06,18559,
598,,,,18568,0.00023378625337500125
599,0.00020205677719786763,1.9362203602213413e-05,9.788810757527244e-07,18569,
599,0.0002391026064287871,1.928203164425213e-05,1.0348177283958648e-06,18579,
599,0.00023320123727899045,2.094979390676599e-05,1.0428499308545724e-06,18589,
599,0.00010130937880603597,1.3174835657991935e-05,4.524042473974532e-09,18599,
599,,,,18599,0.00024194532306864858
600,0.0002766189572867006,1.8521954189054668e-05,1.1749821169360075e-06,18609,
600,0.00021104364714119583,1.892821273941081e-05,9.496022244093183e-07,18619,
600,0.00019466910453047603,1.709080061118584e-05,9.221389518643264e-07,18629,
600,,,,18630,0.0002522366412449628
601,0.00024290464352816343,2.0182240405119956e-05,1.0808556680785841e-06,18639,
601,0.00021668517729267478,1.710784090391826e-05,9.607338142814115e-07,18649,
601,0.00019305586465634406,1.6916534150368534e-05,9.496647521700652e-07,18659,
601,,,,18661,0.000240046763792634
602,0.0002207658690167591,1.8677767002373002e-05,9.784133681023377e-07,18669,
602,0.00021889634081162512,1.9348974092281424e-05,1.0657996654117596e-06,18679,
602,0.00021305515838321298,1.760882696544286e-05,9.77725107986771e-07,18689,
602,,,,18692,0.00024111922539304942
603,0.00022512441501021385,1.735205478325952e-05,1.00579029549408e-06,18699,
603,0.0002270016266265884,2.1641308194375597e-05,1.0132536090168287e-06,18709,
603,0.00022282441204879433,1.7529531760374084e-05,9.672935448179487e-07,18719,
603,,,,18723,0.0002350053546251729
604,0.0002049958420684561,1.7455455235904083e-05,1.0272274266753811e-06,18729,
604,0.00023410198627971113,2.3544702344224788e-05,9.704220929052099e-07,18739,
604,0.00021004046720918268,1.6238911484833807e-05,8.858622777552227e-07,18749,
604,,,,18754,0.0002309047558810562
605,0.00023460063675884157,1.645344491407741e-05,1.1065829994549858e-06,18759,
605,0.00024286244297400117,2.2263584469328634e-05,1.0692226624087198e-06,18769,
605,0.00023241031158249825,1.7934527932084166e-05,1.2025232081214199e-06,18779,
605,,,,18785,0.0002374601608607918
606,0.00023904672707431018,1.877072463685181e-05,1.062170213117497e-06,18789,
606,0.00020179213606752455,1.8731030650087632e-05,9.660908517616917e-07,18799,
606,0.00021111010573804379,1.803845225367695e-05,1.0167505024583079e-06,18809,
606,,,,18816,0.00023470430460292846
607,0.0002552444057073444,1.879360388556961e-05,1.0497687981114723e-06,18819,
607,0.00021875534730497748,1.857091956480872e-05,1.1760594134102575e-06,18829,
607,0.00023266742937266827,1.830738256103359e-05,1.0691544503060868e-06,18839,
607,,,,18847,0.00024238978221546859
608,0.00023915515339467674,2.2831502064946108e-05,1.0605307352307136e-06,18849,
608,0.00021828226454090327,1.619613431103062e-05,1.013382984638156e-06,18859,
608,0.00020846023107878864,1.6852354747243226e-05,9.940239351635682e-07,18869,
608,,,,18878,0.00025179589283652604
609,0.00021934369578957558,2.262429552501999e-05,9.776881597645115e-07,18879,
609,0.0002244716015411541,2.1120436940691434e-05,1.019516389533237e-06,18889,
609,0.0002257391024613753,1.6637348380754702e-05,1.0384781035099877e-06,18899,
609,9.956031863112003e-05,1.3451440281642135e-05,4.449611346046822e-09,18909,
609,,,,18909,0.0002483908028807491
610,0.00026076860376633704,1.7578457118361257e-05,1.1450168813098571e-06,18919,
610,0.00021333836775738746,2.0144134396105073e-05,9.362003083879245e-07,18929,
610,0.00018936484411824495,1.6549032807233743e-05,9.026531415656791e-07,18939,
610,,,,18940,0.00023482035612687469
611,0.00023143003636505455,1.7867059796117246e-05,1.0615710834827041e-06,18949,
611,0.0002078874531434849,1.6178704754565842e-05,9.450907896280114e-07,18959,
611,0.0001932560553541407,1.7659061995800585e-05,9.344811360278982e-07,18969,
611,,,,18971,0.0002299791667610407
612,0.0002080074918922037,1.7974016373045743e-05,9.525361406304e-07,18979,
612,0.0002140360593330115,1.7391070286976174e-05,1.0437037190058618e-06,18989,
612,0.00021497627312783152,1.9675611838465557e-05,9.629685564505053e-07,18999,
612,,,,19002,0.00023941822291817516
613,0.00021158136951271445,1.9150182197336107e-05,9.900466011458775e-07,19009,
613,0.00022622795950155705,1.8995902792084962e-05,1.0014621238951804e-06,19019,
613,0.00022332168009597808,1.7311984265688807e-05,9.528296800453973e-07,19029,
613,,,,19033,0.00024463579757139087
614,0.00020585829042829573,1.8302423995919526e-05,1.0121236755367136e-06,19039,
614,0.00022072363935876638,2.0404140741447918e-05,9.603051012163633e-07,19049,
614,0.00020567415049299598,1.5735842680442147e-05,8.797419468464796e-07,19059,
614,,,,19064,0.00023904490808490664
615,0.00024854514049366117,1.673849328653887e-05,1.124258915297105e-06,19069,
615,0.0002214804117102176,1.7378431948600337e-05,1.0512554808883579e-06,19079,
615,0.00023101319675333798,1.8469267160980962e-05,1.1706880513884244e-06,19089,
615,,,,19095,0.00023322628112509847
616,0.00023597291146870703,1.8733944671112113e-05,1.0441298172736424e-06,19099,
616,0.00020352943101897836,2.0060164388269186e-05,9.545391321807983e-07,19109,
616,0.00020751198462676257,1.8812690541381016e-05,1.0074481906485744e-06,19119,
616,,,,19126,0.00024781606043688953
617,0.0002934902731794864,2.070295886369422e-05,1.0663680996003677e-06,19129,
617,0.00023162599245551974,2.115613824571483e-05,1.1796088301707641e-06,19139,
617,0.00022917930618859828,1.7965259758057073e-05,1.062884507518902e-06,19149,
617,,,,19157,0.0002359663340030238
618,0.000223858529352583,1.880177114799153e-05,1.0168806738874991e-06,19159,
618,0.000221082431380637,1.6448981114081107e-05,1.005329636427632e-06,19169,
618,0.00020984484581276774,1.8715390979195945e-05,9.922658819050412e-07,19179,
618,,,,19188,0.00024290020519401878
619,0.0002106853644363582,2.0786554159712978e-05,9.731670616019983e-07,19189,
619,0.00022570321743842214,1.9582692402764224e-05,1.0430536576677696e-06,19199,
619,0.00022541426005773246,1.966154195542913e-05,1.032572754411376e-06,19209,
619,0.00010113022290170193,1.128750136558665e-05,4.34411884242536e-09,19219,
619,,,,19219,0.0002668512752279639
620,0.00026279414305463433,1.791823706298601e-05,1.1329914286761777e-06,19229,
620,0.00021550788369495422,1.8348660887568258e-05,9.442947543902847e-07,19239,
620,0.00018480868311598897,1.6186728316824883e-05,9.041361863637576e-07,19249,
620,,,,19250,0.00023012302699498832
621,0.00022214285854715854,1.7636331904213876e-05,1.0584750498310314e-06,19259,
621,0.00020578634575940669,1.685818460828159e-05,9.3731375727657e-07,19269,
621,0.0001861143100541085,1.6438110833405517e-05,9.184972213915898e-07,19279,
621,,,,19281,0.00022912523127160966
622,0.00020280397438909858,1.7506345102447085e-05,9.399173563906515e-07,19289,
622,0.00021926325280219316,2.1196410671109334e-05,1.0392778904133593e-06,19299,
622,0.00020917903748340905,1.761221938068047e-05,9.507075446890667e-07,19309,
622,,,,19312,0.00023266594507731497
623,0.0002108728076564148,1.7400150682078674e-05,9.8395094028092e-07,19319,
623,0.0002188442158512771,2.0136905732215382e-05,9.8996713404631e-07,19329,
623,0.00021611986448988318,1.742542917781975e-05,9.509832921139605e-07,19339,
623,,,,19343,0.00023345270892605186
624,0.00019857341249007732,1.694388447504025e-05,1.0062058208859526e-06,19349,
624,0.0002109844790538773,1.7219543224200606e-05,9.469276278650796e-07,19359,
624,0.00020544769358821213,1.6177209545276128e-05,8.704994911568065e-07,19369,
624,,,,19374,0.00026033943868242204
625,0.00022588683350477368,1.6929599951254204e-05,1.0889970099015045e-06,19379,
625,0.00021636941528413445,1.743338543747086e-05,1.0455285064381314e-06,19389,
625,0.00022335242829285562,1.774310840119142e-05,1.1782889259848162e-06,19399,
625,,,,19405,0.00023358174075838178
626,0.0002245223877253011,1.7053980627679266e-05,1.0453745744598564e-06,19409,
626,0.00019097082258667797,1.744369183143135e-05,9.40136885674292e-07,19419,
626,0.00019988641724921763,1.7029427908710204e-05,9.85544829745777e-07,19429,
626,,,,19436,0.0002260220207972452
627,0.00023737942683510482,1.9455235815257765e-05,1.0038128266387503e-06,19439,
627,0.00020893473993055522,1.7525053408462554e-05,1.141140614890901e-06,19449,
627,0.00022330749197863042,1.7447287973482162e-05,1.0393614502390847e-06,19459,
627,,,,19467,0.0002322081127204001
628,0.00021958965226076543,1.855178015830461e-05,1.0033952548837988e-06,19469,
628,0.0002162316086469218,1.7342927094432525e-05,1.0016503892984474e-06,19479,
628,0.00020553429203573614,1.7097989257308654e-05,9.816155852604425e-07,19489,
628,,,,19498,0.00022666600125376135
629,0.000194250897038728,1.772464020177722e-05,9.353860264127434e-07,19499,
629,0.00021325951092876494,1.9476636225590482e-05,9.924131063598907e-07,19509,
629,0.0002137657138518989,1.6040654372773133e-05,1.0089100896948366e-06,19519,
629,9.208523260895163e-05,1.0777705028885975e-05,4.216097693188203e-09,19529,
629,,,,19529,0.00022341190197039396
630,0.00025544367963448167,1.7332527932012454e-05,1.1177435226272792e-06,19539,
630,0.00019881539628840983,1.7422276869183406e-05,9.099626936404093e-07,19549,
630,0.00018860360432881862,1.7655722331255674e-05,8.88004137777898e-07,19559,
630,,,,19560,0.00022304427693597972
631,0.00022826121130492538,1.8280215954291634e-05,1.0428090035929927e-06,19569,
631,0.00020127966126892716,1.6083204172900878e-05,9.223344363817887e-07,19579,
631,0.00018802718841470778,1.6895897715585306e-05,9.071058570953028e-07,19589,
631,,,,19591,0.00022661188268102705
632,0.00021049338101875037,1.6836385839269497e-05,9.44304815675423e-07,19599,
632,0.00021244569506961852,2.0493736883508973e-05,1.0292876595485723e-06,19609,
632,0.00020080961985513568,1.6491372662130743e-05,9.354844792142103e-07,19619,
632,,,,19622,0.00022268186148721725
633,0.00020735924772452563,1.6267926184809767e-05,9.719386753204162e-07,19629,
633,0.00023320787295233458,2.5286368327215314e-05,9.92773152574955e-07,19639,
633,0.0002150399814127013,1.7975980881601572e-05,9.465400694352866e-07,19649,
633,,,,19653,0.00023969290487002581
634,0.00020679738372564316,2.0240067897248082e-05,9.885939107334707e-07,19659,
634,0.0002114685339620337,1.720160071272403e-05,9.390736863679194e-07,19669,
634,0.00020182358275633305,1.5118045666895341e-05,8.626601584182936e-07,19679,
634,,,,19684,0.00023822115326765925
635,0.0002306342066731304,1.8276710761711e-05,1.083411348190566e-06,19689,
635,0.00022122831433080137,1.8294034816790372e-05,1.0398385938970023e-06,19699,
635,0.000217872453504242,1.6051935745053925e-05,1.1587183053052286e-06,19709,
635,,,,19715,0.00022499692568089813
636,0.0002127164334524423,1.693582998996135e-05,1.017732643049385e-06,19719,
636,0.00019665721629280597,2.0660902009694837e-05,9.354880603495985e-07,19729,
636,0.00019667891319841146,1.697211519058328e-05,9.74761519501044e-07,19739,
636,,,,19746,0.00021837062377016991
637,0.0002314801822649315,1.846362829382997e-05,1.0100328609041753e-06,19749,
637,0.00020264698832761496,1.6673582649673335e-05,1.1268433581790305e-06,19759,
637,0.00021623358770739287,1.6537207557121292e-05,1.0232822660327656e-06,19769,
637,,,,19777,0.00021814812498632818
638,0.000203601986868307,1.607635203981772e-05,9.851532922766637e-07,19779,
638,0.0002105534658767283,1.6689007679815404e-05,9.84957978289458e-07,19789,
638,0.00020610766659956425,1.81626728590345e-05,9.769231610334828e-07,19799,
638,,,,19808,0.00021724923863075674
639,0.00018518946308176965,1.7499542082077824e-05,9.252493100575521e-07,19809,
639,0.0002080059057334438,1.8418391846353188e-05,9.823811524256598e-07,19819,
639,0.00021934846881777048,1.8686900148168206e-05,1.0014697409133078e-06,19829,
639,8.841562521411106e-05,1.2375190635793842e-05,4.145661147703095e-09,19839,
639,,,,19839,0.0002198693691752851
640,0.0002536397660151124,1.8625485608936287e-05,1.1116062523797154e-06,19849,
640,0.00019311273354105651,1.648912984819617e-05,9.04793921563396e-07,19859,
640,0.00018633245781529695,1.8265940525452606e-05,8.781747169450682e-07,19869,
640,,,,19870,0.0002257456217193976
641,0.0002303143555764109,1.7427175407647155e-05,1.0367854201831506e-06,19879,
641,0.00019643020641524345,1.5528887161053717e-05,9.103109164243506e-07,19889,
641,0.0001814448623917997,1.6052950741141103e-05,8.901693036023062e-07,19899,
641,,,,19901,0.00023456195776816458
642,0.0002052219642791897,1.8919387002824806e-05,9.275944421460736e-07,19909,
642,0.00020217396377120167,1.6666381270624697e-05,1.0255056395180873e-06,19919,
642,0.00020204410247970372,1.6350435544154607e-05,9.232550155502395e-07,19929,
642,,,,19932,0.0002268348034704104
643,0.00020458638027776033,1.7643917090026662e-05,9.683141115601757e-07,19939,
643,0.00020880639203824103,1.7670352463028394e-05,9.661092690294026e-07,19949,
643,0.00021115713752806187,1.801342841645237e-05,9.339563007415563e-07,19959,
643,,,,19963,0.0002185777120757848
644,0.00019075293675996363,1.6978729036054574e-05,9.7344241112296e-07,19969,
644,0.00022338269627653062,2.140123979188502e-05,9.238619895768352e-07,19979,
644,0.0001947304408531636,1.4925938558008056e-05,8.54628353863518e-07,19989,
644,,,,19994,0.00022428107331506908
645,0.00021749746520072222,1.6456391676911153e-05,1.0593203114694916e-06,19999,
645,0.00022286258172243834,2.0760533516295254e-05,1.0302836699338513e-06,20009,
645,0.00021704231039620936,1.6479887563036755e-05,1.1459985671535833e-06,20019,
645,,,,20025,0.00022537607583217323
646,0.00021384769934229553,1.6532896552234888e-05,1.0118842510564718e-06,20029,
646,0.00018806826847139746,1.7889555238070898e-05,9.217549177265028e-07,20039,
646,0.00019512019935064018,1.745231929817237e-05,9.624918675399385e-07,20049,
646,,,,20056,0.00021475761604961008
647,0.00022164119582157582,1.7092699636123143e-05,9.808080676521058e-07,20059,
647,0.0002062617859337479,1.8922279195976444e-05,1.1122938303742558e-06,20069,
647,0.00021655696036759764,1.791683644114528e-05,1.0116915518665337e-06,20079,
647,,,,20087,0.0002218844456365332
648,0.00021192143321968615,1.624340256967116e-05,9.86807890512864e-07,20089,
648,0.0002129354397766292,1.5769755918881856e-05,9.914400607158314e-07,20099,
648,0.00019526889082044363,1.707378942228388e-05,9.660370778874494e-07,20109,
648,,,,20118,0.0002227668446721509
649,0.00019036610319744796,1.979037006094586e-05,9.118805905927729e-07,20119,
649,0.00021233742882031947,1.7531046978547238e-05,9.727200449560769e-07,20129,
649,0.0002192521933466196,1.765834713296499e-05,1.001398572952894e-06,20139,
649,9.197941108141094e-05,1.3025156476942357e-05,4.117609364584496e-09,20149,
649,,,,20149,0.00022647871810477227
650,0.00025106166140176356,1.99224850803148e-05,1.0996325272571994e-06,20159,
650,0.00019388642976991832,1.723466812109109e-05,8.971516081146547e-07,20169,
650,0.0001759670121828094,1.6248304746113718e-05,8.583810426898708e-07,20179,
650,,,,20180,0.00022535242896992713
651,0.00022179336519911885,1.672227335802745e-05,1.0242122243653284e-06,20189,
651,0.00020089838653802872,1.5606779925292358e-05,8.997906206786865e-07,20199,
651,0.00017691731045488268,1.605642682989128e-05,8.701953788659011e-07,20209,
651,,,,20211,0.00021276931511238217
652,0.00019474343571346253,1.7886188288684934e-05,8.9886583509724e-07,20219,
652,0.00019714850350283086,1.6331377992173657e-05,1.004381829261547e-06,20229,
652,0.00019321432046126574,1.5886862456682138e-05,9.067981636690092e-07,20239,
652,,,,20242,0.00021484012540895492
653,0.0002015041100094095,1.751833588059526e-05,9.437362109565584e-07,20249,
653,0.00021614221623167396,2.254369610454887e-05,9.605369086784776e-07,20259,
653,0.00020770081027876586,1.711284858174622e-05,9.287455782214238e-07,20269,
653,,,,20273,0.00021473279048223048
654,0.00018682429799810052,1.6138714272528887e-05,9.564822676111362e-07,20279,
654,0.00020621842122636735,1.63365821208572e-05,9.091033916774904e-07,20289,
654,0.0001929290738189593,1.4346444913826417e-05,8.446569950137928e-07,20299,
654,,,,20304,0.0002143409219570458
655,0.00021256353647913784,1.5406585589516908e-05,1.0438556046210579e-06,20309,
655,0.0002063253486994654,1.5058185454108752e-05,1.0172125257668085e-06,20319,
655,0.00022091902792453766,1.9104674720438197e-05,1.141102188739751e-06,20329,
655,,,,20335,0.0002226543438155204
656,0.0002141744043910876,1.6513784430571832e-05,9.98324708234577e-07,20339,
656,0.00019543111557140946,1.919365422509145e-05,9.162120022665476e-07,20349,
656,0.00019520566274877638,1.8057167835650034e-05,9.536694847156468e-07,20359,
656,,,,20366,0.00021847836615052074
657,0.00022857979638502002,1.862621502368711e-05,9.909686013997998e-07,20369,
657,0.00020600082643795758,1.8309041479369625e-05,1.1045232213291456e-06,20379,
657,0.0002155050606233999,1.877637805591803e-05,1.004163323159446e-06,20389,
657,,,,20397,0.0002123806334566325
658,0.0001989856973523274,1.5586778317810968e-05,9.752177447808208e-07,20399,
658,0.00020349145052023232,1.5949466614983976e-05,9.703530849947128e-07,20409,
658,0.00019281003915239125,1.6755260730860755e-05,9.622326615499333e-07,20419,
658,,,,20428,0.00020976457744836807
659,0.00017790988204069436,1.7491835023975e-05,9.002821457215759e-07,20429,
659,0.00019982147205155343,1.7411604858352803e-05,9.599235681889695e-07,20439,
659,0.00020359647169243544,1.559729025757406e-05,9.889222383208107e-07,20449,
659,8.764890662860125e-05,1.0828704944287892e-05,3.994956365716007e-09,20459,
659,,,,20459,0.00021264587121549994
660,0.00023764275829307735,1.605376019142568e-05,1.0682414313123445e-06,20469,
660,0.0001908996346173808,1.6205736756091937e-05,8.798490966910322e-07,20479,
660,0.00017331591516267508,1.53504097397672e-05,8.514465434927843e-07,20489,
660,,,,20490,0.00020953915372956544
661,0.00021204967924859375,1.5510244338656776e-05,1.0080021866087918e-06,20499,
661,0.00020014004257973284,1.5815205188118853e-05,8.994007885121391e-07,20509,
661,0.00017993904475588351,1.7420568838133477e-05,8.709108669791021e-07,20519,
661,,,,20521,0.00021643673244398087
662,0.0001977672363864258,1.6282197975669987e-05,8.944897444962407e-07,20529,
662,0.0002117231924785301,2.1499890863196924e-05,9.912869245454203e-07,20539,
662,0.0001934938773047179,1.6785879779490642e-05,8.937281563703436e-07,20549,
662,,,,20552,0.00021029351046308875
663,0.00020062837575096637,1.5326839275076054e-05,9.391609410158708e-07,20559,
663,0.00022307255130726844,2.539546403568238e-05,9.617498335501296e-07,20569,
663,0.0002022687840508297,1.774793054210022e-05,9.225502708432032e-07,20579,
663,,,,20583,0.00023157731629908085
664,0.00020361714996397495,1.693756530585233e-05,9.659937632022775e-07,20589,
664,0.0002021984983002767,1.7752645362634212e-05,9.167059147330292e-07,20599,
664,0.000191555343917571,1.4481568541668821e-05,8.483007718496083e-07,20609,
664,,,,20614,0.00021622034546453506
665,0.00020897676586173475,1.5457637346116826e-05,1.0358854751757463e-06,20619,
665,0.00020148455223534256,1.541577512398362e-05,1.0001153896155301e-06,20629,
665,0.0002099606499541551,1.72269265021896e-05,1.1167353477503639e-06,20639,
665,,,,20645,0.00021063772146590054
666,0.0002113395748892799,1.6283780496451072e-05,9.784629355635843e-07,20649,
666,0.0001892254367703572,1.804488420020789e-05,9.025944223139959e-07,20659,
666,0.00018770956376101822,1.615963083168026e-05,9.395462257089093e-07,20669,
666,,,,20676,0.00022333094966597855
667,0.00023237626010086387,1.7630887668929063e-05,9.876458761937101e-07,20679,
667,0.00020396013860590756,1.7263722838833928e-05,1.0992911256835214e-06,20689,
667,0.00021022549481131136,1.7540978660690598e-05,9.91090587376675e-07,20699,
667,,,,20707,0.0002098589320667088
668,0.0001970389421330765,1.682337824604474e-05,9.657333066570573e-07,20709,
668,0.00020551502529997379,1.684877133811824e-05,9.55750920184073e-07,20719,
668,0.00018743821419775486,1.6434227291028947e-05,9.479917935095727e-07,20729,
668,,,,20738,0.0002059403050225228
669,0.0001740109291858971,1.5810588593012653e-05,8.861164815243683e-07,20739,
669,0.00019386710482649505,1.6199706806219183e-05,9.437837888981448e-07,20749,
669,0.0002076595410471782,1.7100832337746397e-05,9.826068207985372e-07,20759,
669,8.570791396778077e-05,1.3868605492461938e-05,3.947488114164344e-09,20769,
669,,,,20769,0.00021265105169732124
670,0.00024300187942571938,1.65227447723737e-05,1.0749517969088629e-06,20779,
670,0.000186942022992298,1.628223071747925e-05,8.761651315580821e-07,20789,
670,0.00017108726024162024,1.52879783854587e-05,8.38476466924476e-07,20799,
670,,,,20800,0.000205742588150315
671,0.00020591473730746657,1.5361902114818804e-05,9.9682063137152e-07,20809,
671,0.00019252937636338174,1.5993280612747185e-05,8.796205293037929e-07,20819,
671,0.00017443315300624818,1.6331037841155194e-05,8.478176596327103e-07,20829,
671,,,,20831,0.0002039160899585113
672,0.00018790265312418342,1.642928873479832e-05,8.736248560126114e-07,20839,
672,0.00020494860655162483,2.1907702830503695e-05,9.82375354396936e-07,20849,
672,0.00019491292187012732,1.863840407168027e-05,8.892009759620123e-07,20859,
672,,,,20862,0.00021827701129950583
673,0.00020398286869749427,1.564542435517069e-05,9.326800523012935e-07,20869,
673,0.00019161665113642812,1.5236087165249046e-05,9.324479606220848e-07,20879,
673,0.00019820360466837883,1.6498135664733127e-05,9.107996561397158e-07,20889,
673,,,,20893,0.00023480899108108133
674,0.0001981739333132282,1.7817514162743464e-05,9.515851502328587e-07,20899,
674,0.0002015844511333853,1.696336767054163e-05,9.081531402443943e-07,20909,
674,0.00018946168711408973,1.4765278137929272e-05,8.422780410910491e-07,20919,
674,,,,20924,0.0002087674365611747
675,0.0002096318785334006,1.6158730431925505e-05,1.0315648069081362e-06,20929,
675,0.0002085709129460156,1.902151052490808e-05,9.929602811098448e-07,20939,
675,0.00020368724653963,1.5594219803460874e-05,1.1064203135902062e-06,20949,
675,,,,20955,0.00020828847482334822
676,0.00020969551405869424,1.5561670807073824e-05,9.70149244494678e-07,20959,
676,0.00018834683578461409,2.025884168688208e-05,8.922616530071537e-07,20969,
676,0.00018591062689665705,1.591893487784546e-05,9.239097380486783e-07,20979,
676,,,,20986,0.00021397187083493918
677,0.00022463004279416054,1.7858255887404084e-05,9.730698593557463e-07,20989,
677,0.00019401039753574878,1.7378342818119563e-05,1.069621134774934e-06,20999,
677,0.0002010044700000435,1.564627564221155e-05,9.716372915136162e-07,21009,
677,,,,21017,0.00021170508989598602
678,0.0002003607660299167,1.56661553774029e-05,9.513137797512172e-07,21019,
678,0.00019582296954467893,1.4499042663373984e-05,9.474868534198322e-07,21029,
678,0.00018569338135421276,1.673212318564765e-05,9.415449540028931e-07,21039,
678,,,,21048,0.00022127862030174583
679,0.00018931609520222992,1.5939791410346515e-05,8.997857889880834e-07,21049,
679,0.00019688191241584718,1.689608870947268e-05,9.494083315075841e-07,21059,
679,0.0002003419940592721,1.602537122380454e-05,9.747999456521939e-07,21069,
679,8.331243589054793e-05,9.935391972248908e-06,3.95351262838517e-09,21079,
679,,,,21079,0.0002079756377497688
680,0.00023323808272834867,1.7277085134992376e-05,1.0450099807712832e-06,21089,
680,0.0001808443630579859,1.5293157048290595e-05,8.651389862279757e-07,21099,
680,0.0001647047174628824,1.4601182556361891e-05,8.280667884719151e-07,21109,
680,,,,21110,0.00020016988855786622
681,0.00020329894323367625,1.5193596482276917e-05,9.855135658654035e-07,21119,
681,0.00021103151084389538,2.37666790781077e-05,8.807959943624155e-07,21129,
681,0.00017151366046164185,1.8114229533239268e-05,8.404667823924683e-07,21139,
681,,,,21141,0.00020770731498487294
682,0.0001810113899409771,1.595559842826333e-05,8.624188012618106e-07,21149,
682,0.00018825268489308655,1.5667485058656894e-05,9.707727031127433e-07,21159,
682,0.00018483704479876906,1.5847965187276714e-05,8.733497338653251e-07,21169,
682,,,,21172,0.00020356760069262236
683,0.00018520269077271223,1.4808657397225033e-05,9.168563792627538e-07,21179,
683,0.0001925322721945122,1.5365827493951656e-05,9.250980497199635e-07,21189,
683,0.00019062920182477683,1.496973436587723e-05,8.97189465831616e-07,21199,
683,,,,21203,0.00020896618661936373
684,0.000195330532733351,2.3081220206222497e-05,9.260758702112071e-07,21209,
684,0.00020665882038883865,2.2230455215321854e-05,8.873586807567335e-07,21219,
684,0.00018491249647922814,1.4890756574459374e-05,8.26378141027817e-07,21229,
684,,,,21234,0.0002106207684846595
685,0.0002082652790704742,1.654032530495897e-05,1.0190042303293012e-06,21239,
685,0.00020723731722682714,1.5972489563864656e-05,9.955167570296908e-07,21249,
685,0.0002047714515356347,1.6458638128824532e-05,1.1063075362471864e-06,21259,
685,,,,21265,0.00021224185184109956
686,0.00019784820324275643,1.4800162716710474e-05,9.631476132199168e-07,21269,
686,0.00017744839715305716,1.6945343304541893e-05,8.789489811533713e-07,21279,
686,0.00018426279712002724,1.7513752027298324e-05,9.188423177874938e-07,21289,
686,,,,21296,0.00020531484915409237
687,0.00020993805082980543,1.719580359349493e-05,9.447591082789586e-07,21299,
687,0.000189372876775451,1.729821269691456e-05,1.0495135711607873e-06,21309,
687,0.0002026569563895464,1.745895679050591e-05,9.591783509677043e-07,21319,
687,,,,21327,0.0002005843271035701
688,0.00018979544984176755,1.4702088265039492e-05,9.384602321915736e-07,21329,
688,0.0001932118320837617,1.5057213204272557e-05,9.424549602954357e-07,21339,
688,0.00019099627388641238,1.8936283595394343e-05,9.416055490873987e-07,21349,
688,,,,21358,0.00021164625650271773
689,0.00017970328917726874,1.9356002667336725e-05,8.746609978516062e-07,21359,
689,0.00018936335982289165,1.6103424059110694e-05,9.256436328541895e-07,21369,
689,0.00019673512724693865,1.4748365174455103e-05,9.579104016665951e-07,21379,
689,8.093134965747595e-05,9.995344953495078e-06,3.830614048183634e-09,21389,
689,,,,21389,0.00020837599004153162
690,0.00022641535906586796,1.5504350812989287e-05,1.029656914397492e-06,21399,
690,0.00017741812916938215,1.5021604667708743e-05,8.553641350772523e-07,21409,
690,0.00016144583059940487,1.4454438314714935e-05,8.187764706235612e-07,21419,
690,,,,21420,0.00020185041648801416
691,0.00019859671010635793,1.586282996868249e-05,9.806897196540376e-07,21429,
691,0.00018282071687281132,1.490137856308138e-05,8.560030551052478e-07,21439,
691,0.00016458290338050574,1.5684481695643626e-05,8.189579716599837e-07,21449,
691,,,,21451,0.0002001406974159181
692,0.0001763792388373986,1.499805694038514e-05,8.505828645866131e-07,21459,
692,0.00019398114818613976,1.7327651221421547e-05,9.59089447860606e-07,21469,
692,0.00018970172095578164,1.8325246855965815e-05,8.734760967854527e-07,21479,
692,,,,21482,0.0002166588237741962
693,0.00018319199443794787,1.514330506324768e-05,9.048293350133463e-07,21489,
693,0.00018698128405958414,1.5716244888608344e-05,9.115109378399211e-07,21499,
693,0.0001878256443887949,1.467978199798381e-05,8.848942343320232e-07,21509,
693,,,,21513,0.00020702273468486965
694,0.0001998964580707252,2.158530696760863e-05,9.133228786595282e-07,21519,
694,0.00020035008492413908,1.881580647022929e-05,8.762887659941043e-07,21529,
694,0.00018911471124738455,1.781672290235292e-05,8.28582585654658e-07,21539,
694,,,,21544,0.0002145461767213419
695,0.00019869583775289357,1.526642699900549e-05,1.0051053322968073e-06,21549,
695,0.000193649364518933,1.4484910025203135e-05,9.770319593371823e-07,21559,
695,0.00019787976634688675,1.4781428035348654e-05,1.0956306368825608e-06,21569,
695,,,,21575,0.00020606729958672076
696,0.00019713910296559334,1.6096970284706913e-05,9.578280923960847e-07,21579,
696,0.00017497663793619722,1.773753137968015e-05,8.730386298338999e-07,21589,
696,0.00017644293257035315,1.4748118701390922e-05,9.095881523535354e-07,21599,
696,,,,21606,0.0002017498336499557
697,0.00021061098959762603,1.7098673197324388e-05,9.466833716942347e-07,21609,
697,0.00018728748545981944,1.592868284205906e-05,1.0392648164270213e-06,21619,
697,0.0001980514934984967,1.712758057692554e-05,9.488131809121114e-07,21629,
697,,,,21637,0.00019985712424386293
698,0.00018778396770358086,1.470902770961402e-05,9.328060741609079e-07,21639,
698,0.0001893120788736269,1.4114084478933364e-05,9.265986022910511e-07,21649,
698,0.00017760804621502757,1.565609454701189e-05,9.229592592419067e-07,21659,
698,,,,21668,0.00020103566930629313
699,0.00016937503824010491,1.7083917555282824e-05,8.533737627658411e-07,21669,
699,0.00018546143837738782,1.5674615497118793e-05,9.131755973612599e-07,21679,
699,0.0001934316969709471,1.4624274626839906e-05,9.465722428103618e-07,21689,
699,8.038727537496015e-05,9.606059393263422e-06,3.827739458728274e-09,21699,
699,,,,21699,0.00019850944227073342
700,0.00022776296827942133,1.5095120943442453e-05,1.0237955621050787e-06,21709,
700,0.00017525926523376256,1.4938571439415682e-05,8.432633649135823e-07,21719,
700,0.00016207905719056726,1.4654679944214877e-05,8.092173970908334e-07,21729,
700,,,,21730,0.0002039039827650413
701,0.00021052436204627156,1.6522697478649206e-05,9.721884453028906e-07,21739,
701,0.00017939748067874461,1.4453592484642286e-05,8.502851756020391e-07,21749,
701,0.000163297590916045,1.50734967974131e-05,8.132220159495773e-07,21759,
701,,,,21761,0.0001958932407433167
702,0.000177460111444816,1.5168829122558236e-05,8.496108989675122e-07,21769,
702,0.0001836345181800425,1.497738867328735e-05,9.57544102675456e-07,21779,
702,0.00018536084098741412,1.6949561540968716e-05,8.649502660773578e-07,21789,
702,,,,21792,0.00020152229990344495
703,0.0001840828626882285,1.57186841533985e-05,8.93300011739484e-07,21799,
703,0.00021001037384849042,2.2567475753021426e-05,9.069863153854385e-07,21809,
703,0.00019403177429921925,1.5851144780754112e-05,8.875407502273447e-07,21819,
703,,,,21823,0.00021894293604418635
704,0.0001849070395110175,1.66405279742321e-05,9.185151839119499e-07,21829,
704,0.00018576158618088812,1.5851182979531586e-05,8.64424180235801e-07,21839,
704,0.00017922655388247222,1.3953555026091635e-05,8.127764772325463e-07,21849,
704,,,,21854,0.00019406332285143435
705,0.00019602580869104713,1.4572688087355345e-05,9.870821031654486e-07,21859,
705,0.00020581809803843498,1.945834628713783e-05,9.617567684472306e-07,21869,
705,0.00020587707695085555,1.8718767023528926e-05,1.0799744813994039e-06,21879,
705,,,,21885,0.0002105297608068213
706,0.00020047056023031473,1.823725142457988e-05,9.554735243000323e-07,21889,
706,0.00016459163452964276,1.4601924704038538e-05,8.591946425440256e-07,21899,
706,0.0001734968536766246,1.4845386431261431e-05,8.902656531972752e-07,21909,
706,,,,21916,0.0002051475748885423
707,0.0002529861230868846,2.8758962798747234e-05,9.617922387405997e-07,21919,
707,0.00019315077224746346,1.959528526640497e-05,1.033961666507821e-06,21929,
707,0.000193423344171606,1.59677420015214e-05,9.353791483590612e-07,21939,
707,,,,21947,0.0001969039294635877
708,0.00018544768681749701,1.452888591302326e-05,9.269483030038828e-07,21949,
708,0.00018872777582146227,1.4702493899676483e-05,9.278606967200176e-07,21959,
708,0.0001758558937581256,1.5287105270545e-05,9.162724836642155e-07,21969,
708,,,,21978,0.0001985372364288196
709,0.0001671268983045593,1.4931148143659811e-05,8.432919003098505e-07,21979,
709,0.00018612034909892827,1.7147662219940685e-05,9.067086921277223e-07,21989,
709,0.00018951015954371542,1.416873146808939e-05,9.406658705302107e-07,21999,
709,7.948611892061308e-05,9.53102880885126e-06,3.778346524541121e-09,22009,
709,,,,22009,0.00019435879949014634
710,0.00022149115102365613,1.4474054296442773e-05,1.0071778433484724e-06,22019,
710,0.00018797973461914808,1.810407411539927e-05,8.330260925504263e-07,22029,
710,0.0001572768815094605,1.4159648344502784e-05,7.995939768079552e-07,22039,
710,,,,22040,0.00020111918274778873
711,0.00020573983783833683,1.6720419807825238e-05,9.614906275601243e-07,22049,
711,0.00017862870299723,1.3873305761080701e-05,8.42979261506116e-07,22059,
711,0.0001579033851157874,1.4624495634052437e-05,7.962925678839383e-07,22069,
711,,,,22071,0.00019137344497721642
712,0.00017371471039950848,1.5090535271156114e-05,8.352221811946947e-07,22079,
712,0.00019618510850705206,1.7464675693190657e-05,9.430067393623176e-07,22089,
712,0.0001768633519532159,1.5254483514581807e-05,8.47601313580526e-07,22099,
712,,,,22102,0.00019647811132017523
713,0.00018328407895751297,1.7174577806144953e-05,8.897799830265285e-07,22109,
713,0.0002112697548000142,2.0831028450629674e-05,8.972532441475778e-07,22119,
713,0.00018296041525900364,1.5931274901959114e-05,8.698392548467382e-07,22129,
713,,,,22133,0.00020318356109783053
714,0.00017859261424746364,1.779047670424916e-05,8.995820053314674e-07,22139,
714,0.0001897174952318892,1.648335273785051e-05,8.500673516209645e-07,22149,
714,0.00017637851124163717,1.3270170711621176e-05,8.047752544371178e-07,22159,
714,,,,22164,0.0002004429989028722
715,0.00019394769333302975,1.3952790141047444e-05,9.8446787433204e-07,22169,
715,0.00018670398276299238,1.3652480447490234e-05,9.502792295279505e-07,22179,
715,0.00019693566719070077,1.6489659174112603e-05,1.0658523024176247e-06,22189,
715,,,,22195,0.00022967565746512264
716,0.00019550835713744164,1.6756179320509546e-05,9.442211990062788e-07,22199,
716,0.0001704394817352295,1.585013342264574e-05,8.686152455084084e-07,22209,
716,0.00017250589735340327,1.4797206858929712e-05,8.953967949310027e-07,22219,
716,,,,22226,0.000222816554014571
717,0.00027291549486108124,3.7129997508600354e-05,9.744148883328307e-07,22229,
717,0.0001946418487932533,2.332708754693158e-05,1.0208001413047896e-06,22239,
717,0.00018938355788122863,1.605157922313083e-05,9.310682571594953e-07,22249,
717,,,,22257,0.00020173761004116386
718,0.00018587213708087802,1.482757943449542e-05,9.283641588808678e-07,22259,
718,0.00018894999811891466,1.5688883650000207e-05,9.263622473554278e-07,22269,
718,0.00017029971058946103,1.4844340512354393e-05,9.1145460601183e-07,22279,
718,,,,22288,0.00019778414571192116
719,0.00016664147551637143,1.8114309568773024e-05,8.40797270029725e-07,22289,
719,0.00017981644487008452,1.6569800209254026e-05,9.006047889670299e-07,22299,
719,0.00019044821965508163,1.4090522199694533e-05,9.441947668165085e-07,22309,
719,7.674496009713039e-05,9.556602890370414e-06,3.7453289358779784e-09,22319,
719,,,,22319,0.00019043196516577154
720,0.0002154463727492839,1.442914526705863e-05,9.959784392776783e-07,22329,
720,0.00016923403018154204,1.4709293282066938e-05,8.301930733978224e-07,22339,
720,0.00015368079766631126,1.3719421986024827e-05,7.920845064290916e-07,22349,
720,,,,22350,0.0001920903887366876
721,0.0001982880785362795,1.4366646610142197e-05,9.554557891533477e-07,22359,
721,0.00017372444563079625,1.4142935469863005e-05,8.303568961309793e-07,22369,
721,0.00015466546756215394,1.4036289030627813e-05,7.869858222875337e-07,22379,
721,,,,22381,0.0001966228155652061
722,0.00016947960830293596,1.5257758605002891e-05,8.227266903304553e-07,22389,
722,0.00017356107127852738,1.401702957082307e-05,9.346413207822479e-07,22399,
722,0.00017457445210311562,1.508190507593099e-05,8.4022718738197e-07,22409,
722,,,,22412,0.00019618758233264089
723,0.0001751474483171478,1.535060437163338e-05,8.729170986043755e-07,22419,
723,0.00018954582628794014,1.6304389646393247e-05,8.890940534911351e-07,22429,
723,0.00018761407409328967,1.4909644960425794e-05,8.7462188957943e-07,22439,
723,,,,22443,0.00019936940225306898
724,0.00017265803762711585,1.4548298167937901e-05,8.932349260248884e-07,22449,
724,0.00020192674128338695,2.179778130084742e-05,8.473458024127467e-07,22459,
724,0.00017729283717926592,1.4407603885047138e-05,8.028628712963837e-07,22469,
724,,,,22474,0.00019427882216405123
725,0.0001904181408463046,1.4815685972280335e-05,9.783726682144334e-07,22479,
725,0.0001942896778928116,1.4505785657092929e-05,9.454277005715994e-07,22489,
725,0.00019536119361873716,1.6848969607963227e-05,1.0538234391788137e-06,22499,
725,,,,22505,0.0001956164778675884
726,0.00018389220349490643,1.4374875718203839e-05,9.219408525495965e-07,22509,
726,0.00016678619431331754,1.7328608009847812e-05,8.41133783069381e-07,22519,
726,0.00017037949874065816,1.535659612272866e-05,8.75905016073375e-07,22529,
726,,,,22536,0.00019451361731626093
727,0.00019669625908136368,1.7046162611222826e-05,9.076528613150003e-07,22539,
727,0.00017545004084240645,1.620789225853514e-05,9.883053735393332e-07,22549,
727,0.0001839327742345631,1.4632503734901547e-05,9.025745271173946e-07,22559,
727,,,,22567,0.00019028151291422546
728,0.00018195048323832452,1.6126692571560852e-05,9.032509638018382e-07,22569,
728,0.0001837617892306298,1.5173095562204253e-05,9.076846367861435e-07,22579,
728,0.0001694066886557266,1.4268513950810302e-05,9.025648637361883e-07,22589,
728,,,,22598,0.00019117149349767715
729,0.00016041833441704512,1.5668318155803718e-05,8.282368639811466e-07,22599,
729,0.00018001389980781823,1.4808452760917135e-05,8.81630114690779e-07,22609,
729,0.00018619935144670308,1.4510485925711691e-05,9.222383710039139e-07,22619,
729,7.501660729758441e-05,1.0231048690911848e-05,3.6526170976713956e-09,22629,
729,,,,22629,0.00019315698591526598
730,0.0002171937667299062,1.5767214790685102e-05,9.900710438159877e-07,22639,
730,0.0001660472189541906,1.4414871657209005e-05,8.176252777047921e-07,22649,
730,0.00015443051233887672,1.429281292075757e-05,7.81869061938778e-07,22659,
730,,,,22660,0.00018772442126646638
731,0.00018703028035815805,1.4539911717292853e-05,9.400532690051477e-07,22669,
731,0.00018902032752521336,1.8082084352499805e-05,8.322030566887406e-07,22679,
731,0.00015354272909462452,1.4641467714682221e-05,7.792577889631502e-07,22689,
731,,,,22691,0.00019527089898474514
732,0.00016617632354609668,1.5233434169203974e-05,8.133783921948634e-07,22699,
732,0.00017429993022233248,1.4537808965542354e-05,9.243377121492813e-07,22709,
732,0.00016996737394947559,1.4210636436473578e-05,8.291979725072451e-07,22719,
732,,,,22722,0.00018680896027944982
733,0.00017951754853129387,1.666918797127437e-05,8.65283027451369e-07,22729,
733,0.00019700435223057866,1.5323634215747006e-05,8.908679092201055e-07,22739,
733,0.00017988210311159492,1.5521130990236998e-05,8.597149872002774e-07,22749,
733,,,,22753,0.0001945179101312533
734,0.00017293865676037967,1.5843323126318865e-05,8.878967037162511e-07,22759,
734,0.00019709364278241992,1.9896800949936733e-05,8.35159596590529e-07,22769,
734,0.00017439333896618336,1.3313464478414971e-05,7.973907258929103e-07,22779,
734,,,,22784,0.00019621406681835651
735,0.00019312850781716406,1.5899746358627453e-05,9.683759571998962e-07,22789,
735,0.0001849355030572042,1.3929980923421681e-05,9.339277653452882e-07,22799,
735,0.00018708326388150454,1.4090967852098402e-05,1.050512992151198e-06,22809,
735,,,,22815,0.0001917917834362015
736,0.00018767225265037268,1.503015937487362e-05,9.28879444472841e-07,22819,
736,0.00016423278430011123,1.4944705071684439e-05,8.340327326550323e-07,22829,
736,0.00017021493113134056,1.614618486200925e-05,8.715786634638789e-07,22839,
736,,,,22846,0.00018849490152206272
737,0.00019340038124937564,1.6201796825043857e-05,8.925524070946267e-07,22849,
737,0.00017322118219453841,1.557804353069514e-05,9.75683178694453e-07,22859,
737,0.0001804477215046063,1.4632517377322074e-05,8.926556915866968e-07,22869,
737,,,,22877,0.00018987274961546063
738,0.0001772874966263771,1.4817080227658153e-05,8.989098887468572e-07,22879,
738,0.00018051147344522178,1.438672643416794e-05,9.01331645764003e-07,22889,
738,0.00017430992738809437,1.804019666451495e-05,8.994084623736853e-07,22899,
738,,,,22908,0.00019159851945005357
739,0.00016096823674160987,1.8440592612023465e-05,8.16376484635839e-07,22909,
739,0.00018340017413720489,1.5025819266156759e-05,8.788499599177158e-07,22919,
739,0.00018219985940959305,1.3911911992181558e-05,9.144238788394432e-07,22929,
739,7.269015623023733e-05,9.590898116584867e-06,3.5713654256142036e-09,22939,
739,,,,22939,0.00018691722652874887
740,0.00022585302940569818,1.4113162251305766e-05,9.93212552202749e-07,22949,
740,0.00016999812214635313,1.7131544154835865e-05,8.180275017366512e-07,22959,
740,0.00014963622379582375,1.3410707651928533e-05,7.793843224135344e-07,22969,
740,,,,22970,0.00020573950314428657
741,0.0002027060982072726,1.7620730432099663e-05,9.418548643225222e-07,22979,
741,0.00017768956604413688,1.734080615278799e-05,8.207668429349724e-07,22989,
741,0.0001525597763247788,1.4970911252021324e-05,7.746691608190304e-07,22999,
741,,,,23001,0.00019939124467782676
742,0.0001707509800326079,1.709003481664695e-05,8.065777592491941e-07,23009,
742,0.00016895547742024064,1.3930412933405023e-05,9.180617439596972e-07,23019,
742,0.00016741367289796472,1.4005689081386663e-05,8.213793876166164e-07,23029,
742,,,,23032,0.00018341001123189926
743,0.00016796577256172895,1.3675788068212569e-05,8.574115213377809e-07,23039,
743,0.0001976128842215985,2.2339723727782257e-05,8.7221081912503e-07,23049,
743,0.0001729868381517008,1.4573578482668381e-05,8.519442644683295e-07,23059,
743,,,,23063,0.0001938541972776875
744,0.00017197088163811713,1.7752841813489795e-05,8.742027262087504e-07,23069,
744,0.00017778656911104918,1.608910497452598e-05,8.21370974790625e-07,23079,
744,0.00017195020336657763,1.314302789978683e-05,7.906089649623027e-07,23089,
744,,,,23094,0.00018480216385796666
745,0.00018236678442917764,1.3880111509934068e-05,9.520732078271976e-07,23099,
745,0.0001869652624009177,1.3437296729534864e-05,9.244849366041308e-07,23109,
745,0.00019034210708923638,1.6324989701388404e-05,1.0391769365014625e-06,23119,
745,,,,23125,0.0001874915906228125
746,0.0001815695723053068,1.383977087243693e-05,9.14403130991559e-07,23129,
746,0.00016059046902228147,1.5813815480214544e-05,8.269954037132266e-07,23139,
746,0.0001716440892778337,1.6892245184862986e-05,8.639358952677867e-07,23149,
746,,,,23156,0.00018954466213472188
747,0.00019897310994565487,1.846970189944841e-05,9.011151860249811e-07,23159,
747,0.00017204506730195135,1.6208068700507283e-05,9.651411119193654e-07,23169,
747,0.00018017027468886226,1.4479182027571369e-05,8.775124342719209e-07,23179,
747,,,,23187,0.00018798043311107904
748,0.0001803720515454188,1.6052619685069658e-05,8.956036481322371e-07,23189,
748,0.00017666601343080401,1.3369499356485903e-05,8.837948826112552e-07,23199,
748,0.00016300537390634418,1.4203159480530303e-05,8.854237307787116e-07,23209,
748,,,,23218,0.00018708323477767408
749,0.00015690641885157675,1.3932144611317199e-05,8.18231342236686e-07,23219,
749,0.00017735917936079204,1.468084428779548e-05,8.651455800645635e-07,23229,
749,0.0001904922246467322,1.766103923728224e-05,9.068363056030648e-07,23239,
749,7.530319271609187e-05,9.443428098165896e-06,3.590219010973783e-09,23249,
749,,,,23249,0.00019854438141919672
750,0.00021917314734309912,1.6128624338307418e-05,9.728372560857679e-07,23259,
750,0.0001637752866372466,1.4422123967960943e-05,8.051133590925019e-07,23269,
750,0.00014823030505795032,1.348771093034884e-05,7.711061016379972e-07,23279,
750,,,,23280,0.00019796875130850822
751,0.0001942917879205197,1.7391070286976174e-05,9.339706252831093e-07,23289,
751,0.0001695953542366624,1.467024594603572e-05,8.163812026396045e-07,23299,
751,0.00014917485532350838,1.3917167052568402e-05,7.622979865118396e-07,23309,
751,,,,23311,0.00019265383889432997
752,0.00016628285811748356,1.583124503667932e-05,7.972484468155017e-07,23319,
752,0.00016831612447276711,1.38726900331676e-05,9.131141496254713e-07,23329,
752,0.0001652786013437435,1.401301324222004e-05,8.131540880640387e-07,23339,
752,,,,23342,0.0001833662681747228
753,0.00017204086179845035,1.647053250053432e-05,8.477391020278446e-07,23349,
753,0.00017410078726243228,1.5728710422990844e-05,8.510806992489961e-07,23359,
753,0.00017073575872927904,1.4170729627949186e-05,8.425899977737572e-07,23369,
753,,,,23373,0.00019145375699736178
754,0.00017182360170409083,1.708223317109514e-05,8.709041026122577e-07,23379,
754,0.0001800540048861876,1.7284824934904464e-05,8.181091288861353e-07,23389,
754,0.0001675434468779713,1.2618226719496306e-05,7.822961265446793e-07,23399,
754,,,,23404,0.00017893123731482774
755,0.00018215549062006176,1.4700082829222083e-05,9.426062206330243e-07,23409,
755,0.0001867726823547855,1.591205182194244e-05,9.040643931257364e-07,23419,
755,0.00018391733465250582,1.3983078133605886e-05,1.026224481393001e-06,23429,
755,,,,23435,0.0001870270207291469
756,0.00017831656441558152,1.5423609511344694e-05,9.067068162948999e-07,23439,
756,0.00015725917182862759,1.5479530702577904e-05,8.222379506150901e-07,23449,
756,0.00016279025294352323,1.44706309583853e-05,8.521243444192805e-07,23459,
756,,,,23466,0.00018682512745726854
757,0.00020862530800513923,2.1461330106831156e-05,8.93275114322023e-07,23469,
757,0.000169154183822684,1.5399638868984766e-05,9.520433081888768e-07,23479,
757,0.00017435337940696627,1.4260421266953927e-05,8.658462320454419e-07,23489,
757,,,,23497,0.00018386820738669485
758,0.0001734113466227427,1.5031589100544807e-05,8.800548698673083e-07,23499,
758,0.00017472106264904141,1.3605722415377386e-05,8.803082209851709e-07,23509,
758,0.0001728344359435141,1.4766933418286499e-05,8.832324169816275e-07,23519,
758,,,,23528,0.00019062180945184082
759,0.00016068275726865977,1.848477404564619e-05,8.124069950099511e-07,23529,
759,0.0001914093882078305,1.4832764463790227e-05,8.652286282995192e-07,23539,
759,0.00018678436754271388,1.4792902220506221e-05,8.946232696871448e-07,23549,
759,7.462492794729769e-05,9.829032933339477e-06,3.5528182618094206e-09,23559,
759,,,,23559,0.00020150656928308308
760,0.0002071532217087224,1.4917625776433852e-05,9.586201485944912e-07,23569,
760,0.00016182521358132362,1.501769929745933e-05,8.052359135035658e-07,23579,
760,0.000146473670611158,1.306910598941613e-05,7.669297588108748e-07,23589,
760,,,,23590,0.00018139698659069836
761,0.00018425224698148668,1.4494400602416135e-05,9.241774137080938e-07,23599,
761,0.00017487148579675704,1.685883580648806e-05,8.075801929408044e-07,23609,
761,0.00014761862985324115,1.3875144759367686e-05,7.598035267619707e-07,23619,
761,,,,23621,0.00018165713117923588
762,0.00016274515655823052,1.4570810890290886e-05,8.018946573429275e-07,23629,
762,0.00017067867156583816,1.5869225535425358e-05,9.039410997502273e-07,23639,
762,0.00016303399752359837,1.3690775631403085e-05,8.092918619695411e-07,23649,
762,,,,23652,0.0001874188455985859
763,0.00016852525004651397,1.51226413436234e-05,8.460534672849462e-07,23659,
763,0.00016546710685361177,1.4254053894546814e-05,8.364423820239608e-07,23669,
763,0.0001661681744735688,1.343443727819249e-05,8.360862580047979e-07,23679,
763,,,,23683,0.0001771848910721019
764,0.00016437118756584823,1.5579666069243103e-05,8.558899367017148e-07,23689,
764,0.00018027343321591616,1.616479130461812e-05,8.03097975676792e-07,23699,
764,0.000169489998370409,1.3885480257158633e-05,7.812660101080837e-07,23709,
764,,,,23714,0.00019067191169597208
765,0.00017571340140420943,1.2793357200280298e-05,9.294524261349579e-07,23719,
765,0.00017776520689949393,1.3164880328986328e-05,8.998725888886838e-07,23729,
765,0.00018306246784050018,1.4491236470348667e-05,1.0225836604149663e-06,23739,
765,,,,23745,0.00018223121878691018
766,0.00018415047088637948,1.4843185454083141e-05,8.968802376330132e-07,23749,
766,0.00015797573723830283,1.5162561794568319e-05,8.124292207867256e-07,23759,
766,0.00016427335503976792,1.5125445315788966e-05,8.444149557362834e-07,23769,
766,,,,23776,0.00019356465782038867
767,0.00020471683819778264,1.9567733033909462e-05,8.90679871190514e-07,23779,
767,0.00017949589528143406,1.9809956938843243e-05,9.498529038864945e-07,23789,
767,0.00017564446898177266,1.3864731954527088e-05,8.69782581958134e-07,23799,
767,,,,23807,0.00019224549760110676
768,0.00018337917572353035,1.5513287507928908e-05,8.787875458438066e-07,23809,
768,0.00018322060350328684,1.5049493413243908e-05,8.717218520359893e-07,23819,
768,0.00016191488248296082,1.37104307214031e-05,8.737367238609295e-07,23829,
768,,,,23838,0.0001799300662241876
769,0.00015013452502898872,1.3871677765564527e-05,7.892796816122427e-07,23839,
769,0.0001642228162381798,1.3897009011998307e-05,8.519232892467699e-07,23849,
769,0.00017626609769649804,1.3048481378064025e-05,8.878745916263142e-07,23859,
769,7.122079114196822e-05,1.0106546142196748e-05,3.592055985990328e-09,23869,
769,,,,23869,0.0001817468146327883
770,0.0002064368745777756,1.4233686670195311e-05,9.555191127219587e-07,23879,
770,0.00015590593102388084,1.3473161743604578e-05,7.914863431324193e-07,23889,
770,0.00014398501662071794,1.3348878383112606e-05,7.53111692120001e-07,23899,
770,,,,23900,0.00018002749129664153
771,0.00018200872000306845,1.4521453522320371e-05,9.149094921667711e-07,23909,
771,0.0001630433980608359,1.2462170161597896e-05,7.940056434563303e-07,23919,
771,0.00014573184307664633,1.3255496924102772e-05,7.458264690285432e-07,23929,
771,,,,23931,0.000178709757165052
772,0.00015591166447848082,1.4025635209691245e-05,7.763345024613955e-07,23939,
772,0.00017973703506868333,1.9849047021125443e-05,8.942035378822766e-07,23949,
772,0.00016319140559062362,1.399045140715316e-05,8.014259265110013e-07,23959,
772,,,,23962,0.00018210551934316754
773,0.0001622988493181765,1.3388634215516504e-05,8.308525139000267e-07,23969,
773,0.0001986745628528297,2.2616768546868116e-05,8.340164754372381e-07,23979,
773,0.0001720065192785114,1.4822987395746168e-05,8.254949648289767e-07,23989,
773,,,,23993,0.00018591174739412963
774,0.0001662650756770745,1.57247886818368e-05,8.512193971910165e-07,23999,
774,0.00017513531201984733,1.765638262440916e-05,7.997747957233514e-07,24009,
774,0.00016681148554198444,1.2534643246908672e-05,7.797805210429942e-07,24019,
774,,,,24024,0.00017864930850919336
775,0.00017503784329164773,1.4527839084621519e-05,9.248997230315581e-07,24029,
775,0.00017323793144896626,1.3021950508118607e-05,8.883303621587402e-07,24039,
775,0.00017808721167966723,1.333967247774126e-05,1.0072460554511053e-06,24049,
775,,,,24055,0.00017920411482919008
776,0.0002105134044541046,2.1601083062705584e-05,9.047923299476679e-07,24059,
776,0.0001772686664480716,2.044603752437979e-05,8.307260941364802e-07,24069,
776,0.00016017658344935626,1.5170092410698999e-05,8.402540743190912e-07,24079,
776,,,,24086,0.00017310181283392012
777,0.0001865934464149177,1.4818021554674488e-05,8.709532153261534e-07,24089,
777,0.00016575577319599688,1.4475513125944417e-05,9.311546023127448e-07,24099,
777,0.00017109783948399127,1.461572992411675e-05,8.473565458189114e-07,24109,
777,,,,24117,0.00018087196804117411
778,0.00016837827570270747,1.2924343536724336e-05,8.785316367720952e-07,24119,
778,0.00016921150381676853,1.3094441783323418e-05,8.647621712043474e-07,24129,
778,0.0001596526853973046,1.4923699382052291e-05,8.641654289931466e-07,24139,
778,,,,24148,0.00018347488366998732
779,0.000154142762767151,1.7815016690292396e-05,7.882188128860435e-07,24149,
779,0.00017858891806099564,1.5991332475095987e-05,8.53959818414296e-07,24159,
779,0.00017952539201360196,1.3480006600730121e-05,8.970309295364132e-07,24169,
779,7.055820606183261e-05,9.258183126803488e-06,3.5816851706726993e-09,24179,
779,,,,24179,0.00017773141735233366
780,0.00020814694289583713,1.364449599350337e-05,9.459278089707368e-07,24189,
780,0.00016734607925172895,1.8011449355981313e-05,7.91495040175505e-07,24199,
780,0.00014410188305191696,1.3745379874308128e-05,7.50806748328614e-07,24209,
780,,,,24210,0.00018928805366158485
781,0.00018731504678726196,1.5147340491239447e-05,9.091354513657279e-07,24219,
781,0.00016197588411159813,1.408712432748871e-05,7.93821186562127e-07,24229,
781,0.00014411809388548136,1.4902028851793148e-05,7.48805291550525e-07,24239,
781,,,,24241,0.0002053978096228093
782,0.00016717330436222255,1.6850621250341646e-05,7.834361213099328e-07,24249,
782,0.00016319204587489367,1.5249535863404162e-05,8.894286906979687e-07,24259,
782,0.00016324248281307518,1.4569481209036894e-05,7.944327649056504e-07,24269,
782,,,,24272,0.0001833387796068564
783,0.0001628763129701838,1.3717789443035144e-05,8.249653546954505e-07,24279,
783,0.00017710633983369917,1.9046163288294338e-05,8.266757163255534e-07,24289,
783,0.00016844116908032447,1.4500175893772393e-05,8.282053158836788e-07,24299,
783,,,,24303,0.00019388360669836402
784,0.00016164213593583554,1.4564897355739959e-05,8.46606496907043e-07,24309,
784,0.00016633764607831836,1.3536950064008124e-05,7.89377963883453e-07,24319,
784,0.0001666665484663099,1.292174420086667e-05,7.66890877912374e-07,24329,
784,,,,24334,0.00018505494517739862
785,0.00017290287360083312,1.3870310795027763e-05,9.081219332074397e-07,24339,
785,0.00018613871361594647,1.722203342069406e-05,8.88719625891099e-07,24349,
785,0.00018778063531499356,1.459655959479278e-05,1.0116810926774633e-06,24359,
785,,,,24365,0.0001833460555644706
786,0.0001788144145393744,1.6765279724495485e-05,8.937290658650454e-07,24369,
786,0.00014875447959639132,1.3737616427533794e-05,8.039033332352119e-07,24379,
786,0.0001593751658219844,1.5229757082124706e-05,8.271758815681096e-07,24389,
786,,,,24396,0.00017809384735301137
787,0.00018069343059323728,1.3914361261413433e-05,8.60577245020977e-07,24399,
787,0.00016290610074065626,1.525847073935438e-05,9.256762609766156e-07,24409,
787,0.00016976882761809975,1.4791788998991251e-05,8.347805646735651e-07,24419,
787,,,,24427,0.00017334730364382267
788,0.00015867235197219998,1.284309291804675e-05,8.562661832911544e-07,24429,
788,0.00017343310173600912,1.6130572475958616e-05,8.624907081866695e-07,24439,
788,0.00015948951477184892,1.5398447430925444e-05,8.587805382376246e-07,24449,
788,,,,24458,0.00017470485181547701
789,0.0001457936887163669,1.4862242096569389e-05,7.746113510620489e-07,24459,
789,0.00016374792903661728,1.4466545508184936e-05,8.348384312739654e-07,24469,
789,0.00017123480211012065,1.3232812307251152e-05,8.733046001907496e-07,24479,
789,7.044763333396986e-05,8.883269401849248e-06,3.4845017982121362e-09,24489,
789,,,,24489,0.00017493680934421718
790,0.00020311538537498564,1.6069650882855058e-05,9.2427291065178e-07,24499,
790,0.0001517035998404026,1.3156036402506288e-05,7.720534540567314e-07,24509,
790,0.00014349333650898188,1.2802425771951675e-05,7.396018872896093e-07,24519,
790,,,,24520,0.00017878353537525982
791,0.00017963186837732792,1.5451701983693056e-05,9.125676001531247e-07,24529,
791,0.00016759647405706346,1.6737094483687542e-05,7.836820827833435e-07,24539,
791,0.0001458950573578477,1.3973207387607545e-05,7.351980571002059e-07,24549,
791,,,,24551,0.0001745258050505072
792,0.00015303606051020324,1.3599406884168275e-05,7.640304602318793e-07,24559,
792,0.0001753939432092011,1.576865543029271e-05,8.735604524190421e-07,24569,
792,0.00015884623280726373,1.3776490050076973e-05,7.860263053771632e-07,24579,
792,,,,24582,0.00017585308523848653
793,0.00015829851326998323,1.3537169252231251e-05,8.172033858500072e-07,24589,
793,0.0001752888783812523,1.8139509847969748e-05,8.270400826404511e-07,24599,
793,0.000169838618603535,1.6320049326168373e-05,8.21715673282597e-07,24609,
793,,,,24613,0.00018046463083010167
794,0.00015620701014995575,1.396300649503246e-05,8.356864782399498e-07,24619,
794,0.0001623135176487267,1.3164186384528875e-05,7.828110710761393e-07,24629,
794,0.00016068889817688614,1.2827842510887422e-05,7.628493676747894e-07,24639,
794,,,,24644,0.00017543612921144813
795,0.0001971494930330664,1.788599183782935e-05,9.16554085961252e-07,24649,
795,0.00017265824135392904,1.3708799087908119e-05,8.744319188735972e-07,24659,
795,0.0001764232147252187,1.4458349141932558e-05,9.97435677163594e-07,24669,
795,,,,24675,0.0001716713741188869
796,0.00018353934865444899,1.3877399396733381e-05,8.798792805464473e-07,24679,
796,0.0001510420988779515,1.5240433640428819e-05,8.042262038543413e-07,24689,
796,0.00015995489957276732,1.3963544915895909e-05,8.349784934580384e-07,24699,
796,,,,24706,0.00017628440400585532
797,0.00019066323875449598,1.4891286809870508e-05,8.628911700725439e-07,24709,
797,0.00016382039757445455,1.4685154383187182e-05,9.160735885416216e-07,24719,
797,0.00017234301776625216,1.4491039109998383e-05,8.309845043186215e-07,24729,
797,,,,24737,0.00018730021838564426
798,0.00018546632782090455,1.4136900972516742e-05,8.724052236175339e-07,24739,
798,0.00017454488261137158,1.5468584024347365e-05,8.532023798579758e-07,24749,
798,0.0001536976924398914,1.3809303709422238e-05,8.514055025443668e-07,24759,
798,,,,24768,0.00017185602337121964
799,0.00014314147119875997,1.4032447325007524e-05,7.692157169003622e-07,24769,
799,0.00015711922605987638,1.3028819921601098e-05,8.275584946204617e-07,24779,
799,0.00017136959650088102,1.2674258869083133e-05,8.619708182777686e-07,24789,
799,7.083361560944468e-05,9.08522451936733e-06,3.482384602904176e-09,24799,
799,,,,24799,0.00018408746109344065
800,0.00019660353427752852,1.2850398888986092e-05,9.311413577961503e-07,24809,
800,0.00015657841868232936,1.3693766049982514e-05,7.850700285416679e-07,24819,
800,0.00014052428014110774,1.3253677934699226e-05,7.43667442293372e-07,24829,
800,,,,24830,0.00017128723266068846
801,0.000172663145349361,1.2815998161386233e-05,9.023900702231913e-07,24839,
801,0.00015326243010349572,1.2319978850428015e-05,7.734824976068921e-07,24849,
801,0.00014066997391637415,1.4402564374904614e-05,7.28490761048306e-07,24859,
801,,,,24861,0.00017007287533488125
802,0.00015026629262138158,1.3220991604612209e-05,7.610853458572819e-07,24869,
802,0.0001640272093936801,1.564455305924639e-05,8.684582439855149e-07,24879,
802,0.00015905630425550044,1.4204472790879663e-05,7.783539786032634e-07,24889,
802,,,,24892,0.00017322578059975058
803,0.00015951922978274524,1.4555480447597802e-05,8.116477374642272e-07,24899,
803,0.0001746198977343738,1.8980454115080647e-05,8.229566788031661e-07,24909,
803,0.00016615974891465157,1.4489552995655686e-05,8.200642582778528e-07,24919,
803,,,,24923,0.0001842644705902785
804,0.00016040656191762537,1.6399737432948314e-05,8.379558380511298e-07,24929,
804,0.0001646593736950308,1.5060305486258585e-05,7.741037961750408e-07,24939,
804,0.00015844748122617602,1.1899937817361206e-05,7.577548331028083e-07,24949,
804,,,,24954,0.00016800999583210796
805,0.0001653099461691454,1.319493730989052e-05,8.916194360608642e-07,24959,
805,0.0001803309569368139,1.6724799934308976e-05,8.642983857498621e-07,24969,
805,0.0001739918370731175,1.3445222975860815e-05,9.920296406562557e-07,24979,
805,,,,24985,0.000175578985363245
806,0.00016579925431869924,1.3653225323650986e-05,8.750257052270172e-07,24989,
806,0.00014890253078192472,1.53290693560848e-05,7.943043556224438e-07,24999,
806,0.00015169043035712093,1.357637665932998e-05,8.149747259267315e-07,25009,
806,,,,25016,0.00017101118282880634
807,0.00018802784325089306,1.601423355168663e-05,8.519165248799254e-07,25019,
807,0.00015509720833506435,1.3775933439319488e-05,9.019071853799687e-07,25029,
807,0.0001601224794285372,1.2846219760831445e-05,8.152463237820484e-07,25039,
807,,,,25047,0.0001704393362160772
808,0.000163137330673635,1.2846423487644643e-05,8.493446443935682e-07,25049,
808,0.00016421268810518086,1.295051333727315e-05,8.458800948574208e-07,25059,
808,0.00015575994621030986,1.3203435628383886e-05,8.422358632742544e-07,25069,
808,,,,25078,0.0001702440931694582
809,0.0001422071800334379,1.2801931006833911e-05,7.742652883280243e-07,25079,
809,0.00017049147572834045,1.467649872211041e-05,8.228138881349878e-07,25089,
809,0.00017029809532687068,1.436472939531086e-05,8.610653594587347e-07,25099,
809,7.253017975017428e-05,9.0575076683308e-06,3.5630216554949357e-09,25109,
809,,,,25109,0.00017792778089642525
810,0.00019484110816847533,1.470811457693344e-05,9.076599667423579e-07,25119,
810,0.00015189917758107185,1.3737300832872279e-05,7.62860565828305e-07,25129,
810,0.0001389012177241966,1.2702806088782381e-05,7.287167136382777e-07,25139,
810,,,,25140,0.0001727177295833826
811,0.00017221631424035877,1.3217331797932275e-05,8.945936542659183e-07,25149,
811,0.00016786082414910197,1.730173607938923e-05,7.776089319122548e-07,25159,
811,0.00013762866728939116,1.3191887774155475e-05,7.267266823873797e-07,25169,
811,,,,25171,0.0001766458008205518
812,0.00014887175348121673,1.345480268355459e-05,7.596663635922596e-07,25179,
812,0.00016108750423882157,1.3298565136210527e-05,8.618455353825993e-07,25189,
812,0.00015469462960027158,1.2832157153752632e-05,7.72511441482493e-07,25199,
812,,,,25202,0.0001692104124231264
813,0.00015541029279120266,1.238666482095141e-05,8.023263262657565e-07,25209,
813,0.00016024778597056866,1.4499418284685817e-05,8.041805017455772e-07,25219,
813,0.00016376451821997762,1.4446343811869156e-05,8.107996904982429e-07,25229,
813,,,,25233,0.0001869899861048907
814,0.0001601225376361981,1.3485075214703102e-05,8.379322480323026e-07,25239,
814,0.00016909066471271217,1.5029336282168515e-05,7.695312547184585e-07,25249,
814,0.00015936311683617532,1.275084196095122e-05,7.570417892566184e-07,25259,
814,,,,25264,0.00017675042909104377
815,0.00016253927606157959,1.2414850061759353e-05,8.885710371941968e-07,25269,
815,0.00017615365504752845,1.3979687537357677e-05,8.647979825582297e-07,25279,
815,0.00017317701713182032,1.3175841559132095e-05,9.85036763267999e-07,25289,
815,,,,25295,0.00017391610890626907
816,0.00016517845506314188,1.3295146345626563e-05,8.610916211182484e-07,25299,
816,0.0001501594524597749,1.4857908354315441e-05,7.844985248084413e-07,25309,
816,0.00015069637447595596,1.339629125141073e-05,8.104906896733155e-07,25319,
816,,,,25326,0.00017830570868682116
817,0.00018381827976554632,1.4190403817337938e-05,8.591313189754146e-07,25329,
817,0.0001655627420404926,1.598703966010362e-05,9.049954883266764e-07,25339,
817,0.0001650083577260375,1.4071357327338774e-05,8.171644481080875e-07,25349,
817,,,,25357,0.00016755018441472203
818,0.0001596462243469432,1.2321377653279342e-05,8.493061613989994e-07,25359,
818,0.00016363295435439795,1.3521467735699844e-05,8.336954238075123e-07,25369,
818,0.00015433167573064566,1.5212217476801015e-05,8.412590659645502e-07,25379,
818,,,,25388,0.0001703987509245053
819,0.00014219759032130241,1.5026263099571224e-05,7.624890372426307e-07,25389,
819,0.00015803740825504065,1.4614916835853364e-05,8.177256631825003e-07,25399,
819,0.00016687854076735675,1.2459511708584614e-05,8.463214271614561e-07,25409,
819,6.589617260033265e-05,8.637801329314243e-06,3.4663214520946894e-09,25419,
819,,,,25419,0.00016621238319203258
820,0.00019475471344776452,1.406243973178789e-05,9.052702125700307e-07,25429,
820,0.000147676415508613,1.2778017662640195e-05,7.579303087368316e-07,25439,
820,0.0001346149219898507,1.2826486454287078e-05,7.208230385913339e-07,25449,
820,,,,25450,0.0001675497624091804
821,0.00017777198809199035,1.3268908332975116e-05,8.942868134909077e-07,25459,
821,0.00015021116996649653,1.1883495972142555e-05,7.617346113875101e-07,25469,
821,0.00013686742749996483,1.2909852557640988e-05,7.232319489958172e-07,25479,
821,,,,25481,0.00016737665282562375
822,0.00014724323409609497,1.3523057532438543e-05,7.489243785130384e-07,25489,
822,0.00018422822176944464,2.3948485250002705e-05,8.62894410147419e-07,25499,
822,0.00015720041119493544,1.4191869013302494e-05,7.662248435735819e-07,25509,
822,,,,25512,0.00017504581774119288
823,0.00015467203047592193,1.4083473615755793e-05,8.021188477869146e-07,25519,
823,0.00015569465176668018,1.5087839528860059e-05,7.945532161102165e-07,25529,
823,0.00015339865058194846,1.2713843716483098e-05,7.884867727625533e-07,25539,
823,,,,25543,0.00016672880155965686
824,0.0001503389357822016,1.2934074220538605e-05,8.184491662177606e-07,25549,
824,0.00016522374062333256,1.683526897977572e-05,7.630811182934849e-07,25559,
824,0.00015560684551019222,1.1803300367319025e-05,7.489987297049083e-07,25569,
824,,,,25574,0.00016569552826695144
825,0.0001606492733117193,1.1911676665476989e-05,8.709853887012287e-07,25579,
825,0.0001694672100711614,1.4971567907196004e-05,8.41067219425895e-07,25589,
825,0.00017028850561473519,1.427320694347145e-05,9.719709623823292e-07,25599,
825,,,,25605,0.00017336307791993022
826,0.000162880212883465,1.293206605623709e-05,8.56188364650734e-07,25609,
826,0.00014211739471647888,1.3510606549971271e-05,7.820001428626711e-07,25619,
826,0.00014885225391481072,1.342188897979213e-05,8.065987913141726e-07,25629,
826,,,,25636,0.0001650764752412215
827,0.00018078356515616179,1.577924376761075e-05,8.424650559391011e-07,25639,
827,0.00015178397006820887,1.2579483154695481e-05,8.874859531715629e-07,25649,
827,0.00017985836893785745,1.96581404452445e-05,8.156559943017783e-07,25659,
827,,,,25667,0.0001736674748826772
828,0.00017360210767947137,1.7592628864804283e-05,8.527958357262833e-07,25669,
828,0.00016179136582650244,1.453899221814936e-05,8.321341056216625e-07,25679,
828,0.00014917140651959926,1.2950690688739996e-05,8.337560757354368e-07,25689,
828,,,,25698,0.00017384003149345517
829,0.00014561731950379908,1.3636543371831067e-05,7.548447911176481e-07,25699,
829,0.00015363599231932312,1.355564654659247e-05,8.098413672996685e-07,25709,
829,0.00016260989650618285,1.2061100278515369e-05,8.442241892225866e-07,25719,
829,6.958332232898101e-05,8.304159564431757e-06,3.5328202585560575e-09,25729,
829,,,,25729,0.00016877173038665205
830,0.00018603462376631796,1.3189482160669286e-05,8.861667311066412e-07,25739,
830,0.00014575677050743252,1.3502447473001666e-05,7.510008117606048e-07,25749,
830,0.00013747846242040396,1.3719816706725396e-05,7.17574323516601e-07,25759,
830,,,,25760,0.00016319304995704442
831,0.00016667826275806874,1.2378014616842847e-05,8.827251463117136e-07,25769,
831,0.0001642089628148824,1.3684038094652351e-05,7.769759804432397e-07,25779,
831,0.00013472288264892995,1.3698717339138966e-05,7.113121114343812e-07,25789,
831,,,,25791,0.00016355255502276123
832,0.00014478799130301923,1.2716339369944762e-05,7.409407203340379e-07,25799,
832,0.00018077179265674204,1.980217894015368e-05,8.503578214913432e-07,25809,
832,0.0001534776238258928,1.3612695511255879e-05,7.593719715259795e-07,25819,
832,,,,25822,0.0001707176270429045
833,0.00015496721607632935,1.499166955909459e-05,7.935021812954801e-07,25829,
833,0.00014744432701263577,1.2349574717518408e-05,7.881057513259293e-07,25839,
833,0.0001518411881988868,1.2936696293763816e-05,7.825562420293863e-07,25849,
833,,,,25853,0.0001688258198555559
834,0.00015050762158352882,1.3852109077561181e-05,8.115301284306042e-07,25859,
834,0.00016644151764921844,1.74420747498516e-05,7.607076781823707e-07,25869,
834,0.00015273221652023494,1.1231269127165433e-05,7.434313715748431e-07,25879,
834,,,,25884,0.0001635558292036876
835,0.00015736641944386065,1.1883137631230056e-05,8.642115858492616e-07,25889,
835,0.0001696660474408418,1.552233698021155e-05,8.360887022718089e-07,25899,
835,0.00017108953034039587,1.3317971024662256e-05,9.716234217194142e-07,25909,
835,,,,25915,0.0001789880043361336
836,0.00018862563592847437,1.4551126696460415e-05,8.701949809619691e-07,25919,
836,0.0001536784111522138,1.2969750969205052e-05,7.839968816369947e-07,25929,
836,0.00015195991727523506,1.3831493561156094e-05,8.118955747704604e-07,25939,
836,,,,25946,0.00016763505118433386
837,0.00017102592391893268,1.3250239135231823e-05,8.375735660592909e-07,25949,
837,0.00015142097254283726,1.2967778275196906e-05,8.921582548282458e-07,25959,
837,0.00015881340368650854,1.472655185352778e-05,7.914183015600429e-07,25969,
837,,,,25977,0.00016333124949596822
838,0.00015970987442415208,1.4438831385632511e-05,8.362644052795076e-07,25979,
838,0.00015503102622460574,1.1628263564489316e-05,8.18749981590372e-07,25989,
838,0.0001432670105714351,1.2439583770174067e-05,8.247318419307703e-07,25999,
838,,,,26008,0.0001657709653954953
839,0.00013819175364915282,1.3599164958577603e-05,7.46268824514118e-07,26009,
839,0.00015054360846988857,1.3383999430516269e-05,8.01614703505038e-07,26019,
839,0.000160992203745991,1.2229543244757224e-05,8.32298439945589e-07,26029,
839,6.675208715023473e-05,8.110369890346192e-06,3.4279092897548935e-09,26039,
839,,,,26039,0.0001621158589841798
840,0.0001839141477830708,1.2588789104484022e-05,8.802805950836046e-07,26049,
840,0.00014964226284064353,1.5476336557185277e-05,7.447920324921142e-07,26059,
840,0.00013270278577692807,1.2681038242590148e-05,7.091672387105064e-07,26069,
840,,,,26070,0.0001624113938305527
841,0.00016753777163103223,1.2666349903156515e-05,8.822792665341694e-07,26079,
841,0.00014977266255300492,1.196209359477507e-05,7.617802566528553e-07,26089,
841,0.00013333350943867117,1.2730287380691152e-05,7.119429028534796e-07,26099,
841,,,,26101,0.0001676203537499532
842,0.0001449160190531984,1.3825064343109261e-05,7.335708573918964e-07,26109,
842,0.00016728555783629417,1.3788107025902718e-05,8.394371207032236e-07,26119,
842,0.0001495753094786778,1.2328957382123917e-05,7.522181704189279e-07,26129,
842,,,,26132,0.00016688345931470394
843,0.00014831588487140834,1.1976220775977708e-05,7.89213402185851e-07,26139,
843,0.0001733269600663334,1.8287551938556135e-05,7.965579129631806e-07,26149,
843,0.0001518005592515692,1.2711289855360519e-05,7.794897669555212e-07,26159,
843,,,,26163,0.00016139206127263606
844,0.00014939687389414757,1.3344505532586481e-05,8.066987788879487e-07,26169,
844,0.00017344382649753243,1.721371154417284e-05,7.45209092656296e-07,26179,
844,0.00015627860557287931,1.2917591448058374e-05,7.425006174344162e-07,26189,
844,,,,26194,0.00017320738697890192
845,0.0001607825543032959,1.3742635019298177e-05,8.706962262294837e-07,26199,
845,0.00016411874094046652,1.2375445294310339e-05,8.32234775316465e-07,26209,
845,0.00016638875240460038,1.3115465662849601e-05,9.664132676334702e-07,26219,
845,,,,26225,0.00016473497089464217
846,0.00015753933985251933,1.2516591596067883e-05,8.452076940557163e-07,26229,
846,0.00014536512026097625,1.513240840722574e-05,7.705590974182996e-07,26239,
846,0.00014926918083801866,1.4089527212490793e-05,7.933268761917134e-07,26249,
846,,,,26256,0.00017605481843929738
847,0.00018413325597066432,1.3618649973068386e-05,8.469194767712906e-07,26259,
847,0.0001531620800960809,1.3689481420442462e-05,8.843907153277542e-07,26269,
847,0.00016222137492150068,1.5051613445393741e-05,7.873968570493162e-07,26279,
847,,,,26287,0.0001816784351831302
848,0.0001697867555776611,1.2968188457307406e-05,8.436683742729656e-07,26289,
848,0.00015937369607854635,1.3518818377633579e-05,8.201632795135083e-07,26299,
848,0.00014983412984292954,1.4469766938418616e-05,8.23167852104234e-07,26309,
848,,,,26318,0.0001593932684045285
849,0.0001322475727647543,1.2117439837311395e-05,7.422112844324147e-07,26319,
849,0.0001476750330766663,1.2335949577391148e-05,7.966684734128648e-07,26329,
849,0.00016556026821490377,1.331651583313942e-05,8.294057920466003e-07,26339,
849,6.573535938514397e-05,8.639962288725656e-06,3.4603326870552564e-09,26349,
849,,,,26349,0.00016205923748202622
850,0.00018175940203946084,1.2953275472682435e-05,8.780152711551636e-07,26359,
850,0.00014136203390080482,1.2505617632996291e-05,7.452320573975157e-07,26369,
850,0.0001299674913752824,1.242722191818757e-05,7.033747806417523e-07,26379,
850,,,,26380,0.00016732890799175948
851,0.00017014509649015963,1.4213522263162304e-05,8.787692422629334e-07,26389,
851,0.00014665581693407148,1.1411443665565457e-05,7.444613743246009e-07,26399,
851,0.00012969733506906778,1.1906538929906674e-05,7.021546934993239e-07,26409,
851,,,,26411,0.00016227933519985527
852,0.00014029856538400054,1.2360617802187335e-05,7.333436542467098e-07,26419,
852,0.00017565205052960664,2.2821461243438534e-05,8.458007982881099e-07,26429,
852,0.0001484838721808046,1.3170996680855751e-05,7.475441634596791e-07,26439,
852,,,,26442,0.00015918641292955726
853,0.00014757375174667686,1.269042695639655e-05,7.792768315084686e-07,26449,
853,0.0001473550801165402,1.2669042007473763e-05,7.737480700598098e-07,26459,
853,0.00015162263298407197,1.3105968719173688e-05,7.708482030466257e-07,26469,
853,,,,26473,0.00016048869292717427
854,0.00015219280612654984,1.509214962425176e-05,8.061938387982082e-07,26479,
854,0.00017155605019070208,1.650212834647391e-05,7.3793825094981e-07,26489,
854,0.0001538275246275589,1.3601808859675657e-05,7.474644689864363e-07,26499,
854,,,,26504,0.00017311007832176983
855,0.0001557396026328206,1.390709076076746e-05,8.499960131302942e-07,26509,
855,0.0001598939415998757,1.2961536413058639e-05,8.185905926438863e-07,26519,
855,0.0001624477154109627,1.2565612450998742e-05,9.608318123355275e-07,26529,
855,,,,26535,0.0001695444225333631
856,0.00016099961067084223,1.5000994608271867e-05,8.36749393329228e-07,26539,
856,0.00013832174590788782,1.3451914128381759e-05,7.633797167727607e-07,26549,
856,0.00014164754247758538,1.214560052176239e-05,7.820542009540077e-07,26559,
856,,,,26566,0.00015875539975240827
857,0.00016465774388052523,1.291644002776593e-05,8.180410873137589e-07,26569,
857,0.00015288751455955207,1.3908492292102892e-05,8.705003438080894e-07,26579,
857,0.00014796201139688492,1.2232984772708733e-05,7.655453373445198e-07,26589,
857,,,,26597,0.0001621854171389714
858,0.00015122616605367512,1.2535479982034303e-05,8.142671390487521e-07,26599,
858,0.00017095402290578932,1.6586185665801167e-05,8.163637517100142e-07,26609,
858,0.00014749602996744215,1.505629643361317e-05,8.117191896417353e-07,26619,
858,,,,26628,0.00016039793263189495
859,0.00013338746794033796,1.3945029422757216e-05,7.324212560888554e-07,26629,
859,0.00015298419748432934,1.263646572624566e-05,7.839842055545887e-07,26639,
859,0.00015935882402118295,1.193770640384173e-05,8.292917641483655e-07,26649,
859,6.314281199593097e-05,9.045079423231073e-06,3.4250418057268917e-09,26659,
859,,,,26659,0.0001593481283634901
860,0.0001848760002758354,1.3594646588899195e-05,8.810664553493552e-07,26669,
860,0.00014695723075419664,1.2565556062327232e-05,7.311211902560899e-07,26679,
860,0.00012730550952255726,1.158407667389838e-05,6.991998020566825e-07,26689,
860,,,,26690,0.00016301665164064616
861,0.00016246642917394638,1.2164133295300417e-05,8.735616461308382e-07,26699,
861,0.00014451085007749498,1.142224846262252e-05,7.37887205559673e-07,26709,
861,0.00013501443027053028,1.2658142622967716e-05,7.055792252685933e-07,26719,
861,,,,26721,0.00015882412844803184
862,0.00014403134991880506,1.2976335710845888e-05,7.288781489478424e-07,26729,
862,0.00017498957458883524,1.668725053605158e-05,8.299176670334418e-07,26739,
862,0.0001515266631031409,1.245247131009819e-05,7.523150316046667e-07,26749,
862,,,,26752,0.00016736572433728725
863,0.0001535906339995563,1.2626004718185868e-05,7.766828957755934e-07,26759,
863,0.00014118738181423396,1.191131286759628e-05,7.657847618247615e-07,26769,
863,0.0001468531263526529,1.2816742128052283e-05,7.654888349861722e-07,26779,
863,,,,26783,0.00016570098523516208
864,0.00014630216173827648,1.343585336144315e-05,8.03594957687892e-07,26789,
864,0.0001668172044446692,1.8799473764374852e-05,7.422723342642712e-07,26799,
864,0.00014758534962311387,1.1196968443982769e-05,7.35329535928031e-07,26809,
864,,,,26814,0.00016081174544524401
865,0.0001615501823835075,1.2903284186904784e-05,8.653987038087507e-07,26819,
865,0.0001563522091601044,1.2155580407124944e-05,8.124250712171488e-07,26829,
865,0.00016085660899989307,1.2091762982890941e-05,9.47121407079976e-07,26839,
865,,,,26845,0.00016017074813134968
866,0.0001528898428659886,1.243757924385136e-05,8.329597562806157e-07,26849,
866,0.00013591378228738904,1.2993597010790836e-05,7.615444133080018e-07,26859,
866,0.00014480324171017855,1.3226846931502223e-05,7.849973258089449e-07,26869,
866,,,,26876,0.00016546359984204173
867,0.00017799212946556509,1.630651058803778e-05,8.228891488215595e-07,26879,
867,0.000147843238664791,1.3190368008508813e-05,8.646007358947827e-07,26889,
867,0.00014565388846676797,1.2148250789323356e-05,7.556859600299504e-07,26899,
867,,,,26907,0.00015783698472660035
868,0.0001459006016375497,1.1463172086223494e-05,8.096466217466514e-07,26909,
868,0.0001515902258688584,1.1921696568606421e-05,8.00499037723057e-07,26919,
868,0.0001513141323812306,1.6218733435380273e-05,8.137660074680753e-07,26929,
868,,,,26938,0.00016397531726397574
869,0.00013727553596254438,1.3711126484849956e-05,7.269140382959449e-07,26939,
869,0.0001497559278504923,1.4050414392841049e-05,7.834921120775107e-07,26949,
869,0.00015626111417077482,1.1483402886369731e-05,8.133088726935966e-07,26959,
869,6.477236456703395e-05,8.994146810437087e-06,3.4542664284487046e-09,26969,
869,,,,26969,0.00016524831880815327
870,0.00019508138939272612,1.6032068742788397e-05,8.767500503381598e-07,26979,
870,0.00013377841969486326,1.1856790479214396e-05,7.305645794986049e-07,26989,
870,0.0001285281905438751,1.2452098417270463e-05,6.923042406015156e-07,26999,
870,,,,27000,0.00016477583267260343
871,0.00016941378999035805,1.2120264727855101e-05,8.675047524775437e-07,27009,
871,0.00014148814079817384,1.24567859529634e-05,7.378262125712354e-07,27019,
871,0.0001283921446884051,1.2179675650259014e-05,6.950505166969378e-07,27029,
871,,,,27031,0.00015450721548404545
872,0.00014207189087755978,1.3082209989079274e-05,7.263848829097697e-07,27039,
872,0.00015423451259266585,1.280058677366469e-05,8.310607881867327e-07,27049,
872,0.00014729209942743182,1.1989284757873975e-05,7.423107604154211e-07,27059,
872,,,,27062,0.00018066639313474298
873,0.0001597271766513586,1.6047908502514474e-05,7.760918947496975e-07,27069,
873,0.00014535937225446105,1.4045338502910454e-05,7.651995588275895e-07,27079,
873,0.00014638078573625535,1.2244572644704022e-05,7.608538794556807e-07,27089,
873,,,,27093,0.00016127801791299134
874,0.00014382573135662824,1.202075418405002e-05,7.946314894979878e-07,27099,
874,0.00014710727555211633,1.2555868124763947e-05,7.294377155631082e-07,27109,
874,0.00014710485993418843,1.0837838090083096e-05,7.350393502747465e-07,27119,
874,,,,27124,0.00015423195145558566
875,0.0001479430793551728,1.1538269973243587e-05,8.365649364350247e-07,27129,
875,0.00016024273645598441,1.3938204574515112e-05,8.070954891081783e-07,27139,
875,0.00015802439884282649,1.2296618479012977e-05,9.464904451306211e-07,27149,
875,,,,27155,0.00016061519272625446
876,0.00015321560204029083,1.367915410810383e-05,8.26786958896264e-07,27159,
876,0.00013533826859202236,1.3006370863877237e-05,7.578133249808161e-07,27169,
876,0.00013953022425994277,1.2088585208402947e-05,7.720411758782575e-07,27179,
876,,,,27186,0.0001584908168297261
877,0.00017205554468091577,1.4094642210693564e-05,8.170673595486733e-07,27189,
877,0.0001490582071710378,1.440058713342296e-05,8.593812026447267e-07,27199,
877,0.00014739188191015273,1.286679798795376e-05,7.511245598834648e-07,27209,
877,,,,27217,0.0001563309197081253
878,0.00014761432248633355,1.1384096069377847e-05,8.094105510281224e-07,27219,
878,0.00014831274165771902,1.1594371244427748e-05,7.895130238466663e-07,27229,
878,0.00014016196655575186,1.3025312910031062e-05,7.969839543875423e-07,27239,
878,,,,27248,0.00015669985441491008
879,0.00013020529877394438,1.2929985132359434e-05,7.217033157758124e-07,27249,
879,0.0001468785631004721,1.3601384125649929e-05,7.733715960966947e-07,27259,
879,0.00015580523177050054,1.2778458767570555e-05,8.082429303613026e-07,27269,
879,6.371054041665047e-05,8.254004569607787e-06,3.4663412140645278e-09,27279,
879,,,,27279,0.00016251797205768526
880,0.00018020842981059104,1.3596950338978786e-05,8.563357596358401e-07,27289,
880,0.00013300840510055423,1.167833306681132e-05,7.192437010417052e-07,27299,
880,0.00012513226829469204,1.1867209650517907e-05,6.797717446715978e-07,27309,
880,,,,27310,0.00015622169303242117
881,0.00016207086446229368,1.1820379768323619e-05,8.602836487625609e-07,27319,
881,0.00014354292943608016,1.3498086445906665e-05,7.277243980752246e-07,27329,
881,0.00013549720461014658,1.212790266436059e-05,6.973065183046856e-07,27339,
881,,,,27341,0.00016522397345397621
882,0.00013535971811506897,1.2051346857333556e-05,7.15966507414123e-07,27349,
882,0.00015063659520819783,1.2549096027214546e-05,8.165154099515348e-07,27359,
882,0.0001411373377777636,1.1776515748351812e-05,7.33427270915854e-07,27369,
882,,,,27372,0.00016609429439995438
883,0.00016707871691323817,1.7918231606017798e-05,7.983998102645273e-07,27379,
883,0.00015891190560068935,1.630263250262942e-05,7.735239933026605e-07,27389,
883,0.000146990962093696,1.206612341775326e-05,7.602592404509778e-07,27399,
883,,,,27403,0.00016623151896055788
884,0.0001465409150114283,1.5232347323035356e-05,7.991548045538366e-07,27409,
884,0.00016105522809084505,1.5299157894332893e-05,7.246208042488433e-07,27419,
884,0.00014988078328315169,1.095564311981434e-05,7.325904221033852e-07,27429,
884,,,,27434,0.00016946037067100406
885,0.0001466984103899449,1.1228597941226326e-05,8.368035082639835e-07,27439,
885,0.000150483610923402,1.1087492566730361e-05,8.016056654014392e-07,27449,
885,0.00015848185284994543,1.2481365956773516e-05,9.420776905244566e-07,27459,
885,,,,27465,0.0001522310049040243
886,0.0001490793947596103,1.2001489267277066e-05,8.223979079957644e-07,27469,
886,0.0001371027174172923,1.4208409993443638e-05,7.561966413049959e-07,27479,
886,0.00013842298358213156,1.205701755679911e-05,7.671705475331692e-07,27489,
886,,,,27496,0.00015597748279105872
887,0.0001749576476868242,1.4928666132618673e-05,8.276534799733781e-07,27499,
887,0.00015151906700339168,1.6247799067059532e-05,8.600327419117093e-07,27509,
887,0.00014305005606729537,1.196964512928389e-05,7.482476576115005e-07,27519,
887,,,,27527,0.0001566662103869021
888,0.00014933377678971738,1.330692793999333e-05,8.021986559469951e-07,27529,
888,0.00014744199870619923,1.2014050298603252e-05,7.884406727498572e-07,27539,
888,0.00013992867025081068,1.2302140930842143e-05,7.921665883259266e-07,27549,
888,,,,27558,0.0001554217014927417
889,0.00012918734864797443,1.1927403647860046e-05,7.134423753996089e-07,27559,
889,0.00014262848708312958,1.2558908565551974e-05,7.675072311030817e-07,27569,
889,0.00015370863548014313,1.180557501356816e-05,7.998258979569073e-07,27579,
889,6.292100442806259e-05,7.793567419867031e-06,3.4799962911336024e-09,27589,
889,,,,27589,0.00015713562606833875
890,0.00017376881442032754,1.3082149052934255e-05,8.427166449109791e-07,27599,
890,0.00013169822341296822,1.1670068488456309e-05,7.175558494054712e-07,27609,
890,0.00012324648560024798,1.1461930625955574e-05,6.752215426786279e-07,27619,
890,,,,27620,0.00015889784845057875
891,0.0001617311645532027,1.2891208825749345e-05,8.622399718660745e-07,27629,
891,0.000135775248054415,1.0993179785145912e-05,7.222533326967095e-07,27639,
891,0.00012286835408303887,1.1471281140984502e-05,6.743285325683246e-07,27649,
891,,,,27651,0.00015436118701472878
892,0.00013634817150887102,1.2912877537019085e-05,7.100309744600963e-07,27659,
892,0.0001447346730856225,1.2564726603159215e-05,8.059799370130349e-07,27669,
892,0.00014062751142773777,1.234426144947065e-05,7.25265351775306e-07,27679,
892,,,,27682,0.00015263602836057544
893,0.00013798635336570442,1.1506422197271604e-05,7.549236897830269e-07,27689,
893,0.0001360402093268931,1.1416378583817277e-05,7.443831009368296e-07,27699,
893,0.00016646833682898432,1.599987990630325e-05,7.430437563016312e-07,27709,
893,,,,27713,0.00019576080376282334
894,0.00014699550229124725,1.2138272722950205e-05,7.889649964454293e-07,27719,
894,0.00014769608969800174,1.317683927481994e-05,7.295984687516466e-07,27729,
894,0.00014406400441657752,1.0656321137503255e-05,7.378012014669366e-07,27739,
894,,,,27744,0.00016367471835110337
895,0.00014707645459566265,1.4071173609409016e-05,8.313064654430491e-07,27749,
895,0.00015443531447090209,1.2331681318755727e-05,7.970057822603849e-07,27759,
895,0.00015327849541790783,1.2049707947880961e-05,9.364318884763634e-07,27769,
895,,,,27775,0.0001542166282888502
896,0.0001494563475716859,1.2373800927889533e-05,8.162867857208767e-07,27779,
896,0.00013998376380186528,1.419815089320764e-05,7.439552405230643e-07,27789,
896,0.00013932552246842533,1.2866464203398209e-05,7.652487283849041e-07,27799,
896,,,,27806,0.00015257485210895538
897,0.00016171745664905757,1.3161305105313659e-05,8.007484666450182e-07,27809,
897,0.00014337031461764127,1.2980889550817665e-05,8.515897320648946e-07,27819,
897,0.0001453709410270676,1.3393932022154331e-05,7.390077030322573e-07,27829,
897,,,,27837,0.00015650512068532407
898,0.0001470960269216448,1.1175498912052717e-05,7.972198545758147e-07,27839,
898,0.00014735043805558234,1.2341514775471296e-05,7.786993592162617e-07,27849,
898,0.00013452257553581148,1.1529246876307297e-05,7.817049549885269e-07,27859,
898,,,,27868,0.00015388477186206728
899,0.000127418024931103,1.1493931197037455e-05,7.111202080523071e-07,27869,
899,0.00014694199489895254,1.2160930964455474e-05,7.663670089641528e-07,27879,
899,0.00014990440104156733,1.1227351023990195e-05,7.927917522465577e-07,27889,
899,6.548954843310639e-05,9.218691957357805e-06,3.6329657060463205e-09,27899,
899,,,,27899,0.00015846927999518812
900,0.00017985347949434072,1.6120024156407453e-05,8.359860999007651e-07,27909,
900,0.00013466388918459415,1.3284015949466266e-05,7.168991942307912e-07,27919,
900,0.0001236181560670957,1.2060601875418797e-05,6.7312771534489e-07,27929,
900,,,,27930,0.00015808850002940744
901,0.00015978373994585127,1.2800475815311074e-05,8.523101655555365e-07,27939,
901,0.00014091529010329396,1.2720325685222633e-05,7.242372248583706e-07,27949,
901,0.00012037244596285746,1.1093361536040902e-05,6.714261076012917e-07,27959,
901,,,,27961,0.00015755268395878375
902,0.00013258535182103515,1.1864439329656307e-05,7.030690767351189e-07,27969,
902,0.00015590190014336258,1.7507298252894543e-05,8.048738777688413e-07,27979,
902,0.00013882489292882383,1.2076287021045573e-05,7.215543860183971e-07,27989,
902,,,,27992,0.00015158568567130715
903,0.000135308742756024,1.0876149644900579e-05,7.463117981387768e-07,27999,
903,0.00014882851974107325,1.5725008779554628e-05,7.479075065930374e-07,28009,
903,0.0001421850174665451,1.2044795766996685e-05,7.340049137383176e-07,28019,
903,,,,28023,0.00015066881314851344
904,0.0001372947881463915,1.2283232535992283e-05,7.722100008322741e-07,28029,
904,0.00016088597476482391,1.886222162283957e-05,7.12213079623325e-07,28039,
904,0.00014362228102982044,1.1495578291942365e-05,7.284291996256798e-07,28049,
904,,,,28054,0.0001528118154965341
905,0.00014282487973105162,1.096445612347452e-05,8.184430839719425e-07,28059,
905,0.00015386423910968006,1.3185504940338433e-05,7.844474794183043e-07,28069,
905,0.00015488250937778503,1.2452900591597427e-05,9.208964684148668e-07,28079,
905,,,,28085,0.000151722677401267
906,0.0001485726679675281,1.1900453500857111e-05,8.035386827032198e-07,28089,
906,0.0001319383445661515,1.2213397894811351e-05,7.429961215166259e-07,28099,
906,0.0001572886249050498,1.879317824204918e-05,7.546028086835577e-07,28109,
906,,,,28116,0.00015576642181258649
907,0.00015849547344259918,1.3480838788382243e-05,7.886810067248007e-07,28119,
907,0.00014429588918574154,1.475834142183885e-05,8.504264883413271e-07,28129,
907,0.00014070143515709788,1.2298446563363541e-05,7.31904037820641e-07,28139,
907,,,,28147,0.00015056766278576106
908,0.0001447053364245221,1.3529482203011867e-05,7.818414360372117e-07,28149,
908,0.00014151343202684075,1.106644413084723e-05,7.643893127351475e-07,28159,
908,0.00013519676576834172,1.2579533176904079e-05,7.762986911075132e-07,28169,
908,,,,28178,0.00015912691014818847
909,0.00013301189756020904,1.3796675375488121e-05,7.006414648458303e-07,28179,
909,0.00014592811930924654,1.2722870451398194e-05,7.566408726233931e-07,28189,
909,0.00015421948046423495,1.1074824215029366e-05,7.984643275449343e-07,28199,
909,6.403793668141589e-05,7.934370842122007e-06,3.444269314201165e-09,28209,
909,,,,28209,0.0001538643700769171
910,0.00016932209837250412,1.2066203453287017e-05,8.273073603959347e-07,28219,
910,0.00014808487321715802,1.5097763935045805e-05,7.08233415025461e-07,28229,
910,0.0001214471340063028,1.1422498573665507e-05,6.657348308181099e-07,28239,
910,,,,28240,0.00015659563359804451
911,0.0001600599498488009,1.2066109775332734e-05,8.478869517603016e-07,28249,
911,0.00013754185056313872,1.1242800610489212e-05,7.240554964482726e-07,28259,
911,0.00012322785914875567,1.1238566003157757e-05,6.694662602058088e-07,28269,
911,,,,28271,0.00015195392188616097
912,0.00014771394489798695,1.9688584870891646e-05,7.113308697626053e-07,28279,
912,0.00014417641796171665,1.2387507013045251e-05,7.960418884067622e-07,28289,
912,0.00013787206262350082,1.1452680155343842e-05,7.221262308121368e-07,28299,
912,,,,28302,0.00015009731578174978
913,0.0001369767269352451,1.1294198884570505e-05,7.481405646103667e-07,28309,
913,0.00013952385052107275,1.1183143215021119e-05,7.557501362498442e-07,28319,
913,0.00013881012273486704,1.0921618923021015e-05,7.361914526882174e-07,28329,
913,,,,28333,0.00015683117089793086
914,0.0001440768683096394,1.232223348779371e-05,7.799282570886135e-07,28339,
914,0.00015147832164075226,1.3161596143618226e-05,7.059449558255437e-07,28349,
914,0.00014419935178011656,1.165412049886072e-05,7.211355637082306e-07,28359,
914,,,,28364,0.0001497390476288274
915,0.00013838055019732565,1.0664589353837073e-05,8.034886604946223e-07,28369,
915,0.0001567553699715063,1.2725037777272519e-05,7.823887813174224e-07,28379,
915,0.00015477777924388647,1.3711201972910203e-05,9.226286010743934e-07,28389,
915,,,,28395,0.00014799527707509696
916,0.00014557460963260382,1.2820816664316226e-05,8.02896238383255e-07,28399,
916,0.0001330826198682189,1.2744561900035478e-05,7.316067467399989e-07,28409,
916,0.00013697486429009587,1.2318581866566092e-05,7.554754688499088e-07,28419,
916,,,,28426,0.00014922491391189396
917,0.00016055644664447755,1.324370259681018e-05,7.913388913038943e-07,28429,
917,0.000138887160574086,1.2518629773694556e-05,8.405894504903699e-07,28439,
917,0.0001390841935062781,1.2114654055039864e-05,7.228296112771204e-07,28449,
917,,,,28457,0.00014837390335742384
918,0.00013762405433226377,1.0875328371184878e-05,7.808660598129791e-07,28459,
918,0.0001381333131575957,1.0847827070392668e-05,7.490684197364317e-07,28469,
918,0.00013386817590799183,1.1616434676398057e-05,7.687567062930611e-07,28479,
918,,,,28488,0.00014674250269308686
919,0.00012084861373296008,1.1431790881033521e-05,6.952587909836438e-07,28489,
919,0.00013787401258014143,1.162463377113454e-05,7.494406304431322e-07,28499,
919,0.0001530117297079414,1.3380027667153627e-05,7.888091886343318e-07,28509,
919,6.0752507124561816e-05,8.68318875291152e-06,3.472427012596313e-09,28519,
919,,,,28519,0.00014910983736626804
920,0.0001685487077338621,1.2389888070174493e-05,8.225579790632764e-07,28529,
920,0.0001317542337346822,1.1718573659891263e-05,7.000244295340963e-07,28539,
920,0.00011985047603957355,1.171256553789135e-05,6.603061137866462e-07,28549,
920,,,,28550,0.00014930324687156826
921,0.00015733005420770496,1.1959974472119939e-05,8.40154484649247e-07,28559,
921,0.0001396133884554729,1.1740728950826451e-05,7.16093950359209e-07,28569,
921,0.00012066066119587049,1.2035286090394948e-05,6.620829253733973e-07,28579,
921,,,,28581,0.00015763533883728087
922,0.00013329526700545102,1.376225827698363e-05,6.989821486058645e-07,28589,
922,0.000150473861140199,1.5049505236675031e-05,8.012878538465884e-07,28599,
922,0.00013712348300032318,1.2172000424470752e-05,7.097361844898842e-07,28609,
922,,,,28612,0.00014830906002316624
923,0.0001389965182170272,1.1730236110452097e-05,7.373766948148841e-07,28619,
923,0.0001567632716614753,1.3826240319758654e-05,7.542137723248743e-07,28629,
923,0.00013826477515976876,1.1945900951104704e-05,7.271485742421646e-07,28639,
923,,,,28643,0.0001540060475235805
924,0.00013926325482316315,1.3587596185971051e-05,7.746334631519858e-07,28649,
924,0.00014244820340536535,1.2111318028473761e-05,6.921792419234407e-07,28659,
924,0.00014038366498425603,1.116762632591417e-05,7.156571086852637e-07,28669,
924,,,,28674,0.00015060529403854162
925,0.00014566973550245166,1.1172625818289816e-05,8.136183282658749e-07,28679,
925,0.0001456971513107419,1.1190789336978924e-05,7.657072274014354e-07,28689,
925,0.00014856965572107583,1.1814163372037001e-05,9.089819172913849e-07,28699,
925,,,,28705,0.00014921309775672853
926,0.00014263924094848335,1.1632685527729336e-05,7.957231105137907e-07,28709,
926,0.0001302984746871516,1.3138623216946144e-05,7.246806035254849e-07,28719,
926,0.00014104426372796297,1.3552990822063293e-05,7.466732654393127e-07,28729,
926,,,,28736,0.00014993494551163167
927,0.00015499128494411707,1.3071325156488456e-05,7.835550377421896e-07,28739,
927,0.0001407814270351082,1.389229601045372e-05,8.372142019652529e-07,28749,
927,0.00014224635378923267,1.3772237252851482e-05,7.196713340817951e-07,28759,
927,,,,28767,0.0001509978319518268
928,0.0001394957216689363,1.2208894077048171e-05,7.701784738856077e-07,28769,
928,0.00013997606583870947,1.1735724001482595e-05,7.512772981499438e-07,28779,
928,0.0001345187920378521,1.184570191981038e-05,7.619074722242658e-07,28789,
928,,,,28798,0.00014789766282774508
929,0.00012194248847663403,1.2326878277235664e-05,6.919107704561611e-07,28799,
929,0.0001444242225261405,1.1871185961354058e-05,7.445639198522258e-07,28809,
929,0.0001506816188339144,1.2501423952926416e-05,7.785529874126951e-07,28819,
929,6.304553971858695e-05,1.131888620875543e-05,3.4226541600901328e-09,28829,
929,,,,28829,0.00015683953824918717
930,0.00017328542890027165,1.4055784959055018e-05,8.35804826238018e-07,28839,
930,0.00012509901716839522,1.1075871952925809e-05,6.986349490034627e-07,28849,
930,0.00011940222611883655,1.0837262379936874e-05,6.550016564688121e-07,28859,
930,,,,28860,0.00015348498709499836
931,0.00017248844960704446,1.762378087732941e-05,8.646624110042467e-07,28869,
931,0.000134117784909904,1.0976082194247283e-05,7.027707624729373e-07,28879,
931,0.0001194461146951653,1.1262527550570667e-05,6.663076987933891e-07,28889,
931,,,,28891,0.0001531197631265968
932,0.00013999808288645,1.2455575415515341e-05,7.132367159101705e-07,28899,
932,0.00015125029312912375,1.3578200196207035e-05,8.04792762210127e-07,28909,
932,0.0001382595073664561,1.1386767255316954e-05,7.167124635998334e-07,28919,
932,,,,28922,0.00014901864051353186
933,0.00013814769044984132,1.174714543594746e-05,7.367303282990179e-07,28929,
933,0.00014827278209850192,1.4196544725564308e-05,7.449802978953812e-07,28939,
933,0.00013378712174016982,1.0803312761709094e-05,7.15536089046509e-07,28949,
933,,,,28953,0.0001565081038279459
934,0.00013461595517583191,1.1294489922875073e-05,7.632198162355053e-07,28959,
934,0.00013473299623001367,1.1234415978833567e-05,6.852654905742384e-07,28969,
934,0.00013721045979764313,1.0490462045709137e-05,7.11131292518985e-07,28979,
934,,,,28984,0.00014727235247846693
935,0.00016016256995499134,1.4959216059651226e-05,8.048447170949657e-07,28989,
935,0.0001608259481145069,1.5474386600544676e-05,7.672935566915839e-07,28999,
935,0.00015237757179420441,1.308382343268022e-05,9.102653280024242e-07,29009,
935,,,,29015,0.00015682014054618776
936,0.00014138661208562553,1.1474257917143404e-05,7.893630709077115e-07,29019,
936,0.0001343089679721743,1.3475827472575475e-05,7.212847776827402e-07,29029,
936,0.00013374266563914716,1.192234230984468e-05,7.389001552837726e-07,29039,
936,,,,29046,0.0001508152490714565
937,0.00015841088315937668,1.4560936506313737e-05,7.842120339773828e-07,29049,
937,0.0001385367795592174,1.1686889592965599e-05,8.370021760129021e-07,29059,
937,0.0001344828779110685,1.1336279385432135e-05,7.150945862122171e-07,29069,
937,,,,29077,0.00014957814710214734
938,0.00014277514128480107,1.127630821429193e-05,7.649111353202898e-07,29079,
938,0.00014093556092120707,1.1309126421110705e-05,7.422503358611721e-07,29089,
938,0.00014422468666452914,1.2623327165783849e-05,7.665071279916447e-07,29099,
938,,,,29108,0.00015032276860438287
939,0.0001242250727955252,1.1767132491513621e-05,6.942416348465485e-07,29109,
939,0.00013633386697620153,1.1792085388151463e-05,7.499388061660284e-07,29119,
939,0.0001552802714286372,1.1403130883991253e-05,7.755859314784175e-07,29129,
939,6.886069604661316e-05,8.120739039441105e-06,3.5631901873500738e-09,29139,
939,,,,29139,0.0001533206959720701
940,0.00016224988212343305,1.1541176718310453e-05,8.116215326481324e-07,29149,
940,0.0001301349257119,1.3434167158266064e-05,6.983323714848666e-07,29159,
940,0.00011799283674918115,1.1673960216285195e-05,6.559311032106052e-07,29169,
940,,,,29170,0.00014873984036967158
941,0.00014880085655022413,1.1099576113338117e-05,8.369604529434582e-07,29179,
941,0.00012609432451426983,1.0485961865924764e-05,6.950992315069016e-07,29189,
941,0.00011498230742290616,1.0554093023529276e-05,6.552388072122994e-07,29199,
941,,,,29201,0.00014356020255945623
942,0.00012480626173783094,1.1417746463848744e-05,6.85339955452946e-07,29209,
942,0.00014894435298629105,1.6660669643897563e-05,7.796896852596547e-07,29219,
942,0.00013253006909508258,1.1696872206812259e-05,6.988159384491155e-07,29229,
942,,,,29232,0.0001445535890525207
943,0.00013636269432026893,1.3197260159358848e-05,7.406449640257051e-07,29239,
943,0.00014676984574180096,1.3268232578411698e-05,7.380176612059586e-07,29249,
943,0.00013618773664347827,1.1808960152848158e-05,7.108619115570036e-07,29259,
943,,,,29263,0.0001435177109669894
944,0.0001310464140260592,1.109403729060432e-05,7.513252171520435e-07,29269,
944,0.00014810684660915285,1.5921263184281997e-05,6.818947326792113e-07,29279,
944,0.00013794972619507462,1.1350505701557267e-05,7.115442031135899e-07,29289,
944,,,,29294,0.00014451636525336653
945,0.00013353223039302975,1.0994524018315133e-05,7.858824346840265e-07,29299,
945,0.00015320639067795128,1.4271933650888968e-05,7.551350336143514e-07,29309,
945,0.00015192004502750933,1.3561702871811576e-05,9.002554293147114e-07,29319,
945,,,,29325,0.00014305002696346492
946,0.00014314187865238637,1.3746410331805237e-05,7.81497021762334e-07,29329,
946,0.00012731515744235367,1.3318845958565362e-05,7.12872633812367e-07,29339,
946,0.00013354295515455306,1.2357570994936395e-05,7.27035285308375e-07,29349,
946,,,,29356,0.0001626573211979121
947,0.00015595616423524916,1.4381846995092928e-05,7.700884339101322e-07,29359,
947,0.00014326011296361685,1.5343173799919896e-05,8.256764090219804e-07,29369,
947,0.00013419619062915444,1.278478612221079e-05,7.063860039124847e-07,29379,
947,,,,29387,0.00014427506539504975
948,0.00013236061204224825,1.0917860890913289e-05,7.573104880975734e-07,29389,
948,0.00013685399608220905,1.1514096513565164e-05,7.340860861404508e-07,29399,
948,0.00013159404625184834,1.1164095667481888e-05,7.490511961805169e-07,29409,
948,,,,29418,0.00014747359091416
949,0.00012177224562037736,1.3098609997541644e-05,6.798233016525046e-07,29419,
949,0.000133446796098724,1.1510447620821651e-05,7.360975473602593e-07,29429,
949,0.0001491193106630817,1.246028386958642e-05,7.620832889188023e-07,29439,
949,6.073174881748855e-05,8.519898074155208e-06,3.565739037370008e-09,29449,
949,,,,29449,0.00014757964527234435
950,0.00016387662617489696,1.2937835890625138e-05,8.029318223634618e-07,29459,
950,0.0001221977436216548,1.1201143934158608e-05,6.912714525242336e-07,29469,
950,0.0001156487560365349,1.0596742868074216e-05,6.43663838673092e-07,29479,
950,,,,29480,0.00014214657130651176
951,0.00014680434833280742,1.0899314474954735e-05,8.255899501818931e-07,29489,
951,0.00012946386414114386,1.0839616152225062e-05,6.937110583749018e-07,29499,
951,0.00011689172242768109,1.1158622328366619e-05,6.50886477160384e-07,29509,
951,,,,29511,0.00014862784883007407
952,0.0001349885278614238,1.5880263163126074e-05,6.878759677420021e-07,29519,
952,0.00014153118536341935,1.3710018720303196e-05,7.777926498420129e-07,29529,
952,0.0001322354655712843,1.1747015378205106e-05,6.943756716282223e-07,29539,
952,,,,29542,0.000150423584273085
953,0.00012940507440362126,1.123539186664857e-05,7.22207801118202e-07,29549,
953,0.0001309421204496175,1.2594158761203289e-05,7.301322852981684e-07,29559,
953,0.00013223137648310512,1.0475121598574333e-05,7.112858497748675e-07,29569,
953,,,,29573,0.00014424746041186154
954,0.00013962674711365253,1.3538555322156753e-05,7.487997208954766e-07,29579,
954,0.0001324554323218763,1.1842485946544912e-05,6.76226932228019e-07,29589,
954,0.00013444508658722043,1.0223054232483264e-05,7.049297892081086e-07,29599,
954,,,,29604,0.00014259472663979977
955,0.00013377974391914904,1.0592493708827533e-05,7.802552772773197e-07,29609,
955,0.00014019588707014918,1.0464114893693477e-05,7.461662221430743e-07,29619,
955,0.00014261332398746163,1.0802024007716682e-05,8.935779760577134e-07,29629,
955,,,,29635,0.00014366825053002685
956,0.0001529071305412799,1.712680204946082e-05,7.747671588731464e-07,29639,
956,0.00013420847244560719,1.59881583385868e-05,7.196841238510387e-07,29649,
956,0.00012811172928195447,1.1619918041105848e-05,7.240757895488059e-07,29659,
956,,,,29666,0.00014257759903557599
957,0.00015265410183928907,1.1471588550193701e-05,7.660887035854103e-07,29669,
957,0.0001344517368124798,1.1597340744629037e-05,8.178890311683062e-07,29679,
957,0.00013929179112892598,1.2101633728889283e-05,7.081045509949035e-07,29689,
957,,,,29697,0.0001445254310965538
958,0.00013633978960569948,1.1155002539453562e-05,7.613189723087999e-07,29699,
958,0.00013702764408662915,1.1882839316967875e-05,7.201175549198524e-07,29709,
958,0.00013307391782291234,1.195235199702438e-05,7.503951451326429e-07,29719,
958,,,,29728,0.00014345762610901147
959,0.00011764521332224831,1.0720318641688209e-05,6.75232513458468e-07,29729,
959,0.00013323515304364264,1.0924789421551395e-05,7.311082299565896e-07,29739,
959,0.0001513196184532717,1.3922294783696998e-05,7.69809560097201e-07,29749,
959,6.093446791055612e-05,7.32465787223191e-06,3.605327592026697e-09,29759,
959,,,,29759,0.00014084516442380846
960,0.00015901921142358333,1.0902925168920774e-05,8.002601816770039e-07,29769,
960,0.00012033210805384442,1.1262342923146207e-05,6.833683983131777e-07,29779,
960,0.00011610343062784523,1.1074673238908872e-05,6.431569090636913e-07,29789,
960,,,,29790,0.00013999371731188148
961,0.00015026125765871257,1.2702123967756052e-05,8.239640578722174e-07,29799,
961,0.0001242148719029501,1.0350979209761135e-05,6.854384082544129e-07,29809,
961,0.00011385286052245647,1.0403602573205717e-05,6.497826916529448e-07,29819,
961,,,,29821,0.00014421167725231498
962,0.00012832353240810335,1.3563354514189996e-05,6.872514290989784e-07,29829,
962,0.00014206669584382325,1.1812201591965277e-05,7.770335059831268e-07,29839,
962,0.00013302246225066483,1.169626193586737e-05,6.919271982042119e-07,29849,
962,,,,29852,0.0001427335082553327
963,0.0001309633516939357,1.1359095879015513e-05,7.190332098616636e-07,29859,
963,0.00014165457105264068,1.41032278406783e-05,7.346135930674791e-07,29869,
963,0.00013125711120665073,1.113335292757256e-05,7.016528229542018e-07,29879,
963,,,,29883,0.00015366371371783316
964,0.00013257672253530473,1.1737408385670278e-05,7.552474698968581e-07,29889,
964,0.00013331462105270475,1.2164132385805715e-05,6.811320645283558e-07,29899,
964,0.00014642378664575517,1.3409176972345449e-05,7.062378131195146e-07,29909,
964,,,,29914,0.00015354801143985242
965,0.00014540684060193598,1.1368169907655101e-05,8.021614235076413e-07,29919,
965,0.00016698482795618474,1.3181378562876489e-05,7.693867587477143e-07,29929,
965,0.00015279665240086615,1.1176111911481712e-05,9.09719403807685e-07,29939,
965,,,,29945,0.0001547137217130512
966,0.00014041444228496403,1.1657049981295131e-05,7.857670425437391e-07,29949,
966,0.00012340446119196713,1.2236244401719887e-05,7.060652364998532e-07,29959,
966,0.00012750927999150008,1.1200540029676631e-05,7.183906518548611e-07,29969,
966,,,,29976,0.00014480658865068108
967,0.0001565085258334875,1.2679646715696435e-05,7.594483122375095e-07,29979,
967,0.00013460780610330403,1.2324647286732215e-05,8.171931540346122e-07,29989,
967,0.00012972044351045042,1.114055066864239e-05,6.989915277699765e-07,29999,
967,,,,30007,0.00014116373495198786
968,0.00013203656999394298,1.1373570487194229e-05,7.438362672473886e-07,30009,
968,0.00013152245082892478,1.0895328159676865e-05,7.143025868572295e-07,30019,
968,0.00013154478801880032,1.3416683032119181e-05,7.406694635392341e-07,30029,
968,,,,30038,0.00014306750381365418
969,0.00011729952530004084,1.154687470261706e-05,6.721828640365857e-07,30039,
969,0.0001362878829240799,1.1637373972916976e-05,7.255392233673774e-07,30049,
969,0.00014857096539344639,1.3855914403393399e-05,7.6343962973624e-07,30059,
969,6.301490066107363e-05,7.703985829721205e-06,3.4826141970256685e-09,30069,
969,,,,30069,0.00014532238128595054
970,0.00015698101196903735,1.1111703315691557e-05,7.85542056291888e-07,30079,
970,0.00012173037248430774,1.1529838957358152e-05,6.761416670997278e-07,30089,
970,0.00011339389311615378,1.0857856068469118e-05,6.383415893651545e-07,30099,
970,,,,30100,0.0001425911032129079
971,0.00014397146878764033,1.0707378351071384e-05,8.211993076656654e-07,30109,
971,0.00013416032015811652,1.4139072845864575e-05,6.887150334478065e-07,30119,
971,0.00011541499407030642,1.159933253802592e-05,6.457304380091955e-07,30129,
971,,,,30131,0.00014393632591236383
972,0.00012137827434344217,1.1313036338833626e-05,6.735554620718176e-07,30139,
972,0.00013417760783340782,1.1077018825744744e-05,7.585989578728913e-07,30149,
972,0.00012868421617895365,1.0864442629099358e-05,6.814256039433531e-07,30159,
972,,,,30162,0.00014206593914423138
973,0.00012731341121252626,1.0785487575049046e-05,7.16142551482335e-07,30169,
973,0.00013267372560221702,1.3414511158771347e-05,7.264271744134021e-07,30179,
973,0.00012815646186936647,1.0399165148555767e-05,6.937287366781675e-07,30189,
973,,,,30193,0.00013982891687192023
974,0.00013137925998307765,1.141169104812434e-05,7.415860068249458e-07,30199,
974,0.00012702336243819445,1.0676370038709138e-05,6.636999501097307e-07,30209,
974,0.00016573230095673352,1.952089587575756e-05,7.058038136165123e-07,30219,
974,,,,30224,0.0001601980475243181
975,0.0001491100701969117,1.5010482457000762e-05,7.973272886374616e-07,30229,
975,0.000145520840305835,1.371649432257982e-05,7.422602834594727e-07,30239,
975,0.00013982689415570349,1.0672138159861788e-05,8.831053719404736e-07,30249,
975,,,,30255,0.0001667786855250597
976,0.00014741804625373334,1.3394365851127077e-05,7.872383207541134e-07,30259,
976,0.00013293371011968702,1.66099544003373e-05,7.034248028503498e-07,30269,
976,0.00012919858272653073,1.1277719750069082e-05,7.158350854297169e-07,30279,
976,,,,30286,0.00014495437790174037
977,0.00015944114420562983,1.4052003280085046e-05,7.786225637573807e-07,30289,
977,0.00013366350322030485,1.1234271369175985e-05,8.205016115425678e-07,30299,
977,0.00012761540710926056,1.0935654245258775e-05,6.985136451476137e-07,30309,
977,,,,30317,0.00014907629520166665
978,0.00013951676373835653,1.2062192581652198e-05,7.524474199271936e-07,30319,
978,0.00013533036690205336,1.022213928081328e-05,7.149877774281777e-07,30329,
978,0.00012653936573769897,1.0658192877599504e-05,7.376890494015242e-07,30339,
978,,,,30348,0.00014049169840291142
979,0.00011482802801765501,1.0898822438321076e-05,6.651658850387321e-07,30349,
979,0.00013232840865384787,1.1524080036906525e-05,7.336143426073249e-07,30359,
979,0.0001437795435776934,1.224895822815597e-05,7.52707364881644e-07,30369,
979,5.883942139917053e-05,6.888633834023494e-06,3.4354352695942225e-09,30379,
979,,,,30379,0.00014282464690040797
980,0.00015429822087753564,1.1465132047305815e-05,7.81897256274533e-07,30389,
980,0.0001206064407597296,1.102354781323811e-05,6.750811962774605e-07,30399,
980,0.00011288826499367133,1.0743759958131704e-05,6.379233354891767e-07,30409,
980,,,,30410,0.00014623139577452093
981,0.00014482707774732262,1.1112188076367602e-05,8.219503797590733e-07,30419,
981,0.00012180449266452342,1.0548239515628666e-05,6.754442551937245e-07,30429,
981,0.00011254601849941537,1.109920322051039e-05,6.376222927428898e-07,30439,
981,,,,30441,0.00014243491750676185
982,0.0001223617873620242,1.1924624232051428e-05,6.723857950419188e-07,30449,
982,0.00013537709310185164,1.1797368642874062e-05,7.548774760834931e-07,30459,
982,0.00013092771405354142,1.203347164846491e-05,6.807688350818353e-07,30469,
982,,,,30472,0.00014671894314233214
983,0.00012691449956037104,1.0937427759927232e-05,7.156219226089888e-07,30479,
983,0.00013919147022534162,1.5068071661517024e-05,7.385395974779385e-07,30489,
983,0.00012748413428198546,1.0296366781403776e-05,6.866293347229657e-07,30499,
983,,,,30503,0.00014685151109006256
984,0.00012703669199254364,1.0781042874441482e-05,7.39016400075343e-07,30509,
984,0.00012625068484339863,1.0911597200902179e-05,6.613603886762576e-07,30519,
984,0.00013217101513873786,9.858858902589418e-06,6.942989330127602e-07,30529,
984,,,,30534,0.00013888362445868552
985,0.0001558953372295946,1.6546786355320364e-05,7.719671089034819e-07,30539,
985,0.00015014520613476634,1.4541529708367307e-05,7.403800736938138e-07,30549,
985,0.00013994979963172227,1.109343702410115e-05,8.82332926721574e-07,30559,
985,,,,30565,0.00014650319644715637
986,0.00013532947923522443,1.1059361895604525e-05,7.654567184545158e-07,30569,
986,0.0001226148451678455,1.2423627595126163e-05,6.945792847545817e-07,30579,
986,0.00012764357961714268,1.1412008461775258e-05,7.094506599969463e-07,30589,
986,,,,30596,0.00014137722610030323
987,0.00014846347039565444,1.1066960723837838e-05,7.505975077037874e-07,30599,
987,0.0001316961570410058,1.1890191672137007e-05,8.093061296676751e-07,30609,
987,0.00012830185005441308,1.1179026842000894e-05,6.89258797592629e-07,30619,
987,,,,30627,0.00014107707829680294
988,0.00013041752390563488,1.1212114259251393e-05,7.402058486150054e-07,30629,
988,0.0001284546306123957,1.0687196663639043e-05,6.99003976478707e-07,30639,
988,0.00012349238386377692,1.0511249456612859e-05,7.271733011293691e-07,30649,
988,,,,30658,0.00013890725676901639
989,0.00011341668869135901,1.1574312338780146e-05,6.531959684252797e-07,30659,
989,0.00013228882744442672,1.2551558029372245e-05,7.188261292867537e-07,30669,
989,0.00013954639143776149,1.1196772902621888e-05,7.446466270266683e-07,30679,
989,6.235780892893672e-05,8.506035555910785e-06,3.4465574838549173e-09,30689,
989,,,,30689,0.00014650374941993505
990,0.00015467943740077317,1.0681815183488652e-05,7.782327884342521e-07,30699,
990,0.0001190105831483379,1.0450149602547754e-05,6.659316795776249e-07,30709,
990,0.00011479166278149933,1.0890595149248838e-05,6.308468414317758e-07,30719,
990,,,,30720,0.0001371975231450051
991,0.0001465997629566118,1.2593643987202086e-05,8.167160103766946e-07,30729,
991,0.00012296059867367148,1.0222040145890787e-05,6.752342187610338e-07,30739,
991,0.0001105721021303907,9.977215995604638e-06,6.293780074884125e-07,30749,
991,,,,30751,0.00014784251106902957
992,0.00013629376189783216,1.8263999663759023e-05,6.803688279433118e-07,30759,
992,0.00013283292355481535,1.2541665455501061e-05,7.592350925733626e-07,30769,
992,0.00013056672469247133,1.2535820133052766e-05,6.82935421991715e-07,30779,
992,,,,30782,0.00016268996114376932
993,0.0001355834538117051,1.1992766303592362e-05,7.1920254640645e-07,30789,
993,0.00012802200217265636,1.2372302990115713e-05,7.300154152289906e-07,30799,
993,0.00012546060315798968,1.014447752822889e-05,6.89538126152911e-07,30809,
993,,,,30813,0.00013881875202059746
994,0.00012762403639499098,1.107425669033546e-05,7.41364601708483e-07,30819,
994,0.00012698436330538243,1.177770445792703e-05,6.617935923713958e-07,30829,
994,0.00012851442443206906,9.380858500662725e-06,6.934669727343135e-07,30839,
994,,,,30844,0.00013883905194234103
995,0.00012995334691368043,1.0861354894586839e-05,7.579231464660552e-07,30849,
995,0.00014036452921573073,1.1211377568542957e-05,7.314417871384649e-07,30859,
995,0.00013864997890777886,1.1349766282364726e-05,8.747522883822967e-07,30869,
995,,,,30875,0.00014151056529954076
996,0.00013834719720762223,1.0818395821843296e-05,7.678610245420714e-07,30879,
996,0.0001222188293468207,1.2176464224467054e-05,6.909228318363603e-07,30889,
996,0.00012470783258322626,1.0881954040087294e-05,7.01511055467563e-07,30899,
996,,,,30906,0.0001365302159683779
997,0.00014644912153016776,1.117351985158166e-05,7.463722226930258e-07,30909,
997,0.00012831651838496327,1.0869161997106858e-05,8.022307724786515e-07,30919,
997,0.00012771970068570226,1.1671704669424798e-05,6.879455440866877e-07,30929,
997,,,,30937,0.00013640661200042814
998,0.00012913104728795588,1.126181086874567e-05,7.287755465767987e-07,30939,
998,0.0001272914814762771,1.1034003364329692e-05,6.976276267778303e-07,30949,
998,0.00012728200817946345,1.1965031262661796e-05,7.266710895237338e-07,30959,
998,,,,30968,0.00013630089233629405
999,0.00011087564780609682,1.0861969713005237e-05,6.466779041147674e-07,30969,
999,0.00012840644922107458,1.0882155038416386e-05,7.104522410372738e-07,30979,
999,0.00014021455717738718,1.1450088095443789e-05,7.445136702699529e-07,30989,
999,5.659054659190588e-05,7.071428171911975e-06,3.43733819185843e-09,30999,
999,,,,30999,0.0001361525646643713
