epoch,loss,skeleton,smooth,step,val_loss
0,0.3119947612285614,0.11406899988651276,1.7240061424672604e-05,9,
0,0.22617241740226746,0.021139977499842644,1.8925429685623385e-05,19,
0,0.12397972494363785,0.012748275883495808,1.889448867586907e-05,29,
0,,,,30,0.11418180912733078
1,0.0667748674750328,0.007891455665230751,1.8928431018139236e-05,39,
1,0.04681232199072838,0.006993223913013935,1.830506334954407e-05,49,
1,0.04716196656227112,0.0053403619676828384,1.6551166481804103e-05,59,
1,,,,61,0.04652954638004303
2,0.04567575454711914,0.004507957026362419,1.5017508303571958e-05,69,
2,0.04258347675204277,0.0038360373582690954,1.3723801203013863e-05,79,
2,0.04380939528346062,0.0034019858576357365,1.2537478141894098e-05,89,
2,,,,92,0.04411594569683075
3,0.04528367519378662,0.0031196067575365305,1.1771217941713985e-05,99,
3,0.04353620484471321,0.0027990848757326603,1.1084484867751598e-05,109,
3,0.04283071681857109,0.002451034728437662,1.0268547157465946e-05,119,
3,,,,123,0.04327330365777016
4,0.0419626384973526,0.0022096752654761076,9.484800102654845e-06,129,
4,0.04208524152636528,0.0022080885246396065,9.329335625807289e-06,139,
4,0.04285293444991112,0.0019961053039878607,9.006879736261908e-06,149,
4,,,,154,0.04270981252193451
5,0.04215187206864357,0.0017882975516840816,8.427385182585567e-06,159,
5,0.04236431419849396,0.00167818961199373,8.22337005956797e-06,169,
5,0.04149460792541504,0.001498133409768343,7.97163102106424e-06,179,
5,,,,185,0.04226689040660858
6,0.04311661049723625,0.001452003256417811,7.950721737870481e-06,189,
6,0.03942868113517761,0.001341724069789052,7.502107109758072e-06,199,
6,0.043379317969083786,0.001227741944603622,7.382426247204421e-06,209,
6,,,,216,0.04189465939998627
7,0.040015704929828644,0.0011072016786783934,7.297145202755928e-06,219,
7,0.04343875125050545,0.0010767938802018762,7.204489520518109e-06,229,
7,0.040635038167238235,0.0010036200983449817,6.92020603310084e-06,239,
7,,,,247,0.04155736789107323
8,0.04186094179749489,0.0008855211781337857,6.80064886182663e-06,249,
8,0.0436108224093914,0.0008982542203739285,7.043851837806869e-06,259,
8,0.041031237691640854,0.0008298376924358308,6.995744570303941e-06,269,
8,,,,278,0.04122593626379967
9,0.0410144105553627,0.0007732665399089456,7.2304469540540595e-06,279,
9,0.03975355997681618,0.0007236157543957233,6.899325398990186e-06,289,
9,0.03988519683480263,0.0006681274389848113,7.2226603151648305e-06,299,
9,0.025715598836541176,0.0006795458029955626,5.418534598788938e-08,309,
9,,,,309,0.04086824133992195
10,0.04196455329656601,0.0006578327156603336,7.619905318279052e-06,319,
10,0.03982790559530258,0.0006310233729891479,7.70380847825436e-06,329,
10,0.03720207139849663,0.0005508126923814416,7.681965144001879e-06,339,
10,,,,340,0.04042854160070419
11,0.03954916447401047,0.0005234000855125487,7.867516615078785e-06,349,
11,0.03904511034488678,0.0005332438740879297,8.528551916242577e-06,359,
11,0.0403304249048233,0.0005184360779821873,8.818766218610108e-06,369,
11,,,,371,0.03974522650241852
12,0.039894863963127136,0.000525054638274014,9.272015631722752e-06,379,
12,0.03692632168531418,0.0005569948116317391,1.008188246487407e-05,389,
12,0.037489153444767,0.000681622710544616,1.0599906090646982e-05,399,
12,,,,402,0.037601109594106674
13,0.03812646120786667,0.0015247258124873042,1.1335048839100637e-05,409,
13,0.03349169343709946,0.0010828189551830292,1.2104581401217729e-05,419,
13,0.03183399513363838,0.0006278703804127872,1.2606558811967261e-05,429,
13,,,,433,0.03573301061987877
14,0.0322025790810585,0.000535949831828475,1.2915803381474689e-05,439,
14,0.030411409214138985,0.0005103449220769107,1.4240352356864605e-05,449,
14,0.030003834515810013,0.0004968549474142492,1.4928275959391613e-05,459,
14,,,,464,0.031944870948791504
15,0.03452194854617119,0.0005168065545149148,1.4659674889117014e-05,469,
15,0.028940634801983833,0.0004349885566625744,1.545857230667025e-05,479,
15,0.029993942007422447,0.0003973912389483303,1.6012214473448694e-05,489,
15,,,,495,0.031294308602809906
16,0.026587290689349174,0.0004351699317339808,1.6566853446420282e-05,499,
16,0.02864624559879303,0.0003940398746635765,1.6294630768243223e-05,509,
16,0.028638018295168877,0.00037661983515135944,1.6476382370456122e-05,519,
16,,,,526,0.02848818153142929
17,0.028911488130688667,0.0003524830099195242,1.6423911802121438e-05,529,
17,0.02784455567598343,0.0003607878170441836,1.7058098819688894e-05,539,
17,0.02676437795162201,0.0003506923094391823,1.645066549826879e-05,549,
17,,,,557,0.027157863602042198
18,0.0266663059592247,0.00032225981703959405,1.5796478692209348e-05,559,
18,0.026932019740343094,0.0003466899797786027,1.7255866623600014e-05,569,
18,0.026408711448311806,0.0003510644310154021,1.718410203466192e-05,579,
18,,,,588,0.026451755315065384
19,0.025178249925374985,0.00034458175650797784,1.795378739188891e-05,589,
19,0.02572912536561489,0.00036495074164122343,1.728592542349361e-05,599,
19,0.023800013586878777,0.00042008800664916635,1.8362208720645867e-05,609,
19,0.014842257834970951,0.0005231185350567102,1.470515655910276e-07,619,
19,,,,619,0.024589188396930695
20,0.023677317425608635,0.0004471887950785458,1.9145050828228705e-05,629,
20,0.021246645599603653,0.00032860561623238027,1.870915002655238e-05,639,
20,0.020895401015877724,0.00027060805587098,1.872012762760278e-05,649,
20,,,,650,0.023186495527625084
21,0.0215210672467947,0.0002694416034501046,1.914202766784001e-05,659,
21,0.020471593365073204,0.0002591190568637103,1.9683162463479675e-05,669,
21,0.0193280391395092,0.00024327592109329998,1.940649963216856e-05,679,
21,,,,681,0.021778780966997147
22,0.021585090085864067,0.00026104223798029125,2.0171637515886687e-05,689,
22,0.019792044535279274,0.00023412516748066992,2.01258862944087e-05,699,
22,0.01954829879105091,0.00024033396039158106,1.950617843249347e-05,709,
22,,,,712,0.021593453362584114
23,0.020709194242954254,0.0002580342988949269,2.0008197679999284e-05,719,
23,0.019121337682008743,0.00022703621652908623,1.9677658201544546e-05,729,
23,0.020710395649075508,0.00019593178876675665,1.922413139254786e-05,739,
23,,,,743,0.021365579217672348
24,0.01946786232292652,0.00020374376617837697,1.8588076272862963e-05,749,
24,0.02010250836610794,0.00023263807815965265,1.9384264305699617e-05,759,
24,0.019625576213002205,0.00019394791161175817,1.937540582730435e-05,769,
24,,,,774,0.019537407904863358
25,0.02081136219203472,0.0002204616612289101,1.8873104636440985e-05,779,
25,0.019647348672151566,0.00021026007016189396,1.9032717318623327e-05,789,
25,0.019074082374572754,0.00017188458878081292,1.9019695173483342e-05,799,
25,,,,805,0.01879793591797352
26,0.01815459132194519,0.0001812106929719448,1.980913475563284e-05,809,
26,0.019403371959924698,0.0001850898697739467,1.905021781567484e-05,819,
26,0.018730249255895615,0.0001780384045559913,1.862077806435991e-05,829,
26,,,,836,0.0186294112354517
27,0.019134042784571648,0.00016398813750129193,1.8705686670728028e-05,839,
27,0.018467586487531662,0.00017210292571689934,1.8773298506857827e-05,849,
27,0.018089083954691887,0.00016223439888563007,1.7588541595614515e-05,859,
27,,,,867,0.018200868740677834
28,0.01721898280084133,0.00016034171858336776,1.720299587759655e-05,869,
28,0.018450671806931496,0.0001722809101920575,1.828150197979994e-05,879,
28,0.01789276860654354,0.00015763952978886664,1.7582073269295506e-05,889,
28,,,,898,0.01794445887207985
29,0.017253873869776726,0.00015233327576424927,1.848530700954143e-05,899,
29,0.018172377720475197,0.00016915272863116115,1.7677042706054635e-05,909,
29,0.016968362033367157,0.00015032199735287577,1.8114449630957097e-05,919,
29,0.01131745520979166,0.00015214482846204191,1.526670132534491e-07,929,
29,,,,929,0.017690634354948997
30,0.017409274354577065,0.00015782004629727453,1.828201493481174e-05,939,
30,0.01678585074841976,0.00015610868285875767,1.718735984468367e-05,949,
30,0.016729941591620445,0.00013781215238850564,1.6841842807480134e-05,959,
30,,,,960,0.017465783283114433
31,0.017585087567567825,0.00013534181925933808,1.662294744164683e-05,969,
31,0.01681213267147541,0.0001433144643669948,1.698322557786014e-05,979,
31,0.01582457311451435,0.0001357641158392653,1.6547652194276452e-05,989,
31,,,,991,0.01726197451353073
32,0.017279544845223427,0.00015026623441372067,1.7243151887669228e-05,999,
32,0.017229590564966202,0.00015059376892168075,1.7077029042411596e-05,1009,
32,0.016483420506119728,0.0001407450035912916,1.6533665984752588e-05,1019,
32,,,,1022,0.017075709998607635
33,0.016577165573835373,0.00014703958004247397,1.6966496332315728e-05,1029,
33,0.016070116311311722,0.00014861731324344873,1.6626445358269848e-05,1039,
33,0.017916806042194366,0.0001268568739760667,1.620184411876835e-05,1049,
33,,,,1053,0.016904747113585472
34,0.01658855751156807,0.00012971850810572505,1.5404015357489698e-05,1059,
34,0.01720365136861801,0.00014285810175351799,1.6373551261494868e-05,1069,
34,0.017182784155011177,0.0001310928346356377,1.620980037841946e-05,1079,
34,,,,1084,0.01674709841609001
35,0.01763928309082985,0.00014157526311464608,1.55201068992028e-05,1089,
35,0.017406970262527466,0.00014232733519747853,1.5774894563946873e-05,1099,
35,0.016571367159485817,0.0001249449560418725,1.5674928363296203e-05,1109,
35,,,,1115,0.01660161465406418
36,0.015982389450073242,0.00013358143041841686,1.6229616448981687e-05,1119,
36,0.017625683918595314,0.00013826118083670735,1.569164487591479e-05,1129,
36,0.016906989738345146,0.0001367094082525,1.5268547940650024e-05,1139,
36,,,,1146,0.0164672639220953
37,0.016791025176644325,0.00011978530528722331,1.5420013369293883e-05,1149,
37,0.01636822149157524,0.00013117560592945665,1.5500610970775597e-05,1159,
37,0.016347242519259453,0.00012196815805509686,1.4434084732783958e-05,1169,
37,,,,1177,0.016343025490641594
38,0.015393365174531937,0.00012050254736095667,1.4055971405468881e-05,1179,
38,0.016392413526773453,0.0001282044395338744,1.4926837138773408e-05,1189,
38,0.015920372679829597,0.00012237286136951298,1.4433160686166957e-05,1199,
38,,,,1208,0.01622786559164524
39,0.015678443014621735,0.00011572729999898002,1.5233895283017773e-05,1209,
39,0.016728119924664497,0.00013932533329352736,1.4417008969758172e-05,1219,
39,0.015601611696183681,0.00012903695460408926,1.4853857464913744e-05,1229,
39,0.009650805965065956,0.00011442591494414955,1.289327684617092e-07,1239,
39,,,,1239,0.016120513901114464
40,0.015623336657881737,0.00013535615289583802,1.4928530617908109e-05,1249,
40,0.01548380684107542,0.0001318862196058035,1.4061396541364957e-05,1259,
40,0.015429308637976646,0.00011086965969298035,1.375503507006215e-05,1269,
40,,,,1270,0.016019394621253014
41,0.01571619138121605,0.00011650571832433343,1.3603955267171841e-05,1279,
41,0.015110542997717857,0.00011264078784734011,1.3944552847533487e-05,1289,
41,0.014510968700051308,0.00011073114728787914,1.3464018593367655e-05,1299,
41,,,,1301,0.015922565013170242
42,0.015713166445493698,0.00013477176253218204,1.418955343979178e-05,1309,
42,0.0156391654163599,0.00012523004261311144,1.4050087884243112e-05,1319,
42,0.015084653161466122,0.00011725341755663976,1.3564614164351951e-05,1329,
42,,,,1332,0.015827905386686325
43,0.01528858207166195,0.0001323223696090281,1.3934884009358939e-05,1339,
43,0.014892482198774815,0.00014212768292054534,1.365681873721769e-05,1349,
43,0.01635044254362583,0.00010930950520560145,1.3297907571541145e-05,1359,
43,,,,1363,0.015733186155557632
44,0.015024391002953053,0.00011316302698105574,1.2564776625367813e-05,1369,
44,0.01566469296813011,0.00013070544810034335,1.3556608791986946e-05,1379,
44,0.015704859048128128,0.00011166717013111338,1.3384857993514743e-05,1389,
44,,,,1394,0.015636052936315536
45,0.016557319089770317,0.00012543656339403242,1.2650555618165527e-05,1399,
45,0.015768377110362053,0.0001168650560430251,1.3063188816886395e-05,1409,
45,0.01514156349003315,0.00011044389248127118,1.2984055501874536e-05,1419,
45,,,,1425,0.01553421188145876
46,0.014460423961281776,0.00012167381646577269,1.3249343282950576e-05,1429,
46,0.01627058908343315,0.00012528718798421323,1.3020124242757447e-05,1439,
46,0.015422441996634007,0.00012767619045916945,1.2611913007276598e-05,1449,
46,,,,1456,0.015424764715135098
47,0.015065551735460758,0.00010785306949401274,1.2733793482766487e-05,1459,
47,0.015190590173006058,0.00013625540304929018,1.2937940482515842e-05,1469,
47,0.015160649083554745,0.00011656170681817457,1.1994105989288073e-05,1479,
47,,,,1487,0.015304354950785637
48,0.014135116711258888,0.00010685672896215692,1.1659637493721675e-05,1489,
48,0.01500136312097311,0.000121677054266911,1.2392710232234094e-05,1499,
48,0.01458438578993082,0.00010857287998078391,1.2004757991235238e-05,1509,
48,,,,1518,0.015168670564889908
49,0.01479142252355814,0.00010292431397829205,1.2808239262085408e-05,1519,
49,0.015265998430550098,0.00011890599125763401,1.1931713743251748e-05,1529,
49,0.014184176921844482,0.00011628303764155135,1.2361921108094975e-05,1539,
49,0.008956807665526867,8.753468137001619e-05,1.1004385669366457e-07,1549,
49,,,,1549,0.0150118637830019
50,0.014418842270970345,0.0001294975954806432,1.234061892319005e-05,1559,
50,0.014226315543055534,0.00012967119982931763,1.1711950719472952e-05,1569,
50,0.014043805189430714,9.733949991641566e-05,1.1573351912375074e-05,1579,
50,,,,1580,0.014827690087258816
51,0.01430982444435358,0.00012145222717663273,1.1310454283375293e-05,1589,
51,0.013866588473320007,0.00011264689965173602,1.1707817066053394e-05,1599,
51,0.013174598105251789,9.733974729897454e-05,1.125041217164835e-05,1609,
51,,,,1611,0.014611506834626198
52,0.014227383770048618,0.00013468351971823722,1.188917212857632e-05,1619,
52,0.014086771756410599,0.00010395441495347768,1.1834345968964044e-05,1629,
52,0.013837804086506367,0.00010402738553239033,1.1328500477247871e-05,1639,
52,,,,1642,0.014365687035024166
53,0.014056400395929813,0.0001253650989383459,1.1736181477317587e-05,1649,
53,0.013224553316831589,0.00011395218461984769,1.1433482541178819e-05,1659,
53,0.01504577323794365,0.0001012851353152655,1.108661945181666e-05,1669,
53,,,,1673,0.01410389319062233
54,0.013671698048710823,9.986069198930636e-05,1.0564784133748617e-05,1679,
54,0.014246046543121338,0.00012228380364831537,1.1406598787289113e-05,1689,
54,0.014238444156944752,0.0001047919868142344,1.112698191718664e-05,1699,
54,,,,1704,0.01385362446308136
55,0.014650906436145306,0.00010625799041008577,1.0600221685308497e-05,1709,
55,0.014266599901020527,0.00011776494648074731,1.0971634765155613e-05,1719,
55,0.013721346855163574,0.00010281443974236026,1.0881446542043705e-05,1729,
55,,,,1735,0.013654744252562523
56,0.012851246632635593,0.00010950541036436334,1.1061518307542428e-05,1739,
56,0.01437257882207632,0.00010815727728186175,1.0975610166497063e-05,1749,
56,0.013798014260828495,0.00011112703214166686,1.0610788194753695e-05,1759,
56,,,,1766,0.013530573807656765
57,0.013439059257507324,0.00010191930050496012,1.0717474651755765e-05,1769,
57,0.013569269329309464,0.00011040611570933834,1.1030362657038495e-05,1779,
57,0.013562691397964954,0.00010582043614704162,1.024067842081422e-05,1789,
57,,,,1797,0.013487505726516247
58,0.012803721241652966,0.00010467631364008412,9.838396181294229e-06,1799,
58,0.013731834478676319,0.00011719066969817504,1.0638701496645808e-05,1809,
58,0.01301207859069109,0.00010626605217112228,1.0249827028019354e-05,1819,
58,,,,1828,0.01348824892193079
59,0.013181393966078758,0.00010515582107473165,1.0854352694877889e-05,1829,
59,0.013467841781675816,0.00012048585631418973,1.0227459824818652e-05,1839,
59,0.012478632852435112,0.00010696158278733492,1.04623313745833e-05,1849,
59,0.008430222980678082,8.941382839111611e-05,9.108600806939648e-08,1859,
59,,,,1859,0.013481446541845798
60,0.012830035760998726,0.00012498797150328755,1.041022187564522e-05,1869,
60,0.012468968518078327,0.00011750742851290852,9.859961210167967e-06,1879,
60,0.012611924670636654,0.00010662281420081854,9.87399835139513e-06,1889,
60,,,,1890,0.013434567488729954
61,0.013333351351320744,0.00012042922026012093,9.480741027800832e-06,1899,
61,0.012148749083280563,0.00011391344014555216,9.91447814158164e-06,1909,
61,0.01163097657263279,0.00010750886576715857,9.596164090908132e-06,1919,
61,,,,1921,0.013287429697811604
62,0.012552828527987003,0.00013056094758212566,1.0022235983342398e-05,1929,
62,0.012672731652855873,0.00011885935964528471,1.0057005965791177e-05,1939,
62,0.012276940979063511,0.00012130885443184525,9.789161595108453e-06,1949,
62,,,,1952,0.013023216277360916
63,0.012441704049706459,0.00014006807759869844,1.0155661584576592e-05,1959,
63,0.011616036295890808,0.00012422270083334297,9.767229130375199e-06,1969,
63,0.012963737361133099,0.00011587678454816341,9.681521987658925e-06,1979,
63,,,,1983,0.01281125657260418
64,0.012678672559559345,0.00012127090303692967,9.311432222602889e-06,1989,
64,0.012331855483353138,0.00012586978846229613,1.0015294719778467e-05,1999,
64,0.012320111505687237,0.00011975290544796735,9.710961421660613e-06,2009,
64,,,,2014,0.012775632552802563
65,0.012465396896004677,0.0001225043524755165,9.356351256428752e-06,2019,
65,0.012710971757769585,0.00012744151172228158,9.765700269781519e-06,2029,
65,0.012075318954885006,0.0001247675681952387,9.512003998679575e-06,2039,
65,,,,2045,0.012728986330330372
66,0.011154010891914368,0.00013170357851777226,9.619951015338302e-06,2049,
66,0.012413586489856243,0.000122123965411447,9.546273759042379e-06,2059,
66,0.011870353482663631,0.00012837151007261127,9.214983947458677e-06,2069,
66,,,,2076,0.012571373954415321
67,0.012216304428875446,0.00013858388410881162,9.167218195216265e-06,2079,
67,0.011842910200357437,0.00012818181130569428,9.410723578184843e-06,2089,
67,0.012069646269083023,0.00013658397074323148,9.031949048221577e-06,2099,
67,,,,2107,0.012079681269824505
68,0.011213571764528751,0.00012748914014082402,8.496533155266661e-06,2109,
68,0.011508256196975708,0.0001278983982047066,8.992384209705051e-06,2119,
68,0.011484011076390743,0.00014293155982159078,9.001983016787563e-06,2129,
68,,,,2138,0.01141197420656681
69,0.011220741085708141,0.00012926005001645535,9.452403901377693e-06,2139,
69,0.011577499099075794,0.0001345900382148102,8.844389412843157e-06,2149,
69,0.01064701285213232,0.0001356087886961177,9.121370567299891e-06,2159,
69,0.005970199592411518,0.00012030958168907091,7.321015260686181e-08,2169,
69,,,,2169,0.011541569605469704
70,0.010738546028733253,0.00013770017540082335,9.098402188101318e-06,2179,
70,0.010827135294675827,0.00013637865777127445,8.45845806907164e-06,2189,
70,0.010783787816762924,0.00013767529162578285,8.689183232490905e-06,2199,
70,,,,2200,0.011382575146853924
71,0.010838178917765617,0.00012906489428132772,8.271357728517614e-06,2209,
71,0.01019203569740057,0.00013485072122421116,8.570335921831429e-06,2219,
71,0.010002678260207176,0.00013265384768601507,8.324613190779928e-06,2229,
71,,,,2231,0.011065598577260971
72,0.010420367121696472,0.00013770154328085482,8.553314728487749e-06,2239,
72,0.010438794270157814,0.000130548607558012,8.849204277794342e-06,2249,
72,0.010306189768016338,0.00013452470011543483,8.514736691722646e-06,2259,
72,,,,2262,0.011079337447881699
73,0.010036546736955643,0.00013872455747332424,8.537476787751075e-06,2269,
73,0.009894820861518383,0.0001324945333180949,8.32536352390889e-06,2279,
73,0.010620263405144215,0.00012832913489546627,8.209265615732875e-06,2289,
73,,,,2293,0.010700266808271408
74,0.010282277129590511,0.00012679021165240556,7.81490689405473e-06,2299,
74,0.010344530455768108,0.000140825955895707,8.331075150636025e-06,2309,
74,0.010351942852139473,0.00013059911725576967,8.228138540289365e-06,2319,
74,,,,2324,0.01049098651856184
75,0.010615207254886627,0.00012847065227106214,7.78274807089474e-06,2329,
75,0.009973949752748013,0.00013547872367780656,8.179813448805362e-06,2339,
75,0.010038977488875389,0.00012855864770244807,8.255489774455782e-06,2349,
75,,,,2355,0.01022858452051878
76,0.010488761588931084,0.00013969466090202332,8.409843758272473e-06,2359,
76,0.010658255778253078,0.00012906290066894144,8.175953553291038e-06,2369,
76,0.010085860267281532,0.0001373350532958284,7.99388453742722e-06,2379,
76,,,,2386,0.010050815530121326
77,0.009756670333445072,0.00012985902139917016,7.877298230596352e-06,2389,
77,0.009881136007606983,0.00012902721937280148,8.079351573542226e-06,2399,
77,0.01014095451682806,0.00012968316150363535,7.554487183369929e-06,2409,
77,,,,2417,0.009796214289963245
78,0.009796151891350746,0.00013196172949392349,7.286654181370977e-06,2419,
78,0.01029655896127224,0.00013615521311294287,7.564759471279103e-06,2429,
78,0.009315251372754574,0.0001276095281355083,7.634713256265968e-06,2439,
78,,,,2448,0.009637345559895039
79,0.009405036456882954,0.00012883606541436166,8.063246241363231e-06,2449,
79,0.009690321981906891,0.00012900766159873456,7.591224402858643e-06,2459,
79,0.009222134947776794,0.00013494117592927068,7.868352440709714e-06,2469,
79,0.004224629141390324,0.00011427380377426744,5.72218610273012e-08,2479,
79,,,,2479,0.009466217830777168
80,0.0095593873411417,0.00013648880121763796,7.898868716438301e-06,2489,
80,0.008967981673777103,0.00013269227929413319,7.317889412661316e-06,2499,
80,0.00908611249178648,0.00012578580935951322,7.490141342714196e-06,2509,
80,,,,2510,0.009306174702942371
81,0.009573194198310375,0.00012641094508580863,7.125714546418749e-06,2519,
81,0.008961622603237629,0.00013182868133299053,7.4109143497480545e-06,2529,
81,0.008535802364349365,0.00012291276652831584,7.216821813926799e-06,2539,
81,,,,2541,0.00911028403788805
82,0.009124579839408398,0.00013459866750054061,7.366363661276409e-06,2549,
82,0.008600057102739811,0.00013034358562435955,7.671739695069846e-06,2559,
82,0.008773709647357464,0.0001309556100750342,7.428709523082944e-06,2569,
82,,,,2572,0.008904990740120411
83,0.008815174922347069,0.00014004975673742592,7.494033980037784e-06,2579,
83,0.008742471225559711,0.00013381021562963724,7.395537068077829e-06,2589,
83,0.009045332670211792,0.00012790212349500507,7.20701882528374e-06,2599,
83,,,,2603,0.008835510350763798
84,0.009239088743925095,0.00012936403800267726,7.041227945592254e-06,2609,
84,0.008741991594433784,0.00013905297964811325,7.522065516241128e-06,2619,
84,0.009049461223185062,0.00012966296344529837,7.287576863745926e-06,2629,
84,,,,2634,0.00868324562907219
85,0.00948907621204853,0.00013543209934141487,6.938189471838996e-06,2639,
85,0.008558200672268867,0.00013591028982773423,7.250627277244348e-06,2649,
85,0.008524742908775806,0.0001309102080995217,7.2493676270823926e-06,2659,
85,,,,2665,0.008550891652703285
86,0.008307109586894512,0.00013245668378658593,7.321682005567709e-06,2669,
86,0.009229045361280441,0.00013479604967869818,7.047093276923988e-06,2679,
86,0.00878834817558527,0.00013815703277941793,7.198478215286741e-06,2689,
86,,,,2696,0.008372087962925434
87,0.008294226601719856,0.0001256333925994113,7.108111731213285e-06,2699,
87,0.008801310323178768,0.000133669949718751,7.319758424273459e-06,2709,
87,0.008296574465930462,0.00013185397256165743,6.9272959990485106e-06,2719,
87,,,,2727,0.008312497287988663
88,0.008202950470149517,0.00012605830852407962,6.65891457174439e-06,2729,
88,0.008789807558059692,0.00013340653094928712,7.17861485100002e-06,2739,
88,0.008155863732099533,0.00013132036838214844,6.9093002821318805e-06,2749,
88,,,,2758,0.008245914243161678
89,0.008087717927992344,0.00013112071610521525,7.012947207840625e-06,2759,
89,0.008297995664179325,0.000131189328385517,6.658163329120725e-06,2769,
89,0.007802343461662531,0.00013369838416110724,6.999855941103306e-06,2779,
89,0.003763686865568161,0.00011971998173976317,4.993778190964804e-08,2789,
89,,,,2789,0.008188225328922272
90,0.007898122072219849,0.00013408965605776757,6.986427706578979e-06,2799,
90,0.008068012073636055,0.00013574243348557502,6.504937573481584e-06,2809,
90,0.007992962375283241,0.00012916729610878974,6.846252290415578e-06,2819,
90,,,,2820,0.007968589663505554
91,0.00839902926236391,0.00012769117893185467,6.777700946258847e-06,2829,
91,0.0077016958966851234,0.00013260798004921526,6.919926818227395e-06,2839,
91,0.007547185756266117,0.00012373992649372667,6.632862550759455e-06,2849,
91,,,,2851,0.007915507070720196
92,0.008278285153210163,0.00013352690439205617,6.66053074382944e-06,2859,
92,0.0076426975429058075,0.00013272841169964522,6.997376658546273e-06,2869,
92,0.007788969669491053,0.00012939296721015126,6.710778961860342e-06,2879,
92,,,,2882,0.007771618198603392
93,0.007507518865168095,0.00013378488074522465,6.695478077745065e-06,2889,
93,0.008013165555894375,0.00013390692765824497,6.549136742250994e-06,2899,
93,0.008051998913288116,0.0001281754084629938,6.650594968959922e-06,2909,
93,,,,2913,0.007747364230453968
94,0.008034441620111465,0.00012447574408724904,6.393280727934325e-06,2919,
94,0.00772576779127121,0.00013833152479492128,6.857623247924494e-06,2929,
94,0.007671610452234745,0.0001266885083168745,6.865480827400461e-06,2939,
94,,,,2944,0.007573042530566454
95,0.008493294008076191,0.00013335084076970816,6.373211817845004e-06,2949,
95,0.007660691626369953,0.000131336142658256,6.737695912306663e-06,2959,
95,0.00754648819565773,0.00012670914293266833,6.616999598918483e-06,2969,
95,,,,2975,0.007482276298105717
96,0.007495773024857044,0.00012724257248919457,6.700638550682925e-06,2979,
96,0.008315874263644218,0.00013386869977694005,6.4579130594211165e-06,2989,
96,0.007551794406026602,0.00013197711086831987,6.4730329540907405e-06,2999,
96,,,,3006,0.0074935415759682655
97,0.007413816172629595,0.00012112881813663989,6.496281912404811e-06,3009,
97,0.0078883720561862,0.00013129488797858357,6.685024800390238e-06,3019,
97,0.007255991455167532,0.0001260816934518516,6.4543201006017625e-06,3029,
97,,,,3037,0.0073485602624714375
98,0.007393709849566221,0.00012082825560355559,6.244451924430905e-06,3039,
98,0.007756256498396397,0.0001272816298296675,6.48632931188331e-06,3049,
98,0.007311612833291292,0.000122247394756414,6.399996891559567e-06,3059,
98,,,,3068,0.007228008005768061
99,0.0070516676642000675,0.0001261270954273641,6.46620492261718e-06,3069,
99,0.007359152194112539,0.0001285453763557598,6.160428256407613e-06,3079,
99,0.006725812330842018,0.0001273038942599669,6.379713795467978e-06,3089,
99,0.0032997718080878258,0.0001225559099111706,4.591343838455941e-08,3099,
99,,,,3099,0.007149027194827795
100,0.007113647181540728,0.0001281112345168367,6.450450200645719e-06,3109,
100,0.0070875282399356365,0.00012852625513914973,6.0658080656139646e-06,3119,
100,0.0071566542610526085,0.000122366109280847,6.338421371765435e-06,3129,
100,,,,3130,0.007071215193718672
101,0.007430001627653837,0.00011931786866625771,6.1382643252727576e-06,3139,
101,0.006917218677699566,0.0001267543266294524,6.428872438846156e-06,3149,
101,0.006720513571053743,0.00011776436440413818,6.201370069902623e-06,3159,
101,,,,3161,0.0069991485215723515
102,0.007139632012695074,0.00012567998783197254,6.314897291304078e-06,3169,
102,0.0064911856316030025,0.00012631011486519128,6.358052814903203e-06,3179,
102,0.006997365038841963,0.0001231266651302576,6.224048320291331e-06,3189,
102,,,,3192,0.006928610149770975
103,0.007033077068626881,0.0001295196998398751,6.115773885539966e-06,3199,
103,0.00719737121835351,0.00012813111243303865,6.161738383525517e-06,3209,
103,0.007302186917513609,0.0001225398009410128,6.1777086557412986e-06,3219,
103,,,,3223,0.006873440928757191
104,0.00857469066977501,0.0001269084750674665,6.0745983319066e-06,3229,
104,0.0071307155303657055,0.00013084223610349,6.384566404449288e-06,3239,
104,0.006959913764148951,0.00011758028995245695,6.478498107753694e-06,3249,
104,,,,3254,0.006791768595576286
105,0.007505166344344616,0.00012536095164250582,5.979673460387858e-06,3259,
105,0.006937494967132807,0.00012357118248473853,6.316121925920015e-06,3269,
105,0.006805384065955877,0.00011949551844736561,6.3052184486878105e-06,3279,
105,,,,3285,0.0067789857275784016
106,0.007057917769998312,0.00012111186515539885,6.320971806417219e-06,3289,
106,0.007410102058202028,0.00012572048581205308,6.107828539825277e-06,3299,
106,0.006863044574856758,0.00012368221359793097,6.093202955526067e-06,3309,
106,,,,3316,0.00672837533056736
107,0.006834997329860926,0.0001163960769190453,6.05660761721083e-06,3319,
107,0.006994240917265415,0.0001222870050696656,6.186541668284917e-06,3329,
107,0.006537212524563074,0.0001207032473757863,6.008870968798874e-06,3339,
107,,,,3347,0.006581341382116079
108,0.006392991170287132,0.00011438548244768754,5.8166656344837975e-06,3349,
108,0.006800830364227295,0.00012064808834111318,6.072282758395886e-06,3359,
108,0.006901451852172613,0.00011963175347773358,5.9038611652795225e-06,3369,
108,,,,3378,0.00665133586153388
109,0.006488241720944643,0.00012145895016146824,6.085339464334538e-06,3379,
109,0.0063741086050868034,0.00011712429113686085,5.831473572470713e-06,3389,
109,0.006020867731422186,0.00011673197150230408,6.03333364779246e-06,3399,
109,0.0032632227521389723,0.00012726853310596198,4.36591065522407e-08,3409,
109,,,,3409,0.0068913474678993225
110,0.006455594208091497,0.000121616518299561,6.196804861247074e-06,3419,
110,0.0064563932828605175,0.00011992427607765421,5.841292477271054e-06,3429,
110,0.006621975917369127,0.0001158571321866475,6.016043698764406e-06,3439,
110,,,,3440,0.006954441778361797
111,0.0074285417795181274,0.00011539572005858645,5.934723048994783e-06,3449,
111,0.006405077408999205,0.00012310751480981708,6.220574505277909e-06,3459,
111,0.006340558174997568,0.00011233061377424747,5.945591965428321e-06,3469,
111,,,,3471,0.00656893802806735
112,0.006698537152260542,0.00011694173008436337,5.999274890200468e-06,3479,
112,0.005907182116061449,0.00011804851237684488,6.073852091503795e-06,3489,
112,0.006379192229360342,0.00011851748422486708,5.931124633207219e-06,3499,
112,,,,3502,0.006329387426376343
113,0.006136010400950909,0.0001236257958225906,5.880302524019498e-06,3509,
113,0.006181181408464909,0.00011916363291675225,5.861503268533852e-06,3519,
113,0.006506565026938915,0.00011559447011677548,5.8278806136513595e-06,3529,
113,,,,3533,0.007605722174048424
114,0.006902450695633888,0.00011013605399057269,5.820937531098025e-06,3539,
114,0.006403021514415741,0.0001189265531138517,6.221463991096243e-06,3549,
114,0.006413104943931103,0.00011066999286413193,6.035245405655587e-06,3559,
114,,,,3564,0.007181514985859394
115,0.006958819460123777,0.00011474615894258022,5.840010999236256e-06,3569,
115,0.006580645218491554,0.00011841116793220863,6.026707524142694e-06,3579,
115,0.006214399356395006,0.00011079420073656365,6.072390078770695e-06,3589,
115,,,,3595,0.006150310859084129
116,0.006401566788554192,0.00011289164103800431,6.030170879967045e-06,3599,
116,0.006743048317730427,0.0001170284376712516,5.81011590838898e-06,3609,
116,0.006136346608400345,0.00011491477926028892,5.915723704674747e-06,3619,
116,,,,3626,0.00608163932338357
117,0.006022331770509481,0.00010964592365780845,5.844323823112063e-06,3629,
117,0.006372886709868908,0.00011425973934819922,5.938285084994277e-06,3639,
117,0.0058572012931108475,0.00011170207289978862,5.822957518830663e-06,3649,
117,,,,3657,0.006334366742521524
118,0.006179393734782934,0.00010733636008808389,5.595856691797962e-06,3659,
118,0.0061141191981732845,0.00011196888954145834,5.7017127801373135e-06,3669,
118,0.006295573897659779,0.00010902383655775338,5.692266313417349e-06,3679,
118,,,,3688,0.005937355104833841
119,0.0058253491297364235,0.00011105679732281715,5.853759830642957e-06,3689,
119,0.005747013259679079,0.00011105893645435572,5.5977748161240015e-06,3699,
119,0.00575256859883666,0.00011078154057031497,5.8270916269975714e-06,3709,
119,0.0027067228220403194,0.0001206416854984127,4.183296198334574e-08,3719,
119,,,,3719,0.006169992499053478
120,0.0058455453254282475,0.00011336634634062648,5.842808604938909e-06,3729,
120,0.005812880117446184,0.00011279699538135901,5.482190317707136e-06,3739,
120,0.0058884150348603725,0.00010915676830336452,5.662448074872373e-06,3749,
120,,,,3750,0.006102194543927908
121,0.005936991889029741,0.00010452354763401672,5.5026844165695366e-06,3759,
121,0.005551689304411411,0.00010800136078614742,5.731561032007448e-06,3769,
121,0.005461056251078844,0.00010458136966917664,5.572220288740937e-06,3779,
121,,,,3781,0.0058403401635587215
122,0.006211157888174057,0.00011407932470319793,5.700089786842e-06,3789,
122,0.005673175677657127,0.00011034005001420155,5.744943791796686e-06,3799,
122,0.0058700814843177795,0.00010926330287475139,5.705344847228844e-06,3809,
122,,,,3812,0.006379925180226564
123,0.01023962814360857,0.0001417815510649234,5.342743406799855e-06,3819,
123,0.007400434464216232,0.0001327298377873376,6.168112577142892e-06,3829,
123,0.0067357649095356464,0.0001108354699681513,5.756270184065215e-06,3839,
123,,,,3843,0.0066266716457903385
124,0.00634990818798542,0.00010113103780895472,5.587819941865746e-06,3849,
124,0.005786992143839598,0.00010803559416672215,5.889923158974852e-06,3859,
124,0.0067259445786476135,0.00010401824692962691,5.690345005859854e-06,3869,
124,,,,3874,0.007551504299044609
125,0.006588720716536045,0.00010628951713442802,5.3721751100965776e-06,3879,
125,0.006203452590852976,0.00010765260230982676,5.713354312320007e-06,3889,
125,0.0058825816959142685,0.00010132454190170392,5.840521680511301e-06,3899,
125,,,,3905,0.006160849705338478
126,0.0058161914348602295,0.00010484813537914306,5.774707005912205e-06,3909,
126,0.006129997316747904,0.00010865356307476759,5.626679467241047e-06,3919,
126,0.005756909027695656,0.00010701778955990449,5.6862481869757175e-06,3929,
126,,,,3936,0.005797922611236572
127,0.005517099983990192,0.00010163039405597374,5.609713298326824e-06,3939,
127,0.005782812833786011,0.00010394665150670335,5.716254690923961e-06,3949,
127,0.005400744266808033,0.00010404283239040524,5.490073363034753e-06,3959,
127,,,,3967,0.005592884961515665
128,0.005357864312827587,9.911259257933125e-05,5.368841357267229e-06,3969,
128,0.005630798172205687,0.00010354498226661235,5.57819839741569e-06,3979,
128,0.005602398421615362,0.00010135734919458628,5.528831934498157e-06,3989,
128,,,,3998,0.005535443313419819
129,0.005448605865240097,0.00010452030983287841,5.648900241794763e-06,3999,
129,0.005282172933220863,0.00010373567056376487,5.397813765739556e-06,4009,
129,0.005050040315836668,0.00010250725608784705,5.502359726961004e-06,4019,
129,0.002223996678367257,0.00011248468945268542,3.936297332529648e-08,4029,
129,,,,4029,0.005514246411621571
130,0.005474670324474573,0.00010603497503325343,5.616025191557128e-06,4039,
130,0.005414560902863741,0.00010509951243875548,5.265131676424062e-06,4049,
130,0.005496305879205465,0.00010089894203701988,5.4532788453798275e-06,4059,
130,,,,4060,0.005467505194246769
131,0.005971304606646299,0.00010011729318648577,5.2952213991375174e-06,4069,
131,0.005475808400660753,0.0001005591475404799,5.542228791455273e-06,4079,
131,0.005059759598225355,9.766847506398335e-05,5.348892955225892e-06,4089,
131,,,,4091,0.0055617112666368484
132,0.005672683473676443,0.00010346199997002259,5.565160336118424e-06,4099,
132,0.004954316653311253,0.00010282167932018638,5.420441084424965e-06,4109,
132,0.0053095100447535515,0.00010254978406010196,5.434781996882521e-06,4119,
132,,,,4122,0.006017532665282488
133,0.005085487384349108,0.00010678933904273435,5.550590230996022e-06,4129,
133,0.005180721636861563,0.00010177320655202493,5.434214017441263e-06,4139,
133,0.0054501076228916645,0.00010042174108093604,5.311038876243401e-06,4149,
133,,,,4153,0.0058235847391188145
134,0.005398353096097708,9.75934526650235e-05,5.1726865422097035e-06,4159,
134,0.005501756444573402,0.00010531501902732998,5.467015853355406e-06,4169,
134,0.005243086256086826,9.795725782169029e-05,5.454688562167576e-06,4179,
134,,,,4184,0.005470787174999714
135,0.005534001626074314,0.00010058039333671331,5.132114438310964e-06,4189,
135,0.005567041225731373,0.00010435168951516971,5.401157068263274e-06,4199,
135,0.005301257129758596,9.704437252366915e-05,5.4271363296720665e-06,4209,
135,,,,4215,0.005319471005350351
136,0.005448068492114544,9.794462675927207e-05,5.547717137233121e-06,4219,
136,0.005515888333320618,0.00010127940913662314,5.395539119490422e-06,4229,
136,0.005256013944745064,9.851128561422229e-05,5.495205186889507e-06,4239,
136,,,,4246,0.005761998239904642
137,0.005623808596283197,9.865620086202398e-05,5.404295734479092e-06,4249,
137,0.005349712446331978,9.867475455394015e-05,5.4828260545036756e-06,4259,
137,0.00495297322049737,9.59236640483141e-05,5.291433808451984e-06,4269,
137,,,,4277,0.0058251041918993
138,0.005313921719789505,9.406137542100623e-05,4.892327069683233e-06,4279,
138,0.00541427219286561,9.92320929071866e-05,5.272007001622114e-06,4289,
138,0.005289124790579081,9.458002023166046e-05,5.27762222191086e-06,4299,
138,,,,4308,0.0051621925085783005
139,0.005124968942254782,9.593195136403665e-05,5.318498551787343e-06,4309,
139,0.005044933874160051,9.592493734089658e-05,5.092706032883143e-06,4319,
139,0.004744589328765869,9.493771358393133e-05,5.286296982376371e-06,4329,
139,0.0020241092424839735,0.000105019033071585,3.759183186957671e-08,4339,
139,,,,4339,0.005068405997008085
140,0.0050861467607319355,9.829364717006683e-05,5.37660844202037e-06,4349,
140,0.005320092663168907,9.757219959283248e-05,5.017665444029262e-06,4359,
140,0.005410739686340094,9.448874334339052e-05,5.0726252993626986e-06,4369,
140,,,,4370,0.005529999732971191
141,0.005530837457627058,9.146659431280568e-05,5.081873041490326e-06,4379,
141,0.004952007904648781,9.467544441577047e-05,5.240698101260932e-06,4389,
141,0.004757138900458813,9.302246326114982e-05,5.109927769808564e-06,4399,
141,,,,4401,0.005919304676353931
142,0.00599806709215045,0.00010040573397418484,5.220170351094566e-06,4409,
142,0.00458022765815258,9.583641804056242e-05,5.2872383093927056e-06,4419,
142,0.005120197776705027,9.400059934705496e-05,5.19726745551452e-06,4429,
142,,,,4432,0.007742635440081358
143,0.006194404326379299,9.733562910696492e-05,5.64733409191831e-06,4439,
143,0.00532596604898572,9.20474121812731e-05,5.408022389019607e-06,4449,
143,0.0053258934058249,9.497579594608396e-05,5.254365078144474e-06,4459,
143,,,,4463,0.005156293511390686
144,0.0051031531766057014,8.949411130743101e-05,5.018482170271454e-06,4469,
144,0.005104805342853069,9.622750076232478e-05,5.301026703818934e-06,4479,
144,0.004953247960656881,9.06161149032414e-05,5.273124770610593e-06,4489,
144,,,,4494,0.005012513138353825
145,0.005324668250977993,9.366465383209288e-05,5.0689527597569395e-06,4499,
145,0.004914286080747843,9.494712139712647e-05,5.191251602809643e-06,4509,
145,0.005062256008386612,9.009746281662956e-05,5.26008807355538e-06,4519,
145,,,,4525,0.005150957033038139
146,0.005029458086937666,9.158141619991511e-05,5.392589628172573e-06,4529,
146,0.005087553057819605,9.395451343152672e-05,5.174909802008187e-06,4539,
146,0.004889183212071657,9.190850687446073e-05,5.299702024785802e-06,4549,
146,,,,4556,0.004849635995924473
147,0.004808278288692236,8.873608021531254e-05,5.097916982776951e-06,4559,
147,0.004943298641592264,9.066113125300035e-05,5.2602226787712425e-06,4569,
147,0.004598069936037064,8.870321471476927e-05,5.141241217643255e-06,4579,
147,,,,4587,0.004871725104749203
148,0.004703164100646973,8.612788951722905e-05,4.965566859027604e-06,4589,
148,0.004862155299633741,8.958512626122683e-05,5.0979474508494604e-06,4599,
148,0.004801847971975803,8.695892756804824e-05,5.0734629439830314e-06,4609,
148,,,,4618,0.004786791279911995
149,0.004781175404787064,8.860082743922248e-05,5.159138254384743e-06,4619,
149,0.004555019550025463,8.970768976723775e-05,4.966054802935105e-06,4629,
149,0.004491546656936407,8.836096822051331e-05,5.142043391970219e-06,4639,
149,0.0019594316836446524,9.608660911908373e-05,3.636098711012892e-08,4649,
149,,,,4649,0.005076853558421135
150,0.004831093363463879,9.10417948034592e-05,5.208107268117601e-06,4659,
150,0.004668493289500475,8.881457324605435e-05,4.878162144450471e-06,4669,
150,0.004833601880818605,8.636838174425066e-05,5.021040124120191e-06,4679,
150,,,,4680,0.006108803674578667
151,0.006485039368271828,8.643292676424608e-05,5.14304429088952e-06,4689,
151,0.005554573610424995,9.186970419250429e-05,5.263475941319484e-06,4699,
151,0.004724712576717138,8.645714115118608e-05,5.049461378803244e-06,4709,
151,,,,4711,0.0049566724337637424
152,0.005000284872949123,8.782021177466959e-05,5.148343007022049e-06,4719,
152,0.004240913782268763,8.626812632428482e-05,5.12264750796021e-06,4729,
152,0.004608597606420517,8.756093302508816e-05,5.097436314827064e-06,4739,
152,,,,4742,0.004817232023924589
153,0.0046432227827608585,9.161693742498755e-05,5.1361139412620105e-06,4749,
153,0.004517058841884136,8.712094131624326e-05,5.11618418386206e-06,4759,
153,0.004831687081605196,8.731922571314499e-05,5.00472651765449e-06,4769,
153,,,,4773,0.0046992520801723
154,0.005309926811605692,8.445230923825875e-05,4.782274572789902e-06,4779,
154,0.005186767317354679,9.16124990908429e-05,5.121917183714686e-06,4789,
154,0.00525177177041769,8.59684296301566e-05,5.2424388741201255e-06,4799,
154,,,,4804,0.0046877386048436165
155,0.004941795486956835,8.668048394611105e-05,4.859447017224738e-06,4809,
155,0.004709506873041391,8.739921759115532e-05,5.121869889990194e-06,4819,
155,0.004671711008995771,8.295205770991743e-05,5.0587550504133105e-06,4829,
155,,,,4835,0.004636300262063742
156,0.004898506216704845,8.456774230580777e-05,5.185280770092504e-06,4839,
156,0.004769538529217243,8.701099432073534e-05,4.9839118219097145e-06,4849,
156,0.0045718541368842125,8.468366286251694e-05,5.117248292663135e-06,4859,
156,,,,4866,0.00463882414624095
157,0.004672806244343519,8.214855188271031e-05,4.98487906952505e-06,4869,
157,0.004679110366851091,8.436899224761873e-05,5.010794211557368e-06,4879,
157,0.004455843474715948,8.400503429584205e-05,4.863114554609638e-06,4889,
157,,,,4897,0.004572358448058367
158,0.004327765200287104,7.744722097413614e-05,4.669616828323342e-06,4899,
158,0.004550687037408352,8.236899157054722e-05,4.898589395452291e-06,4909,
158,0.004958181641995907,8.219039591494948e-05,4.9028963076125365e-06,4919,
158,,,,4928,0.004897840786725283
159,0.004979439079761505,8.389839058509097e-05,5.0084086069546174e-06,4929,
159,0.004311776254326105,8.237288420787081e-05,4.889910087513272e-06,4939,
159,0.0042099906131625175,8.20198911242187e-05,4.98100098411669e-06,4949,
159,0.0018310925224795938,8.870293822837994e-05,3.503073742194829e-08,4959,
159,,,,4959,0.0051763285882771015
160,0.00468917191028595,8.36614563013427e-05,5.123435130371945e-06,4969,
160,0.004517900291830301,8.275252912426367e-05,4.721803179563722e-06,4979,
160,0.004543824587017298,8.02960348664783e-05,4.82437963000848e-06,4989,
160,,,,4990,0.00461216364055872
161,0.004503343719989061,7.819502206984907e-05,4.686817646870622e-06,4999,
161,0.004410823341459036,8.112905925372615e-05,4.921522759104846e-06,5009,
161,0.004458719864487648,8.074477955233306e-05,4.833053935726639e-06,5019,
161,,,,5021,0.004698604345321655
162,0.0045386143028736115,8.533147047273815e-05,4.906702997686807e-06,5029,
162,0.004152286797761917,8.313168655149639e-05,4.848658136324957e-06,5039,
162,0.004444908816367388,8.29821583465673e-05,4.842046109843068e-06,5049,
162,,,,5052,0.004582094959914684
163,0.004413916263729334,8.956476085586473e-05,4.878024356003152e-06,5059,
163,0.004173006862401962,8.166636689566076e-05,4.931775492877932e-06,5069,
163,0.004637334495782852,8.174613321898505e-05,4.802087914868025e-06,5079,
163,,,,5083,0.004587141796946526
164,0.0043894206173717976,7.738076237728819e-05,4.704758794105146e-06,5089,
164,0.004346186760812998,8.382547093788162e-05,4.98906501888996e-06,5099,
164,0.004335604142397642,7.871697016526014e-05,4.911200448987074e-06,5109,
164,,,,5114,0.004456530790776014
165,0.00460552703589201,7.974015170475468e-05,4.784789780387655e-06,5119,
165,0.004313650541007519,8.434917981503531e-05,4.857172825722955e-06,5129,
165,0.00440277811139822,7.754778926027939e-05,4.903313310933299e-06,5139,
165,,,,5145,0.004452081862837076
166,0.004701544530689716,8.308613178087398e-05,5.025516202294966e-06,5149,
166,0.004799829795956612,8.014582272153348e-05,4.96524171467172e-06,5159,
166,0.004621647298336029,7.808523514540866e-05,5.1099714255542494e-06,5169,
166,,,,5176,0.005281258840113878
167,0.006944268476217985,8.65939655341208e-05,5.0112803364754654e-06,5179,
167,0.004483637399971485,9.104163473239169e-05,4.9696286623657215e-06,5189,
167,0.004540300462394953,8.22773072286509e-05,4.8106935537362006e-06,5199,
167,,,,5207,0.004764236975461245
168,0.0049304720014333725,7.446013478329405e-05,4.55095596407773e-06,5209,
168,0.0043256524950265884,7.773253310006112e-05,4.8436777433380485e-06,5219,
168,0.004358603619039059,7.431092672049999e-05,4.851434368902119e-06,5229,
168,,,,5238,0.00479736877605319
169,0.0048624309711158276,7.706961332587525e-05,4.970736881659832e-06,5239,
169,0.004417708143591881,7.85666998126544e-05,4.657152203435544e-06,5249,
169,0.004258467350155115,7.714512321399525e-05,4.9048426262743305e-06,5259,
169,0.0014659194275736809,8.696215809322894e-05,3.289332184408522e-08,5269,
169,,,,5269,0.004472087603062391
170,0.004334663972258568,7.710312638664618e-05,4.989984518033452e-06,5279,
170,0.004329656716436148,7.902234210632741e-05,4.590370281221112e-06,5289,
170,0.004290781449526548,7.577764336019754e-05,4.719614025816554e-06,5299,
170,,,,5300,0.004358440637588501
171,0.004330519121140242,7.238067337311804e-05,4.695261395681882e-06,5309,
171,0.004005983471870422,7.534556061727926e-05,4.749798335978994e-06,5319,
171,0.003924790769815445,7.446709059877321e-05,4.690450623456854e-06,5329,
171,,,,5331,0.004618702456355095
172,0.004306629300117493,7.712120714131743e-05,4.8287620302289724e-06,5339,
172,0.003985659684985876,7.763029861962423e-05,4.732531579065835e-06,5349,
172,0.004213872365653515,7.891663699410856e-05,4.7333710426755715e-06,5359,
172,,,,5362,0.00430925702676177
173,0.004214417189359665,8.006358257262036e-05,4.929213901050389e-06,5369,
173,0.004028746858239174,7.548002031398937e-05,4.872905719821574e-06,5379,
173,0.004298473242670298,7.679461123188958e-05,4.717118372354889e-06,5389,
173,,,,5393,0.004615752026438713
174,0.0042567006312310696,7.147387805161998e-05,4.5465267248800956e-06,5399,
174,0.004130866844207048,7.733589882263914e-05,4.858507963945158e-06,5409,
174,0.004076459910720587,7.366434147115797e-05,4.778880338562885e-06,5419,
174,,,,5424,0.004595607053488493
175,0.00438065966591239,7.74197033024393e-05,4.617940248863306e-06,5429,
175,0.0042627169750630856,8.74363977345638e-05,4.70958821097156e-06,5439,
175,0.004337256774306297,7.307740452233702e-05,4.86000681121368e-06,5449,
175,,,,5455,0.004747934173792601
176,0.004486879333853722,7.181630644481629e-05,5.044116278440924e-06,5459,
176,0.004312034696340561,7.49039973015897e-05,4.764744062413229e-06,5469,
176,0.004190633539110422,7.806599023751915e-05,4.84711563331075e-06,5479,
176,,,,5486,0.0042161825112998486
177,0.004072289448231459,7.078368798829615e-05,4.739117230201373e-06,5489,
177,0.004188137594610453,7.466087117791176e-05,4.845400326303206e-06,5499,
177,0.0038890449795871973,7.045576785458252e-05,4.730814453068888e-06,5509,
177,,,,5517,0.004135543946176767
178,0.004070192109793425,6.968020170461386e-05,4.41630118075409e-06,5519,
178,0.004161797929555178,7.255598757183179e-05,4.637852725863922e-06,5529,
178,0.004088833928108215,7.0000889536459e-05,4.66014080302557e-06,5539,
178,,,,5548,0.004248558543622494
179,0.00431860750541091,7.28462400729768e-05,4.741677003039513e-06,5549,
179,0.004343278240412474,7.498749619117007e-05,4.64008280687267e-06,5559,
179,0.003804345615208149,7.94883380876854e-05,4.793940206582192e-06,5569,
179,0.0014435818884521723,8.031233301153407e-05,3.143987470366483e-08,5579,
179,,,,5579,0.0052662999369204044
180,0.004140389617532492,7.523909880546853e-05,4.897115559288068e-06,5589,
180,0.004509935155510902,7.706241012783721e-05,4.566999905364355e-06,5599,
180,0.004116860684007406,7.12252440280281e-05,4.6402356019825675e-06,5609,
180,,,,5610,0.0041160741820931435
181,0.004074986558407545,6.82460522511974e-05,4.524079031398287e-06,5619,
181,0.004029686097055674,7.315433322219178e-05,4.700755198427942e-06,5629,
181,0.003771795891225338,7.216566882561892e-05,4.672388058679644e-06,5639,
181,,,,5641,0.004094901494681835
182,0.004148285370320082,7.415727304760367e-05,4.68627786176512e-06,5649,
182,0.003966669552028179,7.39589668228291e-05,4.5894958020653576e-06,5659,
182,0.004035717807710171,7.380314491456375e-05,4.683047336584423e-06,5669,
182,,,,5672,0.004167542327195406
183,0.004017633851617575,7.846179505577311e-05,4.74647185910726e-06,5679,
183,0.004020064137876034,7.185510912677273e-05,4.812136012333212e-06,5689,
183,0.004111032001674175,7.403374911518767e-05,4.661163984565064e-06,5699,
183,,,,5703,0.004117744974792004
184,0.004257137421518564,6.95706476108171e-05,4.563542006508214e-06,5709,
184,0.003986969590187073,7.480476051568985e-05,4.824914412893122e-06,5719,
184,0.003963956143707037,6.985960499150679e-05,4.721210189018166e-06,5729,
184,,,,5734,0.004479439929127693
185,0.004105077125132084,7.244558946695179e-05,4.5080801100993995e-06,5739,
185,0.003933859057724476,7.617247320013121e-05,4.681190603150753e-06,5749,
185,0.0041045695543289185,6.876717816339806e-05,4.7482667469012085e-06,5759,
185,,,,5765,0.004174324218183756
186,0.004031884018331766,6.926466448931023e-05,4.849350716540357e-06,5769,
186,0.004079602658748627,7.158309017540887e-05,4.740883923659567e-06,5779,
186,0.003946214448660612,7.080365321598947e-05,4.7540947889501695e-06,5789,
186,,,,5796,0.004861975554376841
187,0.0045229592360556126,6.695985939586535e-05,4.716098828794202e-06,5799,
187,0.004091982264071703,6.916971324244514e-05,4.712457666755654e-06,5809,
187,0.003949407488107681,6.803576980018988e-05,4.641233772417763e-06,5819,
187,,,,5827,0.00416139280423522
188,0.004183352924883366,6.577496242243797e-05,4.522308699961286e-06,5829,
188,0.004083878360688686,6.998550816206262e-05,4.685029125539586e-06,5839,
188,0.003987376112490892,6.59470388200134e-05,4.646741217584349e-06,5849,
188,,,,5858,0.004283917602151632
189,0.004354128614068031,6.792340718675405e-05,4.827609700441826e-06,5859,
189,0.0037309909239411354,7.023227954050526e-05,4.50900370196905e-06,5869,
189,0.0036582285538315773,7.066130638122559e-05,4.610983523889445e-06,5879,
189,0.001162311527878046,7.414844003506005e-05,3.0544697438017465e-08,5889,
189,,,,5889,0.004287435673177242
190,0.004050101153552532,7.54023203626275e-05,4.719901880889665e-06,5899,
190,0.003814705414697528,7.837004523025826e-05,4.476171852729749e-06,5909,
190,0.0038742239121347666,6.95687485858798e-05,4.562782123684883e-06,5919,
190,,,,5920,0.00388004956766963
191,0.003947827965021133,6.585304799955338e-05,4.486917532631196e-06,5929,
191,0.0036534403916448355,6.856561958556995e-05,4.557186457532225e-06,5939,
191,0.0037031699903309345,6.682251114398241e-05,4.5331935325521044e-06,5949,
191,,,,5951,0.003999606240540743
192,0.004020624328404665,6.860619032522663e-05,4.657303179556038e-06,5959,
192,0.0034768576733767986,6.847538315923885e-05,4.620003437594278e-06,5969,
192,0.0037477684672921896,7.117524364730343e-05,4.598493433149997e-06,5979,
192,,,,5982,0.003834614995867014
193,0.0036514948587864637,7.190578617155552e-05,4.615045327227563e-06,5989,
193,0.0036367587745189667,7.075716712279245e-05,4.657971658161841e-06,5999,
193,0.004107017535716295,6.959016900509596e-05,4.575322691380279e-06,6009,
193,,,,6013,0.004204635974019766
194,0.004467017948627472,6.557508459081873e-05,4.3950858525931835e-06,6019,
194,0.004121706821024418,7.412182458210737e-05,4.6865607146173716e-06,6029,
194,0.004283903166651726,7.100851507857442e-05,4.673941930377623e-06,6039,
194,,,,6044,0.004462806042283773
195,0.004127015825361013,6.960173777770251e-05,4.475793502933811e-06,6049,
195,0.003832218237221241,7.258849655045196e-05,4.6412169467657804e-06,6059,
195,0.004176868591457605,6.863224552944303e-05,4.6437598939519376e-06,6069,
195,,,,6075,0.003779384773224592
196,0.003976254723966122,6.747573206666857e-05,4.727538907900453e-06,6079,
196,0.0038439698982983828,7.183019624790177e-05,4.579961114359321e-06,6089,
196,0.003749871626496315,6.795869558118284e-05,4.725037797470577e-06,6099,
196,,,,6106,0.004393310751765966
197,0.0041936286725103855,7.185660797404125e-05,4.429184627952054e-06,6109,
197,0.0039572641253471375,7.09371452103369e-05,4.753858775075059e-06,6119,
197,0.00443426426500082,7.545544940512627e-05,4.794261258211918e-06,6129,
197,,,,6137,0.00409353943541646
198,0.003956473432481289,6.596816092496738e-05,4.257938144291984e-06,6139,
198,0.004013470374047756,6.931001553311944e-05,4.5900128498033155e-06,6149,
198,0.0039893160574138165,6.408992339856923e-05,4.474377874430502e-06,6159,
198,,,,6168,0.0037412275560200214
199,0.0038281565066426992,6.460296572186053e-05,4.719814569398295e-06,6169,
199,0.0037048920057713985,7.089040445862338e-05,4.4926032387593295e-06,6179,
199,0.0036032437346875668,6.586703239008784e-05,4.653007181332214e-06,6189,
199,0.0012484020553529263,6.824089359724894e-05,2.984300451203126e-08,6199,
199,,,,6199,0.0038985908031463623
200,0.00403043907135725,7.210434705484658e-05,4.672343493439257e-06,6209,
200,0.0037256618961691856,6.86866624164395e-05,4.419474862515926e-06,6219,
200,0.0038724651094526052,6.413157825591043e-05,4.42087730334606e-06,6229,
200,,,,6230,0.004052241798490286
201,0.004295418504625559,7.033312431303784e-05,4.503490345086902e-06,6239,
201,0.003610570915043354,7.194891077233478e-05,4.43322505816468e-06,6249,
201,0.0034250712487846613,6.510980165330693e-05,4.542031092569232e-06,6259,
201,,,,6261,0.004047657363116741
202,0.0039026879239827394,6.859582208562642e-05,4.4990479182160925e-06,6269,
202,0.0033346633426845074,6.643597589572892e-05,4.636223820853047e-06,6279,
202,0.0037468785885721445,6.837077671661973e-05,4.491215804591775e-06,6289,
202,,,,6292,0.005126161500811577
203,0.004992564674466848,7.115943299140781e-05,4.779510618391214e-06,6299,
203,0.005132449325174093,6.964289786992595e-05,4.8544316086918116e-06,6309,
203,0.004078127909451723,7.000968616921455e-05,4.687472028308548e-06,6319,
203,,,,6323,0.0046441867016255856
204,0.004613512195646763,6.83485486661084e-05,4.5408191908791196e-06,6329,
204,0.003751411335542798,7.15252390364185e-05,4.727689884020947e-06,6339,
204,0.003977787680923939,6.604073132621124e-05,4.496422207012074e-06,6349,
204,,,,6354,0.0037515275180339813
205,0.0037536541931331158,6.275540363276377e-05,4.404733772389591e-06,6359,
205,0.003614159533753991,6.57180862617679e-05,4.549718141788617e-06,6369,
205,0.0037099106702953577,6.459696305682883e-05,4.595264272211352e-06,6379,
205,,,,6385,0.004006331320852041
206,0.0038869825657457113,6.262928218347952e-05,4.7934431677276734e-06,6389,
206,0.0037402708549052477,6.735268834745511e-05,4.583101144817192e-06,6399,
206,0.0036051920615136623,6.562811904586852e-05,4.675274794863071e-06,6409,
206,,,,6416,0.003703711787238717
207,0.0036178238224238157,6.272800237638876e-05,4.519449703366263e-06,6419,
207,0.003661350579932332,6.524940545205027e-05,4.637174697563751e-06,6429,
207,0.0034498271998018026,6.300389941316098e-05,4.54758583146031e-06,6439,
207,,,,6447,0.0037128846161067486
208,0.0034964007791131735,6.112871778896078e-05,4.264498329575872e-06,6449,
208,0.003629378043115139,6.637121987296268e-05,4.512067334871972e-06,6459,
208,0.0037006912752985954,6.219310307642445e-05,4.4442554099077825e-06,6469,
208,,,,6478,0.0035780363250523806
209,0.003679197048768401,6.352071795845404e-05,4.64560798718594e-06,6479,
209,0.0034107754472643137,6.558564928127453e-05,4.389044079289306e-06,6489,
209,0.003310356754809618,6.386252061929554e-05,4.531750619207742e-06,6499,
209,0.0010243814904242754,6.552683771587908e-05,2.9038703885930772e-08,6509,
209,,,,6509,0.003597447881475091
210,0.0038377048913389444,6.949871021788567e-05,4.680373876908561e-06,6519,
210,0.003493713913485408,6.491150998044759e-05,4.407117558002938e-06,6529,
210,0.0036021247506141663,6.190094427438453e-05,4.3967284000245854e-06,6539,
210,,,,6540,0.00378126697614789
211,0.0036083494778722525,6.768086313968524e-05,4.362284016679041e-06,6549,
211,0.0037839189171791077,6.830177153460681e-05,4.514130978350295e-06,6559,
211,0.003263684455305338,6.01213141635526e-05,4.459797310119029e-06,6569,
211,,,,6571,0.004374209325760603
212,0.0036968595813959837,6.63781029288657e-05,4.492636890063295e-06,6579,
212,0.003225751454010606,6.5013904531952e-05,4.5432025217451155e-06,6589,
212,0.0034618284553289413,6.687080167466775e-05,4.502634055825183e-06,6599,
212,,,,6602,0.003605643752962351
213,0.0033949241042137146,6.808883335907012e-05,4.515117780101718e-06,6609,
213,0.0033466736786067486,6.490477244369686e-05,4.574795639200602e-06,6619,
213,0.0036647396627813578,6.45675536361523e-05,4.462739070731914e-06,6629,
213,,,,6633,0.003654545871540904
214,0.003733093151822686,6.116631993791088e-05,4.4332564357318915e-06,6639,
214,0.0035430151037871838,6.474876863649115e-05,4.6510258471244015e-06,6649,
214,0.0034443135373294353,6.289323937380686e-05,4.50142169938772e-06,6659,
214,,,,6664,0.0035645426250994205
215,0.003672079648822546,6.494623812614009e-05,4.330944193497999e-06,6669,
215,0.0035037139896303415,6.909309740876779e-05,4.4361445361573715e-06,6679,
215,0.0035983568523079157,6.458603456849232e-05,4.51905816589715e-06,6689,
215,,,,6695,0.00347994570620358
216,0.004064918030053377,6.555864092661068e-05,4.603616616805084e-06,6699,
216,0.0035517767537385225,7.179491512943059e-05,4.5248584683577064e-06,6709,
216,0.0035057945642620325,6.649466376984492e-05,4.601524778991006e-06,6719,
216,,,,6726,0.0034777086693793535
217,0.004216824658215046,6.148504326120019e-05,4.515510227065533e-06,6729,
217,0.003566891886293888,7.196204387582839e-05,4.54874498245772e-06,6739,
217,0.003496705088764429,6.274031329667196e-05,4.467716280487366e-06,6749,
217,,,,6757,0.004575468134135008
218,0.004845496732741594,6.511185347335413e-05,4.1493799471936654e-06,6759,
218,0.0046254475601017475,6.198236224008724e-05,4.6403797568927985e-06,6769,
218,0.0039690034464001656,6.137621676316485e-05,4.588352567225229e-06,6779,
218,,,,6788,0.004008597694337368
219,0.004099904093891382,6.156786548672244e-05,4.751374035549816e-06,6789,
219,0.0033121039159595966,6.159926851978526e-05,4.3798936530947685e-06,6799,
219,0.003265883307904005,6.369938637362793e-05,4.496831479627872e-06,6809,
219,0.0009025310864672065,6.299322558334097e-05,2.84213168555425e-08,6819,
219,,,,6819,0.0035268429201096296
220,0.003602108685299754,6.481156742665917e-05,4.553443432087079e-06,6829,
220,0.0034616300836205482,6.393789226422086e-05,4.341172370914137e-06,6839,
220,0.003492145100608468,6.202275835676119e-05,4.358708338259021e-06,6849,
220,,,,6850,0.0038805280346423388
221,0.003816822078078985,6.17339537711814e-05,4.384883595776046e-06,6859,
221,0.0036404174752533436,6.30243812338449e-05,4.308242296247045e-06,6869,
221,0.0032332229893654585,6.265882984735072e-05,4.450919277587673e-06,6879,
221,,,,6881,0.0042000687681138515
222,0.0035839758347719908,6.239035428734496e-05,4.419503511599032e-06,6889,
222,0.003058746224269271,6.079693048377521e-05,4.52801532446756e-06,6899,
222,0.0034893606789410114,6.1778373492416e-05,4.484245891944738e-06,6909,
222,,,,6912,0.0034675034694373608
223,0.0032328045926988125,6.517510337289423e-05,4.480477855395293e-06,6919,
223,0.003320081625133753,6.20803257334046e-05,4.554919541988056e-06,6929,
223,0.0036367338616400957,6.337012018775567e-05,4.41529573436128e-06,6939,
223,,,,6943,0.0037463256157934666
224,0.003989007789641619,5.8493933465797454e-05,4.413503575051436e-06,6949,
224,0.0035289700608700514,7.756672130199149e-05,4.493786036618985e-06,6959,
224,0.0033031178172677755,6.486653728643432e-05,4.41636302639381e-06,6969,
224,,,,6974,0.003404240822419524
225,0.003569074673578143,5.9959038480883464e-05,4.3289301174809225e-06,6979,
225,0.0033546811901032925,6.35066899121739e-05,4.441908458829857e-06,6989,
225,0.003410864155739546,6.267038406804204e-05,4.499590886553051e-06,6999,
225,,,,7005,0.003415145678445697
226,0.003727278672158718,6.35474716546014e-05,4.499638180277543e-06,7009,
226,0.0034120420459657907,6.539584865095094e-05,4.4680750761472154e-06,7019,
226,0.0033241757191717625,6.259092333493754e-05,4.5729061639576685e-06,7029,
226,,,,7036,0.0033517489209771156
227,0.0036276013124734163,5.951033017481677e-05,4.459905085241189e-06,7039,
227,0.003414052538573742,6.301100802375004e-05,4.502771844272502e-06,7049,
227,0.003315800568088889,5.829813380842097e-05,4.4653670556726865e-06,7059,
227,,,,7067,0.0036954048555344343
228,0.004313191864639521,6.423752347473055e-05,4.028509920317447e-06,7069,
228,0.003480794606730342,6.457944982685149e-05,4.437468760443153e-06,7079,
228,0.0036545987240970135,5.756629616371356e-05,4.343419277574867e-06,7089,
228,,,,7098,0.003937318455427885
229,0.004086183849722147,6.1954437114764e-05,4.5476122068066616e-06,7099,
229,0.003339395159855485,6.247522833291441e-05,4.2878273234236985e-06,7109,
229,0.0031303931027650833,6.106477667344734e-05,4.4211683416506276e-06,7119,
229,0.0009143626666627824,5.923593562329188e-05,2.770280360664401e-08,7129,
229,,,,7129,0.003351258346810937
230,0.003408708842471242,6.243058305699378e-05,4.463316145120189e-06,7139,
230,0.0032643021550029516,6.155080336611718e-05,4.269704731996171e-06,7149,
230,0.0033292658627033234,5.905421494389884e-05,4.2992869566660374e-06,7159,
230,,,,7160,0.0036837419029325247
231,0.0036540888249874115,6.095034768804908e-05,4.325715508457506e-06,7169,
231,0.0032972393091768026,6.300274253590032e-05,4.316778813517885e-06,7179,
231,0.003148040035739541,5.875057468074374e-05,4.298283784009982e-06,7189,
231,,,,7191,0.003403083886951208
232,0.003346423851326108,6.034964098944329e-05,4.398299097374547e-06,7199,
232,0.002955225994810462,6.186144310049713e-05,4.3813238335133065e-06,7209,
232,0.00343099026940763,6.10617789789103e-05,4.405548224895028e-06,7219,
232,,,,7222,0.004285229369997978
233,0.003397247986868024,6.340345134958625e-05,4.3659592847689055e-06,7229,
233,0.003467942588031292,6.389238114934415e-05,4.467996404855512e-06,7239,
233,0.003665277501568198,6.696384662063792e-05,4.4494222493085545e-06,7249,
233,,,,7253,0.00395658053457737
234,0.0034185084514319897,5.900582982576452e-05,4.26830865762895e-06,7259,
234,0.0032499628141522408,6.139274773886427e-05,4.543172508419957e-06,7269,
234,0.0031480183824896812,6.018500425852835e-05,4.3746549636125565e-06,7279,
234,,,,7284,0.003456193022429943
235,0.003569941269233823,6.018782369210385e-05,4.154043381277006e-06,7289,
235,0.0032802855130285025,5.893599154660478e-05,4.423357950145146e-06,7299,
235,0.0033008167520165443,5.963264993624762e-05,4.468434326554416e-06,7309,
235,,,,7315,0.003307690378278494
236,0.0033627967350184917,6.000475332257338e-05,4.542747319646878e-06,7319,
236,0.0032709608785808086,6.066920468583703e-05,4.351255029177992e-06,7329,
236,0.003202092135325074,5.990540375933051e-05,4.4740468183590565e-06,7339,
236,,,,7346,0.0033342407550662756
237,0.004294491373002529,5.978364424663596e-05,4.301106855564285e-06,7349,
237,0.003838467877358198,8.006649295566604e-05,4.306893970351666e-06,7359,
237,0.003123397473245859,6.390531780198216e-05,4.381591224955628e-06,7369,
237,,,,7377,0.003263278165832162
238,0.003108771052211523,5.7465902500553057e-05,4.17672481489717e-06,7379,
238,0.0033905135933309793,6.125032086856663e-05,4.382500719657401e-06,7389,
238,0.00320598972029984,5.648473234032281e-05,4.360427283245372e-06,7399,
238,,,,7408,0.0036841845139861107
239,0.003822915954515338,5.95548735873308e-05,4.470793555810815e-06,7409,
239,0.0033182362094521523,6.291348836384714e-05,4.19153457187349e-06,7419,
239,0.003032463602721691,6.24055610387586e-05,4.340520263212966e-06,7429,
239,0.0008713986026123166,5.727346797357313e-05,2.665337106577681e-08,7439,
239,,,,7439,0.0032368479296565056
240,0.0033561151940375566,6.366615707520396e-05,4.4037974475941155e-06,7449,
240,0.003169580828398466,6.246133852982894e-05,4.228399575367803e-06,7459,
240,0.003203722881153226,5.901539771002717e-05,4.249090579833137e-06,7469,
240,,,,7470,0.0036648584064096212
241,0.003643663600087166,6.017149644321762e-05,4.230957529216539e-06,7479,
241,0.003191182389855385,5.882265395484865e-05,4.249955964041874e-06,7489,
241,0.0029123611748218536,5.969154881313443e-05,4.259401066519786e-06,7499,
241,,,,7501,0.0033020286355167627
242,0.003235734300687909,6.012328594806604e-05,4.336694473749958e-06,7509,
242,0.0029553065542131662,5.9974299801979214e-05,4.299542069929885e-06,7519,
242,0.003129800083115697,5.972320286673494e-05,4.292363428248791e-06,7529,
242,,,,7532,0.003596031107008457
243,0.003386047901585698,6.284167466219515e-05,4.405983418109827e-06,7539,
243,0.0036993578542023897,5.869647065992467e-05,4.519004960457096e-06,7549,
243,0.0036111450754106045,5.8061006711795926e-05,4.354022621555487e-06,7559,
243,,,,7563,0.0035237418487668037
244,0.003487600013613701,5.522392530110665e-05,4.296866336517269e-06,7569,
244,0.0032296606805175543,6.318507075775415e-05,4.378316134534543e-06,7579,
244,0.0030570344533771276,5.8932550018653274e-05,4.262034053681418e-06,7589,
244,,,,7594,0.003451134078204632
245,0.0033284148667007685,6.0098300309618935e-05,4.148804237047443e-06,7599,
245,0.0033683618530631065,5.7330380514031276e-05,4.387094577396056e-06,7609,
245,0.0034853406250476837,5.7798704801825806e-05,4.476851700019324e-06,7619,
245,,,,7625,0.0033559082075953484
246,0.0031984439119696617,5.794051685370505e-05,4.454854206414893e-06,7629,
246,0.003186203306540847,5.974769010208547e-05,4.340141458669677e-06,7639,
246,0.00308024394325912,5.885336940991692e-05,4.449500465852907e-06,7649,
246,,,,7656,0.0034310496412217617
247,0.0036796838976442814,5.8151072153123096e-05,4.224079930281732e-06,7659,
247,0.003235466545447707,6.39721256447956e-05,4.352289579401258e-06,7669,
247,0.0031055647414177656,5.806534318253398e-05,4.302972229197621e-06,7679,
247,,,,7687,0.0033161777537316084
248,0.0032188398763537407,5.694083665730432e-05,4.021326731162844e-06,7689,
248,0.003125495510175824,5.839027653564699e-05,4.2532133193162736e-06,7699,
248,0.003108908189460635,5.434781269286759e-05,4.261521553416969e-06,7709,
248,,,,7718,0.003327310550957918
249,0.003467793809249997,5.738841718994081e-05,4.390935373521643e-06,7719,
249,0.0031554955057799816,5.852599497302435e-05,4.195134806650458e-06,7729,
249,0.0029432636220008135,5.755243546445854e-05,4.363915195426671e-06,7739,
249,0.0008413715404458344,5.4839561926200986e-05,2.5877127995954652e-08,7749,
249,,,,7749,0.0032567617017775774
250,0.0032622539438307285,5.90174131502863e-05,4.384610747365514e-06,7759,
250,0.0034143435768783092,5.9443689679028466e-05,4.119149252801435e-06,7769,
250,0.0030795319471508265,5.593734749709256e-05,4.231886123307049e-06,7779,
250,,,,7780,0.0031705601140856743
251,0.0030504241585731506,5.669600795954466e-05,4.1110688471235335e-06,7789,
251,0.0033092559315264225,5.650613093166612e-05,4.297352461435366e-06,7799,
251,0.0027973849792033434,5.412201426224783e-05,4.23342044086894e-06,7809,
251,,,,7811,0.003124816110357642
252,0.003231555223464966,6.043745088391006e-05,4.271469151717611e-06,7819,
252,0.002773403190076351,5.7358989579370245e-05,4.272814294381533e-06,7829,
252,0.0030283539090305567,5.857093492522836e-05,4.249974153935909e-06,7839,
252,,,,7842,0.005541433580219746
253,0.0035213653463870287,6.483276229118928e-05,4.480979441723321e-06,7849,
253,0.005429874174296856,8.390563016291708e-05,4.781551979249343e-06,7859,
253,0.004044309724122286,6.58885037410073e-05,4.237377197569003e-06,7869,
253,,,,7873,0.004042693879455328
254,0.003334800712764263,5.9501944633666426e-05,4.309546966396738e-06,7879,
254,0.003373126033693552,5.746542228735052e-05,4.569879820337519e-06,7889,
254,0.003202211344614625,5.802140731248073e-05,4.401349542604294e-06,7899,
254,,,,7904,0.003420457011088729
255,0.0032158815301954746,5.562607111642137e-05,4.238573183101835e-06,7909,
255,0.0031764593441039324,5.6823890190571547e-05,4.3863219616469e-06,7919,
255,0.0031894936691969633,5.7211495004594326e-05,4.3758241190516856e-06,7929,
255,,,,7935,0.0030730455182492733
256,0.0030993279069662094,5.600414806394838e-05,4.4584899114852306e-06,7939,
256,0.003098091809079051,5.727608731831424e-05,4.316399099479895e-06,7949,
256,0.003048277460038662,5.689865429303609e-05,4.411901954881614e-06,7959,
256,,,,7966,0.003145486582070589
257,0.003016882808879018,5.633013279293664e-05,4.257253294781549e-06,7969,
257,0.003056755755096674,5.706117008230649e-05,4.371628165245056e-06,7979,
257,0.0031397812999784946,5.491794945555739e-05,4.340456598583842e-06,7989,
257,,,,7997,0.0031077878084033728
258,0.0028977005276829004,5.443165355245583e-05,4.125408395339036e-06,7999,
258,0.0030370852909982204,5.625738049275242e-05,4.247556717018597e-06,8009,
258,0.0030345735140144825,5.378887362894602e-05,4.2177903196716215e-06,8019,
258,,,,8028,0.0030260670464485884
259,0.003152016317471862,5.650035382132046e-05,4.390341473481385e-06,8029,
259,0.0028719885740429163,5.7114790251944214e-05,4.166866347077303e-06,8039,
259,0.002768776612356305,5.654717097058892e-05,4.254476152709685e-06,8049,
259,0.0007466863025911152,5.2087019867030904e-05,2.529699827391596e-08,8059,
259,,,,8059,0.003161889500916004
260,0.003187627764418721,6.0638176364591345e-05,4.3172703954041936e-06,8069,
260,0.0029244173783808947,6.122962076915428e-05,4.176476977590937e-06,8079,
260,0.0029912430327385664,5.5256412451853976e-05,4.194775556243258e-06,8089,
260,,,,8090,0.003123075934126973
261,0.0029720154125243425,5.4888172599021345e-05,4.0981153688335326e-06,8099,
261,0.0030051679350435734,5.8602861827239394e-05,4.220742084726226e-06,8109,
261,0.0027455834206193686,5.424450500868261e-05,4.229389560350683e-06,8119,
261,,,,8121,0.0030114289838820696
262,0.003069790545850992,5.7345594541402534e-05,4.224732492730254e-06,8129,
262,0.0026529862079769373,5.4474850912811235e-05,4.247983270033728e-06,8139,
262,0.0029516220092773438,5.6319189752684906e-05,4.233552317600697e-06,8149,
262,,,,8152,0.0035722681786864996
263,0.0034470753744244576,6.287492578849196e-05,4.185180841886904e-06,8159,
263,0.0029090940952301025,5.827129280078225e-05,4.342875854490558e-06,8169,
263,0.0032769034150987864,5.8800978877115995e-05,4.219143193040509e-06,8179,
263,,,,8183,0.0030441556591540575
264,0.0030703842639923096,5.425538620329462e-05,4.156083832640434e-06,8189,
264,0.0029556439258158207,5.5205589887918904e-05,4.352542418928351e-06,8199,
264,0.0028299670666456223,5.480595791595988e-05,4.199615432298742e-06,8209,
264,,,,8214,0.00298913661390543
265,0.0033334065228700638,5.750826676376164e-05,4.03783769797883e-06,8219,
265,0.00288633955642581,5.6075939937727526e-05,4.186053956800606e-06,8229,
265,0.003051071660593152,5.6105498515535146e-05,4.348611582827289e-06,8239,
265,,,,8245,0.003065826604142785
266,0.0032339002937078476,5.909028914174996e-05,4.289498974685557e-06,8249,
266,0.0029454133473336697,5.835999036207795e-05,4.211160558043048e-06,8259,
266,0.00306723453104496,5.87595823162701e-05,4.266974428901449e-06,8269,
266,,,,8276,0.002957050921395421
267,0.0030618596356362104,5.800914368592203e-05,4.16949660575483e-06,8279,
267,0.003113319631665945,6.615142774535343e-05,4.3395002649049275e-06,8289,
267,0.0027962338645011187,5.624663390335627e-05,4.188170350971632e-06,8299,
267,,,,8307,0.003247806103900075
268,0.0035105030983686447,5.5748892918927595e-05,4.018399977212539e-06,8309,
268,0.0036157493013888597,7.336897397181019e-05,4.314596480980981e-06,8319,
268,0.0031915183644741774,5.834377952851355e-05,4.202730906399665e-06,8329,
268,,,,8338,0.0031938753090798855
269,0.003342066192999482,5.905497891944833e-05,4.2160359043919016e-06,8339,
269,0.0028425781056284904,6.553600542247295e-05,4.071026978635928e-06,8349,
269,0.002698160707950592,5.431231329566799e-05,4.230176728015067e-06,8359,
269,0.0007491263677366078,4.912830263492651e-05,2.468677529066099e-08,8369,
269,,,,8369,0.0029604497831314802
270,0.0030017306562513113,5.654881169903092e-05,4.3080185605504084e-06,8379,
270,0.0028959165792912245,5.580910510616377e-05,4.0999261727847625e-06,8389,
270,0.002933973679319024,5.3441206546267495e-05,4.160435310041066e-06,8399,
270,,,,8400,0.005148463416844606
271,0.004277545027434826,5.769299968960695e-05,4.1019488890015054e-06,8409,
271,0.003788405330851674,9.034766117110848e-05,4.09646736443392e-06,8419,
271,0.0036956900730729103,6.045143891242333e-05,4.455267117009498e-06,8429,
271,,,,8431,0.0033726643305271864
272,0.003508943133056164,6.645295798080042e-05,4.263079063093755e-06,8439,
272,0.0028889731038361788,6.14263626630418e-05,4.503657692112029e-06,8449,
272,0.002969197928905487,5.951717685093172e-05,4.3883851503778715e-06,8459,
272,,,,8462,0.0030370184686034918
273,0.0027705624233931303,5.9986930864397436e-05,4.378380708658369e-06,8469,
273,0.0026772073470056057,5.5592681746929884e-05,4.319460913393414e-06,8479,
273,0.003163714660331607,5.494163997354917e-05,4.267514668754302e-06,8489,
273,,,,8493,0.0030375102069228888
274,0.0031028874218463898,5.1640032324939966e-05,4.164525307714939e-06,8499,
274,0.0030101053416728973,5.57283747184556e-05,4.35975971413427e-06,8509,
274,0.0028849118389189243,5.5073218391044065e-05,4.212344265397405e-06,8519,
274,,,,8524,0.0029347664676606655
275,0.0030150890816003084,5.463038178277202e-05,4.1130524550681e-06,8529,
275,0.002861156826838851,5.465439971885644e-05,4.258222816133639e-06,8539,
275,0.0029083327390253544,5.502059866557829e-05,4.284932856535306e-06,8549,
275,,,,8555,0.0029735853895545006
276,0.0030960356816649437,5.501058330992237e-05,4.358430032880278e-06,8559,
276,0.002889573108404875,5.4769712733104825e-05,4.197369435132714e-06,8569,
276,0.0028770300559699535,5.442410474643111e-05,4.312755208957242e-06,8579,
276,,,,8586,0.0029170929919928312
277,0.0029752254486083984,5.377154957386665e-05,4.194891516817734e-06,8589,
277,0.0028784170281141996,5.3878331527812406e-05,4.244743195158662e-06,8599,
277,0.0027139345183968544,5.201028034207411e-05,4.1856919779093005e-06,8609,
277,,,,8617,0.0029098009690642357
278,0.002814888022840023,5.336904359865002e-05,3.953708528570132e-06,8619,
278,0.0028852736577391624,5.474309000419453e-05,4.1703956412675325e-06,8629,
278,0.002790010068565607,5.14636340085417e-05,4.143721980653936e-06,8639,
278,,,,8648,0.0028741885907948017
279,0.002994926180690527,5.422276080935262e-05,4.309337327867979e-06,8649,
279,0.002697685267776251,5.485550718731247e-05,4.081584393134108e-06,8659,
279,0.0027040941640734673,5.415806663222611e-05,4.202990112389671e-06,8669,
279,0.0007299197604879737,4.783929398399778e-05,2.381863595246614e-08,8679,
279,,,,8679,0.0030615245923399925
280,0.0029991785995662212,5.886557119083591e-05,4.197784619464073e-06,8689,
280,0.0028508033137768507,5.636988134938292e-05,4.056280431541381e-06,8699,
280,0.002839826513081789,5.2358187531353906e-05,4.1133475860988256e-06,8709,
280,,,,8710,0.0030121123418211937
281,0.0028204764239490032,5.5231870646821335e-05,4.041405645693885e-06,8719,
281,0.002771111438050866,5.6434510042890906e-05,4.1239532038162e-06,8729,
281,0.0026161305140703917,5.453983249026351e-05,4.09814492741134e-06,8739,
281,,,,8741,0.0029818809125572443
282,0.0029694102704524994,5.6298787967534736e-05,4.199611339572584e-06,8749,
282,0.0025112354196608067,5.584210157394409e-05,4.169096882833401e-06,8759,
282,0.00283419550396502,5.5797001550672576e-05,4.137061750952853e-06,8769,
282,,,,8772,0.002838401822373271
283,0.0028087066020816565,6.114393181633204e-05,4.108489974896656e-06,8779,
283,0.0026638777926564217,5.5919401347637177e-05,4.1751741264306474e-06,8789,
283,0.0029766757506877184,5.253514609648846e-05,4.111572252440965e-06,8799,
283,,,,8803,0.0032909628935158253
284,0.004244021140038967,6.153663707664236e-05,3.793913037952734e-06,8809,
284,0.006202623713761568,0.00010014123108703643,4.1627977225289214e-06,8819,
284,0.004129422828555107,7.984106196090579e-05,4.510343842412112e-06,8829,
284,,,,8834,0.0058074952103197575
285,0.0037506723310798407,0.00010974601900670677,4.1693824641697574e-06,8839,
285,0.003565034130588174,6.55042749713175e-05,4.2265583033440635e-06,8849,
285,0.003310166532173753,6.271152960835025e-05,4.423025984578999e-06,8859,
285,,,,8865,0.003257273230701685
286,0.0030610517133027315,5.957726898486726e-05,4.359340891824104e-06,8869,
286,0.0030591811519116163,5.990860518068075e-05,4.2158558244409505e-06,8879,
286,0.0028053915593773127,5.506832530954853e-05,4.333671768108616e-06,8889,
286,,,,8896,0.0028654050547629595
287,0.0028316834941506386,5.3432660934049636e-05,4.186739715805743e-06,8899,
287,0.002824528608471155,5.4560638091061264e-05,4.271849775250303e-06,8909,
287,0.0026833005249500275,5.187572241993621e-05,4.156361683271825e-06,8919,
287,,,,8927,0.002930636517703533
288,0.0027297060005366802,5.2385381422936916e-05,4.067445388500346e-06,8929,
288,0.0028337982948869467,5.458647501654923e-05,4.172964054305339e-06,8939,
288,0.002750532701611519,5.179067375138402e-05,4.124982297071256e-06,8949,
288,,,,8958,0.0028329070191830397
289,0.002955594565719366,5.447252988233231e-05,4.26858059654478e-06,8959,
289,0.0026347022503614426,5.432787656900473e-05,4.0997815631271806e-06,8969,
289,0.0026115409564226866,5.3237657994031906e-05,4.201802767056506e-06,8979,
289,0.0006811889470554888,4.650381379178725e-05,2.3568519580408065e-08,8989,
289,,,,8989,0.0027842188719660044
290,0.002839184133335948,5.601172961178236e-05,4.258942681190092e-06,8999,
290,0.0026977751404047012,5.336018148227595e-05,4.107617314730305e-06,9009,
290,0.002759078983217478,5.1361545047257096e-05,4.096774773643119e-06,9019,
290,,,,9020,0.0029257989954203367
291,0.0027628561947494745,5.4179789003683254e-05,3.9892670429253485e-06,9029,
291,0.0026889329310506582,5.3788029617862776e-05,4.072497176821344e-06,9039,
291,0.0024890624918043613,5.2093011618126184e-05,4.108998382434947e-06,9049,
291,,,,9051,0.002796748885884881
292,0.002818480134010315,5.569435961660929e-05,4.1598013922339305e-06,9059,
292,0.0024477795232087374,5.2354811487020925e-05,4.186387741356157e-06,9069,
292,0.0027419356629252434,5.4797794291516766e-05,4.098935733054532e-06,9079,
292,,,,9082,0.002809657948091626
293,0.0026441700756549835,5.816756674903445e-05,4.1618400246079545e-06,9089,
293,0.0025055836886167526,5.4711457778466865e-05,4.153676854912192e-06,9099,
293,0.0029796804301440716,5.4085518058855087e-05,4.12371218772023e-06,9109,
293,,,,9113,0.00317054009065032
294,0.0032346700318157673,5.1364735554670915e-05,4.093602456123335e-06,9119,
294,0.0027694031596183777,5.9411966503830627e-05,4.304223693907261e-06,9129,
294,0.00267730001360178,5.501367195392959e-05,4.09323047279031e-06,9139,
294,,,,9144,0.003239979734644294
295,0.0029526674188673496,5.373408930609003e-05,3.958931756642414e-06,9149,
295,0.0026762650813907385,5.415198393166065e-05,4.112809619982727e-06,9159,
295,0.002738992450758815,5.4236392315942794e-05,4.242720478941919e-06,9169,
295,,,,9175,0.0028787979390472174
296,0.002751309657469392,5.389391662902199e-05,4.244440333422972e-06,9179,
296,0.0027195164002478123,5.4154534154804423e-05,4.151291705056792e-06,9189,
296,0.002729310654103756,5.4348460253095254e-05,4.228226316627115e-06,9199,
296,,,,9206,0.0028172393795102835
297,0.002750872867181897,5.577833508141339e-05,4.07315701522748e-06,9209,
297,0.002734451787546277,5.42019224667456e-05,4.176378297415795e-06,9219,
297,0.0026645902544260025,5.16176332894247e-05,4.114539024158148e-06,9229,
297,,,,9237,0.0027855958323925734
298,0.0026102864649146795,5.2591418352676556e-05,3.96207951780525e-06,9239,
298,0.002757885493338108,5.378594505600631e-05,4.104114395886427e-06,9249,
298,0.002650068374350667,5.021746255806647e-05,4.052762960782275e-06,9259,
298,,,,9268,0.002743943128734827
299,0.002857154468074441,5.4659369197906926e-05,4.1701914597069845e-06,9269,
299,0.0026016077026724815,5.452824916574173e-05,3.945037406083429e-06,9279,
299,0.0026854167226701975,5.150514698470943e-05,4.166799499216722e-06,9289,
299,0.0006666111294180155,4.676262688008137e-05,2.2847228109412754e-08,9299,
299,,,,9299,0.0031001484021544456
300,0.00349594303406775,5.630043597193435e-05,4.047666152473539e-06,9309,
300,0.0026767365634441376,5.4252213885774836e-05,4.016568709630519e-06,9319,
300,0.0027792782057076693,5.127540134708397e-05,4.0932509364211e-06,9329,
300,,,,9330,0.0036928511690348387
301,0.0031800242140889168,5.408320794231258e-05,4.105759217054583e-06,9339,
301,0.0028191215824335814,6.106954970164225e-05,3.997318799520144e-06,9349,
301,0.002458990318700671,5.357534973882139e-05,4.089814410690451e-06,9359,
301,,,,9361,0.002951473230496049
302,0.0028036844450980425,5.5100077588576823e-05,4.133340553380549e-06,9369,
302,0.002376158721745014,5.102973591419868e-05,4.160082880844129e-06,9379,
302,0.0026587515603750944,5.265419167699292e-05,4.095524673175532e-06,9389,
302,,,,9392,0.002720010234043002
303,0.0026608495973050594,5.740683991461992e-05,4.067810095875757e-06,9399,
303,0.0024633982684463263,5.298371615936048e-05,4.0676468415767886e-06,9409,
303,0.0028214247431606054,5.2461826271610335e-05,4.041879037686158e-06,9419,
303,,,,9423,0.0028340292628854513
304,0.002822726499289274,5.037037408328615e-05,3.944746822526213e-06,9429,
304,0.002810506382957101,5.5305659770965576e-05,4.258333319739904e-06,9439,
304,0.002596338978037238,5.4980577260721475e-05,4.0707914195081685e-06,9449,
304,,,,9454,0.0027150544337928295
305,0.00282142567448318,5.4974483646219596e-05,3.945274784200592e-06,9459,
305,0.002666546730324626,5.284455983201042e-05,4.012043518741848e-06,9469,
305,0.0027788043953478336,5.236745346337557e-05,4.184133103990462e-06,9479,
305,,,,9485,0.00277330563403666
306,0.0034484246280044317,6.856285472167656e-05,4.203818662062986e-06,9489,
306,0.0033249391708523035,6.016446423018351e-05,4.215376975480467e-06,9499,
306,0.002628219546750188,5.674360363627784e-05,4.2052656681335066e-06,9509,
306,,,,9516,0.003044940298423171
307,0.0027408997993916273,5.2020484872628e-05,4.0556510612077545e-06,9519,
307,0.002815123414620757,5.2532839617924765e-05,4.0645868466526736e-06,9529,
307,0.002531308215111494,5.092279752716422e-05,4.030833224533126e-06,9539,
307,,,,9547,0.002856817562133074
308,0.0028150819707661867,5.4069219913799316e-05,3.7883335153310327e-06,9549,
308,0.0027985014021396637,5.45986695215106e-05,4.031818207295146e-06,9559,
308,0.0026451447047293186,4.987701686332002e-05,4.00918224841007e-06,9569,
308,,,,9578,0.0028301917482167482
309,0.002941033337265253,5.387484634411521e-05,4.184452791378135e-06,9579,
309,0.0026434941682964563,5.293720096233301e-05,3.964267762057716e-06,9589,
309,0.0024421727284789085,5.186738053453155e-05,4.087116394657642e-06,9599,
309,0.0006513320258818567,4.515038745012134e-05,2.2301447799577545e-08,9609,
309,,,,9609,0.0028193846810609102
310,0.0029133183415979147,5.6765613408060744e-05,4.1697667256812565e-06,9619,
310,0.0027700255159288645,5.316116221365519e-05,4.013053512608167e-06,9629,
310,0.002819701796397567,5.130866702529602e-05,4.010924840258667e-06,9639,
310,,,,9640,0.0030704974196851254
311,0.0027206381782889366,5.158415297046304e-05,3.865401595248841e-06,9649,
311,0.0025733725633472204,5.847422289662063e-05,3.977066171501065e-06,9659,
311,0.002375123556703329,5.15221145178657e-05,3.956066393584479e-06,9669,
311,,,,9671,0.002753201872110367
312,0.0026553496718406677,5.3307197958929464e-05,4.017768333142158e-06,9679,
312,0.0024091533850878477,5.209864684729837e-05,4.040304247610038e-06,9689,
312,0.002586276037618518,5.206210335018113e-05,4.0208210521086585e-06,9699,
312,,,,9702,0.0027492844965308905
313,0.002389712957665324,5.425502240541391e-05,4.066808742209105e-06,9709,
313,0.0024191008415073156,5.043286000727676e-05,4.070505838171812e-06,9719,
313,0.002904895693063736,5.2205967222107574e-05,4.0238169276562985e-06,9729,
313,,,,9733,0.003500940976664424
314,0.004209531936794519,5.308506661094725e-05,4.093728421139531e-06,9739,
314,0.0028387184720486403,6.850586942164227e-05,4.152137535129441e-06,9749,
314,0.0026068594306707382,6.33211457170546e-05,4.0136192183126695e-06,9759,
314,,,,9764,0.0030574852135032415
315,0.002895667450502515,5.4530864872504026e-05,3.910064606316155e-06,9769,
315,0.002554974751546979,5.17530097567942e-05,4.094444648217177e-06,9779,
315,0.0026374696753919125,5.249681635177694e-05,4.138035819778452e-06,9789,
315,,,,9795,0.002631317125633359
316,0.0027154479175806046,5.634566332446411e-05,4.18031049775891e-06,9799,
316,0.002609065966680646,5.288118336466141e-05,4.046096364618279e-06,9809,
316,0.0026086329016834497,5.34326427441556e-05,4.099184025108116e-06,9819,
316,,,,9826,0.002608679700642824
317,0.0026004244573414326,5.347867409000173e-05,4.011805685877334e-06,9829,
317,0.002620925661176443,5.164713365957141e-05,4.093282768735662e-06,9839,
317,0.0025563412345945835,4.967032509739511e-05,4.031440312246559e-06,9849,
317,,,,9857,0.0027157312724739313
318,0.002645364962518215,5.4289466788759455e-05,3.7535589854087448e-06,9859,
318,0.002660381840541959,5.167510244064033e-05,3.921726602129638e-06,9869,
318,0.0027595474384725094,4.9794642109191045e-05,3.8917496567592025e-06,9879,
318,,,,9888,0.0027853285428136587
319,0.0028865323401987553,5.340364805306308e-05,4.17251794715412e-06,9889,
319,0.002514708787202835,5.17259250045754e-05,3.938254394597607e-06,9899,
319,0.002413276582956314,4.913849988952279e-05,4.036610334878787e-06,9909,
319,0.0006461339071393013,4.408289896673523e-05,2.1948222794776484e-08,9919,
319,,,,9919,0.0027956003323197365
320,0.003208752954378724,6.562613998539746e-05,4.230486865708372e-06,9929,
320,0.0025734107475727797,6.328347808448598e-05,4.021162112621823e-06,9939,
320,0.0026537885423749685,5.785665780422278e-05,3.890818334184587e-06,9949,
320,,,,9950,0.0028002785984426737
321,0.0025757774710655212,5.545767999137752e-05,3.853112048091134e-06,9959,
321,0.002538237487897277,5.2376213716343045e-05,3.9031888263707515e-06,9969,
321,0.0023246724158525467,4.836150037590414e-05,3.921771167370025e-06,9979,
321,,,,9981,0.00283972080796957
322,0.002742233918979764,6.176381430123001e-05,4.009023541584611e-06,9989,
322,0.0025501479394733906,5.211547977523878e-05,4.106340384169016e-06,9999,
322,0.0025778310373425484,5.740504275308922e-05,3.9491656025347766e-06,10009,
322,,,,10012,0.0026032854802906513
323,0.002347678178921342,5.651847459375858e-05,4.031509433843894e-06,10019,
323,0.0024326189886778593,5.2234110626159236e-05,4.065957909915596e-06,10029,
323,0.00277766864746809,5.1533319492591545e-05,3.970123998442432e-06,10039,
323,,,,10043,0.003002776065841317
324,0.002735875314101577,4.9402322474634275e-05,3.7568634070339613e-06,10049,
324,0.002772809937596321,5.3724648751085624e-05,4.039734903926728e-06,10059,
324,0.0025349208153784275,5.227967631071806e-05,3.981502231908962e-06,10069,
324,,,,10074,0.002830721205100417
325,0.0028620027005672455,5.1754843298112974e-05,3.967351858591428e-06,10079,
325,0.0026720191817730665,5.2396855608094484e-05,4.07990273743053e-06,10089,
325,0.0025385254994034767,5.2005285397171974e-05,4.076757704751799e-06,10099,
325,,,,10105,0.003065443830564618
326,0.00321914441883564,5.635961497318931e-05,3.97345229430357e-06,10109,
326,0.003076563822105527,5.340045390767045e-05,4.166113285464235e-06,10119,
326,0.002489703707396984,5.203748514759354e-05,4.0936256482382305e-06,10129,
326,,,,10136,0.0028548180125653744
327,0.0029289096128195524,5.297011375660077e-05,4.0534000618208665e-06,10139,
327,0.0027113137766718864,5.170966687728651e-05,3.989523065683898e-06,10149,
327,0.002524638082832098,4.988318687537685e-05,3.907309746864485e-06,10159,
327,,,,10167,0.0025541926734149456
328,0.00245992885902524,5.344318924471736e-05,3.7582958611892536e-06,10169,
328,0.0025002523325383663,5.112869621370919e-05,3.9117121559684165e-06,10179,
328,0.002589429495856166,4.8630139644956216e-05,3.949026449845405e-06,10189,
328,,,,10198,0.002571198856458068
329,0.0026845657266676426,5.373168460209854e-05,4.0251748032460455e-06,10199,
329,0.00246905954554677,5.268117456580512e-05,3.804544576269109e-06,10209,
329,0.0024641351774334908,5.0311402446823195e-05,3.937003839382669e-06,10219,
329,0.0006322776316665113,4.4301425077719614e-05,2.1400138550120573e-08,10229,
329,,,,10229,0.002667699009180069
330,0.002527916803956032,5.2422197768464684e-05,4.042056389153004e-06,10239,
330,0.002452787011861801,4.9942162149818614e-05,3.90771765523823e-06,10249,
330,0.0025047576054930687,4.901945430901833e-05,3.9083433875930496e-06,10259,
330,,,,10260,0.0037752885837107897
331,0.006268863100558519,5.8348115999251604e-05,4.152220753894653e-06,10269,
331,0.0034005988854914904,6.617980398004875e-05,3.964368715969613e-06,10279,
331,0.0024713187012821436,5.289780892780982e-05,4.056717898492934e-06,10289,
331,,,,10291,0.0035615230444818735
332,0.002863492351025343,6.78524884278886e-05,4.138711119594518e-06,10299,
332,0.002374444156885147,5.8705772971734405e-05,4.120162884646561e-06,10309,
332,0.002570404903963208,5.4542149882763624e-05,4.007336883660173e-06,10319,
332,,,,10322,0.002558668376877904
333,0.002505960175767541,5.94526318309363e-05,3.992308847955428e-06,10329,
333,0.0023117864038795233,5.144663737155497e-05,3.982224825449521e-06,10339,
333,0.0026900875382125378,5.12221668031998e-05,4.0062373045657296e-06,10349,
333,,,,10353,0.002714562928304076
334,0.0025638386141508818,4.9380167183699086e-05,3.869737611239543e-06,10359,
334,0.0025765514001250267,5.5082149629015476e-05,4.111698672204511e-06,10369,
334,0.0023768360260874033,5.307703395374119e-05,3.966913027397823e-06,10379,
334,,,,10384,0.0025397613644599915
335,0.0026475025806576014,5.177787897991948e-05,3.912763531843666e-06,10389,
335,0.0023654166143387556,5.11665093654301e-05,3.966702024627011e-06,10399,
335,0.0025144561659544706,5.207799404161051e-05,4.094990799785592e-06,10409,
335,,,,10415,0.00256776693277061
336,0.0026906088460236788,5.5530825193272904e-05,4.029257979709655e-06,10419,
336,0.002467023441568017,5.1698876632144675e-05,3.9772871787135955e-06,10429,
336,0.0024522144813090563,5.285282895783894e-05,4.083415660716128e-06,10439,
336,,,,10446,0.0025175283662974834
337,0.002554391510784626,5.308392792358063e-05,3.9568840293213725e-06,10449,
337,0.0025477672461420298,5.240351310931146e-05,4.0671911847312e-06,10459,
337,0.002348077017813921,5.0212616770295426e-05,3.934924279747065e-06,10469,
337,,,,10477,0.002541492460295558
338,0.0026097078807651997,5.210570088820532e-05,3.7440233882080065e-06,10479,
338,0.0027565329801291227,6.065156776458025e-05,3.836090854747454e-06,10489,
338,0.0027591355610638857,4.938069832860492e-05,3.83905899070669e-06,10499,
338,,,,10508,0.0024869751650840044
339,0.0025864611379802227,5.408233482739888e-05,4.046028607262997e-06,10509,
339,0.0023798614274710417,5.1507551688700914e-05,3.861475761368638e-06,10519,
339,0.0022975909523665905,4.866957533522509e-05,3.9874848880572245e-06,10529,
339,0.000604960776399821,4.353289114078507e-05,2.1136774108754253e-08,10539,
339,,,,10539,0.002630855655297637
340,0.0026444708928465843,5.270605470286682e-05,3.989646756963339e-06,10549,
340,0.0024787469301372766,5.101594069856219e-05,3.8874077290529385e-06,10559,
340,0.002567273797467351,4.903394801658578e-05,3.826036845566705e-06,10569,
340,,,,10570,0.0024814989883452654
341,0.0024310972075909376,5.100113412481733e-05,3.7832508041901747e-06,10579,
341,0.00238059158436954,4.930628347210586e-05,3.855283921438968e-06,10589,
341,0.0021760056260973215,4.9170841521117836e-05,3.849294444080442e-06,10599,
341,,,,10601,0.002770023187622428
342,0.0026343311183154583,5.479281026055105e-05,4.005788014183054e-06,10609,
342,0.0023118252865970135,5.371489896788262e-05,3.9466185626224615e-06,10619,
342,0.002509664511308074,5.28289056092035e-05,3.923875738109928e-06,10629,
342,,,,10632,0.003741198917850852
343,0.0024803904816508293,5.608965875580907e-05,3.924378233932657e-06,10639,
343,0.002626338740810752,5.7571549405111e-05,3.9173878576548304e-06,10649,
343,0.0033644523937255144,5.429327211459167e-05,4.071986040798947e-06,10659,
343,,,,10663,0.0035723415203392506
344,0.0030436674132943153,5.0604827265487984e-05,3.94128801417537e-06,10669,
344,0.0024449515622109175,5.384363976190798e-05,4.127183274249546e-06,10679,
344,0.0027018666733056307,5.419767330749892e-05,3.907176051143324e-06,10689,
344,,,,10694,0.0025919873733073473
345,0.002488253638148308,5.1694900321308523e-05,3.869932243105723e-06,10699,
345,0.0023553422652184963,5.066117228125222e-05,3.987763648183318e-06,10709,
345,0.002425306709483266,5.2853309171041474e-05,4.051855739817256e-06,10719,
345,,,,10725,0.002744490746408701
346,0.0026963220443576574,5.135042738402262e-05,4.045451532874722e-06,10729,
346,0.0024604424834251404,5.279824836179614e-05,3.936582743335748e-06,10739,
346,0.002397047122940421,5.319986303220503e-05,4.027835529996082e-06,10749,
346,,,,10756,0.0025905382353812456
347,0.0026171805802732706,5.270955080050044e-05,3.979419034294551e-06,10759,
347,0.002455818234011531,5.0054277380695567e-05,3.970790203311481e-06,10769,
347,0.0022600640077143908,4.869134500040673e-05,3.899173862009775e-06,10779,
347,,,,10787,0.002454724395647645
348,0.002342652529478073,5.116144893690944e-05,3.691315896503511e-06,10789,
348,0.002406507730484009,4.87102079205215e-05,3.872663910442498e-06,10799,
348,0.002347669331356883,4.808503217645921e-05,3.8714388210792094e-06,10809,
348,,,,10818,0.002525924937799573
349,0.002624116139486432,5.2100840548519045e-05,4.014884325442836e-06,10819,
349,0.002362630795687437,4.9576985475141555e-05,3.7991817407601047e-06,10829,
349,0.0022317073307931423,4.9468759243609384e-05,3.93992331737536e-06,10839,
349,0.0006032964447513223,4.380069731269032e-05,2.0503790665316046e-08,10849,
349,,,,10849,0.0027885176241397858
350,0.0027699426282197237,5.459694875753485e-05,3.9426331568392925e-06,10859,
350,0.0023499128874391317,5.2048813813598827e-05,3.858826403302373e-06,10869,
350,0.0024900115095078945,4.8691959818825126e-05,3.875574748235522e-06,10879,
350,,,,10880,0.002681882120668888
351,0.0024176472797989845,5.210397648625076e-05,3.7725283164036227e-06,10889,
351,0.002489370061084628,5.245107604423538e-05,3.915278739441419e-06,10899,
351,0.0021765639539808035,5.086695455247536e-05,3.8508715078933164e-06,10909,
351,,,,10911,0.0024850210174918175
352,0.002401591744273901,5.160936780157499e-05,3.870846285281004e-06,10919,
352,0.002110913163051009,4.9039186706067994e-05,3.954411567974603e-06,10929,
352,0.0023646766785532236,4.971334055881016e-05,3.866510724037653e-06,10939,
352,,,,10942,0.0025238192174583673
353,0.002212272258475423,5.374782995204441e-05,3.880305030179443e-06,10949,
353,0.0023360096383839846,5.235362550592981e-05,3.912768534064526e-06,10959,
353,0.002529153600335121,5.122273796587251e-05,3.877989456668729e-06,10969,
353,,,,10973,0.0027294696774333715
354,0.0025367389898747206,5.171853263163939e-05,3.7996853734512115e-06,10979,
354,0.0025687250308692455,5.597934432444163e-05,4.098104454897111e-06,10989,
354,0.002281460678204894,5.019362652092241e-05,3.908187863999046e-06,10999,
354,,,,11004,0.0025536546017974615
355,0.0026233228854835033,4.942506711813621e-05,3.754689259949373e-06,11009,
355,0.0023428008425980806,5.0115097110392526e-05,3.904897312168032e-06,11019,
355,0.0024341794196516275,4.964318941347301e-05,4.015415470348671e-06,11029,
355,,,,11035,0.0027244717348366976
356,0.002688013017177582,5.2391598728718236e-05,3.888104401994497e-06,11039,
356,0.0025062942877411842,5.612666791421361e-05,3.988577191194054e-06,11049,
356,0.002461288822814822,5.725983646698296e-05,3.987523996329401e-06,11059,
356,,,,11066,0.0028452654369175434
357,0.0028368195053189993,4.922803054796532e-05,3.962738446716685e-06,11069,
357,0.0024078390561044216,5.4429692681878805e-05,3.959436071454547e-06,11079,
357,0.0023651467636227608,4.9931764806387946e-05,3.860731794702588e-06,11089,
357,,,,11097,0.0024601754266768694
358,0.0023392075672745705,4.9185753596248105e-05,3.647877065304783e-06,11099,
358,0.002355356700718403,4.8081532440846786e-05,3.84413760912139e-06,11109,
358,0.0022572434972971678,4.77582034363877e-05,3.843390004476532e-06,11119,
358,,,,11128,0.003123434027656913
359,0.0031947612296789885,5.513132782652974e-05,3.820874553639442e-06,11129,
359,0.002244266914203763,7.353869295911863e-05,3.728204092112719e-06,11139,
359,0.0023093565832823515,5.7852008467307314e-05,3.91741832572734e-06,11149,
359,0.0005898707895539701,4.7065062972251326e-05,2.01804351007695e-08,11159,
359,,,,11159,0.002708463231101632
360,0.0027953858952969313,5.715706720366143e-05,3.853948328469414e-06,11169,
360,0.0023139682598412037,5.058214446762577e-05,3.791570634348318e-06,11179,
360,0.002388409338891506,4.8415826313430443e-05,3.818915956799174e-06,11189,
360,,,,11190,0.0027197315357625484
361,0.002365522086620331,5.076362504041754e-05,3.7601903386530466e-06,11199,
361,0.0023681041784584522,5.189298099139705e-05,3.875474703818327e-06,11209,
361,0.0020863160025328398,4.972164970240556e-05,3.781596660701325e-06,11219,
361,,,,11221,0.0023553313221782446
362,0.0023271567188203335,5.1252118282718584e-05,3.842174464807613e-06,11229,
362,0.0020829476416110992,4.907544280285947e-05,3.897259830409894e-06,11239,
362,0.002315859543159604,4.981352321919985e-05,3.834863946394762e-06,11249,
362,,,,11252,0.0024702618829905987
363,0.002133921952918172,5.33385100425221e-05,3.851521341857733e-06,11259,
363,0.0022938097827136517,5.133359809406102e-05,3.886246759066125e-06,11269,
363,0.002517507178708911,5.065675941295922e-05,3.855516752082622e-06,11279,
363,,,,11283,0.0026063311379402876
364,0.002374727977439761,5.1544364396249875e-05,3.718519792528241e-06,11289,
364,0.0023643483873456717,5.6177716032834724e-05,4.010366410511779e-06,11299,
364,0.002241612644866109,5.062096897745505e-05,3.81837526219897e-06,11309,
364,,,,11314,0.002461001044139266
365,0.002367558190599084,5.027400402468629e-05,3.7520305795624154e-06,11319,
365,0.002229454927146435,5.0888131227111444e-05,3.8621219573542476e-06,11329,
365,0.002407863736152649,5.062788477516733e-05,3.988971457147272e-06,11339,
365,,,,11345,0.0024463667068630457
366,0.0023794807493686676,5.244233398116194e-05,3.8940806916798465e-06,11349,
366,0.002392698312178254,5.227652218309231e-05,3.839564669760875e-06,11359,
366,0.0024458698462694883,5.4763146181358024e-05,3.856815965264104e-06,11369,
366,,,,11376,0.0025420987512916327
367,0.0026240034494549036,4.999723387300037e-05,3.904980985680595e-06,11379,
367,0.0026191084180027246,5.43595633644145e-05,3.9236797420016956e-06,11389,
367,0.002468462334945798,4.9843376473290846e-05,3.898851446137996e-06,11399,
367,,,,11407,0.0027140690945088863
368,0.0028404102195054293,5.63293942832388e-05,3.5799505440081703e-06,11409,
368,0.0023856102488934994,5.067424717708491e-05,3.7957595395710086e-06,11419,
368,0.0022868444211781025,4.722902303910814e-05,3.81166796614707e-06,11429,
368,,,,11438,0.002481970004737377
369,0.002593327546492219,5.1107752369716763e-05,3.822937742370414e-06,11439,
369,0.0021784852724522352,5.096828317618929e-05,3.7107724892848637e-06,11449,
369,0.002114867093041539,5.1057151722488925e-05,3.85609064323944e-06,11459,
369,0.0005365984397940338,4.335547419032082e-05,1.991090670117046e-08,11469,
369,,,,11469,0.0023196712136268616
370,0.002290358766913414,5.047557715442963e-05,3.88295575248776e-06,11479,
370,0.0024453112855553627,5.007263462175615e-05,3.7178142520133406e-06,11489,
370,0.0023262323811650276,4.7112684114836156e-05,3.7402794532681582e-06,11499,
370,,,,11500,0.002345736138522625
371,0.002310569165274501,4.838456879951991e-05,3.6589635783457197e-06,11509,
371,0.002336817793548107,4.85012678836938e-05,3.690583980642259e-06,11519,
371,0.002516926033422351,5.291635898174718e-05,3.832189122476848e-06,11529,
371,,,,11531,0.0029889813158661127
372,0.00238269055262208,6.068164293537848e-05,3.831707090284908e-06,11539,
372,0.0020550284534692764,5.213280746829696e-05,3.8787161429354455e-06,11549,
372,0.002321775071322918,5.210483868722804e-05,3.799813839577837e-06,11559,
372,,,,11562,0.002485736971721053
373,0.0024439303670078516,5.5883341701701283e-05,3.825766725640278e-06,11569,
373,0.0020991170313209295,5.0538365030661225e-05,3.84019813282066e-06,11579,
373,0.0026038666255772114,5.337324910215102e-05,3.848527285299497e-06,11589,
373,,,,11593,0.003020570147782564
374,0.0024379000533372164,5.8103902119910344e-05,3.675804691738449e-06,11599,
374,0.0023985242005437613,5.740476990467869e-05,3.974516857851995e-06,11609,
374,0.002223902614787221,5.119172783452086e-05,3.781154418902588e-06,11619,
374,,,,11624,0.003389834426343441
375,0.002695454517379403,5.385361146181822e-05,3.6439380437514046e-06,11629,
375,0.0027614510618150234,5.5304473789874464e-05,3.942218882002635e-06,11639,
375,0.002421090379357338,5.2724451961694285e-05,3.905671746906592e-06,11649,
375,,,,11655,0.002408703090623021
376,0.0023611949291080236,5.15221145178657e-05,3.949855454266071e-06,11659,
376,0.0022346379701048136,4.976261334377341e-05,3.865902272082167e-06,11669,
376,0.002217263448983431,5.166316987015307e-05,3.901247964677168e-06,11679,
376,,,,11686,0.0024303544778376818
377,0.002399630146101117,5.153412348590791e-05,3.7509887533815345e-06,11689,
377,0.002289608120918274,5.204995613894425e-05,3.884126726916293e-06,11699,
377,0.0021668255794793367,4.852274651057087e-05,3.803286745096557e-06,11709,
377,,,,11717,0.002363159554079175
378,0.002242695540189743,5.022796176490374e-05,3.6359338082547765e-06,11719,
378,0.0022597378119826317,4.8619371227687225e-05,3.772464879148174e-06,11729,
378,0.002282792469486594,4.791416722582653e-05,3.7080258152855095e-06,11739,
378,,,,11748,0.0024289933498948812
379,0.0025131814181804657,5.019253512728028e-05,3.910219220415456e-06,11749,
379,0.0022350167855620384,4.777722278959118e-05,3.65139453606389e-06,11759,
379,0.002142787678167224,4.853814243688248e-05,3.797744057010277e-06,11769,
379,0.0005819977377541363,4.2557407141430303e-05,1.9433290532333558e-08,11779,
379,,,,11779,0.0025187807623296976
380,0.0022956226021051407,5.4287502280203626e-05,3.868259227601811e-06,11789,
380,0.0022094333544373512,4.9075311835622415e-05,3.76333923668426e-06,11799,
380,0.002236084546893835,4.713800080935471e-05,3.7204520140221575e-06,11809,
380,,,,11810,0.002350349212065339
381,0.0023073761258274317,4.858680404140614e-05,3.607704684327473e-06,11819,
381,0.0023518677335232496,5.0210681365570053e-05,3.7494892239919864e-06,11829,
381,0.0020719319581985474,4.8185334890149534e-05,3.7031079500593478e-06,11839,
381,,,,11841,0.0022832402028143406
382,0.002247527940198779,4.850716140936129e-05,3.7854815673199482e-06,11849,
382,0.0020148952025920153,4.779704977408983e-05,3.8176594898686744e-06,11859,
382,0.002272938610985875,4.9471611418994144e-05,3.74236060451949e-06,11869,
382,,,,11872,0.002530311234295368
383,0.002111727138981223,5.606644117506221e-05,3.818730419880012e-06,11879,
383,0.0021036581601947546,5.391239756136201e-05,3.6897863537888043e-06,11889,
383,0.0023788977414369583,5.194764889893122e-05,3.7419210912048584e-06,11899,
383,,,,11903,0.0026970200706273317
384,0.002621262101456523,5.2482351748039946e-05,3.6297512906457996e-06,11909,
384,0.0025146722327917814,5.9741094446508214e-05,4.055482349940576e-06,11919,
384,0.0021692365407943726,5.027384031563997e-05,3.773596063183504e-06,11929,
384,,,,11934,0.0027639560867100954
385,0.002431328408420086,5.249839159660041e-05,3.6534345326799667e-06,11939,
385,0.0022534243762493134,5.174550460651517e-05,3.760367462746217e-06,11949,
385,0.0023384701926261187,4.990755769540556e-05,3.8079485875641694e-06,11959,
385,,,,11965,0.002368442015722394
386,0.002338463207706809,5.125476309331134e-05,3.835429197351914e-06,11969,
386,0.0022988205309957266,5.349357888917439e-05,3.771167030208744e-06,11979,
386,0.002187415724620223,5.5299769883276895e-05,3.834199105767766e-06,11989,
386,,,,11996,0.002404851373285055
387,0.0026707255747169256,4.964132676832378e-05,3.847349944408052e-06,11999,
387,0.002400518162176013,4.975813862984069e-05,3.883055796904955e-06,12009,
387,0.0023416352923959494,4.7389097744598985e-05,3.807651410170365e-06,12019,
387,,,,12027,0.0022407497745007277
388,0.0020918245427310467,5.094323569210246e-05,3.5464643133309437e-06,12029,
388,0.0021738377399742603,4.777793219545856e-05,3.679848077808856e-06,12039,
388,0.0022538513876497746,4.632421405403875e-05,3.7097736367286416e-06,12049,
388,,,,12058,0.002272087149322033
389,0.002359884325414896,5.0768932851497084e-05,3.825756266451208e-06,12059,
389,0.0021065317559987307,5.3690873755840585e-05,3.6209569316270063e-06,12069,
389,0.002120599150657654,4.776064815814607e-05,3.8085945561761037e-06,12079,
389,0.0005379116046242416,4.536381675279699e-05,1.899578983000083e-08,12089,
389,,,,12089,0.0024803776759654284
390,0.002406637417152524,5.4177111451281235e-05,3.7723568766523385e-06,12099,
390,0.0023759612813591957,5.0389156967867166e-05,3.6790222566196462e-06,12109,
390,0.002215872285887599,4.777339563588612e-05,3.69520648746402e-06,12119,
390,,,,12120,0.0027691677678376436
391,0.002286540111526847,4.898898987448774e-05,3.652018449429306e-06,12129,
391,0.0022628663573414087,5.010868335375562e-05,3.781426357818418e-06,12139,
391,0.0019720573909580708,4.9877278797794133e-05,3.625866156653501e-06,12149,
391,,,,12151,0.0022045925725251436
392,0.0021982863545417786,4.945955515722744e-05,3.7609556784445886e-06,12159,
392,0.0020514207426458597,4.9167745601153e-05,3.7724475987488404e-06,12169,
392,0.0021288192365318537,4.9555907025933266e-05,3.7622637591994135e-06,12179,
392,,,,12182,0.002229307545349002
393,0.001994587015360594,5.155883263796568e-05,3.7362865441536997e-06,12189,
393,0.0020803597290068865,4.685562817030586e-05,3.7594670629914617e-06,12199,
393,0.00230891234241426,4.864692164119333e-05,3.7076636090205284e-06,12209,
393,,,,12213,0.0022232322953641415
394,0.0023995169904083014,4.8069661715999246e-05,3.474880713838502e-06,12219,
394,0.002521926537156105,5.440913446363993e-05,3.951504368160386e-06,12229,
394,0.0024069815408438444,5.5032491218298674e-05,3.691011670525768e-06,12239,
394,,,,12244,0.002459239447489381
395,0.0023526151198893785,5.2351359045132995e-05,3.602966671678587e-06,12249,
395,0.002097837859764695,5.13139930262696e-05,3.7003032957727555e-06,12259,
395,0.002464941004291177,5.090470222057775e-05,3.917346930393251e-06,12269,
395,,,,12275,0.0028349501080811024
396,0.0035009898710995913,6.069872688385658e-05,3.6588573948392877e-06,12279,
396,0.0024268808774650097,6.808219040976837e-05,3.825498424703255e-06,12289,
396,0.0022510967683047056,5.459149906528182e-05,3.919935352314496e-06,12299,
396,,,,12306,0.0022435698192566633
397,0.0022226213477551937,5.4326694225892425e-05,3.73629450223234e-06,12309,
397,0.002170611172914505,4.8736968892626464e-05,3.8044468055886682e-06,12319,
397,0.0020077268127352,4.91687205794733e-05,3.673975243145833e-06,12329,
397,,,,12337,0.002198555041104555
398,0.0021045932080596685,4.842147609451786e-05,3.5302984997542808e-06,12339,
398,0.0022386640775948763,4.744507896248251e-05,3.7238494314806303e-06,12349,
398,0.0021113615948706865,4.684323721448891e-05,3.641391231212765e-06,12359,
398,,,,12368,0.0022352891974151134
399,0.002311834366992116,5.134293678565882e-05,3.7904885630268836e-06,12369,
399,0.0022744769230484962,4.716384501080029e-05,3.500914544929401e-06,12379,
399,0.0020274105481803417,4.953085590386763e-05,3.6776398246729514e-06,12389,
399,0.000508870929479599,4.247768083587289e-05,1.8942825974477273e-08,12399,
399,,,,12399,0.0021684106905013323
400,0.0022404121700674295,4.891763819614425e-05,3.8217567635001615e-06,12409,
400,0.0022322016302496195,5.068914106232114e-05,3.605593292377307e-06,12419,
400,0.002122625010088086,4.7263656597351655e-05,3.590923370211385e-06,12429,
400,,,,12430,0.002212725579738617
401,0.002084174891933799,4.664476364268921e-05,3.5594312066677958e-06,12439,
401,0.0020572543144226074,4.7444125812035054e-05,3.655573436844861e-06,12449,
401,0.002171621425077319,4.650497794500552e-05,3.6518199522106443e-06,12459,
401,,,,12461,0.0038189312908798456
402,0.004473181441426277,5.3857318562222645e-05,3.5234586448495975e-06,12469,
402,0.002876478713005781,6.513822881970555e-05,3.793739551838371e-06,12479,
402,0.003722068155184388,5.812458766740747e-05,3.687878916025511e-06,12489,
402,,,,12492,0.004758348222821951
403,0.003351666731759906,8.26664108899422e-05,3.7708102809119737e-06,12499,
403,0.002178194234147668,6.0718048189301044e-05,3.814307319771615e-06,12509,
403,0.00247844192199409,5.615203554043546e-05,3.8126654544612393e-06,12519,
403,,,,12523,0.0023847126867622137
404,0.0025351291988044977,4.811194594367407e-05,3.714531885634642e-06,12529,
404,0.002466409234330058,5.584951213677414e-05,4.049312337883748e-06,12539,
404,0.0020859558135271072,5.089219121146016e-05,3.798161969825742e-06,12549,
404,,,,12554,0.002677313983440399
405,0.0028269016183912754,5.164375397725962e-05,3.735201289600809e-06,12559,
405,0.0021464989986270666,5.078420144855045e-05,3.851241672236938e-06,12569,
405,0.002270908560603857,5.1758404879365116e-05,3.931006631319178e-06,12579,
405,,,,12585,0.0023478714283555746
406,0.0024059175048023462,4.815603097085841e-05,3.8791490624134894e-06,12589,
406,0.002131873043254018,5.055057044955902e-05,3.8717271308996715e-06,12599,
406,0.002160120289772749,5.0908682169392705e-05,3.8660878090013284e-06,12609,
406,,,,12616,0.002190454863011837
407,0.002228671684861183,4.8122761654667556e-05,3.766461759369122e-06,12619,
407,0.002151938620954752,4.748086939798668e-05,3.8236912587308325e-06,12629,
407,0.0019955087918788195,4.838730092160404e-05,3.7101922316651326e-06,12639,
407,,,,12647,0.002171783708035946
408,0.002038148697465658,4.91734899696894e-05,3.5506927815731615e-06,12649,
408,0.0021112309768795967,4.7147124860202894e-05,3.710675628099125e-06,12659,
408,0.002063911408185959,4.7249061026377603e-05,3.6741714666277403e-06,12669,
408,,,,12678,0.0021591149270534515
409,0.0022425286006182432,5.1049119065282866e-05,3.775175400733133e-06,12679,
409,0.0019704941660165787,4.774995977641083e-05,3.5928210309066344e-06,12689,
409,0.0019080444471910596,4.849259494221769e-05,3.7415948099805973e-06,12699,
409,0.0004909282433800399,4.236281165503897e-05,1.893806889086136e-08,12709,
409,,,,12709,0.0021540906745940447
410,0.0021095157135277987,4.999587690690532e-05,3.780519364227075e-06,12719,
410,0.002053689444437623,4.974861440132372e-05,3.66959534403577e-06,12729,
410,0.0020772216375917196,4.725477992906235e-05,3.6130913940723985e-06,12739,
410,,,,12740,0.002120185876265168
411,0.0020354355219751596,4.6543776988983154e-05,3.5675079743668903e-06,12749,
411,0.002036686986684799,4.7782941692275926e-05,3.6376061416376615e-06,12759,
411,0.00186455762013793,4.806413926417008e-05,3.5762466268352e-06,12769,
411,,,,12771,0.0021714612375944853
412,0.002170493360608816,4.8933547077467665e-05,3.7305046589608537e-06,12779,
412,0.0018536945572122931,4.905702735413797e-05,3.7718500607297756e-06,12789,
412,0.002083757659420371,4.9156620661960915e-05,3.7275990507623646e-06,12799,
412,,,,12802,0.0022339122369885445
413,0.0020013158209621906,5.3191412007436156e-05,3.6687783904199023e-06,12809,
413,0.0018793584313243628,4.88246587337926e-05,3.6613519114325754e-06,12819,
413,0.002241254085674882,4.846491719945334e-05,3.6589660794561496e-06,12829,
413,,,,12833,0.002204214222729206
414,0.0021000525448471308,4.701074431068264e-05,3.5032066989515442e-06,12839,
414,0.0021975398994982243,5.24826864420902e-05,3.837246822513407e-06,12849,
414,0.002001771004870534,4.926504334434867e-05,3.6619778711610707e-06,12859,
414,,,,12864,0.0021308206487447023
415,0.002149901119992137,4.854230064665899e-05,3.6141163946012966e-06,12869,
415,0.0020029607694596052,4.8718418838689104e-05,3.6992794321122346e-06,12879,
415,0.002051387680694461,5.187132774153724e-05,3.77888295588491e-06,12889,
415,,,,12895,0.0022978836204856634
416,0.002204442862421274,4.932983938488178e-05,3.8102923554106383e-06,12899,
416,0.0020212738309055567,5.0400540203554556e-05,3.7156519283598755e-06,12909,
416,0.002055842662230134,5.163464811630547e-05,3.719478627317585e-06,12919,
416,,,,12926,0.002096130745485425
417,0.0023013981990516186,4.747101047541946e-05,3.7118245472811395e-06,12929,
417,0.0022011250257492065,5.063292337581515e-05,3.6900803479511524e-06,12939,
417,0.0020083209965378046,5.069593316875398e-05,3.6082262795389397e-06,12949,
417,,,,12957,0.002344068605452776
418,0.0023828395642340183,5.145043178345077e-05,3.3827407150965882e-06,12959,
418,0.0022954761516302824,5.397296627052128e-05,3.5993002711620647e-06,12969,
418,0.0021198962349444628,4.834391802432947e-05,3.5924315398006e-06,12979,
418,,,,12988,0.0025270942132920027
419,0.0026029860600829124,4.992665708414279e-05,3.834998551610624e-06,12989,
419,0.0023619425483047962,4.989451917936094e-05,3.634906079241773e-06,12999,
419,0.0020621255971491337,4.830100806429982e-05,3.736588951142039e-06,13009,
419,0.0006620620843023062,4.3366126192267984e-05,1.8840999871372333e-08,13019,
419,,,,13019,0.0025558744091540575
420,0.002074384829029441,5.2017643611179665e-05,3.757347940336331e-06,13029,
420,0.0020267150830477476,4.94666637678165e-05,3.6155875022814143e-06,13039,
420,0.002020100364461541,4.7358586016343907e-05,3.569391083146911e-06,13049,
420,,,,13050,0.0021962893661111593
421,0.0020724970381706953,4.551993333734572e-05,3.493888016237179e-06,13059,
421,0.002099517500028014,4.6834673412377015e-05,3.5923198993259575e-06,13069,
421,0.0019055656157433987,4.592908953782171e-05,3.5146099435223732e-06,13079,
421,,,,13081,0.002327357418835163
422,0.002265153918415308,4.6788678446318954e-05,3.727938747033477e-06,13089,
422,0.0018860233249142766,4.958271892974153e-05,3.7426470953505486e-06,13099,
422,0.002157040871679783,4.902225555269979e-05,3.716240144058247e-06,13109,
422,,,,13112,0.002248459728434682
423,0.001925503253005445,5.160804357728921e-05,3.6367828215588816e-06,13119,
423,0.0018601526971906424,4.912037547910586e-05,3.652253326436039e-06,13129,
423,0.002219095127657056,4.894586163572967e-05,3.644096295829513e-06,13139,
423,,,,13143,0.002096510026603937
424,0.002033883472904563,4.8335678002331406e-05,3.421527708269423e-06,13149,
424,0.002151527674868703,5.218237129156478e-05,3.784230329983984e-06,13159,
424,0.0019269977929070592,4.861308116232976e-05,3.663027655420592e-06,13169,
424,,,,13174,0.0022886209189891815
425,0.002093333750963211,4.930832074023783e-05,3.5224054499849444e-06,13179,
425,0.0019065995002165437,4.8913458158494905e-05,3.6276583159633446e-06,13189,
425,0.002036613179370761,5.0163245759904385e-05,3.7486386190721532e-06,13199,
425,,,,13205,0.002153692301362753
426,0.0020319398026913404,4.7735473344800994e-05,3.731350716407178e-06,13209,
426,0.001993646379560232,4.93289262522012e-05,3.6786836972169112e-06,13219,
426,0.0020740230102092028,5.0568825827213004e-05,3.747478103832691e-06,13229,
426,,,,13236,0.0020581369753926992
427,0.0025050025433301926,4.705351238953881e-05,3.7167810660321265e-06,13239,
427,0.0023706865031272173,5.900955875404179e-05,3.6728179111378267e-06,13249,
427,0.0019057762110605836,5.035388676333241e-05,3.5781763472186867e-06,13259,
427,,,,13267,0.00220402330160141
428,0.0024969736114144325,5.216343197389506e-05,3.3289632028754568e-06,13269,
428,0.0024288033600896597,5.795879042125307e-05,3.488924448902253e-06,13279,
428,0.0021371447946876287,4.6643512177979574e-05,3.521601911415928e-06,13289,
428,,,,13298,0.0021556024439632893
429,0.002229089615866542,5.4335698223439977e-05,3.732365939868032e-06,13299,
429,0.002166565740481019,4.7652250941609964e-05,3.5712030239665182e-06,13309,
429,0.0018945327028632164,4.680950223701075e-05,3.6726275993714808e-06,13319,
429,0.00044577152584679425,4.2897288949461654e-05,1.8247853006414516e-08,13329,
429,,,,13329,0.0022632505279034376
430,0.0023719952441751957,4.908547271043062e-05,3.6185613225825364e-06,13339,
430,0.0020020403899252415,4.906882531940937e-05,3.53272207576083e-06,13349,
430,0.001985574373975396,4.7479214117629454e-05,3.545637582647032e-06,13359,
430,,,,13360,0.002929704962298274
431,0.00280168978497386,4.8350815632147714e-05,3.6493838706519455e-06,13369,
431,0.002051254501566291,5.250451067695394e-05,3.5625803320726845e-06,13379,
431,0.0018725147238001227,5.1379007345531136e-05,3.5868226859747665e-06,13389,
431,,,,13391,0.002449978841468692
432,0.002123219193890691,5.4972322686808184e-05,3.631391564340447e-06,13399,
432,0.0018580051837489009,5.037522714701481e-05,3.7077199976920383e-06,13409,
432,0.0019897716119885445,5.2212384616723284e-05,3.6497649489319883e-06,13419,
432,,,,13422,0.002058632904663682
433,0.0018100568559020758,5.412963218986988e-05,3.638519956439268e-06,13429,
433,0.0018193807918578386,4.745639307657257e-05,3.5936450331064407e-06,13439,
433,0.002099927281960845,4.725030521512963e-05,3.573710955606657e-06,13449,
433,,,,13453,0.002082492457702756
434,0.002090477617457509,4.7870144044281915e-05,3.3885155517054955e-06,13459,
434,0.0020418919157236814,5.127586700837128e-05,3.8005318856448866e-06,13469,
434,0.0018750174203887582,4.866755989496596e-05,3.6165827168588294e-06,13479,
434,,,,13484,0.002042685868218541
435,0.002137680072337389,4.851285120821558e-05,3.556367801138549e-06,13489,
435,0.001909920945763588,4.8281766794389114e-05,3.57909630110953e-06,13499,
435,0.002149895066395402,4.9662496167002246e-05,3.758936827580328e-06,13509,
435,,,,13515,0.002130978973582387
436,0.002568395808339119,4.955117401550524e-05,3.5959851629741024e-06,13519,
436,0.001974003855139017,5.787265399703756e-05,3.666951897685067e-06,13529,
436,0.0019598703365772963,5.30101424374152e-05,3.687403477670159e-06,13539,
436,,,,13546,0.0020910853054374456
437,0.0023288405500352383,4.957584314979613e-05,3.6601259125745855e-06,13549,
437,0.0021125355269759893,5.083072028355673e-05,3.6645838008553255e-06,13559,
437,0.0019441957119852304,4.894811354461126e-05,3.578956693672808e-06,13569,
437,,,,13577,0.002205722965300083
438,0.002322930609807372,5.311150016495958e-05,3.304299298179103e-06,13579,
438,0.002182819414883852,5.3541189117822796e-05,3.507461769913789e-06,13589,
438,0.001880830735899508,4.8452475311933085e-05,3.543488674040418e-06,13599,
438,,,,13608,0.002486645709723234
439,0.002549543511122465,5.092697756481357e-05,3.7486577184608905e-06,13609,
439,0.0020353326108306646,4.81386341562029e-05,3.461752839939436e-06,13619,
439,0.001856075949035585,4.989226727047935e-05,3.618314849518356e-06,13629,
439,0.0004853520367760211,4.2664269130909815e-05,1.7773439608959052e-08,13639,
439,,,,13639,0.0021936672274023294
440,0.002179589821025729,4.8703794163884595e-05,3.6923627249052515e-06,13649,
440,0.002121961209923029,4.9186142859980464e-05,3.5442910757410573e-06,13659,
440,0.001956191146746278,4.6885059418855235e-05,3.507132532831747e-06,13669,
440,,,,13670,0.00209647580049932
441,0.0019751533400267363,4.5016313379164785e-05,3.4319775750191184e-06,13679,
441,0.001973793376237154,4.684404848376289e-05,3.5875941648555454e-06,13689,
441,0.0017639780417084694,4.8272446292685345e-05,3.4912957289634505e-06,13699,
441,,,,13701,0.0022398908622562885
442,0.001963263377547264,4.975025149178691e-05,3.5518453387339832e-06,13709,
442,0.001767403562553227,4.845867442782037e-05,3.6711603570438456e-06,13719,
442,0.001978676998987794,5.088475518277846e-05,3.578408268367639e-06,13729,
442,,,,13732,0.0021153015550225973
443,0.0018128214869648218,5.2025898185092956e-05,3.5740440580411814e-06,13739,
443,0.0017708615632727742,4.7634901420678943e-05,3.503516836644849e-06,13749,
443,0.002116827294230461,4.779867231263779e-05,3.556393494363874e-06,13759,
443,,,,13763,0.0020478807855397463
444,0.0019299659179523587,4.7208781325025484e-05,3.3567071113793645e-06,13769,
444,0.002021170686930418,5.004299964639358e-05,3.748689778149128e-06,13779,
444,0.0018516191048547626,4.642394560505636e-05,3.5505911455402384e-06,13789,
444,,,,13794,0.002036147518083453
445,0.0020638115238398314,4.7299934522015974e-05,3.4752436022245092e-06,13799,
445,0.0019915709272027016,5.021297329221852e-05,3.5865082281816285e-06,13809,
445,0.001998329069465399,5.02621078339871e-05,3.62746345672349e-06,13819,
445,,,,13825,0.002013199729844928
446,0.001981705194339156,4.728533895104192e-05,3.609669420256978e-06,13829,
446,0.001964697614312172,4.926365363644436e-05,3.5873720207746373e-06,13839,
446,0.0019759447313845158,5.0774822739185765e-05,3.6121255106991157e-06,13849,
446,,,,13856,0.0032310911919921637
447,0.004203332122415304,5.002488614991307e-05,3.7622612580889836e-06,13859,
447,0.0022035143338143826,6.840981222921982e-05,3.7028307815489825e-06,13869,
447,0.001995790982618928,6.817798566771671e-05,3.525552983774105e-06,13879,
447,,,,13887,0.002534247236326337
448,0.002908456139266491,6.810960621805862e-05,3.3209789762622677e-06,13889,
448,0.0020079833921045065,5.00479836773593e-05,3.5606267374532763e-06,13899,
448,0.0019217163790017366,4.807508594240062e-05,3.6487524539552396e-06,13909,
448,,,,13918,0.002376933116465807
449,0.0024493993259966373,5.059276008978486e-05,3.7768563743156847e-06,13919,
449,0.0019648505840450525,4.6236906200647354e-05,3.4605764085426927e-06,13929,
449,0.0019039615290239453,4.969965812051669e-05,3.6669794098997954e-06,13939,
449,0.0005383662064559758,4.36756199633237e-05,1.7665566787172793e-08,13949,
449,,,,13949,0.00235168170183897
450,0.0019231592305004597,5.044102363171987e-05,3.6385638395586284e-06,13959,
450,0.0019137819763273,5.002473699278198e-05,3.490353037705063e-06,13969,
450,0.0018983150366693735,4.628665556083433e-05,3.4714300909399753e-06,13979,
450,,,,13980,0.00197580736130476
451,0.0018775173230096698,4.4721600716002285e-05,3.4566767226351658e-06,13989,
451,0.001845210907049477,4.712603913503699e-05,3.538816827131086e-06,13999,
451,0.0017189127393066883,4.727123086922802e-05,3.4589645565574756e-06,14009,
451,,,,14011,0.002041624626144767
452,0.0020156328100711107,4.815122883883305e-05,3.580512611733866e-06,14019,
452,0.0017309354152530432,4.9629859859123826e-05,3.6158344300929457e-06,14029,
452,0.0019230969483032823,4.863954018219374e-05,3.5761022445512936e-06,14039,
452,,,,14042,0.0021285051479935646
453,0.0018526319181546569,5.1963917940156534e-05,3.5188998026569607e-06,14049,
453,0.0017610902432352304,4.893561344943009e-05,3.5415621368883876e-06,14059,
453,0.002079646335914731,4.767917198478244e-05,3.5435207337286556e-06,14069,
453,,,,14073,0.002077026991173625
454,0.0019675518851727247,4.623484710464254e-05,3.3571086532901973e-06,14079,
454,0.0021086502820253372,5.122480433783494e-05,3.7325851280911593e-06,14089,
454,0.001799530116841197,4.70736158604268e-05,3.5699206364370184e-06,14099,
454,,,,14104,0.0019353985553607345
455,0.001957993721589446,4.682289363699965e-05,3.4742834031931125e-06,14109,
455,0.0017907775472849607,4.682089638663456e-05,3.522321094351355e-06,14119,
455,0.0019837559666484594,4.901894135400653e-05,3.6737699247169076e-06,14129,
455,,,,14135,0.0020455943886190653
456,0.002641836879774928,4.8659287131158635e-05,3.5359478260943433e-06,14139,
456,0.001961488975211978,5.3236082749208435e-05,3.5862167351297103e-06,14149,
456,0.0019425039645284414,5.3146679420024157e-05,3.5928558190789772e-06,14159,
456,,,,14166,0.002163254888728261
457,0.00249087973497808,4.8087425966514274e-05,3.6284420730225975e-06,14169,
457,0.0020280706230551004,4.743010867969133e-05,3.6509516121441266e-06,14179,
457,0.001913111307658255,4.6352462959475815e-05,3.5156213016307447e-06,14189,
457,,,,14197,0.00197320687584579
458,0.0018098155269399285,4.965123298461549e-05,3.3284259188803844e-06,14199,
458,0.001909980783239007,4.727503619506024e-05,3.465081135800574e-06,14209,
458,0.0018652076832950115,4.6537046728190035e-05,3.436392717048875e-06,14219,
458,,,,14228,0.001953190891072154
459,0.002015668898820877,4.941174483974464e-05,3.599715000746073e-06,14229,
459,0.0017781461356207728,4.692030051955953e-05,3.3596777484490303e-06,14239,
459,0.0017853454919531941,4.7472509322687984e-05,3.459463414401398e-06,14249,
459,0.0005567354965023696,4.3184318201383576e-05,1.7438662069935162e-08,14259,
459,,,,14259,0.00216417177580297
460,0.0018640849739313126,5.170757867745124e-05,3.5929940622736467e-06,14269,
460,0.00186636031139642,4.745893238577992e-05,3.4420911561028333e-06,14279,
460,0.001867213868536055,4.432460991665721e-05,3.384922365512466e-06,14289,
460,,,,14290,0.0019502193899825215
461,0.0020722171757370234,4.529683428700082e-05,3.312584567538579e-06,14299,
461,0.0018862341530621052,4.735681432066485e-05,3.4134063753299415e-06,14309,
461,0.001734328456223011,4.618152161128819e-05,3.4000497635133797e-06,14319,
461,,,,14321,0.0023730730172246695
462,0.0022965525276958942,5.3281251894077286e-05,3.5730133731703972e-06,14329,
462,0.0017195901600643992,4.749573417939246e-05,3.630563014667132e-06,14339,
462,0.0019606936257332563,4.8604273615637794e-05,3.5436632970231585e-06,14349,
462,,,,14352,0.001986445626243949
463,0.0018157711019739509,5.3171424951869994e-05,3.4952108762809075e-06,14359,
463,0.001712716999463737,4.788898513652384e-05,3.4594122553244233e-06,14369,
463,0.0020648024510592222,4.6649063733639196e-05,3.472436446827487e-06,14379,
463,,,,14383,0.0019294533412903547
464,0.0018504130421206355,4.654917211155407e-05,3.2935656690824544e-06,14389,
464,0.001996168866753578,4.861604611505754e-05,3.6824742437602254e-06,14399,
464,0.0018329886952415109,4.919784259982407e-05,3.535691121214768e-06,14409,
464,,,,14414,0.002198119182139635
465,0.001983431400731206,5.39835418749135e-05,3.398488843231462e-06,14419,
465,0.0020674443803727627,5.4231186368269846e-05,3.5037476209254237e-06,14429,
465,0.0018892341759055853,4.795195491169579e-05,3.623552629505866e-06,14439,
465,,,,14445,0.002448479412123561
466,0.003487571142613888,5.3843483328819275e-05,3.472174284979701e-06,14449,
466,0.002524744952097535,5.5777152738301083e-05,3.802743549385923e-06,14459,
466,0.0018397520761936903,4.869292752118781e-05,3.6291576179792173e-06,14469,
466,,,,14476,0.0021725171245634556
467,0.002162053482607007,4.652171264751814e-05,3.552556790964445e-06,14479,
467,0.0019223290728405118,4.524513497017324e-05,3.55757629222353e-06,14489,
467,0.0017193487146869302,4.487668047659099e-05,3.4103929920092924e-06,14499,
467,,,,14507,0.0019595103804022074
468,0.0018360759131610394,4.702377555076964e-05,3.338026317578624e-06,14509,
468,0.0018527779029682279,4.5961594878463075e-05,3.4415766094753053e-06,14519,
468,0.0017620581202208996,4.490206629270688e-05,3.4391216559015447e-06,14529,
468,,,,14538,0.0018975180573761463
469,0.001954695675522089,4.895150414085947e-05,3.5674722766998457e-06,14539,
469,0.0017734922003000975,4.576648279908113e-05,3.3211188110726653e-06,14549,
469,0.0016889572143554688,4.5684570068260655e-05,3.4742886327876477e-06,14559,
469,0.0004216312663629651,4.119809818803333e-05,1.7233082516554532e-08,14569,
469,,,,14569,0.0018922236049547791
470,0.0018210930284112692,4.775781053467654e-05,3.556872570698033e-06,14579,
470,0.0018059234134852886,4.605695357895456e-05,3.404049721211777e-06,14589,
470,0.001960206776857376,4.653563519241288e-05,3.311581622256199e-06,14599,
470,,,,14600,0.0019416181603446603
471,0.001838947064243257,4.626546797226183e-05,3.3497369713586522e-06,14609,
471,0.0020056979265064,4.7712041123304516e-05,3.3502856240374967e-06,14619,
471,0.0018552036490291357,5.5885979236336425e-05,3.4176935059804237e-06,14629,
471,,,,14631,0.0029341222252696753
472,0.002118257572874427,5.3467323596123606e-05,3.489167511361302e-06,14639,
472,0.0016883865464478731,5.627100108540617e-05,3.5633183870231733e-06,14649,
472,0.0018722342792898417,5.2604602387873456e-05,3.4908648558484856e-06,14659,
472,,,,14662,0.0021266264375299215
473,0.0020032196771353483,5.35062063136138e-05,3.436552788116387e-06,14669,
473,0.001776578719727695,4.693890150520019e-05,3.408574229979422e-06,14679,
473,0.0019699842669069767,4.820565300178714e-05,3.4333770599914715e-06,14689,
473,,,,14693,0.001993544166907668
474,0.0018297818023711443,4.729441207018681e-05,3.2746636406955076e-06,14699,
474,0.0018836383242160082,4.8796460760058835e-05,3.6642497889260994e-06,14709,
474,0.0017357711913064122,4.5774522732244805e-05,3.491174311420764e-06,14719,
474,,,,14724,0.0018838514806702733
475,0.002149377716705203,4.572786929202266e-05,3.472534444881603e-06,14729,
475,0.0017408337444067001,4.730897126137279e-05,3.4965903523698216e-06,14739,
475,0.0018076358828693628,4.858457396039739e-05,3.568635293049738e-06,14749,
475,,,,14755,0.0019008932868018746
476,0.0022938952315598726,4.741612065117806e-05,3.473405513432226e-06,14759,
476,0.0017934602219611406,4.9561360356165096e-05,3.5417251638136804e-06,14769,
476,0.0017797912005335093,5.0740149163175374e-05,3.548668701114366e-06,14779,
476,,,,14786,0.001901000621728599
477,0.0023144760634750128,4.559143781079911e-05,3.5430596199148567e-06,14789,
477,0.0018497196724638343,4.738632924272679e-05,3.528126171659096e-06,14799,
477,0.001672770595178008,4.7603938583051786e-05,3.352895873831585e-06,14809,
477,,,,14817,0.0019533943850547075
478,0.001825331011787057,4.705379978986457e-05,3.2461962291563395e-06,14819,
478,0.0018947655335068703,4.5732667786069214e-05,3.432798166613793e-06,14829,
478,0.0017460616072639823,4.656649616663344e-05,3.364702934050001e-06,14839,
478,,,,14848,0.0024056292604655027
479,0.0024512738455086946,4.946225817548111e-05,3.633000687841559e-06,14849,
479,0.002381725236773491,5.500841871253215e-05,3.261852498326334e-06,14859,
479,0.0017611102666705847,5.248881643638015e-05,3.5267150906292954e-06,14869,
479,0.0007644721772521734,4.4213473302079365e-05,1.7689611553350915e-08,14879,
479,,,,14879,0.002318435348570347
480,0.001967950724065304,4.983740655006841e-05,3.6147380342299584e-06,14889,
480,0.0020789820700883865,5.12568985868711e-05,3.3619867281231564e-06,14899,
480,0.0018598464084789157,4.562180765788071e-05,3.4299728213227354e-06,14909,
480,,,,14910,0.0018749833106994629
481,0.0018284083344042301,4.3488336814334616e-05,3.4011100069619715e-06,14919,
481,0.0017267047660425305,4.667404209612869e-05,3.4442407468304737e-06,14929,
481,0.0016275601228699088,4.651729977922514e-05,3.3683054425637238e-06,14939,
481,,,,14941,0.002265931572765112
482,0.0022296977695077658,4.798853115062229e-05,3.4959386994160013e-06,14949,
482,0.0016857873415574431,4.826121585210785e-05,3.6122014535067137e-06,14959,
482,0.0018317834474146366,4.772987813339569e-05,3.5240050237916876e-06,14969,
482,,,,14972,0.0019063991494476795
483,0.001642512041144073,4.8709611291997135e-05,3.4623358260432724e-06,14979,
483,0.0016360966255888343,4.525238909991458e-05,3.459810159256449e-06,14989,
483,0.0018908734200522304,4.525343683781102e-05,3.4288725601072656e-06,14999,
483,,,,15003,0.0018931139493361115
484,0.001859967247582972,4.57269161415752e-05,3.238134240746149e-06,15009,
484,0.0019292227225378156,4.911689393338747e-05,3.6377534797793487e-06,15019,
484,0.0017024189000949264,4.515553155215457e-05,3.4735776353045367e-06,15029,
484,,,,15034,0.0020179394632577896
485,0.0021711213048547506,4.6731835027458146e-05,3.4176605367974844e-06,15039,
485,0.0018150771502405405,4.850387267651968e-05,3.4716845220827963e-06,15049,
485,0.001795899705030024,4.707351763499901e-05,3.5670177567226347e-06,15059,
485,,,,15065,0.0020990788470953703
486,0.002225905191153288,4.6337238018168136e-05,3.4774059258779744e-06,15069,
486,0.001832665060646832,4.904111847281456e-05,3.53562813870667e-06,15079,
486,0.001829109969548881,4.909149356535636e-05,3.5171658510080306e-06,15089,
486,,,,15096,0.001864338293671608
487,0.001909076003357768,4.612849807017483e-05,3.468815293672378e-06,15099,
487,0.0018096613930538297,4.4558921217685565e-05,3.5148602819390362e-06,15109,
487,0.0016398903680965304,4.45934128947556e-05,3.3576463920326205e-06,15119,
487,,,,15127,0.001841053832322359
488,0.0016978190978989005,4.554817860480398e-05,3.2608368201181293e-06,15129,
488,0.0018066172488033772,4.5464836148312315e-05,3.3948977034015115e-06,15139,
488,0.0017003179527819157,4.50679290224798e-05,3.3500350582471583e-06,15149,
488,,,,15158,0.001825498417019844
489,0.001876023132354021,4.842074849875644e-05,3.4988397601409815e-06,15159,
489,0.0018261575605720282,4.586384602589533e-05,3.2446778277517296e-06,15169,
489,0.0016593976179137826,4.5212305849418044e-05,3.4440381568856537e-06,15179,
489,0.0003864130121655762,4.2122053855564445e-05,1.6698217919497438e-08,15189,
489,,,,15189,0.001903936150483787
490,0.0019246843876317143,4.691765570896678e-05,3.532659320626408e-06,15199,
490,0.0017404700629413128,4.522343442658894e-05,3.3252445064135827e-06,15209,
490,0.0017376202158629894,4.6303404815262184e-05,3.2963207559078e-06,15219,
490,,,,15220,0.0018934630788862705
491,0.0018338605295866728,4.1990871977759525e-05,3.251862381148385e-06,15229,
491,0.0017542196437716484,4.591943434206769e-05,3.3611152048251824e-06,15239,
491,0.0016552022425457835,4.5765165850752965e-05,3.312409717182163e-06,15249,
491,,,,15251,0.0018589167157188058
492,0.0018153657438233495,4.5593365939566866e-05,3.4193005831184564e-06,15259,
492,0.0016870067920535803,4.643058855435811e-05,3.488939228191157e-06,15269,
492,0.0017687573563307524,4.8408630391350016e-05,3.4342472190473927e-06,15279,
492,,,,15282,0.0018033820670098066
493,0.0016534354072064161,5.023370613344014e-05,3.4246245377289597e-06,15289,
493,0.0015612681163474917,4.441887358552776e-05,3.357095692990697e-06,15299,
493,0.0019061161438003182,4.4508124119602144e-05,3.3972753499256214e-06,15309,
493,,,,15313,0.0019297387916594744
494,0.0020531208720058203,4.797089422936551e-05,3.0968535611464176e-06,15319,
494,0.001962208654731512,5.127431359142065e-05,3.581262717489153e-06,15329,
494,0.0016673047794029117,4.6861616283422336e-05,3.4337506349402247e-06,15339,
494,,,,15344,0.0019037129823118448
495,0.002146480605006218,4.6541761548724025e-05,3.4261911423527636e-06,15349,
495,0.0017162683652713895,4.7738325520185754e-05,3.376022959855618e-06,15359,
495,0.001926882192492485,5.178244464332238e-05,3.5149328141415026e-06,15369,
495,,,,15375,0.0021984886843711138
496,0.0024281959049403667,4.663665822590701e-05,3.4112265439034672e-06,15379,
496,0.001971671124920249,5.1794620958389714e-05,3.6083990835322766e-06,15389,
496,0.001746225985698402,4.9043239414459094e-05,3.5250643577455776e-06,15399,
496,,,,15406,0.0024107214994728565
497,0.001948410295881331,4.468874249141663e-05,3.4551298995211255e-06,15409,
497,0.0018979811575263739,4.761675154441036e-05,3.4429699553584214e-06,15419,
497,0.0017027227440848947,4.376624201540835e-05,3.3707440252328524e-06,15429,
497,,,,15437,0.0017993181245401502
498,0.0016374090919271111,4.661284037865698e-05,3.2373782232753e-06,15439,
498,0.001758580794557929,4.546958371065557e-05,3.3491692192910705e-06,15449,
498,0.0016659608809277415,4.475775858736597e-05,3.323583086967119e-06,15459,
498,,,,15468,0.0018441305728629231
499,0.0018933153478428721,4.7264846216421574e-05,3.4985714592039585e-06,15469,
499,0.001839826232753694,4.573216938297264e-05,3.327255626572878e-06,15479,
499,0.0016642153495922685,4.5774821046506986e-05,3.4162364954681834e-06,15489,
499,0.0005371816805563867,4.026772148790769e-05,1.6418844950294442e-08,15499,
499,,,,15499,0.002687796950340271
500,0.0020937370136380196,4.638320751837455e-05,3.4122583656426286e-06,15509,
500,0.002072703093290329,4.7549136070301756e-05,3.2581253890384687e-06,15519,
500,0.0021424475125968456,4.4571130274562165e-05,3.435579174038139e-06,15529,
500,,,,15530,0.0018351838225498796
501,0.0016927719116210938,4.6114368160488084e-05,3.3050378078769427e-06,15539,
501,0.0016740690916776657,4.587090734275989e-05,3.4047229746647645e-06,15549,
501,0.001578165334649384,4.441726559889503e-05,3.2786306292109657e-06,15559,
501,,,,15561,0.0018703009700402617
502,0.0017233334947377443,4.4589229219127446e-05,3.360984237588127e-06,15569,
502,0.0015912778908386827,4.5715303713222966e-05,3.468624299785006e-06,15579,
502,0.0017462376272305846,4.6419412683462724e-05,3.4407189559715334e-06,15589,
502,,,,15592,0.0017691991524770856
503,0.0015760039677843451,4.695745519711636e-05,3.3789135613915278e-06,15599,
503,0.0015376966912299395,4.4635915401158854e-05,3.3331325539620593e-06,15609,
503,0.0018882796866819263,4.4579825043911114e-05,3.377116172487149e-06,15619,
503,,,,15623,0.0018196877790614963
504,0.0017809736309573054,4.43663120677229e-05,3.2041796202975092e-06,15629,
504,0.0017719650641083717,4.704823004431091e-05,3.5949547054769937e-06,15639,
504,0.0016428235685452819,4.518482819548808e-05,3.3987198548857123e-06,15649,
504,,,,15654,0.0018213600851595402
505,0.001803959021344781,4.3915733840549365e-05,3.2824682421050966e-06,15659,
505,0.0016293153166770935,4.4518492359202355e-05,3.3878575322887627e-06,15669,
505,0.0017733116401359439,4.663810977945104e-05,3.4799606964952545e-06,15679,
505,,,,15685,0.001757607446052134
506,0.002271571196615696,4.572520265355706e-05,3.389218136362615e-06,15689,
506,0.001701929373666644,5.0293601816520095e-05,3.4693382531258976e-06,15699,
506,0.0017497370718047023,4.9512589612277225e-05,3.4570864499983145e-06,15709,
506,,,,15716,0.0022210166789591312
507,0.0033010845072567463,4.453748988453299e-05,3.577718416636344e-06,15719,
507,0.0018240895587950945,5.360887371352874e-05,3.4500701531214872e-06,15729,
507,0.0016875984147191048,4.5641074393643066e-05,3.2678592560841935e-06,15739,
507,,,,15747,0.0022811414673924446
508,0.0019479207694530487,4.729877764475532e-05,3.145774599033757e-06,15749,
508,0.001849134685471654,4.527556666289456e-05,3.3917335713340435e-06,15759,
508,0.0016277229879051447,4.288667696528137e-05,3.357418790983502e-06,15769,
508,,,,15778,0.0017610773211345077
509,0.0018046749755740166,4.649642141885124e-05,3.4481481634429656e-06,15779,
509,0.0016869106329977512,4.548293145489879e-05,3.2178320452658227e-06,15789,
509,0.0015865176683291793,4.498346970649436e-05,3.3951243949559284e-06,15799,
509,0.00037017877912148833,3.987629679613747e-05,1.6461511265219997e-08,15809,
509,,,,15809,0.0017733691493049264
510,0.0017172477673739195,4.4765820348402485e-05,3.4429474453645526e-06,15819,
510,0.0016912840073928237,4.375211210572161e-05,3.2444238513562595e-06,15829,
510,0.0016543709207326174,4.3024214392062277e-05,3.2514165013708407e-06,15839,
510,,,,15840,0.0018927360652014613
511,0.0018062721937894821,4.1877367038978264e-05,3.1920076253300067e-06,15849,
511,0.0016298167174682021,4.327505303081125e-05,3.3034530133591034e-06,15859,
511,0.001547413063235581,4.459943011170253e-05,3.2455841392220464e-06,15869,
511,,,,15871,0.0018105203052982688
512,0.0017159086419269443,4.3639935029204935e-05,3.3547557904967107e-06,15879,
512,0.0015843366272747517,4.388236629893072e-05,3.4395191050862195e-06,15889,
512,0.0016787461936473846,4.566739880829118e-05,3.4025290460704127e-06,15899,
512,,,,15902,0.0018467218615114689
513,0.00190547585953027,5.298918767948635e-05,3.3429332688683644e-06,15909,
513,0.001623049029149115,4.596266444423236e-05,3.2784503218863392e-06,15919,
513,0.0018356145592406392,4.512481245910749e-05,3.332657797727734e-06,15929,
513,,,,15933,0.0018578883027657866
514,0.0018479102291166782,4.5536598918261006e-05,3.136773102596635e-06,15939,
514,0.0018814888317137957,4.792751497006975e-05,3.602405968194944e-06,15949,
514,0.0016121676890179515,4.335462654125877e-05,3.430481001487351e-06,15959,
514,,,,15964,0.001845165272243321
515,0.0017953471979126334,4.334441473474726e-05,3.259074674133444e-06,15969,
515,0.0016952123260125518,4.5869666791986674e-05,3.3082937989092898e-06,15979,
515,0.0017351016867905855,4.590746539179236e-05,3.4608704027050408e-06,15989,
515,,,,15995,0.002051698276773095
516,0.0016999413492158055,4.401178011903539e-05,3.4611425689945463e-06,15999,
516,0.0018115902785211802,4.368282316136174e-05,3.500382035781513e-06,16009,
516,0.001752035808749497,4.690430068876594e-05,3.4016757126664743e-06,16019,
516,,,,16026,0.0019801876042038202
517,0.0028661785181611776,4.4026925024809316e-05,3.5021557778236456e-06,16029,
517,0.0018597185844555497,4.5641812903340906e-05,3.493679287203122e-06,16039,
517,0.001609944156371057,4.45857695012819e-05,3.2930036013567587e-06,16049,
517,,,,16057,0.001744400942698121
518,0.001605918281711638,4.598631858243607e-05,3.1889351248537423e-06,16059,
518,0.001720897387713194,4.462161450646818e-05,3.307569613753003e-06,16069,
518,0.001638667075894773,4.325473491917364e-05,3.2537182050873525e-06,16079,
518,,,,16088,0.002057407982647419
519,0.002102975035086274,4.680190249928273e-05,3.480137820588425e-06,16089,
519,0.0019878391176462173,4.2980223952326924e-05,3.3267340313614113e-06,16099,
519,0.0016520342323929071,4.2571064113872126e-05,3.3994290333794197e-06,16109,
519,0.00039705331437289715,4.0220958908321336e-05,1.620796652446188e-08,16119,
519,,,,16119,0.0020484118722379208
520,0.0018139396561309695,4.480378265725449e-05,3.3624437492107973e-06,16129,
520,0.0017378464108332992,4.355810597189702e-05,3.2197906421060907e-06,16139,
520,0.0016414155252277851,4.2241277697030455e-05,3.2229645512416027e-06,16149,
520,,,,16150,0.0017798555782064795
521,0.001643409370444715,4.4106243876740336e-05,3.238832960050786e-06,16159,
521,0.0015852459473535419,4.42709970229771e-05,3.3179896945512155e-06,16169,
521,0.0015306358691304922,4.1838749893940985e-05,3.216164031982771e-06,16179,
521,,,,16181,0.0017613678937777877
522,0.0016812639078125358,4.2661544284783304e-05,3.3253875244554365e-06,16189,
522,0.0015323355328291655,4.312394594307989e-05,3.419053655306925e-06,16199,
522,0.0016485395608469844,4.439486292540096e-05,3.369835894773132e-06,16209,
522,,,,16212,0.0017740105977281928
523,0.0016926005482673645,4.932911178912036e-05,3.316408310638508e-06,16219,
523,0.0015789226163178682,4.544899638858624e-05,3.242250613766373e-06,16229,
523,0.0018283538520336151,4.591411925503053e-05,3.3117578368546674e-06,16239,
523,,,,16243,0.0018342998810112476
524,0.001863845158368349,4.558603905024938e-05,3.1096474231162574e-06,16249,
524,0.0018328833393752575,4.871918281423859e-05,3.5839530028169975e-06,16259,
524,0.001602085423655808,4.4052707380615175e-05,3.408265911275521e-06,16269,
524,,,,16274,0.0017084156861528754
525,0.0017111266497522593,4.2172028770437464e-05,3.2500554425496375e-06,16279,
525,0.001555262366309762,4.334118784754537e-05,3.3127248570963275e-06,16289,
525,0.0017507788725197315,4.4215372327016667e-05,3.429656544540194e-06,16299,
525,,,,16305,0.0017323197098448873
526,0.0018605085788294673,4.4830769184045494e-05,3.3540313779667486e-06,16309,
526,0.0016469062538817525,4.613442797563039e-05,3.395873591216514e-06,16319,
526,0.002036335412412882,5.0571263273013756e-05,3.3489959605503827e-06,16329,
526,,,,16336,0.002426932565867901
527,0.0028122984804213047,4.320123480283655e-05,3.5229245440859813e-06,16339,
527,0.001814317423850298,4.8976777179632336e-05,3.375775804670411e-06,16349,
527,0.0016223384300246835,4.378315497888252e-05,3.2904399631661363e-06,16359,
527,,,,16367,0.0020400809589773417
528,0.002275169361382723,4.564961636788212e-05,3.2455943710374413e-06,16369,
528,0.0020067961886525154,4.417130185174756e-05,3.426641796977492e-06,16379,
528,0.0015904641477391124,4.529553552856669e-05,3.2904242743825307e-06,16389,
528,,,,16398,0.0017060252139344811
529,0.0017460872186347842,4.76628883916419e-05,3.3847118174890056e-06,16399,
529,0.0015864359447732568,4.549643927020952e-05,3.2158911835722392e-06,16409,
529,0.0015153544954955578,4.3362761061871424e-05,3.338738451930112e-06,16419,
529,0.0004172005283180624,3.787841706071049e-05,1.6014695347621455e-08,16429,
529,,,,16429,0.002019947161898017
530,0.0020406751427799463,4.559672379400581e-05,3.409674718568567e-06,16439,
530,0.0016378065338358283,4.2612384277163073e-05,3.252781652918202e-06,16449,
530,0.001616735477000475,4.21271106461063e-05,3.2268917493638583e-06,16459,
530,,,,16460,0.001749299350194633
531,0.0016434822464361787,3.932753679691814e-05,3.21329594044073e-06,16469,
531,0.0016009478131309152,4.215608350932598e-05,3.306918642920209e-06,16479,
531,0.001503338455222547,4.184953650110401e-05,3.172210881530191e-06,16489,
531,,,,16491,0.001728517236188054
532,0.0016284773591905832,4.210514816804789e-05,3.269498620284139e-06,16499,
532,0.0014817592455074191,4.27065824624151e-05,3.3946489566005766e-06,16509,
532,0.0016536409966647625,4.335345875006169e-05,3.3043252187781036e-06,16519,
532,,,,16522,0.0016821450553834438
533,0.0016073159640654922,4.572421312332153e-05,3.3128453651443124e-06,16529,
533,0.0015557344304397702,4.260323476046324e-05,3.2087755243992433e-06,16539,
533,0.0018276910996064544,4.32214183092583e-05,3.3055409858206986e-06,16549,
533,,,,16553,0.0017431258456781507
534,0.0018170472467318177,4.6827641199342906e-05,3.039424427697668e-06,16559,
534,0.0017144292360171676,4.75898377771955e-05,3.5155294426658656e-06,16569,
534,0.001547130523249507,4.227671888656914e-05,3.382237309779157e-06,16579,
534,,,,16584,0.0016620515380054712
535,0.0017075291834771633,4.2208917875541374e-05,3.2024329357227543e-06,16589,
535,0.0015277087222784758,4.237422763253562e-05,3.3030426038749283e-06,16599,
535,0.0016665490111336112,4.349285882199183e-05,3.3965084185183514e-06,16609,
535,,,,16615,0.001740391831845045
536,0.002076805103570223,4.438091127667576e-05,3.3015066946973093e-06,16619,
536,0.0016260009724646807,5.005992352380417e-05,3.401617505005561e-06,16629,
536,0.0016750807408243418,4.7234661906259134e-05,3.356386287123314e-06,16639,
536,,,,16646,0.0016855079447850585
537,0.0019165012054145336,4.13746565754991e-05,3.35900813297485e-06,16649,
537,0.0016536900075152516,4.189458195469342e-05,3.367990075275884e-06,16659,
537,0.0015865560853853822,4.1244009480578825e-05,3.235237500121002e-06,16669,
537,,,,16677,0.0017222214955836535
538,0.0017752816202118993,4.609124516719021e-05,3.0821117888990557e-06,16679,
538,0.0016508480766788125,4.468982297112234e-05,3.243691480747657e-06,16689,
538,0.0015362967969849706,4.2658717575250193e-05,3.250499958085129e-06,16699,
538,,,,16708,0.0021511532831937075
539,0.0021951880771666765,4.6834171371301636e-05,3.4054048683174187e-06,16709,
539,0.0016339141875505447,4.3246076529612765e-05,3.142447212667321e-06,16719,
539,0.0015453784726560116,4.355815690360032e-05,3.3091769182647113e-06,16729,
539,0.0003692854952532798,3.9012626075418666e-05,1.592289677887493e-08,16739,
539,,,,16739,0.001936291460879147
540,0.002123710233718157,5.057650923845358e-05,3.2968841878755484e-06,16749,
540,0.0016422945773229003,4.348011498223059e-05,3.212932142560021e-06,16759,
540,0.0015945653431117535,4.4091997551731765e-05,3.2306952562066726e-06,16769,
540,,,,16770,0.001801128382794559
541,0.0016636628424748778,3.9816470234654844e-05,3.215317974536447e-06,16779,
541,0.0015300994273275137,4.2899438994936645e-05,3.278171107012895e-06,16789,
541,0.0014644922921434045,4.1429917473578826e-05,3.169974888805882e-06,16799,
541,,,,16801,0.0016560498625040054
542,0.001620531897060573,4.1410017729504034e-05,3.2742427720222622e-06,16809,
542,0.0014941913541406393,4.2879612010437995e-05,3.3498090488137677e-06,16819,
542,0.0015991457039490342,4.337615246186033e-05,3.305438212919398e-06,16829,
542,,,,16832,0.0016518341144546866
543,0.0014698217855766416,4.460692798602395e-05,3.2837670005392283e-06,16839,
543,0.0014212034875527024,4.202733907732181e-05,3.2352772905142047e-06,16849,
543,0.00167196209076792,4.242327850079164e-05,3.238251338189002e-06,16859,
543,,,,16863,0.0017687008948996663
544,0.0017387020634487271,4.485825775191188e-05,2.991946303154691e-06,16869,
544,0.0017654208932071924,4.775101479026489e-05,3.4724437227851013e-06,16879,
544,0.0015335901407524943,4.1866820538416505e-05,3.324304771012976e-06,16889,
544,,,,16894,0.0017454553162679076
545,0.0018470310606062412,4.1989733290392905e-05,3.2727230063755997e-06,16899,
545,0.00151244446169585,4.3548192479647696e-05,3.2862587886484107e-06,16909,
545,0.0015773408813402057,4.311561133363284e-05,3.3559344956302084e-06,16919,
545,,,,16925,0.0016428533708676696
546,0.0016693387879058719,4.274786260793917e-05,3.317644086564542e-06,16929,
546,0.0015808327589184046,4.2438732634764165e-05,3.3531377994222566e-06,16939,
546,0.0016037755412980914,4.2991217924281955e-05,3.3010942388500553e-06,16949,
546,,,,16956,0.0016575047047808766
547,0.0017271569231525064,4.177292066742666e-05,3.2397977065556915e-06,16959,
547,0.0016271983040496707,4.011302735307254e-05,3.336245754326228e-06,16969,
547,0.0014913777122274041,4.068489943165332e-05,3.1335230232798494e-06,16979,
547,,,,16987,0.0016199168749153614
548,0.0015166832599788904,4.2202311306027696e-05,3.07252616948972e-06,16989,
548,0.0017855955520644784,4.3830470531247556e-05,3.1433078220288735e-06,16999,
548,0.0016573184402659535,4.9914502596948296e-05,3.1512493023910793e-06,17009,
548,,,,17018,0.0017270228127017617
549,0.001763053354807198,5.311849599820562e-05,3.3623791750869714e-06,17019,
549,0.0016290893545374274,4.101295053260401e-05,3.1545616820949363e-06,17029,
549,0.0016075577586889267,4.0435217670165e-05,3.3231360703211976e-06,17039,
549,0.0003574396250769496,3.750223186216317e-05,1.5903681926943136e-08,17049,
549,,,,17049,0.00162680190987885
550,0.0016063845250755548,4.427105886861682e-05,3.285374077677261e-06,17059,
550,0.0016130312578752637,4.386873115436174e-05,3.152945737383561e-06,17069,
550,0.0015826781746000051,4.2509356717346236e-05,3.1137103633227525e-06,17079,
550,,,,17080,0.0017504269490018487
551,0.001765612862072885,4.310901204007678e-05,3.1727699933981057e-06,17089,
551,0.001511164358817041,4.1845618397928774e-05,3.2183470466407016e-06,17099,
551,0.0014674795093014836,4.4764256017515436e-05,3.123634996882174e-06,17109,
551,,,,17111,0.0018809221219271421
552,0.0015768847661092877,4.048108166898601e-05,3.2174011721508577e-06,17119,
552,0.0015584012726321816,4.2762691009556875e-05,3.3161747978738276e-06,17129,
552,0.0015659871278330684,4.302717570681125e-05,3.289899041192257e-06,17139,
552,,,,17142,0.0016501976642757654
553,0.001497357850894332,4.298244675737806e-05,3.2425923564005643e-06,17149,
553,0.0013902015052735806,4.1463041270617396e-05,3.1983440749172587e-06,17159,
553,0.0017201044829562306,4.1221555875381455e-05,3.2506293337064562e-06,17169,
553,,,,17173,0.0018200018675997853
554,0.0020190279465168715,4.667635221267119e-05,3.0238040835683933e-06,17179,
554,0.0016470008995383978,4.799467569682747e-05,3.4946249343192903e-06,17189,
554,0.0015412268694490194,4.3503125198185444e-05,3.3658564007055247e-06,17199,
554,,,,17204,0.0016689737094566226
555,0.0017240901943296194,4.168744999333285e-05,3.2224218102783198e-06,17209,
555,0.0015013222582638264,4.161551987635903e-05,3.255275942137814e-06,17219,
555,0.0015426017343997955,4.0680115489521995e-05,3.3034557418432087e-06,17229,
555,,,,17235,0.0017038900405168533
556,0.0021394919604063034,4.150683162151836e-05,3.262605559939402e-06,17239,
556,0.0016051387647166848,4.362926119938493e-05,3.349151484144386e-06,17249,
556,0.0015920669538900256,4.358628575573675e-05,3.3262651868426474e-06,17259,
556,,,,17266,0.001871677697636187
557,0.0024607772938907146,4.1021372453542426e-05,3.395813564566197e-06,17269,
557,0.001694916863925755,4.3075091525679454e-05,3.3634858027653536e-06,17279,
557,0.0015585845103487372,4.352758696768433e-05,3.1837612368690316e-06,17289,
557,,,,17297,0.0018860484706237912
558,0.001717797596938908,4.550354424281977e-05,3.0322412385430653e-06,17299,
558,0.0015796367079019547,4.210711267660372e-05,3.2146838293556357e-06,17309,
558,0.0014696314465254545,4.0463008190272376e-05,3.1992115054890746e-06,17319,
558,,,,17328,0.0016094300663098693
559,0.0016377746360376477,4.615242869476788e-05,3.3150035960716195e-06,17329,
559,0.0015148388920351863,4.255858948454261e-05,3.0901358059054473e-06,17339,
559,0.0014684913912788033,4.1144561691908166e-05,3.262040763729601e-06,17349,
559,0.00034606989356689155,3.6312332667876035e-05,1.5675738040954457e-08,17359,
559,,,,17359,0.0017516521038487554
560,0.0017200791044160724,4.2450166802154854e-05,3.360070422786521e-06,17369,
560,0.0015634625451639295,4.1711722587933764e-05,3.160593223583419e-06,17379,
560,0.0015227856347337365,4.0840244764694944e-05,3.139796717732679e-06,17389,
560,,,,17390,0.0017384588718414307
561,0.001579399686306715,3.807722532656044e-05,3.0913518003217177e-06,17399,
561,0.0015108789084479213,3.902116441167891e-05,3.2107900551636703e-06,17409,
561,0.0014189888024702668,4.009752956335433e-05,3.1037882308737608e-06,17419,
561,,,,17421,0.0016591422026976943
562,0.0015478096902370453,4.110817826585844e-05,3.1861225124885095e-06,17429,
562,0.001407008501701057,4.165750942775048e-05,3.305365225969581e-06,17439,
562,0.001595609006471932,4.1780731407925487e-05,3.215852530047414e-06,17449,
562,,,,17452,0.0015840393025428057
563,0.0014612652594223619,4.305535549065098e-05,3.214826620023814e-06,17459,
563,0.0013855686411261559,4.0513885323889554e-05,3.144542233712855e-06,17469,
563,0.0016328445635735989,4.0010934753809124e-05,3.1951135497365613e-06,17479,
563,,,,17483,0.001858053496107459
564,0.0015753252664580941,4.2791634768946096e-05,2.9842501589882886e-06,17489,
564,0.0017965001752600074,4.424369763000868e-05,3.4978179428435396e-06,17499,
564,0.0014818449271842837,4.5871729525970295e-05,3.2593964078841964e-06,17509,
564,,,,17514,0.0020359919872134924
565,0.0021296662744134665,4.902345972368494e-05,3.2551818094361806e-06,17519,
565,0.0017741909250617027,5.220251114224084e-05,3.2348443710361607e-06,17529,
565,0.0016152142779901624,4.6146938984747976e-05,3.403047230676748e-06,17539,
565,,,,17545,0.0016165333800017834
566,0.0015653101727366447,4.154853741056286e-05,3.327414560772013e-06,17549,
566,0.0015353825874626637,4.0707072912482545e-05,3.3694650483084843e-06,17559,
566,0.0015225275419652462,4.184672070550732e-05,3.3262856504734373e-06,17569,
566,,,,17576,0.0016877219313755631
567,0.0020830128341913223,4.074345270055346e-05,3.3275964597123675e-06,17579,
567,0.001574985682964325,3.9096648833947256e-05,3.322057409604895e-06,17589,
567,0.001403521397151053,3.911711974069476e-05,3.1276979370886693e-06,17599,
567,,,,17607,0.001766515662893653
568,0.00185902020893991,4.432231799000874e-05,2.9984944376337808e-06,17609,
568,0.001560069853439927,4.0776121750241145e-05,3.1849440347286873e-06,17619,
568,0.0014610547805204988,3.884619945893064e-05,3.197907062713057e-06,17629,
568,,,,17638,0.002064351923763752
569,0.0020814179442822933,4.304562389734201e-05,3.4258007417520275e-06,17639,
569,0.0016054562292993069,4.396676740725525e-05,3.0841790703561855e-06,17649,
569,0.0014352307189255953,4.1824190702755004e-05,3.210665227015852e-06,17659,
569,0.00032499327789992094,3.608534825616516e-05,1.5620324589349366e-08,17669,
569,,,,17669,0.001584207871928811
570,0.0015606323722749949,4.247210381436162e-05,3.292314204372815e-06,17679,
570,0.0015474786050617695,4.227441604598425e-05,3.0855035220156424e-06,17689,
570,0.0014789996203035116,3.9465150621254e-05,3.0993005566415377e-06,17699,
570,,,,17700,0.0015963591868057847
571,0.0014883497497066855,3.732935510925017e-05,3.092674887739122e-06,17709,
571,0.0014598221750929952,3.967986413044855e-05,3.1779295568412635e-06,17719,
571,0.0014023995026946068,3.989330434706062e-05,3.0730132039025193e-06,17729,
571,,,,17731,0.0016442410415038466
572,0.0015269244322553277,3.9637227018829435e-05,3.1663837489759317e-06,17739,
572,0.0014596313703805208,3.979408575105481e-05,3.2684938560123555e-06,17749,
572,0.001509301015175879,4.199074101052247e-05,3.2393040783063043e-06,17759,
572,,,,17762,0.0015563678462058306
573,0.0014233579859137535,4.263627852196805e-05,3.162416987834149e-06,17769,
573,0.0013499925844371319,4.1315259295515716e-05,3.1483484690397745e-06,17779,
573,0.0016349009238183498,3.979492612415925e-05,3.1860015496931737e-06,17789,
573,,,,17793,0.0015633527655154467
574,0.001794000738300383,4.175577487330884e-05,2.920704218922765e-06,17799,
574,0.0017594287637621164,4.4389711547410116e-05,3.468766408332158e-06,17809,
574,0.001449307892471552,4.2391409806441516e-05,3.2465270578541094e-06,17819,
574,,,,17824,0.0019873464480042458
575,0.0021065480541437864,4.3746775190811604e-05,3.2176401418837486e-06,17829,
575,0.0016627339646220207,4.940140570397489e-05,3.1672325349063613e-06,17839,
575,0.0015020818682387471,4.360945604275912e-05,3.316754145998857e-06,17849,
575,,,,17855,0.0017760548507794738
576,0.0015377772506326437,4.127504871576093e-05,3.3304163480352145e-06,17859,
576,0.0015324134146794677,4.136183633818291e-05,3.340333250889671e-06,17869,
576,0.0015166876837611198,4.195323708700016e-05,3.269221451773774e-06,17879,
576,,,,17886,0.001633249456062913
577,0.0016038452740758657,4.059777711518109e-05,3.2025373002397828e-06,17889,
577,0.0015679745702072978,3.8899172068340704e-05,3.2521545563213294e-06,17899,
577,0.0014303874922916293,3.801227649091743e-05,3.1196032068692148e-06,17909,
577,,,,17917,0.0015608372632414103
578,0.0014119265833869576,4.034697121824138e-05,3.057965614061686e-06,17919,
578,0.0015213181031867862,3.87402978958562e-05,3.1566912639391376e-06,17929,
578,0.0014058483066037297,3.786643719649874e-05,3.1257256978278747e-06,17939,
578,,,,17948,0.0020536785013973713
579,0.0021006125025451183,4.5564182073576376e-05,3.1676347589382203e-06,17949,
579,0.001639779657125473,4.624244320439175e-05,3.0588259960495634e-06,17959,
579,0.0014196614501997828,4.633960998035036e-05,3.2095788355945842e-06,17969,
579,0.00031928945099934936,3.70331181329675e-05,1.55636499243883e-08,17979,
579,,,,17979,0.00159335951320827
580,0.0016779372235760093,4.422962592798285e-05,3.309306066512363e-06,17989,
580,0.0014971900964155793,4.16396651417017e-05,3.0937878818804165e-06,17999,
580,0.001460773404687643,3.976511288783513e-05,3.0759722449147375e-06,18009,
580,,,,18010,0.0019444862846285105
581,0.001627556630410254,4.042546061100438e-05,3.078167992498493e-06,18019,
581,0.0017011953750625253,3.997726525994949e-05,3.2645659757690737e-06,18029,
581,0.001403542933985591,4.1818922909442335e-05,3.0898004297341686e-06,18039,
581,,,,18041,0.0022272991482168436
582,0.001536719617433846,4.105993139091879e-05,3.1590063827025006e-06,18049,
582,0.0014470849419012666,4.286985131329857e-05,3.2816822113090893e-06,18059,
582,0.001496136304922402,4.021891800221056e-05,3.2439309052278986e-06,18069,
582,,,,18072,0.0015353589551523328
583,0.0013601690297946334,4.0244387491839007e-05,3.1896802283881698e-06,18079,
583,0.0013233141507953405,4.0365863242186606e-05,3.142611376460991e-06,18089,
583,0.0015894909156486392,4.015837112092413e-05,3.1759020657773362e-06,18099,
583,,,,18103,0.00163247250020504
584,0.0016932064900174737,4.064702443429269e-05,2.929944685092778e-06,18109,
584,0.0016368700889870524,4.183228520560078e-05,3.4003717246378073e-06,18119,
584,0.0014221119927242398,3.916652349289507e-05,3.285971160948975e-06,18129,
584,,,,18134,0.001653538434766233
585,0.001602973323315382,4.1185579902958125e-05,3.1043764465721324e-06,18139,
585,0.0014269964303821325,3.914726767106913e-05,3.1837444112170488e-06,18149,
585,0.001511201960965991,3.989312972407788e-05,3.259550112488796e-06,18159,
585,,,,18165,0.0016992283053696156
586,0.0022994973696768284,4.241462374920957e-05,3.187479023836204e-06,18169,
586,0.0014820016222074628,4.519559661275707e-05,3.2840609947015764e-06,18179,
586,0.0014628117205575109,4.419853939907625e-05,3.2579694106971147e-06,18189,
586,,,,18196,0.0015315633499994874
587,0.0016719363629817963,3.8881131331436336e-05,3.2200732675846666e-06,18199,
587,0.0015186838572844863,3.7651549064321443e-05,3.2568309507041704e-06,18209,
587,0.0013997481437399983,3.7479436286957934e-05,3.0941725981392665e-06,18219,
587,,,,18227,0.0015871600480750203
588,0.0016163528198376298,4.041047577629797e-05,2.9712073228438385e-06,18229,
588,0.0016471242997795343,4.166241342318244e-05,3.121346935586189e-06,18239,
588,0.0014380692737177014,3.90623536077328e-05,3.099144805673859e-06,18249,
588,,,,18258,0.0019546938128769398
589,0.0019679947290569544,4.349197479314171e-05,3.351431814735406e-06,18259,
589,0.0015594321303069592,4.754599285661243e-05,3.019458517883322e-06,18269,
589,0.0013440338661894202,4.28760758950375e-05,3.1907013635645853e-06,18279,
589,0.0003265061241108924,3.443774039624259e-05,1.544994532309829e-08,18289,
589,,,,18289,0.0015542071778327227
590,0.0015178128378465772,4.5134413085179403e-05,3.2180621474253712e-06,18299,
590,0.0014494444476440549,4.2854644561884925e-05,3.0758876619074726e-06,18309,
590,0.0014357194304466248,3.83204132958781e-05,3.0463450002571335e-06,18319,
590,,,,18320,0.0016502509824931622
591,0.0015276215272024274,3.69230292562861e-05,3.0883666113368236e-06,18329,
591,0.0015217001782730222,3.892165477736853e-05,3.1825470614421647e-06,18339,
591,0.001365193398669362,3.902617754647508e-05,3.0184403385646874e-06,18349,
591,,,,18351,0.00163474609144032
592,0.0014853598549962044,3.778838072321378e-05,3.1119081995711895e-06,18359,
592,0.0013646096922457218,4.0750466723693535e-05,3.25174437421083e-06,18369,
592,0.0015088075306266546,4.046246249345131e-05,3.1648748972656904e-06,18379,
592,,,,18382,0.0016629269812256098
593,0.0013780459994450212,4.076779805473052e-05,3.135788574581966e-06,18389,
593,0.0013538273051381111,3.99551609007176e-05,3.135842007395695e-06,18399,
593,0.0015906736953184009,4.019454718218185e-05,3.1715678687760374e-06,18409,
593,,,,18413,0.0016737872501835227
594,0.0015365215949714184,3.927094439859502e-05,2.9571831419161754e-06,18419,
594,0.0015756012871861458,4.153399640927091e-05,3.3755286494852044e-06,18429,
594,0.0013846693327650428,3.818960612989031e-05,3.2557543363509467e-06,18439,
594,,,,18444,0.001508799265138805
595,0.001547886524349451,4.03342601202894e-05,3.0700919069204247e-06,18449,
595,0.0013762370217591524,3.968413147958927e-05,3.1659969863540027e-06,18459,
595,0.0014422230888158083,3.9028964238241315e-05,3.219142399757402e-06,18469,
595,,,,18475,0.0015118290903046727
596,0.0014717449666932225,3.8696085539413616e-05,3.2622369872115087e-06,18479,
596,0.0014337367611005902,3.8794732972746715e-05,3.256613808844122e-06,18489,
596,0.0014288477832451463,4.046464164275676e-05,3.193743168594665e-06,18499,
596,,,,18506,0.0018827568273991346
597,0.0021123122423887253,4.025915404781699e-05,3.0605333449784666e-06,18509,
597,0.0015653257723897696,3.9986880437936634e-05,3.21595052810153e-06,18519,
597,0.0013735394459217787,4.053485827171244e-05,3.083772980971844e-06,18529,
597,,,,18537,0.0019250829936936498
598,0.0024184160865843296,4.3615178583422676e-05,2.9156833534216275e-06,18539,
598,0.0015585218789055943,4.285223985789344e-05,3.156404318360728e-06,18549,
598,0.0014289458049461246,4.023702786071226e-05,3.1875060813035816e-06,18559,
598,,,,18568,0.0016823523910716176
599,0.0017061460530385375,4.6090422983979806e-05,3.270117758802371e-06,18569,
599,0.0015513714170083404,3.952140832552686e-05,3.1033039249450667e-06,18579,
599,0.0014390829019248486,3.936841312679462e-05,3.2077916785056004e-06,18589,
599,0.0003197197802364826,3.5803990613203496e-05,1.527567583536893e-08,18599,
599,,,,18599,0.0016804015031084418
600,0.0015710110310465097,4.279458516975865e-05,3.2311102131643565e-06,18609,
600,0.001496821758337319,4.1278784919995815e-05,3.053678483411204e-06,18619,
600,0.001414461643435061,3.938490408472717e-05,3.0544488254236057e-06,18629,
600,,,,18630,0.001694368664175272
601,0.0015151792904362082,3.694060433190316e-05,3.0490673452732153e-06,18639,
601,0.0014568464830517769,3.8426267565228045e-05,3.1502404453931376e-06,18649,
601,0.001360194873996079,3.761406333069317e-05,3.0267358397395583e-06,18659,
601,,,,18661,0.0016094439197331667
602,0.0014364083763211966,3.7670302845072e-05,3.119810116913868e-06,18669,
602,0.0014161232393234968,3.998549800598994e-05,3.20608569381875e-06,18679,
602,0.0014774799346923828,4.091007212991826e-05,3.1588058391207596e-06,18689,
602,,,,18692,0.0014827096601948142
603,0.0013399110175669193,3.9125381590565667e-05,3.1375761864183005e-06,18699,
603,0.0012715127086266875,3.8010766729712486e-05,3.073226025662734e-06,18709,
603,0.0015273389872163534,3.892657332471572e-05,3.128516482320265e-06,18719,
603,,,,18723,0.0016234064241871238
604,0.0016223174752667546,4.039982377435081e-05,2.839060243786662e-06,18729,
604,0.0015238544438034296,4.656906094169244e-05,3.3535418424435193e-06,18739,
604,0.0013681728160008788,3.957980152335949e-05,3.214407570339972e-06,18749,
604,,,,18754,0.0016158627113327384
605,0.0015179372858256102,3.935385029762983e-05,3.10685300064506e-06,18759,
605,0.001367606339044869,4.13300258514937e-05,3.145451955788303e-06,18769,
605,0.00142182526178658,3.8536883948836476e-05,3.2074008231575135e-06,18779,
605,,,,18785,0.0015145071083679795
606,0.0014533435460180044,3.807263055932708e-05,3.2123757591762114e-06,18789,
606,0.0014189681969583035,3.836715404759161e-05,3.2469799862155924e-06,18799,
606,0.0014909091405570507,3.995168299297802e-05,3.1402971671923297e-06,18809,
606,,,,18816,0.0014863986289128661
607,0.0016065231757238507,3.846832987619564e-05,3.159750349368551e-06,18819,
607,0.001518131117336452,3.7670684832846746e-05,3.177830194545095e-06,18829,
607,0.0014052592450752854,3.672412276500836e-05,3.048096687052748e-06,18839,
607,,,,18847,0.0015064453473314643
608,0.0014689220115542412,3.846224717563018e-05,2.944498191936873e-06,18849,
608,0.001491047558374703,4.0022765460889786e-05,3.1074569051270373e-06,18859,
608,0.0013726881006732583,3.8164940633578226e-05,3.0645105653093196e-06,18869,
608,,,,18878,0.0016062385402619839
609,0.0016252720961347222,4.168422310613096e-05,3.23173276228772e-06,18879,
609,0.0015698607312515378,4.1924286051653326e-05,3.0549206258001504e-06,18889,
609,0.0017230177763849497,3.98811353079509e-05,3.2563134482188616e-06,18899,
609,0.0003567384846974164,3.5846009268425405e-05,1.519303793884319e-08,18909,
609,,,,18909,0.0014832888264209032
610,0.001473653013817966,4.425263614393771e-05,3.1908880373521242e-06,18919,
610,0.0015214543091133237,4.167846782365814e-05,2.986706022056751e-06,18929,
610,0.0014130182098597288,4.082949453731999e-05,3.010777618328575e-06,18939,
610,,,,18940,0.0017261132597923279
611,0.001688965130597353,3.957983790314756e-05,3.038987415493466e-06,18949,
611,0.001359983580186963,3.896378257195465e-05,3.0730323032912565e-06,18959,
611,0.00137236132286489,3.9344129618257284e-05,2.991497467519366e-06,18969,
611,,,,18971,0.0015058928402140737
612,0.0014146810863167048,3.6902882129652426e-05,3.0935088943806477e-06,18979,
612,0.0013148995349183679,3.9231246773852035e-05,3.203687128916499e-06,18989,
612,0.0014351309509947896,3.8972837501205504e-05,3.1261297408491373e-06,18999,
612,,,,19002,0.001580648124217987
613,0.0014867893187329173,3.9635400753468275e-05,3.12676979774551e-06,19009,
613,0.001435090322047472,3.7865374906687066e-05,3.1188162665785057e-06,19019,
613,0.001539513235911727,3.965546056861058e-05,3.141308525300701e-06,19029,
613,,,,19033,0.0015306150307878852
614,0.0014688115334138274,3.822102371486835e-05,2.9206983072072035e-06,19039,
614,0.001486808410845697,3.9792525058146566e-05,3.3559854273335077e-06,19049,
614,0.0013888956746086478,3.7413014069898054e-05,3.1676354410592467e-06,19059,
614,,,,19064,0.0016409255331382155
615,0.0021798668894916773,4.083018211531453e-05,3.1805966500542127e-06,19069,
615,0.0014523223508149385,4.5634707930730656e-05,3.1736285563965794e-06,19079,
615,0.0014419156359508634,4.079365680809133e-05,3.213214313291246e-06,19089,
615,,,,19095,0.0015770342433825135
616,0.0014219429576769471,3.966514123021625e-05,3.1982433483790373e-06,19099,
616,0.0013965576654300094,3.924716293113306e-05,3.224685315217357e-06,19109,
616,0.0014562064316123724,4.095281474292278e-05,3.145563596262946e-06,19119,
616,,,,19126,0.0014515515649691224
617,0.0014864279655739665,3.807791290455498e-05,3.092748784183641e-06,19129,
617,0.001443977002054453,3.618691334850155e-05,3.1732699881104054e-06,19139,
617,0.0013970931759104133,3.626747275120579e-05,3.045531684620073e-06,19149,
617,,,,19157,0.0014613473322242498
618,0.0013725357130169868,3.958084198529832e-05,2.9566713237727527e-06,19159,
618,0.0014663400361314416,3.678636494441889e-05,3.051793100894429e-06,19169,
618,0.001331926672719419,3.529849709593691e-05,3.0587968922191067e-06,19179,
618,,,,19188,0.0017308283131569624
619,0.0017569534247741103,4.294239988666959e-05,3.0925218652555486e-06,19189,
619,0.0013817065628245473,4.0352704672841355e-05,3.0212188448786037e-06,19199,
619,0.0013205857248976827,3.8542402762686834e-05,3.1438664791494375e-06,19209,
619,0.0003221819642931223,3.392483267816715e-05,1.501832436190398e-08,19219,
619,,,,19219,0.0016825272468850017
620,0.0019441067706793547,5.162472007214092e-05,3.156272896376322e-06,19229,
620,0.0014622446615248919,4.0060971514321864e-05,3.0289745609479723e-06,19239,
620,0.0014864412369206548,3.888721403200179e-05,3.0940432225179393e-06,19249,
620,,,,19250,0.0015051922528073192
621,0.0014086152659729123,3.598068360588513e-05,3.0341429919644725e-06,19259,
621,0.0013566265115514398,3.9438120438717306e-05,3.087739514739951e-06,19269,
621,0.0013028199318796396,3.7215384509181604e-05,2.9779982924083015e-06,19279,
621,,,,19281,0.0014566124882549047
622,0.0013955056201666594,3.7764941225759685e-05,3.087506456722622e-06,19289,
622,0.0012957792496308684,3.9372022001771256e-05,3.1869005852058763e-06,19299,
622,0.0013959308853372931,3.914823537343182e-05,3.1243760076904437e-06,19309,
622,,,,19312,0.0015085047343745828
623,0.001379029592499137,3.945255957660265e-05,3.094857675023377e-06,19319,
623,0.0012533385306596756,3.723907138919458e-05,3.044072627744754e-06,19329,
623,0.0014642591122537851,3.884287798427977e-05,3.071638730034465e-06,19339,
623,,,,19343,0.0014496297808364034
624,0.0013623717240989208,3.881768134306185e-05,2.8884369385195896e-06,19349,
624,0.0014356683241203427,4.102798629901372e-05,3.3196276945091086e-06,19359,
624,0.0013638101518154144,3.754868157557212e-05,3.1334814138972433e-06,19369,
624,,,,19374,0.0014314914587885141
625,0.0014803375815972686,3.821944119408727e-05,3.0748904009669786e-06,19379,
625,0.0014143817825242877,3.800191916525364e-05,3.0875371521688066e-06,19389,
625,0.0015582856722176075,3.706842471729033e-05,3.1860229228186654e-06,19399,
625,,,,19405,0.0021566797513514757
626,0.002014178317040205,4.365495260572061e-05,3.136287205052213e-06,19409,
626,0.0015718723880127072,4.658315083361231e-05,3.284598960817675e-06,19419,
626,0.0014094848884269595,4.324457040638663e-05,3.160567075610743e-06,19429,
626,,,,19436,0.001445050467737019
627,0.0015353596536442637,3.893634129781276e-05,3.0412945761781884e-06,19439,
627,0.0014396352926269174,3.8561753171961755e-05,3.1778647553437622e-06,19449,
627,0.001295998808927834,3.663660027086735e-05,3.012575007232954e-06,19459,
627,,,,19467,0.001476228004321456
628,0.0013864176580682397,3.9625705539947376e-05,2.9412419735308504e-06,19469,
628,0.001551882247440517,3.6334662581793964e-05,3.123743226751685e-06,19479,
628,0.001351730665192008,3.559516335371882e-05,3.010502041433938e-06,19489,
628,,,,19498,0.0014292894629761577
629,0.0014467190485447645,4.236496170051396e-05,3.1259016850526677e-06,19499,
629,0.0013239516410976648,3.775580626097508e-05,2.9837976853741566e-06,19509,
629,0.0012806107988581061,3.5254844988230616e-05,3.101298261753982e-06,19519,
629,0.00029296657885424793,3.157898390782066e-05,1.491726386859682e-08,19529,
629,,,,19529,0.001423824462108314
630,0.0013578284997493029,4.0571299905423075e-05,3.1573006253893254e-06,19539,
630,0.001461961306631565,3.7530811823671684e-05,3.0144594802550273e-06,19549,
630,0.0014379860367625952,3.630070204962976e-05,2.928229378085234e-06,19559,
630,,,,19560,0.0017372709698975086
631,0.001774048199877143,4.294218524591997e-05,3.0751220947422553e-06,19569,
631,0.0013354250695556402,4.91026985400822e-05,3.051487510674633e-06,19579,
631,0.0012800724944099784,4.210568295093253e-05,2.9133118459867546e-06,19589,
631,,,,19591,0.0014995821984484792
632,0.0015816326485946774,3.926548015442677e-05,3.116421794402413e-06,19599,
632,0.0014125369489192963,4.1038972995011136e-05,3.1698632483312394e-06,19609,
632,0.0014411211013793945,4.3559452024055645e-05,3.1128608952712966e-06,19619,
632,,,,19622,0.0015073585091158748
633,0.0012884675525128841,3.795340671786107e-05,3.0800185868429253e-06,19629,
633,0.0013222998240962625,3.7035391869721934e-05,3.050041414098814e-06,19639,
633,0.0014393051387742162,3.9356375054921955e-05,3.067948910029372e-06,19649,
633,,,,19653,0.0014458424411714077
634,0.0015046941116452217,3.881937300320715e-05,2.8189749627927085e-06,19659,
634,0.0014255221467465162,3.986879164585844e-05,3.3200722100446e-06,19669,
634,0.001296910224482417,3.9647897210670635e-05,3.149785698042251e-06,19679,
634,,,,19684,0.0016767769120633602
635,0.0024459492415189743,4.139985321671702e-05,3.17723515763646e-06,19689,
635,0.001549097360111773,4.486804755288176e-05,3.0751898520975374e-06,19699,
635,0.001372783211991191,4.2587726056808606e-05,3.16272530653805e-06,19709,
635,,,,19715,0.0019645807333290577
636,0.0016981040826067328,4.0750917833065614e-05,3.2365119295718614e-06,19719,
636,0.0013759814901277423,4.066593464813195e-05,3.192667008988792e-06,19729,
636,0.00134862563572824,4.119840377825312e-05,3.1376746392197674e-06,19739,
636,,,,19746,0.0014145922614261508
637,0.0014347964897751808,3.752122211153619e-05,3.0391713607968995e-06,19749,
637,0.001407333998940885,3.6592358810594305e-05,3.138619376841234e-06,19759,
637,0.0012698658974841237,3.5396235034568235e-05,2.9861307666578796e-06,19769,
637,,,,19777,0.0014568886253982782
638,0.0013790264492854476,3.851054498227313e-05,2.923999090853613e-06,19779,
638,0.0015417521353811026,3.599999035941437e-05,3.1052295526023954e-06,19789,
638,0.0013010547263547778,3.5712590033654124e-05,3.0014123240107438e-06,19799,
638,,,,19808,0.0014281519688665867
639,0.001445192378014326,4.198679744149558e-05,3.0956834962125868e-06,19809,
639,0.0013546546688303351,3.7684159906348214e-05,2.9882703529438004e-06,19819,
639,0.0012398164253681898,3.519517122185789e-05,3.0639087071904214e-06,19829,
639,0.0003033456450793892,3.123489659628831e-05,1.4852196805748008e-08,19839,
639,,,,19839,0.0014117468381300569
640,0.0013473986182361841,3.9707629184704274e-05,3.1310637496062554e-06,19849,
640,0.0013638613745570183,3.7443645851453766e-05,2.9839904982509324e-06,19859,
640,0.0013691853964701295,3.588672916521318e-05,2.9189909582783002e-06,19869,
640,,,,19870,0.001437774277292192
641,0.0013576580677181482,3.752711563720368e-05,2.9380398700595833e-06,19879,
641,0.0016472592251375318,3.822633880190551e-05,2.932874849648215e-06,19889,
641,0.0016137922648340464,3.683812610688619e-05,3.028972741958569e-06,19899,
641,,,,19901,0.001830653054639697
642,0.0017776689492166042,4.064499444211833e-05,3.1551953725283965e-06,19909,
642,0.0014146126341074705,4.231348430039361e-05,3.1635381674277596e-06,19919,
642,0.0013777948915958405,3.987906893598847e-05,3.12099609800498e-06,19929,
642,,,,19932,0.001475675730034709
643,0.001301413867622614,3.837128679151647e-05,3.0793944461038336e-06,19939,
643,0.001250632805749774,3.712596299010329e-05,3.0462081213045167e-06,19949,
643,0.0014487275620922446,3.8026104448363185e-05,3.0559067454305477e-06,19959,
643,,,,19963,0.0014039365341886878
644,0.0014416546327993274,3.7004545447416604e-05,2.824398507073056e-06,19969,
644,0.0014074776554480195,3.827946420642547e-05,3.3127639653685037e-06,19979,
644,0.0012640993809327483,3.7688248994527385e-05,3.159908374072984e-06,19989,
644,,,,19994,0.0015447059413418174
645,0.002009670715779066,3.943284900742583e-05,3.11865937874245e-06,19999,
645,0.0014079033862799406,4.1932478779926896e-05,3.115083927696105e-06,20009,
645,0.001373973092995584,3.802512583206408e-05,3.147196139252628e-06,20019,
645,,,,20025,0.0015171258710324764
646,0.001496673095971346,3.9795540942577645e-05,3.1296171982830856e-06,20029,
646,0.001318572903983295,4.009170152130537e-05,3.155509602947859e-06,20039,
646,0.0013460139743983746,3.944895070162602e-05,3.081475824728841e-06,20049,
646,,,,20056,0.0014022310497239232
647,0.001413868274539709,3.758241655305028e-05,3.04570198750298e-06,20059,
647,0.001380337169393897,3.53315299435053e-05,3.1317138109443476e-06,20069,
647,0.0012715652119368315,3.499741433188319e-05,2.9735613225057023e-06,20079,
647,,,,20087,0.0013833821285516024
648,0.0012701568193733692,3.650015787570737e-05,2.9350271688599605e-06,20089,
648,0.0013885832158848643,3.5115557693643495e-05,3.0049163797229994e-06,20099,
648,0.0012570933904498816,3.517478398862295e-05,2.996821649503545e-06,20109,
648,,,,20118,0.0014926256844773889
649,0.0015071490779519081,4.0835089748725295e-05,3.0453154522547266e-06,20119,
649,0.0014961458509787917,3.769687100430019e-05,2.9886464290029835e-06,20129,
649,0.0012725407723337412,3.840615681838244e-05,3.02704961541167e-06,20139,
649,0.00034769083140417933,3.2141866540769115e-05,1.4644875534486346e-08,20149,
649,,,,20149,0.001561902929097414
650,0.0016998837236315012,5.414834595285356e-05,3.117149617537507e-06,20159,
650,0.0014198131393641233,4.1321451135445386e-05,2.9564828309958102e-06,20169,
650,0.0014476155629381537,4.004926813649945e-05,3.0370135846169433e-06,20179,
650,,,,20180,0.0019192189211025834
651,0.0014935522340238094,4.1602630517445505e-05,3.0433102438109927e-06,20189,
651,0.0013424728531390429,4.0270319004775956e-05,3.0185451578290667e-06,20199,
651,0.0012905033072456717,3.668732097139582e-05,2.8791923796234187e-06,20209,
651,,,,20211,0.0013793247053399682
652,0.0013317517004907131,3.78960176021792e-05,3.0257310754677746e-06,20219,
652,0.0012353153433650732,3.922573523595929e-05,3.145614073218894e-06,20229,
652,0.0013479102635756135,3.782314161071554e-05,3.0530836738762446e-06,20239,
652,,,,20242,0.0014385129325091839
653,0.0014568405458703637,3.8127116567920893e-05,3.0651440283691045e-06,20249,
653,0.0011795334285125136,3.62945647793822e-05,2.98301461043593e-06,20259,
653,0.0014036028878763318,3.8070073060225695e-05,3.0158514618960908e-06,20269,
653,,,,20273,0.001371117657981813
654,0.0013865514192730188,3.7453177355928347e-05,2.8506690341600915e-06,20279,
654,0.0013798343716189265,4.070831346325576e-05,3.27664497490332e-06,20289,
654,0.0012495476985350251,3.8550606404896826e-05,3.117278993158834e-06,20299,
654,,,,20304,0.001396537059918046
655,0.0015267981216311455,3.773043499677442e-05,2.9776269911963027e-06,20309,
655,0.0012935816776007414,3.755127181648277e-05,3.0905123367119813e-06,20319,
655,0.0012893319362774491,3.729351738002151e-05,3.0797314138908405e-06,20329,
655,,,,20335,0.0013701500138267875
656,0.0013996368506923318,3.719869346241467e-05,3.122162070212653e-06,20339,
656,0.0015307316789403558,3.8729183870600536e-05,3.13987402478233e-06,20349,
656,0.0015025351895019412,4.411740155774169e-05,3.0632927519036457e-06,20359,
656,,,,20366,0.0015414931112900376
657,0.0019024588400498033,4.0720467950450256e-05,3.1088588912098203e-06,20369,
657,0.001424624235369265,3.7785430322401226e-05,3.1593335734214634e-06,20379,
657,0.0012486469931900501,3.86181018257048e-05,2.9800492029607994e-06,20389,
657,,,,20397,0.0013797541614621878
658,0.0012610799167305231,3.7933110434096307e-05,2.924604586951318e-06,20399,
658,0.0013547261478379369,3.522253973642364e-05,3.023572617166792e-06,20409,
658,0.0013318686978891492,3.53062896465417e-05,2.9498396543203853e-06,20419,
658,,,,20428,0.001511273207142949
659,0.0015249804127961397,4.209486360196024e-05,3.1348795346275438e-06,20429,
659,0.0014319686451926827,3.581344208214432e-05,2.904301936723641e-06,20439,
659,0.001213336712680757,3.619607741711661e-05,3.0425212571572047e-06,20449,
659,0.00028253335040062666,3.0271310606622137e-05,1.461681442549434e-08,20459,
659,,,,20459,0.0013635422801598907
660,0.001311612781137228,4.013428042526357e-05,3.1034007861308055e-06,20469,
660,0.0012903648894280195,3.6314657336333767e-05,2.9389336759777507e-06,20479,
660,0.001308706239797175,3.524238491081633e-05,2.896766090998426e-06,20489,
660,,,,20490,0.0013658724492415786
661,0.0013072724686935544,3.6135781556367874e-05,2.9394957437034464e-06,20499,
661,0.0012662475928664207,3.678145367302932e-05,2.944371999547002e-06,20509,
661,0.001290647080168128,3.517478398862295e-05,2.9029718007222982e-06,20519,
661,,,,20521,0.0015108993975445628
662,0.001309373416006565,3.921071765944362e-05,2.998905983986333e-06,20529,
662,0.0012946996139362454,4.229310798109509e-05,3.1428667170985136e-06,20539,
662,0.0014634267427027225,3.9551541703986004e-05,3.033332177437842e-06,20549,
662,,,,20552,0.001416016137227416
663,0.0023223620373755693,4.9313395720673725e-05,3.1097449664230226e-06,20559,
663,0.0013154668267816305,3.806300082942471e-05,3.04780019177997e-06,20569,
663,0.0015212559374049306,3.915291381417774e-05,3.0801684260950424e-06,20579,
663,,,,20583,0.002049084519967437
664,0.0015877120895311236,4.04421916755382e-05,2.849197926479974e-06,20589,
664,0.0014403123641386628,4.34406210843008e-05,3.352345856910688e-06,20599,
664,0.001281321863643825,4.493657252169214e-05,3.1989154649636475e-06,20609,
664,,,,20614,0.001472409232519567
665,0.0013646117877215147,4.224523945595138e-05,3.034667997781071e-06,20619,
665,0.001321216463111341,3.669471698231064e-05,3.0680382678838214e-06,20629,
665,0.001271569519303739,3.600916897994466e-05,3.0890391826687846e-06,20639,
665,,,,20645,0.0013821844477206469
666,0.0013130826409906149,3.761211337405257e-05,3.147331881336868e-06,20649,
666,0.0012871387880295515,3.6928802728652954e-05,3.147140205328469e-06,20659,
666,0.0012827063910663128,3.809917689068243e-05,3.0723870168003486e-06,20669,
666,,,,20676,0.0014149401104077697
667,0.0016616280190646648,3.685000410769135e-05,3.0963815333961975e-06,20679,
667,0.0013531321892514825,3.642961019068025e-05,3.1062268135428894e-06,20689,
667,0.0011843749089166522,3.598828334361315e-05,2.924906539192307e-06,20699,
667,,,,20707,0.0013698403490707278
668,0.0012967875227332115,3.6552304663928226e-05,2.8971539904887322e-06,20709,
668,0.0013613970950245857,3.510708120302297e-05,3.0432941002800362e-06,20719,
668,0.0012721418170258403,3.555194052751176e-05,2.9510761123674456e-06,20729,
668,,,,20738,0.0015011654468253255
669,0.0015097081195563078,4.083359090145677e-05,3.118584572803229e-06,20739,
669,0.0013095441972836852,3.6310844734543934e-05,2.9193454338383162e-06,20749,
669,0.001187052228488028,3.619087510742247e-05,3.0285600587376393e-06,20759,
669,0.00032889930298551917,3.102566915913485e-05,1.4527488545468259e-08,20769,
669,,,,20769,0.0015147898811846972
670,0.0013242504792287946,3.890398147632368e-05,3.121188001387054e-06,20779,
670,0.0013159740483388305,3.6773864849237725e-05,2.9123375497874804e-06,20789,
670,0.0012663982342928648,3.5329088859725744e-05,2.9198595257184934e-06,20799,
670,,,,20800,0.0013853006530553102
671,0.0012833095388486981,3.4725540899671614e-05,2.917357051046565e-06,20809,
671,0.001218597055412829,3.5599568946054205e-05,2.949482905023615e-06,20819,
671,0.0012135187862440944,3.520157406455837e-05,2.863952659026836e-06,20829,
671,,,,20831,0.0013817320577800274
672,0.0013763874303549528,3.624171586125158e-05,2.977532858494669e-06,20839,
672,0.0012100543826818466,3.673469109344296e-05,3.121644567727344e-06,20849,
672,0.0013009048998355865,3.686031050165184e-05,3.0125261218927335e-06,20859,
672,,,,20862,0.00138984271325171
673,0.0013851633993908763,3.731138349394314e-05,3.0397222872124985e-06,20869,
673,0.0011976888636127114,3.593304427340627e-05,2.9229820484033553e-06,20879,
673,0.0014132244978100061,3.6864228604827076e-05,3.030604148079874e-06,20889,
673,,,,20893,0.0013545174151659012
674,0.0013633992057293653,3.615044988691807e-05,2.828185415637563e-06,20899,
674,0.0013771378435194492,4.1604867874411866e-05,3.247876065870514e-06,20909,
674,0.001221754471771419,3.8233003579080105e-05,3.0896019325155066e-06,20919,
674,,,,20924,0.0013821434695273638
675,0.0016073071165010333,3.7159767089178786e-05,3.0608271117671393e-06,20929,
675,0.0013058120384812355,3.91565881727729e-05,3.0056114610488294e-06,20939,
675,0.0013061062199994922,4.2483916331548244e-05,3.087943014179473e-06,20949,
675,,,,20955,0.0013829481322318316
676,0.0013400589814409614,4.030308627989143e-05,3.1157562716543907e-06,20959,
676,0.0012585395015776157,3.739320527529344e-05,3.113949560429319e-06,20969,
676,0.001402791473083198,3.772584022954106e-05,2.9985399123688694e-06,20979,
676,,,,20986,0.0014857498463243246
677,0.0020197550766170025,3.756254227482714e-05,3.1934459912008606e-06,20989,
677,0.0013833099510520697,3.899970033671707e-05,3.1023748761072056e-06,20999,
677,0.0012669103452935815,3.682942042360082e-05,2.9363916382862953e-06,21009,
677,,,,21017,0.0017060438403859735
678,0.0013845710782334208,3.806803943007253e-05,2.9123505100869806e-06,21019,
678,0.001388711272738874,3.746960646822117e-05,3.0605949632445117e-06,21029,
678,0.0012237464543431997,3.528912930050865e-05,2.9544894459831994e-06,21039,
678,,,,21048,0.001329707563854754
679,0.001336795510724187,4.162570257904008e-05,3.049684210054693e-06,21049,
679,0.0012147300876677036,3.6095687391934916e-05,2.9220227588666603e-06,21059,
679,0.0011687915539368987,3.470052979537286e-05,2.9962177450215677e-06,21069,
679,0.00041498898644931614,2.9799182811984792e-05,1.4530047387495415e-08,21079,
679,,,,21079,0.0016873428830876946
680,0.001506368163973093,4.8203331971308216e-05,3.0963769859226886e-06,21089,
680,0.0012816964881494641,4.671280476031825e-05,2.918903192039579e-06,21099,
680,0.0012437687255442142,3.596878741518594e-05,2.9104364784870995e-06,21109,
680,,,,21110,0.0013998408103361726
681,0.001483584986999631,3.6164274206385016e-05,2.880837655538926e-06,21119,
681,0.0012157551245763898,3.7124606024008244e-05,2.9374371024459833e-06,21129,
681,0.0011921330587938428,3.5547131119528785e-05,2.8557101359183434e-06,21139,
681,,,,21141,0.0014705006033182144
682,0.0012914763065055013,3.714093327289447e-05,3.018489451278583e-06,21149,
682,0.0012113720877096057,3.685961200972088e-05,3.095590727753006e-06,21159,
682,0.0013012731214985251,3.735483915079385e-05,3.0180167414073367e-06,21169,
682,,,,21172,0.001395094906911254
683,0.0012089848751202226,3.703951006173156e-05,3.017253675352549e-06,21179,
683,0.001166632049717009,3.5859895433532074e-05,2.9623388400068507e-06,21189,
683,0.0013240555999800563,3.7886980862822384e-05,2.995401246153051e-06,21199,
683,,,,21203,0.0013282463187351823
684,0.0012566909426823258,3.6233788705430925e-05,2.748943870756193e-06,21209,
684,0.001322234165854752,3.792439747485332e-05,3.2628493045194773e-06,21219,
684,0.0012997306184843183,3.758356615435332e-05,3.0450487429334316e-06,21229,
684,,,,21234,0.001328612444922328
685,0.001752830808982253,3.7682370020775124e-05,3.0752330530958716e-06,21239,
685,0.001205330714583397,3.72787872038316e-05,3.012919933098601e-06,21249,
685,0.0012414819793775678,3.544754508766346e-05,3.024513489435776e-06,21259,
685,,,,21265,0.0013124565593898296
686,0.0012620415072888136,3.857623232761398e-05,3.1068675525602885e-06,21269,
686,0.001240172190591693,3.644483513198793e-05,3.097278977293172e-06,21279,
686,0.0012657165061682463,3.775837831199169e-05,3.001918230438605e-06,21289,
686,,,,21296,0.0013971318257972598
687,0.0013782817404717207,3.6287889088271186e-05,2.935004886239767e-06,21299,
687,0.0013215222861617804,3.603618097258732e-05,3.0939672797103412e-06,21309,
687,0.0011440478265285492,3.4616074117366225e-05,2.8751123863912653e-06,21319,
687,,,,21327,0.0015177468303591013
688,0.0020117040257900953,3.678188659250736e-05,2.805208623612998e-06,21329,
688,0.0020811199210584164,5.001527824788354e-05,3.391603968339041e-06,21339,
688,0.0020122919231653214,4.7790959797566757e-05,2.9913487651356263e-06,21349,
688,,,,21358,0.002023831009864807
689,0.0020298990420997143,7.613722118549049e-05,3.1818651677895105e-06,21359,
689,0.001563908765092492,4.6840403228998184e-05,3.0334972507262137e-06,21369,
689,0.0013298840494826436,3.984064096584916e-05,3.1094473342818674e-06,21379,
689,0.00036237703170627356,3.286721766926348e-05,1.4876849974143624e-08,21389,
689,,,,21389,0.0018814821960404515
690,0.0014872646424919367,3.96997929783538e-05,3.301640845165821e-06,21399,
690,0.0014336257008835673,3.74539231415838e-05,3.0630662877229042e-06,21409,
690,0.0013569396687671542,3.435539474594407e-05,3.0279115890152752e-06,21419,
690,,,,21420,0.0015317824436351657
691,0.0012737464858219028,3.550518522388302e-05,2.9632867608597735e-06,21429,
691,0.0012436765246093273,3.9046815800247714e-05,3.021776137757115e-06,21439,
691,0.0011866502463817596,3.591506174416281e-05,2.9028574317635503e-06,21449,
691,,,,21451,0.0014325977535918355
692,0.0012691906886175275,3.68490036635194e-05,3.048203780053882e-06,21459,
692,0.0011680012103170156,3.8643236621282995e-05,3.1425408906216035e-06,21469,
692,0.0012522293254733086,3.80563797079958e-05,3.058320999116404e-06,21479,
692,,,,21482,0.0012983041815459728
693,0.0011567275505512953,3.6819252272835e-05,3.038242539332714e-06,21489,
693,0.0011167225893586874,3.722803376149386e-05,2.9673290100618033e-06,21499,
693,0.0013281075516715646,3.81223508156836e-05,3.0303949642984662e-06,21509,
693,,,,21513,0.0013363960897549987
694,0.0012279615039005876,3.771116826101206e-05,2.768662170637981e-06,21519,
694,0.0013147508725523949,3.819180346908979e-05,3.2749596812209347e-06,21529,
694,0.0011829010909423232,3.75521594833117e-05,3.1038928227644647e-06,21539,
694,,,,21544,0.0013164205010980368
695,0.0013471177080646157,3.808206747635268e-05,3.0160724691086216e-06,21549,
695,0.001186457695439458,3.6586992791853845e-05,3.043305696337484e-06,21559,
695,0.0012020106660202146,3.5705332265933976e-05,3.041378477064427e-06,21569,
695,,,,21575,0.0013261600397527218
696,0.0013343305326998234,3.696763451443985e-05,3.1236941140377894e-06,21579,
696,0.0012785452418029308,3.651333463494666e-05,3.124504473817069e-06,21589,
696,0.0012451056391000748,3.752506017917767e-05,3.0333960694406414e-06,21599,
696,,,,21606,0.0013514135498553514
697,0.0014173659728839993,3.72529830201529e-05,2.9989971608301857e-06,21609,
697,0.0013642587000504136,3.40841434081085e-05,3.0474011509795673e-06,21619,
697,0.001139795407652855,3.4504631912568584e-05,2.90850789497199e-06,21629,
697,,,,21637,0.0012849749764427543
698,0.0011800185311585665,3.729197851498611e-05,2.921212171713705e-06,21639,
698,0.0012824725126847625,3.489598384476267e-05,3.0059788969083456e-06,21649,
698,0.0011818293714895844,3.362599454703741e-05,2.9265688681334723e-06,21659,
698,,,,21668,0.001280217315070331
699,0.0012874206295236945,4.0692801121622324e-05,3.015095899172593e-06,21669,
699,0.001269776956178248,3.582970748539083e-05,2.936949158538482e-06,21679,
699,0.0011977822287008166,3.45568114425987e-05,2.9761670248262817e-06,21689,
699,0.0003499242302495986,2.9951392207294703e-05,1.4416735361066912e-08,21699,
699,,,,21699,0.0013725680764764547
700,0.0012613412691280246,3.943327101296745e-05,3.0722474093636265e-06,21709,
700,0.0012363542336970568,3.6833294871030375e-05,2.9203124540799763e-06,21719,
700,0.0011992825893685222,3.409183045732789e-05,2.8766878585884115e-06,21729,
700,,,,21730,0.001434707548469305
701,0.001446479931473732,4.884255031356588e-05,2.9004809221078176e-06,21739,
701,0.002367109525948763,3.8787151424912736e-05,3.2731747978687054e-06,21749,
701,0.0016816197894513607,3.87389118259307e-05,3.103279368588119e-06,21759,
701,,,,21761,0.002430080436170101
702,0.0019815911073237658,4.63663054688368e-05,3.2431946692668134e-06,21769,
702,0.001471505151130259,4.2384981497889385e-05,3.295819624327123e-06,21779,
702,0.0013763324823230505,3.970534453401342e-05,3.1328536351793446e-06,21789,
702,,,,21792,0.00133508222643286
703,0.0012122939806431532,4.0013659599935636e-05,3.1132619824347785e-06,21799,
703,0.0011107649188488722,3.736941653187387e-05,3.0143810363369994e-06,21809,
703,0.001302311080507934,3.81791869585868e-05,3.067429133807309e-06,21819,
703,,,,21823,0.0012838178081437945
704,0.0011918260715901852,3.835827737930231e-05,2.8210388336447068e-06,21829,
704,0.0012918986612930894,3.9228132663993165e-05,3.318542439956218e-06,21839,
704,0.0011680147144943476,3.800678314291872e-05,3.1515526188741205e-06,21849,
704,,,,21854,0.0012913697864860296
705,0.0012685308465734124,3.712464967975393e-05,3.028247419933905e-06,21859,
705,0.001178986276499927,3.658315472421236e-05,3.0688909191667335e-06,21869,
705,0.0011827778071165085,3.5857879993272945e-05,3.0668707040604204e-06,21879,
705,,,,21885,0.0012789868051186204
706,0.0011980094714090228,3.6936758988304064e-05,3.1609249617758906e-06,21889,
706,0.0012221590150147676,3.6023873690282926e-05,3.1457927889277926e-06,21899,
706,0.0012137156445533037,3.765371729969047e-05,3.0593071187468013e-06,21909,
706,,,,21916,0.0012714301701635122
707,0.0012716592755168676,3.6434132198337466e-05,2.9912334866821766e-06,21919,
707,0.0012603524373844266,3.391554855625145e-05,3.0877165499987314e-06,21929,
707,0.0011160132708027959,3.395862222532742e-05,2.909486738644773e-06,21939,
707,,,,21947,0.0012746795546263456
708,0.001176644815132022,3.758440652745776e-05,2.9080053991492605e-06,21949,
708,0.001262448262423277,3.4685846912907436e-05,3.0202393190847943e-06,21959,
708,0.0011509292526170611,3.3677246392471716e-05,2.9433508643705864e-06,21969,
708,,,,21978,0.0012842330615967512
709,0.0012886244803667068,4.081030419911258e-05,3.042550133613986e-06,21979,
709,0.0011794223682954907,3.605535312090069e-05,2.9004543193877907e-06,21989,
709,0.001140235923230648,3.448609641054645e-05,3.0246881124185165e-06,21999,
709,0.0002666214422788471,2.9501030439860187e-05,1.4231769540629102e-08,22009,
709,,,,22009,0.0012823077850043774
710,0.0011986983008682728,3.778776226681657e-05,3.078539521084167e-06,22019,
710,0.0012099798768758774,3.608050610637292e-05,2.8684041808446636e-06,22029,
710,0.0011825398541986942,3.457910133874975e-05,2.882669150494621e-06,22039,
710,,,,22040,0.0013359114527702332
711,0.0012313146144151688,3.3677246392471716e-05,2.868154979296378e-06,22049,
711,0.001196697587147355,3.5990724427392706e-05,2.928454478023923e-06,22059,
711,0.0011689221719279885,3.5535686038201675e-05,2.841608875314705e-06,22069,
711,,,,22071,0.0012794211506843567
712,0.0011923018610104918,3.7147758121136576e-05,2.9797881779813906e-06,22079,
712,0.0011387577978894114,3.781978375627659e-05,3.083091314692865e-06,22089,
712,0.0012808992760255933,3.6310681025497615e-05,2.9704870030400343e-06,22099,
712,,,,22102,0.0012672339798882604
713,0.001326494151726365,3.685997944558039e-05,3.0284440981631633e-06,22109,
713,0.0010958261555060744,3.6561410524882376e-05,2.8947436021553585e-06,22119,
713,0.0012988419039174914,3.727844523382373e-05,2.986140771099599e-06,22129,
713,,,,22133,0.0016623294213786721
714,0.0013242597924545407,3.877883136738092e-05,2.754058414211613e-06,22139,
714,0.0012963663320988417,4.196162262815051e-05,3.276272536822944e-06,22149,
714,0.0012183340732008219,4.234972220729105e-05,3.0924313705327222e-06,22159,
714,,,,22164,0.001290166866965592
715,0.0012858492555096745,3.9638478483539075e-05,3.008450676134089e-06,22169,
715,0.0011641384335234761,3.53792383975815e-05,3.047319523830083e-06,22179,
715,0.0011774883605539799,3.465202826191671e-05,3.0391995551326545e-06,22189,
715,,,,22195,0.0013202569680288434
716,0.0012647684197872877,3.701170862768777e-05,3.0924986731406534e-06,22199,
716,0.0011940794065594673,3.662398739834316e-05,3.094149178650696e-06,22209,
716,0.001193065196275711,3.7735993828391656e-05,3.003256097144913e-06,22219,
716,,,,22226,0.001276256050914526
717,0.0012979604071006179,3.5810982808470726e-05,2.9654638638021424e-06,22229,
717,0.0012521030148491263,3.440047657932155e-05,3.035568852283177e-06,22239,
717,0.0011039386736229062,3.4134991437895223e-05,2.8739561912516365e-06,22249,
717,,,,22257,0.001261268276721239
718,0.0011596850818023086,3.60788544639945e-05,2.873159701266559e-06,22259,
718,0.0012391889467835426,3.428161653573625e-05,2.9803607048961567e-06,22269,
718,0.00117052614223212,3.4384658647468314e-05,2.8965625915589044e-06,22279,
718,,,,22288,0.0013267796020954847
719,0.0013306307373568416,3.986165756941773e-05,3.0275994049588917e-06,22289,
719,0.001327000791206956,3.6020421248394996e-05,2.8480214950832305e-06,22299,
719,0.0011056495131924748,3.5456552723189816e-05,2.9828784136043396e-06,22309,
719,0.0002659460296854377,2.9429986170725897e-05,1.4108993084960275e-08,22319,
719,,,,22319,0.0012484784238040447
720,0.0011860394151881337,3.7207075365586206e-05,3.044486675207736e-06,22329,
720,0.0011704229982569814,3.509762973408215e-05,2.8545184704853455e-06,22339,
720,0.0011930455220863223,3.477634527371265e-05,2.8341589768388076e-06,22349,
720,,,,22350,0.0012441817671060562
721,0.001247664331458509,3.3490661735413596e-05,2.880074362110463e-06,22359,
721,0.0011364977108314633,3.604793528211303e-05,2.8635604394366965e-06,22369,
721,0.0011360317002981901,3.4943634091177955e-05,2.797213710437063e-06,22379,
721,,,,22381,0.0014473784249275923
722,0.0015457643894478679,4.1855175368255004e-05,3.0864525797369424e-06,22389,
722,0.0011576124234125018,3.788629692280665e-05,3.0765847895963816e-06,22399,
722,0.0012397411046549678,3.7869442166993394e-05,2.986623485412565e-06,22409,
722,,,,22412,0.001325600896961987
723,0.0012180543271824718,3.758288221433759e-05,2.961259724543197e-06,22419,
723,0.0010583765106275678,3.587001992855221e-05,2.8996159926464316e-06,22429,
723,0.0012520538875833154,3.7766392779303715e-05,2.9626430659845937e-06,22439,
723,,,,22443,0.0013196683721616864
724,0.001298612216487527,3.641961302491836e-05,2.7535857043403666e-06,22449,
724,0.0012850631028413773,3.730141543201171e-05,3.2555019515712047e-06,22459,
724,0.0011756954481825233,3.734491838258691e-05,3.0239000352594303e-06,22469,
724,,,,22474,0.0013028461253270507
725,0.0012895880499854684,3.704577102325857e-05,2.9704804092034465e-06,22479,
725,0.0011875693453475833,3.5487926652422175e-05,2.9762020403723e-06,22489,
725,0.0012235164176672697,3.528891465975903e-05,3.006957967954804e-06,22499,
725,,,,22505,0.0013529048301279545
726,0.0011832797899842262,3.713818296091631e-05,3.1062556899996707e-06,22509,
726,0.0012244076933711767,3.6783283576369286e-05,3.115924755547894e-06,22519,
726,0.001210509450174868,3.605478195822798e-05,2.9916714083810803e-06,22529,
726,,,,22536,0.0013090200955048203
727,0.0012667863629758358,3.424851092859171e-05,2.9387792892521247e-06,22539,
727,0.0012305876007303596,3.5081633541267365e-05,3.0361604785866803e-06,22549,
727,0.0010928144911304116,3.318364542792551e-05,2.8337474304862553e-06,22559,
727,,,,22567,0.0012663656380027533
728,0.0012802663259208202,3.5171786294085905e-05,2.8351514629321173e-06,22569,
728,0.0012966250069439411,3.9339949580607936e-05,3.031362894034828e-06,22579,
728,0.001169283059425652,4.015108788735233e-05,2.965606654470321e-06,22589,
728,,,,22598,0.002043237444013357
729,0.002052833791822195,3.890340667567216e-05,3.1740441954752896e-06,22599,
729,0.001476996229030192,3.695994382724166e-05,3.014635240106145e-06,22609,
729,0.0011811237782239914,3.543358980095945e-05,3.003965503012296e-06,22619,
729,0.00027661226340569556,2.901779043895658e-05,1.4392146141517514e-08,22629,
729,,,,22629,0.0012592714047059417
730,0.0011688168160617352,3.795771408476867e-05,3.0817309379926883e-06,22639,
730,0.0011645476333796978,3.4869783121393993e-05,2.880144620576175e-06,22649,
730,0.0011501379776746035,3.3908025216078386e-05,2.877407268897514e-06,22659,
730,,,,22660,0.0013388041406869888
731,0.0012465876061469316,3.348165046190843e-05,2.855193770301412e-06,22669,
731,0.0011211567325517535,3.499009835650213e-05,2.865927626771736e-06,22679,
731,0.0011059156386181712,3.41002996719908e-05,2.7887572286999784e-06,22689,
731,,,,22691,0.0012892890954390168
732,0.001201500417664647,3.5208111512474716e-05,2.9757950414932566e-06,22699,
732,0.0011252985568717122,3.6296758480602875e-05,3.0383264402189525e-06,22709,
732,0.0011892284965142608,3.664420364657417e-05,2.9667448870895896e-06,22719,
732,,,,22722,0.001258710864931345
733,0.0011132610961794853,3.569525870261714e-05,2.9622306101373397e-06,22729,
733,0.0010597537038847804,3.4834116377169266e-05,2.892620159400394e-06,22739,
733,0.0012264085235074162,3.704373011714779e-05,2.9379157240327913e-06,22749,
733,,,,22753,0.0012698064092546701
734,0.001268227701075375,3.60709018423222e-05,2.6678819722292246e-06,22759,
734,0.0012230731081217527,3.761970947380178e-05,3.204106178600341e-06,22769,
734,0.0011008315486833453,3.754167119041085e-05,3.0357944069692167e-06,22779,
734,,,,22784,0.0012655557366088033
735,0.0013946156250312924,3.8147118175402284e-05,2.9864897896914044e-06,22789,
735,0.001126064802519977,3.553041096893139e-05,2.9630193694174523e-06,22799,
735,0.0011973793152719736,3.5131855838699266e-05,3.0133294330880744e-06,22809,
735,,,,22815,0.0013559464132413268
736,0.0015827745664864779,3.908633880200796e-05,3.0189496555976802e-06,22819,
736,0.0011844126274809241,3.949838355765678e-05,3.065206783503527e-06,22829,
736,0.0011928182793781161,3.745019421330653e-05,2.95274298878212e-06,22839,
736,,,,22846,0.0013090684078633785
737,0.0012569654500111938,3.57202734448947e-05,2.9179523153288756e-06,22849,
737,0.001215538359247148,3.493286203593016e-05,2.9973107302794233e-06,22859,
737,0.0012010234640911222,3.367648969287984e-05,2.8866531920357374e-06,22869,
737,,,,22877,0.0013483932707458735
738,0.001266144448891282,3.999262844445184e-05,2.8190574994368944e-06,22879,
738,0.0012677159393206239,3.503144034766592e-05,2.9723312309215544e-06,22889,
738,0.0011452004546299577,3.516967626637779e-05,2.874971642086166e-06,22899,
738,,,,22908,0.0012190320994704962
739,0.0012235544854775071,3.862961602862924e-05,2.9563025236711837e-06,22909,
739,0.0011684508062899113,3.540099351084791e-05,2.892194288506289e-06,22919,
739,0.001081163645721972,3.61561615136452e-05,2.9661346161447e-06,22929,
739,0.0002621084568090737,2.9201202778494917e-05,1.3876754856312346e-08,22939,
739,,,,22939,0.0012297237990424037
740,0.0011956056114286184,3.848774576908909e-05,3.0177411645126995e-06,22949,
740,0.0011733280261978507,3.514197305776179e-05,2.8065499009244377e-06,22959,
740,0.0011988779297098517,3.513504270813428e-05,2.8176893920317525e-06,22969,
740,,,,22970,0.0012143587227910757
741,0.001375971594825387,3.417628977331333e-05,2.9214791084086755e-06,22979,
741,0.0012459921417757869,3.850066786981188e-05,2.8561719318531686e-06,22989,
741,0.0012562189949676394,3.732544428203255e-05,2.8213476070959587e-06,22999,
741,,,,23001,0.0015136769507080317
742,0.0016516400501132011,5.022148252464831e-05,3.0735677682969254e-06,23009,
742,0.0011809163261204958,3.99486452806741e-05,3.0611370220867684e-06,23019,
742,0.0011965720914304256,3.82352591259405e-05,2.9749023724434664e-06,23029,
742,,,,23032,0.0013994564069435
743,0.0011349550914019346,3.6435219954000786e-05,2.9587884000648046e-06,23039,
743,0.0010678756516426802,3.691894016810693e-05,2.906551799242152e-06,23049,
743,0.0012306649005040526,3.7054116546642035e-05,2.9365564842009917e-06,23059,
743,,,,23063,0.001248664571903646
744,0.001313433051109314,3.6822100810240954e-05,2.6604595859680558e-06,23069,
744,0.001237207092344761,3.7699293898185715e-05,3.19077548738278e-06,23079,
744,0.0011048443848267198,3.766912777791731e-05,3.0463916118605994e-06,23089,
744,,,,23094,0.001218280871398747
745,0.0012085899943485856,3.72112772311084e-05,2.9319010081962915e-06,23099,
745,0.0010967827402055264,3.5546756407711655e-05,2.9708523925364716e-06,23109,
745,0.0011231409152969718,3.5494806070346385e-05,2.9695140710828127e-06,23119,
745,,,,23125,0.001223937259055674
746,0.0016619606176391244,3.715170169016346e-05,3.008396333825658e-06,23129,
746,0.001199532300233841,3.952571933041327e-05,3.0682629130751593e-06,23139,
746,0.0011777232866734266,3.681171438074671e-05,2.9837469810445327e-06,23149,
746,,,,23156,0.0014539703261107206
747,0.0016847257502377033,3.5022516385652125e-05,3.006427959917346e-06,23159,
747,0.001229359651915729,3.5439978091744706e-05,3.0407857138925465e-06,23169,
747,0.0010815596906468272,3.425171962589957e-05,2.846322104232968e-06,23179,
747,,,,23187,0.0012818777468055487
748,0.0011682811891660094,3.672328239190392e-05,2.8341271445242455e-06,23189,
748,0.0011935548391193151,3.4805136237991974e-05,2.943027084256755e-06,23199,
748,0.0011056953808292747,3.435591861489229e-05,2.859502501451061e-06,23209,
748,,,,23218,0.0011935976799577475
749,0.001196282566525042,3.8636917452095076e-05,2.942763330793241e-06,23219,
749,0.0011039399541914463,3.4241580578964204e-05,2.8520223622763297e-06,23229,
749,0.0010972226737067103,3.5064032999798656e-05,2.967974751300062e-06,23239,
749,0.0002491092891432345,2.8997192202950828e-05,1.3723638225826562e-08,23249,
749,,,,23249,0.001191010233014822
750,0.0011456055799499154,3.621647192630917e-05,2.985828814416891e-06,23259,
750,0.0011167949996888638,3.507909059408121e-05,2.8027202461089473e-06,23269,
750,0.0013082466321066022,3.440602813498117e-05,2.7637911443889607e-06,23279,
750,,,,23280,0.0013659079559147358
751,0.0012188940308988094,3.5941891837865114e-05,2.8856525204901118e-06,23289,
751,0.0011771456338465214,3.646178447525017e-05,2.7909154596272856e-06,23299,
751,0.0011498404201120138,3.400122659513727e-05,2.773878804873675e-06,23309,
751,,,,23311,0.0012045928742736578
752,0.0015951095847412944,4.393177732708864e-05,3.000375272677047e-06,23319,
752,0.001142551307566464,4.054604141856544e-05,3.0564797270926647e-06,23329,
752,0.0011825416004285216,4.061750587425195e-05,2.9509610612876713e-06,23339,
752,,,,23342,0.0013992239255458117
753,0.0012962513137608767,3.968466990045272e-05,2.8940798983967397e-06,23349,
753,0.001089316327124834,3.6607594665838405e-05,2.847877112799324e-06,23359,
753,0.0012054383987560868,3.8028545532142743e-05,2.92259210254997e-06,23369,
753,,,,23373,0.0013307370245456696
754,0.0011186562478542328,3.645391552709043e-05,2.6966749828716274e-06,23379,
754,0.0011987939942628145,3.7233621696941555e-05,3.2055365863925545e-06,23389,
754,0.0010731061920523643,3.707227369886823e-05,3.024624675163068e-06,23399,
754,,,,23404,0.0013147438876330853
755,0.0013445437652990222,3.9135389670263976e-05,2.9709160571655957e-06,23409,
755,0.001117319450713694,3.7227389839245006e-05,2.9805114536429755e-06,23419,
755,0.0011059781536459923,3.583122088457458e-05,2.9541133699240163e-06,23429,
755,,,,23435,0.0012691908050328493
756,0.0013063850346952677,3.869016290991567e-05,3.015653646798455e-06,23439,
756,0.0011232264805585146,3.7524681829381734e-05,3.0333626455103513e-06,23449,
756,0.0011151699582114816,3.696260682772845e-05,2.938026909760083e-06,23459,
756,,,,23466,0.0011968560284003615
757,0.0012280287919566035,3.494748307275586e-05,2.90344723907765e-06,23469,
757,0.0011736571323126554,3.449941868893802e-05,2.984216052936972e-06,23479,
757,0.00105378741864115,3.311195905553177e-05,2.8098493203287944e-06,23489,
757,,,,23497,0.0012396735837683082
758,0.0012634837767109275,3.601484058890492e-05,2.790243570416351e-06,23499,
758,0.0012850923230871558,3.619600829551928e-05,2.9676800750166876e-06,23509,
758,0.0010876497253775597,3.596259921323508e-05,2.8996355467825197e-06,23519,
758,,,,23528,0.0012051265221089125
759,0.0012059541186317801,3.6869470932288095e-05,2.9449904559442075e-06,23529,
759,0.0010852143168449402,3.388385448488407e-05,2.840202114384738e-06,23539,
759,0.0010332141537219286,3.5282402677694336e-05,2.9276586701598717e-06,23549,
759,0.00025329049094580114,2.9127320885891095e-05,1.3486275207696963e-08,23559,
759,,,,23559,0.001272157533094287
760,0.0012790579348802567,4.037825783598237e-05,3.05164485325804e-06,23569,
760,0.0011396495392546058,3.5494154872139916e-05,2.826282297974103e-06,23579,
760,0.0011033775517717004,3.425957402214408e-05,2.819006567733595e-06,23589,
760,,,,23590,0.0013657094677910209
761,0.001146263792179525,3.300088064861484e-05,2.8078241030016216e-06,23599,
761,0.0010810410603880882,3.4927885280922055e-05,2.8084402856620727e-06,23609,
761,0.0010748176136985421,3.443412060732953e-05,2.7169273835170316e-06,23619,
761,,,,23621,0.0012026577023789287
762,0.0011080543044954538,3.5466258850647137e-05,2.901057769122417e-06,23629,
762,0.001060906215570867,3.527055014274083e-05,2.990194388985401e-06,23639,
762,0.0012375176884233952,3.5118009691359475e-05,2.889073357437155e-06,23649,
762,,,,23652,0.0011802160879597068
763,0.0012042176676914096,3.523021950968541e-05,2.930166374426335e-06,23659,
763,0.001042274758219719,3.533774724928662e-05,2.80237031802244e-06,23669,
763,0.001285156118683517,3.6259007174521685e-05,2.9148395697120577e-06,23679,
763,,,,23683,0.0012796060182154179
764,0.0013452281709760427,3.7049027014290914e-05,2.6123107090825215e-06,23689,
764,0.0013026704546064138,4.149728556512855e-05,3.142829882563092e-06,23699,
764,0.001140030799433589,3.8872789446031675e-05,2.9654986519744853e-06,23709,
764,,,,23714,0.0013329581124708056
765,0.001187783433124423,4.0006179915508255e-05,2.8939505227754125e-06,23719,
765,0.0010707281762734056,3.702507819980383e-05,2.9490943234122824e-06,23729,
765,0.0010969799477607012,3.491073948680423e-05,2.931724338850472e-06,23739,
765,,,,23745,0.001168628572486341
766,0.0012872351799160242,3.8285339542198926e-05,3.0859539492666954e-06,23749,
766,0.0011214031837880611,3.723956979229115e-05,3.007331770277233e-06,23759,
766,0.0011628323700278997,3.7117188185220584e-05,2.891314579755999e-06,23769,
766,,,,23776,0.001169490860775113
767,0.0011866309214383364,3.4437205613357946e-05,2.8479546472226502e-06,23779,
767,0.001153821125626564,3.494602060527541e-05,2.9677569273189874e-06,23789,
767,0.001034452929161489,3.320724863442592e-05,2.786336153803859e-06,23799,
767,,,,23807,0.0012360616819933057
768,0.0012163775973021984,3.490418384899385e-05,2.878283112295321e-06,23809,
768,0.0012030265061184764,3.456816193647683e-05,2.8740332709276117e-06,23819,
768,0.0012193846050649881,3.865746111841872e-05,2.9273071504576365e-06,23829,
768,,,,23838,0.0014701263280585408
769,0.0014673394616693258,3.9188642404042184e-05,2.9777709187328583e-06,23839,
769,0.0013156370259821415,4.3352440115995705e-05,2.926932893387857e-06,23849,
769,0.0010461778147146106,3.7161593354539946e-05,2.9379100396909053e-06,23859,
769,0.0002784320095088333,2.9154867661418393e-05,1.3611884952524633e-08,23869,
769,,,,23869,0.0012608630349859595
770,0.001162881962954998,4.695708048529923e-05,3.0133480777294608e-06,23879,
770,0.0011226882925257087,4.1766121285036206e-05,2.8032768568664324e-06,23889,
770,0.0011111199855804443,3.6297322367317975e-05,2.8228059818502516e-06,23899,
770,,,,23900,0.0012134506832808256
771,0.0011268926318734884,3.189355993526988e-05,2.8052954803570174e-06,23909,
771,0.0010672489879652858,3.421492874622345e-05,2.7977541776635917e-06,23919,
771,0.001047763624228537,3.414863385842182e-05,2.7102842068416066e-06,23929,
771,,,,23931,0.0012957471190020442
772,0.0011168508790433407,3.8954760384513065e-05,2.909139311668696e-06,23939,
772,0.0010763546451926231,3.697630381793715e-05,2.9724499199801357e-06,23949,
772,0.0011453221086412668,3.637599729700014e-05,2.9017694487265544e-06,23959,
772,,,,23962,0.0012525629717856646
773,0.0010609892196953297,3.529541936586611e-05,2.886956053771428e-06,23969,
773,0.0009965704521164298,3.4196884371340275e-05,2.8148731416877126e-06,23979,
773,0.001157477730885148,3.6556182749336585e-05,2.8786791972379433e-06,23989,
773,,,,23993,0.0011684645432978868
774,0.0010903181973844767,3.5576616937760264e-05,2.6368286398792407e-06,23999,
774,0.001153680612333119,3.6903948057442904e-05,3.1467914141103392e-06,24009,
774,0.0011382995871827006,3.629197817645036e-05,2.920394308603136e-06,24019,
774,,,,24024,0.001150845899246633
775,0.0012463848106563091,3.6789300793316215e-05,2.9162122245907085e-06,24029,
775,0.001110901590436697,3.4790249628713354e-05,2.897319973271806e-06,24039,
775,0.0011821050429716706,3.542763079167344e-05,2.9388827442744514e-06,24049,
775,,,,24055,0.0011919961543753743
776,0.0015613307477906346,3.718425796250813e-05,2.9590212307084585e-06,24059,
776,0.0011052597546949983,3.9254689909284934e-05,3.0082837838563137e-06,24069,
776,0.0010981691302731633,3.588621984818019e-05,2.933566975116264e-06,24079,
776,,,,24086,0.0011541814310476184
777,0.0011711358092725277,3.397136606508866e-05,2.8589763587660855e-06,24089,
777,0.0011395869078114629,3.40762926498428e-05,2.946786253232858e-06,24099,
777,0.0010784524492919445,3.310132888145745e-05,2.7965270419372246e-06,24109,
777,,,,24117,0.0013143952237442136
778,0.0014554295921698213,3.741141699720174e-05,2.7492981189425336e-06,24119,
778,0.0012505854247137904,3.804538937401958e-05,2.8608196771529038e-06,24129,
778,0.0011661520693451166,4.0337079553864896e-05,2.820068857545266e-06,24139,
778,,,,24148,0.0011746640084311366
779,0.001174195553176105,3.672089587780647e-05,2.9197201456554467e-06,24149,
779,0.0010854915017262101,3.322373595437966e-05,2.8310601010161918e-06,24159,
779,0.0010575592750683427,3.46756205544807e-05,2.9297054879862117e-06,24169,
779,0.0002679356839507818,2.92439781333087e-05,1.3229763062838629e-08,24179,
779,,,,24179,0.001201928942464292
780,0.0010819102171808481,3.604411176638678e-05,2.9335260478546843e-06,24189,
780,0.0010893067810684443,3.47075292665977e-05,2.7543744636204792e-06,24199,
780,0.001067698118276894,3.390714482520707e-05,2.7689789021678735e-06,24209,
780,,,,24210,0.0011699226452037692
781,0.0011316152522340417,3.2435138564324006e-05,2.802017206704477e-06,24219,
781,0.0010690524941310287,3.445532274781726e-05,2.7277749268250773e-06,24229,
781,0.0011049958411604166,3.385043964954093e-05,2.730181222432293e-06,24239,
781,,,,24241,0.0011465270072221756
782,0.0011002219980582595,3.588245817809366e-05,2.8776805720553966e-06,24249,
782,0.001035558176226914,3.485538036329672e-05,2.955634727186407e-06,24259,
782,0.0012072016252204776,3.512405601213686e-05,2.834773795257206e-06,24269,
782,,,,24272,0.0012885169126093388
783,0.0010754946852102876,3.649869904620573e-05,2.8645683869399363e-06,24279,
783,0.0009902797173708677,3.524516796460375e-05,2.7776632123277523e-06,24289,
783,0.0011415081098675728,3.578385440050624e-05,2.850494411177351e-06,24299,
783,,,,24303,0.0011761632049456239
784,0.0017515973886474967,4.028408511658199e-05,2.5839485715550836e-06,24309,
784,0.001171271549537778,4.694224480772391e-05,3.1411686904903036e-06,24319,
784,0.0010417045559734106,4.4275031541474164e-05,2.99569819617318e-06,24329,
784,,,,24334,0.00118249433580786
785,0.00115980114787817,3.6296882171882316e-05,2.888910557885538e-06,24339,
785,0.0010551457526162267,3.4965312806889415e-05,2.9177788292145124e-06,24349,
785,0.0010559279471635818,3.4775450330926105e-05,2.8836184355895966e-06,24359,
785,,,,24365,0.0012806619051843882
786,0.0015856963582336903,3.788641333812848e-05,2.954888941530953e-06,24369,
786,0.0011370731517672539,3.916849891538732e-05,3.0149462872941513e-06,24379,
786,0.0011410635197535157,3.6411427572602406e-05,2.9402124255284434e-06,24389,
786,,,,24396,0.0013534474419429898
787,0.0012498709838837385,3.3540010917931795e-05,2.9028847166046035e-06,24399,
787,0.0012267112033441663,3.488254515104927e-05,2.929244374172413e-06,24409,
787,0.000995054142549634,3.3232125133508816e-05,2.756271442194702e-06,24419,
787,,,,24427,0.0012062116293236613
788,0.0011438927613198757,3.6204466596245766e-05,2.7709918413165724e-06,24429,
788,0.001223833649419248,3.415433820919134e-05,2.920640554293641e-06,24439,
788,0.0010308062192052603,3.3989686926361173e-05,2.8055278562533204e-06,24449,
788,,,,24458,0.0011501745320856571
789,0.0011518774554133415,3.718366860994138e-05,2.872337518056156e-06,24459,
789,0.0010455792071297765,3.4245455026393756e-05,2.8061276680091396e-06,24469,
789,0.0010095657780766487,3.495016790111549e-05,2.890944188038702e-06,24479,
789,0.000236497275182046,2.87798757199198e-05,1.3194657810799981e-08,24489,
789,,,,24489,0.0011399578070268035
790,0.0011803308734670281,3.566109080566093e-05,2.8947583814442623e-06,24499,
790,0.0010913099395111203,3.554248178261332e-05,2.7693743049894692e-06,24509,
790,0.001097937230952084,3.380732596269809e-05,2.794268539219047e-06,24519,
790,,,,24520,0.001473905984312296
791,0.0013127868296578526,3.523447594488971e-05,2.743674940575147e-06,24529,
791,0.0010837933514267206,3.510245733195916e-05,2.7353135010343976e-06,24539,
791,0.0010517509654164314,3.447584458626807e-05,2.666303771547973e-06,24549,
791,,,,24551,0.001161209656856954
792,0.0010558580979704857,3.5740897146752104e-05,2.8622748686757404e-06,24559,
792,0.0010406931396573782,3.5494242183631286e-05,2.944266952908947e-06,24569,
792,0.0011069058673456311,3.5477492929203436e-05,2.873028506655828e-06,24579,
792,,,,24582,0.0011388930724933743
793,0.0010604148264974356,3.449898213148117e-05,2.8206823117216118e-06,24589,
793,0.0009540484752506018,3.454924444667995e-05,2.7637988750939257e-06,24599,
793,0.0011326232925057411,3.588645995478146e-05,2.84399175143335e-06,24609,
793,,,,24613,0.001123535679653287
794,0.0011145288590341806,3.466921771178022e-05,2.654835270732292e-06,24619,
794,0.001118784653954208,3.732033655978739e-05,3.0923529266146943e-06,24629,
794,0.0010432862909510732,3.6253815778763965e-05,2.9042237201792886e-06,24639,
794,,,,24644,0.0011182398302480578
795,0.001114910002797842,3.59241348633077e-05,2.8437134460546076e-06,24649,
795,0.0010256627574563026,3.4014676202787086e-05,2.8947354167030426e-06,24659,
795,0.0010742854792624712,3.459396248217672e-05,2.871232481993502e-06,24669,
795,,,,24675,0.0012957719154655933
796,0.0011498259846121073,3.742238914128393e-05,3.0057260573812528e-06,24679,
796,0.0010679891565814614,3.714820559252985e-05,2.9645984795934055e-06,24689,
796,0.001054881140589714,3.693677354021929e-05,2.8545214263431262e-06,24699,
796,,,,24706,0.0011243815533816814
797,0.0017598189879208803,3.400716741452925e-05,2.958621280413354e-06,24709,
797,0.001269398257136345,4.267450640327297e-05,3.0350438464665785e-06,24719,
797,0.001114536076784134,3.58548313670326e-05,2.7971682357019745e-06,24729,
797,,,,24737,0.0015480548609048128
798,0.001686095492914319,3.65900486940518e-05,2.7386936380935367e-06,24739,
798,0.0011299613397568464,3.501445462461561e-05,2.8294218736846233e-06,24749,
798,0.0010385913774371147,3.390687197679654e-05,2.825278215823346e-06,24759,
798,,,,24768,0.0012585626682266593
799,0.0012556333094835281,3.6642159102484584e-05,2.9396985610219417e-06,24769,
799,0.001046443241648376,3.398717308300547e-05,2.78724724012136e-06,24779,
799,0.0010134376352652907,3.505838321871124e-05,2.8807660328311613e-06,24789,
799,0.0002552015648689121,2.828428114298731e-05,1.3115163177701561e-08,24799,
799,,,,24799,0.001150744385086
800,0.0010728033958002925,3.604339872254059e-05,2.8994122658332344e-06,24809,
800,0.0010424801148474216,3.4596709156176075e-05,2.7132409741170704e-06,24819,
800,0.0010327980853617191,3.3089250791817904e-05,2.745408210103051e-06,24829,
800,,,,24830,0.0011576875112950802
801,0.0010893942089751363,3.2286068744724616e-05,2.766025318123866e-06,24839,
801,0.0011126911267638206,3.383857983862981e-05,2.7751477773563238e-06,24849,
801,0.0010137548670172691,3.3394931961083785e-05,2.655381649674382e-06,24859,
801,,,,24861,0.0011193400714546442
802,0.001052096369676292,3.549165194272064e-05,2.8425108666851884e-06,24869,
802,0.0010042596841230989,3.400275454623625e-05,2.900062554545002e-06,24879,
802,0.001090704696252942,3.491409370326437e-05,2.81908864963043e-06,24889,
802,,,,24892,0.0011051797773689032
803,0.001078805886209011,3.4370623325230554e-05,2.8412734991434263e-06,24899,
803,0.0010102991946041584,3.402023867238313e-05,2.709493401198415e-06,24909,
803,0.00121216697152704,3.533208655426279e-05,2.8531703719636425e-06,24919,
803,,,,24923,0.001126157003454864
804,0.001382162212394178,3.644557364168577e-05,2.5443368940614164e-06,24929,
804,0.0013251296477392316,3.898778959410265e-05,3.04124660033267e-06,24939,
804,0.0010453659342601895,3.9965001633390784e-05,2.897803824453149e-06,24949,
804,,,,24954,0.0014197411946952343
805,0.0013618703233078122,4.0055954741546884e-05,2.894607860071119e-06,24959,
805,0.0010600946843624115,3.675098196254112e-05,2.8992267289140727e-06,24969,
805,0.001086238189600408,3.6355162592371926e-05,2.861026587197557e-06,24979,
805,,,,24985,0.001137307146564126
806,0.0010612783953547478,3.743372508324683e-05,2.964474106192938e-06,24989,
806,0.0010626539587974548,3.5452027077553794e-05,2.9660070595127763e-06,24999,
806,0.0010792051907628775,3.480921805021353e-05,2.826879835993168e-06,25009,
806,,,,25016,0.0011434328043833375
807,0.0012200248893350363,3.356060915393755e-05,2.841399464159622e-06,25019,
807,0.0011040684767067432,3.502662730170414e-05,2.899015498769586e-06,25029,
807,0.0010016384767368436,3.2752530387369916e-05,2.7159137516719056e-06,25039,
807,,,,25047,0.0011932080378755927
808,0.0011395190376788378,3.5357919841771945e-05,2.7677292564476375e-06,25049,
808,0.0010883350623771548,3.3590233215363696e-05,2.8178806132928003e-06,25059,
808,0.0009913205867633224,3.401837238925509e-05,2.767406840575859e-06,25069,
808,,,,25078,0.0012699650833383203
809,0.0012718160869553685,3.584279693313874e-05,2.8224089874129277e-06,25079,
809,0.0010561499511823058,3.474463665043004e-05,2.8080291940568713e-06,25089,
809,0.0009731263853609562,3.5052911698585376e-05,2.843043603206752e-06,25099,
809,0.00024901400320231915,2.8645783459069207e-05,1.2905180035716057e-08,25109,
809,,,,25109,0.0011291541159152985
810,0.0014089179458096623,4.526020711637102e-05,2.9830139283149038e-06,25119,
810,0.0010866387747228146,3.909597216988914e-05,2.7756718736782204e-06,25129,
810,0.0010420529870316386,3.5348999517736956e-05,2.762803887890186e-06,25139,
810,,,,25140,0.0013175945496186614
811,0.0011622663587331772,3.0423712814808823e-05,2.720888915064279e-06,25149,
811,0.0009950075764209032,3.488244692562148e-05,2.6822044674190693e-06,25159,
811,0.0009955543791875243,3.4339824196649715e-05,2.6455879833520157e-06,25169,
811,,,,25171,0.0011607666965574026
812,0.0010241055861115456,3.468897193670273e-05,2.8065776405128418e-06,25179,
812,0.001026762300170958,3.4560747735667974e-05,2.869750460376963e-06,25189,
812,0.0010582869872450829,3.476834172033705e-05,2.834730594258872e-06,25199,
812,,,,25202,0.0011047484586015344
813,0.0009957896545529366,3.405745155760087e-05,2.80237281913287e-06,25209,
813,0.0009264310356229544,3.326591104269028e-05,2.701300445551169e-06,25219,
813,0.0011630470398813486,3.534939605742693e-05,2.8270128495933022e-06,25229,
813,,,,25233,0.0010939185740426183
814,0.0012549905804917216,3.439498686930165e-05,2.5323765839857515e-06,25239,
814,0.0011583021841943264,3.636632754933089e-05,3.0877233712089946e-06,25249,
814,0.001022087293677032,3.685649062390439e-05,2.869265699700918e-06,25259,
814,,,,25264,0.0013292955700308084
815,0.001980800647288561,4.306503615225665e-05,2.9481566343747545e-06,25269,
815,0.001022840617224574,3.8827882235636935e-05,2.8770623430318665e-06,25279,
815,0.0010142216924577951,3.668528370326385e-05,2.836543671946856e-06,25289,
815,,,,25295,0.0011085292790085077
816,0.0010815472342073917,3.7342175346566364e-05,2.9811553758918308e-06,25299,
816,0.0010471099521964788,3.4663007681956515e-05,2.958856384793762e-06,25309,
816,0.0010587744181975722,3.473299875622615e-05,2.796569788188208e-06,25319,
816,,,,25326,0.0011367576662451029
817,0.001175421173684299,3.3523410820635036e-05,2.827027628882206e-06,25329,
817,0.0010884355287998915,3.455244223005138e-05,2.878927261917852e-06,25339,
817,0.0009969858219847083,3.2811112760100514e-05,2.714339643716812e-06,25349,
817,,,,25357,0.0011035270290449262
818,0.0010359202278777957,3.5315726563567296e-05,2.7326391318638343e-06,25359,
818,0.0010699633276090026,3.2947107683867216e-05,2.7556195618672064e-06,25369,
818,0.000985997961834073,3.32943418470677e-05,2.713967660383787e-06,25379,
818,,,,25388,0.0011136516695842147
819,0.0011139336274936795,3.635883331298828e-05,2.7838048026751494e-06,25389,
819,0.0009988988749682903,3.305386417196132e-05,2.745616484389757e-06,25399,
819,0.0009897507261484861,3.434782775002532e-05,2.8341983124846593e-06,25409,
819,0.00027164584025740623,2.8104679586249404e-05,1.2567531904039697e-08,25419,
819,,,,25419,0.0010856701992452145
820,0.0010155771160498261,3.447930794209242e-05,2.856234686987591e-06,25429,
820,0.0010187391890212893,3.4511798730818555e-05,2.6816992431122344e-06,25439,
820,0.0010104087414219975,3.196880061295815e-05,2.7180333290743874e-06,25449,
820,,,,25450,0.0015642978250980377
821,0.0013132848544046283,3.5247077903477475e-05,2.8230019779584836e-06,25459,
821,0.0012070873053744435,3.9018705138005316e-05,2.7119185688206926e-06,25469,
821,0.0010506869293749332,3.5989949537906796e-05,2.7214530291530536e-06,25479,
821,,,,25481,0.0011286262888461351
822,0.0010387711226940155,3.4628796129254624e-05,2.8169008601253154e-06,25489,
822,0.0010090140858665109,3.5129280149703845e-05,2.898067577916663e-06,25499,
822,0.0010376431746408343,3.4866767236962914e-05,2.836162366293138e-06,25509,
822,,,,25512,0.0011464008130133152
823,0.0009809327311813831,3.3757314668037e-05,2.7975822831649566e-06,25519,
823,0.0009644296951591969,3.2986488804453984e-05,2.739522187766852e-06,25529,
823,0.001077768043614924,3.641411603894085e-05,2.8000122256344184e-06,25539,
823,,,,25543,0.0011058636009693146
824,0.0010663500288501382,3.437960913288407e-05,2.5820957034738967e-06,25549,
824,0.0010877536842599511,3.594452209654264e-05,3.0364849408215377e-06,25559,
824,0.0009731569443829358,3.682606984511949e-05,2.8913332243973855e-06,25569,
824,,,,25574,0.001096267020329833
825,0.0011193645186722279,3.545130311977118e-05,2.804500127240317e-06,25579,
825,0.0009970691753551364,3.355243461555801e-05,2.838472482835641e-06,25589,
825,0.0009939884766936302,3.3769629226299e-05,2.8142119390395237e-06,25599,
825,,,,25605,0.001159366685897112
826,0.0014301900519058108,3.5771830880548805e-05,2.8685985853371676e-06,25609,
826,0.0010936411563307047,3.7494733987841755e-05,2.9229520350781968e-06,25619,
826,0.0010254961671307683,3.4898064768640324e-05,2.804990572258248e-06,25629,
826,,,,25636,0.0012181715574115515
827,0.0011696601286530495,3.3444543078076094e-05,2.78474635706516e-06,25639,
827,0.0011018483201041818,3.392043072381057e-05,2.8639160518650897e-06,25649,
827,0.0009311189642176032,3.3217693271581084e-05,2.643189873197116e-06,25659,
827,,,,25667,0.0011117615504190326
828,0.001118371495977044,3.4729666367638856e-05,2.803714778565336e-06,25669,
828,0.0011299565667286515,3.377827670192346e-05,2.7581927497521974e-06,25679,
828,0.000997054041363299,3.315017238492146e-05,2.703179916352383e-06,25689,
828,,,,25698,0.0011681567411869764
829,0.0011648050276562572,3.738434679689817e-05,2.8410254344635177e-06,25699,
829,0.0011085125152021646,3.429442585911602e-05,2.679172666830709e-06,25709,
829,0.0009507110808044672,3.380336784175597e-05,2.7905809929507086e-06,25719,
829,0.0002305603848071769,2.8203590773046017e-05,1.24323449313124e-08,25729,
829,,,,25729,0.0010787785286083817
830,0.001015662681311369,3.4483189665479586e-05,2.8237805054232012e-06,25739,
830,0.000989374122582376,3.3340718800900504e-05,2.670199819476693e-06,25749,
830,0.0009989059763029218,3.2444946555187926e-05,2.68094299826771e-06,25759,
830,,,,25760,0.0010842904448509216
831,0.0010334511753171682,3.125825969618745e-05,2.71600583801046e-06,25769,
831,0.001015796442516148,3.369486512383446e-05,2.6807435915543465e-06,25779,
831,0.0009671683073975146,3.2750780519563705e-05,2.5953465865313774e-06,25789,
831,,,,25791,0.0010787181090563536
832,0.0010118032805621624,3.290274980827235e-05,2.743367076618597e-06,25799,
832,0.000970216584391892,3.3381184039171785e-05,2.837799456756329e-06,25809,
832,0.001107279327698052,3.3766449632821605e-05,2.7478918127599172e-06,25819,
832,,,,25822,0.0010776093695312738
833,0.0009632432484067976,3.3665488444967195e-05,2.765241106317262e-06,25829,
833,0.0008991348440758884,3.2700281735742465e-05,2.660067821125267e-06,25839,
833,0.0010960117215290666,3.488704896881245e-05,2.7662240427162033e-06,25849,
833,,,,25853,0.0010969700524583459
834,0.0010377791477367282,3.459452636889182e-05,2.51930237027409e-06,25859,
834,0.0010604942217469215,3.581582132028416e-05,3.0139126465655863e-06,25869,
834,0.0009527119109407067,3.557119271135889e-05,2.85047849502007e-06,25879,
834,,,,25884,0.001118668937124312
835,0.0032097110524773598,4.274092134437524e-05,3.1025174394017085e-06,25889,
835,0.001492130570113659,4.7463512601098046e-05,2.8222330001881346e-06,25899,
835,0.0011479767272248864,5.035397407482378e-05,2.8858432870038087e-06,25909,
835,,,,25915,0.0012521031312644482
836,0.0010484602535143495,4.009816620964557e-05,2.9416544293781044e-06,25919,
836,0.0010553310858085752,3.473044125712477e-05,2.961339760076953e-06,25929,
836,0.0010214155772700906,3.4189102734671906e-05,2.813482069541351e-06,25939,
836,,,,25946,0.0012286376440897584
837,0.0017116047674790025,3.3141186577267945e-05,2.9031602934992407e-06,25949,
837,0.001062908791936934,3.487648064037785e-05,2.914239985329914e-06,25959,
837,0.0009395487140864134,3.265315172029659e-05,2.642937033670023e-06,25969,
837,,,,25977,0.0012190148700028658
838,0.001254707807675004,3.4476561268093064e-05,2.685920435396838e-06,25979,
838,0.0010729908244684339,3.3502197766210884e-05,2.72839452009066e-06,25989,
838,0.0009512648684903979,3.257105345255695e-05,2.695898047022638e-06,25999,
838,,,,26008,0.001070549595169723
839,0.0010663351276889443,3.725757051142864e-05,2.8105480396334315e-06,26009,
839,0.0009799523977562785,3.278895383118652e-05,2.7062417302659014e-06,26019,
839,0.0009510708041489124,3.295714486739598e-05,2.8002236831525806e-06,26029,
839,0.0002369072026340291,2.797176784952171e-05,1.218722367468672e-08,26039,
839,,,,26039,0.0011231714161112905
840,0.0010428191162645817,3.44963300449308e-05,2.8461993224482285e-06,26049,
840,0.0010034323204308748,3.3664364309515804e-05,2.652021066751331e-06,26059,
840,0.0009929108200594783,3.2672134693711996e-05,2.6797458758665016e-06,26069,
840,,,,26070,0.0011116095120087266
841,0.001030418905429542,3.074619598919526e-05,2.6884929411608027e-06,26079,
841,0.0009847244946286082,3.3250038541154936e-05,2.6500893000047654e-06,26089,
841,0.0009709981386549771,3.2804655347717926e-05,2.604020437502186e-06,26099,
841,,,,26101,0.0010588013101369143
842,0.0009941163007169962,3.3185719075845554e-05,2.755388095465605e-06,26109,
842,0.0009477402782067657,3.32345261995215e-05,2.8107215257477947e-06,26119,
842,0.001029373612254858,3.370847480255179e-05,2.7492867502587615e-06,26129,
842,,,,26132,0.0011036465875804424
843,0.0011514771031215787,3.611362990341149e-05,2.770057562884176e-06,26139,
843,0.001021374948322773,3.318034214316867e-05,2.690324436116498e-06,26149,
843,0.0010536469053477049,3.576378367142752e-05,2.750403382378863e-06,26159,
843,,,,26163,0.0010765771148726344
844,0.0010757043492048979,3.4565480746096e-05,2.5628039566072403e-06,26169,
844,0.0010510998545214534,3.576875678845681e-05,2.9987543257448124e-06,26179,
844,0.0009554705466143787,3.528823799570091e-05,2.823762997650192e-06,26189,
844,,,,26194,0.0011824492830783129
845,0.0017507238080725074,3.784990622079931e-05,2.851172439477523e-06,26199,
845,0.0010646424489095807,3.657559136627242e-05,2.8538745482364902e-06,26209,
845,0.0009990481194108725,3.618348273448646e-05,2.8052781999576837e-06,26219,
845,,,,26225,0.0011683865450322628
846,0.001232877722941339,3.6603290936909616e-05,2.834356109815417e-06,26229,
846,0.0010198230156674981,3.530006142682396e-05,2.8658580504270503e-06,26239,
846,0.0009755122591741383,3.38897189067211e-05,2.7582470920606283e-06,26249,
846,,,,26256,0.0010711734648793936
847,0.001072032144293189,3.249624933232553e-05,2.741462367339409e-06,26259,
847,0.0010693261865526438,3.355157605255954e-05,2.8274550913920393e-06,26269,
847,0.0009067230857908726,3.2275664125336334e-05,2.6276557036908343e-06,26279,
847,,,,26287,0.0010783409234136343
848,0.0010348190553486347,3.457052298472263e-05,2.669277591849095e-06,26289,
848,0.0010815821588039398,3.2082272809930146e-05,2.758786649792455e-06,26299,
848,0.0009689307189546525,3.2854102755663916e-05,2.6447307845955947e-06,26309,
848,,,,26318,0.0010742609156295657
849,0.00106764433439821,3.6207668017596006e-05,2.775478833427769e-06,26319,
849,0.0009647799306549132,3.258446304243989e-05,2.6621939923643367e-06,26329,
849,0.0009438349516130984,3.285759157733992e-05,2.7744274575525196e-06,26339,
849,0.0002263107744511217,2.753760236373637e-05,1.1941564181938702e-08,26349,
849,,,,26349,0.0010819487506523728
850,0.0009937613504007459,3.452653982094489e-05,2.8097226731915725e-06,26359,
850,0.0010340898297727108,3.3367698051733896e-05,2.5960462153307162e-06,26369,
850,0.0009650698630139232,3.2088366424432024e-05,2.6593420443532523e-06,26379,
850,,,,26380,0.0010452402057126164
851,0.0010050778510048985,3.0366029022843577e-05,2.673468088687514e-06,26389,
851,0.0009580524056218565,3.272319372626953e-05,2.606421276141191e-06,26399,
851,0.0010382967302575707,3.271601235610433e-05,2.6037334919237765e-06,26409,
851,,,,26411,0.0010552448220551014
852,0.0010087629780173302,3.525441206875257e-05,2.7014093575417064e-06,26419,
852,0.0010055162711068988,3.349174585309811e-05,2.7708415473171044e-06,26429,
852,0.000993135618045926,3.4519227483542636e-05,2.760559937087237e-06,26439,
852,,,,26442,0.0010546098928898573
853,0.0010245708981528878,3.398576154722832e-05,2.7386636247683782e-06,26449,
853,0.0008999997517094016,3.193785960320383e-05,2.602246695460053e-06,26459,
853,0.0010984924156218767,3.460969674051739e-05,2.7502312605065526e-06,26469,
853,,,,26473,0.0010566319106146693
854,0.0009730815654620528,3.429366188356653e-05,2.499025868019089e-06,26479,
854,0.0010281563736498356,3.518194716889411e-05,2.956531034215004e-06,26489,
854,0.0009366631275042892,3.5049946745857596e-05,2.7887340365850832e-06,26499,
854,,,,26504,0.0010493379086256027
855,0.0012665078975260258,3.4172553569078445e-05,2.8042156827723375e-06,26509,
855,0.0011488039745017886,3.4061849873978645e-05,2.75859929388389e-06,26519,
855,0.0010416312143206596,3.442909655859694e-05,2.803185907396255e-06,26529,
855,,,,26535,0.0020356690511107445
856,0.0018729346338659525,3.5683286114363e-05,2.7903058708034223e-06,26539,
856,0.0017692438559606671,4.3268242734484375e-05,2.9611198897327995e-06,26549,
856,0.001197980367578566,3.775695586227812e-05,2.8092692900827387e-06,26559,
856,,,,26566,0.0012838768307119608
857,0.0012210828717797995,3.7511057598749176e-05,2.8162371563666966e-06,26569,
857,0.001072719693183899,3.450691292528063e-05,2.89982563117519e-06,26579,
857,0.0008873151964507997,3.353659121785313e-05,2.664936118890182e-06,26589,
857,,,,26597,0.0010479162447154522
858,0.0009778321254998446,3.556031151674688e-05,2.7343219244357897e-06,26599,
858,0.0010127380955964327,3.2434429158456624e-05,2.741036041697953e-06,26609,
858,0.000922423496376723,3.182619911967777e-05,2.6858831461140653e-06,26619,
858,,,,26628,0.0010368635412305593
859,0.0010317096021026373,3.7206176784820855e-05,2.77554863714613e-06,26629,
859,0.0009572284761816263,3.286197534180246e-05,2.6617035473464057e-06,26639,
859,0.0009177072788588703,3.236081829527393e-05,2.765736098808702e-06,26649,
859,0.0002246925578219816,2.7802991098724306e-05,1.2009728322937008e-08,26659,
859,,,,26659,0.0010448365937918425
860,0.0009506118949502707,3.4039745514746755e-05,2.8018498596793506e-06,26669,
860,0.0009695072076283395,3.271141758887097e-05,2.608022441563662e-06,26679,
860,0.0009571161353960633,3.1291154300561175e-05,2.6674115360947326e-06,26689,
860,,,,26690,0.001058399211615324
861,0.000994509900920093,3.04251880152151e-05,2.6869820430874825e-06,26699,
861,0.0009400293929502368,3.3584481570869684e-05,2.5993249437306076e-06,26709,
861,0.0009330185130238533,3.1801446311874315e-05,2.5527037905703764e-06,26719,
861,,,,26721,0.0010450377594679594
862,0.0009949867380782962,3.225018008379266e-05,2.679674253158737e-06,26729,
862,0.0009517362923361361,3.3185919164679945e-05,2.8002086764900014e-06,26739,
862,0.001050716731697321,3.34446995111648e-05,2.7163882805325557e-06,26749,
862,,,,26752,0.0010244292207062244
863,0.001036548987030983,3.229565845686011e-05,2.7658907129080035e-06,26759,
863,0.0009479892323724926,3.214958996977657e-05,2.5782410375541076e-06,26769,
863,0.0011397540802136064,3.4782242437358946e-05,2.767455498542404e-06,26779,
863,,,,26783,0.00109496817458421
864,0.0012402496067807078,3.546730658854358e-05,2.449294925099821e-06,26789,
864,0.001143689383752644,3.615909008658491e-05,2.9443713174259756e-06,26799,
864,0.0009815028170123696,3.676515188999474e-05,2.7957134989264887e-06,26809,
864,,,,26814,0.0011375973699614406
865,0.0010481099598109722,3.526296859490685e-05,2.7131891329190694e-06,26819,
865,0.000951597758103162,3.3535969123477116e-05,2.798640707624145e-06,26829,
865,0.0009339438984170556,3.215674951206893e-05,2.7235453217144823e-06,26839,
865,,,,26845,0.001052824198268354
866,0.001128464238718152,3.470305455266498e-05,2.9160546546336263e-06,26849,
866,0.0009876673575490713,3.498046862659976e-05,2.845419885488809e-06,26859,
866,0.0010470796842128038,3.483073305687867e-05,2.6961224648403004e-06,26869,
866,,,,26876,0.0011046187719330192
867,0.0011371892178431153,3.3091338991653174e-05,2.7175995001016418e-06,26879,
867,0.0010466707171872258,3.279982411186211e-05,2.8141937491454883e-06,26889,
867,0.0008684344356879592,3.277816722402349e-05,2.5802032723731827e-06,26899,
867,,,,26907,0.001061684568412602
868,0.0011167789343744516,3.422982626943849e-05,2.7644332476484124e-06,26909,
868,0.0010812843684107065,3.414725506445393e-05,2.6422753762744833e-06,26919,
868,0.0010155104100704193,3.240611113142222e-05,2.59737430496898e-06,26929,
868,,,,26938,0.001016139634884894
869,0.0010072675067931414,3.618326081777923e-05,2.719607437029481e-06,26939,
869,0.0009338651434518397,3.317831942695193e-05,2.6346381218900206e-06,26949,
869,0.0008994080126285553,3.2297903089784086e-05,2.7234191293246113e-06,26959,
869,0.00021498394198715687,2.713964568101801e-05,1.163534424364343e-08,26969,
869,,,,26969,0.001018460257910192
870,0.0009625024977140129,3.3474752854090184e-05,2.7374121600587387e-06,26979,
870,0.0009621116914786398,3.246777851018123e-05,2.616993015180924e-06,26989,
870,0.0009602090576663613,3.0986197089077905e-05,2.603585471661063e-06,26999,
870,,,,27000,0.001014449167996645
871,0.0010067756520584226,3.0054816306801513e-05,2.6828688532987144e-06,27009,
871,0.0009171636775135994,3.409111013752408e-05,2.5437684598728083e-06,27019,
871,0.0009224654058925807,3.0928418709663674e-05,2.532830421841936e-06,27029,
871,,,,27031,0.0011416355846449733
872,0.001074280240572989,3.898547583958134e-05,2.7115850116388174e-06,27039,
872,0.0009707010467536747,3.42696403095033e-05,2.7891214813280385e-06,27049,
872,0.000976541661657393,3.560525146895088e-05,2.7424177915236214e-06,27059,
872,,,,27062,0.0010651055490598083
873,0.0009202033397741616,3.270975503255613e-05,2.6673992579162586e-06,27069,
873,0.0008625970804132521,3.162631765007973e-05,2.577264467618079e-06,27079,
873,0.0010122243547812104,3.495742203085683e-05,2.6961886305798544e-06,27089,
873,,,,27093,0.0010308159980922937
874,0.0010860462207347155,3.406723408261314e-05,2.540495870562154e-06,27099,
874,0.0011450814781710505,3.643767558969557e-05,2.9708255624427693e-06,27109,
874,0.0009024870814755559,3.5321369068697095e-05,2.78088373306673e-06,27119,
874,,,,27124,0.0010219772811979055
875,0.001013113185763359,3.337388261570595e-05,2.6690966024034424e-06,27129,
875,0.0009249782306142151,3.2144969736691564e-05,2.7481110009830445e-06,27139,
875,0.0009450223878957331,3.270614251960069e-05,2.717943743846263e-06,27149,
875,,,,27155,0.0010175801580771804
876,0.0010484023950994015,3.509064481477253e-05,2.856619857993792e-06,27159,
876,0.0009823327418416739,3.4274191420990974e-05,2.7925302674702834e-06,27169,
876,0.0009332203189842403,3.354512955411337e-05,2.6787963633978507e-06,27179,
876,,,,27186,0.0010233254870399833
877,0.001057496527209878,3.217143239453435e-05,2.6231246010866016e-06,27189,
877,0.0010153293842449784,3.371973798493855e-05,2.819268729581381e-06,27199,
877,0.0008949191542342305,3.1373001547763124e-05,2.5881879537337227e-06,27209,
877,,,,27217,0.0010084582027047873
878,0.000960355915594846,3.428768468438648e-05,2.62098456005333e-06,27219,
878,0.0010729789501056075,3.216309050912969e-05,2.681658088476979e-06,27229,
878,0.001009082654491067,3.1350060453405604e-05,2.5735071176313795e-06,27239,
878,,,,27248,0.0010486040264368057
879,0.0010390450479462743,3.607544567785226e-05,2.7120281629322562e-06,27249,
879,0.0009387868922203779,3.2811334676807746e-05,2.58778391071246e-06,27259,
879,0.0009302554535679519,3.2148582249647006e-05,2.722176532188314e-06,27269,
879,0.00021510935039259493,2.6761857952806167e-05,1.1366896757181166e-08,27279,
879,,,,27279,0.0010175389470532537
880,0.0009601022466085851,3.286314313299954e-05,2.7082896849606186e-06,27289,
880,0.0009407455218024552,3.189450580975972e-05,2.588450342955184e-06,27299,
880,0.0009985174983739853,3.14922071993351e-05,2.5689666927064536e-06,27309,
880,,,,27310,0.0011185051407665014
881,0.0010026510572060943,3.239874422433786e-05,2.6618315587256802e-06,27319,
881,0.0009918644791468978,3.3349711884511635e-05,2.491642362656421e-06,27329,
881,0.0010265129385516047,3.097400986007415e-05,2.596832018753048e-06,27339,
881,,,,27341,0.0010110755683854222
882,0.0010347194038331509,4.0310587792191654e-05,2.7092607979284367e-06,27349,
882,0.000933499017264694,3.547647793311626e-05,2.7620110358839156e-06,27359,
882,0.0009888015920296311,3.544312858139165e-05,2.7391392904974055e-06,27369,
882,,,,27372,0.0013316719559952617
883,0.0010512970620766282,3.641948933363892e-05,2.6352861368650338e-06,27379,
883,0.0008583929156884551,3.1712155760033056e-05,2.568888476162101e-06,27389,
883,0.0010249312035739422,3.5321729228599e-05,2.709197360672988e-06,27399,
883,,,,27403,0.0010659914696589112
884,0.0010029168333858252,3.3568168873898685e-05,2.532741518734838e-06,27409,
884,0.0009928579675033689,3.478432699921541e-05,2.9133846055628965e-06,27419,
884,0.0008938541286624968,3.502428808133118e-05,2.756203230092069e-06,27429,
884,,,,27434,0.0010310685029253364
885,0.0010619008680805564,3.344857759657316e-05,2.680038051039446e-06,27439,
885,0.0009333280613645911,3.222128361812793e-05,2.724384330576868e-06,27449,
885,0.0009526091162115335,3.2939165976131335e-05,2.7071898784924997e-06,27459,
885,,,,27465,0.0010068526025861502
886,0.0010073608718812466,3.49783367710188e-05,2.7598339329415467e-06,27469,
886,0.000990316504612565,3.4120905183954164e-05,2.810298383337795e-06,27479,
886,0.0009969138773158193,3.3732063457136974e-05,2.634228394526872e-06,27489,
886,,,,27496,0.0010483859805390239
887,0.0012292596511542797,3.2388496038038284e-05,2.73915702564409e-06,27499,
887,0.001051474828273058,3.436933911871165e-05,2.7481639790494228e-06,27509,
887,0.00088486511958763,3.138085230602883e-05,2.5197894046868896e-06,27519,
887,,,,27527,0.001015678746625781
888,0.0009726447169668972,3.4934892028104514e-05,2.6663653898140183e-06,27529,
888,0.0009826489258557558,3.179138002451509e-05,2.6087921014550375e-06,27539,
888,0.0008859754307195544,3.11877483909484e-05,2.56588168667804e-06,27549,
888,,,,27558,0.0010106074623763561
889,0.0010012943530455232,3.560454570106231e-05,2.6851153052120935e-06,27559,
889,0.0011219560401514173,3.541772821336053e-05,2.5603674203011906e-06,27569,
889,0.0009280637023039162,3.337557063787244e-05,2.660829522938002e-06,27579,
889,0.00024081069568637758,2.722446879488416e-05,1.1223985296737737e-08,27589,
889,,,,27589,0.0011308032553642988
890,0.0010158062214031816,3.403807204449549e-05,2.7640619464364136e-06,27599,
890,0.0009677172638475895,3.320325049571693e-05,2.5809588350966806e-06,27609,
890,0.0009418039117008448,3.1910574762150645e-05,2.60875754065637e-06,27619,
890,,,,27620,0.0010429229587316513
891,0.0009634218295104802,2.972178663185332e-05,2.6257068839186104e-06,27629,
891,0.0009333544294349849,3.288568404968828e-05,2.5619879124860745e-06,27639,
891,0.0009235382894985378,3.11101830448024e-05,2.5298213586211205e-06,27649,
891,,,,27651,0.001013241708278656
892,0.0009634972084313631,3.273793845437467e-05,2.6899526801571483e-06,27659,
892,0.0009093054686672986,3.382232898729853e-05,2.7036276151193306e-06,27669,
892,0.001003334647975862,3.353704232722521e-05,2.6869024623010773e-06,27679,
892,,,,27682,0.0010589462472125888
893,0.0009465228649787605,3.2579016988165677e-05,2.641316541485139e-06,27689,
893,0.0008463029516860843,3.042741991521325e-05,2.5440772333240602e-06,27699,
893,0.0010859001195058227,3.3522061130497605e-05,2.712726200115867e-06,27709,
893,,,,27713,0.0010529495775699615
894,0.0011457824148237705,3.288534571765922e-05,2.438313003949588e-06,27719,
894,0.0010554858017712831,3.406127143534832e-05,2.916216089943191e-06,27729,
894,0.0009377575479447842,3.5071538150077686e-05,2.7170233352080686e-06,27739,
894,,,,27744,0.0011210659286007285
895,0.002249128418043256,4.1498042264720425e-05,2.8614049369934946e-06,27749,
895,0.0014071398181840777,4.099934085388668e-05,2.879482963180635e-06,27759,
895,0.0026255787815898657,5.5056556448107585e-05,3.051142812182661e-06,27769,
895,,,,27775,0.001132760662585497
896,0.0016032628482207656,4.922912557958625e-05,3.395554585949867e-06,27779,
896,0.0012321305694058537,4.248085315339267e-05,3.024279067176394e-06,27789,
896,0.0010069322306662798,3.628843478509225e-05,2.8385579753376078e-06,27799,
896,,,,27806,0.0011300856713205576
897,0.0010689817136153579,3.3776443160604686e-05,2.7848980153066805e-06,27809,
897,0.0009949230588972569,3.313666093163192e-05,2.8912579637108138e-06,27819,
897,0.0008532830979675055,3.196807301719673e-05,2.6431466721987817e-06,27829,
897,,,,27837,0.0010357870487496257
898,0.0009419664274901152,3.5676686820806935e-05,2.6917934974335367e-06,27839,
898,0.0009651700383983552,3.217474659322761e-05,2.693217766136513e-06,27849,
898,0.0008691701805219054,3.0396957299672067e-05,2.634938937262632e-06,27859,
898,,,,27868,0.001026620389893651
899,0.0010154589544981718,3.5566419683163986e-05,2.7661815238388954e-06,27869,
899,0.000902442610822618,3.406038013054058e-05,2.642278786879615e-06,27879,
899,0.0008613001555204391,3.228761124773882e-05,2.713308049351326e-06,27889,
899,0.00021277694031596184,2.6669527869671583e-05,1.1403485267180713e-08,27899,
899,,,,27899,0.0009982158662751317
900,0.0008969925693236291,3.3198892197106034e-05,2.7567209599510534e-06,27909,
900,0.0008972337236627936,3.2299241865985096e-05,2.5814019863901194e-06,27919,
900,0.0009014943498186767,3.0921964935259894e-05,2.604615701784496e-06,27929,
900,,,,27930,0.0009974823333323002
901,0.0009601344936527312,2.903753011196386e-05,2.643333118612645e-06,27939,
901,0.0008853611070662737,3.3112213714048266e-05,2.527127435314469e-06,27949,
901,0.0009040930890478194,3.134937651338987e-05,2.5299978005932644e-06,27959,
901,,,,27961,0.0009848185582086444
902,0.0009010832873173058,3.1224331905832514e-05,2.6454479211679427e-06,27969,
902,0.0009065557969734073,3.282118632341735e-05,2.7004809908248717e-06,27979,
902,0.0009291433962062001,3.2766703952802345e-05,2.7051464712712914e-06,27989,
902,,,,27992,0.000984127982519567
903,0.0009507001959718764,3.219453355995938e-05,2.699478727663518e-06,27999,
903,0.0008282031049020588,3.118615131825209e-05,2.532437974878121e-06,28009,
903,0.0009681014926172793,3.3972159144468606e-05,2.662977522049914e-06,28019,
903,,,,28023,0.0010070906719192863
904,0.0011443624971434474,3.459606887190603e-05,2.399723825874389e-06,28029,
904,0.0010169631568714976,3.586645107134245e-05,2.8496508548414567e-06,28039,
904,0.0008831428713165224,3.433717574807815e-05,2.7688249701895984e-06,28049,
904,,,,28054,0.0009792156051844358
905,0.0010234538931399584,3.313369597890414e-05,2.660931613718276e-06,28059,
905,0.0008899091044440866,3.3927553886314854e-05,2.7193343612452736e-06,28069,
905,0.0008869610610418022,3.296271097497083e-05,2.6759362299344502e-06,28079,
905,,,,28085,0.0010521815856918693
906,0.0016531667206436396,3.529827517922968e-05,2.7171990950591862e-06,28089,
906,0.0010505163809284568,3.829529305221513e-05,2.748103042904404e-06,28099,
906,0.000982629251666367,3.3542270102771e-05,2.6283673832949717e-06,28109,
906,,,,28116,0.0010245729936286807
907,0.0010223985882475972,3.2540428946958855e-05,2.6813227123057004e-06,28119,
907,0.0009813159704208374,3.071899482165463e-05,2.796305579977343e-06,28129,
907,0.0008272320264950395,3.22190135193523e-05,2.521783017073176e-06,28139,
907,,,,28147,0.0009745585266500711
908,0.0009278922807425261,3.476388883427717e-05,2.6111981696885778e-06,28149,
908,0.0009509425726719201,3.07583759422414e-05,2.606735733934329e-06,28159,
908,0.0008787177503108978,3.0527527997037396e-05,2.54253041021002e-06,28169,
908,,,,28178,0.0010137564968317747
909,0.0010026308009400964,3.551760164555162e-05,2.685447952899267e-06,28179,
909,0.001067626173608005,3.633094820543192e-05,2.524023784644669e-06,28189,
909,0.000898462429177016,3.308235318399966e-05,2.631035158628947e-06,28199,
909,0.000234642400755547,2.731048698478844e-05,1.1005936606522937e-08,28209,
909,,,,28209,0.001084511517547071
910,0.0009578466997481883,3.4130960557376966e-05,2.746356813077e-06,28219,
910,0.0009004608727991581,3.265978375566192e-05,2.540372861403739e-06,28229,
910,0.0009006989421322942,3.11319854517933e-05,2.5747906420292566e-06,28239,
910,,,,28240,0.0009687088895589113
911,0.0009294590563513339,2.9483382604666986e-05,2.62085632130038e-06,28249,
911,0.0008727407548576593,3.2263840694213286e-05,2.5035208182089264e-06,28259,
911,0.0008963042055256665,3.11421426886227e-05,2.4924079298216384e-06,28269,
911,,,,28271,0.00098616408649832
912,0.0009162915521301329,3.2533247576793656e-05,2.598113496787846e-06,28279,
912,0.000948057568166405,3.2281528547173366e-05,2.6661321044230135e-06,28289,
912,0.0009165180381387472,3.349422331666574e-05,2.682726517377887e-06,28299,
912,,,,28302,0.0009642539080232382
913,0.0008675808203406632,3.177958933520131e-05,2.6386312583781546e-06,28309,
913,0.0008145971805788577,3.119433677056804e-05,2.4898497485992266e-06,28319,
913,0.001013873377814889,3.298431329312734e-05,2.6780433017847827e-06,28329,
913,,,,28333,0.0009649188723415136
914,0.0012529522646218538,3.5061468224739656e-05,2.3779346065566642e-06,28339,
914,0.0011075965594500303,3.666611883090809e-05,2.8185722840134986e-06,28349,
914,0.0008819310460239649,3.6574896512320265e-05,2.7172930003871443e-06,28359,
914,,,,28364,0.0010796190472319722
915,0.0012461140286177397,3.520286554703489e-05,2.6959121441905154e-06,28369,
915,0.000887410540599376,3.500403181533329e-05,2.7153812425240176e-06,28379,
915,0.0009076641290448606,3.3347834687447175e-05,2.6930742933473084e-06,28389,
915,,,,28395,0.0010928232222795486
916,0.0011041563702747226,3.6025012377649546e-05,2.7093981316284044e-06,28399,
916,0.0009608880500309169,3.305481368442997e-05,2.737877593972371e-06,28409,
916,0.0008971732459031045,3.2490919693373144e-05,2.6251575491187396e-06,28419,
916,,,,28426,0.0009926549391821027
917,0.0009993325220420957,3.1680770916864276e-05,2.6407094537717057e-06,28429,
917,0.0009599221521057189,3.0661551136290655e-05,2.7502933335199486e-06,28439,
917,0.0008148436318151653,3.203923552064225e-05,2.502603820175864e-06,28449,
917,,,,28457,0.0009570660768076777
918,0.0008916950318962336,3.4388333006063476e-05,2.59774105870747e-06,28459,
918,0.0009409115882590413,3.053070031455718e-05,2.5690703751024557e-06,28469,
918,0.0008478309027850628,3.097294393228367e-05,2.5077063128264854e-06,28479,
918,,,,28488,0.0009592173155397177
919,0.0009461669251322746,3.5793284041574225e-05,2.6310692646802636e-06,28489,
919,0.0010028172982856631,3.364989970577881e-05,2.505362772353692e-06,28499,
919,0.0008733976865187287,3.204062159056775e-05,2.659347501321463e-06,28509,
919,0.00020277021394576877,2.5413775802007876e-05,1.0865216282240908e-08,28519,
919,,,,28519,0.0009728324948810041
920,0.0009777882369235158,3.354680666234344e-05,2.745350911936839e-06,28529,
920,0.0009000432910397649,3.1697309168521315e-05,2.496380830052658e-06,28539,
920,0.0009029174689203501,3.0410648832912557e-05,2.5371452920808224e-06,28549,
920,,,,28550,0.0009617964969947934
921,0.000955335155595094,2.9751254260190763e-05,2.578387466201093e-06,28559,
921,0.0009176942985504866,3.2878109777811915e-05,2.5106967314059148e-06,28569,
921,0.0008881518733687699,3.057358480873518e-05,2.4983719413285144e-06,28579,
921,,,,28581,0.0009749928140081465
922,0.0009272659663110971,3.3074651582865044e-05,2.622057763801422e-06,28589,
922,0.0009110101964324713,3.3060026908060536e-05,2.6701031856646296e-06,28599,
922,0.0009649411658756435,3.540366014931351e-05,2.6520904157223413e-06,28609,
922,,,,28612,0.0012660649372264743
923,0.0011295505100861192,3.67053689842578e-05,2.5524261673126603e-06,28619,
923,0.0008886649738997221,3.2589250622550026e-05,2.505617658243864e-06,28629,
923,0.0010322255548089743,3.494009797577746e-05,2.7216308353672503e-06,28639,
923,,,,28643,0.0010279484558850527
924,0.0009251849842257798,3.2904004910960793e-05,2.439815943944268e-06,28649,
924,0.0009802683489397168,3.376607128302567e-05,2.8761260182363912e-06,28659,
924,0.000873961194884032,3.4872831747634336e-05,2.7228722956351703e-06,28669,
924,,,,28674,0.0009840565035119653
925,0.0009877680568024516,3.308134546387009e-05,2.621210342113045e-06,28679,
925,0.0008785139070823789,3.315867070341483e-05,2.7096386929770233e-06,28689,
925,0.000861210806760937,3.244707113481127e-05,2.646263737915433e-06,28699,
925,,,,28705,0.0009916285052895546
926,0.0010081176878884435,3.42389612342231e-05,2.7023359052691376e-06,28709,
926,0.0009215779136866331,3.275619019404985e-05,2.7246185254625743e-06,28719,
926,0.0008957351674325764,3.235284748370759e-05,2.6489012725505745e-06,28729,
926,,,,28736,0.0009550239192321897
927,0.0010067506227642298,3.2030500733526424e-05,2.620431587274652e-06,28739,
927,0.0009624112863093615,3.050178384000901e-05,2.7384899112803396e-06,28749,
927,0.0008038976811803877,3.1563711672788486e-05,2.4900650714698713e-06,28759,
927,,,,28767,0.0009667939739301801
928,0.0009679318172857165,3.427576302783564e-05,2.5479787382209906e-06,28769,
928,0.0010195547947660089,3.0698851332999766e-05,2.6336858809372643e-06,28779,
928,0.0008368153357878327,3.1313207728089765e-05,2.5111992272286443e-06,28789,
928,,,,28798,0.0009452142403461039
929,0.0009308479493483901,3.591258428059518e-05,2.6087602691404754e-06,28799,
929,0.000893784686923027,3.222652230761014e-05,2.5053409444808494e-06,28809,
929,0.0008529942715540528,3.159399420837872e-05,2.634035581650096e-06,28819,
929,0.00019819154113065451,2.5588144126231782e-05,1.0640269110240297e-08,28829,
929,,,,28829,0.001013294793665409
930,0.001111102057620883,3.952534098061733e-05,2.801868959068088e-06,28839,
930,0.0009623088990338147,3.4497625165386125e-05,2.5524063858028967e-06,28849,
930,0.0009139294270426035,3.2584823202341795e-05,2.598406354081817e-06,28859,
930,,,,28860,0.0011080116964876652
931,0.0009681621449999511,3.0219051041058265e-05,2.5725955765665276e-06,28869,
931,0.000849784177262336,3.2938089134404436e-05,2.4509386093996e-06,28879,
931,0.0008591815712861717,3.129525430267677e-05,2.4731466510274913e-06,28889,
931,,,,28891,0.0009542820625938475
932,0.0008693328709341586,3.031572668987792e-05,2.590585836514947e-06,28899,
932,0.0008602957823313773,3.1891962862573564e-05,2.6489828997000586e-06,28909,
932,0.0009089449886232615,3.240818841732107e-05,2.6405205062474124e-06,28919,
932,,,,28922,0.000942922371905297
933,0.0008507107268087566,3.088227458647452e-05,2.6039751901407726e-06,28929,
933,0.0007949214777909219,3.0248513212427497e-05,2.449306293783593e-06,28939,
933,0.0009793067583814263,3.266416024416685e-05,2.6380428153061075e-06,28949,
933,,,,28953,0.0009421035065315664
934,0.0010026941308751702,3.404201925150119e-05,2.3618997602170566e-06,28959,
934,0.0009918969590216875,3.386018943274394e-05,2.8367755930958083e-06,28969,
934,0.0008975578821264207,3.38574500347022e-05,2.6427346710988786e-06,28979,
934,,,,28984,0.0010079711209982634
935,0.001973285572603345,3.8382026104955e-05,2.797482920868788e-06,28989,
935,0.0009546104702167213,3.901883974322118e-05,2.6688335310609546e-06,28999,
935,0.0009238824713975191,3.799171463469975e-05,2.6262916890118504e-06,29009,
935,,,,29015,0.0010250466875731945
936,0.0010924020316451788,3.434080645092763e-05,2.715559048738214e-06,29019,
936,0.0009371747146360576,3.255960109527223e-05,2.730974301812239e-06,29029,
936,0.0009078325238078833,3.265424311393872e-05,2.621220119181089e-06,29039,
936,,,,29046,0.0010346559574827552
937,0.0012929773656651378,3.214716343791224e-05,2.679287945284159e-06,29049,
937,0.0010190431494265795,3.081117392866872e-05,2.839236685758806e-06,29059,
937,0.000845026399474591,3.15970646624919e-05,2.513543904569815e-06,29069,
937,,,,29077,0.0009929833468049765
938,0.0009947022190317512,3.399337219889276e-05,2.545197503422969e-06,29079,
938,0.0009173990110866725,3.05841640511062e-05,2.557141442594002e-06,29089,
938,0.0008228397346101701,3.103263952652924e-05,2.4933760869316757e-06,29099,
938,,,,29108,0.0009477717103436589
939,0.0009318905067630112,3.6375564377522096e-05,2.6139937290281523e-06,29109,
939,0.0008754884474910796,3.295713759143837e-05,2.4926712285378017e-06,29119,
939,0.000846926704980433,3.157331593683921e-05,2.629087248351425e-06,29129,
939,0.00019275391241535544,2.5018214728333987e-05,1.0517229753759239e-08,29139,
939,,,,29139,0.0009437472326681018
940,0.0008661810425110161,3.327261583763175e-05,2.6843410978472093e-06,29149,
940,0.0008729430846869946,3.15218603645917e-05,2.4715368454053532e-06,29159,
940,0.0008578620618209243,3.0386087018996477e-05,2.5164624730678042e-06,29169,
940,,,,29170,0.0009797838283702731
941,0.0009795041987672448,3.090859536314383e-05,2.5394892873009667e-06,29179,
941,0.0008536135428585112,3.512146577122621e-05,2.461308667989215e-06,29189,
941,0.0009060638840310276,3.151461714878678e-05,2.510361355234636e-06,29199,
941,,,,29201,0.0009710508165881038
942,0.0008912154589779675,3.18457096000202e-05,2.591092197690159e-06,29209,
942,0.0008945652516558766,3.308898158138618e-05,2.6307602638553362e-06,29219,
942,0.0009179962216876447,3.346975427120924e-05,2.6283971692464547e-06,29229,
942,,,,29232,0.0009396392852067947
943,0.0008641505264677107,3.143240974168293e-05,2.6077593702211743e-06,29239,
943,0.0008365729590877891,2.9950126190669835e-05,2.476631834724685e-06,29249,
943,0.0009229923598468304,3.436610131757334e-05,2.5998199362220475e-06,29259,
943,,,,29263,0.0009404883603565395
944,0.0009890315122902393,3.383948205737397e-05,2.352427600271767e-06,29269,
944,0.0009284026455134153,3.4352833608863875e-05,2.7873870749317575e-06,29279,
944,0.0008283235947601497,3.4546825190773234e-05,2.675828909559641e-06,29289,
944,,,,29294,0.0009459400898776948
945,0.001292789587751031,3.284335616626777e-05,2.6549187168711796e-06,29299,
945,0.0008955242810770869,3.513147748890333e-05,2.689805796762812e-06,29309,
945,0.0008558011613786221,3.4248481824761257e-05,2.5851852569758194e-06,29319,
945,,,,29325,0.0009562799241393805
946,0.0012237952323630452,3.395346720935777e-05,2.6585812520352192e-06,29329,
946,0.0009677971829660237,3.507924702716991e-05,2.685779918465414e-06,29339,
946,0.0008646000642329454,3.4991317079402506e-05,2.5756626200745814e-06,29349,
946,,,,29356,0.0012722774408757687
947,0.0019184011034667492,3.19576429319568e-05,2.7919122658204287e-06,29359,
947,0.000965279177762568,3.1344581657322124e-05,2.7903131467610365e-06,29369,
947,0.0008338934276252985,2.9707554858759977e-05,2.4775113161012996e-06,29379,
947,,,,29387,0.0009539804304949939
948,0.0008930033654905856,3.338598253321834e-05,2.5399697278771782e-06,29389,
948,0.0009118197485804558,3.099903915426694e-05,2.528293862269493e-06,29399,
948,0.0008200882002711296,3.114331775577739e-05,2.476079771440709e-06,29409,
948,,,,29418,0.0009472285746596754
949,0.0009303716942667961,3.6708755942527205e-05,2.618030293888296e-06,29419,
949,0.0008401433588005602,3.2949072192423046e-05,2.49659478868125e-06,29429,
949,0.0008078172104433179,3.247906352044083e-05,2.5959473077818984e-06,29439,
949,0.00018924188043456525,2.4809432943584397e-05,1.0322475318957913e-08,29449,
949,,,,29449,0.0009259069920517504
950,0.0008432103786617517,3.3876363886520267e-05,2.657046252352302e-06,29459,
950,0.0008627916104160249,3.193483644281514e-05,2.4601176846772432e-06,29469,
950,0.0008545336895622313,3.06664987874683e-05,2.496084789527231e-06,29479,
950,,,,29480,0.0009281246457248926
951,0.000887444184627384,2.964380655612331e-05,2.555475703047705e-06,29489,
951,0.0008465984719805419,3.325613579363562e-05,2.4546729946450796e-06,29499,
951,0.000839513901155442,3.0756269552512094e-05,2.4412624952674378e-06,29509,
951,,,,29511,0.0009430733043700457
952,0.0008604894392192364,3.351441046106629e-05,2.5419085432076827e-06,29519,
952,0.0009183385991491377,3.4047287044813856e-05,2.6053485271404497e-06,29529,
952,0.0008748522377572954,3.326574369566515e-05,2.6240511488140328e-06,29539,
952,,,,29542,0.0009269237634725869
953,0.0008168045314960182,3.1767711334396154e-05,2.5592860311007826e-06,29549,
953,0.000775301072280854,3.023903445864562e-05,2.4308847059728578e-06,29559,
953,0.0009458049316890538,3.264637416577898e-05,2.6070849798998097e-06,29569,
953,,,,29573,0.0009249720606021583
954,0.0012204417726024985,3.692528116516769e-05,2.3274396880879067e-06,29579,
954,0.001111612655222416,3.6223529605194926e-05,2.7629675969365053e-06,29589,
954,0.0008659872110001743,3.7714140489697456e-05,2.6204149889963446e-06,29599,
954,,,,29604,0.001416332321241498
955,0.001007645158097148,3.4895449061878026e-05,2.5445374376431573e-06,29609,
955,0.001084937364794314,3.104213465121575e-05,2.6507989332458237e-06,29619,
955,0.0008490605396218598,3.401971480343491e-05,2.662033011802123e-06,29629,
955,,,,29635,0.001049415790475905
956,0.0008674590499140322,3.447521521593444e-05,2.7343567126081325e-06,29639,
956,0.0008865608833730221,3.145435402984731e-05,2.7271789804217406e-06,29649,
956,0.0008402268285863101,3.315319918328896e-05,2.6003176571975928e-06,29659,
956,,,,29666,0.0009346954175271094
957,0.0009818999096751213,3.306110738776624e-05,2.5341294076497434e-06,29669,
957,0.000912464689463377,3.2814325095387176e-05,2.703562586248154e-06,29679,
957,0.000770657614339143,3.238317367504351e-05,2.4636779016873334e-06,29689,
957,,,,29697,0.0009084669873118401
958,0.0008506315643899143,3.607998587540351e-05,2.5391202598257223e-06,29699,
958,0.0008916343213059008,3.2018790079746395e-05,2.511183765818714e-06,29709,
958,0.0008025497663766146,3.114102946710773e-05,2.4472956283716485e-06,29719,
958,,,,29728,0.000921956670936197
959,0.0009037215495482087,3.675282277981751e-05,2.562780764492345e-06,29729,
959,0.0008292616112157702,3.3413543860660866e-05,2.4599833068350563e-06,29739,
959,0.0008038406376726925,3.2582996936980635e-05,2.578004796305322e-06,29749,
959,0.00019252681522630155,2.4793343982310034e-05,1.0140209560915991e-08,29759,
959,,,,29759,0.0009112060070037842
960,0.0008365519461221993,3.372990249772556e-05,2.622438842081465e-06,29769,
960,0.0008387198904529214,3.2417101465398446e-05,2.476255758665502e-06,29779,
960,0.0008904364658519626,3.2019390346249565e-05,2.465210627633496e-06,29789,
960,,,,29790,0.0009131278493441641
961,0.0009152746060863137,2.9719294616370462e-05,2.565645218055579e-06,29799,
961,0.0008576671243645251,3.4584852983243763e-05,2.379443685640581e-06,29809,
961,0.0009252102463506162,3.099556124652736e-05,2.5081553758354858e-06,29819,
961,,,,29821,0.0009641340584494174
962,0.001131130033172667,4.226232340442948e-05,2.671640913831652e-06,29829,
962,0.0008813219028525054,3.689413642860018e-05,2.688482254598057e-06,29839,
962,0.000881101586855948,3.4903503546956927e-05,2.65649896391551e-06,29849,
962,,,,29852,0.000986008788459003
963,0.0008645348716527224,3.265007399022579e-05,2.531855670895311e-06,29859,
963,0.000793036597315222,3.2999396353261545e-05,2.439841182422242e-06,29869,
963,0.0009066977654583752,3.44397485605441e-05,2.6039124350063503e-06,29879,
963,,,,29883,0.0009333609486930072
964,0.0008961112471297383,3.290070890216157e-05,2.428233756290865e-06,29889,
964,0.0008993258234113455,3.35920813085977e-05,2.792587565636495e-06,29899,
964,0.0008054245845414698,3.370066042407416e-05,2.6301370326109463e-06,29909,
964,,,,29914,0.0009877984412014484
965,0.0010237201349809766,3.2801566703710705e-05,2.556244226070703e-06,29919,
965,0.000833910598885268,3.39986254402902e-05,2.6375503239250975e-06,29929,
965,0.0008258261368609965,3.3286854886682704e-05,2.5949866540031508e-06,29939,
965,,,,29945,0.00098323670681566
966,0.0011508965399116278,3.463490793365054e-05,2.643718289618846e-06,29949,
966,0.0008816581685096025,3.536151780281216e-05,2.6950765459332615e-06,29959,
966,0.0008896272629499435,3.4461310860933736e-05,2.620246505102841e-06,29969,
966,,,,29976,0.0009180399356409907
967,0.0010450403206050396,3.2653435482643545e-05,2.5998517685366096e-06,29979,
967,0.0009026197367347777,3.22598971251864e-05,2.688908580239513e-06,29989,
967,0.0007815182907506824,3.18759230140131e-05,2.423818386887433e-06,29999,
967,,,,30007,0.0009340252145193517
968,0.0009975122520700097,3.478584039839916e-05,2.477498128428124e-06,30009,
968,0.0009080602903850377,3.2604319130769e-05,2.5650253974163206e-06,30019,
968,0.0007944311364553869,3.120350811514072e-05,2.4680173282831674e-06,30029,
968,,,,30038,0.001152771175839007
969,0.0011446666903793812,3.610268686315976e-05,2.645365384523757e-06,30039,
969,0.0008914535865187645,3.795347947743721e-05,2.51732990363962e-06,30049,
969,0.0008216300047934055,3.51221278833691e-05,2.6105053620995022e-06,30059,
969,0.00018546893261373043,2.3938744561746716e-05,1.0100944969337888e-08,30069,
969,,,,30069,0.0009173473226837814
970,0.000818614149466157,3.453409226494841e-05,2.637642410263652e-06,30079,
970,0.00081655103713274,3.298333103884943e-05,2.4650148588989396e-06,30089,
970,0.0008242924814112484,3.2302432373398915e-05,2.4879966531443642e-06,30099,
970,,,,30100,0.0009219101048074663
971,0.0008863791590556502,3.073886182392016e-05,2.531353857193608e-06,30109,
971,0.0008375816978514194,3.351996929268353e-05,2.442690174575546e-06,30119,
971,0.0008297634776681662,3.1805902835913e-05,2.443184712319635e-06,30129,
971,,,,30131,0.000905982858967036
972,0.0008200150332413614,3.211485454812646e-05,2.5394770091224927e-06,30139,
972,0.0008147030021063983,3.38325189659372e-05,2.59629700849473e-06,30149,
972,0.0008865342242643237,3.349592225276865e-05,2.5926749458449194e-06,30159,
972,,,,30162,0.0008980638813227415
973,0.0009560803300701082,3.558002572390251e-05,2.5890508368320297e-06,30169,
973,0.000840323104057461,3.3365697163389996e-05,2.460086761857383e-06,30179,
973,0.0008901775581762195,3.6502457078313455e-05,2.5632366487116087e-06,30189,
973,,,,30193,0.0008944017463363707
974,0.0009427068289369345,3.5368953831493855e-05,2.3266504740604432e-06,30199,
974,0.0009009584318846464,3.612028740462847e-05,2.7558678539207904e-06,30209,
974,0.0008005471900105476,3.6667286622105166e-05,2.634025804582052e-06,30219,
974,,,,30224,0.0009155955631285906
975,0.0014230842934921384,3.6218414606992155e-05,2.648073632371961e-06,30229,
975,0.00097756483592093,3.721576285897754e-05,2.69086922344286e-06,30239,
975,0.0008636130369268358,3.632815423770808e-05,2.6043187517643673e-06,30249,
975,,,,30255,0.0012703704414889216
976,0.0012317117070779204,3.8565569411730394e-05,2.61895570474735e-06,30259,
976,0.0008969565969891846,3.550513429217972e-05,2.7356395548849832e-06,30269,
976,0.0008762495708651841,3.580531483748928e-05,2.6609473025018815e-06,30279,
976,,,,30286,0.0009211707510985434
977,0.0009111104882322252,3.337208181619644e-05,2.5981537419283995e-06,30289,
977,0.0008837525965645909,3.3999654988292605e-05,2.711504748731386e-06,30299,
977,0.0007504182285629213,3.441033186390996e-05,2.443717221467523e-06,30309,
977,,,,30317,0.0009297954384237528
978,0.0009288139990530908,3.7617861380567774e-05,2.4750884222157765e-06,30319,
978,0.000881725805811584,3.5505578125594184e-05,2.5052875116671203e-06,30329,
978,0.0007855708245187998,3.3670756238279864e-05,2.4493947421433404e-06,30339,
978,,,,30348,0.0009084626799449325
979,0.0008885452407412231,3.90953391615767e-05,2.561237124609761e-06,30349,
979,0.0008350512944161892,3.643898162408732e-05,2.4626854155940237e-06,30359,
979,0.0007937753107398748,3.66811036656145e-05,2.580030468379846e-06,30369,
979,0.00017537607345730066,2.3083672203938477e-05,9.93107818203498e-09,30379,
979,,,,30379,0.000908218149561435
980,0.0008211475796997547,3.543089042068459e-05,2.6329857973905746e-06,30389,
980,0.0008405277039855719,3.4565000532893464e-05,2.442529194013332e-06,30399,
980,0.0008267047232948244,3.3987544156843796e-05,2.461560598021606e-06,30409,
980,,,,30410,0.0009318506345152855
981,0.0009242790401913226,3.507040310068987e-05,2.5262581857532496e-06,30419,
981,0.0008231298997998238,3.71252499462571e-05,2.4533233045076486e-06,30429,
981,0.0008564909221604466,3.482909232843667e-05,2.4832556846376974e-06,30439,
981,,,,30441,0.0010976059129461646
982,0.0010237020906060934,3.8035748730180785e-05,2.6119946596736554e-06,30449,
982,0.0008287839591503143,3.679445217130706e-05,2.641347691678675e-06,30459,
982,0.0008375190082006156,3.685411866172217e-05,2.6275311029166915e-06,30469,
982,,,,30472,0.0009343723068013787
983,0.0007899758056737483,3.674957770272158e-05,2.5349584120704094e-06,30479,
983,0.0007764291949570179,3.6082779843127355e-05,2.428066409265739e-06,30489,
983,0.0008958037360571325,3.8299462175928056e-05,2.5962935978895985e-06,30499,
983,,,,30503,0.0008807742269709706
984,0.0008180718868970871,3.7184636312304065e-05,2.3526965833298163e-06,30509,
984,0.0008622356690466404,3.660298170871101e-05,2.763514885373297e-06,30519,
984,0.000785746902693063,3.727510920725763e-05,2.593520548543893e-06,30529,
984,,,,30534,0.0008830611477605999
985,0.0010720065329223871,3.498924706946127e-05,2.563143880252028e-06,30539,
985,0.0008073709905147552,3.555994408088736e-05,2.6148150027438533e-06,30549,
985,0.0007947339909151196,3.4967841202160344e-05,2.5658544018369867e-06,30559,
985,,,,30565,0.0009050322114489973
986,0.0010897478787228465,3.741339241969399e-05,2.6117904781131074e-06,30569,
986,0.0008491245680488646,3.9360802475130185e-05,2.6735724532045424e-06,30579,
986,0.0008613129612058401,3.7880749005125836e-05,2.6156137664656853e-06,30589,
986,,,,30596,0.0008815370965749025
987,0.0009335440117865801,3.424474925850518e-05,2.58148429566063e-06,30599,
987,0.0008804815006442368,3.570747867343016e-05,2.66521215053217e-06,30609,
987,0.0007404513889923692,3.610052226576954e-05,2.4088556074275402e-06,30619,
987,,,,30627,0.000887912989128381
988,0.0008699394529685378,3.865348844556138e-05,2.4697728804312646e-06,30629,
988,0.0009398996480740607,3.7444046029122546e-05,2.5679426016722573e-06,30639,
988,0.0007750865770503879,3.51545968442224e-05,2.4456714982079575e-06,30649,
988,,,,30658,0.000893348129466176
989,0.0008735845913179219,3.923579060938209e-05,2.535556859584176e-06,30659,
989,0.0008700558100827038,4.064058521180414e-05,2.4261280486825854e-06,30669,
989,0.0008040003594942391,3.805870801443234e-05,2.5299059416283853e-06,30679,
989,0.0002756162139121443,2.2865866412757896e-05,9.737834538725565e-09,30689,
989,,,,30689,0.0012456763070076704
990,0.0008477139635942876,3.95824717998039e-05,2.6275640720996307e-06,30699,
990,0.0008761250064708292,3.757375088753179e-05,2.4450573619105853e-06,30709,
990,0.0008267588564194739,3.661372102214955e-05,2.47490811489115e-06,30719,
990,,,,30720,0.0008859401568770409
991,0.0008423859835602343,3.444343383307569e-05,2.551234274505987e-06,30729,
991,0.0007873131544329226,3.666009797598235e-05,2.413178435745067e-06,30739,
991,0.0008001527166925371,3.504860433167778e-05,2.4299495180457598e-06,30749,
991,,,,30751,0.0009142771596089005
992,0.000819366134237498,3.730616299435496e-05,2.5739007014635717e-06,30759,
992,0.0008076627855189145,3.68353066733107e-05,2.5851868485915475e-06,30769,
992,0.0008498478564433753,3.6303190427133814e-05,2.5968170120904688e-06,30779,
992,,,,30782,0.0008798001217655838
993,0.0007860316545702517,3.770494004129432e-05,2.524639512557769e-06,30789,
993,0.0007476325845345855,3.589767948142253e-05,2.3978368517418858e-06,30799,
993,0.0008635924314148724,3.72454451280646e-05,2.5655035642557777e-06,30809,
993,,,,30813,0.0008719986071810126
994,0.000837497937027365,3.5843382647726685e-05,2.3354555196419824e-06,30819,
994,0.0008456585928797722,3.651219230960123e-05,2.7605904051597463e-06,30829,
994,0.000799796252977103,3.730024036485702e-05,2.574255859144614e-06,30839,
994,,,,30844,0.00087507045827806
995,0.0012217392213642597,3.7792109651491046e-05,2.6019129109045025e-06,30849,
995,0.000795416533946991,3.700113302329555e-05,2.6260531740263104e-06,30859,
995,0.0007967024575918913,3.624446617322974e-05,2.5343404104205547e-06,30869,
995,,,,30875,0.0008767974213697016
996,0.0009927765931934118,3.744721470866352e-05,2.6169952889176784e-06,30879,
996,0.0008415667107328773,3.768895840039477e-05,2.6696880013332702e-06,30889,
996,0.0007956177578307688,3.797674071392976e-05,2.5532172003295273e-06,30899,
996,,,,30906,0.000883359694853425
997,0.001071340637281537,3.525955980876461e-05,2.639415924932109e-06,30909,
997,0.0008756875176914036,3.858335185213946e-05,2.6652080578060122e-06,30919,
997,0.000755827350076288,3.7559319025604054e-05,2.389597739238525e-06,30929,
997,,,,30937,0.00089678616495803
998,0.000970281776972115,3.759824903681874e-05,2.4351083993678913e-06,30939,
998,0.0008551321225240827,3.753845521714538e-05,2.4875710096239345e-06,30949,
998,0.0007600229582749307,3.5896689951187e-05,2.4280441266455455e-06,30959,
998,,,,30968,0.001194477896206081
999,0.0011868351139128208,3.872773231705651e-05,2.647417886691983e-06,30969,
999,0.0008548620971851051,4.1212162614101544e-05,2.523892590033938e-06,30979,
999,0.0008280379115603864,3.876065602526069e-05,2.612855723782559e-06,30989,
999,0.00018658560293260962,2.185852463298943e-05,9.808850620629528e-09,30999,
999,,,,30999,0.0008891855832189322
